decade,resource,target,absolute,tokens,per_million
1620,lb,amma,0,12158,0.0
1620,lb,barnmorska,0,12158,0.0
1620,lb,baronessa,0,12158,0.0
1620,lb,borgmästarfru,0,12158,0.0
1620,lb,dam,0,12158,0.0
1620,lb,dotter,4,12158,329.0014805066623
1620,lb,drottning,0,12158,0.0
1620,lb,fabriksarbeterska,0,12158,0.0
1620,lb,farmor,0,12158,0.0
1620,lb,feminin,0,12158,0.0
1620,lb,flicka,0,12158,0.0
1620,lb,flickebarn,0,12158,0.0
1620,lb,fnaska,0,12158,0.0
1620,lb,fostermoder,0,12158,0.0
1620,lb,fostermor,0,12158,0.0
1620,lb,friherrinna,0,12158,0.0
1620,lb,fru,0,12158,0.0
1620,lb,fruntimmer,0,12158,0.0
1620,lb,fröken,0,12158,0.0
1620,lb,författarinna,0,12158,0.0
1620,lb,gammal,5,12158,411.2518506333279
1620,lb,gammal gumma,0,12158,0.0
1620,lb,gammelmor,0,12158,0.0
1620,lb,gemål,0,12158,0.0
1620,lb,grevinna,0,12158,0.0
1620,lb,gumma,0,12158,0.0
1620,lb,guvernant,0,12158,0.0
1620,lb,hennes,0,12158,0.0
1620,lb,hertiginna,0,12158,0.0
1620,lb,hjältinna,0,12158,0.0
1620,lb,hjärtevän,0,12158,0.0
1620,lb,hona,0,12158,0.0
1620,lb,honkön,0,12158,0.0
1620,lb,hora,0,12158,0.0
1620,lb,husfru,0,12158,0.0
1620,lb,hushållerska,0,12158,0.0
1620,lb,husmoder,0,12158,0.0
1620,lb,husmor,0,12158,0.0
1620,lb,hustru,5,12158,411.2518506333279
1620,lb,häxa,0,12158,0.0
1620,lb,jungfru,3,12158,246.7511103799967
1620,lb,jänta,0,12158,0.0
1620,lb,jäntunge,0,12158,0.0
1620,lb,kassörska,0,12158,0.0
1620,lb,kejsarinna,0,12158,0.0
1620,lb,kokerska,0,12158,0.0
1620,lb,kokfru,0,12158,0.0
1620,lb,konstnärinna,0,12158,0.0
1620,lb,kontorist,0,12158,0.0
1620,lb,kontorsfröken,0,12158,0.0
1620,lb,kviga,0,12158,0.0
1620,lb,kvinna,0,12158,0.0
1620,lb,kvinnfolk,0,12158,0.0
1620,lb,kvinnlig,0,12158,0.0
1620,lb,kvinnlighet,0,12158,0.0
1620,lb,kvinnokön,0,12158,0.0
1620,lb,kvinnsperson,0,12158,0.0
1620,lb,käring,0,12158,0.0
1620,lb,kärring,0,12158,0.0
1620,lb,landshövdingska,0,12158,0.0
1620,lb,lillflicka,0,12158,0.0
1620,lb,liten,2,12158,164.50074025333114
1620,lb,liten flicka,0,12158,0.0
1620,lb,livskamrat,0,12158,0.0
1620,lb,lärarinna,0,12158,0.0
1620,lb,madam,0,12158,0.0
1620,lb,madame,0,12158,0.0
1620,lb,maka,0,12158,0.0
1620,lb,mamma,0,12158,0.0
1620,lb,mamsell,0,12158,0.0
1620,lb,matmor,0,12158,0.0
1620,lb,moder,0,12158,0.0
1620,lb,moderlig,0,12158,0.0
1620,lb,moderlighet,0,12158,0.0
1620,lb,mor,0,12158,0.0
1620,lb,mormor,0,12158,0.0
1620,lb,mö,0,12158,0.0
1620,lb,piga,0,12158,0.0
1620,lb,poetissa,0,12158,0.0
1620,lb,prinsessa,0,12158,0.0
1620,lb,prostinna,0,12158,0.0
1620,lb,prästfru,0,12158,0.0
1620,lb,quinfolk,0,12158,0.0
1620,lb,quinna,0,12158,0.0
1620,lb,quinnor,0,12158,0.0
1620,lb,qvinfolk,0,12158,0.0
1620,lb,qvinnokön,0,12158,0.0
1620,lb,qvinnor,0,12158,0.0
1620,lb,qvinsperson,0,12158,0.0
1620,lb,ragata,0,12158,0.0
1620,lb,satkärring,0,12158,0.0
1620,lb,sig,33,12158,2714.262214179964
1620,lb,sjuksköterska,0,12158,0.0
1620,lb,själv,0,12158,0.0
1620,lb,skata,0,12158,0.0
1620,lb,skollärarinna,0,12158,0.0
1620,lb,skrivbiträde,0,12158,0.0
1620,lb,skådespelerska,0,12158,0.0
1620,lb,sköka,0,12158,0.0
1620,lb,slampa,0,12158,0.0
1620,lb,slinka,0,12158,0.0
1620,lb,slyna,0,12158,0.0
1620,lb,småflicka,0,12158,0.0
1620,lb,sondotter,0,12158,0.0
1620,lb,spinnerska,0,12158,0.0
1620,lb,styvmor,0,12158,0.0
1620,lb,subba,0,12158,0.0
1620,lb,sugga,0,12158,0.0
1620,lb,svärmor,0,12158,0.0
1620,lb,syster,4,12158,329.0014805066623
1620,lb,systerdotter,0,12158,0.0
1620,lb,sångerska,0,12158,0.0
1620,lb,sömmerska,0,12158,0.0
1620,lb,tant,0,12158,0.0
1620,lb,telefonist,0,12158,0.0
1620,lb,tjej,0,12158,0.0
1620,lb,tjänarinna,0,12158,0.0
1620,lb,trollpacka,0,12158,0.0
1620,lb,tvätterska,0,12158,0.0
1620,lb,tös,0,12158,0.0
1620,lb,tösabit,0,12158,0.0
1620,lb,ungflicka,0,12158,0.0
1620,lb,värdinna,0,12158,0.0
1620,lb,väverska,0,12158,0.0
1620,lb,äkta,0,12158,0.0
1620,lb,äkta maka,0,12158,0.0
1620,lb,änka,0,12158,0.0
1640,lb,amma,2,48209,41.48602957953909
1640,lb,barnmorska,0,48209,0.0
1640,lb,baronessa,0,48209,0.0
1640,lb,borgmästarfru,0,48209,0.0
1640,lb,dam,1,48209,20.743014789769546
1640,lb,dotter,51,48209,1057.893754278247
1640,lb,drottning,0,48209,0.0
1640,lb,fabriksarbeterska,0,48209,0.0
1640,lb,farmor,0,48209,0.0
1640,lb,feminin,0,48209,0.0
1640,lb,flicka,0,48209,0.0
1640,lb,flickebarn,0,48209,0.0
1640,lb,fnaska,1,48209,20.743014789769546
1640,lb,fostermoder,0,48209,0.0
1640,lb,fostermor,0,48209,0.0
1640,lb,friherrinna,0,48209,0.0
1640,lb,fru,0,48209,0.0
1640,lb,fruntimmer,0,48209,0.0
1640,lb,fröken,1,48209,20.743014789769546
1640,lb,författarinna,0,48209,0.0
1640,lb,gammal,8,48209,165.94411831815637
1640,lb,gammal gumma,0,48209,0.0
1640,lb,gammelmor,0,48209,0.0
1640,lb,gemål,1,48209,20.743014789769546
1640,lb,grevinna,0,48209,0.0
1640,lb,gumma,0,48209,0.0
1640,lb,guvernant,0,48209,0.0
1640,lb,hennes,0,48209,0.0
1640,lb,hertiginna,0,48209,0.0
1640,lb,hjältinna,0,48209,0.0
1640,lb,hjärtevän,0,48209,0.0
1640,lb,hona,0,48209,0.0
1640,lb,honkön,0,48209,0.0
1640,lb,hora,2,48209,41.48602957953909
1640,lb,husfru,0,48209,0.0
1640,lb,hushållerska,0,48209,0.0
1640,lb,husmoder,0,48209,0.0
1640,lb,husmor,0,48209,0.0
1640,lb,hustru,2,48209,41.48602957953909
1640,lb,häxa,0,48209,0.0
1640,lb,jungfru,2,48209,41.48602957953909
1640,lb,jänta,0,48209,0.0
1640,lb,jäntunge,0,48209,0.0
1640,lb,kassörska,0,48209,0.0
1640,lb,kejsarinna,0,48209,0.0
1640,lb,kokerska,0,48209,0.0
1640,lb,kokfru,0,48209,0.0
1640,lb,konstnärinna,0,48209,0.0
1640,lb,kontorist,0,48209,0.0
1640,lb,kontorsfröken,0,48209,0.0
1640,lb,kviga,0,48209,0.0
1640,lb,kvinna,0,48209,0.0
1640,lb,kvinnfolk,0,48209,0.0
1640,lb,kvinnlig,0,48209,0.0
1640,lb,kvinnlighet,0,48209,0.0
1640,lb,kvinnokön,0,48209,0.0
1640,lb,kvinnsperson,0,48209,0.0
1640,lb,käring,6,48209,124.45808873861728
1640,lb,kärring,0,48209,0.0
1640,lb,landshövdingska,0,48209,0.0
1640,lb,lillflicka,0,48209,0.0
1640,lb,liten,12,48209,248.91617747723456
1640,lb,liten flicka,0,48209,0.0
1640,lb,livskamrat,0,48209,0.0
1640,lb,lärarinna,0,48209,0.0
1640,lb,madam,0,48209,0.0
1640,lb,madame,0,48209,0.0
1640,lb,maka,3,48209,62.22904436930864
1640,lb,mamma,0,48209,0.0
1640,lb,mamsell,0,48209,0.0
1640,lb,matmor,0,48209,0.0
1640,lb,moder,1,48209,20.743014789769546
1640,lb,moderlig,0,48209,0.0
1640,lb,moderlighet,0,48209,0.0
1640,lb,mor,5,48209,103.71507394884773
1640,lb,mormor,0,48209,0.0
1640,lb,mö,0,48209,0.0
1640,lb,piga,0,48209,0.0
1640,lb,poetissa,0,48209,0.0
1640,lb,prinsessa,0,48209,0.0
1640,lb,prostinna,0,48209,0.0
1640,lb,prästfru,0,48209,0.0
1640,lb,quinfolk,0,48209,0.0
1640,lb,quinna,0,48209,0.0
1640,lb,quinnor,0,48209,0.0
1640,lb,qvinfolk,0,48209,0.0
1640,lb,qvinnokön,0,48209,0.0
1640,lb,qvinnor,0,48209,0.0
1640,lb,qvinsperson,0,48209,0.0
1640,lb,ragata,0,48209,0.0
1640,lb,satkärring,0,48209,0.0
1640,lb,sig,228,48209,4729.407372067456
1640,lb,sjuksköterska,0,48209,0.0
1640,lb,själv,0,48209,0.0
1640,lb,skata,0,48209,0.0
1640,lb,skollärarinna,0,48209,0.0
1640,lb,skrivbiträde,0,48209,0.0
1640,lb,skådespelerska,0,48209,0.0
1640,lb,sköka,0,48209,0.0
1640,lb,slampa,0,48209,0.0
1640,lb,slinka,0,48209,0.0
1640,lb,slyna,0,48209,0.0
1640,lb,småflicka,0,48209,0.0
1640,lb,sondotter,0,48209,0.0
1640,lb,spinnerska,0,48209,0.0
1640,lb,styvmor,0,48209,0.0
1640,lb,subba,0,48209,0.0
1640,lb,sugga,0,48209,0.0
1640,lb,svärmor,0,48209,0.0
1640,lb,syster,12,48209,248.91617747723456
1640,lb,systerdotter,0,48209,0.0
1640,lb,sångerska,0,48209,0.0
1640,lb,sömmerska,0,48209,0.0
1640,lb,tant,0,48209,0.0
1640,lb,telefonist,0,48209,0.0
1640,lb,tjej,0,48209,0.0
1640,lb,tjänarinna,0,48209,0.0
1640,lb,trollpacka,0,48209,0.0
1640,lb,tvätterska,0,48209,0.0
1640,lb,tös,0,48209,0.0
1640,lb,tösabit,0,48209,0.0
1640,lb,ungflicka,0,48209,0.0
1640,lb,värdinna,0,48209,0.0
1640,lb,väverska,0,48209,0.0
1640,lb,äkta,0,48209,0.0
1640,lb,äkta maka,0,48209,0.0
1640,lb,änka,0,48209,0.0
1700,lb,amma,13,1796708,7.2354550655977485
1700,lb,barnmorska,0,1796708,0.0
1700,lb,baronessa,0,1796708,0.0
1700,lb,borgmästarfru,0,1796708,0.0
1700,lb,dam,3,1796708,1.6697203997533265
1700,lb,dotter,770,1796708,428.5615692700205
1700,lb,drottning,91,1796708,50.64818545918424
1700,lb,fabriksarbeterska,0,1796708,0.0
1700,lb,farmor,0,1796708,0.0
1700,lb,feminin,0,1796708,0.0
1700,lb,flicka,0,1796708,0.0
1700,lb,flickebarn,0,1796708,0.0
1700,lb,fnaska,0,1796708,0.0
1700,lb,fostermoder,0,1796708,0.0
1700,lb,fostermor,0,1796708,0.0
1700,lb,friherrinna,0,1796708,0.0
1700,lb,fru,14,1796708,7.792028532182191
1700,lb,fruntimmer,0,1796708,0.0
1700,lb,fröken,0,1796708,0.0
1700,lb,författarinna,0,1796708,0.0
1700,lb,gammal,841,1796708,468.0782853975159
1700,lb,gammal gumma,0,1796708,0.0
1700,lb,gammelmor,0,1796708,0.0
1700,lb,gemål,1,1796708,0.5565734665844422
1700,lb,grevinna,0,1796708,0.0
1700,lb,gumma,0,1796708,0.0
1700,lb,guvernant,0,1796708,0.0
1700,lb,hennes,0,1796708,0.0
1700,lb,hertiginna,0,1796708,0.0
1700,lb,hjältinna,0,1796708,0.0
1700,lb,hjärtevän,0,1796708,0.0
1700,lb,hona,0,1796708,0.0
1700,lb,honkön,0,1796708,0.0
1700,lb,hora,9,1796708,5.00916119925998
1700,lb,husfru,0,1796708,0.0
1700,lb,hushållerska,0,1796708,0.0
1700,lb,husmoder,0,1796708,0.0
1700,lb,husmor,0,1796708,0.0
1700,lb,hustru,956,1796708,532.0842340547267
1700,lb,häxa,0,1796708,0.0
1700,lb,jungfru,115,1796708,64.00594865721085
1700,lb,jänta,0,1796708,0.0
1700,lb,jäntunge,0,1796708,0.0
1700,lb,kassörska,0,1796708,0.0
1700,lb,kejsarinna,0,1796708,0.0
1700,lb,kokerska,1,1796708,0.5565734665844422
1700,lb,kokfru,0,1796708,0.0
1700,lb,konstnärinna,0,1796708,0.0
1700,lb,kontorist,0,1796708,0.0
1700,lb,kontorsfröken,0,1796708,0.0
1700,lb,kviga,0,1796708,0.0
1700,lb,kvinna,0,1796708,0.0
1700,lb,kvinnfolk,0,1796708,0.0
1700,lb,kvinnlig,0,1796708,0.0
1700,lb,kvinnlighet,0,1796708,0.0
1700,lb,kvinnokön,0,1796708,0.0
1700,lb,kvinnsperson,0,1796708,0.0
1700,lb,käring,0,1796708,0.0
1700,lb,kärring,0,1796708,0.0
1700,lb,landshövdingska,0,1796708,0.0
1700,lb,lillflicka,0,1796708,0.0
1700,lb,liten,494,1796708,274.94729249271444
1700,lb,liten flicka,0,1796708,0.0
1700,lb,livskamrat,0,1796708,0.0
1700,lb,lärarinna,0,1796708,0.0
1700,lb,madam,0,1796708,0.0
1700,lb,madame,0,1796708,0.0
1700,lb,maka,5,1796708,2.782867332922211
1700,lb,mamma,0,1796708,0.0
1700,lb,mamsell,0,1796708,0.0
1700,lb,matmor,0,1796708,0.0
1700,lb,moder,383,1796708,213.16763770184136
1700,lb,moderlig,1,1796708,0.5565734665844422
1700,lb,moderlighet,0,1796708,0.0
1700,lb,mor,383,1796708,213.16763770184136
1700,lb,mormor,0,1796708,0.0
1700,lb,mö,0,1796708,0.0
1700,lb,piga,56,1796708,31.168114128728764
1700,lb,poetissa,0,1796708,0.0
1700,lb,prinsessa,0,1796708,0.0
1700,lb,prostinna,0,1796708,0.0
1700,lb,prästfru,0,1796708,0.0
1700,lb,quinfolk,0,1796708,0.0
1700,lb,quinna,0,1796708,0.0
1700,lb,quinnor,0,1796708,0.0
1700,lb,qvinfolk,0,1796708,0.0
1700,lb,qvinnokön,0,1796708,0.0
1700,lb,qvinnor,0,1796708,0.0
1700,lb,qvinsperson,0,1796708,0.0
1700,lb,ragata,0,1796708,0.0
1700,lb,satkärring,0,1796708,0.0
1700,lb,sig,8073,1796708,4493.217595736202
1700,lb,sjuksköterska,0,1796708,0.0
1700,lb,själv,0,1796708,0.0
1700,lb,skata,2,1796708,1.1131469331688844
1700,lb,skollärarinna,0,1796708,0.0
1700,lb,skrivbiträde,0,1796708,0.0
1700,lb,skådespelerska,0,1796708,0.0
1700,lb,sköka,0,1796708,0.0
1700,lb,slampa,0,1796708,0.0
1700,lb,slinka,0,1796708,0.0
1700,lb,slyna,0,1796708,0.0
1700,lb,småflicka,0,1796708,0.0
1700,lb,sondotter,0,1796708,0.0
1700,lb,spinnerska,0,1796708,0.0
1700,lb,styvmor,0,1796708,0.0
1700,lb,subba,0,1796708,0.0
1700,lb,sugga,0,1796708,0.0
1700,lb,svärmor,0,1796708,0.0
1700,lb,syster,172,1796708,95.73063625252406
1700,lb,systerdotter,0,1796708,0.0
1700,lb,sångerska,5,1796708,2.782867332922211
1700,lb,sömmerska,0,1796708,0.0
1700,lb,tant,0,1796708,0.0
1700,lb,telefonist,0,1796708,0.0
1700,lb,tjej,0,1796708,0.0
1700,lb,tjänarinna,0,1796708,0.0
1700,lb,trollpacka,0,1796708,0.0
1700,lb,tvätterska,0,1796708,0.0
1700,lb,tös,0,1796708,0.0
1700,lb,tösabit,0,1796708,0.0
1700,lb,ungflicka,0,1796708,0.0
1700,lb,värdinna,0,1796708,0.0
1700,lb,väverska,0,1796708,0.0
1700,lb,äkta,0,1796708,0.0
1700,lb,äkta maka,0,1796708,0.0
1700,lb,änka,0,1796708,0.0
1710,lb,amma,1,64639,15.470536363495722
1710,lb,barnmorska,0,64639,0.0
1710,lb,baronessa,0,64639,0.0
1710,lb,borgmästarfru,0,64639,0.0
1710,lb,dam,0,64639,0.0
1710,lb,dotter,22,64639,340.35179999690587
1710,lb,drottning,3,64639,46.41160909048717
1710,lb,fabriksarbeterska,0,64639,0.0
1710,lb,farmor,0,64639,0.0
1710,lb,feminin,0,64639,0.0
1710,lb,flicka,6,64639,92.82321818097434
1710,lb,flickebarn,0,64639,0.0
1710,lb,fnaska,0,64639,0.0
1710,lb,fostermoder,0,64639,0.0
1710,lb,fostermor,0,64639,0.0
1710,lb,friherrinna,0,64639,0.0
1710,lb,fru,54,64639,835.408963628769
1710,lb,fruntimmer,0,64639,0.0
1710,lb,fröken,3,64639,46.41160909048717
1710,lb,författarinna,0,64639,0.0
1710,lb,gammal,33,64639,510.52769999535883
1710,lb,gammal gumma,0,64639,0.0
1710,lb,gammelmor,0,64639,0.0
1710,lb,gemål,1,64639,15.470536363495722
1710,lb,grevinna,0,64639,0.0
1710,lb,gumma,0,64639,0.0
1710,lb,guvernant,0,64639,0.0
1710,lb,hennes,0,64639,0.0
1710,lb,hertiginna,0,64639,0.0
1710,lb,hjältinna,1,64639,15.470536363495722
1710,lb,hjärtevän,0,64639,0.0
1710,lb,hona,0,64639,0.0
1710,lb,honkön,0,64639,0.0
1710,lb,hora,0,64639,0.0
1710,lb,husfru,0,64639,0.0
1710,lb,hushållerska,0,64639,0.0
1710,lb,husmoder,0,64639,0.0
1710,lb,husmor,0,64639,0.0
1710,lb,hustru,28,64639,433.17501817788025
1710,lb,häxa,0,64639,0.0
1710,lb,jungfru,11,64639,170.17589999845293
1710,lb,jänta,0,64639,0.0
1710,lb,jäntunge,0,64639,0.0
1710,lb,kassörska,0,64639,0.0
1710,lb,kejsarinna,0,64639,0.0
1710,lb,kokerska,0,64639,0.0
1710,lb,kokfru,0,64639,0.0
1710,lb,konstnärinna,0,64639,0.0
1710,lb,kontorist,0,64639,0.0
1710,lb,kontorsfröken,0,64639,0.0
1710,lb,kviga,0,64639,0.0
1710,lb,kvinna,0,64639,0.0
1710,lb,kvinnfolk,0,64639,0.0
1710,lb,kvinnlig,0,64639,0.0
1710,lb,kvinnlighet,0,64639,0.0
1710,lb,kvinnokön,0,64639,0.0
1710,lb,kvinnsperson,0,64639,0.0
1710,lb,käring,0,64639,0.0
1710,lb,kärring,0,64639,0.0
1710,lb,landshövdingska,0,64639,0.0
1710,lb,lillflicka,0,64639,0.0
1710,lb,liten,88,64639,1361.4071999876235
1710,lb,liten flicka,0,64639,0.0
1710,lb,livskamrat,0,64639,0.0
1710,lb,lärarinna,0,64639,0.0
1710,lb,madam,0,64639,0.0
1710,lb,madame,0,64639,0.0
1710,lb,maka,36,64639,556.939309085846
1710,lb,mamma,1,64639,15.470536363495722
1710,lb,mamsell,0,64639,0.0
1710,lb,matmor,0,64639,0.0
1710,lb,moder,5,64639,77.35268181747861
1710,lb,moderlig,0,64639,0.0
1710,lb,moderlighet,0,64639,0.0
1710,lb,mor,19,64639,293.9401909064187
1710,lb,mormor,0,64639,0.0
1710,lb,mö,0,64639,0.0
1710,lb,piga,0,64639,0.0
1710,lb,poetissa,0,64639,0.0
1710,lb,prinsessa,0,64639,0.0
1710,lb,prostinna,0,64639,0.0
1710,lb,prästfru,0,64639,0.0
1710,lb,quinfolk,0,64639,0.0
1710,lb,quinna,0,64639,0.0
1710,lb,quinnor,0,64639,0.0
1710,lb,qvinfolk,0,64639,0.0
1710,lb,qvinnokön,0,64639,0.0
1710,lb,qvinnor,0,64639,0.0
1710,lb,qvinsperson,0,64639,0.0
1710,lb,ragata,0,64639,0.0
1710,lb,satkärring,0,64639,0.0
1710,lb,sig,680,64639,10519.964727177092
1710,lb,sjuksköterska,0,64639,0.0
1710,lb,själv,0,64639,0.0
1710,lb,skata,0,64639,0.0
1710,lb,skollärarinna,0,64639,0.0
1710,lb,skrivbiträde,0,64639,0.0
1710,lb,skådespelerska,0,64639,0.0
1710,lb,sköka,0,64639,0.0
1710,lb,slampa,0,64639,0.0
1710,lb,slinka,0,64639,0.0
1710,lb,slyna,0,64639,0.0
1710,lb,småflicka,0,64639,0.0
1710,lb,sondotter,0,64639,0.0
1710,lb,spinnerska,0,64639,0.0
1710,lb,styvmor,0,64639,0.0
1710,lb,subba,0,64639,0.0
1710,lb,sugga,0,64639,0.0
1710,lb,svärmor,0,64639,0.0
1710,lb,syster,12,64639,185.64643636194867
1710,lb,systerdotter,0,64639,0.0
1710,lb,sångerska,0,64639,0.0
1710,lb,sömmerska,0,64639,0.0
1710,lb,tant,0,64639,0.0
1710,lb,telefonist,0,64639,0.0
1710,lb,tjej,0,64639,0.0
1710,lb,tjänarinna,0,64639,0.0
1710,lb,trollpacka,0,64639,0.0
1710,lb,tvätterska,0,64639,0.0
1710,lb,tös,0,64639,0.0
1710,lb,tösabit,0,64639,0.0
1710,lb,ungflicka,0,64639,0.0
1710,lb,värdinna,0,64639,0.0
1710,lb,väverska,0,64639,0.0
1710,lb,äkta,1,64639,15.470536363495722
1710,lb,äkta maka,0,64639,0.0
1710,lb,änka,1,64639,15.470536363495722
1730,lb,amma,0,33381,0.0
1730,lb,barnmorska,0,33381,0.0
1730,lb,baronessa,0,33381,0.0
1730,lb,borgmästarfru,0,33381,0.0
1730,lb,dam,0,33381,0.0
1730,lb,dotter,2,33381,59.914322518798116
1730,lb,drottning,13,33381,389.44309637218777
1730,lb,fabriksarbeterska,0,33381,0.0
1730,lb,farmor,0,33381,0.0
1730,lb,feminin,0,33381,0.0
1730,lb,flicka,1,33381,29.957161259399058
1730,lb,flickebarn,0,33381,0.0
1730,lb,fnaska,0,33381,0.0
1730,lb,fostermoder,0,33381,0.0
1730,lb,fostermor,0,33381,0.0
1730,lb,friherrinna,0,33381,0.0
1730,lb,fru,18,33381,539.2289026691831
1730,lb,fruntimmer,0,33381,0.0
1730,lb,fröken,5,33381,149.7858062969953
1730,lb,författarinna,0,33381,0.0
1730,lb,gammal,8,33381,239.65729007519246
1730,lb,gammal gumma,0,33381,0.0
1730,lb,gammelmor,0,33381,0.0
1730,lb,gemål,0,33381,0.0
1730,lb,grevinna,0,33381,0.0
1730,lb,gumma,0,33381,0.0
1730,lb,guvernant,0,33381,0.0
1730,lb,hennes,0,33381,0.0
1730,lb,hertiginna,1,33381,29.957161259399058
1730,lb,hjältinna,0,33381,0.0
1730,lb,hjärtevän,0,33381,0.0
1730,lb,hona,0,33381,0.0
1730,lb,honkön,0,33381,0.0
1730,lb,hora,0,33381,0.0
1730,lb,husfru,0,33381,0.0
1730,lb,hushållerska,0,33381,0.0
1730,lb,husmoder,0,33381,0.0
1730,lb,husmor,0,33381,0.0
1730,lb,hustru,0,33381,0.0
1730,lb,häxa,0,33381,0.0
1730,lb,jungfru,3,33381,89.87148377819717
1730,lb,jänta,0,33381,0.0
1730,lb,jäntunge,0,33381,0.0
1730,lb,kassörska,0,33381,0.0
1730,lb,kejsarinna,0,33381,0.0
1730,lb,kokerska,0,33381,0.0
1730,lb,kokfru,0,33381,0.0
1730,lb,konstnärinna,0,33381,0.0
1730,lb,kontorist,0,33381,0.0
1730,lb,kontorsfröken,0,33381,0.0
1730,lb,kviga,0,33381,0.0
1730,lb,kvinna,0,33381,0.0
1730,lb,kvinnfolk,0,33381,0.0
1730,lb,kvinnlig,0,33381,0.0
1730,lb,kvinnlighet,0,33381,0.0
1730,lb,kvinnokön,0,33381,0.0
1730,lb,kvinnsperson,0,33381,0.0
1730,lb,käring,0,33381,0.0
1730,lb,kärring,0,33381,0.0
1730,lb,landshövdingska,0,33381,0.0
1730,lb,lillflicka,0,33381,0.0
1730,lb,liten,38,33381,1138.3721278571643
1730,lb,liten flicka,0,33381,0.0
1730,lb,livskamrat,0,33381,0.0
1730,lb,lärarinna,0,33381,0.0
1730,lb,madam,0,33381,0.0
1730,lb,madame,0,33381,0.0
1730,lb,maka,12,33381,359.4859351127887
1730,lb,mamma,0,33381,0.0
1730,lb,mamsell,0,33381,0.0
1730,lb,matmor,0,33381,0.0
1730,lb,moder,4,33381,119.82864503759623
1730,lb,moderlig,0,33381,0.0
1730,lb,moderlighet,0,33381,0.0
1730,lb,mor,6,33381,179.74296755639435
1730,lb,mormor,0,33381,0.0
1730,lb,mö,1,33381,29.957161259399058
1730,lb,piga,1,33381,29.957161259399058
1730,lb,poetissa,0,33381,0.0
1730,lb,prinsessa,0,33381,0.0
1730,lb,prostinna,0,33381,0.0
1730,lb,prästfru,0,33381,0.0
1730,lb,quinfolk,0,33381,0.0
1730,lb,quinna,0,33381,0.0
1730,lb,quinnor,0,33381,0.0
1730,lb,qvinfolk,0,33381,0.0
1730,lb,qvinnokön,0,33381,0.0
1730,lb,qvinnor,0,33381,0.0
1730,lb,qvinsperson,0,33381,0.0
1730,lb,ragata,0,33381,0.0
1730,lb,satkärring,0,33381,0.0
1730,lb,sig,326,33381,9766.034570564094
1730,lb,sjuksköterska,0,33381,0.0
1730,lb,själv,0,33381,0.0
1730,lb,skata,0,33381,0.0
1730,lb,skollärarinna,0,33381,0.0
1730,lb,skrivbiträde,0,33381,0.0
1730,lb,skådespelerska,0,33381,0.0
1730,lb,sköka,0,33381,0.0
1730,lb,slampa,0,33381,0.0
1730,lb,slinka,0,33381,0.0
1730,lb,slyna,0,33381,0.0
1730,lb,småflicka,0,33381,0.0
1730,lb,sondotter,0,33381,0.0
1730,lb,spinnerska,0,33381,0.0
1730,lb,styvmor,0,33381,0.0
1730,lb,subba,0,33381,0.0
1730,lb,sugga,0,33381,0.0
1730,lb,svärmor,0,33381,0.0
1730,lb,syster,1,33381,29.957161259399058
1730,lb,systerdotter,0,33381,0.0
1730,lb,sångerska,0,33381,0.0
1730,lb,sömmerska,0,33381,0.0
1730,lb,tant,0,33381,0.0
1730,lb,telefonist,0,33381,0.0
1730,lb,tjej,0,33381,0.0
1730,lb,tjänarinna,0,33381,0.0
1730,lb,trollpacka,0,33381,0.0
1730,lb,tvätterska,0,33381,0.0
1730,lb,tös,0,33381,0.0
1730,lb,tösabit,0,33381,0.0
1730,lb,ungflicka,0,33381,0.0
1730,lb,värdinna,0,33381,0.0
1730,lb,väverska,0,33381,0.0
1730,lb,äkta,0,33381,0.0
1730,lb,äkta maka,0,33381,0.0
1730,lb,änka,5,33381,149.7858062969953
1740,lb,amma,0,47561,0.0
1740,lb,barnmorska,0,47561,0.0
1740,lb,baronessa,0,47561,0.0
1740,lb,borgmästarfru,0,47561,0.0
1740,lb,dam,0,47561,0.0
1740,lb,dotter,14,47561,294.3588234057316
1740,lb,drottning,1,47561,21.02563024326654
1740,lb,fabriksarbeterska,0,47561,0.0
1740,lb,farmor,1,47561,21.02563024326654
1740,lb,feminin,0,47561,0.0
1740,lb,flicka,26,47561,546.66638632493
1740,lb,flickebarn,0,47561,0.0
1740,lb,fnaska,0,47561,0.0
1740,lb,fostermoder,0,47561,0.0
1740,lb,fostermor,0,47561,0.0
1740,lb,friherrinna,0,47561,0.0
1740,lb,fru,260,47561,5466.6638632493
1740,lb,fruntimmer,2,47561,42.05126048653308
1740,lb,fröken,109,47561,2291.793696516053
1740,lb,författarinna,0,47561,0.0
1740,lb,gammal,41,47561,862.0508399739282
1740,lb,gammal gumma,0,47561,0.0
1740,lb,gammelmor,0,47561,0.0
1740,lb,gemål,0,47561,0.0
1740,lb,grevinna,0,47561,0.0
1740,lb,gumma,0,47561,0.0
1740,lb,guvernant,0,47561,0.0
1740,lb,hennes,0,47561,0.0
1740,lb,hertiginna,0,47561,0.0
1740,lb,hjältinna,0,47561,0.0
1740,lb,hjärtevän,0,47561,0.0
1740,lb,hona,0,47561,0.0
1740,lb,honkön,0,47561,0.0
1740,lb,hora,0,47561,0.0
1740,lb,husfru,0,47561,0.0
1740,lb,hushållerska,0,47561,0.0
1740,lb,husmoder,0,47561,0.0
1740,lb,husmor,0,47561,0.0
1740,lb,hustru,13,47561,273.333193162465
1740,lb,häxa,0,47561,0.0
1740,lb,jungfru,12,47561,252.3075629191985
1740,lb,jänta,0,47561,0.0
1740,lb,jäntunge,0,47561,0.0
1740,lb,kassörska,0,47561,0.0
1740,lb,kejsarinna,0,47561,0.0
1740,lb,kokerska,1,47561,21.02563024326654
1740,lb,kokfru,0,47561,0.0
1740,lb,konstnärinna,0,47561,0.0
1740,lb,kontorist,0,47561,0.0
1740,lb,kontorsfröken,0,47561,0.0
1740,lb,kviga,0,47561,0.0
1740,lb,kvinna,0,47561,0.0
1740,lb,kvinnfolk,0,47561,0.0
1740,lb,kvinnlig,0,47561,0.0
1740,lb,kvinnlighet,0,47561,0.0
1740,lb,kvinnokön,0,47561,0.0
1740,lb,kvinnsperson,0,47561,0.0
1740,lb,käring,0,47561,0.0
1740,lb,kärring,0,47561,0.0
1740,lb,landshövdingska,0,47561,0.0
1740,lb,lillflicka,0,47561,0.0
1740,lb,liten,73,47561,1534.8710077584576
1740,lb,liten flicka,0,47561,0.0
1740,lb,livskamrat,0,47561,0.0
1740,lb,lärarinna,0,47561,0.0
1740,lb,madam,0,47561,0.0
1740,lb,madame,0,47561,0.0
1740,lb,maka,0,47561,0.0
1740,lb,mamma,0,47561,0.0
1740,lb,mamsell,0,47561,0.0
1740,lb,matmor,0,47561,0.0
1740,lb,moder,3,47561,63.07689072979962
1740,lb,moderlig,0,47561,0.0
1740,lb,moderlighet,0,47561,0.0
1740,lb,mor,11,47561,231.28193267593196
1740,lb,mormor,0,47561,0.0
1740,lb,mö,0,47561,0.0
1740,lb,piga,3,47561,63.07689072979962
1740,lb,poetissa,0,47561,0.0
1740,lb,prinsessa,0,47561,0.0
1740,lb,prostinna,0,47561,0.0
1740,lb,prästfru,0,47561,0.0
1740,lb,quinfolk,0,47561,0.0
1740,lb,quinna,0,47561,0.0
1740,lb,quinnor,0,47561,0.0
1740,lb,qvinfolk,0,47561,0.0
1740,lb,qvinnokön,0,47561,0.0
1740,lb,qvinnor,0,47561,0.0
1740,lb,qvinsperson,0,47561,0.0
1740,lb,ragata,0,47561,0.0
1740,lb,satkärring,0,47561,0.0
1740,lb,sig,260,47561,5466.6638632493
1740,lb,sjuksköterska,0,47561,0.0
1740,lb,själv,0,47561,0.0
1740,lb,skata,0,47561,0.0
1740,lb,skollärarinna,0,47561,0.0
1740,lb,skrivbiträde,0,47561,0.0
1740,lb,skådespelerska,0,47561,0.0
1740,lb,sköka,0,47561,0.0
1740,lb,slampa,0,47561,0.0
1740,lb,slinka,0,47561,0.0
1740,lb,slyna,0,47561,0.0
1740,lb,småflicka,0,47561,0.0
1740,lb,sondotter,0,47561,0.0
1740,lb,spinnerska,0,47561,0.0
1740,lb,styvmor,0,47561,0.0
1740,lb,subba,0,47561,0.0
1740,lb,sugga,0,47561,0.0
1740,lb,svärmor,0,47561,0.0
1740,lb,syster,8,47561,168.20504194613233
1740,lb,systerdotter,0,47561,0.0
1740,lb,sångerska,0,47561,0.0
1740,lb,sömmerska,0,47561,0.0
1740,lb,tant,0,47561,0.0
1740,lb,telefonist,0,47561,0.0
1740,lb,tjej,0,47561,0.0
1740,lb,tjänarinna,0,47561,0.0
1740,lb,trollpacka,0,47561,0.0
1740,lb,tvätterska,0,47561,0.0
1740,lb,tös,0,47561,0.0
1740,lb,tösabit,0,47561,0.0
1740,lb,ungflicka,0,47561,0.0
1740,lb,värdinna,0,47561,0.0
1740,lb,väverska,0,47561,0.0
1740,lb,äkta,0,47561,0.0
1740,lb,äkta maka,0,47561,0.0
1740,lb,änka,3,47561,63.07689072979962
1750,lb,amma,4,1095966,3.649748258613862
1750,lb,barnmorska,0,1095966,0.0
1750,lb,baronessa,0,1095966,0.0
1750,lb,borgmästarfru,0,1095966,0.0
1750,lb,dam,6,1095966,5.474622387920793
1750,lb,dotter,10,1095966,9.124370646534656
1750,lb,drottning,22,1095966,20.073615422376243
1750,lb,fabriksarbeterska,0,1095966,0.0
1750,lb,farmor,2,1095966,1.824874129306931
1750,lb,feminin,0,1095966,0.0
1750,lb,flicka,33,1095966,30.110423133564364
1750,lb,flickebarn,0,1095966,0.0
1750,lb,fnaska,0,1095966,0.0
1750,lb,fostermoder,0,1095966,0.0
1750,lb,fostermor,0,1095966,0.0
1750,lb,friherrinna,0,1095966,0.0
1750,lb,fru,35,1095966,31.935297262871295
1750,lb,fruntimmer,1,1095966,0.9124370646534655
1750,lb,fröken,4,1095966,3.649748258613862
1750,lb,författarinna,0,1095966,0.0
1750,lb,gammal,70,1095966,63.87059452574259
1750,lb,gammal gumma,0,1095966,0.0
1750,lb,gammelmor,0,1095966,0.0
1750,lb,gemål,11,1095966,10.036807711188121
1750,lb,grevinna,0,1095966,0.0
1750,lb,gumma,10,1095966,9.124370646534656
1750,lb,guvernant,0,1095966,0.0
1750,lb,hennes,0,1095966,0.0
1750,lb,hertiginna,0,1095966,0.0
1750,lb,hjältinna,0,1095966,0.0
1750,lb,hjärtevän,0,1095966,0.0
1750,lb,hona,0,1095966,0.0
1750,lb,honkön,0,1095966,0.0
1750,lb,hora,1,1095966,0.9124370646534655
1750,lb,husfru,0,1095966,0.0
1750,lb,hushållerska,0,1095966,0.0
1750,lb,husmoder,0,1095966,0.0
1750,lb,husmor,0,1095966,0.0
1750,lb,hustru,8,1095966,7.299496517227724
1750,lb,häxa,0,1095966,0.0
1750,lb,jungfru,2,1095966,1.824874129306931
1750,lb,jänta,0,1095966,0.0
1750,lb,jäntunge,0,1095966,0.0
1750,lb,kassörska,0,1095966,0.0
1750,lb,kejsarinna,0,1095966,0.0
1750,lb,kokerska,0,1095966,0.0
1750,lb,kokfru,0,1095966,0.0
1750,lb,konstnärinna,0,1095966,0.0
1750,lb,kontorist,0,1095966,0.0
1750,lb,kontorsfröken,0,1095966,0.0
1750,lb,kviga,0,1095966,0.0
1750,lb,kvinna,0,1095966,0.0
1750,lb,kvinnfolk,0,1095966,0.0
1750,lb,kvinnlig,0,1095966,0.0
1750,lb,kvinnlighet,0,1095966,0.0
1750,lb,kvinnokön,0,1095966,0.0
1750,lb,kvinnsperson,0,1095966,0.0
1750,lb,käring,1,1095966,0.9124370646534655
1750,lb,kärring,0,1095966,0.0
1750,lb,landshövdingska,0,1095966,0.0
1750,lb,lillflicka,0,1095966,0.0
1750,lb,liten,215,1095966,196.17396890049508
1750,lb,liten flicka,0,1095966,0.0
1750,lb,livskamrat,0,1095966,0.0
1750,lb,lärarinna,0,1095966,0.0
1750,lb,madam,0,1095966,0.0
1750,lb,madame,0,1095966,0.0
1750,lb,maka,3,1095966,2.7373111939603967
1750,lb,mamma,5,1095966,4.562185323267328
1750,lb,mamsell,0,1095966,0.0
1750,lb,matmor,0,1095966,0.0
1750,lb,moder,11,1095966,10.036807711188121
1750,lb,moderlig,0,1095966,0.0
1750,lb,moderlighet,0,1095966,0.0
1750,lb,mor,37,1095966,33.76017139217822
1750,lb,mormor,0,1095966,0.0
1750,lb,mö,3,1095966,2.7373111939603967
1750,lb,piga,2,1095966,1.824874129306931
1750,lb,poetissa,0,1095966,0.0
1750,lb,prinsessa,12,1095966,10.949244775841587
1750,lb,prostinna,0,1095966,0.0
1750,lb,prästfru,0,1095966,0.0
1750,lb,quinfolk,0,1095966,0.0
1750,lb,quinna,0,1095966,0.0
1750,lb,quinnor,0,1095966,0.0
1750,lb,qvinfolk,0,1095966,0.0
1750,lb,qvinnokön,0,1095966,0.0
1750,lb,qvinnor,0,1095966,0.0
1750,lb,qvinsperson,0,1095966,0.0
1750,lb,ragata,0,1095966,0.0
1750,lb,satkärring,0,1095966,0.0
1750,lb,sig,1355,1095966,1236.3522226054458
1750,lb,sjuksköterska,0,1095966,0.0
1750,lb,själv,0,1095966,0.0
1750,lb,skata,1,1095966,0.9124370646534655
1750,lb,skollärarinna,0,1095966,0.0
1750,lb,skrivbiträde,0,1095966,0.0
1750,lb,skådespelerska,0,1095966,0.0
1750,lb,sköka,0,1095966,0.0
1750,lb,slampa,0,1095966,0.0
1750,lb,slinka,0,1095966,0.0
1750,lb,slyna,0,1095966,0.0
1750,lb,småflicka,0,1095966,0.0
1750,lb,sondotter,0,1095966,0.0
1750,lb,spinnerska,0,1095966,0.0
1750,lb,styvmor,0,1095966,0.0
1750,lb,subba,0,1095966,0.0
1750,lb,sugga,0,1095966,0.0
1750,lb,svärmor,0,1095966,0.0
1750,lb,syster,7,1095966,6.387059452574259
1750,lb,systerdotter,0,1095966,0.0
1750,lb,sångerska,0,1095966,0.0
1750,lb,sömmerska,0,1095966,0.0
1750,lb,tant,111,1095966,101.28051417653468
1750,lb,telefonist,0,1095966,0.0
1750,lb,tjej,0,1095966,0.0
1750,lb,tjänarinna,0,1095966,0.0
1750,lb,trollpacka,0,1095966,0.0
1750,lb,tvätterska,0,1095966,0.0
1750,lb,tös,0,1095966,0.0
1750,lb,tösabit,0,1095966,0.0
1750,lb,ungflicka,0,1095966,0.0
1750,lb,värdinna,0,1095966,0.0
1750,lb,väverska,0,1095966,0.0
1750,lb,äkta,1,1095966,0.9124370646534655
1750,lb,äkta maka,0,1095966,0.0
1750,lb,änka,2,1095966,1.824874129306931
1760,lb,amma,0,24422,0.0
1760,lb,barnmorska,0,24422,0.0
1760,lb,baronessa,0,24422,0.0
1760,lb,borgmästarfru,0,24422,0.0
1760,lb,dam,0,24422,0.0
1760,lb,dotter,1,24422,40.94668741298829
1760,lb,drottning,0,24422,0.0
1760,lb,fabriksarbeterska,0,24422,0.0
1760,lb,farmor,0,24422,0.0
1760,lb,feminin,0,24422,0.0
1760,lb,flicka,1,24422,40.94668741298829
1760,lb,flickebarn,0,24422,0.0
1760,lb,fnaska,0,24422,0.0
1760,lb,fostermoder,0,24422,0.0
1760,lb,fostermor,0,24422,0.0
1760,lb,friherrinna,0,24422,0.0
1760,lb,fru,0,24422,0.0
1760,lb,fruntimmer,0,24422,0.0
1760,lb,fröken,0,24422,0.0
1760,lb,författarinna,0,24422,0.0
1760,lb,gammal,13,24422,532.3069363688478
1760,lb,gammal gumma,0,24422,0.0
1760,lb,gammelmor,0,24422,0.0
1760,lb,gemål,0,24422,0.0
1760,lb,grevinna,0,24422,0.0
1760,lb,gumma,1,24422,40.94668741298829
1760,lb,guvernant,0,24422,0.0
1760,lb,hennes,0,24422,0.0
1760,lb,hertiginna,0,24422,0.0
1760,lb,hjältinna,0,24422,0.0
1760,lb,hjärtevän,0,24422,0.0
1760,lb,hona,1,24422,40.94668741298829
1760,lb,honkön,0,24422,0.0
1760,lb,hora,0,24422,0.0
1760,lb,husfru,0,24422,0.0
1760,lb,hushållerska,0,24422,0.0
1760,lb,husmoder,0,24422,0.0
1760,lb,husmor,0,24422,0.0
1760,lb,hustru,0,24422,0.0
1760,lb,häxa,0,24422,0.0
1760,lb,jungfru,0,24422,0.0
1760,lb,jänta,0,24422,0.0
1760,lb,jäntunge,0,24422,0.0
1760,lb,kassörska,0,24422,0.0
1760,lb,kejsarinna,0,24422,0.0
1760,lb,kokerska,0,24422,0.0
1760,lb,kokfru,0,24422,0.0
1760,lb,konstnärinna,0,24422,0.0
1760,lb,kontorist,0,24422,0.0
1760,lb,kontorsfröken,0,24422,0.0
1760,lb,kviga,0,24422,0.0
1760,lb,kvinna,0,24422,0.0
1760,lb,kvinnfolk,0,24422,0.0
1760,lb,kvinnlig,0,24422,0.0
1760,lb,kvinnlighet,0,24422,0.0
1760,lb,kvinnokön,0,24422,0.0
1760,lb,kvinnsperson,0,24422,0.0
1760,lb,käring,0,24422,0.0
1760,lb,kärring,0,24422,0.0
1760,lb,landshövdingska,0,24422,0.0
1760,lb,lillflicka,0,24422,0.0
1760,lb,liten,51,24422,2088.2810580624027
1760,lb,liten flicka,0,24422,0.0
1760,lb,livskamrat,0,24422,0.0
1760,lb,lärarinna,0,24422,0.0
1760,lb,madam,0,24422,0.0
1760,lb,madame,0,24422,0.0
1760,lb,maka,1,24422,40.94668741298829
1760,lb,mamma,0,24422,0.0
1760,lb,mamsell,0,24422,0.0
1760,lb,matmor,0,24422,0.0
1760,lb,moder,0,24422,0.0
1760,lb,moderlig,0,24422,0.0
1760,lb,moderlighet,0,24422,0.0
1760,lb,mor,2,24422,81.89337482597658
1760,lb,mormor,0,24422,0.0
1760,lb,mö,0,24422,0.0
1760,lb,piga,0,24422,0.0
1760,lb,poetissa,0,24422,0.0
1760,lb,prinsessa,0,24422,0.0
1760,lb,prostinna,0,24422,0.0
1760,lb,prästfru,0,24422,0.0
1760,lb,quinfolk,0,24422,0.0
1760,lb,quinna,0,24422,0.0
1760,lb,quinnor,0,24422,0.0
1760,lb,qvinfolk,0,24422,0.0
1760,lb,qvinnokön,0,24422,0.0
1760,lb,qvinnor,0,24422,0.0
1760,lb,qvinsperson,0,24422,0.0
1760,lb,ragata,0,24422,0.0
1760,lb,satkärring,0,24422,0.0
1760,lb,sig,213,24422,8721.644418966505
1760,lb,sjuksköterska,0,24422,0.0
1760,lb,själv,0,24422,0.0
1760,lb,skata,0,24422,0.0
1760,lb,skollärarinna,0,24422,0.0
1760,lb,skrivbiträde,0,24422,0.0
1760,lb,skådespelerska,0,24422,0.0
1760,lb,sköka,0,24422,0.0
1760,lb,slampa,0,24422,0.0
1760,lb,slinka,0,24422,0.0
1760,lb,slyna,0,24422,0.0
1760,lb,småflicka,0,24422,0.0
1760,lb,sondotter,0,24422,0.0
1760,lb,spinnerska,0,24422,0.0
1760,lb,styvmor,0,24422,0.0
1760,lb,subba,0,24422,0.0
1760,lb,sugga,0,24422,0.0
1760,lb,svärmor,0,24422,0.0
1760,lb,syster,0,24422,0.0
1760,lb,systerdotter,0,24422,0.0
1760,lb,sångerska,0,24422,0.0
1760,lb,sömmerska,0,24422,0.0
1760,lb,tant,0,24422,0.0
1760,lb,telefonist,0,24422,0.0
1760,lb,tjej,0,24422,0.0
1760,lb,tjänarinna,0,24422,0.0
1760,lb,trollpacka,0,24422,0.0
1760,lb,tvätterska,0,24422,0.0
1760,lb,tös,0,24422,0.0
1760,lb,tösabit,0,24422,0.0
1760,lb,ungflicka,0,24422,0.0
1760,lb,värdinna,0,24422,0.0
1760,lb,väverska,0,24422,0.0
1760,lb,äkta,3,24422,122.84006223896486
1760,lb,äkta maka,0,24422,0.0
1760,lb,änka,0,24422,0.0
1770,lb,amma,3,69907,42.91415738051983
1770,lb,barnmorska,0,69907,0.0
1770,lb,baronessa,0,69907,0.0
1770,lb,borgmästarfru,0,69907,0.0
1770,lb,dam,4,69907,57.21887650735978
1770,lb,dotter,1,69907,14.304719126839945
1770,lb,drottning,1,69907,14.304719126839945
1770,lb,fabriksarbeterska,0,69907,0.0
1770,lb,farmor,0,69907,0.0
1770,lb,feminin,0,69907,0.0
1770,lb,flicka,8,69907,114.43775301471956
1770,lb,flickebarn,0,69907,0.0
1770,lb,fnaska,0,69907,0.0
1770,lb,fostermoder,0,69907,0.0
1770,lb,fostermor,0,69907,0.0
1770,lb,friherrinna,0,69907,0.0
1770,lb,fru,8,69907,114.43775301471956
1770,lb,fruntimmer,1,69907,14.304719126839945
1770,lb,fröken,0,69907,0.0
1770,lb,författarinna,0,69907,0.0
1770,lb,gammal,23,69907,329.0085399173187
1770,lb,gammal gumma,0,69907,0.0
1770,lb,gammelmor,0,69907,0.0
1770,lb,gemål,0,69907,0.0
1770,lb,grevinna,0,69907,0.0
1770,lb,gumma,1,69907,14.304719126839945
1770,lb,guvernant,0,69907,0.0
1770,lb,hennes,0,69907,0.0
1770,lb,hertiginna,0,69907,0.0
1770,lb,hjältinna,0,69907,0.0
1770,lb,hjärtevän,0,69907,0.0
1770,lb,hona,1,69907,14.304719126839945
1770,lb,honkön,0,69907,0.0
1770,lb,hora,0,69907,0.0
1770,lb,husfru,0,69907,0.0
1770,lb,hushållerska,0,69907,0.0
1770,lb,husmoder,0,69907,0.0
1770,lb,husmor,0,69907,0.0
1770,lb,hustru,3,69907,42.91415738051983
1770,lb,häxa,0,69907,0.0
1770,lb,jungfru,1,69907,14.304719126839945
1770,lb,jänta,0,69907,0.0
1770,lb,jäntunge,0,69907,0.0
1770,lb,kassörska,0,69907,0.0
1770,lb,kejsarinna,0,69907,0.0
1770,lb,kokerska,0,69907,0.0
1770,lb,kokfru,0,69907,0.0
1770,lb,konstnärinna,0,69907,0.0
1770,lb,kontorist,0,69907,0.0
1770,lb,kontorsfröken,0,69907,0.0
1770,lb,kviga,0,69907,0.0
1770,lb,kvinna,0,69907,0.0
1770,lb,kvinnfolk,0,69907,0.0
1770,lb,kvinnlig,0,69907,0.0
1770,lb,kvinnlighet,0,69907,0.0
1770,lb,kvinnokön,0,69907,0.0
1770,lb,kvinnsperson,0,69907,0.0
1770,lb,käring,0,69907,0.0
1770,lb,kärring,0,69907,0.0
1770,lb,landshövdingska,0,69907,0.0
1770,lb,lillflicka,0,69907,0.0
1770,lb,liten,58,69907,829.6737093567168
1770,lb,liten flicka,0,69907,0.0
1770,lb,livskamrat,0,69907,0.0
1770,lb,lärarinna,0,69907,0.0
1770,lb,madam,0,69907,0.0
1770,lb,madame,0,69907,0.0
1770,lb,maka,3,69907,42.91415738051983
1770,lb,mamma,0,69907,0.0
1770,lb,mamsell,0,69907,0.0
1770,lb,matmor,0,69907,0.0
1770,lb,moder,2,69907,28.60943825367989
1770,lb,moderlig,0,69907,0.0
1770,lb,moderlighet,0,69907,0.0
1770,lb,mor,8,69907,114.43775301471956
1770,lb,mormor,0,69907,0.0
1770,lb,mö,1,69907,14.304719126839945
1770,lb,piga,4,69907,57.21887650735978
1770,lb,poetissa,0,69907,0.0
1770,lb,prinsessa,0,69907,0.0
1770,lb,prostinna,0,69907,0.0
1770,lb,prästfru,0,69907,0.0
1770,lb,quinfolk,0,69907,0.0
1770,lb,quinna,0,69907,0.0
1770,lb,quinnor,0,69907,0.0
1770,lb,qvinfolk,0,69907,0.0
1770,lb,qvinnokön,0,69907,0.0
1770,lb,qvinnor,0,69907,0.0
1770,lb,qvinsperson,0,69907,0.0
1770,lb,ragata,0,69907,0.0
1770,lb,satkärring,0,69907,0.0
1770,lb,sig,596,69907,8525.612599596607
1770,lb,sjuksköterska,0,69907,0.0
1770,lb,själv,0,69907,0.0
1770,lb,skata,0,69907,0.0
1770,lb,skollärarinna,0,69907,0.0
1770,lb,skrivbiträde,0,69907,0.0
1770,lb,skådespelerska,0,69907,0.0
1770,lb,sköka,0,69907,0.0
1770,lb,slampa,0,69907,0.0
1770,lb,slinka,0,69907,0.0
1770,lb,slyna,0,69907,0.0
1770,lb,småflicka,0,69907,0.0
1770,lb,sondotter,0,69907,0.0
1770,lb,spinnerska,0,69907,0.0
1770,lb,styvmor,0,69907,0.0
1770,lb,subba,0,69907,0.0
1770,lb,sugga,0,69907,0.0
1770,lb,svärmor,0,69907,0.0
1770,lb,syster,3,69907,42.91415738051983
1770,lb,systerdotter,0,69907,0.0
1770,lb,sångerska,0,69907,0.0
1770,lb,sömmerska,0,69907,0.0
1770,lb,tant,1,69907,14.304719126839945
1770,lb,telefonist,0,69907,0.0
1770,lb,tjej,0,69907,0.0
1770,lb,tjänarinna,0,69907,0.0
1770,lb,trollpacka,0,69907,0.0
1770,lb,tvätterska,0,69907,0.0
1770,lb,tös,0,69907,0.0
1770,lb,tösabit,0,69907,0.0
1770,lb,ungflicka,0,69907,0.0
1770,lb,värdinna,0,69907,0.0
1770,lb,väverska,0,69907,0.0
1770,lb,äkta,0,69907,0.0
1770,lb,äkta maka,0,69907,0.0
1770,lb,änka,0,69907,0.0
1780,lb,amma,0,48621,0.0
1780,lb,barnmorska,0,48621,0.0
1780,lb,baronessa,0,48621,0.0
1780,lb,borgmästarfru,0,48621,0.0
1780,lb,dam,0,48621,0.0
1780,lb,dotter,4,48621,82.26897842496041
1780,lb,drottning,3,48621,61.70173381872031
1780,lb,fabriksarbeterska,0,48621,0.0
1780,lb,farmor,0,48621,0.0
1780,lb,feminin,0,48621,0.0
1780,lb,flicka,6,48621,123.40346763744061
1780,lb,flickebarn,0,48621,0.0
1780,lb,fnaska,0,48621,0.0
1780,lb,fostermoder,0,48621,0.0
1780,lb,fostermor,0,48621,0.0
1780,lb,friherrinna,0,48621,0.0
1780,lb,fru,4,48621,82.26897842496041
1780,lb,fruntimmer,0,48621,0.0
1780,lb,fröken,0,48621,0.0
1780,lb,författarinna,0,48621,0.0
1780,lb,gammal,17,48621,349.6431583060817
1780,lb,gammal gumma,0,48621,0.0
1780,lb,gammelmor,0,48621,0.0
1780,lb,gemål,1,48621,20.567244606240102
1780,lb,grevinna,0,48621,0.0
1780,lb,gumma,0,48621,0.0
1780,lb,guvernant,0,48621,0.0
1780,lb,hennes,0,48621,0.0
1780,lb,hertiginna,0,48621,0.0
1780,lb,hjältinna,0,48621,0.0
1780,lb,hjärtevän,0,48621,0.0
1780,lb,hona,0,48621,0.0
1780,lb,honkön,0,48621,0.0
1780,lb,hora,0,48621,0.0
1780,lb,husfru,0,48621,0.0
1780,lb,hushållerska,0,48621,0.0
1780,lb,husmoder,0,48621,0.0
1780,lb,husmor,0,48621,0.0
1780,lb,hustru,0,48621,0.0
1780,lb,häxa,0,48621,0.0
1780,lb,jungfru,0,48621,0.0
1780,lb,jänta,0,48621,0.0
1780,lb,jäntunge,0,48621,0.0
1780,lb,kassörska,0,48621,0.0
1780,lb,kejsarinna,0,48621,0.0
1780,lb,kokerska,0,48621,0.0
1780,lb,kokfru,0,48621,0.0
1780,lb,konstnärinna,0,48621,0.0
1780,lb,kontorist,0,48621,0.0
1780,lb,kontorsfröken,0,48621,0.0
1780,lb,kviga,0,48621,0.0
1780,lb,kvinna,0,48621,0.0
1780,lb,kvinnfolk,0,48621,0.0
1780,lb,kvinnlig,0,48621,0.0
1780,lb,kvinnlighet,0,48621,0.0
1780,lb,kvinnokön,0,48621,0.0
1780,lb,kvinnsperson,0,48621,0.0
1780,lb,käring,0,48621,0.0
1780,lb,kärring,0,48621,0.0
1780,lb,landshövdingska,0,48621,0.0
1780,lb,lillflicka,0,48621,0.0
1780,lb,liten,27,48621,555.3156043684828
1780,lb,liten flicka,0,48621,0.0
1780,lb,livskamrat,0,48621,0.0
1780,lb,lärarinna,0,48621,0.0
1780,lb,madam,0,48621,0.0
1780,lb,madame,0,48621,0.0
1780,lb,maka,5,48621,102.8362230312005
1780,lb,mamma,0,48621,0.0
1780,lb,mamsell,0,48621,0.0
1780,lb,matmor,0,48621,0.0
1780,lb,moder,4,48621,82.26897842496041
1780,lb,moderlig,0,48621,0.0
1780,lb,moderlighet,0,48621,0.0
1780,lb,mor,8,48621,164.53795684992082
1780,lb,mormor,0,48621,0.0
1780,lb,mö,0,48621,0.0
1780,lb,piga,1,48621,20.567244606240102
1780,lb,poetissa,0,48621,0.0
1780,lb,prinsessa,0,48621,0.0
1780,lb,prostinna,0,48621,0.0
1780,lb,prästfru,0,48621,0.0
1780,lb,quinfolk,0,48621,0.0
1780,lb,quinna,0,48621,0.0
1780,lb,quinnor,0,48621,0.0
1780,lb,qvinfolk,0,48621,0.0
1780,lb,qvinnokön,0,48621,0.0
1780,lb,qvinnor,0,48621,0.0
1780,lb,qvinsperson,0,48621,0.0
1780,lb,ragata,0,48621,0.0
1780,lb,satkärring,0,48621,0.0
1780,lb,sig,290,48621,5964.5009358096295
1780,lb,sjuksköterska,0,48621,0.0
1780,lb,själv,0,48621,0.0
1780,lb,skata,0,48621,0.0
1780,lb,skollärarinna,0,48621,0.0
1780,lb,skrivbiträde,0,48621,0.0
1780,lb,skådespelerska,0,48621,0.0
1780,lb,sköka,0,48621,0.0
1780,lb,slampa,0,48621,0.0
1780,lb,slinka,0,48621,0.0
1780,lb,slyna,0,48621,0.0
1780,lb,småflicka,0,48621,0.0
1780,lb,sondotter,0,48621,0.0
1780,lb,spinnerska,0,48621,0.0
1780,lb,styvmor,0,48621,0.0
1780,lb,subba,0,48621,0.0
1780,lb,sugga,0,48621,0.0
1780,lb,svärmor,0,48621,0.0
1780,lb,syster,1,48621,20.567244606240102
1780,lb,systerdotter,0,48621,0.0
1780,lb,sångerska,0,48621,0.0
1780,lb,sömmerska,0,48621,0.0
1780,lb,tant,1,48621,20.567244606240102
1780,lb,telefonist,0,48621,0.0
1780,lb,tjej,0,48621,0.0
1780,lb,tjänarinna,0,48621,0.0
1780,lb,trollpacka,0,48621,0.0
1780,lb,tvätterska,0,48621,0.0
1780,lb,tös,0,48621,0.0
1780,lb,tösabit,0,48621,0.0
1780,lb,ungflicka,0,48621,0.0
1780,lb,värdinna,0,48621,0.0
1780,lb,väverska,0,48621,0.0
1780,lb,äkta,0,48621,0.0
1780,lb,äkta maka,0,48621,0.0
1780,lb,änka,0,48621,0.0
1790,lb,amma,43,789177,54.487142934981634
1790,lb,barnmorska,0,789177,0.0
1790,lb,baronessa,0,789177,0.0
1790,lb,borgmästarfru,0,789177,0.0
1790,lb,dam,45,789177,57.02142865288776
1790,lb,dotter,75,789177,95.0357144214796
1790,lb,drottning,102,789177,129.24857161321225
1790,lb,fabriksarbeterska,0,789177,0.0
1790,lb,farmor,0,789177,0.0
1790,lb,feminin,0,789177,0.0
1790,lb,flicka,91,789177,115.31000016472858
1790,lb,flickebarn,0,789177,0.0
1790,lb,fnaska,0,789177,0.0
1790,lb,fostermoder,0,789177,0.0
1790,lb,fostermor,0,789177,0.0
1790,lb,friherrinna,0,789177,0.0
1790,lb,fru,158,789177,200.20857171458368
1790,lb,fruntimmer,84,789177,106.44000015205714
1790,lb,fröken,27,789177,34.21285719173265
1790,lb,författarinna,0,789177,0.0
1790,lb,gammal,360,789177,456.17142922310205
1790,lb,gammal gumma,2,789177,2.5342857179061227
1790,lb,gammelmor,0,789177,0.0
1790,lb,gemål,9,789177,11.40428573057755
1790,lb,grevinna,0,789177,0.0
1790,lb,gumma,10,789177,12.671428589530612
1790,lb,guvernant,0,789177,0.0
1790,lb,hennes,0,789177,0.0
1790,lb,hertiginna,0,789177,0.0
1790,lb,hjältinna,0,789177,0.0
1790,lb,hjärtevän,0,789177,0.0
1790,lb,hona,2,789177,2.5342857179061227
1790,lb,honkön,0,789177,0.0
1790,lb,hora,3,789177,3.8014285768591836
1790,lb,husfru,0,789177,0.0
1790,lb,hushållerska,0,789177,0.0
1790,lb,husmoder,0,789177,0.0
1790,lb,husmor,0,789177,0.0
1790,lb,hustru,33,789177,41.81571434545102
1790,lb,häxa,0,789177,0.0
1790,lb,jungfru,21,789177,26.610000038014284
1790,lb,jänta,0,789177,0.0
1790,lb,jäntunge,0,789177,0.0
1790,lb,kassörska,0,789177,0.0
1790,lb,kejsarinna,5,789177,6.335714294765306
1790,lb,kokerska,0,789177,0.0
1790,lb,kokfru,0,789177,0.0
1790,lb,konstnärinna,0,789177,0.0
1790,lb,kontorist,0,789177,0.0
1790,lb,kontorsfröken,0,789177,0.0
1790,lb,kviga,0,789177,0.0
1790,lb,kvinna,0,789177,0.0
1790,lb,kvinnfolk,0,789177,0.0
1790,lb,kvinnlig,0,789177,0.0
1790,lb,kvinnlighet,0,789177,0.0
1790,lb,kvinnokön,0,789177,0.0
1790,lb,kvinnsperson,0,789177,0.0
1790,lb,käring,2,789177,2.5342857179061227
1790,lb,kärring,1,789177,1.2671428589530613
1790,lb,landshövdingska,0,789177,0.0
1790,lb,lillflicka,0,789177,0.0
1790,lb,liten,1186,789177,1502.8314307183307
1790,lb,liten flicka,2,789177,2.5342857179061227
1790,lb,livskamrat,0,789177,0.0
1790,lb,lärarinna,0,789177,0.0
1790,lb,madam,0,789177,0.0
1790,lb,madame,6,789177,7.602857153718367
1790,lb,maka,44,789177,55.75428579393469
1790,lb,mamma,4,789177,5.068571435812245
1790,lb,mamsell,0,789177,0.0
1790,lb,matmor,2,789177,2.5342857179061227
1790,lb,moder,24,789177,30.41142861487347
1790,lb,moderlig,4,789177,5.068571435812245
1790,lb,moderlighet,0,789177,0.0
1790,lb,mor,70,789177,88.70000012671429
1790,lb,mormor,1,789177,1.2671428589530613
1790,lb,mö,10,789177,12.671428589530612
1790,lb,piga,9,789177,11.40428573057755
1790,lb,poetissa,0,789177,0.0
1790,lb,prinsessa,22,789177,27.877142896967346
1790,lb,prostinna,0,789177,0.0
1790,lb,prästfru,0,789177,0.0
1790,lb,quinfolk,0,789177,0.0
1790,lb,quinna,0,789177,0.0
1790,lb,quinnor,0,789177,0.0
1790,lb,qvinfolk,0,789177,0.0
1790,lb,qvinnokön,0,789177,0.0
1790,lb,qvinnor,0,789177,0.0
1790,lb,qvinsperson,0,789177,0.0
1790,lb,ragata,0,789177,0.0
1790,lb,satkärring,0,789177,0.0
1790,lb,sig,2154,789177,2729.425718184894
1790,lb,sjuksköterska,0,789177,0.0
1790,lb,själv,0,789177,0.0
1790,lb,skata,0,789177,0.0
1790,lb,skollärarinna,0,789177,0.0
1790,lb,skrivbiträde,0,789177,0.0
1790,lb,skådespelerska,0,789177,0.0
1790,lb,sköka,1,789177,1.2671428589530613
1790,lb,slampa,0,789177,0.0
1790,lb,slinka,1,789177,1.2671428589530613
1790,lb,slyna,0,789177,0.0
1790,lb,småflicka,0,789177,0.0
1790,lb,sondotter,0,789177,0.0
1790,lb,spinnerska,0,789177,0.0
1790,lb,styvmor,0,789177,0.0
1790,lb,subba,0,789177,0.0
1790,lb,sugga,1,789177,1.2671428589530613
1790,lb,svärmor,0,789177,0.0
1790,lb,syster,30,789177,38.01428576859184
1790,lb,systerdotter,1,789177,1.2671428589530613
1790,lb,sångerska,0,789177,0.0
1790,lb,sömmerska,0,789177,0.0
1790,lb,tant,8,789177,10.13714287162449
1790,lb,telefonist,0,789177,0.0
1790,lb,tjej,0,789177,0.0
1790,lb,tjänarinna,0,789177,0.0
1790,lb,trollpacka,0,789177,0.0
1790,lb,tvätterska,0,789177,0.0
1790,lb,tös,2,789177,2.5342857179061227
1790,lb,tösabit,0,789177,0.0
1790,lb,ungflicka,0,789177,0.0
1790,lb,värdinna,2,789177,2.5342857179061227
1790,lb,väverska,0,789177,0.0
1790,lb,äkta,24,789177,30.41142861487347
1790,lb,äkta maka,0,789177,0.0
1790,lb,änka,0,789177,0.0
1800,lb,amma,9,736942,12.212630030585853
1800,lb,barnmorska,1,736942,1.356958892287317
1800,lb,baronessa,1,736942,1.356958892287317
1800,lb,borgmästarfru,0,736942,0.0
1800,lb,dam,32,736942,43.422684553194145
1800,lb,dotter,64,736942,86.84536910638829
1800,lb,drottning,69,736942,93.63016356782488
1800,lb,fabriksarbeterska,0,736942,0.0
1800,lb,farmor,1,736942,1.356958892287317
1800,lb,feminin,0,736942,0.0
1800,lb,flicka,137,736942,185.90336824336242
1800,lb,flickebarn,0,736942,0.0
1800,lb,fnaska,1,736942,1.356958892287317
1800,lb,fostermoder,0,736942,0.0
1800,lb,fostermor,1,736942,1.356958892287317
1800,lb,friherrinna,0,736942,0.0
1800,lb,fru,86,736942,116.69846473670927
1800,lb,fruntimmer,82,736942,111.27062916756
1800,lb,fröken,52,736942,70.56186239894049
1800,lb,författarinna,0,736942,0.0
1800,lb,gammal,419,736942,568.5657758683858
1800,lb,gammal gumma,5,736942,6.784794461436586
1800,lb,gammelmor,0,736942,0.0
1800,lb,gemål,13,736942,17.640465599735123
1800,lb,grevinna,0,736942,0.0
1800,lb,gumma,40,736942,54.278355691492685
1800,lb,guvernant,0,736942,0.0
1800,lb,hennes,0,736942,0.0
1800,lb,hertiginna,1,736942,1.356958892287317
1800,lb,hjältinna,0,736942,0.0
1800,lb,hjärtevän,0,736942,0.0
1800,lb,hona,4,736942,5.427835569149268
1800,lb,honkön,0,736942,0.0
1800,lb,hora,6,736942,8.141753353723903
1800,lb,husfru,0,736942,0.0
1800,lb,hushållerska,3,736942,4.0708766768619515
1800,lb,husmoder,0,736942,0.0
1800,lb,husmor,3,736942,4.0708766768619515
1800,lb,hustru,40,736942,54.278355691492685
1800,lb,häxa,0,736942,0.0
1800,lb,jungfru,14,736942,18.99742449202244
1800,lb,jänta,0,736942,0.0
1800,lb,jäntunge,0,736942,0.0
1800,lb,kassörska,0,736942,0.0
1800,lb,kejsarinna,82,736942,111.27062916756
1800,lb,kokerska,1,736942,1.356958892287317
1800,lb,kokfru,0,736942,0.0
1800,lb,konstnärinna,0,736942,0.0
1800,lb,kontorist,0,736942,0.0
1800,lb,kontorsfröken,0,736942,0.0
1800,lb,kviga,0,736942,0.0
1800,lb,kvinna,0,736942,0.0
1800,lb,kvinnfolk,0,736942,0.0
1800,lb,kvinnlig,0,736942,0.0
1800,lb,kvinnlighet,0,736942,0.0
1800,lb,kvinnokön,0,736942,0.0
1800,lb,kvinnsperson,0,736942,0.0
1800,lb,käring,1,736942,1.356958892287317
1800,lb,kärring,0,736942,0.0
1800,lb,landshövdingska,0,736942,0.0
1800,lb,lillflicka,0,736942,0.0
1800,lb,liten,1399,736942,1898.3854903099566
1800,lb,liten flicka,1,736942,1.356958892287317
1800,lb,livskamrat,0,736942,0.0
1800,lb,lärarinna,0,736942,0.0
1800,lb,madam,0,736942,0.0
1800,lb,madame,0,736942,0.0
1800,lb,maka,29,736942,39.351807876332195
1800,lb,mamma,3,736942,4.0708766768619515
1800,lb,mamsell,1,736942,1.356958892287317
1800,lb,matmor,1,736942,1.356958892287317
1800,lb,moder,46,736942,62.420109045216584
1800,lb,moderlig,5,736942,6.784794461436586
1800,lb,moderlighet,0,736942,0.0
1800,lb,mor,100,736942,135.69588922873172
1800,lb,mormor,0,736942,0.0
1800,lb,mö,7,736942,9.49871224601122
1800,lb,piga,14,736942,18.99742449202244
1800,lb,poetissa,0,736942,0.0
1800,lb,prinsessa,48,736942,65.13402682979122
1800,lb,prostinna,0,736942,0.0
1800,lb,prästfru,0,736942,0.0
1800,lb,quinfolk,0,736942,0.0
1800,lb,quinna,0,736942,0.0
1800,lb,quinnor,0,736942,0.0
1800,lb,qvinfolk,0,736942,0.0
1800,lb,qvinnokön,0,736942,0.0
1800,lb,qvinnor,6,736942,8.141753353723903
1800,lb,qvinsperson,0,736942,0.0
1800,lb,ragata,0,736942,0.0
1800,lb,satkärring,0,736942,0.0
1800,lb,sig,4458,736942,6049.322741816859
1800,lb,sjuksköterska,0,736942,0.0
1800,lb,själv,0,736942,0.0
1800,lb,skata,0,736942,0.0
1800,lb,skollärarinna,0,736942,0.0
1800,lb,skrivbiträde,0,736942,0.0
1800,lb,skådespelerska,0,736942,0.0
1800,lb,sköka,1,736942,1.356958892287317
1800,lb,slampa,0,736942,0.0
1800,lb,slinka,0,736942,0.0
1800,lb,slyna,0,736942,0.0
1800,lb,småflicka,0,736942,0.0
1800,lb,sondotter,0,736942,0.0
1800,lb,spinnerska,0,736942,0.0
1800,lb,styvmor,0,736942,0.0
1800,lb,subba,0,736942,0.0
1800,lb,sugga,0,736942,0.0
1800,lb,svärmor,0,736942,0.0
1800,lb,syster,49,736942,66.49098572207853
1800,lb,systerdotter,0,736942,0.0
1800,lb,sångerska,1,736942,1.356958892287317
1800,lb,sömmerska,0,736942,0.0
1800,lb,tant,6,736942,8.141753353723903
1800,lb,telefonist,0,736942,0.0
1800,lb,tjej,0,736942,0.0
1800,lb,tjänarinna,0,736942,0.0
1800,lb,trollpacka,0,736942,0.0
1800,lb,tvätterska,1,736942,1.356958892287317
1800,lb,tös,0,736942,0.0
1800,lb,tösabit,0,736942,0.0
1800,lb,ungflicka,0,736942,0.0
1800,lb,värdinna,3,736942,4.0708766768619515
1800,lb,väverska,0,736942,0.0
1800,lb,äkta,4,736942,5.427835569149268
1800,lb,äkta maka,0,736942,0.0
1800,lb,änka,0,736942,0.0
1810,lb,amma,12,1369393,8.763006675220335
1810,lb,barnmorska,1,1369393,0.7302505562683612
1810,lb,baronessa,0,1369393,0.0
1810,lb,borgmästarfru,0,1369393,0.0
1810,lb,dam,79,1369393,57.689793945200535
1810,lb,dotter,155,1369393,113.18883622159599
1810,lb,drottning,106,1369393,77.40655896444629
1810,lb,fabriksarbeterska,0,1369393,0.0
1810,lb,farmor,2,1369393,1.4605011125367224
1810,lb,feminin,2,1369393,1.4605011125367224
1810,lb,flicka,137,1369393,100.04432620876548
1810,lb,flickebarn,0,1369393,0.0
1810,lb,fnaska,0,1369393,0.0
1810,lb,fostermoder,0,1369393,0.0
1810,lb,fostermor,2,1369393,1.4605011125367224
1810,lb,friherrinna,0,1369393,0.0
1810,lb,fru,318,1369393,232.21967689333889
1810,lb,fruntimmer,106,1369393,77.40655896444629
1810,lb,fröken,45,1369393,32.86127503207626
1810,lb,författarinna,5,1369393,3.6512527813418063
1810,lb,gammal,929,1369393,678.4027667733076
1810,lb,gammal gumma,0,1369393,0.0
1810,lb,gammelmor,0,1369393,0.0
1810,lb,gemål,13,1369393,9.493257231488696
1810,lb,grevinna,0,1369393,0.0
1810,lb,gumma,66,1369393,48.19653671371184
1810,lb,guvernant,4,1369393,2.921002225073445
1810,lb,hennes,0,1369393,0.0
1810,lb,hertiginna,7,1369393,5.111753893878529
1810,lb,hjältinna,0,1369393,0.0
1810,lb,hjärtevän,0,1369393,0.0
1810,lb,hona,3,1369393,2.190751668805084
1810,lb,honkön,0,1369393,0.0
1810,lb,hora,6,1369393,4.381503337610168
1810,lb,husfru,0,1369393,0.0
1810,lb,hushållerska,8,1369393,5.84200445014689
1810,lb,husmoder,0,1369393,0.0
1810,lb,husmor,0,1369393,0.0
1810,lb,hustru,101,1369393,73.75530618310448
1810,lb,häxa,0,1369393,0.0
1810,lb,jungfru,26,1369393,18.986514462977393
1810,lb,jänta,0,1369393,0.0
1810,lb,jäntunge,0,1369393,0.0
1810,lb,kassörska,0,1369393,0.0
1810,lb,kejsarinna,22,1369393,16.065512237903945
1810,lb,kokerska,4,1369393,2.921002225073445
1810,lb,kokfru,0,1369393,0.0
1810,lb,konstnärinna,0,1369393,0.0
1810,lb,kontorist,1,1369393,0.7302505562683612
1810,lb,kontorsfröken,0,1369393,0.0
1810,lb,kviga,0,1369393,0.0
1810,lb,kvinna,2,1369393,1.4605011125367224
1810,lb,kvinnfolk,0,1369393,0.0
1810,lb,kvinnlig,0,1369393,0.0
1810,lb,kvinnlighet,0,1369393,0.0
1810,lb,kvinnokön,0,1369393,0.0
1810,lb,kvinnsperson,0,1369393,0.0
1810,lb,käring,11,1369393,8.032756118951973
1810,lb,kärring,0,1369393,0.0
1810,lb,landshövdingska,0,1369393,0.0
1810,lb,lillflicka,0,1369393,0.0
1810,lb,liten,1397,1369393,1020.1600271069007
1810,lb,liten flicka,0,1369393,0.0
1810,lb,livskamrat,0,1369393,0.0
1810,lb,lärarinna,0,1369393,0.0
1810,lb,madam,0,1369393,0.0
1810,lb,madame,1,1369393,0.7302505562683612
1810,lb,maka,78,1369393,56.959543388932175
1810,lb,mamma,10,1369393,7.302505562683613
1810,lb,mamsell,21,1369393,15.335261681635586
1810,lb,matmor,1,1369393,0.7302505562683612
1810,lb,moder,71,1369393,51.84778949505365
1810,lb,moderlig,8,1369393,5.84200445014689
1810,lb,moderlighet,0,1369393,0.0
1810,lb,mor,197,1369393,143.85935958486715
1810,lb,mormor,4,1369393,2.921002225073445
1810,lb,mö,30,1369393,21.907516688050837
1810,lb,piga,54,1369393,39.433530038491504
1810,lb,poetissa,1,1369393,0.7302505562683612
1810,lb,prinsessa,15,1369393,10.953758344025418
1810,lb,prostinna,0,1369393,0.0
1810,lb,prästfru,0,1369393,0.0
1810,lb,quinfolk,0,1369393,0.0
1810,lb,quinna,0,1369393,0.0
1810,lb,quinnor,8,1369393,5.84200445014689
1810,lb,qvinfolk,0,1369393,0.0
1810,lb,qvinnokön,0,1369393,0.0
1810,lb,qvinnor,3,1369393,2.190751668805084
1810,lb,qvinsperson,0,1369393,0.0
1810,lb,ragata,0,1369393,0.0
1810,lb,satkärring,0,1369393,0.0
1810,lb,sig,8023,1369393,5858.8002129410625
1810,lb,sjuksköterska,0,1369393,0.0
1810,lb,själv,0,1369393,0.0
1810,lb,skata,2,1369393,1.4605011125367224
1810,lb,skollärarinna,0,1369393,0.0
1810,lb,skrivbiträde,0,1369393,0.0
1810,lb,skådespelerska,0,1369393,0.0
1810,lb,sköka,1,1369393,0.7302505562683612
1810,lb,slampa,0,1369393,0.0
1810,lb,slinka,0,1369393,0.0
1810,lb,slyna,0,1369393,0.0
1810,lb,småflicka,0,1369393,0.0
1810,lb,sondotter,0,1369393,0.0
1810,lb,spinnerska,0,1369393,0.0
1810,lb,styvmor,0,1369393,0.0
1810,lb,subba,0,1369393,0.0
1810,lb,sugga,2,1369393,1.4605011125367224
1810,lb,svärmor,8,1369393,5.84200445014689
1810,lb,syster,41,1369393,29.94027280700281
1810,lb,systerdotter,3,1369393,2.190751668805084
1810,lb,sångerska,0,1369393,0.0
1810,lb,sömmerska,0,1369393,0.0
1810,lb,tant,24,1369393,17.52601335044067
1810,lb,telefonist,0,1369393,0.0
1810,lb,tjej,0,1369393,0.0
1810,lb,tjänarinna,0,1369393,0.0
1810,lb,trollpacka,0,1369393,0.0
1810,lb,tvätterska,0,1369393,0.0
1810,lb,tös,1,1369393,0.7302505562683612
1810,lb,tösabit,0,1369393,0.0
1810,lb,ungflicka,0,1369393,0.0
1810,lb,värdinna,13,1369393,9.493257231488696
1810,lb,väverska,0,1369393,0.0
1810,lb,äkta,35,1369393,25.558769469392644
1810,lb,äkta maka,0,1369393,0.0
1810,lb,änka,0,1369393,0.0
1820,lb,amma,20,842254,23.745805897033435
1820,lb,barnmorska,0,842254,0.0
1820,lb,baronessa,0,842254,0.0
1820,lb,borgmästarfru,0,842254,0.0
1820,lb,dam,87,842254,103.29425565209544
1820,lb,dotter,350,842254,415.55160319808516
1820,lb,drottning,65,842254,77.17386916535867
1820,lb,fabriksarbeterska,0,842254,0.0
1820,lb,farmor,0,842254,0.0
1820,lb,feminin,0,842254,0.0
1820,lb,flicka,239,842254,283.76238046954956
1820,lb,flickebarn,0,842254,0.0
1820,lb,fnaska,0,842254,0.0
1820,lb,fostermoder,0,842254,0.0
1820,lb,fostermor,3,842254,3.5618708845550153
1820,lb,friherrinna,0,842254,0.0
1820,lb,fru,148,842254,175.71896363804743
1820,lb,fruntimmer,62,842254,73.61199828080365
1820,lb,fröken,54,842254,64.11367592199028
1820,lb,författarinna,4,842254,4.749161179406688
1820,lb,gammal,465,842254,552.0899871060274
1820,lb,gammal gumma,1,842254,1.187290294851672
1820,lb,gammelmor,0,842254,0.0
1820,lb,gemål,49,842254,58.177224447731916
1820,lb,grevinna,0,842254,0.0
1820,lb,gumma,68,842254,80.73574004991369
1820,lb,guvernant,0,842254,0.0
1820,lb,hennes,11,842254,13.06019324336839
1820,lb,hertiginna,9,842254,10.685612653665046
1820,lb,hjältinna,0,842254,0.0
1820,lb,hjärtevän,0,842254,0.0
1820,lb,hona,5,842254,5.936451474258359
1820,lb,honkön,0,842254,0.0
1820,lb,hora,9,842254,10.685612653665046
1820,lb,husfru,2,842254,2.374580589703344
1820,lb,hushållerska,0,842254,0.0
1820,lb,husmoder,0,842254,0.0
1820,lb,husmor,2,842254,2.374580589703344
1820,lb,hustru,272,842254,322.94296019965475
1820,lb,häxa,2,842254,2.374580589703344
1820,lb,jungfru,77,842254,91.42135270357873
1820,lb,jänta,0,842254,0.0
1820,lb,jäntunge,0,842254,0.0
1820,lb,kassörska,0,842254,0.0
1820,lb,kejsarinna,0,842254,0.0
1820,lb,kokerska,1,842254,1.187290294851672
1820,lb,kokfru,0,842254,0.0
1820,lb,konstnärinna,0,842254,0.0
1820,lb,kontorist,0,842254,0.0
1820,lb,kontorsfröken,0,842254,0.0
1820,lb,kviga,0,842254,0.0
1820,lb,kvinna,0,842254,0.0
1820,lb,kvinnfolk,0,842254,0.0
1820,lb,kvinnlig,0,842254,0.0
1820,lb,kvinnlighet,0,842254,0.0
1820,lb,kvinnokön,0,842254,0.0
1820,lb,kvinnsperson,0,842254,0.0
1820,lb,käring,3,842254,3.5618708845550153
1820,lb,kärring,1,842254,1.187290294851672
1820,lb,landshövdingska,0,842254,0.0
1820,lb,lillflicka,0,842254,0.0
1820,lb,liten,933,842254,1107.7418450966097
1820,lb,liten flicka,2,842254,2.374580589703344
1820,lb,livskamrat,0,842254,0.0
1820,lb,lärarinna,0,842254,0.0
1820,lb,madam,0,842254,0.0
1820,lb,madame,0,842254,0.0
1820,lb,maka,200,842254,237.45805897033438
1820,lb,mamma,44,842254,52.24077297347356
1820,lb,mamsell,2,842254,2.374580589703344
1820,lb,matmor,3,842254,3.5618708845550153
1820,lb,moder,124,842254,147.2239965616073
1820,lb,moderlig,32,842254,37.9932894352535
1820,lb,moderlighet,0,842254,0.0
1820,lb,mor,391,842254,464.23050528700367
1820,lb,mormor,3,842254,3.5618708845550153
1820,lb,mö,58,842254,68.86283710139696
1820,lb,piga,12,842254,14.247483538220061
1820,lb,poetissa,0,842254,0.0
1820,lb,prinsessa,18,842254,21.371225307330093
1820,lb,prostinna,0,842254,0.0
1820,lb,prästfru,0,842254,0.0
1820,lb,quinfolk,0,842254,0.0
1820,lb,quinna,0,842254,0.0
1820,lb,quinnor,0,842254,0.0
1820,lb,qvinfolk,0,842254,0.0
1820,lb,qvinnokön,0,842254,0.0
1820,lb,qvinnor,0,842254,0.0
1820,lb,qvinsperson,0,842254,0.0
1820,lb,ragata,0,842254,0.0
1820,lb,satkärring,0,842254,0.0
1820,lb,sig,8488,842254,10077.72002270099
1820,lb,sjuksköterska,0,842254,0.0
1820,lb,själv,0,842254,0.0
1820,lb,skata,2,842254,2.374580589703344
1820,lb,skollärarinna,0,842254,0.0
1820,lb,skrivbiträde,0,842254,0.0
1820,lb,skådespelerska,0,842254,0.0
1820,lb,sköka,0,842254,0.0
1820,lb,slampa,0,842254,0.0
1820,lb,slinka,0,842254,0.0
1820,lb,slyna,0,842254,0.0
1820,lb,småflicka,0,842254,0.0
1820,lb,sondotter,0,842254,0.0
1820,lb,spinnerska,0,842254,0.0
1820,lb,styvmor,0,842254,0.0
1820,lb,subba,0,842254,0.0
1820,lb,sugga,1,842254,1.187290294851672
1820,lb,svärmor,0,842254,0.0
1820,lb,syster,159,842254,188.77915688141582
1820,lb,systerdotter,7,842254,8.311032063961703
1820,lb,sångerska,0,842254,0.0
1820,lb,sömmerska,0,842254,0.0
1820,lb,tant,30,842254,35.61870884555015
1820,lb,telefonist,0,842254,0.0
1820,lb,tjej,0,842254,0.0
1820,lb,tjänarinna,0,842254,0.0
1820,lb,trollpacka,3,842254,3.5618708845550153
1820,lb,tvätterska,0,842254,0.0
1820,lb,tös,1,842254,1.187290294851672
1820,lb,tösabit,0,842254,0.0
1820,lb,ungflicka,0,842254,0.0
1820,lb,värdinna,6,842254,7.123741769110031
1820,lb,väverska,0,842254,0.0
1820,lb,äkta,23,842254,27.30767678158845
1820,lb,äkta maka,0,842254,0.0
1820,lb,änka,0,842254,0.0
1830,lb,amma,173,11653970,14.844726732607
1830,lb,barnmorska,3,11653970,0.2574230069238208
1830,lb,baronessa,4,11653970,0.34323067589842776
1830,lb,borgmästarfru,0,11653970,0.0
1830,lb,dam,1250,11653970,107.25958621825868
1830,lb,dotter,4997,11653970,428.7809218661109
1830,lb,drottning,1140,11653970,97.82074263105191
1830,lb,fabriksarbeterska,0,11653970,0.0
1830,lb,farmor,34,11653970,2.9174607451366357
1830,lb,feminin,3,11653970,0.2574230069238208
1830,lb,flicka,4993,11653970,428.43769119021243
1830,lb,flickebarn,0,11653970,0.0
1830,lb,fnaska,8,11653970,0.6864613517968555
1830,lb,fostermoder,0,11653970,0.0
1830,lb,fostermor,41,11653970,3.5181144279588845
1830,lb,friherrinna,0,11653970,0.0
1830,lb,fru,4834,11653970,414.7942718232499
1830,lb,fruntimmer,1072,11653970,91.98582114077864
1830,lb,fröken,2107,11653970,180.79675852949683
1830,lb,författarinna,49,11653970,4.20457577975574
1830,lb,gammal,9906,11653970,850.0107688624563
1830,lb,gammal gumma,47,11653970,4.032960441806526
1830,lb,gammelmor,0,11653970,0.0
1830,lb,gemål,325,11653970,27.887492416747254
1830,lb,grevinna,4,11653970,0.34323067589842776
1830,lb,gumma,1064,11653970,91.29935978898177
1830,lb,guvernant,117,11653970,10.039497270029011
1830,lb,hennes,0,11653970,0.0
1830,lb,hertiginna,67,11653970,5.749113821298665
1830,lb,hjältinna,0,11653970,0.0
1830,lb,hjärtevän,1,11653970,0.08580766897460694
1830,lb,hona,100,11653970,8.580766897460693
1830,lb,honkön,0,11653970,0.0
1830,lb,hora,195,11653970,16.732495450048354
1830,lb,husfru,31,11653970,2.660037738212815
1830,lb,hushållerska,63,11653970,5.405883145400237
1830,lb,husmoder,0,11653970,0.0
1830,lb,husmor,36,11653970,3.0890760830858497
1830,lb,hustru,1788,11653970,153.4241121265972
1830,lb,häxa,53,11653970,4.547806455654167
1830,lb,jungfru,1789,11653970,153.50991979557182
1830,lb,jänta,9,11653970,0.7722690207714624
1830,lb,jäntunge,0,11653970,0.0
1830,lb,kassörska,0,11653970,0.0
1830,lb,kejsarinna,19,11653970,1.6303457105175319
1830,lb,kokerska,12,11653970,1.0296920276952832
1830,lb,kokfru,1,11653970,0.08580766897460694
1830,lb,konstnärinna,0,11653970,0.0
1830,lb,kontorist,19,11653970,1.6303457105175319
1830,lb,kontorsfröken,0,11653970,0.0
1830,lb,kviga,0,11653970,0.0
1830,lb,kvinna,7,11653970,0.6006536828222485
1830,lb,kvinnfolk,0,11653970,0.0
1830,lb,kvinnlig,0,11653970,0.0
1830,lb,kvinnlighet,0,11653970,0.0
1830,lb,kvinnokön,0,11653970,0.0
1830,lb,kvinnsperson,0,11653970,0.0
1830,lb,käring,77,11653970,6.607190511044734
1830,lb,kärring,17,11653970,1.4587303725683178
1830,lb,landshövdingska,0,11653970,0.0
1830,lb,lillflicka,0,11653970,0.0
1830,lb,liten,18553,11653970,1591.9896824858824
1830,lb,liten flicka,73,11653970,6.263959835146307
1830,lb,livskamrat,0,11653970,0.0
1830,lb,lärarinna,26,11653970,2.2309993933397805
1830,lb,madam,29,11653970,2.4884224002636013
1830,lb,madame,20,11653970,1.7161533794921386
1830,lb,maka,1394,11653970,119.61589055060207
1830,lb,mamma,799,11653970,68.56032751071095
1830,lb,mamsell,418,11653970,35.8676056313857
1830,lb,matmor,57,11653970,4.891037131552595
1830,lb,moder,2178,11653970,186.8891030266939
1830,lb,moderlig,187,11653970,16.046034098251496
1830,lb,moderlighet,1,11653970,0.08580766897460694
1830,lb,mor,5228,11653970,448.6024933992451
1830,lb,mormor,240,11653970,20.593840553905665
1830,lb,mö,527,11653970,45.22064154961785
1830,lb,piga,462,11653970,39.64314306626841
1830,lb,poetissa,1,11653970,0.08580766897460694
1830,lb,prinsessa,520,11653970,44.619987866795604
1830,lb,prostinna,0,11653970,0.0
1830,lb,prästfru,2,11653970,0.17161533794921388
1830,lb,quinfolk,0,11653970,0.0
1830,lb,quinna,0,11653970,0.0
1830,lb,quinnor,1,11653970,0.08580766897460694
1830,lb,qvinfolk,0,11653970,0.0
1830,lb,qvinnokön,0,11653970,0.0
1830,lb,qvinnor,19,11653970,1.6303457105175319
1830,lb,qvinsperson,0,11653970,0.0
1830,lb,ragata,2,11653970,0.17161533794921388
1830,lb,satkärring,0,11653970,0.0
1830,lb,sig,135788,11653970,11651.651754723927
1830,lb,sjuksköterska,1,11653970,0.08580766897460694
1830,lb,själv,1,11653970,0.08580766897460694
1830,lb,skata,52,11653970,4.461998786679561
1830,lb,skollärarinna,0,11653970,0.0
1830,lb,skrivbiträde,0,11653970,0.0
1830,lb,skådespelerska,9,11653970,0.7722690207714624
1830,lb,sköka,23,11653970,1.9735763864159594
1830,lb,slampa,0,11653970,0.0
1830,lb,slinka,16,11653970,1.372922703593711
1830,lb,slyna,11,11653970,0.9438843587206763
1830,lb,småflicka,1,11653970,0.08580766897460694
1830,lb,sondotter,2,11653970,0.17161533794921388
1830,lb,spinnerska,0,11653970,0.0
1830,lb,styvmor,0,11653970,0.0
1830,lb,subba,1,11653970,0.08580766897460694
1830,lb,sugga,8,11653970,0.6864613517968555
1830,lb,svärmor,38,11653970,3.2606914210350637
1830,lb,syster,2083,11653970,178.73737447410625
1830,lb,systerdotter,90,11653970,7.722690207714624
1830,lb,sångerska,32,11653970,2.745845407187422
1830,lb,sömmerska,34,11653970,2.9174607451366357
1830,lb,tant,675,11653970,57.92017655785968
1830,lb,telefonist,0,11653970,0.0
1830,lb,tjej,0,11653970,0.0
1830,lb,tjänarinna,0,11653970,0.0
1830,lb,trollpacka,18,11653970,1.5445380415429248
1830,lb,tvätterska,6,11653970,0.5148460138476416
1830,lb,tös,15,11653970,1.287115034619104
1830,lb,tösabit,0,11653970,0.0
1830,lb,ungflicka,0,11653970,0.0
1830,lb,värdinna,350,11653970,30.032684141112426
1830,lb,väverska,0,11653970,0.0
1830,lb,äkta,621,11653970,53.286562433230905
1830,lb,äkta maka,0,11653970,0.0
1830,lb,änka,8,11653970,0.6864613517968555
1840,lb,amma,348,30985848,11.230933553924359
1840,lb,barnmorska,16,30985848,0.5163647610999705
1840,lb,baronessa,238,30985848,7.680925821362062
1840,lb,borgmästarfru,0,30985848,0.0
1840,lb,dam,4485,30985848,144.7434970958355
1840,lb,dotter,13371,30985848,431.51957629173165
1840,lb,drottning,6385,30985848,206.061812476457
1840,lb,fabriksarbeterska,0,30985848,0.0
1840,lb,farmor,279,30985848,9.004110521680737
1840,lb,feminin,13,30985848,0.41954636839372605
1840,lb,flicka,15293,30985848,493.54789321886557
1840,lb,flickebarn,5,30985848,0.16136398784374079
1840,lb,fnaska,5,30985848,0.16136398784374079
1840,lb,fostermoder,0,30985848,0.0
1840,lb,fostermor,209,30985848,6.7450146918683656
1840,lb,friherrinna,153,30985848,4.937738028018468
1840,lb,fru,20471,30985848,660.6564390298436
1840,lb,fruntimmer,4415,30985848,142.48440126602313
1840,lb,fröken,8267,30985848,266.79921750084105
1840,lb,författarinna,259,30985848,8.358654570305774
1840,lb,gammal,29105,30985848,939.2997732384151
1840,lb,gammal gumma,179,30985848,5.77683076480592
1840,lb,gammelmor,0,30985848,0.0
1840,lb,gemål,2089,30985848,67.4178741211149
1840,lb,grevinna,2,30985848,0.06454559513749632
1840,lb,gumma,3912,30985848,126.2511840889428
1840,lb,guvernant,360,30985848,11.618207124749338
1840,lb,hennes,0,30985848,0.0
1840,lb,hertiginna,792,30985848,25.56005567444854
1840,lb,hjältinna,0,30985848,0.0
1840,lb,hjärtevän,0,30985848,0.0
1840,lb,hona,252,30985848,8.132744987324536
1840,lb,honkön,0,30985848,0.0
1840,lb,hora,266,30985848,8.58456415328701
1840,lb,husfru,143,30985848,4.6150100523309865
1840,lb,hushållerska,369,30985848,11.90866230286807
1840,lb,husmoder,1,30985848,0.03227279756874816
1840,lb,husmor,217,30985848,7.0031970724183505
1840,lb,hustru,6939,30985848,223.94094232954347
1840,lb,häxa,49,30985848,1.5813670808686597
1840,lb,jungfru,2886,30985848,93.13929378340718
1840,lb,jänta,39,30985848,1.2586391051811783
1840,lb,jäntunge,0,30985848,0.0
1840,lb,kassörska,1,30985848,0.03227279756874816
1840,lb,kejsarinna,384,30985848,12.392754266399294
1840,lb,kokerska,51,30985848,1.6459126760061562
1840,lb,kokfru,4,30985848,0.12909119027499263
1840,lb,konstnärinna,9,30985848,0.29045517811873345
1840,lb,kontorist,44,30985848,1.420003093024919
1840,lb,kontorsfröken,0,30985848,0.0
1840,lb,kviga,0,30985848,0.0
1840,lb,kvinna,4,30985848,0.12909119027499263
1840,lb,kvinnfolk,0,30985848,0.0
1840,lb,kvinnlig,0,30985848,0.0
1840,lb,kvinnlighet,0,30985848,0.0
1840,lb,kvinnokön,0,30985848,0.0
1840,lb,kvinnsperson,0,30985848,0.0
1840,lb,käring,621,30985848,20.041407290192605
1840,lb,kärring,91,30985848,2.9368245787560823
1840,lb,landshövdingska,0,30985848,0.0
1840,lb,lillflicka,0,30985848,0.0
1840,lb,liten,63537,30985848,2050.516739125552
1840,lb,liten flicka,484,30985848,15.620034023274108
1840,lb,livskamrat,0,30985848,0.0
1840,lb,lärarinna,176,30985848,5.680012372099676
1840,lb,madam,394,30985848,12.715482242086775
1840,lb,madame,325,30985848,10.488659209843151
1840,lb,maka,3656,30985848,117.98934791134327
1840,lb,mamma,5020,30985848,162.00944379511577
1840,lb,mamsell,3621,30985848,116.85979999643709
1840,lb,matmor,496,30985848,16.007307594099085
1840,lb,moder,6019,30985848,194.24996856629517
1840,lb,moderlig,752,30985848,24.269143771698616
1840,lb,moderlighet,3,30985848,0.09681839270624448
1840,lb,mor,18331,30985848,591.5926522327225
1840,lb,mormor,631,30985848,20.364135265880087
1840,lb,mö,885,30985848,28.56142584834212
1840,lb,piga,1388,30985848,44.794643025422445
1840,lb,poetissa,14,30985848,0.45181916596247423
1840,lb,prinsessa,3276,30985848,105.72568483521897
1840,lb,prostinna,37,30985848,1.1940935100436818
1840,lb,prästfru,0,30985848,0.0
1840,lb,quinfolk,0,30985848,0.0
1840,lb,quinna,0,30985848,0.0
1840,lb,quinnor,0,30985848,0.0
1840,lb,qvinfolk,7,30985848,0.22590958298123712
1840,lb,qvinnokön,0,30985848,0.0
1840,lb,qvinnor,319,30985848,10.295022424430663
1840,lb,qvinsperson,0,30985848,0.0
1840,lb,ragata,0,30985848,0.0
1840,lb,satkärring,0,30985848,0.0
1840,lb,sig,403083,30985848,13008.616062403715
1840,lb,sjuksköterska,35,30985848,1.1295479149061856
1840,lb,själv,3,30985848,0.09681839270624448
1840,lb,skata,124,30985848,4.001826898524771
1840,lb,skollärarinna,0,30985848,0.0
1840,lb,skrivbiträde,0,30985848,0.0
1840,lb,skådespelerska,100,30985848,3.227279756874816
1840,lb,sköka,38,30985848,1.22636630761243
1840,lb,slampa,2,30985848,0.06454559513749632
1840,lb,slinka,68,30985848,2.1945502346748746
1840,lb,slyna,52,30985848,1.6781854735749042
1840,lb,småflicka,12,30985848,0.38727357082497793
1840,lb,sondotter,76,30985848,2.45273261522486
1840,lb,spinnerska,0,30985848,0.0
1840,lb,styvmor,0,30985848,0.0
1840,lb,subba,0,30985848,0.0
1840,lb,sugga,19,30985848,0.613183153806215
1840,lb,svärmor,357,30985848,11.521388732043093
1840,lb,syster,6181,30985848,199.47816177243237
1840,lb,systerdotter,183,30985848,5.905921955080913
1840,lb,sångerska,234,30985848,7.551834631087069
1840,lb,sömmerska,74,30985848,2.3881870200873636
1840,lb,tant,2831,30985848,91.36428991712604
1840,lb,telefonist,0,30985848,0.0
1840,lb,tjej,0,30985848,0.0
1840,lb,tjänarinna,1,30985848,0.03227279756874816
1840,lb,trollpacka,202,30985848,6.519105108887128
1840,lb,tvätterska,31,30985848,1.0004567246311928
1840,lb,tös,115,30985848,3.711371720406038
1840,lb,tösabit,0,30985848,0.0
1840,lb,ungflicka,0,30985848,0.0
1840,lb,värdinna,1072,30985848,34.59643899369803
1840,lb,väverska,0,30985848,0.0
1840,lb,äkta,2002,30985848,64.61014073263381
1840,lb,äkta maka,18,30985848,0.5809103562374669
1840,lb,änka,14,30985848,0.45181916596247423
1850,lb,amma,356,24055763,14.798948592900587
1850,lb,barnmorska,12,24055763,0.49884096380563775
1850,lb,baronessa,336,24055763,13.967546986557858
1850,lb,borgmästarfru,0,24055763,0.0
1850,lb,dam,3323,24055763,138.13737689384453
1850,lb,dotter,8381,24055763,348.39884313792084
1850,lb,drottning,3053,24055763,126.91345520821767
1850,lb,fabriksarbeterska,0,24055763,0.0
1850,lb,farmor,439,24055763,18.249265259222916
1850,lb,feminin,15,24055763,0.6235512047570472
1850,lb,flicka,15904,24055763,661.1305573637386
1850,lb,flickebarn,7,24055763,0.29099056221995534
1850,lb,fnaska,8,24055763,0.33256064253709183
1850,lb,fostermoder,1,24055763,0.04157008031713648
1850,lb,fostermor,191,24055763,7.939885340573068
1850,lb,friherrinna,52,24055763,2.1616441764910967
1850,lb,fru,14860,24055763,617.7313935126481
1850,lb,fruntimmer,3125,24055763,129.9065009910515
1850,lb,fröken,5933,24055763,246.63528652157075
1850,lb,författarinna,93,24055763,3.8660174694936926
1850,lb,gammal,26027,24055763,1081.9444804141112
1850,lb,gammal gumma,107,24055763,4.447998593933604
1850,lb,gammelmor,0,24055763,0.0
1850,lb,gemål,796,24055763,33.08978393244064
1850,lb,grevinna,0,24055763,0.0
1850,lb,gumma,2923,24055763,121.50934476698993
1850,lb,guvernant,416,24055763,17.293153411928774
1850,lb,hennes,1,24055763,0.04157008031713648
1850,lb,hertiginna,581,24055763,24.152216664256294
1850,lb,hjältinna,0,24055763,0.0
1850,lb,hjärtevän,0,24055763,0.0
1850,lb,hona,67,24055763,2.785195381248144
1850,lb,honkön,1,24055763,0.04157008031713648
1850,lb,hora,97,24055763,4.032297790762239
1850,lb,husfru,91,24055763,3.78287730885942
1850,lb,hushållerska,325,24055763,13.510276103069357
1850,lb,husmoder,0,24055763,0.0
1850,lb,husmor,146,24055763,6.069231726301926
1850,lb,hustru,7142,24055763,296.8935136249887
1850,lb,häxa,18,24055763,0.7482614457084567
1850,lb,jungfru,1511,24055763,62.81239135919322
1850,lb,jänta,55,24055763,2.2863544174425066
1850,lb,jäntunge,1,24055763,0.04157008031713648
1850,lb,kassörska,1,24055763,0.04157008031713648
1850,lb,kejsarinna,1369,24055763,56.90943995415984
1850,lb,kokerska,51,24055763,2.1200740961739606
1850,lb,kokfru,6,24055763,0.24942048190281887
1850,lb,konstnärinna,7,24055763,0.29099056221995534
1850,lb,kontorist,85,24055763,3.5334568269566007
1850,lb,kontorsfröken,0,24055763,0.0
1850,lb,kviga,0,24055763,0.0
1850,lb,kvinna,0,24055763,0.0
1850,lb,kvinnfolk,0,24055763,0.0
1850,lb,kvinnlig,0,24055763,0.0
1850,lb,kvinnlighet,0,24055763,0.0
1850,lb,kvinnokön,0,24055763,0.0
1850,lb,kvinnsperson,0,24055763,0.0
1850,lb,käring,255,24055763,10.600370480869802
1850,lb,kärring,88,24055763,3.65816706790801
1850,lb,landshövdingska,0,24055763,0.0
1850,lb,lillflicka,0,24055763,0.0
1850,lb,liten,51596,24055763,2144.849864042974
1850,lb,liten flicka,819,24055763,34.04589577973478
1850,lb,livskamrat,0,24055763,0.0
1850,lb,lärarinna,341,24055763,14.175397388143539
1850,lb,madam,337,24055763,14.009117066874994
1850,lb,madame,427,24055763,17.750424295417275
1850,lb,maka,3165,24055763,131.56930420373695
1850,lb,mamma,4645,24055763,193.09302307309895
1850,lb,mamsell,3399,24055763,141.2967029979469
1850,lb,matmor,350,24055763,14.549528110997768
1850,lb,moder,4618,24055763,191.97063090453625
1850,lb,moderlig,412,24055763,17.12687309066023
1850,lb,moderlighet,0,24055763,0.0
1850,lb,mor,14244,24055763,592.124224037292
1850,lb,mormor,541,24055763,22.489413451570837
1850,lb,mö,680,24055763,28.267654615652805
1850,lb,piga,1109,24055763,46.10121907170436
1850,lb,poetissa,10,24055763,0.4157008031713648
1850,lb,prinsessa,1320,24055763,54.87250601862015
1850,lb,prostinna,27,24055763,1.122392168562685
1850,lb,prästfru,0,24055763,0.0
1850,lb,quinfolk,0,24055763,0.0
1850,lb,quinna,0,24055763,0.0
1850,lb,quinnor,0,24055763,0.0
1850,lb,qvinfolk,10,24055763,0.4157008031713648
1850,lb,qvinnokön,0,24055763,0.0
1850,lb,qvinnor,341,24055763,14.175397388143539
1850,lb,qvinsperson,0,24055763,0.0
1850,lb,ragata,2,24055763,0.08314016063427296
1850,lb,satkärring,0,24055763,0.0
1850,lb,sig,314875,24055763,13089.37903985835
1850,lb,sjuksköterska,47,24055763,1.9537937749054146
1850,lb,själv,0,24055763,0.0
1850,lb,skata,119,24055763,4.946839557739241
1850,lb,skollärarinna,3,24055763,0.12471024095140944
1850,lb,skrivbiträde,0,24055763,0.0
1850,lb,skådespelerska,107,24055763,4.447998593933604
1850,lb,sköka,20,24055763,0.8314016063427296
1850,lb,slampa,4,24055763,0.16628032126854592
1850,lb,slinka,44,24055763,1.829083533954005
1850,lb,slyna,64,24055763,2.6604851402967347
1850,lb,småflicka,9,24055763,0.3741307228542283
1850,lb,sondotter,42,24055763,1.7459433733197323
1850,lb,spinnerska,0,24055763,0.0
1850,lb,styvmor,0,24055763,0.0
1850,lb,subba,0,24055763,0.0
1850,lb,sugga,25,24055763,1.039252007928412
1850,lb,svärmor,245,24055763,10.184669677698437
1850,lb,syster,5162,24055763,214.58475459705852
1850,lb,systerdotter,97,24055763,4.032297790762239
1850,lb,sångerska,302,24055763,12.554164255775216
1850,lb,sömmerska,117,24055763,4.863699397104968
1850,lb,tant,1972,24055763,81.97619838539313
1850,lb,telefonist,0,24055763,0.0
1850,lb,tjej,2,24055763,0.08314016063427296
1850,lb,tjänarinna,0,24055763,0.0
1850,lb,trollpacka,75,24055763,3.117756023785236
1850,lb,tvätterska,32,24055763,1.3302425701483673
1850,lb,tös,97,24055763,4.032297790762239
1850,lb,tösabit,0,24055763,0.0
1850,lb,ungflicka,0,24055763,0.0
1850,lb,värdinna,862,24055763,35.83340923337165
1850,lb,väverska,0,24055763,0.0
1850,lb,äkta,1539,24055763,63.97635360807304
1850,lb,äkta maka,10,24055763,0.4157008031713648
1850,lb,änka,5,24055763,0.2078504015856824
1860,lb,amma,426,30066424,14.168628766759891
1860,lb,barnmorska,32,30066424,1.0643101421040293
1860,lb,baronessa,184,30066424,6.119783317098169
1860,lb,borgmästarfru,0,30066424,0.0
1860,lb,dam,5185,30066424,172.4515027127935
1860,lb,dotter,11409,30066424,379.4598253520272
1860,lb,drottning,5949,30066424,197.86190735552722
1860,lb,fabriksarbeterska,0,30066424,0.0
1860,lb,farmor,791,30066424,26.308416325133976
1860,lb,feminin,37,30066424,1.230608601807784
1860,lb,flicka,18296,30066424,608.5193237479788
1860,lb,flickebarn,20,30066424,0.6651938388150184
1860,lb,fnaska,7,30066424,0.23281784358525642
1860,lb,fostermoder,0,30066424,0.0
1860,lb,fostermor,246,30066424,8.181884217424725
1860,lb,friherrinna,57,30066424,1.8958024406228025
1860,lb,fru,21303,30066424,708.5312174138169
1860,lb,fruntimmer,3882,30066424,129.11412411399508
1860,lb,fröken,8024,30066424,266.8757681325854
1860,lb,författarinna,336,30066424,11.17525649209231
1860,lb,gammal,32057,30066424,1066.2059445446523
1860,lb,gammal gumma,138,30066424,4.589837487823627
1860,lb,gammelmor,0,30066424,0.0
1860,lb,gemål,1428,30066424,47.49484009139231
1860,lb,grevinna,5,30066424,0.1662984597037546
1860,lb,gumma,4225,30066424,140.52219844967263
1860,lb,guvernant,405,30066424,13.470175236004122
1860,lb,hennes,0,30066424,0.0
1860,lb,hertiginna,244,30066424,8.115364833543223
1860,lb,hjältinna,0,30066424,0.0
1860,lb,hjärtevän,0,30066424,0.0
1860,lb,hona,157,30066424,5.221771634697895
1860,lb,honkön,2,30066424,0.06651938388150183
1860,lb,hora,120,30066424,3.9911630328901104
1860,lb,husfru,144,30066424,4.7893956394681325
1860,lb,hushållerska,378,30066424,12.572163553603847
1860,lb,husmoder,3,30066424,0.09977907582225276
1860,lb,husmor,230,30066424,7.649729146372711
1860,lb,hustru,8604,30066424,286.1663894582209
1860,lb,häxa,46,30066424,1.5299458292745423
1860,lb,jungfru,3136,30066424,104.30239392619488
1860,lb,jänta,120,30066424,3.9911630328901104
1860,lb,jäntunge,0,30066424,0.0
1860,lb,kassörska,0,30066424,0.0
1860,lb,kejsarinna,220,30066424,7.317132226965202
1860,lb,kokerska,104,30066424,3.4590079618380956
1860,lb,kokfru,2,30066424,0.06651938388150183
1860,lb,konstnärinna,17,30066424,0.5654147629927656
1860,lb,kontorist,84,30066424,2.7938141230230773
1860,lb,kontorsfröken,0,30066424,0.0
1860,lb,kviga,1,30066424,0.033259691940750916
1860,lb,kvinna,17,30066424,0.5654147629927656
1860,lb,kvinnfolk,3,30066424,0.09977907582225276
1860,lb,kvinnlig,0,30066424,0.0
1860,lb,kvinnlighet,0,30066424,0.0
1860,lb,kvinnokön,0,30066424,0.0
1860,lb,kvinnsperson,0,30066424,0.0
1860,lb,käring,296,30066424,9.844868814462272
1860,lb,kärring,81,30066424,2.6940350472008245
1860,lb,landshövdingska,0,30066424,0.0
1860,lb,lillflicka,0,30066424,0.0
1860,lb,liten,66046,30066424,2196.6696139188352
1860,lb,liten flicka,882,30066424,29.33504829174231
1860,lb,livskamrat,0,30066424,0.0
1860,lb,lärarinna,415,30066424,13.802772155411631
1860,lb,madam,335,30066424,11.141996800151558
1860,lb,madame,727,30066424,24.17979604092592
1860,lb,maka,3885,30066424,129.21390318981733
1860,lb,mamma,5670,30066424,188.5824533040577
1860,lb,mamsell,4758,30066424,158.24961425409288
1860,lb,matmor,513,30066424,17.06222196560522
1860,lb,moder,6723,30066424,223.60490891766844
1860,lb,moderlig,529,30066424,17.594377036657235
1860,lb,moderlighet,1,30066424,0.033259691940750916
1860,lb,mor,19995,30066424,665.0275403553146
1860,lb,mormor,784,30066424,26.07559848154872
1860,lb,mö,1094,30066424,36.3861029831815
1860,lb,piga,1210,30066424,40.24422724830861
1860,lb,poetissa,4,30066424,0.13303876776300366
1860,lb,prinsessa,1863,30066424,61.962806085618965
1860,lb,prostinna,18,30066424,0.5986744549335166
1860,lb,prästfru,0,30066424,0.0
1860,lb,quinfolk,0,30066424,0.0
1860,lb,quinna,1,30066424,0.033259691940750916
1860,lb,quinnor,3,30066424,0.09977907582225276
1860,lb,qvinfolk,22,30066424,0.7317132226965202
1860,lb,qvinnokön,0,30066424,0.0
1860,lb,qvinnor,427,30066424,14.201888458700642
1860,lb,qvinsperson,9,30066424,0.2993372274667583
1860,lb,ragata,3,30066424,0.09977907582225276
1860,lb,satkärring,0,30066424,0.0
1860,lb,sig,374519,30066424,12456.386565958093
1860,lb,sjuksköterska,93,30066424,3.0931513504898356
1860,lb,själv,8,30066424,0.2660775355260073
1860,lb,skata,197,30066424,6.552159312327931
1860,lb,skollärarinna,5,30066424,0.1662984597037546
1860,lb,skrivbiträde,0,30066424,0.0
1860,lb,skådespelerska,96,30066424,3.1929304263120883
1860,lb,sköka,56,30066424,1.8625427486820514
1860,lb,slampa,6,30066424,0.19955815164450552
1860,lb,slinka,90,30066424,2.993372274667583
1860,lb,slyna,73,30066424,2.427957511674817
1860,lb,småflicka,36,30066424,1.1973489098670331
1860,lb,sondotter,85,30066424,2.827073814963828
1860,lb,spinnerska,2,30066424,0.06651938388150183
1860,lb,styvmor,0,30066424,0.0
1860,lb,subba,4,30066424,0.13303876776300366
1860,lb,sugga,87,30066424,2.89359319884533
1860,lb,svärmor,338,30066424,11.241775875973811
1860,lb,syster,6391,30066424,212.56269119333913
1860,lb,systerdotter,183,30066424,6.086523625157418
1860,lb,sångerska,348,30066424,11.57437279538132
1860,lb,sömmerska,154,30066424,5.121992558875641
1860,lb,tant,3227,30066424,107.32902589280322
1860,lb,telefonist,0,30066424,0.0
1860,lb,tjej,2,30066424,0.06651938388150183
1860,lb,tjänarinna,1,30066424,0.033259691940750916
1860,lb,trollpacka,73,30066424,2.427957511674817
1860,lb,tvätterska,36,30066424,1.1973489098670331
1860,lb,tös,283,30066424,9.41249281923251
1860,lb,tösabit,0,30066424,0.0
1860,lb,ungflicka,0,30066424,0.0
1860,lb,värdinna,1244,30066424,41.375056774294144
1860,lb,väverska,0,30066424,0.0
1860,lb,äkta,1991,30066424,66.22004665403507
1860,lb,äkta maka,19,30066424,0.6319341468742674
1860,lb,änka,7,30066424,0.23281784358525642
1860,tkr,amma,17,14301457,1.1886900754237837
1860,tkr,barnmorska,60,14301457,4.195376736789825
1860,tkr,baronessa,0,14301457,0.0
1860,tkr,borgmästarfru,0,14301457,0.0
1860,tkr,dam,11,14301457,0.7691524017448013
1860,tkr,dotter,241,14301457,16.851429892772465
1860,tkr,drottning,39,14301457,2.7269948789133864
1860,tkr,fabriksarbeterska,0,14301457,0.0
1860,tkr,farmor,0,14301457,0.0
1860,tkr,feminin,2,14301457,0.1398458912263275
1860,tkr,flicka,30,14301457,2.0976883683949126
1860,tkr,flickebarn,1,14301457,0.06992294561316376
1860,tkr,fnaska,1,14301457,0.06992294561316376
1860,tkr,fostermoder,0,14301457,0.0
1860,tkr,fostermor,0,14301457,0.0
1860,tkr,friherrinna,0,14301457,0.0
1860,tkr,fru,48,14301457,3.35630138943186
1860,tkr,fruntimmer,36,14301457,2.517226042073895
1860,tkr,fröken,4,14301457,0.279691782452655
1860,tkr,författarinna,0,14301457,0.0
1860,tkr,gammal,4540,14301457,317.45017308376345
1860,tkr,gammal gumma,1,14301457,0.06992294561316376
1860,tkr,gammelmor,0,14301457,0.0
1860,tkr,gemål,13,14301457,0.9089982929711288
1860,tkr,grevinna,0,14301457,0.0
1860,tkr,gumma,11,14301457,0.7691524017448013
1860,tkr,guvernant,2,14301457,0.1398458912263275
1860,tkr,hennes,0,14301457,0.0
1860,tkr,hertiginna,1,14301457,0.06992294561316376
1860,tkr,hjältinna,0,14301457,0.0
1860,tkr,hjärtevän,0,14301457,0.0
1860,tkr,hona,5,14301457,0.3496147280658187
1860,tkr,honkön,2,14301457,0.1398458912263275
1860,tkr,hora,139,14301457,9.719289440229762
1860,tkr,husfru,1,14301457,0.06992294561316376
1860,tkr,hushållerska,38,14301457,2.6570719333002226
1860,tkr,husmoder,0,14301457,0.0
1860,tkr,husmor,4,14301457,0.279691782452655
1860,tkr,hustru,611,14301457,42.72291976964305
1860,tkr,häxa,1,14301457,0.06992294561316376
1860,tkr,jungfru,16,14301457,1.11876712981062
1860,tkr,jänta,3,14301457,0.20976883683949124
1860,tkr,jäntunge,0,14301457,0.0
1860,tkr,kassörska,0,14301457,0.0
1860,tkr,kejsarinna,1,14301457,0.06992294561316376
1860,tkr,kokerska,8,14301457,0.55938356490531
1860,tkr,kokfru,0,14301457,0.0
1860,tkr,konstnärinna,0,14301457,0.0
1860,tkr,kontorist,0,14301457,0.0
1860,tkr,kontorsfröken,0,14301457,0.0
1860,tkr,kviga,0,14301457,0.0
1860,tkr,kvinna,6,14301457,0.4195376736789825
1860,tkr,kvinnfolk,0,14301457,0.0
1860,tkr,kvinnlig,0,14301457,0.0
1860,tkr,kvinnlighet,0,14301457,0.0
1860,tkr,kvinnokön,0,14301457,0.0
1860,tkr,kvinnsperson,0,14301457,0.0
1860,tkr,käring,3,14301457,0.20976883683949124
1860,tkr,kärring,0,14301457,0.0
1860,tkr,landshövdingska,0,14301457,0.0
1860,tkr,lillflicka,0,14301457,0.0
1860,tkr,liten,17281,14301457,1208.3384231410828
1860,tkr,liten flicka,1,14301457,0.06992294561316376
1860,tkr,livskamrat,0,14301457,0.0
1860,tkr,lärarinna,111,14301457,7.761446963061176
1860,tkr,madam,0,14301457,0.0
1860,tkr,madame,0,14301457,0.0
1860,tkr,maka,80,14301457,5.5938356490531
1860,tkr,mamma,0,14301457,0.0
1860,tkr,mamsell,1,14301457,0.06992294561316376
1860,tkr,matmor,1,14301457,0.06992294561316376
1860,tkr,moder,117,14301457,8.180984636740158
1860,tkr,moderlig,2,14301457,0.1398458912263275
1860,tkr,moderlighet,0,14301457,0.0
1860,tkr,mor,141,14301457,9.85913533145609
1860,tkr,mormor,0,14301457,0.0
1860,tkr,mö,93,14301457,6.502833942024229
1860,tkr,piga,12,14301457,0.839075347357965
1860,tkr,poetissa,0,14301457,0.0
1860,tkr,prinsessa,114,14301457,7.971215799900667
1860,tkr,prostinna,0,14301457,0.0
1860,tkr,prästfru,0,14301457,0.0
1860,tkr,quinfolk,0,14301457,0.0
1860,tkr,quinna,0,14301457,0.0
1860,tkr,quinnor,0,14301457,0.0
1860,tkr,qvinfolk,0,14301457,0.0
1860,tkr,qvinnokön,0,14301457,0.0
1860,tkr,qvinnor,2,14301457,0.1398458912263275
1860,tkr,qvinsperson,0,14301457,0.0
1860,tkr,ragata,0,14301457,0.0
1860,tkr,satkärring,0,14301457,0.0
1860,tkr,sig,82327,14301457,5756.546343494932
1860,tkr,sjuksköterska,6,14301457,0.4195376736789825
1860,tkr,själv,0,14301457,0.0
1860,tkr,skata,0,14301457,0.0
1860,tkr,skollärarinna,1,14301457,0.06992294561316376
1860,tkr,skrivbiträde,0,14301457,0.0
1860,tkr,skådespelerska,1,14301457,0.06992294561316376
1860,tkr,sköka,2,14301457,0.1398458912263275
1860,tkr,slampa,0,14301457,0.0
1860,tkr,slinka,0,14301457,0.0
1860,tkr,slyna,0,14301457,0.0
1860,tkr,småflicka,0,14301457,0.0
1860,tkr,sondotter,0,14301457,0.0
1860,tkr,spinnerska,0,14301457,0.0
1860,tkr,styvmor,0,14301457,0.0
1860,tkr,subba,0,14301457,0.0
1860,tkr,sugga,0,14301457,0.0
1860,tkr,svärmor,1,14301457,0.06992294561316376
1860,tkr,syster,40,14301457,2.79691782452655
1860,tkr,systerdotter,4,14301457,0.279691782452655
1860,tkr,sångerska,1,14301457,0.06992294561316376
1860,tkr,sömmerska,0,14301457,0.0
1860,tkr,tant,17,14301457,1.1886900754237837
1860,tkr,telefonist,0,14301457,0.0
1860,tkr,tjej,0,14301457,0.0
1860,tkr,tjänarinna,0,14301457,0.0
1860,tkr,trollpacka,0,14301457,0.0
1860,tkr,tvätterska,2,14301457,0.1398458912263275
1860,tkr,tös,0,14301457,0.0
1860,tkr,tösabit,0,14301457,0.0
1860,tkr,ungflicka,0,14301457,0.0
1860,tkr,värdinna,1,14301457,0.06992294561316376
1860,tkr,väverska,0,14301457,0.0
1860,tkr,äkta,99,14301457,6.922371615703211
1860,tkr,äkta maka,0,14301457,0.0
1860,tkr,änka,1,14301457,0.06992294561316376
1870,lb,amma,381,34605387,11.009846530541617
1870,lb,barnmorska,26,34605387,0.7513281096957535
1870,lb,baronessa,326,34605387,9.420498606185216
1870,lb,borgmästarfru,0,34605387,0.0
1870,lb,dam,6315,34605387,182.48603895110318
1870,lb,dotter,14988,34605387,433.11175800461353
1870,lb,drottning,5396,34605387,155.92947999685714
1870,lb,fabriksarbeterska,0,34605387,0.0
1870,lb,farmor,674,34605387,19.476736382112993
1870,lb,feminin,38,34605387,1.098094929555332
1870,lb,flicka,20465,34605387,591.3819140355229
1870,lb,flickebarn,26,34605387,0.7513281096957535
1870,lb,fnaska,13,34605387,0.37566405484787674
1870,lb,fostermoder,0,34605387,0.0
1870,lb,fostermor,309,34605387,8.929245611384147
1870,lb,friherrinna,99,34605387,2.8608262638415227
1870,lb,fru,22974,34605387,663.8850766211631
1870,lb,fruntimmer,3522,34605387,101.7760616287863
1870,lb,fröken,7065,34605387,204.15896519232686
1870,lb,författarinna,269,34605387,7.773356211852218
1870,lb,gammal,41070,34605387,1186.8094409694074
1870,lb,gammal gumma,232,34605387,6.704158517285185
1870,lb,gammelmor,1,34605387,0.028897234988298208
1870,lb,gemål,1137,34605387,32.85615618169506
1870,lb,grevinna,4,34605387,0.11558893995319283
1870,lb,gumma,4481,34605387,129.48850998256427
1870,lb,guvernant,447,34605387,12.917064039769299
1870,lb,hennes,1,34605387,0.028897234988298208
1870,lb,hertiginna,473,34605387,13.668392149465053
1870,lb,hjältinna,1,34605387,0.028897234988298208
1870,lb,hjärtevän,1,34605387,0.028897234988298208
1870,lb,hona,206,34605387,5.952830407589431
1870,lb,honkön,0,34605387,0.0
1870,lb,hora,104,34605387,3.005312438783014
1870,lb,husfru,206,34605387,5.952830407589431
1870,lb,hushållerska,571,34605387,16.500321178318277
1870,lb,husmoder,0,34605387,0.0
1870,lb,husmor,261,34605387,7.542178331945832
1870,lb,hustru,10317,34605387,298.13277337427263
1870,lb,häxa,25,34605387,0.7224308747074553
1870,lb,jungfru,3701,34605387,106.94866669169167
1870,lb,jänta,143,34605387,4.132304603326644
1870,lb,jäntunge,0,34605387,0.0
1870,lb,kassörska,0,34605387,0.0
1870,lb,kejsarinna,388,34605387,11.212127175459704
1870,lb,kokerska,147,34605387,4.247893543279837
1870,lb,kokfru,14,34605387,0.40456128983617495
1870,lb,konstnärinna,9,34605387,0.2600751148946839
1870,lb,kontorist,245,34605387,7.079822572133061
1870,lb,kontorsfröken,0,34605387,0.0
1870,lb,kviga,0,34605387,0.0
1870,lb,kvinna,571,34605387,16.500321178318277
1870,lb,kvinnfolk,0,34605387,0.0
1870,lb,kvinnlig,0,34605387,0.0
1870,lb,kvinnlighet,0,34605387,0.0
1870,lb,kvinnokön,1,34605387,0.028897234988298208
1870,lb,kvinnsperson,0,34605387,0.0
1870,lb,käring,437,34605387,12.628091689886318
1870,lb,kärring,51,34605387,1.4737589844032086
1870,lb,landshövdingska,0,34605387,0.0
1870,lb,lillflicka,1,34605387,0.028897234988298208
1870,lb,liten,76438,34605387,2208.8468480355386
1870,lb,liten flicka,1189,34605387,34.358812401086574
1870,lb,livskamrat,0,34605387,0.0
1870,lb,lärarinna,540,34605387,15.604506893681034
1870,lb,madam,384,34605387,11.096538235506513
1870,lb,madame,549,34605387,15.864582008575717
1870,lb,maka,2986,34605387,86.28714367505846
1870,lb,mamma,5103,34605387,147.46259014528576
1870,lb,mamsell,2807,34605387,81.11453861215307
1870,lb,matmor,713,34605387,20.603728546656622
1870,lb,moder,7911,34605387,228.60602599242713
1870,lb,moderlig,425,34605387,12.281324870026738
1870,lb,moderlighet,1,34605387,0.028897234988298208
1870,lb,mor,20377,34605387,588.8389573565526
1870,lb,mormor,1046,34605387,30.226507797759925
1870,lb,mö,961,34605387,27.77024282375458
1870,lb,piga,1478,34605387,42.710113312704756
1870,lb,poetissa,13,34605387,0.37566405484787674
1870,lb,prinsessa,2575,34605387,74.41038009486789
1870,lb,prostinna,2,34605387,0.057794469976596416
1870,lb,prästfru,0,34605387,0.0
1870,lb,quinfolk,0,34605387,0.0
1870,lb,quinna,0,34605387,0.0
1870,lb,quinnor,1,34605387,0.028897234988298208
1870,lb,qvinfolk,28,34605387,0.8091225796723499
1870,lb,qvinnokön,0,34605387,0.0
1870,lb,qvinnor,344,34605387,9.940648835974583
1870,lb,qvinsperson,0,34605387,0.0
1870,lb,ragata,4,34605387,0.11558893995319283
1870,lb,satkärring,0,34605387,0.0
1870,lb,sig,425839,34605387,12305.56965018192
1870,lb,sjuksköterska,69,34605387,1.9939092141925765
1870,lb,själv,0,34605387,0.0
1870,lb,skata,167,34605387,4.825838243045801
1870,lb,skollärarinna,15,34605387,0.4334585248244731
1870,lb,skrivbiträde,0,34605387,0.0
1870,lb,skådespelerska,117,34605387,3.3809764936308904
1870,lb,sköka,37,34605387,1.0691976945670338
1870,lb,slampa,0,34605387,0.0
1870,lb,slinka,70,34605387,2.022806449180875
1870,lb,slyna,66,34605387,1.9072175092276817
1870,lb,småflicka,26,34605387,0.7513281096957535
1870,lb,sondotter,64,34605387,1.8494230392510853
1870,lb,spinnerska,0,34605387,0.0
1870,lb,styvmor,0,34605387,0.0
1870,lb,subba,0,34605387,0.0
1870,lb,sugga,58,34605387,1.6760396293212962
1870,lb,svärmor,309,34605387,8.929245611384147
1870,lb,syster,6986,34605387,201.87608362825128
1870,lb,systerdotter,218,34605387,6.299597227449009
1870,lb,sångerska,236,34605387,6.819747457238377
1870,lb,sömmerska,297,34605387,8.582478791524569
1870,lb,tant,3884,34605387,112.23686069455024
1870,lb,telefonist,0,34605387,0.0
1870,lb,tjej,1,34605387,0.028897234988298208
1870,lb,tjänarinna,4,34605387,0.11558893995319283
1870,lb,trollpacka,116,34605387,3.3520792586425925
1870,lb,tvätterska,160,34605387,4.6235575981277135
1870,lb,tös,330,34605387,9.53608754613841
1870,lb,tösabit,0,34605387,0.0
1870,lb,ungflicka,0,34605387,0.0
1870,lb,värdinna,1446,34605387,41.78540179307921
1870,lb,väverska,0,34605387,0.0
1870,lb,äkta,2233,34605387,64.5275257288699
1870,lb,äkta maka,17,34605387,0.49125299480106954
1870,lb,änka,4,34605387,0.11558893995319283
1870,tkr,amma,119,48663079,2.445385751279733
1870,tkr,barnmorska,123,48663079,2.5275835916588836
1870,tkr,baronessa,0,48663079,0.0
1870,tkr,borgmästarfru,0,48663079,0.0
1870,tkr,dam,79,48663079,1.6234073474882262
1870,tkr,dotter,1007,48663079,20.693306315451185
1870,tkr,drottning,338,48663079,6.945717512038233
1870,tkr,fabriksarbeterska,0,48663079,0.0
1870,tkr,farmor,5,48663079,0.10274730047393836
1870,tkr,feminin,2,48663079,0.041098920189575346
1870,tkr,flicka,311,48663079,6.390882089478966
1870,tkr,flickebarn,2,48663079,0.041098920189575346
1870,tkr,fnaska,0,48663079,0.0
1870,tkr,fostermoder,0,48663079,0.0
1870,tkr,fostermor,1,48663079,0.020549460094787673
1870,tkr,friherrinna,0,48663079,0.0
1870,tkr,fru,145,48663079,2.9796717137442124
1870,tkr,fruntimmer,88,48663079,1.8083524883413151
1870,tkr,fröken,31,48663079,0.6370332629384179
1870,tkr,författarinna,9,48663079,0.18494514085308905
1870,tkr,gammal,14610,48663079,300.2276119848479
1870,tkr,gammal gumma,12,48663079,0.24659352113745206
1870,tkr,gammelmor,0,48663079,0.0
1870,tkr,gemål,46,48663079,0.945275164360233
1870,tkr,grevinna,0,48663079,0.0
1870,tkr,gumma,34,48663079,0.6986816432227809
1870,tkr,guvernant,5,48663079,0.10274730047393836
1870,tkr,hennes,0,48663079,0.0
1870,tkr,hertiginna,97,48663079,1.9932976291944042
1870,tkr,hjältinna,0,48663079,0.0
1870,tkr,hjärtevän,0,48663079,0.0
1870,tkr,hona,14,48663079,0.2876924413270274
1870,tkr,honkön,0,48663079,0.0
1870,tkr,hora,271,48663079,5.568903685687459
1870,tkr,husfru,0,48663079,0.0
1870,tkr,hushållerska,11,48663079,0.2260440610426644
1870,tkr,husmoder,0,48663079,0.0
1870,tkr,husmor,25,48663079,0.5137365023696918
1870,tkr,hustru,2207,48663079,45.352658429196396
1870,tkr,häxa,2,48663079,0.041098920189575346
1870,tkr,jungfru,13,48663079,0.26714298123223973
1870,tkr,jänta,11,48663079,0.2260440610426644
1870,tkr,jäntunge,0,48663079,0.0
1870,tkr,kassörska,0,48663079,0.0
1870,tkr,kejsarinna,2,48663079,0.041098920189575346
1870,tkr,kokerska,25,48663079,0.5137365023696918
1870,tkr,kokfru,0,48663079,0.0
1870,tkr,konstnärinna,0,48663079,0.0
1870,tkr,kontorist,43,48663079,0.8836267840758699
1870,tkr,kontorsfröken,0,48663079,0.0
1870,tkr,kviga,0,48663079,0.0
1870,tkr,kvinna,31,48663079,0.6370332629384179
1870,tkr,kvinnfolk,0,48663079,0.0
1870,tkr,kvinnlig,0,48663079,0.0
1870,tkr,kvinnlighet,0,48663079,0.0
1870,tkr,kvinnokön,0,48663079,0.0
1870,tkr,kvinnsperson,0,48663079,0.0
1870,tkr,käring,9,48663079,0.18494514085308905
1870,tkr,kärring,1,48663079,0.020549460094787673
1870,tkr,landshövdingska,0,48663079,0.0
1870,tkr,lillflicka,0,48663079,0.0
1870,tkr,liten,59712,48663079,1227.0493611799616
1870,tkr,liten flicka,0,48663079,0.0
1870,tkr,livskamrat,0,48663079,0.0
1870,tkr,lärarinna,1520,48663079,31.235179344077263
1870,tkr,madam,0,48663079,0.0
1870,tkr,madame,2,48663079,0.041098920189575346
1870,tkr,maka,303,48663079,6.226486408720665
1870,tkr,mamma,5,48663079,0.10274730047393836
1870,tkr,mamsell,29,48663079,0.5959343427488425
1870,tkr,matmor,2,48663079,0.041098920189575346
1870,tkr,moder,328,48663079,6.740222911090356
1870,tkr,moderlig,17,48663079,0.34934082161139046
1870,tkr,moderlighet,0,48663079,0.0
1870,tkr,mor,395,48663079,8.117036737441131
1870,tkr,mormor,0,48663079,0.0
1870,tkr,mö,70,48663079,1.4384622066351371
1870,tkr,piga,76,48663079,1.5617589672038632
1870,tkr,poetissa,0,48663079,0.0
1870,tkr,prinsessa,85,48663079,1.746704108056952
1870,tkr,prostinna,0,48663079,0.0
1870,tkr,prästfru,0,48663079,0.0
1870,tkr,quinfolk,0,48663079,0.0
1870,tkr,quinna,0,48663079,0.0
1870,tkr,quinnor,0,48663079,0.0
1870,tkr,qvinfolk,0,48663079,0.0
1870,tkr,qvinnokön,1,48663079,0.020549460094787673
1870,tkr,qvinnor,5,48663079,0.10274730047393836
1870,tkr,qvinsperson,0,48663079,0.0
1870,tkr,ragata,0,48663079,0.0
1870,tkr,satkärring,0,48663079,0.0
1870,tkr,sig,263512,48663079,5415.029328497689
1870,tkr,sjuksköterska,34,48663079,0.6986816432227809
1870,tkr,själv,0,48663079,0.0
1870,tkr,skata,11,48663079,0.2260440610426644
1870,tkr,skollärarinna,8,48663079,0.16439568075830138
1870,tkr,skrivbiträde,0,48663079,0.0
1870,tkr,skådespelerska,1,48663079,0.020549460094787673
1870,tkr,sköka,4,48663079,0.08219784037915069
1870,tkr,slampa,0,48663079,0.0
1870,tkr,slinka,7,48663079,0.1438462206635137
1870,tkr,slyna,0,48663079,0.0
1870,tkr,småflicka,0,48663079,0.0
1870,tkr,sondotter,0,48663079,0.0
1870,tkr,spinnerska,0,48663079,0.0
1870,tkr,styvmor,0,48663079,0.0
1870,tkr,subba,0,48663079,0.0
1870,tkr,sugga,0,48663079,0.0
1870,tkr,svärmor,3,48663079,0.061648380284363015
1870,tkr,syster,76,48663079,1.5617589672038632
1870,tkr,systerdotter,5,48663079,0.10274730047393836
1870,tkr,sångerska,7,48663079,0.1438462206635137
1870,tkr,sömmerska,1,48663079,0.020549460094787673
1870,tkr,tant,95,48663079,1.952198709004829
1870,tkr,telefonist,0,48663079,0.0
1870,tkr,tjej,0,48663079,0.0
1870,tkr,tjänarinna,0,48663079,0.0
1870,tkr,trollpacka,0,48663079,0.0
1870,tkr,tvätterska,4,48663079,0.08219784037915069
1870,tkr,tös,3,48663079,0.061648380284363015
1870,tkr,tösabit,0,48663079,0.0
1870,tkr,ungflicka,0,48663079,0.0
1870,tkr,värdinna,5,48663079,0.10274730047393836
1870,tkr,väverska,0,48663079,0.0
1870,tkr,äkta,266,48663079,5.466156385213521
1870,tkr,äkta maka,4,48663079,0.08219784037915069
1870,tkr,änka,6,48663079,0.12329676056872603
1870,kubhist2,amma,1471,96758392,15.202815689619976
1870,kubhist2,barnmorska,224,96758392,2.315044673334381
1870,kubhist2,baronessa,280,96758392,2.8938058416679766
1870,kubhist2,borgmästarfru,0,96758392,0.0
1870,kubhist2,dam,7931,96758392,81.96705046524544
1870,kubhist2,dotter,11849,96758392,122.4596622068709
1870,kubhist2,drottning,7318,96758392,75.63168267616518
1870,kubhist2,fabriksarbeterska,0,96758392,0.0
1870,kubhist2,farmor,126,96758392,1.3022126287505893
1870,kubhist2,feminin,30,96758392,0.3100506258929975
1870,kubhist2,flicka,11995,96758392,123.9685752528835
1870,kubhist2,flickebarn,56,96758392,0.5787611683335953
1870,kubhist2,fnaska,2,96758392,0.020670041726199833
1870,kubhist2,fostermoder,0,96758392,0.0
1870,kubhist2,fostermor,86,96758392,0.8888117942265927
1870,kubhist2,friherrinna,0,96758392,0.0
1870,kubhist2,fru,27608,96758392,285.3292559884625
1870,kubhist2,fruntimmer,6726,96758392,69.51335032521004
1870,kubhist2,fröken,9407,96758392,97.22154125918091
1870,kubhist2,författarinna,974,96758392,10.066310320659317
1870,kubhist2,gammal,56234,96758392,581.1795632155606
1870,kubhist2,gammal gumma,61,96758392,0.6304362726490949
1870,kubhist2,gammelmor,0,96758392,0.0
1870,kubhist2,gemål,758,96758392,7.833945814229736
1870,kubhist2,grevinna,8,96758392,0.08268016690479933
1870,kubhist2,gumma,824,96758392,8.516057191194331
1870,kubhist2,guvernant,545,96758392,5.632586370389454
1870,kubhist2,hennes,0,96758392,0.0
1870,kubhist2,hertiginna,701,96758392,7.244849625033041
1870,kubhist2,hjältinna,9,96758392,0.09301518776789924
1870,kubhist2,hjärtevän,0,96758392,0.0
1870,kubhist2,hona,221,96758392,2.2840396107450815
1870,kubhist2,honkön,0,96758392,0.0
1870,kubhist2,hora,311,96758392,3.2141914884240737
1870,kubhist2,husfru,159,96758392,1.6432683172328866
1870,kubhist2,hushållerska,548,96758392,5.663591432978754
1870,kubhist2,husmoder,0,96758392,0.0
1870,kubhist2,husmor,658,96758392,6.8004437279197445
1870,kubhist2,hustru,16905,96758392,174.71352769070407
1870,kubhist2,häxa,39,96758392,0.4030658136608967
1870,kubhist2,jungfru,1210,96758392,12.505375244350898
1870,kubhist2,jänta,54,96758392,0.5580911266073955
1870,kubhist2,jäntunge,0,96758392,0.0
1870,kubhist2,kassörska,12,96758392,0.12402025035719899
1870,kubhist2,kejsarinna,1074,96758392,11.09981240696931
1870,kubhist2,kokerska,276,96758392,2.8524657582155766
1870,kubhist2,kokfru,0,96758392,0.0
1870,kubhist2,konstnärinna,0,96758392,0.0
1870,kubhist2,kontorist,644,96758392,6.6557534358363455
1870,kubhist2,kontorsfröken,0,96758392,0.0
1870,kubhist2,kviga,2,96758392,0.020670041726199833
1870,kubhist2,kvinna,223,96758392,2.3047096524712813
1870,kubhist2,kvinnfolk,0,96758392,0.0
1870,kubhist2,kvinnlig,0,96758392,0.0
1870,kubhist2,kvinnlighet,0,96758392,0.0
1870,kubhist2,kvinnokön,1,96758392,0.010335020863099917
1870,kubhist2,kvinnsperson,0,96758392,0.0
1870,kubhist2,käring,68,96758392,0.7027814186907942
1870,kubhist2,kärring,5,96758392,0.05167510431549958
1870,kubhist2,landshövdingska,0,96758392,0.0
1870,kubhist2,lillflicka,0,96758392,0.0
1870,kubhist2,liten,134516,96758392,1390.2256664207482
1870,kubhist2,liten flicka,459,96758392,4.743774576162862
1870,kubhist2,livskamrat,0,96758392,0.0
1870,kubhist2,lärarinna,3605,96758392,37.2577502114752
1870,kubhist2,madam,143,96758392,1.477907983423288
1870,kubhist2,madame,664,96758392,6.862453853098344
1870,kubhist2,maka,5500,96758392,56.84261474704954
1870,kubhist2,mamma,1386,96758392,14.324338916256483
1870,kubhist2,mamsell,1142,96758392,11.802593825660104
1870,kubhist2,matmor,273,96758392,2.821460695626277
1870,kubhist2,moder,4961,96758392,51.272038501838686
1870,kubhist2,moderlig,362,96758392,3.7412775524421695
1870,kubhist2,moderlighet,4,96758392,0.041340083452399666
1870,kubhist2,mor,10020,96758392,103.55690904826116
1870,kubhist2,mormor,198,96758392,2.0463341308937832
1870,kubhist2,mö,519,96758392,5.363875827948856
1870,kubhist2,piga,1693,96758392,17.497190321228157
1870,kubhist2,poetissa,5,96758392,0.05167510431549958
1870,kubhist2,prinsessa,1712,96758392,17.693555717627056
1870,kubhist2,prostinna,0,96758392,0.0
1870,kubhist2,prästfru,0,96758392,0.0
1870,kubhist2,quinfolk,0,96758392,0.0
1870,kubhist2,quinna,0,96758392,0.0
1870,kubhist2,quinnor,0,96758392,0.0
1870,kubhist2,qvinfolk,0,96758392,0.0
1870,kubhist2,qvinnokön,0,96758392,0.0
1870,kubhist2,qvinnor,0,96758392,0.0
1870,kubhist2,qvinsperson,0,96758392,0.0
1870,kubhist2,ragata,2,96758392,0.020670041726199833
1870,kubhist2,satkärring,0,96758392,0.0
1870,kubhist2,sig,291436,96758392,3011.997140258387
1870,kubhist2,sjuksköterska,173,96758392,1.7879586093162854
1870,kubhist2,själv,4,96758392,0.041340083452399666
1870,kubhist2,skata,208,96758392,2.1496843395247827
1870,kubhist2,skollärarinna,0,96758392,0.0
1870,kubhist2,skrivbiträde,0,96758392,0.0
1870,kubhist2,skådespelerska,615,96758392,6.356037830806448
1870,kubhist2,sköka,22,96758392,0.22737045898819816
1870,kubhist2,slampa,1,96758392,0.010335020863099917
1870,kubhist2,slinka,56,96758392,0.5787611683335953
1870,kubhist2,slyna,13,96758392,0.13435527122029892
1870,kubhist2,småflicka,26,96758392,0.26871054244059783
1870,kubhist2,sondotter,52,96758392,0.5374210848811957
1870,kubhist2,spinnerska,0,96758392,0.0
1870,kubhist2,styvmor,0,96758392,0.0
1870,kubhist2,subba,4,96758392,0.041340083452399666
1870,kubhist2,sugga,61,96758392,0.6304362726490949
1870,kubhist2,svärmor,320,96758392,3.307206676191973
1870,kubhist2,syster,4422,96758392,45.70146225662783
1870,kubhist2,systerdotter,149,96758392,1.5399181086018874
1870,kubhist2,sångerska,1117,96758392,11.544218304082607
1870,kubhist2,sömmerska,309,96758392,3.193521446697874
1870,kubhist2,tant,1074,96758392,11.09981240696931
1870,kubhist2,telefonist,0,96758392,0.0
1870,kubhist2,tjej,10,96758392,0.10335020863099915
1870,kubhist2,tjänarinna,0,96758392,0.0
1870,kubhist2,trollpacka,29,96758392,0.2997156050298976
1870,kubhist2,tvätterska,71,96758392,0.733786481280094
1870,kubhist2,tös,90,96758392,0.9301518776789924
1870,kubhist2,tösabit,0,96758392,0.0
1870,kubhist2,ungflicka,0,96758392,0.0
1870,kubhist2,värdinna,668,96758392,6.903793936550744
1870,kubhist2,väverska,0,96758392,0.0
1870,kubhist2,äkta,7308,96758392,75.52833246753418
1870,kubhist2,äkta maka,11,96758392,0.11368522949409908
1870,kubhist2,änka,29,96758392,0.2997156050298976
1880,lb,amma,664,55511947,11.961389140251196
1880,lb,barnmorska,85,55511947,1.5312019230743248
1880,lb,baronessa,646,55511947,11.63713461536487
1880,lb,borgmästarfru,1,55511947,0.018014140271462645
1880,lb,dam,10612,55511947,191.1660565607616
1880,lb,dotter,16473,55511947,296.74693269180415
1880,lb,drottning,4902,55511947,88.30531561070988
1880,lb,fabriksarbeterska,0,55511947,0.0
1880,lb,farmor,939,55511947,16.915277714903425
1880,lb,feminin,46,55511947,0.8286504524872818
1880,lb,flicka,29726,55511947,535.4883337094986
1880,lb,flickebarn,43,55511947,0.7746080316728937
1880,lb,fnaska,6,55511947,0.10808484162877588
1880,lb,fostermoder,0,55511947,0.0
1880,lb,fostermor,400,55511947,7.205656108585059
1880,lb,friherrinna,141,55511947,2.539993778276233
1880,lb,fru,32598,55511947,587.2249445691393
1880,lb,fruntimmer,3855,55511947,69.4445107464885
1880,lb,fröken,14110,55511947,254.17951923033792
1880,lb,författarinna,418,55511947,7.529910633471386
1880,lb,gammal,65173,55511947,1174.035563912035
1880,lb,gammal gumma,315,55511947,5.674454185510734
1880,lb,gammelmor,34,55511947,0.6124807692297299
1880,lb,gemål,1121,55511947,20.193851244309627
1880,lb,grevinna,1,55511947,0.018014140271462645
1880,lb,gumma,6903,55511947,124.35161029390665
1880,lb,guvernant,627,55511947,11.294865950207079
1880,lb,hennes,0,55511947,0.0
1880,lb,hertiginna,357,55511947,6.431048076912164
1880,lb,hjältinna,21,55511947,0.37829694570071554
1880,lb,hjärtevän,24,55511947,0.4323393665151035
1880,lb,hona,304,55511947,5.476298642524644
1880,lb,honkön,0,55511947,0.0
1880,lb,hora,125,55511947,2.251767533932831
1880,lb,husfru,445,55511947,8.016292420800877
1880,lb,hushållerska,719,55511947,12.952166855181643
1880,lb,husmoder,1,55511947,0.018014140271462645
1880,lb,husmor,487,55511947,8.772886312202308
1880,lb,hustru,15663,55511947,282.15547907191944
1880,lb,häxa,38,55511947,0.6845373303155805
1880,lb,jungfru,6067,55511947,109.29178902696387
1880,lb,jänta,443,55511947,7.980264140257952
1880,lb,jäntunge,5,55511947,0.09007070135731322
1880,lb,kassörska,13,55511947,0.2341838235290144
1880,lb,kejsarinna,917,55511947,16.518966628931246
1880,lb,kokerska,196,55511947,3.5307714932066787
1880,lb,kokfru,23,55511947,0.4143252262436409
1880,lb,konstnärinna,35,55511947,0.6304949095011926
1880,lb,kontorist,222,55511947,3.9991391402647074
1880,lb,kontorsfröken,1,55511947,0.018014140271462645
1880,lb,kviga,40,55511947,0.7205656108585058
1880,lb,kvinna,3398,55511947,61.21204864243007
1880,lb,kvinnfolk,18,55511947,0.3242545248863276
1880,lb,kvinnlig,4,55511947,0.07205656108585058
1880,lb,kvinnlighet,0,55511947,0.0
1880,lb,kvinnokön,9,55511947,0.1621272624431638
1880,lb,kvinnsperson,0,55511947,0.0
1880,lb,käring,1712,55511947,30.84020814474405
1880,lb,kärring,66,55511947,1.1889332579165346
1880,lb,landshövdingska,0,55511947,0.0
1880,lb,lillflicka,1,55511947,0.018014140271462645
1880,lb,liten,128146,55511947,2308.440019226852
1880,lb,liten flicka,1426,55511947,25.68816402710573
1880,lb,livskamrat,0,55511947,0.0
1880,lb,lärarinna,606,55511947,10.916569004506364
1880,lb,madam,523,55511947,9.421395361974964
1880,lb,madame,822,55511947,14.807623303142295
1880,lb,maka,3897,55511947,70.20110463788993
1880,lb,mamma,8715,55511947,156.99323246579695
1880,lb,mamsell,3290,55511947,59.2665214931121
1880,lb,matmor,712,55511947,12.826067873281403
1880,lb,moder,13018,55511947,234.50807805390073
1880,lb,moderlig,608,55511947,10.952597285049288
1880,lb,moderlighet,9,55511947,0.1621272624431638
1880,lb,mor,33094,55511947,596.1599581437848
1880,lb,mormor,1328,55511947,23.922778280502392
1880,lb,mö,1194,55511947,21.5088834841264
1880,lb,piga,2758,55511947,49.68299886869398
1880,lb,poetissa,11,55511947,0.1981555429860891
1880,lb,prinsessa,2569,55511947,46.278326357387535
1880,lb,prostinna,16,55511947,0.2882262443434023
1880,lb,prästfru,6,55511947,0.10808484162877588
1880,lb,quinfolk,0,55511947,0.0
1880,lb,quinna,0,55511947,0.0
1880,lb,quinnor,0,55511947,0.0
1880,lb,qvinfolk,46,55511947,0.8286504524872818
1880,lb,qvinnokön,1,55511947,0.018014140271462645
1880,lb,qvinnor,676,55511947,12.177558823508749
1880,lb,qvinsperson,1,55511947,0.018014140271462645
1880,lb,ragata,7,55511947,0.12609898190023852
1880,lb,satkärring,0,55511947,0.0
1880,lb,sig,684872,55511947,12337.380275997166
1880,lb,sjuksköterska,130,55511947,2.341838235290144
1880,lb,själv,23,55511947,0.4143252262436409
1880,lb,skata,358,55511947,6.449062217183627
1880,lb,skollärarinna,23,55511947,0.4143252262436409
1880,lb,skrivbiträde,0,55511947,0.0
1880,lb,skådespelerska,359,55511947,6.46707635745509
1880,lb,sköka,104,55511947,1.8734705882321152
1880,lb,slampa,6,55511947,0.10808484162877588
1880,lb,slinka,281,55511947,5.0619734162810035
1880,lb,slyna,119,55511947,2.1436826923040546
1880,lb,småflicka,93,55511947,1.6753150452460261
1880,lb,sondotter,139,55511947,2.503965497733308
1880,lb,spinnerska,0,55511947,0.0
1880,lb,styvmor,0,55511947,0.0
1880,lb,subba,0,55511947,0.0
1880,lb,sugga,85,55511947,1.5312019230743248
1880,lb,svärmor,694,55511947,12.501813348395077
1880,lb,syster,8285,55511947,149.24715214906803
1880,lb,systerdotter,235,55511947,4.2333229637937215
1880,lb,sångerska,304,55511947,5.476298642524644
1880,lb,sömmerska,393,55511947,7.079557126684819
1880,lb,tant,5208,55511947,93.81764253377746
1880,lb,telefonist,3,55511947,0.05404242081438794
1880,lb,tjej,1,55511947,0.018014140271462645
1880,lb,tjänarinna,43,55511947,0.7746080316728937
1880,lb,trollpacka,157,55511947,2.8282200226196355
1880,lb,tvätterska,100,55511947,1.8014140271462646
1880,lb,tös,933,55511947,16.807192873274648
1880,lb,tösabit,0,55511947,0.0
1880,lb,ungflicka,0,55511947,0.0
1880,lb,värdinna,2002,55511947,36.06430882346822
1880,lb,väverska,0,55511947,0.0
1880,lb,äkta,3875,55511947,69.80479355191775
1880,lb,äkta maka,25,55511947,0.45035350678656616
1880,lb,änka,118,55511947,2.125668552032592
1880,tkr,amma,37,45300858,0.8167615721538872
1880,tkr,barnmorska,531,45300858,11.721632292262544
1880,tkr,baronessa,0,45300858,0.0
1880,tkr,borgmästarfru,0,45300858,0.0
1880,tkr,dam,190,45300858,4.194181046195637
1880,tkr,dotter,572,45300858,12.626692412757391
1880,tkr,drottning,220,45300858,4.856420158752843
1880,tkr,fabriksarbeterska,0,45300858,0.0
1880,tkr,farmor,5,45300858,0.11037318542620098
1880,tkr,feminin,3,45300858,0.0662239112557206
1880,tkr,flicka,719,45300858,15.871664064287701
1880,tkr,flickebarn,1,45300858,0.022074637085240194
1880,tkr,fnaska,0,45300858,0.0
1880,tkr,fostermoder,0,45300858,0.0
1880,tkr,fostermor,1,45300858,0.022074637085240194
1880,tkr,friherrinna,0,45300858,0.0
1880,tkr,fru,104,45300858,2.2957622568649803
1880,tkr,fruntimmer,63,45300858,1.3907021363701324
1880,tkr,fröken,28,45300858,0.6180898383867255
1880,tkr,författarinna,4,45300858,0.08829854834096078
1880,tkr,gammal,13330,45300858,294.2549123462518
1880,tkr,gammal gumma,7,45300858,0.15452245959668137
1880,tkr,gammelmor,0,45300858,0.0
1880,tkr,gemål,38,45300858,0.8388362092391274
1880,tkr,grevinna,0,45300858,0.0
1880,tkr,gumma,49,45300858,1.0816572171767695
1880,tkr,guvernant,2,45300858,0.04414927417048039
1880,tkr,hennes,0,45300858,0.0
1880,tkr,hertiginna,32,45300858,0.7063883867276862
1880,tkr,hjältinna,0,45300858,0.0
1880,tkr,hjärtevän,0,45300858,0.0
1880,tkr,hona,8,45300858,0.17659709668192156
1880,tkr,honkön,0,45300858,0.0
1880,tkr,hora,72,45300858,1.5893738701372941
1880,tkr,husfru,2,45300858,0.04414927417048039
1880,tkr,hushållerska,11,45300858,0.24282100793764216
1880,tkr,husmoder,0,45300858,0.0
1880,tkr,husmor,29,45300858,0.6401644754719656
1880,tkr,hustru,1444,45300858,31.875775951086844
1880,tkr,häxa,1,45300858,0.022074637085240194
1880,tkr,jungfru,13,45300858,0.28697028210812253
1880,tkr,jänta,4,45300858,0.08829854834096078
1880,tkr,jäntunge,0,45300858,0.0
1880,tkr,kassörska,0,45300858,0.0
1880,tkr,kejsarinna,9,45300858,0.19867173376716177
1880,tkr,kokerska,4,45300858,0.08829854834096078
1880,tkr,kokfru,0,45300858,0.0
1880,tkr,konstnärinna,0,45300858,0.0
1880,tkr,kontorist,31,45300858,0.6843137496424461
1880,tkr,kontorsfröken,0,45300858,0.0
1880,tkr,kviga,0,45300858,0.0
1880,tkr,kvinna,26,45300858,0.5739405642162451
1880,tkr,kvinnfolk,0,45300858,0.0
1880,tkr,kvinnlig,0,45300858,0.0
1880,tkr,kvinnlighet,0,45300858,0.0
1880,tkr,kvinnokön,0,45300858,0.0
1880,tkr,kvinnsperson,0,45300858,0.0
1880,tkr,käring,7,45300858,0.15452245959668137
1880,tkr,kärring,0,45300858,0.0
1880,tkr,landshövdingska,0,45300858,0.0
1880,tkr,lillflicka,0,45300858,0.0
1880,tkr,liten,56101,45300858,1238.4092151190603
1880,tkr,liten flicka,4,45300858,0.08829854834096078
1880,tkr,livskamrat,0,45300858,0.0
1880,tkr,lärarinna,2791,45300858,61.61031210490538
1880,tkr,madam,0,45300858,0.0
1880,tkr,madame,2,45300858,0.04414927417048039
1880,tkr,maka,186,45300858,4.105882497854676
1880,tkr,mamma,6,45300858,0.1324478225114412
1880,tkr,mamsell,14,45300858,0.30904491919336274
1880,tkr,matmor,8,45300858,0.17659709668192156
1880,tkr,moder,605,45300858,13.355155436570318
1880,tkr,moderlig,11,45300858,0.24282100793764216
1880,tkr,moderlighet,0,45300858,0.0
1880,tkr,mor,667,45300858,14.72378293585521
1880,tkr,mormor,0,45300858,0.0
1880,tkr,mö,30,45300858,0.6622391125572059
1880,tkr,piga,108,45300858,2.3840608052059413
1880,tkr,poetissa,0,45300858,0.0
1880,tkr,prinsessa,126,45300858,2.781404272740265
1880,tkr,prostinna,0,45300858,0.0
1880,tkr,prästfru,0,45300858,0.0
1880,tkr,quinfolk,0,45300858,0.0
1880,tkr,quinna,0,45300858,0.0
1880,tkr,quinnor,0,45300858,0.0
1880,tkr,qvinfolk,0,45300858,0.0
1880,tkr,qvinnokön,1,45300858,0.022074637085240194
1880,tkr,qvinnor,219,45300858,4.834345521667603
1880,tkr,qvinsperson,0,45300858,0.0
1880,tkr,ragata,0,45300858,0.0
1880,tkr,satkärring,0,45300858,0.0
1880,tkr,sig,237772,45300858,5248.730609031732
1880,tkr,sjuksköterska,167,45300858,3.686464393235113
1880,tkr,själv,0,45300858,0.0
1880,tkr,skata,8,45300858,0.17659709668192156
1880,tkr,skollärarinna,10,45300858,0.22074637085240195
1880,tkr,skrivbiträde,0,45300858,0.0
1880,tkr,skådespelerska,2,45300858,0.04414927417048039
1880,tkr,sköka,7,45300858,0.15452245959668137
1880,tkr,slampa,0,45300858,0.0
1880,tkr,slinka,7,45300858,0.15452245959668137
1880,tkr,slyna,0,45300858,0.0
1880,tkr,småflicka,1,45300858,0.022074637085240194
1880,tkr,sondotter,0,45300858,0.0
1880,tkr,spinnerska,0,45300858,0.0
1880,tkr,styvmor,0,45300858,0.0
1880,tkr,subba,0,45300858,0.0
1880,tkr,sugga,0,45300858,0.0
1880,tkr,svärmor,3,45300858,0.0662239112557206
1880,tkr,syster,88,45300858,1.9425680635011373
1880,tkr,systerdotter,2,45300858,0.04414927417048039
1880,tkr,sångerska,7,45300858,0.15452245959668137
1880,tkr,sömmerska,10,45300858,0.22074637085240195
1880,tkr,tant,47,45300858,1.0375079430062892
1880,tkr,telefonist,2,45300858,0.04414927417048039
1880,tkr,tjej,0,45300858,0.0
1880,tkr,tjänarinna,0,45300858,0.0
1880,tkr,trollpacka,0,45300858,0.0
1880,tkr,tvätterska,0,45300858,0.0
1880,tkr,tös,0,45300858,0.0
1880,tkr,tösabit,0,45300858,0.0
1880,tkr,ungflicka,0,45300858,0.0
1880,tkr,värdinna,1,45300858,0.022074637085240194
1880,tkr,väverska,0,45300858,0.0
1880,tkr,äkta,647,45300858,14.282290194150407
1880,tkr,äkta maka,1,45300858,0.022074637085240194
1880,tkr,änka,0,45300858,0.0
1880,kubhist2,amma,15387,1450309699,10.609458111332675
1880,kubhist2,barnmorska,8180,1450309699,5.640174650724721
1880,kubhist2,baronessa,7983,1450309699,5.504341593732939
1880,kubhist2,borgmästarfru,0,1450309699,0.0
1880,kubhist2,dam,204475,1450309699,140.98712857053022
1880,kubhist2,dotter,236709,1450309699,163.2127263323225
1880,kubhist2,drottning,130268,1450309699,89.82081557464645
1880,kubhist2,fabriksarbeterska,0,1450309699,0.0
1880,kubhist2,farmor,4880,1450309699,3.364798569136508
1880,kubhist2,feminin,497,1450309699,0.34268542804525504
1880,kubhist2,flicka,383407,1450309699,264.3621567616642
1880,kubhist2,flickebarn,3018,1450309699,2.080934852797947
1880,kubhist2,fnaska,28,1450309699,0.01930622129832423
1880,kubhist2,fostermoder,0,1450309699,0.0
1880,kubhist2,fostermor,1599,1450309699,1.1025231377150158
1880,kubhist2,friherrinna,0,1450309699,0.0
1880,kubhist2,fru,538839,1450309699,371.53374922027604
1880,kubhist2,fruntimmer,170628,1450309699,117.6493545603738
1880,kubhist2,fröken,250322,1450309699,172.59899742282562
1880,kubhist2,författarinna,8568,1450309699,5.907703717287213
1880,kubhist2,gammal,998280,1450309699,688.3219499175397
1880,kubhist2,gammal gumma,1907,1450309699,1.3148915719965821
1880,kubhist2,gammelmor,0,1450309699,0.0
1880,kubhist2,gemål,16420,1450309699,11.321719775660137
1880,kubhist2,grevinna,85,1450309699,0.058608171798484265
1880,kubhist2,gumma,31171,1450309699,21.492650860359447
1880,kubhist2,guvernant,5915,1450309699,4.0784392492709935
1880,kubhist2,hennes,0,1450309699,0.0
1880,kubhist2,hertiginna,13525,1450309699,9.325594394994114
1880,kubhist2,hjältinna,218,1450309699,0.15031272296552434
1880,kubhist2,hjärtevän,45,1450309699,0.031027855658021082
1880,kubhist2,hona,4933,1450309699,3.401342488022622
1880,kubhist2,honkön,38,1450309699,0.026201300333440022
1880,kubhist2,hora,2980,1450309699,2.054733552464507
1880,kubhist2,husfru,1768,1450309699,1.2190499734084728
1880,kubhist2,hushållerska,16240,1450309699,11.197608353028052
1880,kubhist2,husmoder,0,1450309699,0.0
1880,kubhist2,husmor,14012,1450309699,9.661384744004254
1880,kubhist2,hustru,307436,1450309699,211.979551823986
1880,kubhist2,häxa,156,1450309699,0.10756323294780641
1880,kubhist2,jungfru,75635,1450309699,52.15093028209832
1880,kubhist2,jänta,1307,1450309699,0.9011868298896345
1880,kubhist2,jäntunge,0,1450309699,0.0
1880,kubhist2,kassörska,4170,1450309699,2.875247957643287
1880,kubhist2,kejsarinna,32831,1450309699,22.637233980188668
1880,kubhist2,kokerska,26824,1450309699,18.49536000379461
1880,kubhist2,kokfru,0,1450309699,0.0
1880,kubhist2,konstnärinna,0,1450309699,0.0
1880,kubhist2,kontorist,8818,1450309699,6.080080693165109
1880,kubhist2,kontorsfröken,0,1450309699,0.0
1880,kubhist2,kviga,2332,1450309699,1.6079324309890035
1880,kubhist2,kvinna,41635,1450309699,28.707661562704615
1880,kubhist2,kvinnfolk,18,1450309699,0.012411142263208432
1880,kubhist2,kvinnlig,14,1450309699,0.009653110649162114
1880,kubhist2,kvinnlighet,1,1450309699,0.0006895079035115796
1880,kubhist2,kvinnokön,106,1450309699,0.07308783777222744
1880,kubhist2,kvinnsperson,10,1450309699,0.006895079035115796
1880,kubhist2,käring,2714,1450309699,1.871324450130427
1880,kubhist2,kärring,232,1450309699,0.15996583361468647
1880,kubhist2,landshövdingska,0,1450309699,0.0
1880,kubhist2,lillflicka,1,1450309699,0.0006895079035115796
1880,kubhist2,liten,2035565,1450309699,1403.5381556115485
1880,kubhist2,liten flicka,9386,1450309699,6.471721182359686
1880,kubhist2,livskamrat,0,1450309699,0.0
1880,kubhist2,lärarinna,57027,1450309699,39.320567213554845
1880,kubhist2,madam,14395,1450309699,9.925466271049189
1880,kubhist2,madame,8759,1450309699,6.039399726857925
1880,kubhist2,maka,59715,1450309699,41.17396445819397
1880,kubhist2,mamma,30989,1450309699,21.36716042192034
1880,kubhist2,mamsell,18123,1450309699,12.495951735340357
1880,kubhist2,matmor,3069,1450309699,2.1160997558770376
1880,kubhist2,moder,100936,1450309699,69.5961697488448
1880,kubhist2,moderlig,6882,1450309699,4.745193391966691
1880,kubhist2,moderlighet,17,1450309699,0.011721634359696852
1880,kubhist2,mor,175755,1450309699,121.18446158167767
1880,kubhist2,mormor,7384,1450309699,5.0913263595295035
1880,kubhist2,mö,4692,1450309699,3.2351710832763314
1880,kubhist2,piga,41826,1450309699,28.839357572275325
1880,kubhist2,poetissa,88,1450309699,0.060676695509019
1880,kubhist2,prinsessa,52584,1450309699,36.2570835982529
1880,kubhist2,prostinna,0,1450309699,0.0
1880,kubhist2,prästfru,0,1450309699,0.0
1880,kubhist2,quinfolk,0,1450309699,0.0
1880,kubhist2,quinna,0,1450309699,0.0
1880,kubhist2,quinnor,0,1450309699,0.0
1880,kubhist2,qvinfolk,0,1450309699,0.0
1880,kubhist2,qvinnokön,0,1450309699,0.0
1880,kubhist2,qvinnor,0,1450309699,0.0
1880,kubhist2,qvinsperson,0,1450309699,0.0
1880,kubhist2,ragata,47,1450309699,0.032406871465044236
1880,kubhist2,satkärring,1,1450309699,0.0006895079035115796
1880,kubhist2,sig,4410347,1450309699,3040.9691137285845
1880,kubhist2,sjuksköterska,5666,1450309699,3.90675178129661
1880,kubhist2,själv,90,1450309699,0.062055711316042164
1880,kubhist2,skata,2967,1450309699,2.0457699497188564
1880,kubhist2,skollärarinna,0,1450309699,0.0
1880,kubhist2,skrivbiträde,0,1450309699,0.0
1880,kubhist2,skådespelerska,9375,1450309699,6.464136595421058
1880,kubhist2,sköka,532,1450309699,0.36681820466816034
1880,kubhist2,slampa,38,1450309699,0.026201300333440022
1880,kubhist2,slinka,1041,1450309699,0.7177777275555544
1880,kubhist2,slyna,306,1450309699,0.21098941847454333
1880,kubhist2,småflicka,540,1450309699,0.37233426789625296
1880,kubhist2,sondotter,1451,1450309699,1.000475967995302
1880,kubhist2,spinnerska,0,1450309699,0.0
1880,kubhist2,styvmor,4,1450309699,0.0027580316140463183
1880,kubhist2,subba,36,1450309699,0.024822284526416865
1880,kubhist2,sugga,5311,1450309699,3.661976475549999
1880,kubhist2,svärmor,5823,1450309699,4.015004522147928
1880,kubhist2,syster,73846,1450309699,50.9174006427161
1880,kubhist2,systerdotter,2484,1450309699,1.7127376323227637
1880,kubhist2,sångerska,16609,1450309699,11.452036769423826
1880,kubhist2,sömmerska,12787,1450309699,8.816737562202569
1880,kubhist2,tant,22802,1450309699,15.722159215871038
1880,kubhist2,telefonist,425,1450309699,0.2930408589924213
1880,kubhist2,tjej,32,1450309699,0.022064252912370547
1880,kubhist2,tjänarinna,354,1450309699,0.24408579784309917
1880,kubhist2,trollpacka,480,1450309699,0.33096379368555817
1880,kubhist2,tvätterska,3897,1450309699,2.6870122999846258
1880,kubhist2,tös,2440,1450309699,1.682399284568254
1880,kubhist2,tösabit,0,1450309699,0.0
1880,kubhist2,ungflicka,0,1450309699,0.0
1880,kubhist2,värdinna,16627,1450309699,11.464447911687033
1880,kubhist2,väverska,0,1450309699,0.0
1880,kubhist2,äkta,158682,1450309699,109.41249314502447
1880,kubhist2,äkta maka,236,1450309699,0.16272386522873278
1880,kubhist2,änka,2006,1450309699,1.3831528544442286
1890,lb,amma,524,62219305,8.421823419596217
1890,lb,barnmorska,91,62219305,1.4625685709604117
1890,lb,baronessa,680,62219305,10.929083826956923
1890,lb,borgmästarfru,1,62219305,0.016072182098466063
1890,lb,dam,10958,62219305,176.11897143499112
1890,lb,dotter,19148,62219305,307.7501428214282
1890,lb,drottning,8746,62219305,140.5673046331842
1890,lb,fabriksarbeterska,0,62219305,0.0
1890,lb,farmor,975,62219305,15.670377546004412
1890,lb,feminin,39,62219305,0.6268151018401764
1890,lb,flicka,32074,62219305,515.4991686262005
1890,lb,flickebarn,55,62219305,0.8839700154156335
1890,lb,fnaska,5,62219305,0.08036091049233031
1890,lb,fostermoder,0,62219305,0.0
1890,lb,fostermor,314,62219305,5.046665178918344
1890,lb,friherrinna,151,62219305,2.4268994968683755
1890,lb,fru,42072,62219305,676.1888452466642
1890,lb,fruntimmer,3631,62219305,58.35809319953027
1890,lb,fröken,17619,62219305,283.17577639287356
1890,lb,författarinna,419,62219305,6.734244299257281
1890,lb,gammal,70496,62219305,1133.0245492134636
1890,lb,gammal gumma,368,62219305,5.9145630122355115
1890,lb,gammelmor,61,62219305,0.9804031080064298
1890,lb,gemål,2255,62219305,36.24277063204097
1890,lb,grevinna,7,62219305,0.11250527468926244
1890,lb,gumma,7298,62219305,117.29478495460533
1890,lb,guvernant,530,62219305,8.518256512187014
1890,lb,hennes,1,62219305,0.016072182098466063
1890,lb,hertiginna,952,62219305,15.300717357739693
1890,lb,hjältinna,149,62219305,2.3947551326714436
1890,lb,hjärtevän,88,62219305,1.4143520246650136
1890,lb,hona,280,62219305,4.500210987570497
1890,lb,honkön,2,62219305,0.032144364196932125
1890,lb,hora,82,62219305,1.317918932074217
1890,lb,husfru,465,62219305,7.47356467578672
1890,lb,hushållerska,832,62219305,13.372055505923765
1890,lb,husmoder,0,62219305,0.0
1890,lb,husmor,702,62219305,11.282671833123176
1890,lb,hustru,20274,62219305,325.84741986430095
1890,lb,häxa,360,62219305,5.785985555447783
1890,lb,jungfru,9071,62219305,145.79076381518567
1890,lb,jänta,622,62219305,9.996897265245892
1890,lb,jäntunge,6,62219305,0.09643309259079638
1890,lb,kassörska,62,62219305,0.9964752901048959
1890,lb,kejsarinna,338,62219305,5.4323975492815295
1890,lb,kokerska,289,62219305,4.644860626456692
1890,lb,kokfru,41,62219305,0.6589594660371085
1890,lb,konstnärinna,30,62219305,0.4821654629539819
1890,lb,kontorist,236,62219305,3.793034975237991
1890,lb,kontorsfröken,1,62219305,0.016072182098466063
1890,lb,kviga,43,62219305,0.6911038302340407
1890,lb,kvinna,17743,62219305,285.1687269730834
1890,lb,kvinnfolk,304,62219305,4.885943357933683
1890,lb,kvinnlig,1013,62219305,16.28112046574612
1890,lb,kvinnlighet,189,62219305,3.037642416610086
1890,lb,kvinnokön,29,62219305,0.4660932808555158
1890,lb,kvinnsperson,11,62219305,0.1767940030831267
1890,lb,käring,1345,62219305,21.617084922436856
1890,lb,kärring,143,62219305,2.298322040080647
1890,lb,landshövdingska,0,62219305,0.0
1890,lb,lillflicka,0,62219305,0.0
1890,lb,liten,143173,62219305,2301.1025275836814
1890,lb,liten flicka,1906,62219305,30.633579079676316
1890,lb,livskamrat,0,62219305,0.0
1890,lb,lärarinna,687,62219305,11.041589101646185
1890,lb,madam,349,62219305,5.609191552364656
1890,lb,madame,688,62219305,11.05766128374465
1890,lb,maka,4151,62219305,66.71562789073263
1890,lb,mamma,11836,62219305,190.2303473174443
1890,lb,mamsell,2838,62219305,45.612852795446685
1890,lb,matmor,1024,62219305,16.457914468829248
1890,lb,moder,15441,62219305,248.1705637824145
1890,lb,moderlig,550,62219305,8.839700154156334
1890,lb,moderlighet,69,62219305,1.1089805647941584
1890,lb,mor,38277,62219305,615.1949141829855
1890,lb,mormor,2156,62219305,34.651624604292834
1890,lb,mö,878,62219305,14.111375882453203
1890,lb,piga,2214,62219305,35.58381116600386
1890,lb,poetissa,4,62219305,0.06428872839386425
1890,lb,prinsessa,4709,62219305,75.68390550167669
1890,lb,prostinna,14,62219305,0.22501054937852488
1890,lb,prästfru,143,62219305,2.298322040080647
1890,lb,quinfolk,0,62219305,0.0
1890,lb,quinna,0,62219305,0.0
1890,lb,quinnor,1,62219305,0.016072182098466063
1890,lb,qvinfolk,13,62219305,0.20893836728005882
1890,lb,qvinnokön,0,62219305,0.0
1890,lb,qvinnor,268,62219305,4.307344802388905
1890,lb,qvinsperson,0,62219305,0.0
1890,lb,ragata,24,62219305,0.38573237036318553
1890,lb,satkärring,1,62219305,0.016072182098466063
1890,lb,sig,794645,62219305,12771.679143635565
1890,lb,sjuksköterska,274,62219305,4.403777894979701
1890,lb,själv,119,62219305,1.9125896697174616
1890,lb,skata,338,62219305,5.4323975492815295
1890,lb,skollärarinna,44,62219305,0.7071760123325068
1890,lb,skrivbiträde,0,62219305,0.0
1890,lb,skådespelerska,219,62219305,3.519807879564068
1890,lb,sköka,115,62219305,1.8483009413235971
1890,lb,slampa,12,62219305,0.19286618518159276
1890,lb,slinka,407,62219305,6.5413781140756875
1890,lb,slyna,204,62219305,3.278725148087077
1890,lb,småflicka,128,62219305,2.057239308603656
1890,lb,sondotter,105,62219305,1.6875791203389365
1890,lb,spinnerska,0,62219305,0.0
1890,lb,styvmor,2,62219305,0.032144364196932125
1890,lb,subba,0,62219305,0.0
1890,lb,sugga,91,62219305,1.4625685709604117
1890,lb,svärmor,816,62219305,13.114900592348308
1890,lb,syster,11363,62219305,182.62820518486987
1890,lb,systerdotter,244,62219305,3.9216124320257193
1890,lb,sångerska,339,62219305,5.448469731379995
1890,lb,sömmerska,317,62219305,5.0948817252137415
1890,lb,tant,4925,62219305,79.15549683494535
1890,lb,telefonist,0,62219305,0.0
1890,lb,tjej,0,62219305,0.0
1890,lb,tjänarinna,436,62219305,7.007471394931203
1890,lb,trollpacka,195,62219305,3.134075509200882
1890,lb,tvätterska,67,62219305,1.0768362005972263
1890,lb,tös,1444,62219305,23.208230950184994
1890,lb,tösabit,16,62219305,0.257154913575457
1890,lb,ungflicka,0,62219305,0.0
1890,lb,värdinna,2100,62219305,33.75158240677873
1890,lb,väverska,1,62219305,0.016072182098466063
1890,lb,äkta,4192,62219305,67.37458735676974
1890,lb,äkta maka,35,62219305,0.5625263734463122
1890,lb,änka,2116,62219305,34.008737320354186
1890,tkr,amma,39,54990491,0.7092135256621004
1890,tkr,barnmorska,2649,54990491,48.171964858433434
1890,tkr,baronessa,0,54990491,0.0
1890,tkr,borgmästarfru,0,54990491,0.0
1890,tkr,dam,201,54990491,3.6551774014892864
1890,tkr,dotter,791,54990491,14.384305097403113
1890,tkr,drottning,95,54990491,1.7275714086640908
1890,tkr,fabriksarbeterska,0,54990491,0.0
1890,tkr,farmor,1,54990491,0.01818496219646411
1890,tkr,feminin,0,54990491,0.0
1890,tkr,flicka,1228,54990491,22.33113357725793
1890,tkr,flickebarn,16,54990491,0.2909593951434258
1890,tkr,fnaska,1,54990491,0.01818496219646411
1890,tkr,fostermoder,0,54990491,0.0
1890,tkr,fostermor,9,54990491,0.163664659768177
1890,tkr,friherrinna,0,54990491,0.0
1890,tkr,fru,205,54990491,3.727917250275143
1890,tkr,fruntimmer,64,54990491,1.1638375805737031
1890,tkr,fröken,86,54990491,1.5639067488959137
1890,tkr,författarinna,7,54990491,0.1272947353752488
1890,tkr,gammal,14740,54990491,268.046342775881
1890,tkr,gammal gumma,2,54990491,0.03636992439292822
1890,tkr,gammelmor,0,54990491,0.0
1890,tkr,gemål,7,54990491,0.1272947353752488
1890,tkr,grevinna,0,54990491,0.0
1890,tkr,gumma,26,54990491,0.47280901710806694
1890,tkr,guvernant,3,54990491,0.05455488658939234
1890,tkr,hennes,0,54990491,0.0
1890,tkr,hertiginna,29,54990491,0.5273639036974592
1890,tkr,hjältinna,0,54990491,0.0
1890,tkr,hjärtevän,0,54990491,0.0
1890,tkr,hona,26,54990491,0.47280901710806694
1890,tkr,honkön,1,54990491,0.01818496219646411
1890,tkr,hora,58,54990491,1.0547278073949184
1890,tkr,husfru,5,54990491,0.09092481098232057
1890,tkr,hushållerska,38,54990491,0.6910285634656362
1890,tkr,husmoder,0,54990491,0.0
1890,tkr,husmor,29,54990491,0.5273639036974592
1890,tkr,hustru,4510,54990491,82.01417950605315
1890,tkr,häxa,1,54990491,0.01818496219646411
1890,tkr,jungfru,17,54990491,0.30914435733988993
1890,tkr,jänta,5,54990491,0.09092481098232057
1890,tkr,jäntunge,0,54990491,0.0
1890,tkr,kassörska,0,54990491,0.0
1890,tkr,kejsarinna,3,54990491,0.05455488658939234
1890,tkr,kokerska,54,54990491,0.9819879586090621
1890,tkr,kokfru,1,54990491,0.01818496219646411
1890,tkr,konstnärinna,0,54990491,0.0
1890,tkr,kontorist,42,54990491,0.7637684122514927
1890,tkr,kontorsfröken,0,54990491,0.0
1890,tkr,kviga,1,54990491,0.01818496219646411
1890,tkr,kvinna,120,54990491,2.1821954635756935
1890,tkr,kvinnfolk,0,54990491,0.0
1890,tkr,kvinnlig,19,54990491,0.3455142817328181
1890,tkr,kvinnlighet,0,54990491,0.0
1890,tkr,kvinnokön,0,54990491,0.0
1890,tkr,kvinnsperson,0,54990491,0.0
1890,tkr,käring,2,54990491,0.03636992439292822
1890,tkr,kärring,0,54990491,0.0
1890,tkr,landshövdingska,0,54990491,0.0
1890,tkr,lillflicka,0,54990491,0.0
1890,tkr,liten,69567,54990491,1265.073265121419
1890,tkr,liten flicka,8,54990491,0.1454796975717129
1890,tkr,livskamrat,0,54990491,0.0
1890,tkr,lärarinna,5082,54990491,92.41597788243062
1890,tkr,madam,0,54990491,0.0
1890,tkr,madame,0,54990491,0.0
1890,tkr,maka,320,54990491,5.819187902868516
1890,tkr,mamma,5,54990491,0.09092481098232057
1890,tkr,mamsell,7,54990491,0.1272947353752488
1890,tkr,matmor,6,54990491,0.10910977317878467
1890,tkr,moder,1069,54990491,19.439724588020137
1890,tkr,moderlig,7,54990491,0.1272947353752488
1890,tkr,moderlighet,0,54990491,0.0
1890,tkr,mor,1173,54990491,21.330960656452405
1890,tkr,mormor,1,54990491,0.01818496219646411
1890,tkr,mö,33,54990491,0.6001037524833157
1890,tkr,piga,148,54990491,2.691374405076689
1890,tkr,poetissa,0,54990491,0.0
1890,tkr,prinsessa,16,54990491,0.2909593951434258
1890,tkr,prostinna,0,54990491,0.0
1890,tkr,prästfru,0,54990491,0.0
1890,tkr,quinfolk,0,54990491,0.0
1890,tkr,quinna,0,54990491,0.0
1890,tkr,quinnor,0,54990491,0.0
1890,tkr,qvinfolk,0,54990491,0.0
1890,tkr,qvinnokön,0,54990491,0.0
1890,tkr,qvinnor,233,54990491,4.237096191776138
1890,tkr,qvinsperson,0,54990491,0.0
1890,tkr,ragata,3,54990491,0.05455488658939234
1890,tkr,satkärring,0,54990491,0.0
1890,tkr,sig,289053,54990491,5256.417877774541
1890,tkr,sjuksköterska,142,54990491,2.582264631897904
1890,tkr,själv,0,54990491,0.0
1890,tkr,skata,7,54990491,0.1272947353752488
1890,tkr,skollärarinna,14,54990491,0.2545894707504976
1890,tkr,skrivbiträde,0,54990491,0.0
1890,tkr,skådespelerska,3,54990491,0.05455488658939234
1890,tkr,sköka,1,54990491,0.01818496219646411
1890,tkr,slampa,0,54990491,0.0
1890,tkr,slinka,1,54990491,0.01818496219646411
1890,tkr,slyna,0,54990491,0.0
1890,tkr,småflicka,1,54990491,0.01818496219646411
1890,tkr,sondotter,4,54990491,0.07273984878585645
1890,tkr,spinnerska,0,54990491,0.0
1890,tkr,styvmor,0,54990491,0.0
1890,tkr,subba,0,54990491,0.0
1890,tkr,sugga,2,54990491,0.03636992439292822
1890,tkr,svärmor,3,54990491,0.05455488658939234
1890,tkr,syster,104,54990491,1.8912360684322678
1890,tkr,systerdotter,8,54990491,0.1454796975717129
1890,tkr,sångerska,4,54990491,0.07273984878585645
1890,tkr,sömmerska,41,54990491,0.7455834500550286
1890,tkr,tant,40,54990491,0.7273984878585645
1890,tkr,telefonist,34,54990491,0.6182887146797799
1890,tkr,tjej,0,54990491,0.0
1890,tkr,tjänarinna,1,54990491,0.01818496219646411
1890,tkr,trollpacka,0,54990491,0.0
1890,tkr,tvätterska,19,54990491,0.3455142817328181
1890,tkr,tös,0,54990491,0.0
1890,tkr,tösabit,0,54990491,0.0
1890,tkr,ungflicka,0,54990491,0.0
1890,tkr,värdinna,14,54990491,0.2545894707504976
1890,tkr,väverska,0,54990491,0.0
1890,tkr,äkta,681,54990491,12.38395925579206
1890,tkr,äkta maka,1,54990491,0.01818496219646411
1890,tkr,änka,49,54990491,0.8910631476267415
1890,kubhist2,amma,7698,1037122519,7.422459602383776
1890,kubhist2,barnmorska,7724,1037122519,7.447528964511858
1890,kubhist2,baronessa,7483,1037122519,7.215155261709248
1890,kubhist2,borgmästarfru,0,1037122519,0.0
1890,kubhist2,dam,170635,1037122519,164.5273310278976
1890,kubhist2,dotter,186495,1037122519,179.81964192602783
1890,kubhist2,drottning,80269,1037122519,77.39587033304018
1890,kubhist2,fabriksarbeterska,0,1037122519,0.0
1890,kubhist2,farmor,3751,1037122519,3.6167375900937313
1890,kubhist2,feminin,297,1037122519,0.28636925200155644
1890,kubhist2,flicka,253474,1037122519,244.40121138667513
1890,kubhist2,flickebarn,2081,1037122519,2.006513176482286
1890,kubhist2,fnaska,8,1037122519,0.007713649885563809
1890,kubhist2,fostermoder,0,1037122519,0.0
1890,kubhist2,fostermor,1579,1037122519,1.522481646163157
1890,kubhist2,friherrinna,0,1037122519,0.0
1890,kubhist2,fru,450988,1037122519,434.84544182383144
1890,kubhist2,fruntimmer,72333,1037122519,69.74392964656089
1890,kubhist2,fröken,228167,1037122519,220.00004417992972
1890,kubhist2,författarinna,7836,1037122519,7.555520062909752
1890,kubhist2,gammal,732297,1037122519,706.0853337810902
1890,kubhist2,gammal gumma,1389,1037122519,1.3392824613810164
1890,kubhist2,gammelmor,0,1037122519,0.0
1890,kubhist2,gemål,10916,1037122519,10.525275268851818
1890,kubhist2,grevinna,85,1037122519,0.08195753003411547
1890,kubhist2,gumma,22710,1037122519,21.897123612644265
1890,kubhist2,guvernant,3512,1037122519,3.3862922997625122
1890,kubhist2,hennes,0,1037122519,0.0
1890,kubhist2,hertiginna,10021,1037122519,9.662310687904368
1890,kubhist2,hjältinna,744,1037122519,0.7173694393574342
1890,kubhist2,hjärtevän,112,1037122519,0.10799109839789334
1890,kubhist2,hona,2917,1037122519,2.812589589523704
1890,kubhist2,honkön,37,1037122519,0.03567563072073262
1890,kubhist2,hora,1793,1037122519,1.7288217806019888
1890,kubhist2,husfru,1028,1037122519,0.9912040102949495
1890,kubhist2,hushållerska,11977,1037122519,11.548298084924719
1890,kubhist2,husmoder,0,1037122519,0.0
1890,kubhist2,husmor,11790,1037122519,11.367991518849664
1890,kubhist2,hustru,217868,1037122519,210.069684158502
1890,kubhist2,häxa,393,1037122519,0.37893305062832217
1890,kubhist2,jungfru,53189,1037122519,51.28516547040668
1890,kubhist2,jänta,1222,1037122519,1.1782600200198718
1890,kubhist2,jäntunge,0,1037122519,0.0
1890,kubhist2,kassörska,4200,1037122519,4.049666189921
1890,kubhist2,kejsarinna,19332,1037122519,18.640034948464947
1890,kubhist2,kokerska,20857,1037122519,20.110449457900547
1890,kubhist2,kokfru,0,1037122519,0.0
1890,kubhist2,konstnärinna,0,1037122519,0.0
1890,kubhist2,kontorist,7439,1037122519,7.172730187338647
1890,kubhist2,kontorsfröken,0,1037122519,0.0
1890,kubhist2,kviga,4228,1037122519,4.076663964520473
1890,kubhist2,kvinna,82780,1037122519,79.81699219087152
1890,kubhist2,kvinnfolk,148,1037122519,0.14270252288293048
1890,kubhist2,kvinnlig,2894,1037122519,2.7904128461027082
1890,kubhist2,kvinnlighet,80,1037122519,0.0771364988556381
1890,kubhist2,kvinnokön,177,1037122519,0.1706645037180993
1890,kubhist2,kvinnsperson,46,1037122519,0.044353486841991904
1890,kubhist2,käring,2773,1037122519,2.6737438915835554
1890,kubhist2,kärring,228,1037122519,0.21983902173856856
1890,kubhist2,landshövdingska,0,1037122519,0.0
1890,kubhist2,lillflicka,0,1037122519,0.0
1890,kubhist2,liten,1421181,1037122519,1370.3115822519326
1890,kubhist2,liten flicka,7411,1037122519,7.145732412739174
1890,kubhist2,livskamrat,0,1037122519,0.0
1890,kubhist2,lärarinna,39940,1037122519,38.510397053677316
1890,kubhist2,madam,4826,1037122519,4.653259293466368
1890,kubhist2,madame,5149,1037122519,4.964697907596007
1890,kubhist2,maka,59927,1037122519,57.781987086522804
1890,kubhist2,mamma,25070,1037122519,24.172650328885588
1890,kubhist2,mamsell,4741,1037122519,4.571301763432253
1890,kubhist2,matmor,2188,1037122519,2.109683243701702
1890,kubhist2,moder,79831,1037122519,76.97354800180555
1890,kubhist2,moderlig,3262,1037122519,3.1452407408386436
1890,kubhist2,moderlighet,47,1037122519,0.045317693077687383
1890,kubhist2,mor,135478,1037122519,130.62873239955172
1890,kubhist2,mormor,5047,1037122519,4.8663488715550685
1890,kubhist2,mö,3292,1037122519,3.1741669279095075
1890,kubhist2,piga,20211,1037122519,19.48757222964127
1890,kubhist2,poetissa,29,1037122519,0.02796198083516881
1890,kubhist2,prinsessa,32009,1037122519,30.863277398376496
1890,kubhist2,prostinna,0,1037122519,0.0
1890,kubhist2,prästfru,0,1037122519,0.0
1890,kubhist2,quinfolk,0,1037122519,0.0
1890,kubhist2,quinna,0,1037122519,0.0
1890,kubhist2,quinnor,0,1037122519,0.0
1890,kubhist2,qvinfolk,0,1037122519,0.0
1890,kubhist2,qvinnokön,0,1037122519,0.0
1890,kubhist2,qvinnor,0,1037122519,0.0
1890,kubhist2,qvinsperson,0,1037122519,0.0
1890,kubhist2,ragata,56,1037122519,0.05399554919894667
1890,kubhist2,satkärring,2,1037122519,0.0019284124713909523
1890,kubhist2,sig,3252923,1037122519,3136.4886408372354
1890,kubhist2,sjuksköterska,7635,1037122519,7.361714609534961
1890,kubhist2,själv,39,1037122519,0.03760404319212357
1890,kubhist2,skata,1932,1037122519,1.8628464473636601
1890,kubhist2,skollärarinna,0,1037122519,0.0
1890,kubhist2,skrivbiträde,0,1037122519,0.0
1890,kubhist2,skådespelerska,7127,1037122519,6.871897841801659
1890,kubhist2,sköka,247,1037122519,0.23815894021678263
1890,kubhist2,slampa,28,1037122519,0.026997774599473334
1890,kubhist2,slinka,890,1037122519,0.8581435497689738
1890,kubhist2,slyna,289,1037122519,0.2786556021159926
1890,kubhist2,småflicka,932,1037122519,0.8986402116681839
1890,kubhist2,sondotter,1027,1037122519,0.990239804059254
1890,kubhist2,spinnerska,0,1037122519,0.0
1890,kubhist2,styvmor,2,1037122519,0.0019284124713909523
1890,kubhist2,subba,19,1037122519,0.01831991847821405
1890,kubhist2,sugga,4985,1037122519,4.806568084941949
1890,kubhist2,svärmor,5605,1037122519,5.404375951073144
1890,kubhist2,syster,59007,1037122519,56.89491734968296
1890,kubhist2,systerdotter,1657,1037122519,1.597689732547404
1890,kubhist2,sångerska,13187,1037122519,12.714987630116244
1890,kubhist2,sömmerska,9130,1037122519,8.803202931899698
1890,kubhist2,tant,19139,1037122519,18.453943144975717
1890,kubhist2,telefonist,1352,1037122519,1.303606830660284
1890,kubhist2,tjej,13,1037122519,0.012534681064041191
1890,kubhist2,tjänarinna,1279,1037122519,1.233219775454514
1890,kubhist2,trollpacka,237,1037122519,0.22851687785982785
1890,kubhist2,tvätterska,3564,1037122519,3.436431024018677
1890,kubhist2,tös,3093,1037122519,2.982289887006108
1890,kubhist2,tösabit,0,1037122519,0.0
1890,kubhist2,ungflicka,0,1037122519,0.0
1890,kubhist2,värdinna,15721,1037122519,15.158286231368582
1890,kubhist2,väverska,0,1037122519,0.0
1890,kubhist2,äkta,115653,1037122519,111.51334377688892
1890,kubhist2,äkta maka,194,1037122519,0.1870560097249224
1890,kubhist2,änka,12295,1037122519,11.85491566787588
1900,lb,amma,173,24058613,7.190771970104843
1900,lb,barnmorska,63,24058613,2.6186048214832667
1900,lb,baronessa,178,24058613,7.398597749587642
1900,lb,borgmästarfru,0,24058613,0.0
1900,lb,dam,2947,24058613,122.4925144271617
1900,lb,dotter,5936,24058613,246.7307654019789
1900,lb,drottning,3591,24058613,149.2604748245462
1900,lb,fabriksarbeterska,0,24058613,0.0
1900,lb,farmor,371,24058613,15.420672837623682
1900,lb,feminin,21,24058613,0.8728682738277556
1900,lb,flicka,7576,24058613,314.89762107233696
1900,lb,flickebarn,31,24058613,1.2885198327933534
1900,lb,fnaska,3,24058613,0.12469546768967937
1900,lb,fostermoder,0,24058613,0.0
1900,lb,fostermor,50,24058613,2.0782577948279894
1900,lb,friherrinna,13,24058613,0.5403470266552772
1900,lb,fru,9525,24058613,395.908109914732
1900,lb,fruntimmer,745,24058613,30.966041142937044
1900,lb,fröken,4548,24058613,189.03832901755393
1900,lb,författarinna,294,24058613,12.220155833588578
1900,lb,gammal,23861,24058613,991.7861848478132
1900,lb,gammal gumma,115,24058613,4.779992928104376
1900,lb,gammelmor,5,24058613,0.20782577948279896
1900,lb,gemål,553,24058613,22.985531210797564
1900,lb,grevinna,59,24058613,2.4523441978970277
1900,lb,gumma,1604,24058613,66.6705100580819
1900,lb,guvernant,131,24058613,5.445035422449332
1900,lb,hennes,0,24058613,0.0
1900,lb,hertiginna,569,24058613,23.65057370514252
1900,lb,hjältinna,77,24058613,3.200517004035104
1900,lb,hjärtevän,42,24058613,1.7457365476555111
1900,lb,hona,64,24058613,2.6601699773798266
1900,lb,honkön,2,24058613,0.08313031179311958
1900,lb,hora,25,24058613,1.0391288974139947
1900,lb,husfru,119,24058613,4.9462535516906145
1900,lb,hushållerska,167,24058613,6.9413810347254845
1900,lb,husmoder,0,24058613,0.0
1900,lb,husmor,161,24058613,6.691990099346126
1900,lb,hustru,5133,24058613,213.3539452170414
1900,lb,häxa,225,24058613,9.352160076725953
1900,lb,jungfru,1433,24058613,59.56286839977018
1900,lb,jänta,147,24058613,6.110077916794289
1900,lb,jäntunge,2,24058613,0.08313031179311958
1900,lb,kassörska,9,24058613,0.3740864030690381
1900,lb,kejsarinna,655,24058613,27.225177112246662
1900,lb,kokerska,92,24058613,3.8239943424835006
1900,lb,kokfru,4,24058613,0.16626062358623916
1900,lb,konstnärinna,5,24058613,0.20782577948279896
1900,lb,kontorist,108,24058613,4.489036836828458
1900,lb,kontorsfröken,0,24058613,0.0
1900,lb,kviga,20,24058613,0.8313031179311958
1900,lb,kvinna,8549,24058613,355.34051775968965
1900,lb,kvinnfolk,160,24058613,6.650424943449567
1900,lb,kvinnlig,616,24058613,25.60413603228083
1900,lb,kvinnlighet,32,24058613,1.3300849886899133
1900,lb,kvinnokön,16,24058613,0.6650424943449567
1900,lb,kvinnsperson,2,24058613,0.08313031179311958
1900,lb,käring,532,24058613,22.11266293696981
1900,lb,kärring,17,24058613,0.7066076502415164
1900,lb,landshövdingska,0,24058613,0.0
1900,lb,lillflicka,1,24058613,0.04156515589655979
1900,lb,liten,45042,24058613,1872.1777518928461
1900,lb,liten flicka,577,24058613,23.983094952315
1900,lb,livskamrat,0,24058613,0.0
1900,lb,lärarinna,395,24058613,16.418236579141116
1900,lb,madam,50,24058613,2.0782577948279894
1900,lb,madame,215,24058613,8.936508517760355
1900,lb,maka,863,24058613,35.8707295387311
1900,lb,mamma,2388,24058613,99.25759228098478
1900,lb,mamsell,692,24058613,28.763087880419373
1900,lb,matmor,231,24058613,9.601551012105311
1900,lb,moder,4489,24058613,186.5859848196569
1900,lb,moderlig,132,24058613,5.486600578345892
1900,lb,moderlighet,12,24058613,0.4987818707587175
1900,lb,mor,10201,24058613,424.0061553008064
1900,lb,mormor,757,24058613,31.46482301369576
1900,lb,mö,203,24058613,8.437726647001638
1900,lb,piga,547,24058613,22.736140275418204
1900,lb,poetissa,16,24058613,0.6650424943449567
1900,lb,prinsessa,1866,24058613,77.56058090298056
1900,lb,prostinna,5,24058613,0.20782577948279896
1900,lb,prästfru,72,24058613,2.992691224552305
1900,lb,quinfolk,0,24058613,0.0
1900,lb,quinna,0,24058613,0.0
1900,lb,quinnor,0,24058613,0.0
1900,lb,qvinfolk,0,24058613,0.0
1900,lb,qvinnokön,0,24058613,0.0
1900,lb,qvinnor,0,24058613,0.0
1900,lb,qvinsperson,0,24058613,0.0
1900,lb,ragata,3,24058613,0.12469546768967937
1900,lb,satkärring,0,24058613,0.0
1900,lb,sig,267007,24058613,11098.187580472739
1900,lb,sjuksköterska,80,24058613,3.3252124717247833
1900,lb,själv,2047,24058613,85.08387412025789
1900,lb,skata,116,24058613,4.8215580840009356
1900,lb,skollärarinna,29,24058613,1.2053895210002339
1900,lb,skrivbiträde,0,24058613,0.0
1900,lb,skådespelerska,160,24058613,6.650424943449567
1900,lb,sköka,78,24058613,3.2420821599316634
1900,lb,slampa,5,24058613,0.20782577948279896
1900,lb,slinka,102,24058613,4.239645901449099
1900,lb,slyna,36,24058613,1.4963456122761525
1900,lb,småflicka,36,24058613,1.4963456122761525
1900,lb,sondotter,45,24058613,1.8704320153451905
1900,lb,spinnerska,0,24058613,0.0
1900,lb,styvmor,0,24058613,0.0
1900,lb,subba,2,24058613,0.08313031179311958
1900,lb,sugga,47,24058613,1.95356232713831
1900,lb,svärmor,135,24058613,5.611296046035571
1900,lb,syster,3457,24058613,143.69074393440718
1900,lb,systerdotter,57,24058613,2.369213886103908
1900,lb,sångerska,142,24058613,5.90225213731149
1900,lb,sömmerska,92,24058613,3.8239943424835006
1900,lb,tant,1054,24058613,43.80967431497402
1900,lb,telefonist,4,24058613,0.16626062358623916
1900,lb,tjej,0,24058613,0.0
1900,lb,tjänarinna,165,24058613,6.8582507229323655
1900,lb,trollpacka,59,24058613,2.4523441978970277
1900,lb,tvätterska,25,24058613,1.0391288974139947
1900,lb,tös,285,24058613,11.84606943051954
1900,lb,tösabit,0,24058613,0.0
1900,lb,ungflicka,0,24058613,0.0
1900,lb,värdinna,544,24058613,22.611444807728525
1900,lb,väverska,0,24058613,0.0
1900,lb,äkta,1301,24058613,54.07626782142429
1900,lb,äkta maka,6,24058613,0.24939093537935875
1900,lb,änka,698,24058613,29.012478815798733
1900,tkr,amma,102,91612739,1.1133822775454842
1900,tkr,barnmorska,3686,91612739,40.23457916698681
1900,tkr,baronessa,0,91612739,0.0
1900,tkr,borgmästarfru,0,91612739,0.0
1900,tkr,dam,137,91612739,1.4954252159189345
1900,tkr,dotter,873,91612739,9.529242434286349
1900,tkr,drottning,289,91612739,3.154583119712205
1900,tkr,fabriksarbeterska,0,91612739,0.0
1900,tkr,farmor,3,91612739,0.03274653757486718
1900,tkr,feminin,4,91612739,0.04366205009982291
1900,tkr,flicka,2695,91612739,29.417306254755683
1900,tkr,flickebarn,8,91612739,0.08732410019964582
1900,tkr,fnaska,0,91612739,0.0
1900,tkr,fostermoder,0,91612739,0.0
1900,tkr,fostermor,103,91612739,1.1242977900704398
1900,tkr,friherrinna,0,91612739,0.0
1900,tkr,fru,313,91612739,3.4165554203111426
1900,tkr,fruntimmer,74,91612739,0.8077479268467238
1900,tkr,fröken,195,91612739,2.128524942366367
1900,tkr,författarinna,33,91612739,0.36021191332353897
1900,tkr,gammal,24568,91612739,268.1723117131123
1900,tkr,gammal gumma,7,91612739,0.0764085876746901
1900,tkr,gammelmor,0,91612739,0.0
1900,tkr,gemål,14,91612739,0.1528171753493802
1900,tkr,grevinna,1,91612739,0.010915512524955727
1900,tkr,gumma,51,91612739,0.5566911387727421
1900,tkr,guvernant,11,91612739,0.120070637774513
1900,tkr,hennes,0,91612739,0.0
1900,tkr,hertiginna,51,91612739,0.5566911387727421
1900,tkr,hjältinna,1,91612739,0.010915512524955727
1900,tkr,hjärtevän,0,91612739,0.0
1900,tkr,hona,34,91612739,0.37112742584849473
1900,tkr,honkön,0,91612739,0.0
1900,tkr,hora,178,91612739,1.9429612294421195
1900,tkr,husfru,3,91612739,0.03274653757486718
1900,tkr,hushållerska,45,91612739,0.4911980636230077
1900,tkr,husmoder,0,91612739,0.0
1900,tkr,husmor,217,91612739,2.3686662179153926
1900,tkr,hustru,3732,91612739,40.736692743134775
1900,tkr,häxa,4,91612739,0.04366205009982291
1900,tkr,jungfru,25,91612739,0.27288781312389315
1900,tkr,jänta,5,91612739,0.054577562624778635
1900,tkr,jäntunge,0,91612739,0.0
1900,tkr,kassörska,49,91612739,0.5348601137228306
1900,tkr,kejsarinna,20,91612739,0.21831025049911454
1900,tkr,kokerska,148,91612739,1.6154958536934476
1900,tkr,kokfru,0,91612739,0.0
1900,tkr,konstnärinna,0,91612739,0.0
1900,tkr,kontorist,128,91612739,1.397185603194333
1900,tkr,kontorsfröken,0,91612739,0.0
1900,tkr,kviga,7,91612739,0.0764085876746901
1900,tkr,kvinna,10306,91612739,112.49527208219372
1900,tkr,kvinnfolk,1,91612739,0.010915512524955727
1900,tkr,kvinnlig,6985,91612739,76.24485498681575
1900,tkr,kvinnlighet,6,91612739,0.06549307514973436
1900,tkr,kvinnokön,15,91612739,0.1637326878743359
1900,tkr,kvinnsperson,1,91612739,0.010915512524955727
1900,tkr,käring,11,91612739,0.120070637774513
1900,tkr,kärring,0,91612739,0.0
1900,tkr,landshövdingska,0,91612739,0.0
1900,tkr,lillflicka,0,91612739,0.0
1900,tkr,liten,117443,91612739,1281.9505374683754
1900,tkr,liten flicka,2,91612739,0.021831025049911454
1900,tkr,livskamrat,0,91612739,0.0
1900,tkr,lärarinna,11062,91612739,120.74739955106025
1900,tkr,madam,0,91612739,0.0
1900,tkr,madame,0,91612739,0.0
1900,tkr,maka,222,91612739,2.4232437805401714
1900,tkr,mamma,14,91612739,0.1528171753493802
1900,tkr,mamsell,6,91612739,0.06549307514973436
1900,tkr,matmor,7,91612739,0.0764085876746901
1900,tkr,moder,1787,91612739,19.506020882095886
1900,tkr,moderlig,14,91612739,0.1528171753493802
1900,tkr,moderlighet,1,91612739,0.010915512524955727
1900,tkr,mor,2004,91612739,21.874687100011275
1900,tkr,mormor,7,91612739,0.0764085876746901
1900,tkr,mö,27,91612739,0.2947188381738046
1900,tkr,piga,109,91612739,1.1897908652201743
1900,tkr,poetissa,0,91612739,0.0
1900,tkr,prinsessa,178,91612739,1.9429612294421195
1900,tkr,prostinna,0,91612739,0.0
1900,tkr,prästfru,0,91612739,0.0
1900,tkr,quinfolk,0,91612739,0.0
1900,tkr,quinna,0,91612739,0.0
1900,tkr,quinnor,0,91612739,0.0
1900,tkr,qvinfolk,0,91612739,0.0
1900,tkr,qvinnokön,1,91612739,0.010915512524955727
1900,tkr,qvinnor,119,91612739,1.2989459904697316
1900,tkr,qvinsperson,0,91612739,0.0
1900,tkr,ragata,0,91612739,0.0
1900,tkr,satkärring,0,91612739,0.0
1900,tkr,sig,461190,91612739,5034.125221384332
1900,tkr,sjuksköterska,599,91612739,6.5383920024484805
1900,tkr,själv,42,91612739,0.45845152604814055
1900,tkr,skata,10,91612739,0.10915512524955727
1900,tkr,skollärarinna,58,91612739,0.6330997264474322
1900,tkr,skrivbiträde,1,91612739,0.010915512524955727
1900,tkr,skådespelerska,2,91612739,0.021831025049911454
1900,tkr,sköka,2,91612739,0.021831025049911454
1900,tkr,slampa,1,91612739,0.010915512524955727
1900,tkr,slinka,12,91612739,0.13098615029946872
1900,tkr,slyna,0,91612739,0.0
1900,tkr,småflicka,1,91612739,0.010915512524955727
1900,tkr,sondotter,1,91612739,0.010915512524955727
1900,tkr,spinnerska,0,91612739,0.0
1900,tkr,styvmor,0,91612739,0.0
1900,tkr,subba,0,91612739,0.0
1900,tkr,sugga,3,91612739,0.03274653757486718
1900,tkr,svärmor,15,91612739,0.1637326878743359
1900,tkr,syster,137,91612739,1.4954252159189345
1900,tkr,systerdotter,1,91612739,0.010915512524955727
1900,tkr,sångerska,3,91612739,0.03274653757486718
1900,tkr,sömmerska,59,91612739,0.6440152389723879
1900,tkr,tant,56,91612739,0.6112687013975208
1900,tkr,telefonist,214,91612739,2.3359196803405258
1900,tkr,tjej,0,91612739,0.0
1900,tkr,tjänarinna,66,91612739,0.7204238266470779
1900,tkr,trollpacka,2,91612739,0.021831025049911454
1900,tkr,tvätterska,17,91612739,0.18556371292424736
1900,tkr,tös,2,91612739,0.021831025049911454
1900,tkr,tösabit,0,91612739,0.0
1900,tkr,ungflicka,0,91612739,0.0
1900,tkr,värdinna,7,91612739,0.0764085876746901
1900,tkr,väverska,0,91612739,0.0
1900,tkr,äkta,646,91612739,7.0514210911214
1900,tkr,äkta maka,3,91612739,0.03274653757486718
1900,tkr,änka,7461,91612739,81.44063894869468
1900,kubhist2,amma,544,77752738,6.996538179787315
1900,kubhist2,barnmorska,693,77752738,8.91286940917759
1900,kubhist2,baronessa,715,77752738,9.195817644389578
1900,kubhist2,borgmästarfru,0,77752738,0.0
1900,kubhist2,dam,11637,77752738,149.6667551437224
1900,kubhist2,dotter,17063,77752738,219.45207897373336
1900,kubhist2,drottning,6467,77752738,83.17391986890546
1900,kubhist2,fabriksarbeterska,0,77752738,0.0
1900,kubhist2,farmor,439,77752738,5.646103420821014
1900,kubhist2,feminin,27,77752738,0.3472546523056204
1900,kubhist2,flicka,14547,77752738,187.09308989221705
1900,kubhist2,flickebarn,315,77752738,4.051304276898905
1900,kubhist2,fnaska,4,77752738,0.051445133674906725
1900,kubhist2,fostermoder,0,77752738,0.0
1900,kubhist2,fostermor,116,77752738,1.4919088765722952
1900,kubhist2,friherrinna,0,77752738,0.0
1900,kubhist2,fru,26509,77752738,340.9397621470256
1900,kubhist2,fruntimmer,2257,77752738,29.02791667606612
1900,kubhist2,fröken,13679,77752738,175.92949588476228
1900,kubhist2,författarinna,511,77752738,6.572115826969335
1900,kubhist2,gammal,57599,77752738,740.7970636352381
1900,kubhist2,gammal gumma,147,77752738,1.8906086625528222
1900,kubhist2,gammelmor,3,77752738,0.038583850256180045
1900,kubhist2,gemål,648,77752738,8.33411165533489
1900,kubhist2,grevinna,6,77752738,0.07716770051236009
1900,kubhist2,gumma,1668,77752738,21.452620742436107
1900,kubhist2,guvernant,144,77752738,1.8520248122966423
1900,kubhist2,hennes,0,77752738,0.0
1900,kubhist2,hertiginna,1337,77752738,17.195535930837575
1900,kubhist2,hjältinna,85,77752738,1.093209090591768
1900,kubhist2,hjärtevän,43,77752738,0.5530351870052473
1900,kubhist2,hona,283,77752738,3.639743207499651
1900,kubhist2,honkön,6,77752738,0.07716770051236009
1900,kubhist2,hora,130,77752738,1.6719668444344686
1900,kubhist2,husfru,105,77752738,1.3504347589663017
1900,kubhist2,hushållerska,760,77752738,9.774575398232278
1900,kubhist2,husmoder,0,77752738,0.0
1900,kubhist2,husmor,1010,77752738,12.98989625291395
1900,kubhist2,hustru,16120,77752738,207.32388870987413
1900,kubhist2,häxa,111,77752738,1.4276024594786616
1900,kubhist2,jungfru,2449,77752738,31.497283092461643
1900,kubhist2,jänta,120,77752738,1.5433540102472019
1900,kubhist2,jäntunge,0,77752738,0.0
1900,kubhist2,kassörska,195,77752738,2.507950266651703
1900,kubhist2,kejsarinna,823,77752738,10.584836253612059
1900,kubhist2,kokerska,525,77752738,6.752173794831508
1900,kubhist2,kokfru,0,77752738,0.0
1900,kubhist2,konstnärinna,0,77752738,0.0
1900,kubhist2,kontorist,661,77752738,8.501308339778337
1900,kubhist2,kontorsfröken,0,77752738,0.0
1900,kubhist2,kviga,1225,77752738,15.755072187940186
1900,kubhist2,kvinna,13929,77752738,179.14481673944397
1900,kubhist2,kvinnfolk,90,77752738,1.1575155076854013
1900,kubhist2,kvinnlig,2534,77752738,32.590492183053414
1900,kubhist2,kvinnlighet,19,77752738,0.24436438495580695
1900,kubhist2,kvinnokön,16,77752738,0.2057805346996269
1900,kubhist2,kvinnsperson,15,77752738,0.19291925128090023
1900,kubhist2,käring,567,77752738,7.292347698418029
1900,kubhist2,kärring,21,77752738,0.2700869517932603
1900,kubhist2,landshövdingska,0,77752738,0.0
1900,kubhist2,lillflicka,0,77752738,0.0
1900,kubhist2,liten,105835,77752738,1361.1739306209383
1900,kubhist2,liten flicka,527,77752738,6.777896361668962
1900,kubhist2,livskamrat,0,77752738,0.0
1900,kubhist2,lärarinna,3773,77752738,48.52562233885577
1900,kubhist2,madam,120,77752738,1.5433540102472019
1900,kubhist2,madame,172,77752738,2.2121407480209894
1900,kubhist2,maka,3906,77752738,50.23617303354642
1900,kubhist2,mamma,1346,77752738,17.311287481606115
1900,kubhist2,mamsell,251,77752738,3.2281821381003972
1900,kubhist2,matmor,160,77752738,2.057805346996269
1900,kubhist2,moder,5282,77752738,67.93329901771433
1900,kubhist2,moderlig,129,77752738,1.659105561015742
1900,kubhist2,moderlighet,3,77752738,0.038583850256180045
1900,kubhist2,mor,10350,77752738,133.11428338382115
1900,kubhist2,mormor,355,77752738,4.565755613647972
1900,kubhist2,mö,466,77752738,5.993358073126633
1900,kubhist2,piga,1008,77752738,12.964173686076496
1900,kubhist2,poetissa,2,77752738,0.025722566837453362
1900,kubhist2,prinsessa,2984,77752738,38.37806972148042
1900,kubhist2,prostinna,0,77752738,0.0
1900,kubhist2,prästfru,5,77752738,0.06430641709363341
1900,kubhist2,quinfolk,0,77752738,0.0
1900,kubhist2,quinna,0,77752738,0.0
1900,kubhist2,quinnor,0,77752738,0.0
1900,kubhist2,qvinfolk,0,77752738,0.0
1900,kubhist2,qvinnokön,0,77752738,0.0
1900,kubhist2,qvinnor,0,77752738,0.0
1900,kubhist2,qvinsperson,0,77752738,0.0
1900,kubhist2,ragata,10,77752738,0.12861283418726682
1900,kubhist2,satkärring,0,77752738,0.0
1900,kubhist2,sig,254012,77752738,3266.920323757602
1900,kubhist2,sjuksköterska,900,77752738,11.575155076854013
1900,kubhist2,själv,8,77752738,0.10289026734981345
1900,kubhist2,skata,149,77752738,1.9163312293902757
1900,kubhist2,skollärarinna,19,77752738,0.24436438495580695
1900,kubhist2,skrivbiträde,0,77752738,0.0
1900,kubhist2,skådespelerska,330,77752738,4.244223528179805
1900,kubhist2,sköka,36,77752738,0.46300620307416057
1900,kubhist2,slampa,2,77752738,0.025722566837453362
1900,kubhist2,slinka,130,77752738,1.6719668444344686
1900,kubhist2,slyna,13,77752738,0.16719668444344687
1900,kubhist2,småflicka,36,77752738,0.46300620307416057
1900,kubhist2,sondotter,69,77752738,0.8874285558921411
1900,kubhist2,spinnerska,0,77752738,0.0
1900,kubhist2,styvmor,0,77752738,0.0
1900,kubhist2,subba,2,77752738,0.025722566837453362
1900,kubhist2,sugga,522,77752738,6.713589944575328
1900,kubhist2,svärmor,419,77752738,5.38887775244648
1900,kubhist2,syster,3834,77752738,49.3101606273981
1900,kubhist2,systerdotter,88,77752738,1.1317929408479481
1900,kubhist2,sångerska,551,77752738,7.086567163718402
1900,kubhist2,sömmerska,575,77752738,7.395237965767842
1900,kubhist2,tant,1303,77752738,16.758252294600865
1900,kubhist2,telefonist,118,77752738,1.5176314434097484
1900,kubhist2,tjej,1,77752738,0.012861283418726681
1900,kubhist2,tjänarinna,300,77752738,3.858385025618005
1900,kubhist2,trollpacka,34,77752738,0.4372836362367072
1900,kubhist2,tvätterska,109,77752738,1.4018798926412084
1900,kubhist2,tös,593,77752738,7.6267410673049225
1900,kubhist2,tösabit,0,77752738,0.0
1900,kubhist2,ungflicka,0,77752738,0.0
1900,kubhist2,värdinna,655,77752738,8.424140639265977
1900,kubhist2,väverska,0,77752738,0.0
1900,kubhist2,äkta,9237,77752738,118.79967493877837
1900,kubhist2,äkta maka,8,77752738,0.10289026734981345
1900,kubhist2,änka,3282,77752738,42.21073218026097
1910,lb,amma,119,20653390,5.761765986116565
1910,lb,barnmorska,111,20653390,5.374420373604527
1910,lb,baronessa,82,20653390,3.970292528248389
1910,lb,borgmästarfru,0,20653390,0.0
1910,lb,dam,2925,20653390,141.6232395747139
1910,lb,dotter,4986,20653390,241.41315299812766
1910,lb,drottning,1050,20653390,50.83911164220498
1910,lb,fabriksarbeterska,0,20653390,0.0
1910,lb,farmor,226,20653390,10.942513553465073
1910,lb,feminin,44,20653390,2.130400868816209
1910,lb,flicka,6814,20653390,329.92162545712836
1910,lb,flickebarn,44,20653390,2.130400868816209
1910,lb,fnaska,4,20653390,0.193672806256019
1910,lb,fostermoder,0,20653390,0.0
1910,lb,fostermor,52,20653390,2.517746481328247
1910,lb,friherrinna,5,20653390,0.24209100782002374
1910,lb,fru,10640,20653390,515.1696646410105
1910,lb,fruntimmer,886,20653390,42.898526585708204
1910,lb,fröken,5086,20653390,246.25497315452813
1910,lb,författarinna,196,20653390,9.48996750654493
1910,lb,gammal,19835,20653390,960.3750280220341
1910,lb,gammal gumma,69,20653390,3.3408559079163274
1910,lb,gammelmor,3,20653390,0.14525460469201423
1910,lb,gemål,186,20653390,9.005785490904882
1910,lb,grevinna,731,20653390,35.39370534328747
1910,lb,gumma,1374,20653390,66.52660894894252
1910,lb,guvernant,143,20653390,6.923802823652679
1910,lb,hennes,1,20653390,0.04841820156400475
1910,lb,hertiginna,172,20653390,8.327930669008817
1910,lb,hjältinna,88,20653390,4.260801737632418
1910,lb,hjärtevän,29,20653390,1.4041278453561377
1910,lb,hona,103,20653390,4.987074761092489
1910,lb,honkön,4,20653390,0.193672806256019
1910,lb,hora,67,20653390,3.244019504788318
1910,lb,husfru,24,20653390,1.1620368375361139
1910,lb,hushållerska,271,20653390,13.121332623845287
1910,lb,husmoder,1,20653390,0.04841820156400475
1910,lb,husmor,186,20653390,9.005785490904882
1910,lb,hustru,5011,20653390,242.6236080372278
1910,lb,häxa,149,20653390,7.214312033036707
1910,lb,jungfru,1017,20653390,49.24131099059283
1910,lb,jänta,126,20653390,6.100693397064598
1910,lb,jäntunge,7,20653390,0.33892741094803325
1910,lb,kassörska,24,20653390,1.1620368375361139
1910,lb,kejsarinna,110,20653390,5.326002172040522
1910,lb,kokerska,63,20653390,3.050346698532299
1910,lb,kokfru,9,20653390,0.4357638140760427
1910,lb,konstnärinna,7,20653390,0.33892741094803325
1910,lb,kontorist,62,20653390,3.0019284969682944
1910,lb,kontorsfröken,1,20653390,0.04841820156400475
1910,lb,kviga,9,20653390,0.4357638140760427
1910,lb,kvinna,8263,20653390,400.0795995233712
1910,lb,kvinnfolk,174,20653390,8.424767072136826
1910,lb,kvinnlig,646,20653390,31.278158210347065
1910,lb,kvinnlighet,54,20653390,2.614582884456256
1910,lb,kvinnokön,20,20653390,0.968364031280095
1910,lb,kvinnsperson,6,20653390,0.29050920938402847
1910,lb,käring,365,20653390,17.672643570861734
1910,lb,kärring,36,20653390,1.7430552563041708
1910,lb,landshövdingska,1,20653390,0.04841820156400475
1910,lb,lillflicka,2,20653390,0.0968364031280095
1910,lb,liten,43343,20653390,2098.5901103886576
1910,lb,liten flicka,517,20653390,25.032210208590453
1910,lb,livskamrat,0,20653390,0.0
1910,lb,lärarinna,291,20653390,14.089696655125381
1910,lb,madam,117,20653390,5.664929582988555
1910,lb,madame,285,20653390,13.799187445741353
1910,lb,maka,837,20653390,40.52603470907197
1910,lb,mamma,2658,20653390,128.69557975712462
1910,lb,mamsell,697,20653390,33.74748649011131
1910,lb,matmor,148,20653390,7.165893831472703
1910,lb,moder,3270,20653390,158.3275191142955
1910,lb,moderlig,164,20653390,7.940585056496778
1910,lb,moderlighet,11,20653390,0.5326002172040523
1910,lb,mor,8888,20653390,430.3409755008742
1910,lb,mormor,401,20653390,19.415698827165905
1910,lb,mö,108,20653390,5.229165768912512
1910,lb,piga,889,20653390,43.04378119040022
1910,lb,poetissa,2,20653390,0.0968364031280095
1910,lb,prinsessa,899,20653390,43.52796320604027
1910,lb,prostinna,1,20653390,0.04841820156400475
1910,lb,prästfru,178,20653390,8.618439878392845
1910,lb,quinfolk,3,20653390,0.14525460469201423
1910,lb,quinna,2,20653390,0.0968364031280095
1910,lb,quinnor,30,20653390,1.4525460469201423
1910,lb,qvinfolk,0,20653390,0.0
1910,lb,qvinnokön,0,20653390,0.0
1910,lb,qvinnor,5,20653390,0.24209100782002374
1910,lb,qvinsperson,1,20653390,0.04841820156400475
1910,lb,ragata,7,20653390,0.33892741094803325
1910,lb,satkärring,1,20653390,0.04841820156400475
1910,lb,sig,202264,20653390,9793.259121141857
1910,lb,sjuksköterska,63,20653390,3.050346698532299
1910,lb,själv,12354,20653390,598.1584621217146
1910,lb,skata,87,20653390,4.212383536068413
1910,lb,skollärarinna,9,20653390,0.4357638140760427
1910,lb,skrivbiträde,4,20653390,0.193672806256019
1910,lb,skådespelerska,87,20653390,4.212383536068413
1910,lb,sköka,65,20653390,3.1471831016603087
1910,lb,slampa,4,20653390,0.193672806256019
1910,lb,slinka,137,20653390,6.63329361426865
1910,lb,slyna,32,20653390,1.549382450048152
1910,lb,småflicka,40,20653390,1.93672806256019
1910,lb,sondotter,23,20653390,1.1136186359721092
1910,lb,spinnerska,0,20653390,0.0
1910,lb,styvmor,49,20653390,2.3724918766362326
1910,lb,subba,9,20653390,0.4357638140760427
1910,lb,sugga,83,20653390,4.018710729812394
1910,lb,svärmor,214,20653390,10.361495134697016
1910,lb,syster,3223,20653390,156.0518636407873
1910,lb,systerdotter,113,20653390,5.471256776732536
1910,lb,sångerska,89,20653390,4.3092199391964225
1910,lb,sömmerska,67,20653390,3.244019504788318
1910,lb,tant,1568,20653390,75.91974005235944
1910,lb,telefonist,5,20653390,0.24209100782002374
1910,lb,tjej,2,20653390,0.0968364031280095
1910,lb,tjänarinna,94,20653390,4.551310947016447
1910,lb,trollpacka,31,20653390,1.5009642484841472
1910,lb,tvätterska,14,20653390,0.6778548218960665
1910,lb,tös,337,20653390,16.3169339270696
1910,lb,tösabit,0,20653390,0.0
1910,lb,ungflicka,0,20653390,0.0
1910,lb,värdinna,511,20653390,24.741700999206426
1910,lb,väverska,3,20653390,0.14525460469201423
1910,lb,äkta,983,20653390,47.595092137416664
1910,lb,äkta maka,3,20653390,0.14525460469201423
1910,lb,änka,927,20653390,44.8836728498324
1910,tkr,amma,312,146452973,2.130376690953211
1910,tkr,barnmorska,4058,146452973,27.70855324323119
1910,tkr,baronessa,0,146452973,0.0
1910,tkr,borgmästarfru,0,146452973,0.0
1910,tkr,dam,198,146452973,1.3519698231049226
1910,tkr,dotter,1342,146452973,9.163351023266697
1910,tkr,drottning,882,146452973,6.022411030194655
1910,tkr,fabriksarbeterska,14,146452973,0.09559382587610564
1910,tkr,farmor,9,146452973,0.06145317377749648
1910,tkr,feminin,6,146452973,0.040968782518330984
1910,tkr,flicka,2664,146452973,18.190139438138957
1910,tkr,flickebarn,5,146452973,0.034140652098609156
1910,tkr,fnaska,0,146452973,0.0
1910,tkr,fostermoder,0,146452973,0.0
1910,tkr,fostermor,31,146452973,0.21167204301137676
1910,tkr,friherrinna,0,146452973,0.0
1910,tkr,fru,756,146452973,5.162066597309704
1910,tkr,fruntimmer,71,146452973,0.48479725980025
1910,tkr,fröken,719,146452973,4.909425771779997
1910,tkr,författarinna,30,146452973,0.20484391259165494
1910,tkr,gammal,36200,146452973,247.1783211939303
1910,tkr,gammal gumma,10,146452973,0.06828130419721831
1910,tkr,gammelmor,0,146452973,0.0
1910,tkr,gemål,22,146452973,0.15021886923388028
1910,tkr,grevinna,9,146452973,0.06145317377749648
1910,tkr,gumma,73,146452973,0.49845352063969367
1910,tkr,guvernant,6,146452973,0.040968782518330984
1910,tkr,hennes,0,146452973,0.0
1910,tkr,hertiginna,42,146452973,0.2867814776283169
1910,tkr,hjältinna,6,146452973,0.040968782518330984
1910,tkr,hjärtevän,0,146452973,0.0
1910,tkr,hona,25,146452973,0.17070326049304577
1910,tkr,honkön,1,146452973,0.006828130419721831
1910,tkr,hora,481,146452973,3.2843307318862007
1910,tkr,husfru,1,146452973,0.006828130419721831
1910,tkr,hushållerska,98,146452973,0.6691567811327395
1910,tkr,husmoder,0,146452973,0.0
1910,tkr,husmor,737,146452973,5.032332119334989
1910,tkr,hustru,7640,146452973,52.16691640667479
1910,tkr,häxa,7,146452973,0.04779691293805282
1910,tkr,jungfru,186,146452973,1.2700322580682606
1910,tkr,jänta,18,146452973,0.12290634755499295
1910,tkr,jäntunge,0,146452973,0.0
1910,tkr,kassörska,364,146452973,2.4854394727787463
1910,tkr,kejsarinna,9,146452973,0.06145317377749648
1910,tkr,kokerska,518,146452973,3.5369715574159084
1910,tkr,kokfru,0,146452973,0.0
1910,tkr,konstnärinna,0,146452973,0.0
1910,tkr,kontorist,229,146452973,1.5636418661162994
1910,tkr,kontorsfröken,0,146452973,0.0
1910,tkr,kviga,36,146452973,0.2458126951099859
1910,tkr,kvinna,31199,146452973,213.03084096490142
1910,tkr,kvinnfolk,4,146452973,0.027312521678887324
1910,tkr,kvinnlig,31814,146452973,217.23014117303035
1910,tkr,kvinnlighet,9,146452973,0.06145317377749648
1910,tkr,kvinnokön,32,146452973,0.2185001734310986
1910,tkr,kvinnsperson,18,146452973,0.12290634755499295
1910,tkr,käring,7,146452973,0.04779691293805282
1910,tkr,kärring,0,146452973,0.0
1910,tkr,landshövdingska,0,146452973,0.0
1910,tkr,lillflicka,0,146452973,0.0
1910,tkr,liten,186070,146452973,1270.5102271976411
1910,tkr,liten flicka,9,146452973,0.06145317377749648
1910,tkr,livskamrat,0,146452973,0.0
1910,tkr,lärarinna,15108,146452973,103.15939438115743
1910,tkr,madam,1,146452973,0.006828130419721831
1910,tkr,madame,3,146452973,0.020484391259165492
1910,tkr,maka,473,146452973,3.2297056885284263
1910,tkr,mamma,17,146452973,0.11607821713527113
1910,tkr,mamsell,2,146452973,0.013656260839443662
1910,tkr,matmor,9,146452973,0.06145317377749648
1910,tkr,moder,4100,146452973,27.995334720859507
1910,tkr,moderlig,15,146452973,0.10242195629582747
1910,tkr,moderlighet,4,146452973,0.027312521678887324
1910,tkr,mor,4461,146452973,30.460289802379087
1910,tkr,mormor,17,146452973,0.11607821713527113
1910,tkr,mö,62,146452973,0.42334408602275353
1910,tkr,piga,116,146452973,0.7920631286877324
1910,tkr,poetissa,0,146452973,0.0
1910,tkr,prinsessa,225,146452973,1.536329344437412
1910,tkr,prostinna,0,146452973,0.0
1910,tkr,prästfru,0,146452973,0.0
1910,tkr,quinfolk,0,146452973,0.0
1910,tkr,quinna,0,146452973,0.0
1910,tkr,quinnor,0,146452973,0.0
1910,tkr,qvinfolk,0,146452973,0.0
1910,tkr,qvinnokön,0,146452973,0.0
1910,tkr,qvinnor,0,146452973,0.0
1910,tkr,qvinsperson,0,146452973,0.0
1910,tkr,ragata,0,146452973,0.0
1910,tkr,satkärring,0,146452973,0.0
1910,tkr,sig,743210,146452973,5074.734809241462
1910,tkr,sjuksköterska,2329,146452973,15.902715747532145
1910,tkr,själv,46675,146452973,318.7029873405165
1910,tkr,skata,18,146452973,0.12290634755499295
1910,tkr,skollärarinna,103,146452973,0.7032974332313486
1910,tkr,skrivbiträde,4242,146452973,28.96492924046001
1910,tkr,skådespelerska,0,146452973,0.0
1910,tkr,sköka,22,146452973,0.15021886923388028
1910,tkr,slampa,0,146452973,0.0
1910,tkr,slinka,31,146452973,0.21167204301137676
1910,tkr,slyna,1,146452973,0.006828130419721831
1910,tkr,småflicka,0,146452973,0.0
1910,tkr,sondotter,5,146452973,0.034140652098609156
1910,tkr,spinnerska,0,146452973,0.0
1910,tkr,styvmor,7,146452973,0.04779691293805282
1910,tkr,subba,0,146452973,0.0
1910,tkr,sugga,16,146452973,0.1092500867155493
1910,tkr,svärmor,2,146452973,0.013656260839443662
1910,tkr,syster,327,146452973,2.2327986472490386
1910,tkr,systerdotter,7,146452973,0.04779691293805282
1910,tkr,sångerska,4,146452973,0.027312521678887324
1910,tkr,sömmerska,179,146452973,1.2222353451302077
1910,tkr,tant,188,146452973,1.2836885189077043
1910,tkr,telefonist,182,146452973,1.2427197363893732
1910,tkr,tjej,1,146452973,0.006828130419721831
1910,tkr,tjänarinna,236,146452973,1.611438779054352
1910,tkr,trollpacka,0,146452973,0.0
1910,tkr,tvätterska,132,146452973,0.9013132154032817
1910,tkr,tös,4,146452973,0.027312521678887324
1910,tkr,tösabit,0,146452973,0.0
1910,tkr,ungflicka,0,146452973,0.0
1910,tkr,värdinna,62,146452973,0.42334408602275353
1910,tkr,väverska,32,146452973,0.2185001734310986
1910,tkr,äkta,2132,146452973,14.557574054846944
1910,tkr,äkta maka,9,146452973,0.06145317377749648
1910,tkr,änka,21750,146452973,148.51183662894982
1920,lb,amma,69,19664571,3.5088484767859924
1920,lb,barnmorska,59,19664571,3.000319712034399
1920,lb,baronessa,96,19664571,4.881876141615294
1920,lb,borgmästarfru,0,19664571,0.0
1920,lb,dam,2209,19664571,112.33400413362692
1920,lb,dotter,26096,19664571,1327.0566644957573
1920,lb,drottning,2392,19664571,121.64008052858107
1920,lb,fabriksarbeterska,3,19664571,0.15255862942547793
1920,lb,farmor,616,19664571,31.325371908698134
1920,lb,feminin,26,19664571,1.3221747883541421
1920,lb,flicka,4497,19664571,228.68538550879143
1920,lb,flickebarn,27,19664571,1.3730276648293014
1920,lb,fnaska,2,19664571,0.10170575295031863
1920,lb,fostermoder,0,19664571,0.0
1920,lb,fostermor,36,19664571,1.8307035531057352
1920,lb,friherrinna,157,19664571,7.9839016066000115
1920,lb,fru,10136,19664571,515.4447559522148
1920,lb,fruntimmer,478,19664571,24.30767495512615
1920,lb,fröken,2650,19664571,134.76012265917217
1920,lb,författarinna,103,19664571,5.237846276941409
1920,lb,gammal,18967,19664571,964.5265081043466
1920,lb,gammal gumma,34,19664571,1.7289978001554165
1920,lb,gammelmor,7,19664571,0.35597013532611516
1920,lb,gemål,232,19664571,11.79786734223696
1920,lb,grevinna,1573,19664571,79.9915746954256
1920,lb,gumma,1244,19664571,63.26097833509818
1920,lb,guvernant,53,19664571,2.6952024531834433
1920,lb,hennes,0,19664571,0.0
1920,lb,hertiginna,408,19664571,20.747973601865
1920,lb,hjältinna,55,19664571,2.7969082061337622
1920,lb,hjärtevän,17,19664571,0.8644989000777082
1920,lb,hona,126,19664571,6.407462435870073
1920,lb,honkön,0,19664571,0.0
1920,lb,hora,56,19664571,2.8477610826089212
1920,lb,husfru,31,19664571,1.5764391707299386
1920,lb,hushållerska,293,19664571,14.899892807221677
1920,lb,husmoder,0,19664571,0.0
1920,lb,husmor,114,19664571,5.797227918168161
1920,lb,hustru,4239,19664571,215.5653433782003
1920,lb,häxa,105,19664571,5.339552029891728
1920,lb,jungfru,1587,19664571,80.70351496607783
1920,lb,jänta,86,19664571,4.373347376863701
1920,lb,jäntunge,5,19664571,0.25426438237579657
1920,lb,kassörska,26,19664571,1.3221747883541421
1920,lb,kejsarinna,250,19664571,12.713219118789828
1920,lb,kokerska,67,19664571,3.407142723835674
1920,lb,kokfru,7,19664571,0.35597013532611516
1920,lb,konstnärinna,1,19664571,0.05085287647515931
1920,lb,kontorist,137,19664571,6.966844077096826
1920,lb,kontorsfröken,1,19664571,0.05085287647515931
1920,lb,kviga,41,19664571,2.0849679354815316
1920,lb,kvinna,4012,19664571,204.02174041833916
1920,lb,kvinnfolk,87,19664571,4.42420025333886
1920,lb,kvinnlig,358,19664571,18.205329778107032
1920,lb,kvinnlighet,13,19664571,0.6610873941770711
1920,lb,kvinnokön,6,19664571,0.30511725885095586
1920,lb,kvinnsperson,4,19664571,0.20341150590063725
1920,lb,käring,607,19664571,30.8676960204217
1920,lb,kärring,63,19664571,3.2037312179350366
1920,lb,landshövdingska,0,19664571,0.0
1920,lb,lillflicka,1,19664571,0.05085287647515931
1920,lb,liten,26635,19664571,1354.4663649158683
1920,lb,liten flicka,282,19664571,14.340511165994926
1920,lb,livskamrat,2,19664571,0.10170575295031863
1920,lb,lärarinna,382,19664571,19.425798813510855
1920,lb,madam,49,19664571,2.4917909472828064
1920,lb,madame,130,19664571,6.61087394177071
1920,lb,maka,517,19664571,26.290937137657362
1920,lb,mamma,1086,19664571,55.22622385202301
1920,lb,mamsell,416,19664571,21.154796613666274
1920,lb,matmor,94,19664571,4.780170388664975
1920,lb,moder,2706,19664571,137.6078837417811
1920,lb,moderlig,112,19664571,5.6955221652178425
1920,lb,moderlighet,7,19664571,0.35597013532611516
1920,lb,mor,5998,19664571,305.01555309800557
1920,lb,mormor,296,19664571,15.052451436647155
1920,lb,mö,93,19664571,4.729317512189816
1920,lb,piga,579,19664571,29.44381547911724
1920,lb,poetissa,18,19664571,0.9153517765528676
1920,lb,prinsessa,1048,19664571,53.29381454596696
1920,lb,prostinna,0,19664571,0.0
1920,lb,prästfru,63,19664571,3.2037312179350366
1920,lb,quinfolk,0,19664571,0.0
1920,lb,quinna,0,19664571,0.0
1920,lb,quinnor,0,19664571,0.0
1920,lb,qvinfolk,0,19664571,0.0
1920,lb,qvinnokön,0,19664571,0.0
1920,lb,qvinnor,60,19664571,3.0511725885095586
1920,lb,qvinsperson,0,19664571,0.0
1920,lb,ragata,3,19664571,0.15255862942547793
1920,lb,satkärring,1,19664571,0.05085287647515931
1920,lb,sig,154614,19664571,7862.566643330281
1920,lb,sjuksköterska,90,19664571,4.576758882764338
1920,lb,själv,16420,19664571,835.0042317221158
1920,lb,skata,110,19664571,5.5938164122675245
1920,lb,skollärarinna,11,19664571,0.5593816412267524
1920,lb,skrivbiträde,11,19664571,0.5593816412267524
1920,lb,skådespelerska,115,19664571,5.84808079464332
1920,lb,sköka,86,19664571,4.373347376863701
1920,lb,slampa,2,19664571,0.10170575295031863
1920,lb,slinka,137,19664571,6.966844077096826
1920,lb,slyna,33,19664571,1.6781449236802572
1920,lb,småflicka,50,19664571,2.5426438237579654
1920,lb,sondotter,41,19664571,2.0849679354815316
1920,lb,spinnerska,0,19664571,0.0
1920,lb,styvmor,105,19664571,5.339552029891728
1920,lb,subba,0,19664571,0.0
1920,lb,sugga,102,19664571,5.18699340046625
1920,lb,svärmor,139,19664571,7.068549830047144
1920,lb,syster,2866,19664571,145.74434397780658
1920,lb,systerdotter,126,19664571,6.407462435870073
1920,lb,sångerska,69,19664571,3.5088484767859924
1920,lb,sömmerska,47,19664571,2.3900851943324875
1920,lb,tant,1086,19664571,55.22622385202301
1920,lb,telefonist,6,19664571,0.30511725885095586
1920,lb,tjej,1,19664571,0.05085287647515931
1920,lb,tjänarinna,58,19664571,2.94946683555924
1920,lb,trollpacka,52,19664571,2.6443495767082843
1920,lb,tvätterska,20,19664571,1.0170575295031863
1920,lb,tös,283,19664571,14.391364042470085
1920,lb,tösabit,0,19664571,0.0
1920,lb,ungflicka,1,19664571,0.05085287647515931
1920,lb,värdinna,312,19664571,15.866097460249705
1920,lb,väverska,9,19664571,0.4576758882764338
1920,lb,äkta,844,19664571,42.91982774503446
1920,lb,äkta maka,3,19664571,0.15255862942547793
1920,lb,änka,3333,19664571,169.492637291706
1920,tkr,amma,91,129092646,0.7049200928145821
1920,tkr,barnmorska,2000,129092646,15.49274929262818
1920,tkr,baronessa,3,129092646,0.023239123938942268
1920,tkr,borgmästarfru,0,129092646,0.0
1920,tkr,dam,1530,129092646,11.851953208860557
1920,tkr,dotter,1179,129092646,9.132975708004311
1920,tkr,drottning,939,129092646,7.27384579288893
1920,tkr,fabriksarbeterska,2,129092646,0.01549274929262818
1920,tkr,farmor,36,129092646,0.27886948726730726
1920,tkr,feminin,6,129092646,0.046478247877884536
1920,tkr,flicka,4232,129092646,32.78265750320123
1920,tkr,flickebarn,3,129092646,0.023239123938942268
1920,tkr,fnaska,0,129092646,0.0
1920,tkr,fostermoder,0,129092646,0.0
1920,tkr,fostermor,50,129092646,0.3873187323157045
1920,tkr,friherrinna,0,129092646,0.0
1920,tkr,fru,2549,129092646,19.745508973454616
1920,tkr,fruntimmer,30,129092646,0.2323912393894227
1920,tkr,fröken,2047,129092646,15.856828901004942
1920,tkr,författarinna,17,129092646,0.13168836898733952
1920,tkr,gammal,34991,129092646,271.05339524917633
1920,tkr,gammal gumma,8,129092646,0.06197099717051272
1920,tkr,gammelmor,0,129092646,0.0
1920,tkr,gemål,54,129092646,0.41830423090096086
1920,tkr,grevinna,87,129092646,0.6739345942293258
1920,tkr,gumma,61,129092646,0.4725288534251595
1920,tkr,guvernant,2,129092646,0.01549274929262818
1920,tkr,hennes,0,129092646,0.0
1920,tkr,hertiginna,11,129092646,0.08521012110945499
1920,tkr,hjältinna,1,129092646,0.00774637464631409
1920,tkr,hjärtevän,0,129092646,0.0
1920,tkr,hona,22,129092646,0.17042024221890997
1920,tkr,honkön,3,129092646,0.023239123938942268
1920,tkr,hora,426,129092646,3.2999555993298024
1920,tkr,husfru,3,129092646,0.023239123938942268
1920,tkr,hushållerska,249,129092646,1.9288472869322084
1920,tkr,husmoder,0,129092646,0.0
1920,tkr,husmor,771,129092646,5.9724548523081635
1920,tkr,hustru,6222,129092646,48.197943049366266
1920,tkr,häxa,4,129092646,0.03098549858525636
1920,tkr,jungfru,60,129092646,0.4647824787788454
1920,tkr,jänta,14,129092646,0.10844924504839726
1920,tkr,jäntunge,0,129092646,0.0
1920,tkr,kassörska,241,129092646,1.8668762897616957
1920,tkr,kejsarinna,3,129092646,0.023239123938942268
1920,tkr,kokerska,561,129092646,4.345716176582204
1920,tkr,kokfru,0,129092646,0.0
1920,tkr,konstnärinna,0,129092646,0.0
1920,tkr,kontorist,250,129092646,1.9365936615785224
1920,tkr,kontorsfröken,1,129092646,0.00774637464631409
1920,tkr,kviga,33,129092646,0.255630363328365
1920,tkr,kvinna,19254,129092646,149.14869744013149
1920,tkr,kvinnfolk,1,129092646,0.00774637464631409
1920,tkr,kvinnlig,20709,129092646,160.4196725505185
1920,tkr,kvinnlighet,1,129092646,0.00774637464631409
1920,tkr,kvinnokön,10,129092646,0.0774637464631409
1920,tkr,kvinnsperson,0,129092646,0.0
1920,tkr,käring,16,129092646,0.12394199434102544
1920,tkr,kärring,1,129092646,0.00774637464631409
1920,tkr,landshövdingska,0,129092646,0.0
1920,tkr,lillflicka,0,129092646,0.0
1920,tkr,liten,148671,129092646,1151.661265042162
1920,tkr,liten flicka,9,129092646,0.06971737181682681
1920,tkr,livskamrat,0,129092646,0.0
1920,tkr,lärarinna,9343,129092646,72.37437832051253
1920,tkr,madam,0,129092646,0.0
1920,tkr,madame,0,129092646,0.0
1920,tkr,maka,389,129092646,3.0133397374161808
1920,tkr,mamma,18,129092646,0.13943474363365363
1920,tkr,mamsell,3,129092646,0.023239123938942268
1920,tkr,matmor,7,129092646,0.05422462252419863
1920,tkr,moder,3075,129092646,23.820102037415825
1920,tkr,moderlig,8,129092646,0.06197099717051272
1920,tkr,moderlighet,1,129092646,0.00774637464631409
1920,tkr,mor,3388,129092646,26.244717301712136
1920,tkr,mormor,21,129092646,0.1626738675725959
1920,tkr,mö,32,129092646,0.2478839886820509
1920,tkr,piga,16,129092646,0.12394199434102544
1920,tkr,poetissa,0,129092646,0.0
1920,tkr,prinsessa,113,129092646,0.8753403350334922
1920,tkr,prostinna,0,129092646,0.0
1920,tkr,prästfru,1,129092646,0.00774637464631409
1920,tkr,quinfolk,0,129092646,0.0
1920,tkr,quinna,0,129092646,0.0
1920,tkr,quinnor,0,129092646,0.0
1920,tkr,qvinfolk,0,129092646,0.0
1920,tkr,qvinnokön,0,129092646,0.0
1920,tkr,qvinnor,0,129092646,0.0
1920,tkr,qvinsperson,0,129092646,0.0
1920,tkr,ragata,0,129092646,0.0
1920,tkr,satkärring,0,129092646,0.0
1920,tkr,sig,664617,129092646,5148.372278309332
1920,tkr,sjuksköterska,1607,129092646,12.448424056626742
1920,tkr,själv,59830,129092646,463.465595088972
1920,tkr,skata,18,129092646,0.13943474363365363
1920,tkr,skollärarinna,16,129092646,0.12394199434102544
1920,tkr,skrivbiträde,3962,129092646,30.691136348696425
1920,tkr,skådespelerska,7,129092646,0.05422462252419863
1920,tkr,sköka,6,129092646,0.046478247877884536
1920,tkr,slampa,0,129092646,0.0
1920,tkr,slinka,43,129092646,0.3330941097915059
1920,tkr,slyna,0,129092646,0.0
1920,tkr,småflicka,0,129092646,0.0
1920,tkr,sondotter,1,129092646,0.00774637464631409
1920,tkr,spinnerska,0,129092646,0.0
1920,tkr,styvmor,30,129092646,0.2323912393894227
1920,tkr,subba,1,129092646,0.00774637464631409
1920,tkr,sugga,47,129092646,0.36407960837676223
1920,tkr,svärmor,8,129092646,0.06197099717051272
1920,tkr,syster,157,129092646,1.2161808194713122
1920,tkr,systerdotter,3,129092646,0.023239123938942268
1920,tkr,sångerska,5,129092646,0.03873187323157045
1920,tkr,sömmerska,418,129092646,3.2379846021592895
1920,tkr,tant,85,129092646,0.6584418449366977
1920,tkr,telefonist,329,129092646,2.5485572586373357
1920,tkr,tjej,1,129092646,0.00774637464631409
1920,tkr,tjänarinna,44,129092646,0.34084048443781995
1920,tkr,trollpacka,1,129092646,0.00774637464631409
1920,tkr,tvätterska,221,129092646,1.711948796835414
1920,tkr,tös,5,129092646,0.03873187323157045
1920,tkr,tösabit,0,129092646,0.0
1920,tkr,ungflicka,0,129092646,0.0
1920,tkr,värdinna,12,129092646,0.09295649575576907
1920,tkr,väverska,49,129092646,0.3795723576693904
1920,tkr,äkta,1374,129092646,10.643518764035559
1920,tkr,äkta maka,28,129092646,0.21689849009679452
1920,tkr,änka,21484,129092646,166.4231129014119
1930,lb,amma,61,16234117,3.757518810539557
1930,lb,barnmorska,138,16234117,8.500616325482932
1930,lb,baronessa,188,16234117,11.580549776744864
1930,lb,borgmästarfru,0,16234117,0.0
1930,lb,dam,1293,16234117,79.64707904963356
1930,lb,dotter,25057,16234117,1543.4778497654045
1930,lb,drottning,1667,16234117,102.6849812650728
1930,lb,fabriksarbeterska,0,16234117,0.0
1930,lb,farmor,473,16234117,29.136170448937875
1930,lb,feminin,20,16234117,1.2319733805047728
1930,lb,flicka,3347,16234117,206.17074522747373
1930,lb,flickebarn,18,16234117,1.1087760424542954
1930,lb,fnaska,0,16234117,0.0
1930,lb,fostermoder,0,16234117,0.0
1930,lb,fostermor,16,16234117,0.9855787044038182
1930,lb,friherrinna,180,16234117,11.087760424542955
1930,lb,fru,7408,16234117,456.32294013896785
1930,lb,fruntimmer,247,16234117,15.214871249233944
1930,lb,fröken,2590,16234117,159.54055277536807
1930,lb,författarinna,189,16234117,11.642148445770102
1930,lb,gammal,12122,16234117,746.6990659239427
1930,lb,gammal gumma,66,16234117,4.0655121556657505
1930,lb,gammelmor,1,16234117,0.06159866902523864
1930,lb,gemål,98,16234117,6.036669564473386
1930,lb,grevinna,1931,16234117,118.94702988773581
1930,lb,gumma,781,16234117,48.10856050871138
1930,lb,guvernant,34,16234117,2.0943547468581136
1930,lb,hennes,0,16234117,0.0
1930,lb,hertiginna,208,16234117,12.812523157249636
1930,lb,hjältinna,100,16234117,6.159866902523864
1930,lb,hjärtevän,5,16234117,0.3079933451261932
1930,lb,hona,36,16234117,2.217552084908591
1930,lb,honkön,1,16234117,0.06159866902523864
1930,lb,hora,19,16234117,1.1703747114795342
1930,lb,husfru,24,16234117,1.4783680566057273
1930,lb,hushållerska,157,16234117,9.670991036962466
1930,lb,husmoder,0,16234117,0.0
1930,lb,husmor,132,16234117,8.131024311331501
1930,lb,hustru,4708,16234117,290.0065337708235
1930,lb,häxa,94,16234117,5.790274888372432
1930,lb,jungfru,907,16234117,55.86999280589144
1930,lb,jänta,48,16234117,2.9567361132114547
1930,lb,jäntunge,1,16234117,0.06159866902523864
1930,lb,kassörska,27,16234117,1.6631640636814433
1930,lb,kejsarinna,67,16234117,4.1271108246909884
1930,lb,kokerska,89,16234117,5.482281543246239
1930,lb,kokfru,3,16234117,0.18479600707571592
1930,lb,konstnärinna,1,16234117,0.06159866902523864
1930,lb,kontorist,163,16234117,10.040583051113899
1930,lb,kontorsfröken,0,16234117,0.0
1930,lb,kviga,21,16234117,1.2935720495300114
1930,lb,kvinna,3568,16234117,219.78405108205146
1930,lb,kvinnfolk,85,16234117,5.235886867145284
1930,lb,kvinnlig,361,16234117,22.237119518111147
1930,lb,kvinnlighet,28,16234117,1.724762732706682
1930,lb,kvinnokön,12,16234117,0.7391840283028637
1930,lb,kvinnsperson,6,16234117,0.36959201415143184
1930,lb,käring,163,16234117,10.040583051113899
1930,lb,kärring,7,16234117,0.4311906831766705
1930,lb,landshövdingska,0,16234117,0.0
1930,lb,lillflicka,0,16234117,0.0
1930,lb,liten,20590,16234117,1268.3165952296636
1930,lb,liten flicka,232,16234117,14.290891213855364
1930,lb,livskamrat,0,16234117,0.0
1930,lb,lärarinna,508,16234117,31.292123864821228
1930,lb,madam,12,16234117,0.7391840283028637
1930,lb,madame,96,16234117,5.913472226422909
1930,lb,maka,305,16234117,18.787594052697784
1930,lb,mamma,1804,16234117,111.1239989215305
1930,lb,mamsell,210,16234117,12.935720495300114
1930,lb,matmor,72,16234117,4.435104169817182
1930,lb,moder,2665,16234117,164.16045295226098
1930,lb,moderlig,79,16234117,4.866294852993852
1930,lb,moderlighet,25,16234117,1.539966725630966
1930,lb,mor,5665,16234117,348.9564600279769
1930,lb,mormor,173,16234117,10.656569741366285
1930,lb,mö,63,16234117,3.880716148590034
1930,lb,piga,393,16234117,24.208276926918785
1930,lb,poetissa,1,16234117,0.06159866902523864
1930,lb,prinsessa,463,16234117,28.52018375868549
1930,lb,prostinna,0,16234117,0.0
1930,lb,prästfru,40,16234117,2.4639467610095456
1930,lb,quinfolk,0,16234117,0.0
1930,lb,quinna,0,16234117,0.0
1930,lb,quinnor,0,16234117,0.0
1930,lb,qvinfolk,3,16234117,0.18479600707571592
1930,lb,qvinnokön,0,16234117,0.0
1930,lb,qvinnor,1,16234117,0.06159866902523864
1930,lb,qvinsperson,0,16234117,0.0
1930,lb,ragata,1,16234117,0.06159866902523864
1930,lb,satkärring,0,16234117,0.0
1930,lb,sig,114483,16234117,7052.000426016395
1930,lb,sjuksköterska,87,16234117,5.359084205195762
1930,lb,själv,11484,16234117,707.3991150858405
1930,lb,skata,76,16234117,4.681498845918137
1930,lb,skollärarinna,10,16234117,0.6159866902523864
1930,lb,skrivbiträde,6,16234117,0.36959201415143184
1930,lb,skådespelerska,47,16234117,2.895137444186216
1930,lb,sköka,20,16234117,1.2319733805047728
1930,lb,slampa,1,16234117,0.06159866902523864
1930,lb,slinka,81,16234117,4.98949219104433
1930,lb,slyna,21,16234117,1.2935720495300114
1930,lb,småflicka,16,16234117,0.9855787044038182
1930,lb,sondotter,39,16234117,2.4023480919843068
1930,lb,spinnerska,0,16234117,0.0
1930,lb,styvmor,153,16234117,9.424596360861512
1930,lb,subba,0,16234117,0.0
1930,lb,sugga,46,16234117,2.8335387751609775
1930,lb,svärmor,141,16234117,8.685412332558649
1930,lb,syster,3401,16234117,209.4970733548366
1930,lb,systerdotter,190,16234117,11.703747114795341
1930,lb,sångerska,31,16234117,1.9095587397823979
1930,lb,sömmerska,28,16234117,1.724762732706682
1930,lb,tant,662,16234117,40.77831889470798
1930,lb,telefonist,8,16234117,0.4927893522019091
1930,lb,tjej,9,16234117,0.5543880212271477
1930,lb,tjänarinna,41,16234117,2.525545430034784
1930,lb,trollpacka,27,16234117,1.6631640636814433
1930,lb,tvätterska,14,16234117,0.862381366353341
1930,lb,tös,162,16234117,9.97898438208866
1930,lb,tösabit,0,16234117,0.0
1930,lb,ungflicka,0,16234117,0.0
1930,lb,värdinna,152,16234117,9.362997691836274
1930,lb,väverska,2,16234117,0.12319733805047728
1930,lb,äkta,503,16234117,30.984130519695036
1930,lb,äkta maka,4,16234117,0.24639467610095456
1930,lb,änka,3312,16234117,204.01479181159036
1930,tkr,amma,118,130093121,0.9070425791383696
1930,tkr,barnmorska,2188,130093121,16.818721721650448
1930,tkr,baronessa,1,130093121,0.0076868015181217764
1930,tkr,borgmästarfru,0,130093121,0.0
1930,tkr,dam,1028,130093121,7.902031960629187
1930,tkr,dotter,1398,130093121,10.746148522334243
1930,tkr,drottning,705,130093121,5.419195070275853
1930,tkr,fabriksarbeterska,0,130093121,0.0
1930,tkr,farmor,25,130093121,0.1921700379530444
1930,tkr,feminin,7,130093121,0.05380761062685244
1930,tkr,flicka,5285,130093121,40.62474602327359
1930,tkr,flickebarn,5,130093121,0.03843400759060889
1930,tkr,fnaska,0,130093121,0.0
1930,tkr,fostermoder,0,130093121,0.0
1930,tkr,fostermor,21,130093121,0.1614228318805573
1930,tkr,friherrinna,0,130093121,0.0
1930,tkr,fru,4008,130093121,30.80870048463208
1930,tkr,fruntimmer,20,130093121,0.15373603036243555
1930,tkr,fröken,2798,130093121,21.50767064770473
1930,tkr,författarinna,14,130093121,0.10761522125370487
1930,tkr,gammal,32416,130093121,249.17535801143552
1930,tkr,gammal gumma,9,130093121,0.06918121366309599
1930,tkr,gammelmor,0,130093121,0.0
1930,tkr,gemål,27,130093121,0.207543640989288
1930,tkr,grevinna,3,130093121,0.02306040455436533
1930,tkr,gumma,54,130093121,0.415087281978576
1930,tkr,guvernant,4,130093121,0.030747206072487106
1930,tkr,hennes,0,130093121,0.0
1930,tkr,hertiginna,5,130093121,0.03843400759060889
1930,tkr,hjältinna,5,130093121,0.03843400759060889
1930,tkr,hjärtevän,0,130093121,0.0
1930,tkr,hona,38,130093121,0.2920984576886275
1930,tkr,honkön,0,130093121,0.0
1930,tkr,hora,46,130093121,0.3535928698336017
1930,tkr,husfru,2,130093121,0.015373603036243553
1930,tkr,hushållerska,353,130093121,2.7134409358969873
1930,tkr,husmoder,0,130093121,0.0
1930,tkr,husmor,1876,130093121,14.420439647996453
1930,tkr,hustru,4268,130093121,32.807268879343745
1930,tkr,häxa,6,130093121,0.04612080910873066
1930,tkr,jungfru,70,130093121,0.5380761062685244
1930,tkr,jänta,7,130093121,0.05380761062685244
1930,tkr,jäntunge,1,130093121,0.0076868015181217764
1930,tkr,kassörska,138,130093121,1.0607786095008052
1930,tkr,kejsarinna,3,130093121,0.02306040455436533
1930,tkr,kokerska,705,130093121,5.419195070275853
1930,tkr,kokfru,1,130093121,0.0076868015181217764
1930,tkr,konstnärinna,0,130093121,0.0
1930,tkr,kontorist,708,130093121,5.442255474830218
1930,tkr,kontorsfröken,0,130093121,0.0
1930,tkr,kviga,21,130093121,0.1614228318805573
1930,tkr,kvinna,12128,130093121,93.2255288117809
1930,tkr,kvinnfolk,0,130093121,0.0
1930,tkr,kvinnlig,13307,130093121,102.28826780164648
1930,tkr,kvinnlighet,6,130093121,0.04612080910873066
1930,tkr,kvinnokön,50,130093121,0.3843400759060888
1930,tkr,kvinnsperson,2,130093121,0.015373603036243553
1930,tkr,käring,21,130093121,0.1614228318805573
1930,tkr,kärring,4,130093121,0.030747206072487106
1930,tkr,landshövdingska,0,130093121,0.0
1930,tkr,lillflicka,0,130093121,0.0
1930,tkr,liten,150826,130093121,1159.3695257722352
1930,tkr,liten flicka,14,130093121,0.10761522125370487
1930,tkr,livskamrat,0,130093121,0.0
1930,tkr,lärarinna,8115,130093121,62.37839431955822
1930,tkr,madam,0,130093121,0.0
1930,tkr,madame,1,130093121,0.0076868015181217764
1930,tkr,maka,268,130093121,2.060062806856636
1930,tkr,mamma,36,130093121,0.27672485465238394
1930,tkr,mamsell,5,130093121,0.03843400759060889
1930,tkr,matmor,6,130093121,0.04612080910873066
1930,tkr,moder,3121,130093121,23.990507538058065
1930,tkr,moderlig,3,130093121,0.02306040455436533
1930,tkr,moderlighet,0,130093121,0.0
1930,tkr,mor,3391,130093121,26.065943947950945
1930,tkr,mormor,26,130093121,0.1998568394711662
1930,tkr,mö,25,130093121,0.1921700379530444
1930,tkr,piga,15,130093121,0.11530202277182665
1930,tkr,poetissa,0,130093121,0.0
1930,tkr,prinsessa,70,130093121,0.5380761062685244
1930,tkr,prostinna,0,130093121,0.0
1930,tkr,prästfru,1,130093121,0.0076868015181217764
1930,tkr,quinfolk,0,130093121,0.0
1930,tkr,quinna,0,130093121,0.0
1930,tkr,quinnor,0,130093121,0.0
1930,tkr,qvinfolk,0,130093121,0.0
1930,tkr,qvinnokön,0,130093121,0.0
1930,tkr,qvinnor,0,130093121,0.0
1930,tkr,qvinsperson,0,130093121,0.0
1930,tkr,ragata,0,130093121,0.0
1930,tkr,satkärring,0,130093121,0.0
1930,tkr,sig,634407,130093121,4876.560690707082
1930,tkr,sjuksköterska,2104,130093121,16.17303039412822
1930,tkr,själv,53341,130093121,410.0216797781337
1930,tkr,skata,32,130093121,0.24597764857989685
1930,tkr,skollärarinna,14,130093121,0.10761522125370487
1930,tkr,skrivbiträde,2681,130093121,20.608314870084484
1930,tkr,skådespelerska,8,130093121,0.06149441214497421
1930,tkr,sköka,0,130093121,0.0
1930,tkr,slampa,0,130093121,0.0
1930,tkr,slinka,54,130093121,0.415087281978576
1930,tkr,slyna,1,130093121,0.0076868015181217764
1930,tkr,småflicka,3,130093121,0.02306040455436533
1930,tkr,sondotter,4,130093121,0.030747206072487106
1930,tkr,spinnerska,0,130093121,0.0
1930,tkr,styvmor,22,130093121,0.1691096333986791
1930,tkr,subba,0,130093121,0.0
1930,tkr,sugga,38,130093121,0.2920984576886275
1930,tkr,svärmor,15,130093121,0.11530202277182665
1930,tkr,syster,227,130093121,1.7449039446136434
1930,tkr,systerdotter,9,130093121,0.06918121366309599
1930,tkr,sångerska,6,130093121,0.04612080910873066
1930,tkr,sömmerska,357,130093121,2.7441881419694742
1930,tkr,tant,109,130093121,0.8378613654752737
1930,tkr,telefonist,247,130093121,1.898639974976079
1930,tkr,tjej,0,130093121,0.0
1930,tkr,tjänarinna,72,130093121,0.5534497093047679
1930,tkr,trollpacka,1,130093121,0.0076868015181217764
1930,tkr,tvätterska,200,130093121,1.5373603036243553
1930,tkr,tös,5,130093121,0.03843400759060889
1930,tkr,tösabit,0,130093121,0.0
1930,tkr,ungflicka,0,130093121,0.0
1930,tkr,värdinna,10,130093121,0.07686801518121777
1930,tkr,väverska,103,130093121,0.7917405563665431
1930,tkr,äkta,1154,130093121,8.87056895191253
1930,tkr,äkta maka,2,130093121,0.015373603036243553
1930,tkr,änka,11704,130093121,89.96632496809728
1940,lb,amma,16,4503154,3.5530652515992123
1940,lb,barnmorska,32,4503154,7.1061305031984245
1940,lb,baronessa,0,4503154,0.0
1940,lb,borgmästarfru,0,4503154,0.0
1940,lb,dam,488,4503154,108.36849017377598
1940,lb,dotter,949,4503154,210.74118273547828
1940,lb,drottning,513,4503154,113.92015462939975
1940,lb,fabriksarbeterska,0,4503154,0.0
1940,lb,farmor,171,4503154,37.97338487646658
1940,lb,feminin,9,4503154,1.998599204024557
1940,lb,flicka,1041,4503154,231.17130793217376
1940,lb,flickebarn,10,4503154,2.2206657822495077
1940,lb,fnaska,0,4503154,0.0
1940,lb,fostermoder,0,4503154,0.0
1940,lb,fostermor,5,4503154,1.1103328911247539
1940,lb,friherrinna,0,4503154,0.0
1940,lb,fru,2260,4503154,501.87046678838874
1940,lb,fruntimmer,204,4503154,45.30158195788996
1940,lb,fröken,919,4503154,204.07918538872977
1940,lb,författarinna,179,4503154,39.749917502266186
1940,lb,gammal,4458,4503154,989.9728057268305
1940,lb,gammal gumma,18,4503154,3.997198408049114
1940,lb,gammelmor,0,4503154,0.0
1940,lb,gemål,46,4503154,10.215062598347735
1940,lb,grevinna,36,4503154,7.994396816098228
1940,lb,gumma,231,4503154,51.29737956996363
1940,lb,guvernant,36,4503154,7.994396816098228
1940,lb,hennes,0,4503154,0.0
1940,lb,hertiginna,25,4503154,5.5516644556237695
1940,lb,hjältinna,34,4503154,7.550263659648326
1940,lb,hjärtevän,0,4503154,0.0
1940,lb,hona,17,4503154,3.775131829824163
1940,lb,honkön,0,4503154,0.0
1940,lb,hora,21,4503154,4.663398142723967
1940,lb,husfru,17,4503154,3.775131829824163
1940,lb,hushållerska,68,4503154,15.100527319296653
1940,lb,husmoder,0,4503154,0.0
1940,lb,husmor,94,4503154,20.874258353145372
1940,lb,hustru,1235,4503154,274.2522241078142
1940,lb,häxa,31,4503154,6.884063924973474
1940,lb,jungfru,231,4503154,51.29737956996363
1940,lb,jänta,14,4503154,3.108932095149311
1940,lb,jäntunge,1,4503154,0.22206657822495077
1940,lb,kassörska,9,4503154,1.998599204024557
1940,lb,kejsarinna,44,4503154,9.770929441897835
1940,lb,kokerska,33,4503154,7.328197081423376
1940,lb,kokfru,7,4503154,1.5544660475746555
1940,lb,konstnärinna,4,4503154,0.8882663128998031
1940,lb,kontorist,10,4503154,2.2206657822495077
1940,lb,kontorsfröken,0,4503154,0.0
1940,lb,kviga,11,4503154,2.4427323604744586
1940,lb,kvinna,2009,4503154,446.1317556539261
1940,lb,kvinnfolk,10,4503154,2.2206657822495077
1940,lb,kvinnlig,204,4503154,45.30158195788996
1940,lb,kvinnlighet,9,4503154,1.998599204024557
1940,lb,kvinnokön,5,4503154,1.1103328911247539
1940,lb,kvinnsperson,2,4503154,0.44413315644990153
1940,lb,käring,81,4503154,17.987392836221012
1940,lb,kärring,17,4503154,3.775131829824163
1940,lb,landshövdingska,0,4503154,0.0
1940,lb,lillflicka,0,4503154,0.0
1940,lb,liten,7650,4503154,1698.8093234208734
1940,lb,liten flicka,60,4503154,13.323994693497047
1940,lb,livskamrat,0,4503154,0.0
1940,lb,lärarinna,136,4503154,30.201054638593305
1940,lb,madam,16,4503154,3.5530652515992123
1940,lb,madame,30,4503154,6.661997346748524
1940,lb,maka,91,4503154,20.20805861847052
1940,lb,mamma,241,4503154,53.518045352213136
1940,lb,mamsell,83,4503154,18.431525992670913
1940,lb,matmor,26,4503154,5.77373103384872
1940,lb,moder,867,4503154,192.53172332103233
1940,lb,moderlig,20,4503154,4.4413315644990154
1940,lb,moderlighet,7,4503154,1.5544660475746555
1940,lb,mor,2041,4503154,453.23788615712454
1940,lb,mormor,89,4503154,19.76392546202062
1940,lb,mö,33,4503154,7.328197081423376
1940,lb,piga,437,4503154,97.0430946843035
1940,lb,poetissa,0,4503154,0.0
1940,lb,prinsessa,247,4503154,54.850444821562846
1940,lb,prostinna,1,4503154,0.22206657822495077
1940,lb,prästfru,29,4503154,6.439930768523572
1940,lb,quinfolk,0,4503154,0.0
1940,lb,quinna,0,4503154,0.0
1940,lb,quinnor,0,4503154,0.0
1940,lb,qvinfolk,0,4503154,0.0
1940,lb,qvinnokön,0,4503154,0.0
1940,lb,qvinnor,0,4503154,0.0
1940,lb,qvinsperson,0,4503154,0.0
1940,lb,ragata,2,4503154,0.44413315644990153
1940,lb,satkärring,0,4503154,0.0
1940,lb,sig,45371,4503154,10075.382720644242
1940,lb,sjuksköterska,24,4503154,5.329597877398819
1940,lb,själv,4660,4503154,1034.8302545282706
1940,lb,skata,39,4503154,8.66059655077308
1940,lb,skollärarinna,0,4503154,0.0
1940,lb,skrivbiträde,1,4503154,0.22206657822495077
1940,lb,skådespelerska,60,4503154,13.323994693497047
1940,lb,sköka,23,4503154,5.107531299173868
1940,lb,slampa,1,4503154,0.22206657822495077
1940,lb,slinka,18,4503154,3.997198408049114
1940,lb,slyna,0,4503154,0.0
1940,lb,småflicka,6,4503154,1.3323994693497048
1940,lb,sondotter,6,4503154,1.3323994693497048
1940,lb,spinnerska,0,4503154,0.0
1940,lb,styvmor,23,4503154,5.107531299173868
1940,lb,subba,0,4503154,0.0
1940,lb,sugga,43,4503154,9.548862863672884
1940,lb,svärmor,53,4503154,11.76952864592239
1940,lb,syster,813,4503154,180.54012809688498
1940,lb,systerdotter,22,4503154,4.885464720948917
1940,lb,sångerska,27,4503154,5.995797612073671
1940,lb,sömmerska,19,4503154,4.219264986274065
1940,lb,tant,89,4503154,19.76392546202062
1940,lb,telefonist,3,4503154,0.6661997346748524
1940,lb,tjej,3,4503154,0.6661997346748524
1940,lb,tjänarinna,13,4503154,2.88686551692436
1940,lb,trollpacka,6,4503154,1.3323994693497048
1940,lb,tvätterska,10,4503154,2.2206657822495077
1940,lb,tös,90,4503154,19.98599204024557
1940,lb,tösabit,0,4503154,0.0
1940,lb,ungflicka,0,4503154,0.0
1940,lb,värdinna,95,4503154,21.096324931370322
1940,lb,väverska,5,4503154,1.1103328911247539
1940,lb,äkta,272,4503154,60.40210927718661
1940,lb,äkta maka,0,4503154,0.0
1940,lb,änka,622,4503154,138.12541165591938
1940,tkr,amma,113,133229745,0.84815894528658
1940,tkr,barnmorska,2535,133229745,19.02728253364142
1940,tkr,baronessa,0,133229745,0.0
1940,tkr,borgmästarfru,0,133229745,0.0
1940,tkr,dam,1085,133229745,8.143827041026011
1940,tkr,dotter,618,133229745,4.638603789266428
1940,tkr,drottning,220,133229745,1.6512829023278548
1940,tkr,fabriksarbeterska,0,133229745,0.0
1940,tkr,farmor,6,133229745,0.04503498824530513
1940,tkr,feminin,7,133229745,0.05254081961952265
1940,tkr,flicka,2526,133229745,18.95973005127346
1940,tkr,flickebarn,0,133229745,0.0
1940,tkr,fnaska,0,133229745,0.0
1940,tkr,fostermoder,0,133229745,0.0
1940,tkr,fostermor,25,133229745,0.18764578435543805
1940,tkr,friherrinna,0,133229745,0.0
1940,tkr,fru,9414,133229745,70.65989655688375
1940,tkr,fruntimmer,17,133229745,0.12759913336169787
1940,tkr,fröken,4702,133229745,35.29241912157079
1940,tkr,författarinna,33,133229745,0.24769243534917823
1940,tkr,gammal,28957,133229745,217.34635910321677
1940,tkr,gammal gumma,4,133229745,0.030023325496870087
1940,tkr,gammelmor,0,133229745,0.0
1940,tkr,gemål,2,133229745,0.015011662748435043
1940,tkr,grevinna,9,133229745,0.06755248236795769
1940,tkr,gumma,37,133229745,0.2777157608460483
1940,tkr,guvernant,1,133229745,0.007505831374217522
1940,tkr,hennes,0,133229745,0.0
1940,tkr,hertiginna,82,133229745,0.6154781726858368
1940,tkr,hjältinna,2,133229745,0.015011662748435043
1940,tkr,hjärtevän,0,133229745,0.0
1940,tkr,hona,12,133229745,0.09006997649061026
1940,tkr,honkön,0,133229745,0.0
1940,tkr,hora,45,133229745,0.3377624118397885
1940,tkr,husfru,14,133229745,0.1050816392390453
1940,tkr,hushållerska,295,133229745,2.214220255394169
1940,tkr,husmoder,0,133229745,0.0
1940,tkr,husmor,3401,133229745,25.52733250371379
1940,tkr,hustru,5307,133229745,39.833447102972386
1940,tkr,häxa,3,133229745,0.022517494122652564
1940,tkr,jungfru,22,133229745,0.16512829023278547
1940,tkr,jänta,7,133229745,0.05254081961952265
1940,tkr,jäntunge,0,133229745,0.0
1940,tkr,kassörska,135,133229745,1.0132872355193654
1940,tkr,kejsarinna,1,133229745,0.007505831374217522
1940,tkr,kokerska,293,133229745,2.199208592645734
1940,tkr,kokfru,0,133229745,0.0
1940,tkr,konstnärinna,0,133229745,0.0
1940,tkr,kontorist,2304,133229745,17.29343548619717
1940,tkr,kontorsfröken,0,133229745,0.0
1940,tkr,kviga,26,133229745,0.19515161572965556
1940,tkr,kvinna,12516,133229745,93.94298547970651
1940,tkr,kvinnfolk,4,133229745,0.030023325496870087
1940,tkr,kvinnlig,9442,133229745,70.87005983536184
1940,tkr,kvinnlighet,0,133229745,0.0
1940,tkr,kvinnokön,12,133229745,0.09006997649061026
1940,tkr,kvinnsperson,0,133229745,0.0
1940,tkr,käring,11,133229745,0.08256414511639273
1940,tkr,kärring,3,133229745,0.022517494122652564
1940,tkr,landshövdingska,0,133229745,0.0
1940,tkr,lillflicka,0,133229745,0.0
1940,tkr,liten,142996,133229745,1073.3038631876088
1940,tkr,liten flicka,10,133229745,0.07505831374217521
1940,tkr,livskamrat,0,133229745,0.0
1940,tkr,lärarinna,4897,133229745,36.756056239543206
1940,tkr,madam,0,133229745,0.0
1940,tkr,madame,2,133229745,0.015011662748435043
1940,tkr,maka,455,133229745,3.4151532752689726
1940,tkr,mamma,35,133229745,0.26270409809761325
1940,tkr,mamsell,0,133229745,0.0
1940,tkr,matmor,0,133229745,0.0
1940,tkr,moder,4985,133229745,37.416569400474344
1940,tkr,moderlig,3,133229745,0.022517494122652564
1940,tkr,moderlighet,0,133229745,0.0
1940,tkr,mor,5271,133229745,39.56323717350056
1940,tkr,mormor,21,133229745,0.15762245885856796
1940,tkr,mö,33,133229745,0.24769243534917823
1940,tkr,piga,4,133229745,0.030023325496870087
1940,tkr,poetissa,0,133229745,0.0
1940,tkr,prinsessa,45,133229745,0.3377624118397885
1940,tkr,prostinna,0,133229745,0.0
1940,tkr,prästfru,3,133229745,0.022517494122652564
1940,tkr,quinfolk,0,133229745,0.0
1940,tkr,quinna,0,133229745,0.0
1940,tkr,quinnor,0,133229745,0.0
1940,tkr,qvinfolk,0,133229745,0.0
1940,tkr,qvinnokön,0,133229745,0.0
1940,tkr,qvinnor,0,133229745,0.0
1940,tkr,qvinsperson,0,133229745,0.0
1940,tkr,ragata,1,133229745,0.007505831374217522
1940,tkr,satkärring,0,133229745,0.0
1940,tkr,sig,581188,133229745,4362.299124718733
1940,tkr,sjuksköterska,3150,133229745,23.643368828785192
1940,tkr,själv,46980,133229745,352.6239579607392
1940,tkr,skata,14,133229745,0.1050816392390453
1940,tkr,skollärarinna,8,133229745,0.060046650993740174
1940,tkr,skrivbiträde,4290,133229745,32.200016595393166
1940,tkr,skådespelerska,21,133229745,0.15762245885856796
1940,tkr,sköka,0,133229745,0.0
1940,tkr,slampa,0,133229745,0.0
1940,tkr,slinka,36,133229745,0.27020992947183076
1940,tkr,slyna,0,133229745,0.0
1940,tkr,småflicka,4,133229745,0.030023325496870087
1940,tkr,sondotter,0,133229745,0.0
1940,tkr,spinnerska,0,133229745,0.0
1940,tkr,styvmor,14,133229745,0.1050816392390453
1940,tkr,subba,0,133229745,0.0
1940,tkr,sugga,112,133229745,0.8406531139123624
1940,tkr,svärmor,7,133229745,0.05254081961952265
1940,tkr,syster,219,133229745,1.6437770709536372
1940,tkr,systerdotter,2,133229745,0.015011662748435043
1940,tkr,sångerska,2,133229745,0.015011662748435043
1940,tkr,sömmerska,151,133229745,1.1333805375068458
1940,tkr,tant,59,133229745,0.4428440510788338
1940,tkr,telefonist,678,133229745,5.08895367171948
1940,tkr,tjej,1,133229745,0.007505831374217522
1940,tkr,tjänarinna,12,133229745,0.09006997649061026
1940,tkr,trollpacka,0,133229745,0.0
1940,tkr,tvätterska,44,133229745,0.33025658046557094
1940,tkr,tös,7,133229745,0.05254081961952265
1940,tkr,tösabit,0,133229745,0.0
1940,tkr,ungflicka,0,133229745,0.0
1940,tkr,värdinna,7,133229745,0.05254081961952265
1940,tkr,väverska,62,133229745,0.46536154520148637
1940,tkr,äkta,1176,133229745,8.826857696079806
1940,tkr,äkta maka,9,133229745,0.06755248236795769
1940,tkr,änka,5470,133229745,41.05689761696984
1950,lb,amma,5,737649,6.778291572278957
1950,lb,barnmorska,16,737649,21.69053303129266
1950,lb,baronessa,0,737649,0.0
1950,lb,borgmästarfru,0,737649,0.0
1950,lb,dam,54,737649,73.20554898061273
1950,lb,dotter,148,737649,200.6374305394571
1950,lb,drottning,50,737649,67.78291572278957
1950,lb,fabriksarbeterska,0,737649,0.0
1950,lb,farmor,5,737649,6.778291572278957
1950,lb,feminin,0,737649,0.0
1950,lb,flicka,208,737649,281.9769294068046
1950,lb,flickebarn,5,737649,6.778291572278957
1950,lb,fnaska,0,737649,0.0
1950,lb,fostermoder,0,737649,0.0
1950,lb,fostermor,0,737649,0.0
1950,lb,friherrinna,2,737649,2.7113166289115824
1950,lb,fru,503,737649,681.896132171263
1950,lb,fruntimmer,33,737649,44.736724377041114
1950,lb,fröken,37,737649,50.15935763486428
1950,lb,författarinna,13,737649,17.623558087925286
1950,lb,gammal,1120,737649,1518.3373121904863
1950,lb,gammal gumma,1,737649,1.3556583144557912
1950,lb,gammelmor,0,737649,0.0
1950,lb,gemål,3,737649,4.066974943367374
1950,lb,grevinna,1,737649,1.3556583144557912
1950,lb,gumma,47,737649,63.71594077942219
1950,lb,guvernant,1,737649,1.3556583144557912
1950,lb,hennes,0,737649,0.0
1950,lb,hertiginna,0,737649,0.0
1950,lb,hjältinna,3,737649,4.066974943367374
1950,lb,hjärtevän,0,737649,0.0
1950,lb,hona,8,737649,10.84526651564633
1950,lb,honkön,0,737649,0.0
1950,lb,hora,3,737649,4.066974943367374
1950,lb,husfru,0,737649,0.0
1950,lb,hushållerska,4,737649,5.422633257823165
1950,lb,husmoder,0,737649,0.0
1950,lb,husmor,22,737649,29.82448291802741
1950,lb,hustru,254,737649,344.337211871771
1950,lb,häxa,2,737649,2.7113166289115824
1950,lb,jungfru,33,737649,44.736724377041114
1950,lb,jänta,6,737649,8.133949886734747
1950,lb,jäntunge,0,737649,0.0
1950,lb,kassörska,0,737649,0.0
1950,lb,kejsarinna,1,737649,1.3556583144557912
1950,lb,kokerska,8,737649,10.84526651564633
1950,lb,kokfru,2,737649,2.7113166289115824
1950,lb,konstnärinna,0,737649,0.0
1950,lb,kontorist,0,737649,0.0
1950,lb,kontorsfröken,0,737649,0.0
1950,lb,kviga,1,737649,1.3556583144557912
1950,lb,kvinna,208,737649,281.9769294068046
1950,lb,kvinnfolk,4,737649,5.422633257823165
1950,lb,kvinnlig,19,737649,25.757507974660033
1950,lb,kvinnlighet,1,737649,1.3556583144557912
1950,lb,kvinnokön,1,737649,1.3556583144557912
1950,lb,kvinnsperson,0,737649,0.0
1950,lb,käring,41,737649,55.58199089268744
1950,lb,kärring,0,737649,0.0
1950,lb,landshövdingska,0,737649,0.0
1950,lb,lillflicka,1,737649,1.3556583144557912
1950,lb,liten,1638,737649,2220.5683190785862
1950,lb,liten flicka,10,737649,13.556583144557914
1950,lb,livskamrat,0,737649,0.0
1950,lb,lärarinna,2,737649,2.7113166289115824
1950,lb,madam,11,737649,14.912241459013705
1950,lb,madame,7,737649,9.489608201190538
1950,lb,maka,12,737649,16.267899773469495
1950,lb,mamma,18,737649,24.401849660204242
1950,lb,mamsell,41,737649,55.58199089268744
1950,lb,matmor,7,737649,9.489608201190538
1950,lb,moder,77,737649,104.38569021309593
1950,lb,moderlig,2,737649,2.7113166289115824
1950,lb,moderlighet,0,737649,0.0
1950,lb,mor,253,737649,342.9815535573152
1950,lb,mormor,24,737649,32.53579954693899
1950,lb,mö,3,737649,4.066974943367374
1950,lb,piga,183,737649,248.0854715454098
1950,lb,poetissa,0,737649,0.0
1950,lb,prinsessa,29,737649,39.31409111921795
1950,lb,prostinna,0,737649,0.0
1950,lb,prästfru,6,737649,8.133949886734747
1950,lb,quinfolk,0,737649,0.0
1950,lb,quinna,0,737649,0.0
1950,lb,quinnor,0,737649,0.0
1950,lb,qvinfolk,0,737649,0.0
1950,lb,qvinnokön,0,737649,0.0
1950,lb,qvinnor,0,737649,0.0
1950,lb,qvinsperson,0,737649,0.0
1950,lb,ragata,0,737649,0.0
1950,lb,satkärring,0,737649,0.0
1950,lb,sig,6398,737649,8673.501895888152
1950,lb,sjuksköterska,2,737649,2.7113166289115824
1950,lb,själv,545,737649,738.8337813784062
1950,lb,skata,25,737649,33.891457861394784
1950,lb,skollärarinna,1,737649,1.3556583144557912
1950,lb,skrivbiträde,1,737649,1.3556583144557912
1950,lb,skådespelerska,0,737649,0.0
1950,lb,sköka,3,737649,4.066974943367374
1950,lb,slampa,0,737649,0.0
1950,lb,slinka,5,737649,6.778291572278957
1950,lb,slyna,0,737649,0.0
1950,lb,småflicka,0,737649,0.0
1950,lb,sondotter,0,737649,0.0
1950,lb,spinnerska,0,737649,0.0
1950,lb,styvmor,3,737649,4.066974943367374
1950,lb,subba,0,737649,0.0
1950,lb,sugga,9,737649,12.200924830102121
1950,lb,svärmor,5,737649,6.778291572278957
1950,lb,syster,110,737649,149.12241459013705
1950,lb,systerdotter,10,737649,13.556583144557914
1950,lb,sångerska,1,737649,1.3556583144557912
1950,lb,sömmerska,2,737649,2.7113166289115824
1950,lb,tant,5,737649,6.778291572278957
1950,lb,telefonist,0,737649,0.0
1950,lb,tjej,0,737649,0.0
1950,lb,tjänarinna,3,737649,4.066974943367374
1950,lb,trollpacka,3,737649,4.066974943367374
1950,lb,tvätterska,2,737649,2.7113166289115824
1950,lb,tös,22,737649,29.82448291802741
1950,lb,tösabit,0,737649,0.0
1950,lb,ungflicka,0,737649,0.0
1950,lb,värdinna,15,737649,20.334874716836868
1950,lb,väverska,0,737649,0.0
1950,lb,äkta,15,737649,20.334874716836868
1950,lb,äkta maka,0,737649,0.0
1950,lb,änka,59,737649,79.98384055289169
1950,tkr,amma,47,134940616,0.34830135946615215
1950,tkr,barnmorska,1093,134940616,8.099859274393708
1950,tkr,baronessa,0,134940616,0.0
1950,tkr,borgmästarfru,0,134940616,0.0
1950,tkr,dam,794,134940616,5.884069774811166
1950,tkr,dotter,340,134940616,2.51962685571259
1950,tkr,drottning,170,134940616,1.259813427856295
1950,tkr,fabriksarbeterska,0,134940616,0.0
1950,tkr,farmor,16,134940616,0.11857067556294541
1950,tkr,feminin,0,134940616,0.0
1950,tkr,flicka,1862,134940616,13.798662368637771
1950,tkr,flickebarn,4,134940616,0.029642668890736353
1950,tkr,fnaska,0,134940616,0.0
1950,tkr,fostermoder,0,134940616,0.0
1950,tkr,fostermor,17,134940616,0.1259813427856295
1950,tkr,friherrinna,0,134940616,0.0
1950,tkr,fru,20449,134940616,151.54073403666692
1950,tkr,fruntimmer,12,134940616,0.08892800667220906
1950,tkr,fröken,16971,134940616,125.76643343617165
1950,tkr,författarinna,53,134940616,0.39276536280225666
1950,tkr,gammal,31395,134940616,232.65789745616695
1950,tkr,gammal gumma,2,134940616,0.014821334445368177
1950,tkr,gammelmor,0,134940616,0.0
1950,tkr,gemål,4,134940616,0.029642668890736353
1950,tkr,grevinna,4,134940616,0.029642668890736353
1950,tkr,gumma,47,134940616,0.34830135946615215
1950,tkr,guvernant,0,134940616,0.0
1950,tkr,hennes,0,134940616,0.0
1950,tkr,hertiginna,192,134940616,1.422848106755345
1950,tkr,hjältinna,4,134940616,0.029642668890736353
1950,tkr,hjärtevän,0,134940616,0.0
1950,tkr,hona,10,134940616,0.07410667222684088
1950,tkr,honkön,0,134940616,0.0
1950,tkr,hora,35,134940616,0.2593733527939431
1950,tkr,husfru,7,134940616,0.05187467055878862
1950,tkr,hushållerska,59,134940616,0.43722936613836116
1950,tkr,husmoder,0,134940616,0.0
1950,tkr,husmor,2763,134940616,20.475673536276133
1950,tkr,hustru,4320,134940616,32.01408240199526
1950,tkr,häxa,2,134940616,0.014821334445368177
1950,tkr,jungfru,6,134940616,0.04446400333610453
1950,tkr,jänta,7,134940616,0.05187467055878862
1950,tkr,jäntunge,0,134940616,0.0
1950,tkr,kassörska,59,134940616,0.43722936613836116
1950,tkr,kejsarinna,0,134940616,0.0
1950,tkr,kokerska,121,134940616,0.8966907339447746
1950,tkr,kokfru,0,134940616,0.0
1950,tkr,konstnärinna,0,134940616,0.0
1950,tkr,kontorist,3492,134940616,25.878049941612836
1950,tkr,kontorsfröken,0,134940616,0.0
1950,tkr,kviga,17,134940616,0.1259813427856295
1950,tkr,kvinna,12156,134940616,90.08407075894777
1950,tkr,kvinnfolk,1,134940616,0.007410667222684088
1950,tkr,kvinnlig,5773,134940616,42.78178187655524
1950,tkr,kvinnlighet,0,134940616,0.0
1950,tkr,kvinnokön,3,134940616,0.022232001668052264
1950,tkr,kvinnsperson,0,134940616,0.0
1950,tkr,käring,6,134940616,0.04446400333610453
1950,tkr,kärring,0,134940616,0.0
1950,tkr,landshövdingska,0,134940616,0.0
1950,tkr,lillflicka,0,134940616,0.0
1950,tkr,liten,145463,134940616,1077.9778862132955
1950,tkr,liten flicka,15,134940616,0.11116000834026132
1950,tkr,livskamrat,1,134940616,0.007410667222684088
1950,tkr,lärarinna,1715,134940616,12.70929428690321
1950,tkr,madam,0,134940616,0.0
1950,tkr,madame,1,134940616,0.007410667222684088
1950,tkr,maka,508,134940616,3.7646189491235167
1950,tkr,mamma,88,134940616,0.6521387155961997
1950,tkr,mamsell,0,134940616,0.0
1950,tkr,matmor,0,134940616,0.0
1950,tkr,moder,3985,134940616,29.53150888239609
1950,tkr,moderlig,7,134940616,0.05187467055878862
1950,tkr,moderlighet,1,134940616,0.007410667222684088
1950,tkr,mor,4243,134940616,31.443461025848585
1950,tkr,mormor,21,134940616,0.15562401167636586
1950,tkr,mö,17,134940616,0.1259813427856295
1950,tkr,piga,1,134940616,0.007410667222684088
1950,tkr,poetissa,0,134940616,0.0
1950,tkr,prinsessa,42,134940616,0.3112480233527317
1950,tkr,prostinna,0,134940616,0.0
1950,tkr,prästfru,2,134940616,0.014821334445368177
1950,tkr,quinfolk,0,134940616,0.0
1950,tkr,quinna,0,134940616,0.0
1950,tkr,quinnor,0,134940616,0.0
1950,tkr,qvinfolk,0,134940616,0.0
1950,tkr,qvinnokön,0,134940616,0.0
1950,tkr,qvinnor,0,134940616,0.0
1950,tkr,qvinsperson,0,134940616,0.0
1950,tkr,ragata,0,134940616,0.0
1950,tkr,satkärring,0,134940616,0.0
1950,tkr,sig,572037,134940616,4239.175846062538
1950,tkr,sjuksköterska,2610,134940616,19.341841451205468
1950,tkr,själv,47360,134940616,350.9691996663184
1950,tkr,skata,24,134940616,0.1778560133444181
1950,tkr,skollärarinna,1,134940616,0.007410667222684088
1950,tkr,skrivbiträde,1104,134940616,8.181376613843232
1950,tkr,skådespelerska,4,134940616,0.029642668890736353
1950,tkr,sköka,2,134940616,0.014821334445368177
1950,tkr,slampa,0,134940616,0.0
1950,tkr,slinka,40,134940616,0.2964266889073635
1950,tkr,slyna,0,134940616,0.0
1950,tkr,småflicka,5,134940616,0.03705333611342044
1950,tkr,sondotter,0,134940616,0.0
1950,tkr,spinnerska,0,134940616,0.0
1950,tkr,styvmor,33,134940616,0.2445520183485749
1950,tkr,subba,0,134940616,0.0
1950,tkr,sugga,69,134940616,0.511336038365202
1950,tkr,svärmor,2,134940616,0.014821334445368177
1950,tkr,syster,166,134940616,1.2301707589655586
1950,tkr,systerdotter,1,134940616,0.007410667222684088
1950,tkr,sångerska,0,134940616,0.0
1950,tkr,sömmerska,126,134940616,0.933744070058195
1950,tkr,tant,78,134940616,0.5780320433693589
1950,tkr,telefonist,530,134940616,3.9276536280225667
1950,tkr,tjej,1,134940616,0.007410667222684088
1950,tkr,tjänarinna,7,134940616,0.05187467055878862
1950,tkr,trollpacka,0,134940616,0.0
1950,tkr,tvätterska,3,134940616,0.022232001668052264
1950,tkr,tös,4,134940616,0.029642668890736353
1950,tkr,tösabit,0,134940616,0.0
1950,tkr,ungflicka,0,134940616,0.0
1950,tkr,värdinna,10,134940616,0.07410667222684088
1950,tkr,väverska,81,134940616,0.6002640450374112
1950,tkr,äkta,2173,134940616,16.10337987489252
1950,tkr,äkta maka,2,134940616,0.014821334445368177
1950,tkr,änka,4494,134940616,33.30353849874229
1960,lb,amma,5,803051,6.2262546214374925
1960,lb,barnmorska,0,803051,0.0
1960,lb,baronessa,1,803051,1.2452509242874985
1960,lb,borgmästarfru,0,803051,0.0
1960,lb,dam,18,803051,22.414516637174973
1960,lb,dotter,25,803051,31.131273107187464
1960,lb,drottning,149,803051,185.5423877188373
1960,lb,fabriksarbeterska,0,803051,0.0
1960,lb,farmor,0,803051,0.0
1960,lb,feminin,0,803051,0.0
1960,lb,flicka,39,803051,48.56478604721244
1960,lb,flickebarn,0,803051,0.0
1960,lb,fnaska,0,803051,0.0
1960,lb,fostermoder,0,803051,0.0
1960,lb,fostermor,0,803051,0.0
1960,lb,friherrinna,0,803051,0.0
1960,lb,fru,143,803051,178.0708821731123
1960,lb,fruntimmer,25,803051,31.131273107187464
1960,lb,fröken,10,803051,12.452509242874985
1960,lb,författarinna,17,803051,21.169265712887476
1960,lb,gammal,595,803051,740.9242999510616
1960,lb,gammal gumma,0,803051,0.0
1960,lb,gammelmor,0,803051,0.0
1960,lb,gemål,2,803051,2.490501848574997
1960,lb,grevinna,8,803051,9.962007394299988
1960,lb,gumma,4,803051,4.981003697149994
1960,lb,guvernant,1,803051,1.2452509242874985
1960,lb,hennes,0,803051,0.0
1960,lb,hertiginna,3,803051,3.7357527728624955
1960,lb,hjältinna,2,803051,2.490501848574997
1960,lb,hjärtevän,0,803051,0.0
1960,lb,hona,3,803051,3.7357527728624955
1960,lb,honkön,0,803051,0.0
1960,lb,hora,0,803051,0.0
1960,lb,husfru,0,803051,0.0
1960,lb,hushållerska,2,803051,2.490501848574997
1960,lb,husmoder,0,803051,0.0
1960,lb,husmor,2,803051,2.490501848574997
1960,lb,hustru,40,803051,49.81003697149994
1960,lb,häxa,0,803051,0.0
1960,lb,jungfru,11,803051,13.697760167162484
1960,lb,jänta,1,803051,1.2452509242874985
1960,lb,jäntunge,0,803051,0.0
1960,lb,kassörska,0,803051,0.0
1960,lb,kejsarinna,0,803051,0.0
1960,lb,kokerska,0,803051,0.0
1960,lb,kokfru,0,803051,0.0
1960,lb,konstnärinna,0,803051,0.0
1960,lb,kontorist,0,803051,0.0
1960,lb,kontorsfröken,0,803051,0.0
1960,lb,kviga,1,803051,1.2452509242874985
1960,lb,kvinna,97,803051,120.78933965588736
1960,lb,kvinnfolk,1,803051,1.2452509242874985
1960,lb,kvinnlig,10,803051,12.452509242874985
1960,lb,kvinnlighet,0,803051,0.0
1960,lb,kvinnokön,0,803051,0.0
1960,lb,kvinnsperson,0,803051,0.0
1960,lb,käring,0,803051,0.0
1960,lb,kärring,0,803051,0.0
1960,lb,landshövdingska,0,803051,0.0
1960,lb,lillflicka,0,803051,0.0
1960,lb,liten,413,803051,514.2886317307369
1960,lb,liten flicka,1,803051,1.2452509242874985
1960,lb,livskamrat,0,803051,0.0
1960,lb,lärarinna,0,803051,0.0
1960,lb,madam,0,803051,0.0
1960,lb,madame,0,803051,0.0
1960,lb,maka,18,803051,22.414516637174973
1960,lb,mamma,0,803051,0.0
1960,lb,mamsell,5,803051,6.2262546214374925
1960,lb,matmor,0,803051,0.0
1960,lb,moder,30,803051,37.35752772862496
1960,lb,moderlig,1,803051,1.2452509242874985
1960,lb,moderlighet,1,803051,1.2452509242874985
1960,lb,mor,60,803051,74.71505545724992
1960,lb,mormor,8,803051,9.962007394299988
1960,lb,mö,2,803051,2.490501848574997
1960,lb,piga,3,803051,3.7357527728624955
1960,lb,poetissa,1,803051,1.2452509242874985
1960,lb,prinsessa,6,803051,7.471505545724991
1960,lb,prostinna,0,803051,0.0
1960,lb,prästfru,0,803051,0.0
1960,lb,quinfolk,0,803051,0.0
1960,lb,quinna,0,803051,0.0
1960,lb,quinnor,0,803051,0.0
1960,lb,qvinfolk,0,803051,0.0
1960,lb,qvinnokön,0,803051,0.0
1960,lb,qvinnor,0,803051,0.0
1960,lb,qvinsperson,0,803051,0.0
1960,lb,ragata,0,803051,0.0
1960,lb,satkärring,0,803051,0.0
1960,lb,sig,2138,803051,2662.346476126672
1960,lb,sjuksköterska,0,803051,0.0
1960,lb,själv,231,803051,287.6529635104122
1960,lb,skata,0,803051,0.0
1960,lb,skollärarinna,0,803051,0.0
1960,lb,skrivbiträde,0,803051,0.0
1960,lb,skådespelerska,2,803051,2.490501848574997
1960,lb,sköka,0,803051,0.0
1960,lb,slampa,0,803051,0.0
1960,lb,slinka,0,803051,0.0
1960,lb,slyna,0,803051,0.0
1960,lb,småflicka,2,803051,2.490501848574997
1960,lb,sondotter,0,803051,0.0
1960,lb,spinnerska,0,803051,0.0
1960,lb,styvmor,0,803051,0.0
1960,lb,subba,0,803051,0.0
1960,lb,sugga,0,803051,0.0
1960,lb,svärmor,0,803051,0.0
1960,lb,syster,22,803051,27.395520334324967
1960,lb,systerdotter,0,803051,0.0
1960,lb,sångerska,0,803051,0.0
1960,lb,sömmerska,0,803051,0.0
1960,lb,tant,5,803051,6.2262546214374925
1960,lb,telefonist,0,803051,0.0
1960,lb,tjej,0,803051,0.0
1960,lb,tjänarinna,1,803051,1.2452509242874985
1960,lb,trollpacka,0,803051,0.0
1960,lb,tvätterska,0,803051,0.0
1960,lb,tös,2,803051,2.490501848574997
1960,lb,tösabit,0,803051,0.0
1960,lb,ungflicka,0,803051,0.0
1960,lb,värdinna,0,803051,0.0
1960,lb,väverska,0,803051,0.0
1960,lb,äkta,10,803051,12.452509242874985
1960,lb,äkta maka,0,803051,0.0
1960,lb,änka,0,803051,0.0
1960,tkr,amma,40,145935106,0.2740944320827094
1960,tkr,barnmorska,793,145935106,5.433922116039715
1960,tkr,baronessa,0,145935106,0.0
1960,tkr,borgmästarfru,0,145935106,0.0
1960,tkr,dam,475,145935106,3.2548713809821743
1960,tkr,dotter,352,145935106,2.412031002327843
1960,tkr,drottning,198,145935106,1.3567674388094115
1960,tkr,fabriksarbeterska,0,145935106,0.0
1960,tkr,farmor,58,145935106,0.3974369265199287
1960,tkr,feminin,6,145935106,0.041114164812406415
1960,tkr,flicka,1963,145935106,13.451184254458965
1960,tkr,flickebarn,10,145935106,0.06852360802067735
1960,tkr,fnaska,0,145935106,0.0
1960,tkr,fostermoder,0,145935106,0.0
1960,tkr,fostermor,24,145935106,0.16445665924962566
1960,tkr,friherrinna,0,145935106,0.0
1960,tkr,fru,45675,145935106,312.98157963444385
1960,tkr,fruntimmer,14,145935106,0.0959330512289483
1960,tkr,fröken,21501,145935106,147.33260960525837
1960,tkr,författarinna,25,145935106,0.17130902005169338
1960,tkr,gammal,33775,145935106,231.43848608983777
1960,tkr,gammal gumma,6,145935106,0.041114164812406415
1960,tkr,gammelmor,0,145935106,0.0
1960,tkr,gemål,5,145935106,0.034261804010338674
1960,tkr,grevinna,2,145935106,0.01370472160413547
1960,tkr,gumma,38,145935106,0.26038971047857395
1960,tkr,guvernant,2,145935106,0.01370472160413547
1960,tkr,hennes,0,145935106,0.0
1960,tkr,hertiginna,101,145935106,0.6920884410088413
1960,tkr,hjältinna,0,145935106,0.0
1960,tkr,hjärtevän,0,145935106,0.0
1960,tkr,hona,32,145935106,0.21927554566616753
1960,tkr,honkön,2,145935106,0.01370472160413547
1960,tkr,hora,54,145935106,0.3700274833116577
1960,tkr,husfru,3,145935106,0.020557082406203207
1960,tkr,hushållerska,60,145935106,0.4111416481240641
1960,tkr,husmoder,0,145935106,0.0
1960,tkr,husmor,2597,145935106,17.79558100296991
1960,tkr,hustru,4619,145935106,31.65105454475087
1960,tkr,häxa,0,145935106,0.0
1960,tkr,jungfru,18,145935106,0.12334249443721924
1960,tkr,jänta,5,145935106,0.034261804010338674
1960,tkr,jäntunge,0,145935106,0.0
1960,tkr,kassörska,35,145935106,0.23983262807237074
1960,tkr,kejsarinna,0,145935106,0.0
1960,tkr,kokerska,304,145935106,2.0831176838285916
1960,tkr,kokfru,0,145935106,0.0
1960,tkr,konstnärinna,0,145935106,0.0
1960,tkr,kontorist,4971,145935106,34.063085547078714
1960,tkr,kontorsfröken,0,145935106,0.0
1960,tkr,kviga,21,145935106,0.14389957684342244
1960,tkr,kvinna,18631,145935106,127.66633410332398
1960,tkr,kvinnfolk,3,145935106,0.020557082406203207
1960,tkr,kvinnlig,4472,145935106,30.643757506846914
1960,tkr,kvinnlighet,0,145935106,0.0
1960,tkr,kvinnokön,8,145935106,0.05481888641654188
1960,tkr,kvinnsperson,1,145935106,0.006852360802067735
1960,tkr,käring,4,145935106,0.02740944320827094
1960,tkr,kärring,3,145935106,0.020557082406203207
1960,tkr,landshövdingska,0,145935106,0.0
1960,tkr,lillflicka,0,145935106,0.0
1960,tkr,liten,151131,145935106,1035.604140377299
1960,tkr,liten flicka,24,145935106,0.16445665924962566
1960,tkr,livskamrat,5,145935106,0.034261804010338674
1960,tkr,lärarinna,173,145935106,1.1854584187577182
1960,tkr,madam,0,145935106,0.0
1960,tkr,madame,1,145935106,0.006852360802067735
1960,tkr,maka,289,145935106,1.9803322717975755
1960,tkr,mamma,203,145935106,1.3910292428197504
1960,tkr,mamsell,0,145935106,0.0
1960,tkr,matmor,0,145935106,0.0
1960,tkr,moder,5304,145935106,36.34492169416727
1960,tkr,moderlig,2,145935106,0.01370472160413547
1960,tkr,moderlighet,0,145935106,0.0
1960,tkr,mor,5748,145935106,39.38736989028534
1960,tkr,mormor,44,145935106,0.3015038752909804
1960,tkr,mö,32,145935106,0.21927554566616753
1960,tkr,piga,1,145935106,0.006852360802067735
1960,tkr,poetissa,0,145935106,0.0
1960,tkr,prinsessa,59,145935106,0.40428928732199637
1960,tkr,prostinna,0,145935106,0.0
1960,tkr,prästfru,3,145935106,0.020557082406203207
1960,tkr,quinfolk,0,145935106,0.0
1960,tkr,quinna,0,145935106,0.0
1960,tkr,quinnor,0,145935106,0.0
1960,tkr,qvinfolk,0,145935106,0.0
1960,tkr,qvinnokön,0,145935106,0.0
1960,tkr,qvinnor,0,145935106,0.0
1960,tkr,qvinsperson,0,145935106,0.0
1960,tkr,ragata,0,145935106,0.0
1960,tkr,satkärring,0,145935106,0.0
1960,tkr,sig,588727,145935106,4034.1698179189316
1960,tkr,sjuksköterska,4517,145935106,30.95211374293996
1960,tkr,själv,50960,145935106,349.1963064733718
1960,tkr,skata,83,145935106,0.568745946571622
1960,tkr,skollärarinna,0,145935106,0.0
1960,tkr,skrivbiträde,340,145935106,2.32980267270303
1960,tkr,skådespelerska,2,145935106,0.01370472160413547
1960,tkr,sköka,0,145935106,0.0
1960,tkr,slampa,0,145935106,0.0
1960,tkr,slinka,47,145935106,0.32206095769718357
1960,tkr,slyna,0,145935106,0.0
1960,tkr,småflicka,12,145935106,0.08222832962481283
1960,tkr,sondotter,1,145935106,0.006852360802067735
1960,tkr,spinnerska,0,145935106,0.0
1960,tkr,styvmor,18,145935106,0.12334249443721924
1960,tkr,subba,0,145935106,0.0
1960,tkr,sugga,22,145935106,0.1507519376454902
1960,tkr,svärmor,9,145935106,0.06167124721860962
1960,tkr,syster,154,145935106,1.0552635635184313
1960,tkr,systerdotter,1,145935106,0.006852360802067735
1960,tkr,sångerska,0,145935106,0.0
1960,tkr,sömmerska,94,145935106,0.6441219153943671
1960,tkr,tant,81,145935106,0.5550412249674865
1960,tkr,telefonist,510,145935106,3.494704009054545
1960,tkr,tjej,0,145935106,0.0
1960,tkr,tjänarinna,0,145935106,0.0
1960,tkr,trollpacka,0,145935106,0.0
1960,tkr,tvätterska,0,145935106,0.0
1960,tkr,tös,6,145935106,0.041114164812406415
1960,tkr,tösabit,0,145935106,0.0
1960,tkr,ungflicka,0,145935106,0.0
1960,tkr,värdinna,14,145935106,0.0959330512289483
1960,tkr,väverska,23,145935106,0.1576042984475579
1960,tkr,äkta,1765,145935106,12.094416815649554
1960,tkr,äkta maka,1,145935106,0.006852360802067735
1960,tkr,änka,3494,145935106,23.94214864242467
1970,lb,amma,0,88498,0.0
1970,lb,barnmorska,0,88498,0.0
1970,lb,baronessa,0,88498,0.0
1970,lb,borgmästarfru,0,88498,0.0
1970,lb,dam,0,88498,0.0
1970,lb,dotter,13,88498,146.89597505028362
1970,lb,drottning,4,88498,45.19876155393342
1970,lb,fabriksarbeterska,0,88498,0.0
1970,lb,farmor,0,88498,0.0
1970,lb,feminin,0,88498,0.0
1970,lb,flicka,4,88498,45.19876155393342
1970,lb,flickebarn,0,88498,0.0
1970,lb,fnaska,0,88498,0.0
1970,lb,fostermoder,0,88498,0.0
1970,lb,fostermor,0,88498,0.0
1970,lb,friherrinna,0,88498,0.0
1970,lb,fru,1,88498,11.299690388483356
1970,lb,fruntimmer,0,88498,0.0
1970,lb,fröken,0,88498,0.0
1970,lb,författarinna,0,88498,0.0
1970,lb,gammal,30,88498,338.99071165450067
1970,lb,gammal gumma,0,88498,0.0
1970,lb,gammelmor,0,88498,0.0
1970,lb,gemål,0,88498,0.0
1970,lb,grevinna,2,88498,22.59938077696671
1970,lb,gumma,1,88498,11.299690388483356
1970,lb,guvernant,0,88498,0.0
1970,lb,hennes,0,88498,0.0
1970,lb,hertiginna,0,88498,0.0
1970,lb,hjältinna,0,88498,0.0
1970,lb,hjärtevän,0,88498,0.0
1970,lb,hona,0,88498,0.0
1970,lb,honkön,0,88498,0.0
1970,lb,hora,0,88498,0.0
1970,lb,husfru,0,88498,0.0
1970,lb,hushållerska,0,88498,0.0
1970,lb,husmoder,0,88498,0.0
1970,lb,husmor,0,88498,0.0
1970,lb,hustru,23,88498,259.89287893511715
1970,lb,häxa,0,88498,0.0
1970,lb,jungfru,19,88498,214.69411738118376
1970,lb,jänta,0,88498,0.0
1970,lb,jäntunge,0,88498,0.0
1970,lb,kassörska,0,88498,0.0
1970,lb,kejsarinna,0,88498,0.0
1970,lb,kokerska,0,88498,0.0
1970,lb,kokfru,0,88498,0.0
1970,lb,konstnärinna,0,88498,0.0
1970,lb,kontorist,0,88498,0.0
1970,lb,kontorsfröken,0,88498,0.0
1970,lb,kviga,0,88498,0.0
1970,lb,kvinna,52,88498,587.5839002011345
1970,lb,kvinnfolk,2,88498,22.59938077696671
1970,lb,kvinnlig,14,88498,158.19566543876698
1970,lb,kvinnlighet,1,88498,11.299690388483356
1970,lb,kvinnokön,0,88498,0.0
1970,lb,kvinnsperson,0,88498,0.0
1970,lb,käring,0,88498,0.0
1970,lb,kärring,0,88498,0.0
1970,lb,landshövdingska,0,88498,0.0
1970,lb,lillflicka,0,88498,0.0
1970,lb,liten,52,88498,587.5839002011345
1970,lb,liten flicka,0,88498,0.0
1970,lb,livskamrat,0,88498,0.0
1970,lb,lärarinna,0,88498,0.0
1970,lb,madam,0,88498,0.0
1970,lb,madame,0,88498,0.0
1970,lb,maka,5,88498,56.49845194241678
1970,lb,mamma,0,88498,0.0
1970,lb,mamsell,0,88498,0.0
1970,lb,matmor,0,88498,0.0
1970,lb,moder,2,88498,22.59938077696671
1970,lb,moderlig,0,88498,0.0
1970,lb,moderlighet,0,88498,0.0
1970,lb,mor,11,88498,124.29659427331691
1970,lb,mormor,0,88498,0.0
1970,lb,mö,3,88498,33.89907116545007
1970,lb,piga,1,88498,11.299690388483356
1970,lb,poetissa,0,88498,0.0
1970,lb,prinsessa,1,88498,11.299690388483356
1970,lb,prostinna,0,88498,0.0
1970,lb,prästfru,0,88498,0.0
1970,lb,quinfolk,0,88498,0.0
1970,lb,quinna,0,88498,0.0
1970,lb,quinnor,0,88498,0.0
1970,lb,qvinfolk,0,88498,0.0
1970,lb,qvinnokön,0,88498,0.0
1970,lb,qvinnor,0,88498,0.0
1970,lb,qvinsperson,0,88498,0.0
1970,lb,ragata,0,88498,0.0
1970,lb,satkärring,0,88498,0.0
1970,lb,sig,525,88498,5932.337453953762
1970,lb,sjuksköterska,0,88498,0.0
1970,lb,själv,42,88498,474.58699631630094
1970,lb,skata,0,88498,0.0
1970,lb,skollärarinna,0,88498,0.0
1970,lb,skrivbiträde,0,88498,0.0
1970,lb,skådespelerska,0,88498,0.0
1970,lb,sköka,0,88498,0.0
1970,lb,slampa,0,88498,0.0
1970,lb,slinka,0,88498,0.0
1970,lb,slyna,0,88498,0.0
1970,lb,småflicka,0,88498,0.0
1970,lb,sondotter,0,88498,0.0
1970,lb,spinnerska,0,88498,0.0
1970,lb,styvmor,0,88498,0.0
1970,lb,subba,0,88498,0.0
1970,lb,sugga,0,88498,0.0
1970,lb,svärmor,0,88498,0.0
1970,lb,syster,14,88498,158.19566543876698
1970,lb,systerdotter,0,88498,0.0
1970,lb,sångerska,0,88498,0.0
1970,lb,sömmerska,0,88498,0.0
1970,lb,tant,0,88498,0.0
1970,lb,telefonist,0,88498,0.0
1970,lb,tjej,0,88498,0.0
1970,lb,tjänarinna,0,88498,0.0
1970,lb,trollpacka,0,88498,0.0
1970,lb,tvätterska,0,88498,0.0
1970,lb,tös,0,88498,0.0
1970,lb,tösabit,0,88498,0.0
1970,lb,ungflicka,0,88498,0.0
1970,lb,värdinna,0,88498,0.0
1970,lb,väverska,0,88498,0.0
1970,lb,äkta,0,88498,0.0
1970,lb,äkta maka,0,88498,0.0
1970,lb,änka,8,88498,90.39752310786685
1970,tkr,amma,9,17225518,0.5224806592173309
1970,tkr,barnmorska,23,17225518,1.335228351333179
1970,tkr,baronessa,2,17225518,0.11610681315940688
1970,tkr,borgmästarfru,0,17225518,0.0
1970,tkr,dam,46,17225518,2.670456702666358
1970,tkr,dotter,38,17225518,2.2060294500287307
1970,tkr,drottning,14,17225518,0.8127476921158481
1970,tkr,fabriksarbeterska,0,17225518,0.0
1970,tkr,farmor,1,17225518,0.05805340657970344
1970,tkr,feminin,0,17225518,0.0
1970,tkr,flicka,159,17225518,9.230491646172847
1970,tkr,flickebarn,0,17225518,0.0
1970,tkr,fnaska,0,17225518,0.0
1970,tkr,fostermoder,0,17225518,0.0
1970,tkr,fostermor,2,17225518,0.11610681315940688
1970,tkr,friherrinna,0,17225518,0.0
1970,tkr,fru,7419,17225518,430.6982234148198
1970,tkr,fruntimmer,1,17225518,0.05805340657970344
1970,tkr,fröken,2248,17225518,130.50405799117334
1970,tkr,författarinna,0,17225518,0.0
1970,tkr,gammal,5881,17225518,341.4120840952359
1970,tkr,gammal gumma,0,17225518,0.0
1970,tkr,gammelmor,0,17225518,0.0
1970,tkr,gemål,0,17225518,0.0
1970,tkr,grevinna,5,17225518,0.2902670328985172
1970,tkr,gumma,1,17225518,0.05805340657970344
1970,tkr,guvernant,0,17225518,0.0
1970,tkr,hennes,0,17225518,0.0
1970,tkr,hertiginna,8,17225518,0.4644272526376275
1970,tkr,hjältinna,1,17225518,0.05805340657970344
1970,tkr,hjärtevän,0,17225518,0.0
1970,tkr,hona,2,17225518,0.11610681315940688
1970,tkr,honkön,0,17225518,0.0
1970,tkr,hora,0,17225518,0.0
1970,tkr,husfru,0,17225518,0.0
1970,tkr,hushållerska,11,17225518,0.6385874723767379
1970,tkr,husmoder,0,17225518,0.0
1970,tkr,husmor,88,17225518,5.108699779013903
1970,tkr,hustru,474,17225518,27.517314718779428
1970,tkr,häxa,0,17225518,0.0
1970,tkr,jungfru,0,17225518,0.0
1970,tkr,jänta,0,17225518,0.0
1970,tkr,jäntunge,0,17225518,0.0
1970,tkr,kassörska,4,17225518,0.23221362631881376
1970,tkr,kejsarinna,0,17225518,0.0
1970,tkr,kokerska,6,17225518,0.3483204394782206
1970,tkr,kokfru,0,17225518,0.0
1970,tkr,konstnärinna,0,17225518,0.0
1970,tkr,kontorist,63,17225518,3.657364614521317
1970,tkr,kontorsfröken,0,17225518,0.0
1970,tkr,kviga,1,17225518,0.05805340657970344
1970,tkr,kvinna,1916,17225518,111.23032700671179
1970,tkr,kvinnfolk,0,17225518,0.0
1970,tkr,kvinnlig,417,17225518,24.208270543736333
1970,tkr,kvinnlighet,0,17225518,0.0
1970,tkr,kvinnokön,1,17225518,0.05805340657970344
1970,tkr,kvinnsperson,0,17225518,0.0
1970,tkr,käring,1,17225518,0.05805340657970344
1970,tkr,kärring,0,17225518,0.0
1970,tkr,landshövdingska,0,17225518,0.0
1970,tkr,lillflicka,0,17225518,0.0
1970,tkr,liten,18344,17225518,1064.93169029808
1970,tkr,liten flicka,0,17225518,0.0
1970,tkr,livskamrat,0,17225518,0.0
1970,tkr,lärarinna,12,17225518,0.6966408789564412
1970,tkr,madam,0,17225518,0.0
1970,tkr,madame,0,17225518,0.0
1970,tkr,maka,42,17225518,2.4382430763475442
1970,tkr,mamma,15,17225518,0.8708010986955516
1970,tkr,mamsell,0,17225518,0.0
1970,tkr,matmor,0,17225518,0.0
1970,tkr,moder,450,17225518,26.124032960866547
1970,tkr,moderlig,1,17225518,0.05805340657970344
1970,tkr,moderlighet,0,17225518,0.0
1970,tkr,mor,484,17225518,28.097848784576463
1970,tkr,mormor,3,17225518,0.1741602197391103
1970,tkr,mö,7,17225518,0.40637384605792404
1970,tkr,piga,0,17225518,0.0
1970,tkr,poetissa,0,17225518,0.0
1970,tkr,prinsessa,6,17225518,0.3483204394782206
1970,tkr,prostinna,0,17225518,0.0
1970,tkr,prästfru,0,17225518,0.0
1970,tkr,quinfolk,0,17225518,0.0
1970,tkr,quinna,0,17225518,0.0
1970,tkr,quinnor,0,17225518,0.0
1970,tkr,qvinfolk,0,17225518,0.0
1970,tkr,qvinnokön,0,17225518,0.0
1970,tkr,qvinnor,0,17225518,0.0
1970,tkr,qvinsperson,0,17225518,0.0
1970,tkr,ragata,1,17225518,0.05805340657970344
1970,tkr,satkärring,0,17225518,0.0
1970,tkr,sig,69778,17225518,4050.8506043185466
1970,tkr,sjuksköterska,250,17225518,14.513351644925859
1970,tkr,själv,6386,17225518,370.72905441798616
1970,tkr,skata,16,17225518,0.928854505275255
1970,tkr,skollärarinna,0,17225518,0.0
1970,tkr,skrivbiträde,12,17225518,0.6966408789564412
1970,tkr,skådespelerska,0,17225518,0.0
1970,tkr,sköka,0,17225518,0.0
1970,tkr,slampa,0,17225518,0.0
1970,tkr,slinka,4,17225518,0.23221362631881376
1970,tkr,slyna,0,17225518,0.0
1970,tkr,småflicka,0,17225518,0.0
1970,tkr,sondotter,0,17225518,0.0
1970,tkr,spinnerska,0,17225518,0.0
1970,tkr,styvmor,5,17225518,0.2902670328985172
1970,tkr,subba,0,17225518,0.0
1970,tkr,sugga,4,17225518,0.23221362631881376
1970,tkr,svärmor,3,17225518,0.1741602197391103
1970,tkr,syster,21,17225518,1.2191215381737721
1970,tkr,systerdotter,0,17225518,0.0
1970,tkr,sångerska,0,17225518,0.0
1970,tkr,sömmerska,3,17225518,0.1741602197391103
1970,tkr,tant,10,17225518,0.5805340657970344
1970,tkr,telefonist,33,17225518,1.9157624171302134
1970,tkr,tjej,1,17225518,0.05805340657970344
1970,tkr,tjänarinna,0,17225518,0.0
1970,tkr,trollpacka,0,17225518,0.0
1970,tkr,tvätterska,1,17225518,0.05805340657970344
1970,tkr,tös,0,17225518,0.0
1970,tkr,tösabit,0,17225518,0.0
1970,tkr,ungflicka,0,17225518,0.0
1970,tkr,värdinna,2,17225518,0.11610681315940688
1970,tkr,väverska,0,17225518,0.0
1970,tkr,äkta,216,17225518,12.539535821215942
1970,tkr,äkta maka,0,17225518,0.0
1970,tkr,änka,255,17225518,14.803618677824376
1980,lb,amma,0,441715,0.0
1980,lb,barnmorska,0,441715,0.0
1980,lb,baronessa,0,441715,0.0
1980,lb,borgmästarfru,0,441715,0.0
1980,lb,dam,10,441715,22.639031954993605
1980,lb,dotter,8,441715,18.111225563994882
1980,lb,drottning,14,441715,31.694644736991048
1980,lb,fabriksarbeterska,0,441715,0.0
1980,lb,farmor,7,441715,15.847322368495524
1980,lb,feminin,0,441715,0.0
1980,lb,flicka,14,441715,31.694644736991048
1980,lb,flickebarn,0,441715,0.0
1980,lb,fnaska,0,441715,0.0
1980,lb,fostermoder,0,441715,0.0
1980,lb,fostermor,0,441715,0.0
1980,lb,friherrinna,0,441715,0.0
1980,lb,fru,63,441715,142.6259013164597
1980,lb,fruntimmer,1,441715,2.2639031954993603
1980,lb,fröken,36,441715,81.50051503797698
1980,lb,författarinna,32,441715,72.44490225597953
1980,lb,gammal,159,441715,359.9606080843983
1980,lb,gammal gumma,0,441715,0.0
1980,lb,gammelmor,0,441715,0.0
1980,lb,gemål,0,441715,0.0
1980,lb,grevinna,1,441715,2.2639031954993603
1980,lb,gumma,5,441715,11.319515977496803
1980,lb,guvernant,1,441715,2.2639031954993603
1980,lb,hennes,0,441715,0.0
1980,lb,hertiginna,1,441715,2.2639031954993603
1980,lb,hjältinna,0,441715,0.0
1980,lb,hjärtevän,0,441715,0.0
1980,lb,hona,2,441715,4.5278063909987205
1980,lb,honkön,0,441715,0.0
1980,lb,hora,0,441715,0.0
1980,lb,husfru,0,441715,0.0
1980,lb,hushållerska,0,441715,0.0
1980,lb,husmoder,0,441715,0.0
1980,lb,husmor,2,441715,4.5278063909987205
1980,lb,hustru,14,441715,31.694644736991048
1980,lb,häxa,5,441715,11.319515977496803
1980,lb,jungfru,15,441715,33.958547932490404
1980,lb,jänta,2,441715,4.5278063909987205
1980,lb,jäntunge,0,441715,0.0
1980,lb,kassörska,0,441715,0.0
1980,lb,kejsarinna,0,441715,0.0
1980,lb,kokerska,0,441715,0.0
1980,lb,kokfru,0,441715,0.0
1980,lb,konstnärinna,0,441715,0.0
1980,lb,kontorist,0,441715,0.0
1980,lb,kontorsfröken,0,441715,0.0
1980,lb,kviga,0,441715,0.0
1980,lb,kvinna,65,441715,147.15370770745844
1980,lb,kvinnfolk,0,441715,0.0
1980,lb,kvinnlig,5,441715,11.319515977496803
1980,lb,kvinnlighet,1,441715,2.2639031954993603
1980,lb,kvinnokön,0,441715,0.0
1980,lb,kvinnsperson,0,441715,0.0
1980,lb,käring,0,441715,0.0
1980,lb,kärring,0,441715,0.0
1980,lb,landshövdingska,0,441715,0.0
1980,lb,lillflicka,0,441715,0.0
1980,lb,liten,148,441715,335.05767293390534
1980,lb,liten flicka,0,441715,0.0
1980,lb,livskamrat,0,441715,0.0
1980,lb,lärarinna,5,441715,11.319515977496803
1980,lb,madam,0,441715,0.0
1980,lb,madame,0,441715,0.0
1980,lb,maka,3,441715,6.791709586498081
1980,lb,mamma,22,441715,49.80587030098593
1980,lb,mamsell,3,441715,6.791709586498081
1980,lb,matmor,0,441715,0.0
1980,lb,moder,10,441715,22.639031954993605
1980,lb,moderlig,0,441715,0.0
1980,lb,moderlighet,0,441715,0.0
1980,lb,mor,55,441715,124.51467575246483
1980,lb,mormor,2,441715,4.5278063909987205
1980,lb,mö,0,441715,0.0
1980,lb,piga,0,441715,0.0
1980,lb,poetissa,0,441715,0.0
1980,lb,prinsessa,2,441715,4.5278063909987205
1980,lb,prostinna,0,441715,0.0
1980,lb,prästfru,0,441715,0.0
1980,lb,quinfolk,0,441715,0.0
1980,lb,quinna,0,441715,0.0
1980,lb,quinnor,0,441715,0.0
1980,lb,qvinfolk,0,441715,0.0
1980,lb,qvinnokön,0,441715,0.0
1980,lb,qvinnor,0,441715,0.0
1980,lb,qvinsperson,0,441715,0.0
1980,lb,ragata,0,441715,0.0
1980,lb,satkärring,0,441715,0.0
1980,lb,sig,571,441715,1292.6887246301349
1980,lb,sjuksköterska,0,441715,0.0
1980,lb,själv,168,441715,380.33573684389256
1980,lb,skata,0,441715,0.0
1980,lb,skollärarinna,0,441715,0.0
1980,lb,skrivbiträde,0,441715,0.0
1980,lb,skådespelerska,2,441715,4.5278063909987205
1980,lb,sköka,0,441715,0.0
1980,lb,slampa,0,441715,0.0
1980,lb,slinka,0,441715,0.0
1980,lb,slyna,0,441715,0.0
1980,lb,småflicka,0,441715,0.0
1980,lb,sondotter,0,441715,0.0
1980,lb,spinnerska,0,441715,0.0
1980,lb,styvmor,0,441715,0.0
1980,lb,subba,0,441715,0.0
1980,lb,sugga,0,441715,0.0
1980,lb,svärmor,0,441715,0.0
1980,lb,syster,14,441715,31.694644736991048
1980,lb,systerdotter,1,441715,2.2639031954993603
1980,lb,sångerska,0,441715,0.0
1980,lb,sömmerska,0,441715,0.0
1980,lb,tant,3,441715,6.791709586498081
1980,lb,telefonist,0,441715,0.0
1980,lb,tjej,0,441715,0.0
1980,lb,tjänarinna,1,441715,2.2639031954993603
1980,lb,trollpacka,1,441715,2.2639031954993603
1980,lb,tvätterska,0,441715,0.0
1980,lb,tös,0,441715,0.0
1980,lb,tösabit,0,441715,0.0
1980,lb,ungflicka,0,441715,0.0
1980,lb,värdinna,1,441715,2.2639031954993603
1980,lb,väverska,0,441715,0.0
1980,lb,äkta,2,441715,4.5278063909987205
1980,lb,äkta maka,0,441715,0.0
1980,lb,änka,3,441715,6.791709586498081
1990,lb,amma,10,289511,34.541001896301005
1990,lb,barnmorska,0,289511,0.0
1990,lb,baronessa,0,289511,0.0
1990,lb,borgmästarfru,0,289511,0.0
1990,lb,dam,6,289511,20.724601137780603
1990,lb,dotter,13,289511,44.9033024651913
1990,lb,drottning,3,289511,10.362300568890301
1990,lb,fabriksarbeterska,0,289511,0.0
1990,lb,farmor,4,289511,13.816400758520402
1990,lb,feminin,0,289511,0.0
1990,lb,flicka,26,289511,89.8066049303826
1990,lb,flickebarn,0,289511,0.0
1990,lb,fnaska,0,289511,0.0
1990,lb,fostermoder,0,289511,0.0
1990,lb,fostermor,0,289511,0.0
1990,lb,friherrinna,0,289511,0.0
1990,lb,fru,17,289511,58.719703223711704
1990,lb,fruntimmer,0,289511,0.0
1990,lb,fröken,2,289511,6.908200379260201
1990,lb,författarinna,0,289511,0.0
1990,lb,gammal,163,289511,563.0183309097064
1990,lb,gammal gumma,0,289511,0.0
1990,lb,gammelmor,0,289511,0.0
1990,lb,gemål,0,289511,0.0
1990,lb,grevinna,0,289511,0.0
1990,lb,gumma,1,289511,3.4541001896301005
1990,lb,guvernant,0,289511,0.0
1990,lb,hennes,0,289511,0.0
1990,lb,hertiginna,0,289511,0.0
1990,lb,hjältinna,6,289511,20.724601137780603
1990,lb,hjärtevän,0,289511,0.0
1990,lb,hona,0,289511,0.0
1990,lb,honkön,0,289511,0.0
1990,lb,hora,1,289511,3.4541001896301005
1990,lb,husfru,0,289511,0.0
1990,lb,hushållerska,0,289511,0.0
1990,lb,husmoder,0,289511,0.0
1990,lb,husmor,0,289511,0.0
1990,lb,hustru,22,289511,75.9902041718622
1990,lb,häxa,0,289511,0.0
1990,lb,jungfru,21,289511,72.5361039822321
1990,lb,jänta,0,289511,0.0
1990,lb,jäntunge,0,289511,0.0
1990,lb,kassörska,0,289511,0.0
1990,lb,kejsarinna,0,289511,0.0
1990,lb,kokerska,0,289511,0.0
1990,lb,kokfru,0,289511,0.0
1990,lb,konstnärinna,0,289511,0.0
1990,lb,kontorist,0,289511,0.0
1990,lb,kontorsfröken,0,289511,0.0
1990,lb,kviga,0,289511,0.0
1990,lb,kvinna,76,289511,262.51161441188765
1990,lb,kvinnfolk,0,289511,0.0
1990,lb,kvinnlig,4,289511,13.816400758520402
1990,lb,kvinnlighet,1,289511,3.4541001896301005
1990,lb,kvinnokön,0,289511,0.0
1990,lb,kvinnsperson,0,289511,0.0
1990,lb,käring,0,289511,0.0
1990,lb,kärring,0,289511,0.0
1990,lb,landshövdingska,0,289511,0.0
1990,lb,lillflicka,0,289511,0.0
1990,lb,liten,186,289511,642.4626352711987
1990,lb,liten flicka,0,289511,0.0
1990,lb,livskamrat,0,289511,0.0
1990,lb,lärarinna,0,289511,0.0
1990,lb,madam,0,289511,0.0
1990,lb,madame,1,289511,3.4541001896301005
1990,lb,maka,1,289511,3.4541001896301005
1990,lb,mamma,2,289511,6.908200379260201
1990,lb,mamsell,0,289511,0.0
1990,lb,matmor,0,289511,0.0
1990,lb,moder,36,289511,124.34760682668362
1990,lb,moderlig,3,289511,10.362300568890301
1990,lb,moderlighet,0,289511,0.0
1990,lb,mor,43,289511,148.52630815409432
1990,lb,mormor,3,289511,10.362300568890301
1990,lb,mö,1,289511,3.4541001896301005
1990,lb,piga,0,289511,0.0
1990,lb,poetissa,0,289511,0.0
1990,lb,prinsessa,0,289511,0.0
1990,lb,prostinna,0,289511,0.0
1990,lb,prästfru,0,289511,0.0
1990,lb,quinfolk,0,289511,0.0
1990,lb,quinna,0,289511,0.0
1990,lb,quinnor,0,289511,0.0
1990,lb,qvinfolk,0,289511,0.0
1990,lb,qvinnokön,0,289511,0.0
1990,lb,qvinnor,0,289511,0.0
1990,lb,qvinsperson,0,289511,0.0
1990,lb,ragata,0,289511,0.0
1990,lb,satkärring,0,289511,0.0
1990,lb,sig,2060,289511,7115.446390638007
1990,lb,sjuksköterska,1,289511,3.4541001896301005
1990,lb,själv,227,289511,784.0807430460328
1990,lb,skata,0,289511,0.0
1990,lb,skollärarinna,0,289511,0.0
1990,lb,skrivbiträde,0,289511,0.0
1990,lb,skådespelerska,0,289511,0.0
1990,lb,sköka,2,289511,6.908200379260201
1990,lb,slampa,0,289511,0.0
1990,lb,slinka,0,289511,0.0
1990,lb,slyna,0,289511,0.0
1990,lb,småflicka,0,289511,0.0
1990,lb,sondotter,0,289511,0.0
1990,lb,spinnerska,0,289511,0.0
1990,lb,styvmor,0,289511,0.0
1990,lb,subba,0,289511,0.0
1990,lb,sugga,0,289511,0.0
1990,lb,svärmor,0,289511,0.0
1990,lb,syster,19,289511,65.62790360297191
1990,lb,systerdotter,0,289511,0.0
1990,lb,sångerska,0,289511,0.0
1990,lb,sömmerska,0,289511,0.0
1990,lb,tant,0,289511,0.0
1990,lb,telefonist,0,289511,0.0
1990,lb,tjej,0,289511,0.0
1990,lb,tjänarinna,2,289511,6.908200379260201
1990,lb,trollpacka,0,289511,0.0
1990,lb,tvätterska,0,289511,0.0
1990,lb,tös,0,289511,0.0
1990,lb,tösabit,0,289511,0.0
1990,lb,ungflicka,0,289511,0.0
1990,lb,värdinna,0,289511,0.0
1990,lb,väverska,0,289511,0.0
1990,lb,äkta,21,289511,72.5361039822321
1990,lb,äkta maka,0,289511,0.0
1990,lb,änka,4,289511,13.816400758520402
2000,lb,amma,0,104933,0.0
2000,lb,barnmorska,0,104933,0.0
2000,lb,baronessa,0,104933,0.0
2000,lb,borgmästarfru,0,104933,0.0
2000,lb,dam,0,104933,0.0
2000,lb,dotter,6,104933,57.17934300934882
2000,lb,drottning,19,104933,181.0679195296046
2000,lb,fabriksarbeterska,0,104933,0.0
2000,lb,farmor,1,104933,9.529890501558137
2000,lb,feminin,0,104933,0.0
2000,lb,flicka,42,104933,400.25540106544173
2000,lb,flickebarn,0,104933,0.0
2000,lb,fnaska,0,104933,0.0
2000,lb,fostermoder,0,104933,0.0
2000,lb,fostermor,0,104933,0.0
2000,lb,friherrinna,0,104933,0.0
2000,lb,fru,68,104933,648.0325541059533
2000,lb,fruntimmer,0,104933,0.0
2000,lb,fröken,14,104933,133.4184670218139
2000,lb,författarinna,0,104933,0.0
2000,lb,gammal,80,104933,762.391240124651
2000,lb,gammal gumma,0,104933,0.0
2000,lb,gammelmor,0,104933,0.0
2000,lb,gemål,0,104933,0.0
2000,lb,grevinna,1,104933,9.529890501558137
2000,lb,gumma,10,104933,95.29890501558137
2000,lb,guvernant,0,104933,0.0
2000,lb,hennes,0,104933,0.0
2000,lb,hertiginna,0,104933,0.0
2000,lb,hjältinna,0,104933,0.0
2000,lb,hjärtevän,0,104933,0.0
2000,lb,hona,0,104933,0.0
2000,lb,honkön,0,104933,0.0
2000,lb,hora,0,104933,0.0
2000,lb,husfru,0,104933,0.0
2000,lb,hushållerska,0,104933,0.0
2000,lb,husmoder,0,104933,0.0
2000,lb,husmor,0,104933,0.0
2000,lb,hustru,8,104933,76.2391240124651
2000,lb,häxa,0,104933,0.0
2000,lb,jungfru,7,104933,66.70923351090696
2000,lb,jänta,0,104933,0.0
2000,lb,jäntunge,0,104933,0.0
2000,lb,kassörska,0,104933,0.0
2000,lb,kejsarinna,0,104933,0.0
2000,lb,kokerska,0,104933,0.0
2000,lb,kokfru,0,104933,0.0
2000,lb,konstnärinna,0,104933,0.0
2000,lb,kontorist,0,104933,0.0
2000,lb,kontorsfröken,0,104933,0.0
2000,lb,kviga,0,104933,0.0
2000,lb,kvinna,0,104933,0.0
2000,lb,kvinnfolk,0,104933,0.0
2000,lb,kvinnlig,0,104933,0.0
2000,lb,kvinnlighet,0,104933,0.0
2000,lb,kvinnokön,0,104933,0.0
2000,lb,kvinnsperson,0,104933,0.0
2000,lb,käring,0,104933,0.0
2000,lb,kärring,0,104933,0.0
2000,lb,landshövdingska,0,104933,0.0
2000,lb,lillflicka,0,104933,0.0
2000,lb,liten,159,104933,1515.2525897477437
2000,lb,liten flicka,0,104933,0.0
2000,lb,livskamrat,0,104933,0.0
2000,lb,lärarinna,0,104933,0.0
2000,lb,madam,0,104933,0.0
2000,lb,madame,0,104933,0.0
2000,lb,maka,6,104933,57.17934300934882
2000,lb,mamma,3,104933,28.58967150467441
2000,lb,mamsell,1,104933,9.529890501558137
2000,lb,matmor,0,104933,0.0
2000,lb,moder,3,104933,28.58967150467441
2000,lb,moderlig,0,104933,0.0
2000,lb,moderlighet,0,104933,0.0
2000,lb,mor,29,104933,276.366824545186
2000,lb,mormor,0,104933,0.0
2000,lb,mö,4,104933,38.11956200623255
2000,lb,piga,2,104933,19.059781003116274
2000,lb,poetissa,0,104933,0.0
2000,lb,prinsessa,2,104933,19.059781003116274
2000,lb,prostinna,0,104933,0.0
2000,lb,prästfru,0,104933,0.0
2000,lb,quinfolk,0,104933,0.0
2000,lb,quinna,0,104933,0.0
2000,lb,quinnor,0,104933,0.0
2000,lb,qvinfolk,0,104933,0.0
2000,lb,qvinnokön,0,104933,0.0
2000,lb,qvinnor,0,104933,0.0
2000,lb,qvinsperson,0,104933,0.0
2000,lb,ragata,0,104933,0.0
2000,lb,satkärring,0,104933,0.0
2000,lb,sig,391,104933,3726.187186109232
2000,lb,sjuksköterska,0,104933,0.0
2000,lb,själv,25,104933,238.24726253895344
2000,lb,skata,0,104933,0.0
2000,lb,skollärarinna,0,104933,0.0
2000,lb,skrivbiträde,0,104933,0.0
2000,lb,skådespelerska,0,104933,0.0
2000,lb,sköka,0,104933,0.0
2000,lb,slampa,0,104933,0.0
2000,lb,slinka,0,104933,0.0
2000,lb,slyna,0,104933,0.0
2000,lb,småflicka,0,104933,0.0
2000,lb,sondotter,0,104933,0.0
2000,lb,spinnerska,0,104933,0.0
2000,lb,styvmor,0,104933,0.0
2000,lb,subba,0,104933,0.0
2000,lb,sugga,0,104933,0.0
2000,lb,svärmor,0,104933,0.0
2000,lb,syster,39,104933,371.6657295607674
2000,lb,systerdotter,0,104933,0.0
2000,lb,sångerska,0,104933,0.0
2000,lb,sömmerska,0,104933,0.0
2000,lb,tant,0,104933,0.0
2000,lb,telefonist,0,104933,0.0
2000,lb,tjej,0,104933,0.0
2000,lb,tjänarinna,0,104933,0.0
2000,lb,trollpacka,0,104933,0.0
2000,lb,tvätterska,0,104933,0.0
2000,lb,tös,0,104933,0.0
2000,lb,tösabit,0,104933,0.0
2000,lb,ungflicka,0,104933,0.0
2000,lb,värdinna,1,104933,9.529890501558137
2000,lb,väverska,0,104933,0.0
2000,lb,äkta,1,104933,9.529890501558137
2000,lb,äkta maka,0,104933,0.0
2000,lb,änka,2,104933,19.059781003116274
2010,lb,amma,0,355677,0.0
2010,lb,barnmorska,0,355677,0.0
2010,lb,baronessa,0,355677,0.0
2010,lb,borgmästarfru,0,355677,0.0
2010,lb,dam,50,355677,140.57698417384313
2010,lb,dotter,97,355677,272.71934929725563
2010,lb,drottning,24,355677,67.4769524034447
2010,lb,fabriksarbeterska,0,355677,0.0
2010,lb,farmor,13,355677,36.55001588519921
2010,lb,feminin,0,355677,0.0
2010,lb,flicka,112,355677,314.8924445494086
2010,lb,flickebarn,0,355677,0.0
2010,lb,fnaska,0,355677,0.0
2010,lb,fostermoder,0,355677,0.0
2010,lb,fostermor,0,355677,0.0
2010,lb,friherrinna,0,355677,0.0
2010,lb,fru,179,355677,503.26560334235836
2010,lb,fruntimmer,5,355677,14.057698417384312
2010,lb,fröken,37,355677,104.02696828864391
2010,lb,författarinna,0,355677,0.0
2010,lb,gammal,738,355677,2074.9162864059244
2010,lb,gammal gumma,2,355677,5.623079366953725
2010,lb,gammelmor,0,355677,0.0
2010,lb,gemål,2,355677,5.623079366953725
2010,lb,grevinna,2,355677,5.623079366953725
2010,lb,gumma,14,355677,39.361555568676074
2010,lb,guvernant,3,355677,8.434619050430587
2010,lb,hennes,0,355677,0.0
2010,lb,hertiginna,0,355677,0.0
2010,lb,hjältinna,2,355677,5.623079366953725
2010,lb,hjärtevän,0,355677,0.0
2010,lb,hona,1,355677,2.8115396834768625
2010,lb,honkön,0,355677,0.0
2010,lb,hora,0,355677,0.0
2010,lb,husfru,10,355677,28.115396834768625
2010,lb,hushållerska,6,355677,16.869238100861175
2010,lb,husmoder,0,355677,0.0
2010,lb,husmor,13,355677,36.55001588519921
2010,lb,hustru,215,355677,604.4810319475255
2010,lb,häxa,29,355677,81.53465082082901
2010,lb,jungfru,33,355677,92.78080955473646
2010,lb,jänta,5,355677,14.057698417384312
2010,lb,jäntunge,0,355677,0.0
2010,lb,kassörska,0,355677,0.0
2010,lb,kejsarinna,3,355677,8.434619050430587
2010,lb,kokerska,0,355677,0.0
2010,lb,kokfru,0,355677,0.0
2010,lb,konstnärinna,0,355677,0.0
2010,lb,kontorist,0,355677,0.0
2010,lb,kontorsfröken,0,355677,0.0
2010,lb,kviga,0,355677,0.0
2010,lb,kvinna,269,355677,756.304174855276
2010,lb,kvinnfolk,8,355677,22.4923174678149
2010,lb,kvinnlig,2,355677,5.623079366953725
2010,lb,kvinnlighet,0,355677,0.0
2010,lb,kvinnokön,0,355677,0.0
2010,lb,kvinnsperson,0,355677,0.0
2010,lb,käring,6,355677,16.869238100861175
2010,lb,kärring,0,355677,0.0
2010,lb,landshövdingska,0,355677,0.0
2010,lb,lillflicka,0,355677,0.0
2010,lb,liten,735,355677,2066.4816673554938
2010,lb,liten flicka,4,355677,11.24615873390745
2010,lb,livskamrat,0,355677,0.0
2010,lb,lärarinna,0,355677,0.0
2010,lb,madam,0,355677,0.0
2010,lb,madame,1,355677,2.8115396834768625
2010,lb,maka,10,355677,28.115396834768625
2010,lb,mamma,38,355677,106.83850797212077
2010,lb,mamsell,61,355677,171.5039206920886
2010,lb,matmor,10,355677,28.115396834768625
2010,lb,moder,36,355677,101.21542860516705
2010,lb,moderlig,1,355677,2.8115396834768625
2010,lb,moderlighet,0,355677,0.0
2010,lb,mor,286,355677,804.1003494743827
2010,lb,mormor,1,355677,2.8115396834768625
2010,lb,mö,0,355677,0.0
2010,lb,piga,33,355677,92.78080955473646
2010,lb,poetissa,0,355677,0.0
2010,lb,prinsessa,7,355677,19.680777784338037
2010,lb,prostinna,0,355677,0.0
2010,lb,prästfru,3,355677,8.434619050430587
2010,lb,quinfolk,0,355677,0.0
2010,lb,quinna,0,355677,0.0
2010,lb,quinnor,0,355677,0.0
2010,lb,qvinfolk,0,355677,0.0
2010,lb,qvinnokön,0,355677,0.0
2010,lb,qvinnor,0,355677,0.0
2010,lb,qvinsperson,0,355677,0.0
2010,lb,ragata,0,355677,0.0
2010,lb,satkärring,0,355677,0.0
2010,lb,sig,3677,355677,10338.031416144424
2010,lb,sjuksköterska,0,355677,0.0
2010,lb,själv,116,355677,326.13860328331606
2010,lb,skata,13,355677,36.55001588519921
2010,lb,skollärarinna,0,355677,0.0
2010,lb,skrivbiträde,0,355677,0.0
2010,lb,skådespelerska,1,355677,2.8115396834768625
2010,lb,sköka,0,355677,0.0
2010,lb,slampa,0,355677,0.0
2010,lb,slinka,1,355677,2.8115396834768625
2010,lb,slyna,0,355677,0.0
2010,lb,småflicka,0,355677,0.0
2010,lb,sondotter,0,355677,0.0
2010,lb,spinnerska,0,355677,0.0
2010,lb,styvmor,0,355677,0.0
2010,lb,subba,0,355677,0.0
2010,lb,sugga,1,355677,2.8115396834768625
2010,lb,svärmor,8,355677,22.4923174678149
2010,lb,syster,56,355677,157.4462222747043
2010,lb,systerdotter,0,355677,0.0
2010,lb,sångerska,0,355677,0.0
2010,lb,sömmerska,1,355677,2.8115396834768625
2010,lb,tant,6,355677,16.869238100861175
2010,lb,telefonist,0,355677,0.0
2010,lb,tjej,0,355677,0.0
2010,lb,tjänarinna,10,355677,28.115396834768625
2010,lb,trollpacka,6,355677,16.869238100861175
2010,lb,tvätterska,0,355677,0.0
2010,lb,tös,6,355677,16.869238100861175
2010,lb,tösabit,0,355677,0.0
2010,lb,ungflicka,0,355677,0.0
2010,lb,värdinna,2,355677,5.623079366953725
2010,lb,väverska,0,355677,0.0
2010,lb,äkta,6,355677,16.869238100861175
2010,lb,äkta maka,0,355677,0.0
2010,lb,änka,28,355677,78.72311113735215
2020,lb,amma,0,475824,0.0
2020,lb,barnmorska,0,475824,0.0
2020,lb,baronessa,0,475824,0.0
2020,lb,borgmästarfru,0,475824,0.0
2020,lb,dam,52,475824,109.28410504724435
2020,lb,dotter,67,475824,140.80836611856483
2020,lb,drottning,51,475824,107.18248764248966
2020,lb,fabriksarbeterska,0,475824,0.0
2020,lb,farmor,1,475824,2.101617404754699
2020,lb,feminin,0,475824,0.0
2020,lb,flicka,45,475824,94.57278321396146
2020,lb,flickebarn,1,475824,2.101617404754699
2020,lb,fnaska,0,475824,0.0
2020,lb,fostermoder,0,475824,0.0
2020,lb,fostermor,0,475824,0.0
2020,lb,friherrinna,0,475824,0.0
2020,lb,fru,159,475824,334.15716735599716
2020,lb,fruntimmer,8,475824,16.812939238037593
2020,lb,fröken,24,475824,50.43881771411278
2020,lb,författarinna,1,475824,2.101617404754699
2020,lb,gammal,342,475824,718.7531524261071
2020,lb,gammal gumma,0,475824,0.0
2020,lb,gammelmor,0,475824,0.0
2020,lb,gemål,0,475824,0.0
2020,lb,grevinna,7,475824,14.711321833282895
2020,lb,gumma,1,475824,2.101617404754699
2020,lb,guvernant,1,475824,2.101617404754699
2020,lb,hennes,0,475824,0.0
2020,lb,hertiginna,8,475824,16.812939238037593
2020,lb,hjältinna,0,475824,0.0
2020,lb,hjärtevän,0,475824,0.0
2020,lb,hona,0,475824,0.0
2020,lb,honkön,0,475824,0.0
2020,lb,hora,1,475824,2.101617404754699
2020,lb,husfru,3,475824,6.3048522142640975
2020,lb,hushållerska,0,475824,0.0
2020,lb,husmoder,0,475824,0.0
2020,lb,husmor,1,475824,2.101617404754699
2020,lb,hustru,56,475824,117.69057466626316
2020,lb,häxa,2,475824,4.203234809509398
2020,lb,jungfru,74,475824,155.51968795184774
2020,lb,jänta,0,475824,0.0
2020,lb,jäntunge,0,475824,0.0
2020,lb,kassörska,0,475824,0.0
2020,lb,kejsarinna,8,475824,16.812939238037593
2020,lb,kokerska,0,475824,0.0
2020,lb,kokfru,0,475824,0.0
2020,lb,konstnärinna,0,475824,0.0
2020,lb,kontorist,3,475824,6.3048522142640975
2020,lb,kontorsfröken,0,475824,0.0
2020,lb,kviga,0,475824,0.0
2020,lb,kvinna,99,475824,208.06012307071524
2020,lb,kvinnfolk,0,475824,0.0
2020,lb,kvinnlig,15,475824,31.52426107132049
2020,lb,kvinnlighet,0,475824,0.0
2020,lb,kvinnokön,0,475824,0.0
2020,lb,kvinnsperson,0,475824,0.0
2020,lb,käring,0,475824,0.0
2020,lb,kärring,0,475824,0.0
2020,lb,landshövdingska,0,475824,0.0
2020,lb,lillflicka,0,475824,0.0
2020,lb,liten,978,475824,2055.381821850096
2020,lb,liten flicka,5,475824,10.508087023773497
2020,lb,livskamrat,0,475824,0.0
2020,lb,lärarinna,2,475824,4.203234809509398
2020,lb,madam,0,475824,0.0
2020,lb,madame,0,475824,0.0
2020,lb,maka,0,475824,0.0
2020,lb,mamma,15,475824,31.52426107132049
2020,lb,mamsell,0,475824,0.0
2020,lb,matmor,0,475824,0.0
2020,lb,moder,12,475824,25.21940885705639
2020,lb,moderlig,0,475824,0.0
2020,lb,moderlighet,0,475824,0.0
2020,lb,mor,38,475824,79.86146138067858
2020,lb,mormor,3,475824,6.3048522142640975
2020,lb,mö,0,475824,0.0
2020,lb,piga,0,475824,0.0
2020,lb,poetissa,0,475824,0.0
2020,lb,prinsessa,17,475824,35.727495880829885
2020,lb,prostinna,0,475824,0.0
2020,lb,prästfru,0,475824,0.0
2020,lb,quinfolk,0,475824,0.0
2020,lb,quinna,0,475824,0.0
2020,lb,quinnor,0,475824,0.0
2020,lb,qvinfolk,0,475824,0.0
2020,lb,qvinnokön,0,475824,0.0
2020,lb,qvinnor,0,475824,0.0
2020,lb,qvinsperson,0,475824,0.0
2020,lb,ragata,0,475824,0.0
2020,lb,satkärring,0,475824,0.0
2020,lb,sig,617,475824,1296.6979387336494
2020,lb,sjuksköterska,0,475824,0.0
2020,lb,själv,77,475824,161.82454016611183
2020,lb,skata,0,475824,0.0
2020,lb,skollärarinna,0,475824,0.0
2020,lb,skrivbiträde,0,475824,0.0
2020,lb,skådespelerska,1,475824,2.101617404754699
2020,lb,sköka,1,475824,2.101617404754699
2020,lb,slampa,0,475824,0.0
2020,lb,slinka,0,475824,0.0
2020,lb,slyna,0,475824,0.0
2020,lb,småflicka,0,475824,0.0
2020,lb,sondotter,1,475824,2.101617404754699
2020,lb,spinnerska,0,475824,0.0
2020,lb,styvmor,2,475824,4.203234809509398
2020,lb,subba,0,475824,0.0
2020,lb,sugga,0,475824,0.0
2020,lb,svärmor,5,475824,10.508087023773497
2020,lb,syster,110,475824,231.1779145230169
2020,lb,systerdotter,4,475824,8.406469619018797
2020,lb,sångerska,2,475824,4.203234809509398
2020,lb,sömmerska,2,475824,4.203234809509398
2020,lb,tant,7,475824,14.711321833282895
2020,lb,telefonist,0,475824,0.0
2020,lb,tjej,0,475824,0.0
2020,lb,tjänarinna,0,475824,0.0
2020,lb,trollpacka,0,475824,0.0
2020,lb,tvätterska,5,475824,10.508087023773497
2020,lb,tös,0,475824,0.0
2020,lb,tösabit,0,475824,0.0
2020,lb,ungflicka,0,475824,0.0
2020,lb,värdinna,0,475824,0.0
2020,lb,väverska,0,475824,0.0
2020,lb,äkta,25,475824,52.54043511886748
2020,lb,äkta maka,0,475824,0.0
2020,lb,änka,18,475824,37.82911328558458
