word,resource,decade,api_absolute,workbook_examples,examples_with_source_url,published_sample,difference_api_minus_workbook,tokens,api_per_million
amma,kubhist2,1870,1471,783,783,100,688,96758392,15.202815689619976
amma,kubhist2,1880,15387,15386,15386,100,1,1450309699,10.609458111332675
amma,kubhist2,1890,7698,7698,7698,100,0,1037122519,7.422459602383776
amma,kubhist2,1900,544,544,544,100,0,77752738,6.996538179787315
amma,lb,1620,0,0,0,0,0,12158,0.0
amma,lb,1640,2,0,0,0,2,48209,41.48602957953909
amma,lb,1700,13,13,13,13,0,1796708,7.2354550655977485
amma,lb,1710,1,1,1,1,0,64639,15.470536363495722
amma,lb,1730,0,0,0,0,0,33381,0.0
amma,lb,1740,0,0,0,0,0,47561,0.0
amma,lb,1750,4,4,4,4,0,1095966,3.649748258613862
amma,lb,1760,0,0,0,0,0,24422,0.0
amma,lb,1770,3,3,3,3,0,69907,42.91415738051983
amma,lb,1780,0,0,0,0,0,48621,0.0
amma,lb,1790,43,43,43,43,0,789177,54.487142934981634
amma,lb,1800,9,9,9,9,0,736942,12.212630030585853
amma,lb,1810,12,12,12,12,0,1369393,8.763006675220335
amma,lb,1820,20,20,20,20,0,842254,23.745805897033435
amma,lb,1830,173,172,172,100,1,11653970,14.844726732607
amma,lb,1840,348,348,348,100,0,30985848,11.230933553924359
amma,lb,1850,356,356,356,100,0,24055763,14.798948592900587
amma,lb,1860,426,426,426,100,0,30066424,14.168628766759891
amma,lb,1870,381,381,381,100,0,34605387,11.009846530541617
amma,lb,1880,664,664,664,100,0,55511947,11.961389140251196
amma,lb,1890,524,524,524,100,0,62219305,8.421823419596217
amma,lb,1900,173,173,173,100,0,24058613,7.190771970104843
amma,lb,1910,119,119,119,100,0,20653390,5.761765986116565
amma,lb,1920,69,69,69,69,0,19664571,3.5088484767859924
amma,lb,1930,61,61,61,61,0,16234117,3.757518810539557
amma,lb,1940,16,16,16,16,0,4503154,3.5530652515992123
amma,lb,1950,5,5,5,5,0,737649,6.778291572278957
amma,lb,1960,5,5,5,5,0,803051,6.2262546214374925
amma,lb,1970,0,0,0,0,0,88498,0.0
amma,lb,1980,0,0,0,0,0,441715,0.0
amma,lb,1990,10,10,10,10,0,289511,34.541001896301005
amma,lb,2000,0,0,0,0,0,104933,0.0
amma,lb,2010,0,0,0,0,0,355677,0.0
amma,lb,2020,0,0,0,0,0,475824,0.0
amma,tkr,1860,17,17,0,17,0,14301457,1.1886900754237837
amma,tkr,1870,119,119,0,100,0,48663079,2.445385751279733
amma,tkr,1880,37,37,0,37,0,45300858,0.8167615721538872
amma,tkr,1890,39,39,0,39,0,54990491,0.7092135256621004
amma,tkr,1900,102,102,0,100,0,91612739,1.1133822775454842
amma,tkr,1910,312,312,0,100,0,146452973,2.130376690953211
amma,tkr,1920,91,91,0,91,0,129092646,0.7049200928145821
amma,tkr,1930,118,118,0,100,0,130093121,0.9070425791383696
amma,tkr,1940,113,113,0,100,0,133229745,0.84815894528658
amma,tkr,1950,47,47,0,47,0,134940616,0.34830135946615215
amma,tkr,1960,40,40,0,40,0,145935106,0.2740944320827094
amma,tkr,1970,9,9,0,9,0,17225518,0.5224806592173309
barnmorska,kubhist2,1870,224,97,97,97,127,96758392,2.315044673334381
barnmorska,kubhist2,1880,8180,8175,8175,100,5,1450309699,5.640174650724721
barnmorska,kubhist2,1890,7724,7723,7723,100,1,1037122519,7.447528964511858
barnmorska,kubhist2,1900,693,693,693,100,0,77752738,8.91286940917759
barnmorska,lb,1620,0,0,0,0,0,12158,0.0
barnmorska,lb,1640,0,0,0,0,0,48209,0.0
barnmorska,lb,1700,0,0,0,0,0,1796708,0.0
barnmorska,lb,1710,0,0,0,0,0,64639,0.0
barnmorska,lb,1730,0,0,0,0,0,33381,0.0
barnmorska,lb,1740,0,0,0,0,0,47561,0.0
barnmorska,lb,1750,0,0,0,0,0,1095966,0.0
barnmorska,lb,1760,0,0,0,0,0,24422,0.0
barnmorska,lb,1770,0,0,0,0,0,69907,0.0
barnmorska,lb,1780,0,0,0,0,0,48621,0.0
barnmorska,lb,1790,0,0,0,0,0,789177,0.0
barnmorska,lb,1800,1,1,1,1,0,736942,1.356958892287317
barnmorska,lb,1810,1,1,1,1,0,1369393,0.7302505562683612
barnmorska,lb,1820,0,0,0,0,0,842254,0.0
barnmorska,lb,1830,3,3,3,3,0,11653970,0.2574230069238208
barnmorska,lb,1840,16,16,16,16,0,30985848,0.5163647610999705
barnmorska,lb,1850,12,12,12,12,0,24055763,0.49884096380563775
barnmorska,lb,1860,32,32,32,32,0,30066424,1.0643101421040293
barnmorska,lb,1870,26,26,26,26,0,34605387,0.7513281096957535
barnmorska,lb,1880,85,85,85,85,0,55511947,1.5312019230743248
barnmorska,lb,1890,91,91,91,91,0,62219305,1.4625685709604117
barnmorska,lb,1900,63,63,63,63,0,24058613,2.6186048214832667
barnmorska,lb,1910,111,111,111,100,0,20653390,5.374420373604527
barnmorska,lb,1920,59,59,59,59,0,19664571,3.000319712034399
barnmorska,lb,1930,138,138,138,100,0,16234117,8.500616325482932
barnmorska,lb,1940,32,32,32,32,0,4503154,7.1061305031984245
barnmorska,lb,1950,16,16,16,16,0,737649,21.69053303129266
barnmorska,lb,1960,0,0,0,0,0,803051,0.0
barnmorska,lb,1970,0,0,0,0,0,88498,0.0
barnmorska,lb,1980,0,0,0,0,0,441715,0.0
barnmorska,lb,1990,0,0,0,0,0,289511,0.0
barnmorska,lb,2000,0,0,0,0,0,104933,0.0
barnmorska,lb,2010,0,0,0,0,0,355677,0.0
barnmorska,lb,2020,0,0,0,0,0,475824,0.0
barnmorska,tkr,1860,60,60,0,60,0,14301457,4.195376736789825
barnmorska,tkr,1870,123,123,0,100,0,48663079,2.5275835916588836
barnmorska,tkr,1880,531,530,0,100,1,45300858,11.721632292262544
barnmorska,tkr,1890,2649,2645,0,100,4,54990491,48.171964858433434
barnmorska,tkr,1900,3686,3685,0,100,1,91612739,40.23457916698681
barnmorska,tkr,1910,4058,4058,0,100,0,146452973,27.70855324323119
barnmorska,tkr,1920,2000,2000,0,100,0,129092646,15.49274929262818
barnmorska,tkr,1930,2188,2188,0,100,0,130093121,16.818721721650448
barnmorska,tkr,1940,2535,2534,0,100,1,133229745,19.02728253364142
barnmorska,tkr,1950,1093,1092,0,100,1,134940616,8.099859274393708
barnmorska,tkr,1960,793,793,0,100,0,145935106,5.433922116039715
barnmorska,tkr,1970,23,23,0,23,0,17225518,1.335228351333179
baronessa,kubhist2,1870,280,58,58,58,222,96758392,2.8938058416679766
baronessa,kubhist2,1880,7983,7982,7982,100,1,1450309699,5.504341593732939
baronessa,kubhist2,1890,7483,7480,7480,100,3,1037122519,7.215155261709248
baronessa,kubhist2,1900,715,713,713,100,2,77752738,9.195817644389578
baronessa,lb,1620,0,0,0,0,0,12158,0.0
baronessa,lb,1640,0,0,0,0,0,48209,0.0
baronessa,lb,1700,0,0,0,0,0,1796708,0.0
baronessa,lb,1710,0,0,0,0,0,64639,0.0
baronessa,lb,1730,0,0,0,0,0,33381,0.0
baronessa,lb,1740,0,0,0,0,0,47561,0.0
baronessa,lb,1750,0,0,0,0,0,1095966,0.0
baronessa,lb,1760,0,0,0,0,0,24422,0.0
baronessa,lb,1770,0,0,0,0,0,69907,0.0
baronessa,lb,1780,0,0,0,0,0,48621,0.0
baronessa,lb,1790,0,0,0,0,0,789177,0.0
baronessa,lb,1800,1,1,1,1,0,736942,1.356958892287317
baronessa,lb,1810,0,0,0,0,0,1369393,0.0
baronessa,lb,1820,0,0,0,0,0,842254,0.0
baronessa,lb,1830,4,4,4,4,0,11653970,0.34323067589842776
baronessa,lb,1840,238,238,238,100,0,30985848,7.680925821362062
baronessa,lb,1850,336,336,336,100,0,24055763,13.967546986557858
baronessa,lb,1860,184,184,184,100,0,30066424,6.119783317098169
baronessa,lb,1870,326,326,326,100,0,34605387,9.420498606185216
baronessa,lb,1880,646,646,646,100,0,55511947,11.63713461536487
baronessa,lb,1890,680,680,680,100,0,62219305,10.929083826956923
baronessa,lb,1900,178,178,178,100,0,24058613,7.398597749587642
baronessa,lb,1910,82,82,82,82,0,20653390,3.970292528248389
baronessa,lb,1920,96,96,96,96,0,19664571,4.881876141615294
baronessa,lb,1930,188,188,188,100,0,16234117,11.580549776744864
baronessa,lb,1940,0,0,0,0,0,4503154,0.0
baronessa,lb,1950,0,0,0,0,0,737649,0.0
baronessa,lb,1960,1,1,1,1,0,803051,1.2452509242874985
baronessa,lb,1970,0,0,0,0,0,88498,0.0
baronessa,lb,1980,0,0,0,0,0,441715,0.0
baronessa,lb,1990,0,0,0,0,0,289511,0.0
baronessa,lb,2000,0,0,0,0,0,104933,0.0
baronessa,lb,2010,0,0,0,0,0,355677,0.0
baronessa,lb,2020,0,0,0,0,0,475824,0.0
baronessa,tkr,1860,0,0,0,0,0,14301457,0.0
baronessa,tkr,1870,0,0,0,0,0,48663079,0.0
baronessa,tkr,1880,0,0,0,0,0,45300858,0.0
baronessa,tkr,1890,0,0,0,0,0,54990491,0.0
baronessa,tkr,1900,0,0,0,0,0,91612739,0.0
baronessa,tkr,1910,0,0,0,0,0,146452973,0.0
baronessa,tkr,1920,3,3,0,3,0,129092646,0.023239123938942268
baronessa,tkr,1930,1,1,0,1,0,130093121,0.0076868015181217764
baronessa,tkr,1940,0,0,0,0,0,133229745,0.0
baronessa,tkr,1950,0,0,0,0,0,134940616,0.0
baronessa,tkr,1960,0,0,0,0,0,145935106,0.0
baronessa,tkr,1970,2,2,0,2,0,17225518,0.11610681315940688
borgmästarfru,kubhist2,1870,0,0,0,0,0,96758392,0.0
borgmästarfru,kubhist2,1880,0,0,0,0,0,1450309699,0.0
borgmästarfru,kubhist2,1890,0,0,0,0,0,1037122519,0.0
borgmästarfru,kubhist2,1900,0,0,0,0,0,77752738,0.0
borgmästarfru,lb,1620,0,0,0,0,0,12158,0.0
borgmästarfru,lb,1640,0,0,0,0,0,48209,0.0
borgmästarfru,lb,1700,0,0,0,0,0,1796708,0.0
borgmästarfru,lb,1710,0,0,0,0,0,64639,0.0
borgmästarfru,lb,1730,0,0,0,0,0,33381,0.0
borgmästarfru,lb,1740,0,0,0,0,0,47561,0.0
borgmästarfru,lb,1750,0,0,0,0,0,1095966,0.0
borgmästarfru,lb,1760,0,0,0,0,0,24422,0.0
borgmästarfru,lb,1770,0,0,0,0,0,69907,0.0
borgmästarfru,lb,1780,0,0,0,0,0,48621,0.0
borgmästarfru,lb,1790,0,0,0,0,0,789177,0.0
borgmästarfru,lb,1800,0,0,0,0,0,736942,0.0
borgmästarfru,lb,1810,0,0,0,0,0,1369393,0.0
borgmästarfru,lb,1820,0,0,0,0,0,842254,0.0
borgmästarfru,lb,1830,0,0,0,0,0,11653970,0.0
borgmästarfru,lb,1840,0,0,0,0,0,30985848,0.0
borgmästarfru,lb,1850,0,0,0,0,0,24055763,0.0
borgmästarfru,lb,1860,0,0,0,0,0,30066424,0.0
borgmästarfru,lb,1870,0,0,0,0,0,34605387,0.0
borgmästarfru,lb,1880,1,1,1,1,0,55511947,0.018014140271462645
borgmästarfru,lb,1890,1,1,1,1,0,62219305,0.016072182098466063
borgmästarfru,lb,1900,0,0,0,0,0,24058613,0.0
borgmästarfru,lb,1910,0,0,0,0,0,20653390,0.0
borgmästarfru,lb,1920,0,0,0,0,0,19664571,0.0
borgmästarfru,lb,1930,0,0,0,0,0,16234117,0.0
borgmästarfru,lb,1940,0,0,0,0,0,4503154,0.0
borgmästarfru,lb,1950,0,0,0,0,0,737649,0.0
borgmästarfru,lb,1960,0,0,0,0,0,803051,0.0
borgmästarfru,lb,1970,0,0,0,0,0,88498,0.0
borgmästarfru,lb,1980,0,0,0,0,0,441715,0.0
borgmästarfru,lb,1990,0,0,0,0,0,289511,0.0
borgmästarfru,lb,2000,0,0,0,0,0,104933,0.0
borgmästarfru,lb,2010,0,0,0,0,0,355677,0.0
borgmästarfru,lb,2020,0,0,0,0,0,475824,0.0
borgmästarfru,tkr,1860,0,0,0,0,0,14301457,0.0
borgmästarfru,tkr,1870,0,0,0,0,0,48663079,0.0
borgmästarfru,tkr,1880,0,0,0,0,0,45300858,0.0
borgmästarfru,tkr,1890,0,0,0,0,0,54990491,0.0
borgmästarfru,tkr,1900,0,0,0,0,0,91612739,0.0
borgmästarfru,tkr,1910,0,0,0,0,0,146452973,0.0
borgmästarfru,tkr,1920,0,0,0,0,0,129092646,0.0
borgmästarfru,tkr,1930,0,0,0,0,0,130093121,0.0
borgmästarfru,tkr,1940,0,0,0,0,0,133229745,0.0
borgmästarfru,tkr,1950,0,0,0,0,0,134940616,0.0
borgmästarfru,tkr,1960,0,0,0,0,0,145935106,0.0
borgmästarfru,tkr,1970,0,0,0,0,0,17225518,0.0
dam,kubhist2,1870,7931,3786,3786,100,4145,96758392,81.96705046524544
dam,kubhist2,1880,204475,204439,204439,100,36,1450309699,140.98712857053022
dam,kubhist2,1890,170635,170610,170610,100,25,1037122519,164.5273310278976
dam,kubhist2,1900,11637,11620,11620,100,17,77752738,149.6667551437224
dam,lb,1620,0,0,0,0,0,12158,0.0
dam,lb,1640,1,0,0,0,1,48209,20.743014789769546
dam,lb,1700,3,3,3,3,0,1796708,1.6697203997533265
dam,lb,1710,0,0,0,0,0,64639,0.0
dam,lb,1730,0,0,0,0,0,33381,0.0
dam,lb,1740,0,0,0,0,0,47561,0.0
dam,lb,1750,6,6,6,6,0,1095966,5.474622387920793
dam,lb,1760,0,0,0,0,0,24422,0.0
dam,lb,1770,4,4,4,4,0,69907,57.21887650735978
dam,lb,1780,0,0,0,0,0,48621,0.0
dam,lb,1790,45,45,45,45,0,789177,57.02142865288776
dam,lb,1800,32,32,32,32,0,736942,43.422684553194145
dam,lb,1810,79,79,79,79,0,1369393,57.689793945200535
dam,lb,1820,87,87,87,87,0,842254,103.29425565209544
dam,lb,1830,1250,1250,1250,100,0,11653970,107.25958621825868
dam,lb,1840,4485,4485,4485,100,0,30985848,144.7434970958355
dam,lb,1850,3323,3323,3323,100,0,24055763,138.13737689384453
dam,lb,1860,5185,5185,5185,100,0,30066424,172.4515027127935
dam,lb,1870,6315,6314,6314,100,1,34605387,182.48603895110318
dam,lb,1880,10612,10611,10611,100,1,55511947,191.1660565607616
dam,lb,1890,10958,10955,10955,100,3,62219305,176.11897143499112
dam,lb,1900,2947,2945,2945,100,2,24058613,122.4925144271617
dam,lb,1910,2925,2925,2925,100,0,20653390,141.6232395747139
dam,lb,1920,2209,2208,2208,100,1,19664571,112.33400413362692
dam,lb,1930,1293,1293,1293,100,0,16234117,79.64707904963356
dam,lb,1940,488,488,488,100,0,4503154,108.36849017377598
dam,lb,1950,54,54,54,54,0,737649,73.20554898061273
dam,lb,1960,18,18,18,18,0,803051,22.414516637174973
dam,lb,1970,0,0,0,0,0,88498,0.0
dam,lb,1980,10,10,10,10,0,441715,22.639031954993605
dam,lb,1990,6,6,6,6,0,289511,20.724601137780603
dam,lb,2000,0,0,0,0,0,104933,0.0
dam,lb,2010,50,50,50,50,0,355677,140.57698417384313
dam,lb,2020,52,52,52,52,0,475824,109.28410504724435
dam,tkr,1860,11,11,0,11,0,14301457,0.7691524017448013
dam,tkr,1870,79,79,0,79,0,48663079,1.6234073474882262
dam,tkr,1880,190,190,0,100,0,45300858,4.194181046195637
dam,tkr,1890,201,201,0,100,0,54990491,3.6551774014892864
dam,tkr,1900,137,137,0,100,0,91612739,1.4954252159189345
dam,tkr,1910,198,198,0,100,0,146452973,1.3519698231049226
dam,tkr,1920,1530,1530,0,100,0,129092646,11.851953208860557
dam,tkr,1930,1028,1028,0,100,0,130093121,7.902031960629187
dam,tkr,1940,1085,1085,0,100,0,133229745,8.143827041026011
dam,tkr,1950,794,794,0,100,0,134940616,5.884069774811166
dam,tkr,1960,475,475,0,100,0,145935106,3.2548713809821743
dam,tkr,1970,46,46,0,46,0,17225518,2.670456702666358
dotter,kubhist2,1870,11849,5526,5526,100,6323,96758392,122.4596622068709
dotter,kubhist2,1880,236709,236659,236659,100,50,1450309699,163.2127263323225
dotter,kubhist2,1890,186495,186439,186439,100,56,1037122519,179.81964192602783
dotter,kubhist2,1900,17063,17062,17062,100,1,77752738,219.45207897373336
dotter,lb,1620,4,0,0,0,4,12158,329.0014805066623
dotter,lb,1640,51,0,0,0,51,48209,1057.893754278247
dotter,lb,1700,770,770,770,100,0,1796708,428.5615692700205
dotter,lb,1710,22,22,22,22,0,64639,340.35179999690587
dotter,lb,1730,2,2,2,2,0,33381,59.914322518798116
dotter,lb,1740,14,14,14,14,0,47561,294.3588234057316
dotter,lb,1750,10,10,10,10,0,1095966,9.124370646534656
dotter,lb,1760,1,1,1,1,0,24422,40.94668741298829
dotter,lb,1770,1,1,1,1,0,69907,14.304719126839945
dotter,lb,1780,4,4,4,4,0,48621,82.26897842496041
dotter,lb,1790,75,74,74,74,1,789177,95.0357144214796
dotter,lb,1800,64,64,64,64,0,736942,86.84536910638829
dotter,lb,1810,155,155,155,100,0,1369393,113.18883622159599
dotter,lb,1820,350,350,350,100,0,842254,415.55160319808516
dotter,lb,1830,4997,4996,4996,100,1,11653970,428.7809218661109
dotter,lb,1840,13371,13369,13369,100,2,30985848,431.51957629173165
dotter,lb,1850,8381,8380,8380,100,1,24055763,348.39884313792084
dotter,lb,1860,11409,11406,11406,100,3,30066424,379.4598253520272
dotter,lb,1870,14988,14984,14984,100,4,34605387,433.11175800461353
dotter,lb,1880,16473,16470,16470,100,3,55511947,296.74693269180415
dotter,lb,1890,19148,19143,19143,100,5,62219305,307.7501428214282
dotter,lb,1900,5936,5934,5934,100,2,24058613,246.7307654019789
dotter,lb,1910,4986,4986,4986,100,0,20653390,241.41315299812766
dotter,lb,1920,26096,26092,26092,100,4,19664571,1327.0566644957573
dotter,lb,1930,25057,25053,25053,100,4,16234117,1543.4778497654045
dotter,lb,1940,949,949,949,100,0,4503154,210.74118273547828
dotter,lb,1950,148,148,148,100,0,737649,200.6374305394571
dotter,lb,1960,25,25,25,25,0,803051,31.131273107187464
dotter,lb,1970,13,13,13,13,0,88498,146.89597505028362
dotter,lb,1980,8,8,8,8,0,441715,18.111225563994882
dotter,lb,1990,13,13,13,13,0,289511,44.9033024651913
dotter,lb,2000,6,6,6,6,0,104933,57.17934300934882
dotter,lb,2010,97,97,97,97,0,355677,272.71934929725563
dotter,lb,2020,67,67,67,67,0,475824,140.80836611856483
dotter,tkr,1860,241,241,0,100,0,14301457,16.851429892772465
dotter,tkr,1870,1007,1007,0,100,0,48663079,20.693306315451185
dotter,tkr,1880,572,572,0,100,0,45300858,12.626692412757391
dotter,tkr,1890,791,791,0,100,0,54990491,14.384305097403113
dotter,tkr,1900,873,873,0,100,0,91612739,9.529242434286349
dotter,tkr,1910,1342,1341,0,100,1,146452973,9.163351023266697
dotter,tkr,1920,1179,1179,0,100,0,129092646,9.132975708004311
dotter,tkr,1930,1398,1398,0,100,0,130093121,10.746148522334243
dotter,tkr,1940,618,618,0,100,0,133229745,4.638603789266428
dotter,tkr,1950,340,340,0,100,0,134940616,2.51962685571259
dotter,tkr,1960,352,352,0,100,0,145935106,2.412031002327843
dotter,tkr,1970,38,38,0,38,0,17225518,2.2060294500287307
drottning,kubhist2,1870,7318,3260,3260,100,4058,96758392,75.63168267616518
drottning,kubhist2,1880,130268,130227,130227,100,41,1450309699,89.82081557464645
drottning,kubhist2,1890,80269,80241,80241,100,28,1037122519,77.39587033304018
drottning,kubhist2,1900,6467,6465,6465,100,2,77752738,83.17391986890546
drottning,lb,1620,0,0,0,0,0,12158,0.0
drottning,lb,1640,0,0,0,0,0,48209,0.0
drottning,lb,1700,91,90,90,90,1,1796708,50.64818545918424
drottning,lb,1710,3,3,3,3,0,64639,46.41160909048717
drottning,lb,1730,13,13,13,13,0,33381,389.44309637218777
drottning,lb,1740,1,1,1,1,0,47561,21.02563024326654
drottning,lb,1750,22,22,22,22,0,1095966,20.073615422376243
drottning,lb,1760,0,0,0,0,0,24422,0.0
drottning,lb,1770,1,1,1,1,0,69907,14.304719126839945
drottning,lb,1780,3,3,3,3,0,48621,61.70173381872031
drottning,lb,1790,102,102,102,100,0,789177,129.24857161321225
drottning,lb,1800,69,69,69,69,0,736942,93.63016356782488
drottning,lb,1810,106,106,106,100,0,1369393,77.40655896444629
drottning,lb,1820,65,65,65,65,0,842254,77.17386916535867
drottning,lb,1830,1140,1139,1139,100,1,11653970,97.82074263105191
drottning,lb,1840,6385,6378,6378,100,7,30985848,206.061812476457
drottning,lb,1850,3053,3052,3052,100,1,24055763,126.91345520821767
drottning,lb,1860,5949,5946,5946,100,3,30066424,197.86190735552722
drottning,lb,1870,5396,5395,5395,100,1,34605387,155.92947999685714
drottning,lb,1880,4902,4900,4900,100,2,55511947,88.30531561070988
drottning,lb,1890,8746,8742,8742,100,4,62219305,140.5673046331842
drottning,lb,1900,3591,3590,3590,100,1,24058613,149.2604748245462
drottning,lb,1910,1050,1049,1049,100,1,20653390,50.83911164220498
drottning,lb,1920,2392,2391,2391,100,1,19664571,121.64008052858107
drottning,lb,1930,1667,1665,1665,100,2,16234117,102.6849812650728
drottning,lb,1940,513,513,513,100,0,4503154,113.92015462939975
drottning,lb,1950,50,50,50,50,0,737649,67.78291572278957
drottning,lb,1960,149,147,147,100,2,803051,185.5423877188373
drottning,lb,1970,4,4,4,4,0,88498,45.19876155393342
drottning,lb,1980,14,14,14,14,0,441715,31.694644736991048
drottning,lb,1990,3,3,3,3,0,289511,10.362300568890301
drottning,lb,2000,19,19,19,19,0,104933,181.0679195296046
drottning,lb,2010,24,24,24,24,0,355677,67.4769524034447
drottning,lb,2020,51,51,51,51,0,475824,107.18248764248966
drottning,tkr,1860,39,39,0,39,0,14301457,2.7269948789133864
drottning,tkr,1870,338,338,0,100,0,48663079,6.945717512038233
drottning,tkr,1880,220,220,0,100,0,45300858,4.856420158752843
drottning,tkr,1890,95,95,0,95,0,54990491,1.7275714086640908
drottning,tkr,1900,289,289,0,100,0,91612739,3.154583119712205
drottning,tkr,1910,882,881,0,100,1,146452973,6.022411030194655
drottning,tkr,1920,939,939,0,100,0,129092646,7.27384579288893
drottning,tkr,1930,705,705,0,100,0,130093121,5.419195070275853
drottning,tkr,1940,220,220,0,100,0,133229745,1.6512829023278548
drottning,tkr,1950,170,170,0,100,0,134940616,1.259813427856295
drottning,tkr,1960,198,198,0,100,0,145935106,1.3567674388094115
drottning,tkr,1970,14,14,0,14,0,17225518,0.8127476921158481
fabriksarbeterska,kubhist2,1870,0,0,0,0,0,96758392,0.0
fabriksarbeterska,kubhist2,1880,0,0,0,0,0,1450309699,0.0
fabriksarbeterska,kubhist2,1890,0,0,0,0,0,1037122519,0.0
fabriksarbeterska,kubhist2,1900,0,0,0,0,0,77752738,0.0
fabriksarbeterska,lb,1620,0,0,0,0,0,12158,0.0
fabriksarbeterska,lb,1640,0,0,0,0,0,48209,0.0
fabriksarbeterska,lb,1700,0,0,0,0,0,1796708,0.0
fabriksarbeterska,lb,1710,0,0,0,0,0,64639,0.0
fabriksarbeterska,lb,1730,0,0,0,0,0,33381,0.0
fabriksarbeterska,lb,1740,0,0,0,0,0,47561,0.0
fabriksarbeterska,lb,1750,0,0,0,0,0,1095966,0.0
fabriksarbeterska,lb,1760,0,0,0,0,0,24422,0.0
fabriksarbeterska,lb,1770,0,0,0,0,0,69907,0.0
fabriksarbeterska,lb,1780,0,0,0,0,0,48621,0.0
fabriksarbeterska,lb,1790,0,0,0,0,0,789177,0.0
fabriksarbeterska,lb,1800,0,0,0,0,0,736942,0.0
fabriksarbeterska,lb,1810,0,0,0,0,0,1369393,0.0
fabriksarbeterska,lb,1820,0,0,0,0,0,842254,0.0
fabriksarbeterska,lb,1830,0,0,0,0,0,11653970,0.0
fabriksarbeterska,lb,1840,0,0,0,0,0,30985848,0.0
fabriksarbeterska,lb,1850,0,0,0,0,0,24055763,0.0
fabriksarbeterska,lb,1860,0,0,0,0,0,30066424,0.0
fabriksarbeterska,lb,1870,0,0,0,0,0,34605387,0.0
fabriksarbeterska,lb,1880,0,0,0,0,0,55511947,0.0
fabriksarbeterska,lb,1890,0,0,0,0,0,62219305,0.0
fabriksarbeterska,lb,1900,0,0,0,0,0,24058613,0.0
fabriksarbeterska,lb,1910,0,0,0,0,0,20653390,0.0
fabriksarbeterska,lb,1920,3,3,3,3,0,19664571,0.15255862942547793
fabriksarbeterska,lb,1930,0,0,0,0,0,16234117,0.0
fabriksarbeterska,lb,1940,0,0,0,0,0,4503154,0.0
fabriksarbeterska,lb,1950,0,0,0,0,0,737649,0.0
fabriksarbeterska,lb,1960,0,0,0,0,0,803051,0.0
fabriksarbeterska,lb,1970,0,0,0,0,0,88498,0.0
fabriksarbeterska,lb,1980,0,0,0,0,0,441715,0.0
fabriksarbeterska,lb,1990,0,0,0,0,0,289511,0.0
fabriksarbeterska,lb,2000,0,0,0,0,0,104933,0.0
fabriksarbeterska,lb,2010,0,0,0,0,0,355677,0.0
fabriksarbeterska,lb,2020,0,0,0,0,0,475824,0.0
fabriksarbeterska,tkr,1860,0,0,0,0,0,14301457,0.0
fabriksarbeterska,tkr,1870,0,0,0,0,0,48663079,0.0
fabriksarbeterska,tkr,1880,0,0,0,0,0,45300858,0.0
fabriksarbeterska,tkr,1890,0,0,0,0,0,54990491,0.0
fabriksarbeterska,tkr,1900,0,0,0,0,0,91612739,0.0
fabriksarbeterska,tkr,1910,14,14,0,14,0,146452973,0.09559382587610564
fabriksarbeterska,tkr,1920,2,2,0,2,0,129092646,0.01549274929262818
fabriksarbeterska,tkr,1930,0,0,0,0,0,130093121,0.0
fabriksarbeterska,tkr,1940,0,0,0,0,0,133229745,0.0
fabriksarbeterska,tkr,1950,0,0,0,0,0,134940616,0.0
fabriksarbeterska,tkr,1960,0,0,0,0,0,145935106,0.0
fabriksarbeterska,tkr,1970,0,0,0,0,0,17225518,0.0
farmor,kubhist2,1870,126,56,56,56,70,96758392,1.3022126287505893
farmor,kubhist2,1880,4880,4879,4879,100,1,1450309699,3.364798569136508
farmor,kubhist2,1890,3751,3751,3751,100,0,1037122519,3.6167375900937313
farmor,kubhist2,1900,439,439,439,100,0,77752738,5.646103420821014
farmor,lb,1620,0,0,0,0,0,12158,0.0
farmor,lb,1640,0,0,0,0,0,48209,0.0
farmor,lb,1700,0,0,0,0,0,1796708,0.0
farmor,lb,1710,0,0,0,0,0,64639,0.0
farmor,lb,1730,0,0,0,0,0,33381,0.0
farmor,lb,1740,1,1,1,1,0,47561,21.02563024326654
farmor,lb,1750,2,2,2,2,0,1095966,1.824874129306931
farmor,lb,1760,0,0,0,0,0,24422,0.0
farmor,lb,1770,0,0,0,0,0,69907,0.0
farmor,lb,1780,0,0,0,0,0,48621,0.0
farmor,lb,1790,0,0,0,0,0,789177,0.0
farmor,lb,1800,1,1,1,1,0,736942,1.356958892287317
farmor,lb,1810,2,2,2,2,0,1369393,1.4605011125367224
farmor,lb,1820,0,0,0,0,0,842254,0.0
farmor,lb,1830,34,34,34,34,0,11653970,2.9174607451366357
farmor,lb,1840,279,279,279,100,0,30985848,9.004110521680737
farmor,lb,1850,439,439,439,100,0,24055763,18.249265259222916
farmor,lb,1860,791,791,791,100,0,30066424,26.308416325133976
farmor,lb,1870,674,674,674,100,0,34605387,19.476736382112993
farmor,lb,1880,939,939,939,100,0,55511947,16.915277714903425
farmor,lb,1890,975,975,975,100,0,62219305,15.670377546004412
farmor,lb,1900,371,371,371,100,0,24058613,15.420672837623682
farmor,lb,1910,226,226,226,100,0,20653390,10.942513553465073
farmor,lb,1920,616,616,616,100,0,19664571,31.325371908698134
farmor,lb,1930,473,473,473,100,0,16234117,29.136170448937875
farmor,lb,1940,171,171,171,100,0,4503154,37.97338487646658
farmor,lb,1950,5,5,5,5,0,737649,6.778291572278957
farmor,lb,1960,0,0,0,0,0,803051,0.0
farmor,lb,1970,0,0,0,0,0,88498,0.0
farmor,lb,1980,7,7,7,7,0,441715,15.847322368495524
farmor,lb,1990,4,4,4,4,0,289511,13.816400758520402
farmor,lb,2000,1,1,1,1,0,104933,9.529890501558137
farmor,lb,2010,13,13,13,13,0,355677,36.55001588519921
farmor,lb,2020,1,1,1,1,0,475824,2.101617404754699
farmor,tkr,1860,0,0,0,0,0,14301457,0.0
farmor,tkr,1870,5,5,0,5,0,48663079,0.10274730047393836
farmor,tkr,1880,5,5,0,5,0,45300858,0.11037318542620098
farmor,tkr,1890,1,1,0,1,0,54990491,0.01818496219646411
farmor,tkr,1900,3,3,0,3,0,91612739,0.03274653757486718
farmor,tkr,1910,9,9,0,9,0,146452973,0.06145317377749648
farmor,tkr,1920,36,36,0,36,0,129092646,0.27886948726730726
farmor,tkr,1930,25,25,0,25,0,130093121,0.1921700379530444
farmor,tkr,1940,6,6,0,6,0,133229745,0.04503498824530513
farmor,tkr,1950,16,16,0,16,0,134940616,0.11857067556294541
farmor,tkr,1960,58,58,0,58,0,145935106,0.3974369265199287
farmor,tkr,1970,1,1,0,1,0,17225518,0.05805340657970344
feminin,kubhist2,1870,30,16,16,16,14,96758392,0.3100506258929975
feminin,kubhist2,1880,497,497,497,100,0,1450309699,0.34268542804525504
feminin,kubhist2,1890,297,297,297,100,0,1037122519,0.28636925200155644
feminin,kubhist2,1900,27,27,27,27,0,77752738,0.3472546523056204
feminin,lb,1620,0,0,0,0,0,12158,0.0
feminin,lb,1640,0,0,0,0,0,48209,0.0
feminin,lb,1700,0,0,0,0,0,1796708,0.0
feminin,lb,1710,0,0,0,0,0,64639,0.0
feminin,lb,1730,0,0,0,0,0,33381,0.0
feminin,lb,1740,0,0,0,0,0,47561,0.0
feminin,lb,1750,0,0,0,0,0,1095966,0.0
feminin,lb,1760,0,0,0,0,0,24422,0.0
feminin,lb,1770,0,0,0,0,0,69907,0.0
feminin,lb,1780,0,0,0,0,0,48621,0.0
feminin,lb,1790,0,0,0,0,0,789177,0.0
feminin,lb,1800,0,0,0,0,0,736942,0.0
feminin,lb,1810,2,2,2,2,0,1369393,1.4605011125367224
feminin,lb,1820,0,0,0,0,0,842254,0.0
feminin,lb,1830,3,3,3,3,0,11653970,0.2574230069238208
feminin,lb,1840,13,13,13,13,0,30985848,0.41954636839372605
feminin,lb,1850,15,15,15,15,0,24055763,0.6235512047570472
feminin,lb,1860,37,37,37,37,0,30066424,1.230608601807784
feminin,lb,1870,38,38,38,38,0,34605387,1.098094929555332
feminin,lb,1880,46,46,46,46,0,55511947,0.8286504524872818
feminin,lb,1890,39,39,39,39,0,62219305,0.6268151018401764
feminin,lb,1900,21,21,21,21,0,24058613,0.8728682738277556
feminin,lb,1910,44,43,43,43,1,20653390,2.130400868816209
feminin,lb,1920,26,26,26,26,0,19664571,1.3221747883541421
feminin,lb,1930,20,20,20,20,0,16234117,1.2319733805047728
feminin,lb,1940,9,9,9,9,0,4503154,1.998599204024557
feminin,lb,1950,0,0,0,0,0,737649,0.0
feminin,lb,1960,0,0,0,0,0,803051,0.0
feminin,lb,1970,0,0,0,0,0,88498,0.0
feminin,lb,1980,0,0,0,0,0,441715,0.0
feminin,lb,1990,0,0,0,0,0,289511,0.0
feminin,lb,2000,0,0,0,0,0,104933,0.0
feminin,lb,2010,0,0,0,0,0,355677,0.0
feminin,lb,2020,0,0,0,0,0,475824,0.0
feminin,tkr,1860,2,2,0,2,0,14301457,0.1398458912263275
feminin,tkr,1870,2,2,0,2,0,48663079,0.041098920189575346
feminin,tkr,1880,3,3,0,3,0,45300858,0.0662239112557206
feminin,tkr,1890,0,0,0,0,0,54990491,0.0
feminin,tkr,1900,4,4,0,4,0,91612739,0.04366205009982291
feminin,tkr,1910,6,6,0,6,0,146452973,0.040968782518330984
feminin,tkr,1920,6,6,0,6,0,129092646,0.046478247877884536
feminin,tkr,1930,7,7,0,7,0,130093121,0.05380761062685244
feminin,tkr,1940,7,7,0,7,0,133229745,0.05254081961952265
feminin,tkr,1950,0,0,0,0,0,134940616,0.0
feminin,tkr,1960,6,6,0,6,0,145935106,0.041114164812406415
feminin,tkr,1970,0,0,0,0,0,17225518,0.0
flicka,kubhist2,1870,11995,5961,5961,100,6034,96758392,123.9685752528835
flicka,kubhist2,1880,383407,383315,383315,100,92,1450309699,264.3621567616642
flicka,kubhist2,1890,253474,253420,253420,100,54,1037122519,244.40121138667513
flicka,kubhist2,1900,14547,14545,14545,100,2,77752738,187.09308989221705
flicka,lb,1620,0,0,0,0,0,12158,0.0
flicka,lb,1640,0,0,0,0,0,48209,0.0
flicka,lb,1700,0,0,0,0,0,1796708,0.0
flicka,lb,1710,6,6,6,6,0,64639,92.82321818097434
flicka,lb,1730,1,1,1,1,0,33381,29.957161259399058
flicka,lb,1740,26,26,26,26,0,47561,546.66638632493
flicka,lb,1750,33,33,33,33,0,1095966,30.110423133564364
flicka,lb,1760,1,1,1,1,0,24422,40.94668741298829
flicka,lb,1770,8,8,8,8,0,69907,114.43775301471956
flicka,lb,1780,6,6,6,6,0,48621,123.40346763744061
flicka,lb,1790,91,91,91,91,0,789177,115.31000016472858
flicka,lb,1800,137,137,137,100,0,736942,185.90336824336242
flicka,lb,1810,137,137,137,100,0,1369393,100.04432620876548
flicka,lb,1820,239,239,239,100,0,842254,283.76238046954956
flicka,lb,1830,4993,4992,4992,100,1,11653970,428.43769119021243
flicka,lb,1840,15293,15291,15291,100,2,30985848,493.54789321886557
flicka,lb,1850,15904,15897,15897,100,7,24055763,661.1305573637386
flicka,lb,1860,18296,18295,18295,100,1,30066424,608.5193237479788
flicka,lb,1870,20465,20456,20456,100,9,34605387,591.3819140355229
flicka,lb,1880,29726,29723,29723,100,3,55511947,535.4883337094986
flicka,lb,1890,32074,32067,32067,100,7,62219305,515.4991686262005
flicka,lb,1900,7576,7574,7574,100,2,24058613,314.89762107233696
flicka,lb,1910,6814,6813,6813,100,1,20653390,329.92162545712836
flicka,lb,1920,4497,4495,4495,100,2,19664571,228.68538550879143
flicka,lb,1930,3347,3347,3347,100,0,16234117,206.17074522747373
flicka,lb,1940,1041,1041,1041,100,0,4503154,231.17130793217376
flicka,lb,1950,208,208,208,100,0,737649,281.9769294068046
flicka,lb,1960,39,39,39,39,0,803051,48.56478604721244
flicka,lb,1970,4,4,4,4,0,88498,45.19876155393342
flicka,lb,1980,14,14,14,14,0,441715,31.694644736991048
flicka,lb,1990,26,26,26,26,0,289511,89.8066049303826
flicka,lb,2000,42,42,42,42,0,104933,400.25540106544173
flicka,lb,2010,112,112,112,100,0,355677,314.8924445494086
flicka,lb,2020,45,45,45,45,0,475824,94.57278321396146
flicka,tkr,1860,30,30,0,30,0,14301457,2.0976883683949126
flicka,tkr,1870,311,311,0,100,0,48663079,6.390882089478966
flicka,tkr,1880,719,719,0,100,0,45300858,15.871664064287701
flicka,tkr,1890,1228,1226,0,100,2,54990491,22.33113357725793
flicka,tkr,1900,2695,2695,0,100,0,91612739,29.417306254755683
flicka,tkr,1910,2664,2664,0,100,0,146452973,18.190139438138957
flicka,tkr,1920,4232,4231,0,100,1,129092646,32.78265750320123
flicka,tkr,1930,5285,5285,0,100,0,130093121,40.62474602327359
flicka,tkr,1940,2526,2526,0,100,0,133229745,18.95973005127346
flicka,tkr,1950,1862,1861,0,100,1,134940616,13.798662368637771
flicka,tkr,1960,1963,1962,0,100,1,145935106,13.451184254458965
flicka,tkr,1970,159,159,0,100,0,17225518,9.230491646172847
flickebarn,kubhist2,1870,56,28,28,28,28,96758392,0.5787611683335953
flickebarn,kubhist2,1880,3018,3017,3017,100,1,1450309699,2.080934852797947
flickebarn,kubhist2,1890,2081,2080,2080,100,1,1037122519,2.006513176482286
flickebarn,kubhist2,1900,315,315,315,100,0,77752738,4.051304276898905
flickebarn,lb,1620,0,0,0,0,0,12158,0.0
flickebarn,lb,1640,0,0,0,0,0,48209,0.0
flickebarn,lb,1700,0,0,0,0,0,1796708,0.0
flickebarn,lb,1710,0,0,0,0,0,64639,0.0
flickebarn,lb,1730,0,0,0,0,0,33381,0.0
flickebarn,lb,1740,0,0,0,0,0,47561,0.0
flickebarn,lb,1750,0,0,0,0,0,1095966,0.0
flickebarn,lb,1760,0,0,0,0,0,24422,0.0
flickebarn,lb,1770,0,0,0,0,0,69907,0.0
flickebarn,lb,1780,0,0,0,0,0,48621,0.0
flickebarn,lb,1790,0,0,0,0,0,789177,0.0
flickebarn,lb,1800,0,0,0,0,0,736942,0.0
flickebarn,lb,1810,0,0,0,0,0,1369393,0.0
flickebarn,lb,1820,0,0,0,0,0,842254,0.0
flickebarn,lb,1830,0,0,0,0,0,11653970,0.0
flickebarn,lb,1840,5,5,5,5,0,30985848,0.16136398784374079
flickebarn,lb,1850,7,7,7,7,0,24055763,0.29099056221995534
flickebarn,lb,1860,20,20,20,20,0,30066424,0.6651938388150184
flickebarn,lb,1870,26,26,26,26,0,34605387,0.7513281096957535
flickebarn,lb,1880,43,43,43,43,0,55511947,0.7746080316728937
flickebarn,lb,1890,55,55,55,55,0,62219305,0.8839700154156335
flickebarn,lb,1900,31,31,31,31,0,24058613,1.2885198327933534
flickebarn,lb,1910,44,44,44,44,0,20653390,2.130400868816209
flickebarn,lb,1920,27,27,27,27,0,19664571,1.3730276648293014
flickebarn,lb,1930,18,18,18,18,0,16234117,1.1087760424542954
flickebarn,lb,1940,10,10,10,10,0,4503154,2.2206657822495077
flickebarn,lb,1950,5,5,5,5,0,737649,6.778291572278957
flickebarn,lb,1960,0,0,0,0,0,803051,0.0
flickebarn,lb,1970,0,0,0,0,0,88498,0.0
flickebarn,lb,1980,0,0,0,0,0,441715,0.0
flickebarn,lb,1990,0,0,0,0,0,289511,0.0
flickebarn,lb,2000,0,0,0,0,0,104933,0.0
flickebarn,lb,2010,0,0,0,0,0,355677,0.0
flickebarn,lb,2020,1,1,1,1,0,475824,2.101617404754699
flickebarn,tkr,1860,1,1,0,1,0,14301457,0.06992294561316376
flickebarn,tkr,1870,2,2,0,2,0,48663079,0.041098920189575346
flickebarn,tkr,1880,1,1,0,1,0,45300858,0.022074637085240194
flickebarn,tkr,1890,16,16,0,16,0,54990491,0.2909593951434258
flickebarn,tkr,1900,8,8,0,8,0,91612739,0.08732410019964582
flickebarn,tkr,1910,5,5,0,5,0,146452973,0.034140652098609156
flickebarn,tkr,1920,3,3,0,3,0,129092646,0.023239123938942268
flickebarn,tkr,1930,5,5,0,5,0,130093121,0.03843400759060889
flickebarn,tkr,1940,0,0,0,0,0,133229745,0.0
flickebarn,tkr,1950,4,4,0,4,0,134940616,0.029642668890736353
flickebarn,tkr,1960,10,10,0,10,0,145935106,0.06852360802067735
flickebarn,tkr,1970,0,0,0,0,0,17225518,0.0
fnaska,kubhist2,1870,2,1,1,1,1,96758392,0.020670041726199833
fnaska,kubhist2,1880,28,28,28,28,0,1450309699,0.01930622129832423
fnaska,kubhist2,1890,8,8,8,8,0,1037122519,0.007713649885563809
fnaska,kubhist2,1900,4,4,4,4,0,77752738,0.051445133674906725
fnaska,lb,1620,0,0,0,0,0,12158,0.0
fnaska,lb,1640,1,0,0,0,1,48209,20.743014789769546
fnaska,lb,1700,0,0,0,0,0,1796708,0.0
fnaska,lb,1710,0,0,0,0,0,64639,0.0
fnaska,lb,1730,0,0,0,0,0,33381,0.0
fnaska,lb,1740,0,0,0,0,0,47561,0.0
fnaska,lb,1750,0,0,0,0,0,1095966,0.0
fnaska,lb,1760,0,0,0,0,0,24422,0.0
fnaska,lb,1770,0,0,0,0,0,69907,0.0
fnaska,lb,1780,0,0,0,0,0,48621,0.0
fnaska,lb,1790,0,0,0,0,0,789177,0.0
fnaska,lb,1800,1,1,1,1,0,736942,1.356958892287317
fnaska,lb,1810,0,0,0,0,0,1369393,0.0
fnaska,lb,1820,0,0,0,0,0,842254,0.0
fnaska,lb,1830,8,8,8,8,0,11653970,0.6864613517968555
fnaska,lb,1840,5,5,5,5,0,30985848,0.16136398784374079
fnaska,lb,1850,8,8,8,8,0,24055763,0.33256064253709183
fnaska,lb,1860,7,7,7,7,0,30066424,0.23281784358525642
fnaska,lb,1870,13,13,13,13,0,34605387,0.37566405484787674
fnaska,lb,1880,6,6,6,6,0,55511947,0.10808484162877588
fnaska,lb,1890,5,5,5,5,0,62219305,0.08036091049233031
fnaska,lb,1900,3,3,3,3,0,24058613,0.12469546768967937
fnaska,lb,1910,4,4,4,4,0,20653390,0.193672806256019
fnaska,lb,1920,2,2,2,2,0,19664571,0.10170575295031863
fnaska,lb,1930,0,0,0,0,0,16234117,0.0
fnaska,lb,1940,0,0,0,0,0,4503154,0.0
fnaska,lb,1950,0,0,0,0,0,737649,0.0
fnaska,lb,1960,0,0,0,0,0,803051,0.0
fnaska,lb,1970,0,0,0,0,0,88498,0.0
fnaska,lb,1980,0,0,0,0,0,441715,0.0
fnaska,lb,1990,0,0,0,0,0,289511,0.0
fnaska,lb,2000,0,0,0,0,0,104933,0.0
fnaska,lb,2010,0,0,0,0,0,355677,0.0
fnaska,lb,2020,0,0,0,0,0,475824,0.0
fnaska,tkr,1860,1,1,0,1,0,14301457,0.06992294561316376
fnaska,tkr,1870,0,0,0,0,0,48663079,0.0
fnaska,tkr,1880,0,0,0,0,0,45300858,0.0
fnaska,tkr,1890,1,1,0,1,0,54990491,0.01818496219646411
fnaska,tkr,1900,0,0,0,0,0,91612739,0.0
fnaska,tkr,1910,0,0,0,0,0,146452973,0.0
fnaska,tkr,1920,0,0,0,0,0,129092646,0.0
fnaska,tkr,1930,0,0,0,0,0,130093121,0.0
fnaska,tkr,1940,0,0,0,0,0,133229745,0.0
fnaska,tkr,1950,0,0,0,0,0,134940616,0.0
fnaska,tkr,1960,0,0,0,0,0,145935106,0.0
fnaska,tkr,1970,0,0,0,0,0,17225518,0.0
fostermoder,kubhist2,1870,0,0,0,0,0,96758392,0.0
fostermoder,kubhist2,1880,0,0,0,0,0,1450309699,0.0
fostermoder,kubhist2,1890,0,0,0,0,0,1037122519,0.0
fostermoder,kubhist2,1900,0,0,0,0,0,77752738,0.0
fostermoder,lb,1620,0,0,0,0,0,12158,0.0
fostermoder,lb,1640,0,0,0,0,0,48209,0.0
fostermoder,lb,1700,0,0,0,0,0,1796708,0.0
fostermoder,lb,1710,0,0,0,0,0,64639,0.0
fostermoder,lb,1730,0,0,0,0,0,33381,0.0
fostermoder,lb,1740,0,0,0,0,0,47561,0.0
fostermoder,lb,1750,0,0,0,0,0,1095966,0.0
fostermoder,lb,1760,0,0,0,0,0,24422,0.0
fostermoder,lb,1770,0,0,0,0,0,69907,0.0
fostermoder,lb,1780,0,0,0,0,0,48621,0.0
fostermoder,lb,1790,0,0,0,0,0,789177,0.0
fostermoder,lb,1800,0,0,0,0,0,736942,0.0
fostermoder,lb,1810,0,0,0,0,0,1369393,0.0
fostermoder,lb,1820,0,0,0,0,0,842254,0.0
fostermoder,lb,1830,0,0,0,0,0,11653970,0.0
fostermoder,lb,1840,0,0,0,0,0,30985848,0.0
fostermoder,lb,1850,1,1,1,1,0,24055763,0.04157008031713648
fostermoder,lb,1860,0,0,0,0,0,30066424,0.0
fostermoder,lb,1870,0,0,0,0,0,34605387,0.0
fostermoder,lb,1880,0,0,0,0,0,55511947,0.0
fostermoder,lb,1890,0,0,0,0,0,62219305,0.0
fostermoder,lb,1900,0,0,0,0,0,24058613,0.0
fostermoder,lb,1910,0,0,0,0,0,20653390,0.0
fostermoder,lb,1920,0,0,0,0,0,19664571,0.0
fostermoder,lb,1930,0,0,0,0,0,16234117,0.0
fostermoder,lb,1940,0,0,0,0,0,4503154,0.0
fostermoder,lb,1950,0,0,0,0,0,737649,0.0
fostermoder,lb,1960,0,0,0,0,0,803051,0.0
fostermoder,lb,1970,0,0,0,0,0,88498,0.0
fostermoder,lb,1980,0,0,0,0,0,441715,0.0
fostermoder,lb,1990,0,0,0,0,0,289511,0.0
fostermoder,lb,2000,0,0,0,0,0,104933,0.0
fostermoder,lb,2010,0,0,0,0,0,355677,0.0
fostermoder,lb,2020,0,0,0,0,0,475824,0.0
fostermoder,tkr,1860,0,0,0,0,0,14301457,0.0
fostermoder,tkr,1870,0,0,0,0,0,48663079,0.0
fostermoder,tkr,1880,0,0,0,0,0,45300858,0.0
fostermoder,tkr,1890,0,0,0,0,0,54990491,0.0
fostermoder,tkr,1900,0,0,0,0,0,91612739,0.0
fostermoder,tkr,1910,0,0,0,0,0,146452973,0.0
fostermoder,tkr,1920,0,0,0,0,0,129092646,0.0
fostermoder,tkr,1930,0,0,0,0,0,130093121,0.0
fostermoder,tkr,1940,0,0,0,0,0,133229745,0.0
fostermoder,tkr,1950,0,0,0,0,0,134940616,0.0
fostermoder,tkr,1960,0,0,0,0,0,145935106,0.0
fostermoder,tkr,1970,0,0,0,0,0,17225518,0.0
fostermor,kubhist2,1870,86,33,33,33,53,96758392,0.8888117942265927
fostermor,kubhist2,1880,1599,1599,1599,100,0,1450309699,1.1025231377150158
fostermor,kubhist2,1890,1579,1578,1578,100,1,1037122519,1.522481646163157
fostermor,kubhist2,1900,116,116,116,100,0,77752738,1.4919088765722952
fostermor,lb,1620,0,0,0,0,0,12158,0.0
fostermor,lb,1640,0,0,0,0,0,48209,0.0
fostermor,lb,1700,0,0,0,0,0,1796708,0.0
fostermor,lb,1710,0,0,0,0,0,64639,0.0
fostermor,lb,1730,0,0,0,0,0,33381,0.0
fostermor,lb,1740,0,0,0,0,0,47561,0.0
fostermor,lb,1750,0,0,0,0,0,1095966,0.0
fostermor,lb,1760,0,0,0,0,0,24422,0.0
fostermor,lb,1770,0,0,0,0,0,69907,0.0
fostermor,lb,1780,0,0,0,0,0,48621,0.0
fostermor,lb,1790,0,0,0,0,0,789177,0.0
fostermor,lb,1800,1,1,1,1,0,736942,1.356958892287317
fostermor,lb,1810,2,2,2,2,0,1369393,1.4605011125367224
fostermor,lb,1820,3,3,3,3,0,842254,3.5618708845550153
fostermor,lb,1830,41,41,41,41,0,11653970,3.5181144279588845
fostermor,lb,1840,209,209,209,100,0,30985848,6.7450146918683656
fostermor,lb,1850,191,191,191,100,0,24055763,7.939885340573068
fostermor,lb,1860,246,246,246,100,0,30066424,8.181884217424725
fostermor,lb,1870,309,309,309,100,0,34605387,8.929245611384147
fostermor,lb,1880,400,400,400,100,0,55511947,7.205656108585059
fostermor,lb,1890,314,314,314,100,0,62219305,5.046665178918344
fostermor,lb,1900,50,50,50,50,0,24058613,2.0782577948279894
fostermor,lb,1910,52,52,52,52,0,20653390,2.517746481328247
fostermor,lb,1920,36,36,36,36,0,19664571,1.8307035531057352
fostermor,lb,1930,16,16,16,16,0,16234117,0.9855787044038182
fostermor,lb,1940,5,5,5,5,0,4503154,1.1103328911247539
fostermor,lb,1950,0,0,0,0,0,737649,0.0
fostermor,lb,1960,0,0,0,0,0,803051,0.0
fostermor,lb,1970,0,0,0,0,0,88498,0.0
fostermor,lb,1980,0,0,0,0,0,441715,0.0
fostermor,lb,1990,0,0,0,0,0,289511,0.0
fostermor,lb,2000,0,0,0,0,0,104933,0.0
fostermor,lb,2010,0,0,0,0,0,355677,0.0
fostermor,lb,2020,0,0,0,0,0,475824,0.0
fostermor,tkr,1860,0,0,0,0,0,14301457,0.0
fostermor,tkr,1870,1,1,0,1,0,48663079,0.020549460094787673
fostermor,tkr,1880,1,1,0,1,0,45300858,0.022074637085240194
fostermor,tkr,1890,9,9,0,9,0,54990491,0.163664659768177
fostermor,tkr,1900,103,103,0,100,0,91612739,1.1242977900704398
fostermor,tkr,1910,31,31,0,31,0,146452973,0.21167204301137676
fostermor,tkr,1920,50,50,0,50,0,129092646,0.3873187323157045
fostermor,tkr,1930,21,21,0,21,0,130093121,0.1614228318805573
fostermor,tkr,1940,25,25,0,25,0,133229745,0.18764578435543805
fostermor,tkr,1950,17,17,0,17,0,134940616,0.1259813427856295
fostermor,tkr,1960,24,24,0,24,0,145935106,0.16445665924962566
fostermor,tkr,1970,2,2,0,2,0,17225518,0.11610681315940688
friherrinna,kubhist2,1870,0,0,0,0,0,96758392,0.0
friherrinna,kubhist2,1880,0,0,0,0,0,1450309699,0.0
friherrinna,kubhist2,1890,0,0,0,0,0,1037122519,0.0
friherrinna,kubhist2,1900,0,0,0,0,0,77752738,0.0
friherrinna,lb,1620,0,0,0,0,0,12158,0.0
friherrinna,lb,1640,0,0,0,0,0,48209,0.0
friherrinna,lb,1700,0,0,0,0,0,1796708,0.0
friherrinna,lb,1710,0,0,0,0,0,64639,0.0
friherrinna,lb,1730,0,0,0,0,0,33381,0.0
friherrinna,lb,1740,0,0,0,0,0,47561,0.0
friherrinna,lb,1750,0,0,0,0,0,1095966,0.0
friherrinna,lb,1760,0,0,0,0,0,24422,0.0
friherrinna,lb,1770,0,0,0,0,0,69907,0.0
friherrinna,lb,1780,0,0,0,0,0,48621,0.0
friherrinna,lb,1790,0,0,0,0,0,789177,0.0
friherrinna,lb,1800,0,0,0,0,0,736942,0.0
friherrinna,lb,1810,0,0,0,0,0,1369393,0.0
friherrinna,lb,1820,0,0,0,0,0,842254,0.0
friherrinna,lb,1830,0,0,0,0,0,11653970,0.0
friherrinna,lb,1840,153,153,153,100,0,30985848,4.937738028018468
friherrinna,lb,1850,52,52,52,52,0,24055763,2.1616441764910967
friherrinna,lb,1860,57,57,57,57,0,30066424,1.8958024406228025
friherrinna,lb,1870,99,99,99,99,0,34605387,2.8608262638415227
friherrinna,lb,1880,141,141,141,100,0,55511947,2.539993778276233
friherrinna,lb,1890,151,151,151,100,0,62219305,2.4268994968683755
friherrinna,lb,1900,13,13,13,13,0,24058613,0.5403470266552772
friherrinna,lb,1910,5,5,5,5,0,20653390,0.24209100782002374
friherrinna,lb,1920,157,157,157,100,0,19664571,7.9839016066000115
friherrinna,lb,1930,180,179,179,100,1,16234117,11.087760424542955
friherrinna,lb,1940,0,0,0,0,0,4503154,0.0
friherrinna,lb,1950,2,2,2,2,0,737649,2.7113166289115824
friherrinna,lb,1960,0,0,0,0,0,803051,0.0
friherrinna,lb,1970,0,0,0,0,0,88498,0.0
friherrinna,lb,1980,0,0,0,0,0,441715,0.0
friherrinna,lb,1990,0,0,0,0,0,289511,0.0
friherrinna,lb,2000,0,0,0,0,0,104933,0.0
friherrinna,lb,2010,0,0,0,0,0,355677,0.0
friherrinna,lb,2020,0,0,0,0,0,475824,0.0
friherrinna,tkr,1860,0,0,0,0,0,14301457,0.0
friherrinna,tkr,1870,0,0,0,0,0,48663079,0.0
friherrinna,tkr,1880,0,0,0,0,0,45300858,0.0
friherrinna,tkr,1890,0,0,0,0,0,54990491,0.0
friherrinna,tkr,1900,0,0,0,0,0,91612739,0.0
friherrinna,tkr,1910,0,0,0,0,0,146452973,0.0
friherrinna,tkr,1920,0,0,0,0,0,129092646,0.0
friherrinna,tkr,1930,0,0,0,0,0,130093121,0.0
friherrinna,tkr,1940,0,0,0,0,0,133229745,0.0
friherrinna,tkr,1950,0,0,0,0,0,134940616,0.0
friherrinna,tkr,1960,0,0,0,0,0,145935106,0.0
friherrinna,tkr,1970,0,0,0,0,0,17225518,0.0
fru,kubhist2,1870,27608,12046,12046,100,15562,96758392,285.3292559884625
fru,kubhist2,1880,538839,538778,538778,100,61,1450309699,371.53374922027604
fru,kubhist2,1890,450988,450925,450925,100,63,1037122519,434.84544182383144
fru,kubhist2,1900,26509,26505,26505,100,4,77752738,340.9397621470256
fru,lb,1620,0,0,0,0,0,12158,0.0
fru,lb,1640,0,0,0,0,0,48209,0.0
fru,lb,1700,14,14,14,14,0,1796708,7.792028532182191
fru,lb,1710,54,54,54,54,0,64639,835.408963628769
fru,lb,1730,18,18,18,18,0,33381,539.2289026691831
fru,lb,1740,260,260,260,100,0,47561,5466.6638632493
fru,lb,1750,35,35,35,35,0,1095966,31.935297262871295
fru,lb,1760,0,0,0,0,0,24422,0.0
fru,lb,1770,8,8,8,8,0,69907,114.43775301471956
fru,lb,1780,4,4,4,4,0,48621,82.26897842496041
fru,lb,1790,158,158,158,100,0,789177,200.20857171458368
fru,lb,1800,86,86,86,86,0,736942,116.69846473670927
fru,lb,1810,318,318,318,100,0,1369393,232.21967689333889
fru,lb,1820,148,148,148,100,0,842254,175.71896363804743
fru,lb,1830,4834,4832,4832,100,2,11653970,414.7942718232499
fru,lb,1840,20471,20470,20470,100,1,30985848,660.6564390298436
fru,lb,1850,14860,14858,14858,100,2,24055763,617.7313935126481
fru,lb,1860,21303,21302,21302,100,1,30066424,708.5312174138169
fru,lb,1870,22974,22969,22969,100,5,34605387,663.8850766211631
fru,lb,1880,32598,32592,32592,100,6,55511947,587.2249445691393
fru,lb,1890,42072,42066,42066,100,6,62219305,676.1888452466642
fru,lb,1900,9525,9524,9524,100,1,24058613,395.908109914732
fru,lb,1910,10640,10640,10640,100,0,20653390,515.1696646410105
fru,lb,1920,10136,10136,10136,100,0,19664571,515.4447559522148
fru,lb,1930,7408,7408,7408,100,0,16234117,456.32294013896785
fru,lb,1940,2260,2260,2260,100,0,4503154,501.87046678838874
fru,lb,1950,503,503,503,100,0,737649,681.896132171263
fru,lb,1960,143,143,143,100,0,803051,178.0708821731123
fru,lb,1970,1,1,1,1,0,88498,11.299690388483356
fru,lb,1980,63,63,63,63,0,441715,142.6259013164597
fru,lb,1990,17,17,17,17,0,289511,58.719703223711704
fru,lb,2000,68,68,68,68,0,104933,648.0325541059533
fru,lb,2010,179,179,179,100,0,355677,503.26560334235836
fru,lb,2020,159,159,159,100,0,475824,334.15716735599716
fru,tkr,1860,48,48,0,48,0,14301457,3.35630138943186
fru,tkr,1870,145,145,0,100,0,48663079,2.9796717137442124
fru,tkr,1880,104,104,0,100,0,45300858,2.2957622568649803
fru,tkr,1890,205,205,0,100,0,54990491,3.727917250275143
fru,tkr,1900,313,313,0,100,0,91612739,3.4165554203111426
fru,tkr,1910,756,756,0,100,0,146452973,5.162066597309704
fru,tkr,1920,2549,2549,0,100,0,129092646,19.745508973454616
fru,tkr,1930,4008,4008,0,100,0,130093121,30.80870048463208
fru,tkr,1940,9414,9414,0,100,0,133229745,70.65989655688375
fru,tkr,1950,20449,20447,0,100,2,134940616,151.54073403666692
fru,tkr,1960,45675,45668,0,100,7,145935106,312.98157963444385
fru,tkr,1970,7419,7418,0,100,1,17225518,430.6982234148198
fruntimmer,kubhist2,1870,6726,3911,3911,100,2815,96758392,69.51335032521004
fruntimmer,kubhist2,1880,170628,170573,170573,100,55,1450309699,117.6493545603738
fruntimmer,kubhist2,1890,72333,72303,72303,100,30,1037122519,69.74392964656089
fruntimmer,kubhist2,1900,2257,2257,2257,100,0,77752738,29.02791667606612
fruntimmer,lb,1620,0,0,0,0,0,12158,0.0
fruntimmer,lb,1640,0,0,0,0,0,48209,0.0
fruntimmer,lb,1700,0,0,0,0,0,1796708,0.0
fruntimmer,lb,1710,0,0,0,0,0,64639,0.0
fruntimmer,lb,1730,0,0,0,0,0,33381,0.0
fruntimmer,lb,1740,2,2,2,2,0,47561,42.05126048653308
fruntimmer,lb,1750,1,1,1,1,0,1095966,0.9124370646534655
fruntimmer,lb,1760,0,0,0,0,0,24422,0.0
fruntimmer,lb,1770,1,1,1,1,0,69907,14.304719126839945
fruntimmer,lb,1780,0,0,0,0,0,48621,0.0
fruntimmer,lb,1790,84,84,84,84,0,789177,106.44000015205714
fruntimmer,lb,1800,82,82,82,82,0,736942,111.27062916756
fruntimmer,lb,1810,106,106,106,100,0,1369393,77.40655896444629
fruntimmer,lb,1820,62,62,62,62,0,842254,73.61199828080365
fruntimmer,lb,1830,1072,1072,1072,100,0,11653970,91.98582114077864
fruntimmer,lb,1840,4415,4414,4414,100,1,30985848,142.48440126602313
fruntimmer,lb,1850,3125,3124,3124,100,1,24055763,129.9065009910515
fruntimmer,lb,1860,3882,3882,3882,100,0,30066424,129.11412411399508
fruntimmer,lb,1870,3522,3522,3522,100,0,34605387,101.7760616287863
fruntimmer,lb,1880,3855,3855,3855,100,0,55511947,69.4445107464885
fruntimmer,lb,1890,3631,3627,3627,100,4,62219305,58.35809319953027
fruntimmer,lb,1900,745,745,745,100,0,24058613,30.966041142937044
fruntimmer,lb,1910,886,886,886,100,0,20653390,42.898526585708204
fruntimmer,lb,1920,478,478,478,100,0,19664571,24.30767495512615
fruntimmer,lb,1930,247,247,247,100,0,16234117,15.214871249233944
fruntimmer,lb,1940,204,203,203,100,1,4503154,45.30158195788996
fruntimmer,lb,1950,33,33,33,33,0,737649,44.736724377041114
fruntimmer,lb,1960,25,25,25,25,0,803051,31.131273107187464
fruntimmer,lb,1970,0,0,0,0,0,88498,0.0
fruntimmer,lb,1980,1,1,1,1,0,441715,2.2639031954993603
fruntimmer,lb,1990,0,0,0,0,0,289511,0.0
fruntimmer,lb,2000,0,0,0,0,0,104933,0.0
fruntimmer,lb,2010,5,5,5,5,0,355677,14.057698417384312
fruntimmer,lb,2020,8,8,8,8,0,475824,16.812939238037593
fruntimmer,tkr,1860,36,36,0,36,0,14301457,2.517226042073895
fruntimmer,tkr,1870,88,88,0,88,0,48663079,1.8083524883413151
fruntimmer,tkr,1880,63,63,0,63,0,45300858,1.3907021363701324
fruntimmer,tkr,1890,64,64,0,64,0,54990491,1.1638375805737031
fruntimmer,tkr,1900,74,74,0,74,0,91612739,0.8077479268467238
fruntimmer,tkr,1910,71,71,0,71,0,146452973,0.48479725980025
fruntimmer,tkr,1920,30,30,0,30,0,129092646,0.2323912393894227
fruntimmer,tkr,1930,20,20,0,20,0,130093121,0.15373603036243555
fruntimmer,tkr,1940,17,17,0,17,0,133229745,0.12759913336169787
fruntimmer,tkr,1950,12,12,0,12,0,134940616,0.08892800667220906
fruntimmer,tkr,1960,14,14,0,14,0,145935106,0.0959330512289483
fruntimmer,tkr,1970,1,1,0,1,0,17225518,0.05805340657970344
fröken,kubhist2,1870,9407,3911,3911,100,5496,96758392,97.22154125918091
fröken,kubhist2,1880,250322,250256,250256,100,66,1450309699,172.59899742282562
fröken,kubhist2,1890,228167,228114,228114,100,53,1037122519,220.00004417992972
fröken,kubhist2,1900,13679,13676,13676,100,3,77752738,175.92949588476228
fröken,lb,1620,0,0,0,0,0,12158,0.0
fröken,lb,1640,1,0,0,0,1,48209,20.743014789769546
fröken,lb,1700,0,0,0,0,0,1796708,0.0
fröken,lb,1710,3,3,3,3,0,64639,46.41160909048717
fröken,lb,1730,5,5,5,5,0,33381,149.7858062969953
fröken,lb,1740,109,109,109,100,0,47561,2291.793696516053
fröken,lb,1750,4,4,4,4,0,1095966,3.649748258613862
fröken,lb,1760,0,0,0,0,0,24422,0.0
fröken,lb,1770,0,0,0,0,0,69907,0.0
fröken,lb,1780,0,0,0,0,0,48621,0.0
fröken,lb,1790,27,27,27,27,0,789177,34.21285719173265
fröken,lb,1800,52,52,52,52,0,736942,70.56186239894049
fröken,lb,1810,45,45,45,45,0,1369393,32.86127503207626
fröken,lb,1820,54,54,54,54,0,842254,64.11367592199028
fröken,lb,1830,2107,2107,2107,100,0,11653970,180.79675852949683
fröken,lb,1840,8267,8266,8266,100,1,30985848,266.79921750084105
fröken,lb,1850,5933,5930,5930,100,3,24055763,246.63528652157075
fröken,lb,1860,8024,8024,8024,100,0,30066424,266.8757681325854
fröken,lb,1870,7065,7064,7064,100,1,34605387,204.15896519232686
fröken,lb,1880,14110,14107,14107,100,3,55511947,254.17951923033792
fröken,lb,1890,17619,17616,17616,100,3,62219305,283.17577639287356
fröken,lb,1900,4548,4547,4547,100,1,24058613,189.03832901755393
fröken,lb,1910,5086,5083,5083,100,3,20653390,246.25497315452813
fröken,lb,1920,2650,2649,2649,100,1,19664571,134.76012265917217
fröken,lb,1930,2590,2590,2590,100,0,16234117,159.54055277536807
fröken,lb,1940,919,919,919,100,0,4503154,204.07918538872977
fröken,lb,1950,37,37,37,37,0,737649,50.15935763486428
fröken,lb,1960,10,10,10,10,0,803051,12.452509242874985
fröken,lb,1970,0,0,0,0,0,88498,0.0
fröken,lb,1980,36,36,36,36,0,441715,81.50051503797698
fröken,lb,1990,2,2,2,2,0,289511,6.908200379260201
fröken,lb,2000,14,14,14,14,0,104933,133.4184670218139
fröken,lb,2010,37,37,37,37,0,355677,104.02696828864391
fröken,lb,2020,24,24,24,24,0,475824,50.43881771411278
fröken,tkr,1860,4,4,0,4,0,14301457,0.279691782452655
fröken,tkr,1870,31,31,0,31,0,48663079,0.6370332629384179
fröken,tkr,1880,28,28,0,28,0,45300858,0.6180898383867255
fröken,tkr,1890,86,86,0,86,0,54990491,1.5639067488959137
fröken,tkr,1900,195,195,0,100,0,91612739,2.128524942366367
fröken,tkr,1910,719,719,0,100,0,146452973,4.909425771779997
fröken,tkr,1920,2047,2047,0,100,0,129092646,15.856828901004942
fröken,tkr,1930,2798,2798,0,100,0,130093121,21.50767064770473
fröken,tkr,1940,4702,4701,0,100,1,133229745,35.29241912157079
fröken,tkr,1950,16971,16967,0,100,4,134940616,125.76643343617165
fröken,tkr,1960,21501,21496,0,100,5,145935106,147.33260960525837
fröken,tkr,1970,2248,2246,0,100,2,17225518,130.50405799117334
författarinna,kubhist2,1870,974,496,496,100,478,96758392,10.066310320659317
författarinna,kubhist2,1880,8568,8561,8561,100,7,1450309699,5.907703717287213
författarinna,kubhist2,1890,7836,7830,7830,100,6,1037122519,7.555520062909752
författarinna,kubhist2,1900,511,511,511,100,0,77752738,6.572115826969335
författarinna,lb,1620,0,0,0,0,0,12158,0.0
författarinna,lb,1640,0,0,0,0,0,48209,0.0
författarinna,lb,1700,0,0,0,0,0,1796708,0.0
författarinna,lb,1710,0,0,0,0,0,64639,0.0
författarinna,lb,1730,0,0,0,0,0,33381,0.0
författarinna,lb,1740,0,0,0,0,0,47561,0.0
författarinna,lb,1750,0,0,0,0,0,1095966,0.0
författarinna,lb,1760,0,0,0,0,0,24422,0.0
författarinna,lb,1770,0,0,0,0,0,69907,0.0
författarinna,lb,1780,0,0,0,0,0,48621,0.0
författarinna,lb,1790,0,0,0,0,0,789177,0.0
författarinna,lb,1800,0,0,0,0,0,736942,0.0
författarinna,lb,1810,5,5,5,5,0,1369393,3.6512527813418063
författarinna,lb,1820,4,4,4,4,0,842254,4.749161179406688
författarinna,lb,1830,49,49,49,49,0,11653970,4.20457577975574
författarinna,lb,1840,259,259,259,100,0,30985848,8.358654570305774
författarinna,lb,1850,93,92,92,92,1,24055763,3.8660174694936926
författarinna,lb,1860,336,335,335,100,1,30066424,11.17525649209231
författarinna,lb,1870,269,269,269,100,0,34605387,7.773356211852218
författarinna,lb,1880,418,418,418,100,0,55511947,7.529910633471386
författarinna,lb,1890,419,419,419,100,0,62219305,6.734244299257281
författarinna,lb,1900,294,293,293,100,1,24058613,12.220155833588578
författarinna,lb,1910,196,196,196,100,0,20653390,9.48996750654493
författarinna,lb,1920,103,102,102,100,1,19664571,5.237846276941409
författarinna,lb,1930,189,189,189,100,0,16234117,11.642148445770102
författarinna,lb,1940,179,179,179,100,0,4503154,39.749917502266186
författarinna,lb,1950,13,13,13,13,0,737649,17.623558087925286
författarinna,lb,1960,17,17,17,17,0,803051,21.169265712887476
författarinna,lb,1970,0,0,0,0,0,88498,0.0
författarinna,lb,1980,32,32,32,32,0,441715,72.44490225597953
författarinna,lb,1990,0,0,0,0,0,289511,0.0
författarinna,lb,2000,0,0,0,0,0,104933,0.0
författarinna,lb,2010,0,0,0,0,0,355677,0.0
författarinna,lb,2020,1,1,1,1,0,475824,2.101617404754699
författarinna,tkr,1860,0,0,0,0,0,14301457,0.0
författarinna,tkr,1870,9,9,0,9,0,48663079,0.18494514085308905
författarinna,tkr,1880,4,4,0,4,0,45300858,0.08829854834096078
författarinna,tkr,1890,7,7,0,7,0,54990491,0.1272947353752488
författarinna,tkr,1900,33,33,0,33,0,91612739,0.36021191332353897
författarinna,tkr,1910,30,30,0,30,0,146452973,0.20484391259165494
författarinna,tkr,1920,17,17,0,17,0,129092646,0.13168836898733952
författarinna,tkr,1930,14,14,0,14,0,130093121,0.10761522125370487
författarinna,tkr,1940,33,33,0,33,0,133229745,0.24769243534917823
författarinna,tkr,1950,53,53,0,53,0,134940616,0.39276536280225666
författarinna,tkr,1960,25,25,0,25,0,145935106,0.17130902005169338
författarinna,tkr,1970,0,0,0,0,0,17225518,0.0
gammal,kubhist2,1870,56234,27153,27153,100,29081,96758392,581.1795632155606
gammal,kubhist2,1880,998280,30275,30275,100,968005,1450309699,688.3219499175397
gammal,kubhist2,1890,732297,0,0,0,732297,1037122519,706.0853337810902
gammal,kubhist2,1900,57599,0,0,0,57599,77752738,740.7970636352381
gammal,lb,1620,5,0,0,0,5,12158,411.2518506333279
gammal,lb,1640,8,0,0,0,8,48209,165.94411831815637
gammal,lb,1700,841,0,0,0,841,1796708,468.0782853975159
gammal,lb,1710,33,0,0,0,33,64639,510.52769999535883
gammal,lb,1730,8,0,0,0,8,33381,239.65729007519246
gammal,lb,1740,41,0,0,0,41,47561,862.0508399739282
gammal,lb,1750,70,0,0,0,70,1095966,63.87059452574259
gammal,lb,1760,13,0,0,0,13,24422,532.3069363688478
gammal,lb,1770,23,0,0,0,23,69907,329.0085399173187
gammal,lb,1780,17,0,0,0,17,48621,349.6431583060817
gammal,lb,1790,360,0,0,0,360,789177,456.17142922310205
gammal,lb,1800,419,0,0,0,419,736942,568.5657758683858
gammal,lb,1810,929,0,0,0,929,1369393,678.4027667733076
gammal,lb,1820,465,0,0,0,465,842254,552.0899871060274
gammal,lb,1830,9906,0,0,0,9906,11653970,850.0107688624563
gammal,lb,1840,29105,0,0,0,29105,30985848,939.2997732384151
gammal,lb,1850,26027,0,0,0,26027,24055763,1081.9444804141112
gammal,lb,1860,32057,0,0,0,32057,30066424,1066.2059445446523
gammal,lb,1870,41070,0,0,0,41070,34605387,1186.8094409694074
gammal,lb,1880,65173,0,0,0,65173,55511947,1174.035563912035
gammal,lb,1890,70496,0,0,0,70496,62219305,1133.0245492134636
gammal,lb,1900,23861,0,0,0,23861,24058613,991.7861848478132
gammal,lb,1910,19835,0,0,0,19835,20653390,960.3750280220341
gammal,lb,1920,18967,0,0,0,18967,19664571,964.5265081043466
gammal,lb,1930,12122,0,0,0,12122,16234117,746.6990659239427
gammal,lb,1940,4458,0,0,0,4458,4503154,989.9728057268305
gammal,lb,1950,1120,0,0,0,1120,737649,1518.3373121904863
gammal,lb,1960,595,0,0,0,595,803051,740.9242999510616
gammal,lb,1970,30,0,0,0,30,88498,338.99071165450067
gammal,lb,1980,159,0,0,0,159,441715,359.9606080843983
gammal,lb,1990,163,0,0,0,163,289511,563.0183309097064
gammal,lb,2000,80,0,0,0,80,104933,762.391240124651
gammal,lb,2010,738,0,0,0,738,355677,2074.9162864059244
gammal,lb,2020,342,0,0,0,342,475824,718.7531524261071
gammal,tkr,1860,4540,0,0,0,4540,14301457,317.45017308376345
gammal,tkr,1870,14610,0,0,0,14610,48663079,300.2276119848479
gammal,tkr,1880,13330,0,0,0,13330,45300858,294.2549123462518
gammal,tkr,1890,14740,0,0,0,14740,54990491,268.046342775881
gammal,tkr,1900,24568,0,0,0,24568,91612739,268.1723117131123
gammal,tkr,1910,36200,0,0,0,36200,146452973,247.1783211939303
gammal,tkr,1920,34991,0,0,0,34991,129092646,271.05339524917633
gammal,tkr,1930,32416,0,0,0,32416,130093121,249.17535801143552
gammal,tkr,1940,28957,0,0,0,28957,133229745,217.34635910321677
gammal,tkr,1950,31395,0,0,0,31395,134940616,232.65789745616695
gammal,tkr,1960,33775,0,0,0,33775,145935106,231.43848608983777
gammal,tkr,1970,5881,0,0,0,5881,17225518,341.4120840952359
gammal gumma,kubhist2,1870,61,0,0,0,61,96758392,0.6304362726490949
gammal gumma,kubhist2,1880,1907,1906,1906,100,1,1450309699,1.3148915719965821
gammal gumma,kubhist2,1890,1389,1386,1386,100,3,1037122519,1.3392824613810164
gammal gumma,kubhist2,1900,147,147,147,100,0,77752738,1.8906086625528222
gammal gumma,lb,1620,0,0,0,0,0,12158,0.0
gammal gumma,lb,1640,0,0,0,0,0,48209,0.0
gammal gumma,lb,1700,0,0,0,0,0,1796708,0.0
gammal gumma,lb,1710,0,0,0,0,0,64639,0.0
gammal gumma,lb,1730,0,0,0,0,0,33381,0.0
gammal gumma,lb,1740,0,0,0,0,0,47561,0.0
gammal gumma,lb,1750,0,0,0,0,0,1095966,0.0
gammal gumma,lb,1760,0,0,0,0,0,24422,0.0
gammal gumma,lb,1770,0,0,0,0,0,69907,0.0
gammal gumma,lb,1780,0,0,0,0,0,48621,0.0
gammal gumma,lb,1790,2,2,2,2,0,789177,2.5342857179061227
gammal gumma,lb,1800,5,5,5,5,0,736942,6.784794461436586
gammal gumma,lb,1810,0,0,0,0,0,1369393,0.0
gammal gumma,lb,1820,1,1,1,1,0,842254,1.187290294851672
gammal gumma,lb,1830,47,47,47,47,0,11653970,4.032960441806526
gammal gumma,lb,1840,179,179,179,100,0,30985848,5.77683076480592
gammal gumma,lb,1850,107,107,107,100,0,24055763,4.447998593933604
gammal gumma,lb,1860,138,138,138,100,0,30066424,4.589837487823627
gammal gumma,lb,1870,232,232,232,100,0,34605387,6.704158517285185
gammal gumma,lb,1880,315,315,315,100,0,55511947,5.674454185510734
gammal gumma,lb,1890,368,368,368,100,0,62219305,5.9145630122355115
gammal gumma,lb,1900,115,115,115,100,0,24058613,4.779992928104376
gammal gumma,lb,1910,69,69,69,69,0,20653390,3.3408559079163274
gammal gumma,lb,1920,34,34,34,34,0,19664571,1.7289978001554165
gammal gumma,lb,1930,66,66,66,66,0,16234117,4.0655121556657505
gammal gumma,lb,1940,18,18,18,18,0,4503154,3.997198408049114
gammal gumma,lb,1950,1,1,1,1,0,737649,1.3556583144557912
gammal gumma,lb,1960,0,0,0,0,0,803051,0.0
gammal gumma,lb,1970,0,0,0,0,0,88498,0.0
gammal gumma,lb,1980,0,0,0,0,0,441715,0.0
gammal gumma,lb,1990,0,0,0,0,0,289511,0.0
gammal gumma,lb,2000,0,0,0,0,0,104933,0.0
gammal gumma,lb,2010,2,2,2,2,0,355677,5.623079366953725
gammal gumma,lb,2020,0,0,0,0,0,475824,0.0
gammal gumma,tkr,1860,1,1,0,1,0,14301457,0.06992294561316376
gammal gumma,tkr,1870,12,12,0,12,0,48663079,0.24659352113745206
gammal gumma,tkr,1880,7,7,0,7,0,45300858,0.15452245959668137
gammal gumma,tkr,1890,2,2,0,2,0,54990491,0.03636992439292822
gammal gumma,tkr,1900,7,7,0,7,0,91612739,0.0764085876746901
gammal gumma,tkr,1910,10,10,0,10,0,146452973,0.06828130419721831
gammal gumma,tkr,1920,8,8,0,8,0,129092646,0.06197099717051272
gammal gumma,tkr,1930,9,9,0,9,0,130093121,0.06918121366309599
gammal gumma,tkr,1940,4,4,0,4,0,133229745,0.030023325496870087
gammal gumma,tkr,1950,2,2,0,2,0,134940616,0.014821334445368177
gammal gumma,tkr,1960,6,6,0,6,0,145935106,0.041114164812406415
gammal gumma,tkr,1970,0,0,0,0,0,17225518,0.0
gammelmor,kubhist2,1870,0,0,0,0,0,96758392,0.0
gammelmor,kubhist2,1880,0,0,0,0,0,1450309699,0.0
gammelmor,kubhist2,1890,0,0,0,0,0,1037122519,0.0
gammelmor,kubhist2,1900,3,0,0,0,3,77752738,0.038583850256180045
gammelmor,lb,1620,0,0,0,0,0,12158,0.0
gammelmor,lb,1640,0,0,0,0,0,48209,0.0
gammelmor,lb,1700,0,0,0,0,0,1796708,0.0
gammelmor,lb,1710,0,0,0,0,0,64639,0.0
gammelmor,lb,1730,0,0,0,0,0,33381,0.0
gammelmor,lb,1740,0,0,0,0,0,47561,0.0
gammelmor,lb,1750,0,0,0,0,0,1095966,0.0
gammelmor,lb,1760,0,0,0,0,0,24422,0.0
gammelmor,lb,1770,0,0,0,0,0,69907,0.0
gammelmor,lb,1780,0,0,0,0,0,48621,0.0
gammelmor,lb,1790,0,0,0,0,0,789177,0.0
gammelmor,lb,1800,0,0,0,0,0,736942,0.0
gammelmor,lb,1810,0,0,0,0,0,1369393,0.0
gammelmor,lb,1820,0,0,0,0,0,842254,0.0
gammelmor,lb,1830,0,0,0,0,0,11653970,0.0
gammelmor,lb,1840,0,0,0,0,0,30985848,0.0
gammelmor,lb,1850,0,0,0,0,0,24055763,0.0
gammelmor,lb,1860,0,0,0,0,0,30066424,0.0
gammelmor,lb,1870,1,1,1,1,0,34605387,0.028897234988298208
gammelmor,lb,1880,34,34,34,34,0,55511947,0.6124807692297299
gammelmor,lb,1890,61,61,61,61,0,62219305,0.9804031080064298
gammelmor,lb,1900,5,5,5,5,0,24058613,0.20782577948279896
gammelmor,lb,1910,3,3,3,3,0,20653390,0.14525460469201423
gammelmor,lb,1920,7,7,7,7,0,19664571,0.35597013532611516
gammelmor,lb,1930,1,1,1,1,0,16234117,0.06159866902523864
gammelmor,lb,1940,0,0,0,0,0,4503154,0.0
gammelmor,lb,1950,0,0,0,0,0,737649,0.0
gammelmor,lb,1960,0,0,0,0,0,803051,0.0
gammelmor,lb,1970,0,0,0,0,0,88498,0.0
gammelmor,lb,1980,0,0,0,0,0,441715,0.0
gammelmor,lb,1990,0,0,0,0,0,289511,0.0
gammelmor,lb,2000,0,0,0,0,0,104933,0.0
gammelmor,lb,2010,0,0,0,0,0,355677,0.0
gammelmor,lb,2020,0,0,0,0,0,475824,0.0
gammelmor,tkr,1860,0,0,0,0,0,14301457,0.0
gammelmor,tkr,1870,0,0,0,0,0,48663079,0.0
gammelmor,tkr,1880,0,0,0,0,0,45300858,0.0
gammelmor,tkr,1890,0,0,0,0,0,54990491,0.0
gammelmor,tkr,1900,0,0,0,0,0,91612739,0.0
gammelmor,tkr,1910,0,0,0,0,0,146452973,0.0
gammelmor,tkr,1920,0,0,0,0,0,129092646,0.0
gammelmor,tkr,1930,0,0,0,0,0,130093121,0.0
gammelmor,tkr,1940,0,0,0,0,0,133229745,0.0
gammelmor,tkr,1950,0,0,0,0,0,134940616,0.0
gammelmor,tkr,1960,0,0,0,0,0,145935106,0.0
gammelmor,tkr,1970,0,0,0,0,0,17225518,0.0
gemål,kubhist2,1870,758,372,372,100,386,96758392,7.833945814229736
gemål,kubhist2,1880,16420,16417,16417,100,3,1450309699,11.321719775660137
gemål,kubhist2,1890,10916,10911,10911,100,5,1037122519,10.525275268851818
gemål,kubhist2,1900,648,648,648,100,0,77752738,8.33411165533489
gemål,lb,1620,0,0,0,0,0,12158,0.0
gemål,lb,1640,1,0,0,0,1,48209,20.743014789769546
gemål,lb,1700,1,1,1,1,0,1796708,0.5565734665844422
gemål,lb,1710,1,1,1,1,0,64639,15.470536363495722
gemål,lb,1730,0,0,0,0,0,33381,0.0
gemål,lb,1740,0,0,0,0,0,47561,0.0
gemål,lb,1750,11,11,11,11,0,1095966,10.036807711188121
gemål,lb,1760,0,0,0,0,0,24422,0.0
gemål,lb,1770,0,0,0,0,0,69907,0.0
gemål,lb,1780,1,1,1,1,0,48621,20.567244606240102
gemål,lb,1790,9,9,9,9,0,789177,11.40428573057755
gemål,lb,1800,13,13,13,13,0,736942,17.640465599735123
gemål,lb,1810,13,13,13,13,0,1369393,9.493257231488696
gemål,lb,1820,49,49,49,49,0,842254,58.177224447731916
gemål,lb,1830,325,325,325,100,0,11653970,27.887492416747254
gemål,lb,1840,2089,2089,2089,100,0,30985848,67.4178741211149
gemål,lb,1850,796,796,796,100,0,24055763,33.08978393244064
gemål,lb,1860,1428,1426,1426,100,2,30066424,47.49484009139231
gemål,lb,1870,1137,1137,1137,100,0,34605387,32.85615618169506
gemål,lb,1880,1121,1121,1121,100,0,55511947,20.193851244309627
gemål,lb,1890,2255,2255,2255,100,0,62219305,36.24277063204097
gemål,lb,1900,553,552,552,100,1,24058613,22.985531210797564
gemål,lb,1910,186,186,186,100,0,20653390,9.005785490904882
gemål,lb,1920,232,232,232,100,0,19664571,11.79786734223696
gemål,lb,1930,98,98,98,98,0,16234117,6.036669564473386
gemål,lb,1940,46,46,46,46,0,4503154,10.215062598347735
gemål,lb,1950,3,3,3,3,0,737649,4.066974943367374
gemål,lb,1960,2,2,2,2,0,803051,2.490501848574997
gemål,lb,1970,0,0,0,0,0,88498,0.0
gemål,lb,1980,0,0,0,0,0,441715,0.0
gemål,lb,1990,0,0,0,0,0,289511,0.0
gemål,lb,2000,0,0,0,0,0,104933,0.0
gemål,lb,2010,2,2,2,2,0,355677,5.623079366953725
gemål,lb,2020,0,0,0,0,0,475824,0.0
gemål,tkr,1860,13,13,0,13,0,14301457,0.9089982929711288
gemål,tkr,1870,46,46,0,46,0,48663079,0.945275164360233
gemål,tkr,1880,38,38,0,38,0,45300858,0.8388362092391274
gemål,tkr,1890,7,7,0,7,0,54990491,0.1272947353752488
gemål,tkr,1900,14,14,0,14,0,91612739,0.1528171753493802
gemål,tkr,1910,22,22,0,22,0,146452973,0.15021886923388028
gemål,tkr,1920,54,54,0,54,0,129092646,0.41830423090096086
gemål,tkr,1930,27,27,0,27,0,130093121,0.207543640989288
gemål,tkr,1940,2,2,0,2,0,133229745,0.015011662748435043
gemål,tkr,1950,4,4,0,4,0,134940616,0.029642668890736353
gemål,tkr,1960,5,5,0,5,0,145935106,0.034261804010338674
gemål,tkr,1970,0,0,0,0,0,17225518,0.0
grevinna,kubhist2,1870,8,5,5,5,3,96758392,0.08268016690479933
grevinna,kubhist2,1880,85,85,85,85,0,1450309699,0.058608171798484265
grevinna,kubhist2,1890,85,85,85,85,0,1037122519,0.08195753003411547
grevinna,kubhist2,1900,6,6,6,6,0,77752738,0.07716770051236009
grevinna,lb,1620,0,0,0,0,0,12158,0.0
grevinna,lb,1640,0,0,0,0,0,48209,0.0
grevinna,lb,1700,0,0,0,0,0,1796708,0.0
grevinna,lb,1710,0,0,0,0,0,64639,0.0
grevinna,lb,1730,0,0,0,0,0,33381,0.0
grevinna,lb,1740,0,0,0,0,0,47561,0.0
grevinna,lb,1750,0,0,0,0,0,1095966,0.0
grevinna,lb,1760,0,0,0,0,0,24422,0.0
grevinna,lb,1770,0,0,0,0,0,69907,0.0
grevinna,lb,1780,0,0,0,0,0,48621,0.0
grevinna,lb,1790,0,0,0,0,0,789177,0.0
grevinna,lb,1800,0,0,0,0,0,736942,0.0
grevinna,lb,1810,0,0,0,0,0,1369393,0.0
grevinna,lb,1820,0,0,0,0,0,842254,0.0
grevinna,lb,1830,4,4,4,4,0,11653970,0.34323067589842776
grevinna,lb,1840,2,2,2,2,0,30985848,0.06454559513749632
grevinna,lb,1850,0,0,0,0,0,24055763,0.0
grevinna,lb,1860,5,5,5,5,0,30066424,0.1662984597037546
grevinna,lb,1870,4,4,4,4,0,34605387,0.11558893995319283
grevinna,lb,1880,1,1,1,1,0,55511947,0.018014140271462645
grevinna,lb,1890,7,7,7,7,0,62219305,0.11250527468926244
grevinna,lb,1900,59,59,59,59,0,24058613,2.4523441978970277
grevinna,lb,1910,731,731,731,100,0,20653390,35.39370534328747
grevinna,lb,1920,1573,1573,1573,100,0,19664571,79.9915746954256
grevinna,lb,1930,1931,1931,1931,100,0,16234117,118.94702988773581
grevinna,lb,1940,36,36,36,36,0,4503154,7.994396816098228
grevinna,lb,1950,1,1,1,1,0,737649,1.3556583144557912
grevinna,lb,1960,8,8,8,8,0,803051,9.962007394299988
grevinna,lb,1970,2,2,2,2,0,88498,22.59938077696671
grevinna,lb,1980,1,1,1,1,0,441715,2.2639031954993603
grevinna,lb,1990,0,0,0,0,0,289511,0.0
grevinna,lb,2000,1,1,1,1,0,104933,9.529890501558137
grevinna,lb,2010,2,2,2,2,0,355677,5.623079366953725
grevinna,lb,2020,7,7,7,7,0,475824,14.711321833282895
grevinna,tkr,1860,0,0,0,0,0,14301457,0.0
grevinna,tkr,1870,0,0,0,0,0,48663079,0.0
grevinna,tkr,1880,0,0,0,0,0,45300858,0.0
grevinna,tkr,1890,0,0,0,0,0,54990491,0.0
grevinna,tkr,1900,1,1,0,1,0,91612739,0.010915512524955727
grevinna,tkr,1910,9,9,0,9,0,146452973,0.06145317377749648
grevinna,tkr,1920,87,87,0,87,0,129092646,0.6739345942293258
grevinna,tkr,1930,3,3,0,3,0,130093121,0.02306040455436533
grevinna,tkr,1940,9,9,0,9,0,133229745,0.06755248236795769
grevinna,tkr,1950,4,4,0,4,0,134940616,0.029642668890736353
grevinna,tkr,1960,2,2,0,2,0,145935106,0.01370472160413547
grevinna,tkr,1970,5,5,0,5,0,17225518,0.2902670328985172
gumma,kubhist2,1870,824,394,394,100,430,96758392,8.516057191194331
gumma,kubhist2,1880,31171,31164,31164,100,7,1450309699,21.492650860359447
gumma,kubhist2,1890,22710,22708,22708,100,2,1037122519,21.897123612644265
gumma,kubhist2,1900,1668,1668,1668,100,0,77752738,21.452620742436107
gumma,lb,1620,0,0,0,0,0,12158,0.0
gumma,lb,1640,0,0,0,0,0,48209,0.0
gumma,lb,1700,0,0,0,0,0,1796708,0.0
gumma,lb,1710,0,0,0,0,0,64639,0.0
gumma,lb,1730,0,0,0,0,0,33381,0.0
gumma,lb,1740,0,0,0,0,0,47561,0.0
gumma,lb,1750,10,10,10,10,0,1095966,9.124370646534656
gumma,lb,1760,1,1,1,1,0,24422,40.94668741298829
gumma,lb,1770,1,1,1,1,0,69907,14.304719126839945
gumma,lb,1780,0,0,0,0,0,48621,0.0
gumma,lb,1790,10,10,10,10,0,789177,12.671428589530612
gumma,lb,1800,40,40,40,40,0,736942,54.278355691492685
gumma,lb,1810,66,66,66,66,0,1369393,48.19653671371184
gumma,lb,1820,68,68,68,68,0,842254,80.73574004991369
gumma,lb,1830,1064,1063,1063,100,1,11653970,91.29935978898177
gumma,lb,1840,3912,3912,3912,100,0,30985848,126.2511840889428
gumma,lb,1850,2923,2920,2920,100,3,24055763,121.50934476698993
gumma,lb,1860,4225,4223,4223,100,2,30066424,140.52219844967263
gumma,lb,1870,4481,4480,4480,100,1,34605387,129.48850998256427
gumma,lb,1880,6903,6903,6903,100,0,55511947,124.35161029390665
gumma,lb,1890,7298,7295,7295,100,3,62219305,117.29478495460533
gumma,lb,1900,1604,1604,1604,100,0,24058613,66.6705100580819
gumma,lb,1910,1374,1373,1373,100,1,20653390,66.52660894894252
gumma,lb,1920,1244,1243,1243,100,1,19664571,63.26097833509818
gumma,lb,1930,781,781,781,100,0,16234117,48.10856050871138
gumma,lb,1940,231,231,231,100,0,4503154,51.29737956996363
gumma,lb,1950,47,47,47,47,0,737649,63.71594077942219
gumma,lb,1960,4,4,4,4,0,803051,4.981003697149994
gumma,lb,1970,1,1,1,1,0,88498,11.299690388483356
gumma,lb,1980,5,5,5,5,0,441715,11.319515977496803
gumma,lb,1990,1,1,1,1,0,289511,3.4541001896301005
gumma,lb,2000,10,10,10,10,0,104933,95.29890501558137
gumma,lb,2010,14,14,14,14,0,355677,39.361555568676074
gumma,lb,2020,1,1,1,1,0,475824,2.101617404754699
gumma,tkr,1860,11,11,0,11,0,14301457,0.7691524017448013
gumma,tkr,1870,34,34,0,34,0,48663079,0.6986816432227809
gumma,tkr,1880,49,49,0,49,0,45300858,1.0816572171767695
gumma,tkr,1890,26,26,0,26,0,54990491,0.47280901710806694
gumma,tkr,1900,51,51,0,51,0,91612739,0.5566911387727421
gumma,tkr,1910,73,73,0,73,0,146452973,0.49845352063969367
gumma,tkr,1920,61,61,0,61,0,129092646,0.4725288534251595
gumma,tkr,1930,54,54,0,54,0,130093121,0.415087281978576
gumma,tkr,1940,37,37,0,37,0,133229745,0.2777157608460483
gumma,tkr,1950,47,47,0,47,0,134940616,0.34830135946615215
gumma,tkr,1960,38,38,0,38,0,145935106,0.26038971047857395
gumma,tkr,1970,1,1,0,1,0,17225518,0.05805340657970344
guvernant,kubhist2,1870,545,286,286,100,259,96758392,5.632586370389454
guvernant,kubhist2,1880,5915,5913,5913,100,2,1450309699,4.0784392492709935
guvernant,kubhist2,1890,3512,3510,3510,100,2,1037122519,3.3862922997625122
guvernant,kubhist2,1900,144,144,144,100,0,77752738,1.8520248122966423
guvernant,lb,1620,0,0,0,0,0,12158,0.0
guvernant,lb,1640,0,0,0,0,0,48209,0.0
guvernant,lb,1700,0,0,0,0,0,1796708,0.0
guvernant,lb,1710,0,0,0,0,0,64639,0.0
guvernant,lb,1730,0,0,0,0,0,33381,0.0
guvernant,lb,1740,0,0,0,0,0,47561,0.0
guvernant,lb,1750,0,0,0,0,0,1095966,0.0
guvernant,lb,1760,0,0,0,0,0,24422,0.0
guvernant,lb,1770,0,0,0,0,0,69907,0.0
guvernant,lb,1780,0,0,0,0,0,48621,0.0
guvernant,lb,1790,0,0,0,0,0,789177,0.0
guvernant,lb,1800,0,0,0,0,0,736942,0.0
guvernant,lb,1810,4,4,4,4,0,1369393,2.921002225073445
guvernant,lb,1820,0,0,0,0,0,842254,0.0
guvernant,lb,1830,117,117,117,100,0,11653970,10.039497270029011
guvernant,lb,1840,360,360,360,100,0,30985848,11.618207124749338
guvernant,lb,1850,416,416,416,100,0,24055763,17.293153411928774
guvernant,lb,1860,405,404,404,100,1,30066424,13.470175236004122
guvernant,lb,1870,447,447,447,100,0,34605387,12.917064039769299
guvernant,lb,1880,627,626,626,100,1,55511947,11.294865950207079
guvernant,lb,1890,530,530,530,100,0,62219305,8.518256512187014
guvernant,lb,1900,131,131,131,100,0,24058613,5.445035422449332
guvernant,lb,1910,143,143,143,100,0,20653390,6.923802823652679
guvernant,lb,1920,53,53,53,53,0,19664571,2.6952024531834433
guvernant,lb,1930,34,34,34,34,0,16234117,2.0943547468581136
guvernant,lb,1940,36,36,36,36,0,4503154,7.994396816098228
guvernant,lb,1950,1,1,1,1,0,737649,1.3556583144557912
guvernant,lb,1960,1,1,1,1,0,803051,1.2452509242874985
guvernant,lb,1970,0,0,0,0,0,88498,0.0
guvernant,lb,1980,1,1,1,1,0,441715,2.2639031954993603
guvernant,lb,1990,0,0,0,0,0,289511,0.0
guvernant,lb,2000,0,0,0,0,0,104933,0.0
guvernant,lb,2010,3,3,3,3,0,355677,8.434619050430587
guvernant,lb,2020,1,1,1,1,0,475824,2.101617404754699
guvernant,tkr,1860,2,2,0,2,0,14301457,0.1398458912263275
guvernant,tkr,1870,5,5,0,5,0,48663079,0.10274730047393836
guvernant,tkr,1880,2,2,0,2,0,45300858,0.04414927417048039
guvernant,tkr,1890,3,3,0,3,0,54990491,0.05455488658939234
guvernant,tkr,1900,11,11,0,11,0,91612739,0.120070637774513
guvernant,tkr,1910,6,6,0,6,0,146452973,0.040968782518330984
guvernant,tkr,1920,2,2,0,2,0,129092646,0.01549274929262818
guvernant,tkr,1930,4,4,0,4,0,130093121,0.030747206072487106
guvernant,tkr,1940,1,1,0,1,0,133229745,0.007505831374217522
guvernant,tkr,1950,0,0,0,0,0,134940616,0.0
guvernant,tkr,1960,2,2,0,2,0,145935106,0.01370472160413547
guvernant,tkr,1970,0,0,0,0,0,17225518,0.0
hennes,kubhist2,1870,0,0,0,0,0,96758392,0.0
hennes,kubhist2,1880,0,0,0,0,0,1450309699,0.0
hennes,kubhist2,1890,0,0,0,0,0,1037122519,0.0
hennes,kubhist2,1900,0,0,0,0,0,77752738,0.0
hennes,lb,1620,0,0,0,0,0,12158,0.0
hennes,lb,1640,0,0,0,0,0,48209,0.0
hennes,lb,1700,0,0,0,0,0,1796708,0.0
hennes,lb,1710,0,0,0,0,0,64639,0.0
hennes,lb,1730,0,0,0,0,0,33381,0.0
hennes,lb,1740,0,0,0,0,0,47561,0.0
hennes,lb,1750,0,0,0,0,0,1095966,0.0
hennes,lb,1760,0,0,0,0,0,24422,0.0
hennes,lb,1770,0,0,0,0,0,69907,0.0
hennes,lb,1780,0,0,0,0,0,48621,0.0
hennes,lb,1790,0,0,0,0,0,789177,0.0
hennes,lb,1800,0,0,0,0,0,736942,0.0
hennes,lb,1810,0,0,0,0,0,1369393,0.0
hennes,lb,1820,11,11,11,11,0,842254,13.06019324336839
hennes,lb,1830,0,0,0,0,0,11653970,0.0
hennes,lb,1840,0,0,0,0,0,30985848,0.0
hennes,lb,1850,1,1,1,1,0,24055763,0.04157008031713648
hennes,lb,1860,0,0,0,0,0,30066424,0.0
hennes,lb,1870,1,1,1,1,0,34605387,0.028897234988298208
hennes,lb,1880,0,0,0,0,0,55511947,0.0
hennes,lb,1890,1,1,1,1,0,62219305,0.016072182098466063
hennes,lb,1900,0,0,0,0,0,24058613,0.0
hennes,lb,1910,1,1,1,1,0,20653390,0.04841820156400475
hennes,lb,1920,0,0,0,0,0,19664571,0.0
hennes,lb,1930,0,0,0,0,0,16234117,0.0
hennes,lb,1940,0,0,0,0,0,4503154,0.0
hennes,lb,1950,0,0,0,0,0,737649,0.0
hennes,lb,1960,0,0,0,0,0,803051,0.0
hennes,lb,1970,0,0,0,0,0,88498,0.0
hennes,lb,1980,0,0,0,0,0,441715,0.0
hennes,lb,1990,0,0,0,0,0,289511,0.0
hennes,lb,2000,0,0,0,0,0,104933,0.0
hennes,lb,2010,0,0,0,0,0,355677,0.0
hennes,lb,2020,0,0,0,0,0,475824,0.0
hennes,tkr,1860,0,0,0,0,0,14301457,0.0
hennes,tkr,1870,0,0,0,0,0,48663079,0.0
hennes,tkr,1880,0,0,0,0,0,45300858,0.0
hennes,tkr,1890,0,0,0,0,0,54990491,0.0
hennes,tkr,1900,0,0,0,0,0,91612739,0.0
hennes,tkr,1910,0,0,0,0,0,146452973,0.0
hennes,tkr,1920,0,0,0,0,0,129092646,0.0
hennes,tkr,1930,0,0,0,0,0,130093121,0.0
hennes,tkr,1940,0,0,0,0,0,133229745,0.0
hennes,tkr,1950,0,0,0,0,0,134940616,0.0
hennes,tkr,1960,0,0,0,0,0,145935106,0.0
hennes,tkr,1970,0,0,0,0,0,17225518,0.0
hertiginna,kubhist2,1870,701,434,434,100,267,96758392,7.244849625033041
hertiginna,kubhist2,1880,13525,13519,13519,100,6,1450309699,9.325594394994114
hertiginna,kubhist2,1890,10021,10017,10017,100,4,1037122519,9.662310687904368
hertiginna,kubhist2,1900,1337,1336,1336,100,1,77752738,17.195535930837575
hertiginna,lb,1620,0,0,0,0,0,12158,0.0
hertiginna,lb,1640,0,0,0,0,0,48209,0.0
hertiginna,lb,1700,0,0,0,0,0,1796708,0.0
hertiginna,lb,1710,0,0,0,0,0,64639,0.0
hertiginna,lb,1730,1,1,1,1,0,33381,29.957161259399058
hertiginna,lb,1740,0,0,0,0,0,47561,0.0
hertiginna,lb,1750,0,0,0,0,0,1095966,0.0
hertiginna,lb,1760,0,0,0,0,0,24422,0.0
hertiginna,lb,1770,0,0,0,0,0,69907,0.0
hertiginna,lb,1780,0,0,0,0,0,48621,0.0
hertiginna,lb,1790,0,0,0,0,0,789177,0.0
hertiginna,lb,1800,1,1,1,1,0,736942,1.356958892287317
hertiginna,lb,1810,7,7,7,7,0,1369393,5.111753893878529
hertiginna,lb,1820,9,9,9,9,0,842254,10.685612653665046
hertiginna,lb,1830,67,66,66,66,1,11653970,5.749113821298665
hertiginna,lb,1840,792,792,792,100,0,30985848,25.56005567444854
hertiginna,lb,1850,581,581,581,100,0,24055763,24.152216664256294
hertiginna,lb,1860,244,243,243,100,1,30066424,8.115364833543223
hertiginna,lb,1870,473,473,473,100,0,34605387,13.668392149465053
hertiginna,lb,1880,357,357,357,100,0,55511947,6.431048076912164
hertiginna,lb,1890,952,951,951,100,1,62219305,15.300717357739693
hertiginna,lb,1900,569,569,569,100,0,24058613,23.65057370514252
hertiginna,lb,1910,172,172,172,100,0,20653390,8.327930669008817
hertiginna,lb,1920,408,408,408,100,0,19664571,20.747973601865
hertiginna,lb,1930,208,208,208,100,0,16234117,12.812523157249636
hertiginna,lb,1940,25,25,25,25,0,4503154,5.5516644556237695
hertiginna,lb,1950,0,0,0,0,0,737649,0.0
hertiginna,lb,1960,3,3,3,3,0,803051,3.7357527728624955
hertiginna,lb,1970,0,0,0,0,0,88498,0.0
hertiginna,lb,1980,1,1,1,1,0,441715,2.2639031954993603
hertiginna,lb,1990,0,0,0,0,0,289511,0.0
hertiginna,lb,2000,0,0,0,0,0,104933,0.0
hertiginna,lb,2010,0,0,0,0,0,355677,0.0
hertiginna,lb,2020,8,8,8,8,0,475824,16.812939238037593
hertiginna,tkr,1860,1,1,0,1,0,14301457,0.06992294561316376
hertiginna,tkr,1870,97,97,0,97,0,48663079,1.9932976291944042
hertiginna,tkr,1880,32,32,0,32,0,45300858,0.7063883867276862
hertiginna,tkr,1890,29,29,0,29,0,54990491,0.5273639036974592
hertiginna,tkr,1900,51,51,0,51,0,91612739,0.5566911387727421
hertiginna,tkr,1910,42,42,0,42,0,146452973,0.2867814776283169
hertiginna,tkr,1920,11,11,0,11,0,129092646,0.08521012110945499
hertiginna,tkr,1930,5,5,0,5,0,130093121,0.03843400759060889
hertiginna,tkr,1940,82,82,0,82,0,133229745,0.6154781726858368
hertiginna,tkr,1950,192,192,0,100,0,134940616,1.422848106755345
hertiginna,tkr,1960,101,101,0,100,0,145935106,0.6920884410088413
hertiginna,tkr,1970,8,8,0,8,0,17225518,0.4644272526376275
hjältinna,kubhist2,1870,9,8,8,8,1,96758392,0.09301518776789924
hjältinna,kubhist2,1880,218,218,218,100,0,1450309699,0.15031272296552434
hjältinna,kubhist2,1890,744,741,741,100,3,1037122519,0.7173694393574342
hjältinna,kubhist2,1900,85,85,85,85,0,77752738,1.093209090591768
hjältinna,lb,1620,0,0,0,0,0,12158,0.0
hjältinna,lb,1640,0,0,0,0,0,48209,0.0
hjältinna,lb,1700,0,0,0,0,0,1796708,0.0
hjältinna,lb,1710,1,1,1,1,0,64639,15.470536363495722
hjältinna,lb,1730,0,0,0,0,0,33381,0.0
hjältinna,lb,1740,0,0,0,0,0,47561,0.0
hjältinna,lb,1750,0,0,0,0,0,1095966,0.0
hjältinna,lb,1760,0,0,0,0,0,24422,0.0
hjältinna,lb,1770,0,0,0,0,0,69907,0.0
hjältinna,lb,1780,0,0,0,0,0,48621,0.0
hjältinna,lb,1790,0,0,0,0,0,789177,0.0
hjältinna,lb,1800,0,0,0,0,0,736942,0.0
hjältinna,lb,1810,0,0,0,0,0,1369393,0.0
hjältinna,lb,1820,0,0,0,0,0,842254,0.0
hjältinna,lb,1830,0,0,0,0,0,11653970,0.0
hjältinna,lb,1840,0,0,0,0,0,30985848,0.0
hjältinna,lb,1850,0,0,0,0,0,24055763,0.0
hjältinna,lb,1860,0,0,0,0,0,30066424,0.0
hjältinna,lb,1870,1,1,1,1,0,34605387,0.028897234988298208
hjältinna,lb,1880,21,21,21,21,0,55511947,0.37829694570071554
hjältinna,lb,1890,149,149,149,100,0,62219305,2.3947551326714436
hjältinna,lb,1900,77,77,77,77,0,24058613,3.200517004035104
hjältinna,lb,1910,88,88,88,88,0,20653390,4.260801737632418
hjältinna,lb,1920,55,55,55,55,0,19664571,2.7969082061337622
hjältinna,lb,1930,100,100,100,100,0,16234117,6.159866902523864
hjältinna,lb,1940,34,34,34,34,0,4503154,7.550263659648326
hjältinna,lb,1950,3,3,3,3,0,737649,4.066974943367374
hjältinna,lb,1960,2,2,2,2,0,803051,2.490501848574997
hjältinna,lb,1970,0,0,0,0,0,88498,0.0
hjältinna,lb,1980,0,0,0,0,0,441715,0.0
hjältinna,lb,1990,6,6,6,6,0,289511,20.724601137780603
hjältinna,lb,2000,0,0,0,0,0,104933,0.0
hjältinna,lb,2010,2,2,2,2,0,355677,5.623079366953725
hjältinna,lb,2020,0,0,0,0,0,475824,0.0
hjältinna,tkr,1860,0,0,0,0,0,14301457,0.0
hjältinna,tkr,1870,0,0,0,0,0,48663079,0.0
hjältinna,tkr,1880,0,0,0,0,0,45300858,0.0
hjältinna,tkr,1890,0,0,0,0,0,54990491,0.0
hjältinna,tkr,1900,1,1,0,1,0,91612739,0.010915512524955727
hjältinna,tkr,1910,6,6,0,6,0,146452973,0.040968782518330984
hjältinna,tkr,1920,1,1,0,1,0,129092646,0.00774637464631409
hjältinna,tkr,1930,5,5,0,5,0,130093121,0.03843400759060889
hjältinna,tkr,1940,2,2,0,2,0,133229745,0.015011662748435043
hjältinna,tkr,1950,4,4,0,4,0,134940616,0.029642668890736353
hjältinna,tkr,1960,0,0,0,0,0,145935106,0.0
hjältinna,tkr,1970,1,1,0,1,0,17225518,0.05805340657970344
hjärtevän,kubhist2,1870,0,0,0,0,0,96758392,0.0
hjärtevän,kubhist2,1880,45,45,45,45,0,1450309699,0.031027855658021082
hjärtevän,kubhist2,1890,112,112,112,100,0,1037122519,0.10799109839789334
hjärtevän,kubhist2,1900,43,43,43,43,0,77752738,0.5530351870052473
hjärtevän,lb,1620,0,0,0,0,0,12158,0.0
hjärtevän,lb,1640,0,0,0,0,0,48209,0.0
hjärtevän,lb,1700,0,0,0,0,0,1796708,0.0
hjärtevän,lb,1710,0,0,0,0,0,64639,0.0
hjärtevän,lb,1730,0,0,0,0,0,33381,0.0
hjärtevän,lb,1740,0,0,0,0,0,47561,0.0
hjärtevän,lb,1750,0,0,0,0,0,1095966,0.0
hjärtevän,lb,1760,0,0,0,0,0,24422,0.0
hjärtevän,lb,1770,0,0,0,0,0,69907,0.0
hjärtevän,lb,1780,0,0,0,0,0,48621,0.0
hjärtevän,lb,1790,0,0,0,0,0,789177,0.0
hjärtevän,lb,1800,0,0,0,0,0,736942,0.0
hjärtevän,lb,1810,0,0,0,0,0,1369393,0.0
hjärtevän,lb,1820,0,0,0,0,0,842254,0.0
hjärtevän,lb,1830,1,1,1,1,0,11653970,0.08580766897460694
hjärtevän,lb,1840,0,0,0,0,0,30985848,0.0
hjärtevän,lb,1850,0,0,0,0,0,24055763,0.0
hjärtevän,lb,1860,0,0,0,0,0,30066424,0.0
hjärtevän,lb,1870,1,1,1,1,0,34605387,0.028897234988298208
hjärtevän,lb,1880,24,24,24,24,0,55511947,0.4323393665151035
hjärtevän,lb,1890,88,88,88,88,0,62219305,1.4143520246650136
hjärtevän,lb,1900,42,42,42,42,0,24058613,1.7457365476555111
hjärtevän,lb,1910,29,29,29,29,0,20653390,1.4041278453561377
hjärtevän,lb,1920,17,17,17,17,0,19664571,0.8644989000777082
hjärtevän,lb,1930,5,5,5,5,0,16234117,0.3079933451261932
hjärtevän,lb,1940,0,0,0,0,0,4503154,0.0
hjärtevän,lb,1950,0,0,0,0,0,737649,0.0
hjärtevän,lb,1960,0,0,0,0,0,803051,0.0
hjärtevän,lb,1970,0,0,0,0,0,88498,0.0
hjärtevän,lb,1980,0,0,0,0,0,441715,0.0
hjärtevän,lb,1990,0,0,0,0,0,289511,0.0
hjärtevän,lb,2000,0,0,0,0,0,104933,0.0
hjärtevän,lb,2010,0,0,0,0,0,355677,0.0
hjärtevän,lb,2020,0,0,0,0,0,475824,0.0
hjärtevän,tkr,1860,0,0,0,0,0,14301457,0.0
hjärtevän,tkr,1870,0,0,0,0,0,48663079,0.0
hjärtevän,tkr,1880,0,0,0,0,0,45300858,0.0
hjärtevän,tkr,1890,0,0,0,0,0,54990491,0.0
hjärtevän,tkr,1900,0,0,0,0,0,91612739,0.0
hjärtevän,tkr,1910,0,0,0,0,0,146452973,0.0
hjärtevän,tkr,1920,0,0,0,0,0,129092646,0.0
hjärtevän,tkr,1930,0,0,0,0,0,130093121,0.0
hjärtevän,tkr,1940,0,0,0,0,0,133229745,0.0
hjärtevän,tkr,1950,0,0,0,0,0,134940616,0.0
hjärtevän,tkr,1960,0,0,0,0,0,145935106,0.0
hjärtevän,tkr,1970,0,0,0,0,0,17225518,0.0
hona,kubhist2,1870,221,112,112,100,109,96758392,2.2840396107450815
hona,kubhist2,1880,4933,4933,4933,100,0,1450309699,3.401342488022622
hona,kubhist2,1890,2917,2917,2917,100,0,1037122519,2.812589589523704
hona,kubhist2,1900,283,283,283,100,0,77752738,3.639743207499651
hona,lb,1620,0,0,0,0,0,12158,0.0
hona,lb,1640,0,0,0,0,0,48209,0.0
hona,lb,1700,0,0,0,0,0,1796708,0.0
hona,lb,1710,0,0,0,0,0,64639,0.0
hona,lb,1730,0,0,0,0,0,33381,0.0
hona,lb,1740,0,0,0,0,0,47561,0.0
hona,lb,1750,0,0,0,0,0,1095966,0.0
hona,lb,1760,1,1,1,1,0,24422,40.94668741298829
hona,lb,1770,1,1,1,1,0,69907,14.304719126839945
hona,lb,1780,0,0,0,0,0,48621,0.0
hona,lb,1790,2,2,2,2,0,789177,2.5342857179061227
hona,lb,1800,4,4,4,4,0,736942,5.427835569149268
hona,lb,1810,3,3,3,3,0,1369393,2.190751668805084
hona,lb,1820,5,5,5,5,0,842254,5.936451474258359
hona,lb,1830,100,100,100,100,0,11653970,8.580766897460693
hona,lb,1840,252,252,252,100,0,30985848,8.132744987324536
hona,lb,1850,67,67,67,67,0,24055763,2.785195381248144
hona,lb,1860,157,157,157,100,0,30066424,5.221771634697895
hona,lb,1870,206,206,206,100,0,34605387,5.952830407589431
hona,lb,1880,304,304,304,100,0,55511947,5.476298642524644
hona,lb,1890,280,280,280,100,0,62219305,4.500210987570497
hona,lb,1900,64,64,64,64,0,24058613,2.6601699773798266
hona,lb,1910,103,103,103,100,0,20653390,4.987074761092489
hona,lb,1920,126,126,126,100,0,19664571,6.407462435870073
hona,lb,1930,36,36,36,36,0,16234117,2.217552084908591
hona,lb,1940,17,17,17,17,0,4503154,3.775131829824163
hona,lb,1950,8,8,8,8,0,737649,10.84526651564633
hona,lb,1960,3,3,3,3,0,803051,3.7357527728624955
hona,lb,1970,0,0,0,0,0,88498,0.0
hona,lb,1980,2,2,2,2,0,441715,4.5278063909987205
hona,lb,1990,0,0,0,0,0,289511,0.0
hona,lb,2000,0,0,0,0,0,104933,0.0
hona,lb,2010,1,1,1,1,0,355677,2.8115396834768625
hona,lb,2020,0,0,0,0,0,475824,0.0
hona,tkr,1860,5,5,0,5,0,14301457,0.3496147280658187
hona,tkr,1870,14,14,0,14,0,48663079,0.2876924413270274
hona,tkr,1880,8,8,0,8,0,45300858,0.17659709668192156
hona,tkr,1890,26,26,0,26,0,54990491,0.47280901710806694
hona,tkr,1900,34,34,0,34,0,91612739,0.37112742584849473
hona,tkr,1910,25,25,0,25,0,146452973,0.17070326049304577
hona,tkr,1920,22,22,0,22,0,129092646,0.17042024221890997
hona,tkr,1930,38,38,0,38,0,130093121,0.2920984576886275
hona,tkr,1940,12,12,0,12,0,133229745,0.09006997649061026
hona,tkr,1950,10,10,0,10,0,134940616,0.07410667222684088
hona,tkr,1960,32,32,0,32,0,145935106,0.21927554566616753
hona,tkr,1970,2,2,0,2,0,17225518,0.11610681315940688
honkön,kubhist2,1870,0,0,0,0,0,96758392,0.0
honkön,kubhist2,1880,38,38,38,38,0,1450309699,0.026201300333440022
honkön,kubhist2,1890,37,37,37,37,0,1037122519,0.03567563072073262
honkön,kubhist2,1900,6,6,6,6,0,77752738,0.07716770051236009
honkön,lb,1620,0,0,0,0,0,12158,0.0
honkön,lb,1640,0,0,0,0,0,48209,0.0
honkön,lb,1700,0,0,0,0,0,1796708,0.0
honkön,lb,1710,0,0,0,0,0,64639,0.0
honkön,lb,1730,0,0,0,0,0,33381,0.0
honkön,lb,1740,0,0,0,0,0,47561,0.0
honkön,lb,1750,0,0,0,0,0,1095966,0.0
honkön,lb,1760,0,0,0,0,0,24422,0.0
honkön,lb,1770,0,0,0,0,0,69907,0.0
honkön,lb,1780,0,0,0,0,0,48621,0.0
honkön,lb,1790,0,0,0,0,0,789177,0.0
honkön,lb,1800,0,0,0,0,0,736942,0.0
honkön,lb,1810,0,0,0,0,0,1369393,0.0
honkön,lb,1820,0,0,0,0,0,842254,0.0
honkön,lb,1830,0,0,0,0,0,11653970,0.0
honkön,lb,1840,0,0,0,0,0,30985848,0.0
honkön,lb,1850,1,1,1,1,0,24055763,0.04157008031713648
honkön,lb,1860,2,2,2,2,0,30066424,0.06651938388150183
honkön,lb,1870,0,0,0,0,0,34605387,0.0
honkön,lb,1880,0,0,0,0,0,55511947,0.0
honkön,lb,1890,2,2,2,2,0,62219305,0.032144364196932125
honkön,lb,1900,2,2,2,2,0,24058613,0.08313031179311958
honkön,lb,1910,4,4,4,4,0,20653390,0.193672806256019
honkön,lb,1920,0,0,0,0,0,19664571,0.0
honkön,lb,1930,1,1,1,1,0,16234117,0.06159866902523864
honkön,lb,1940,0,0,0,0,0,4503154,0.0
honkön,lb,1950,0,0,0,0,0,737649,0.0
honkön,lb,1960,0,0,0,0,0,803051,0.0
honkön,lb,1970,0,0,0,0,0,88498,0.0
honkön,lb,1980,0,0,0,0,0,441715,0.0
honkön,lb,1990,0,0,0,0,0,289511,0.0
honkön,lb,2000,0,0,0,0,0,104933,0.0
honkön,lb,2010,0,0,0,0,0,355677,0.0
honkön,lb,2020,0,0,0,0,0,475824,0.0
honkön,tkr,1860,2,2,0,2,0,14301457,0.1398458912263275
honkön,tkr,1870,0,0,0,0,0,48663079,0.0
honkön,tkr,1880,0,0,0,0,0,45300858,0.0
honkön,tkr,1890,1,1,0,1,0,54990491,0.01818496219646411
honkön,tkr,1900,0,0,0,0,0,91612739,0.0
honkön,tkr,1910,1,1,0,1,0,146452973,0.006828130419721831
honkön,tkr,1920,3,3,0,3,0,129092646,0.023239123938942268
honkön,tkr,1930,0,0,0,0,0,130093121,0.0
honkön,tkr,1940,0,0,0,0,0,133229745,0.0
honkön,tkr,1950,0,0,0,0,0,134940616,0.0
honkön,tkr,1960,2,2,0,2,0,145935106,0.01370472160413547
honkön,tkr,1970,0,0,0,0,0,17225518,0.0
hora,kubhist2,1870,311,158,158,100,153,96758392,3.2141914884240737
hora,kubhist2,1880,2980,2979,2979,100,1,1450309699,2.054733552464507
hora,kubhist2,1890,1793,1793,1793,100,0,1037122519,1.7288217806019888
hora,kubhist2,1900,130,129,129,100,1,77752738,1.6719668444344686
hora,lb,1620,0,0,0,0,0,12158,0.0
hora,lb,1640,2,0,0,0,2,48209,41.48602957953909
hora,lb,1700,9,9,9,9,0,1796708,5.00916119925998
hora,lb,1710,0,0,0,0,0,64639,0.0
hora,lb,1730,0,0,0,0,0,33381,0.0
hora,lb,1740,0,0,0,0,0,47561,0.0
hora,lb,1750,1,1,1,1,0,1095966,0.9124370646534655
hora,lb,1760,0,0,0,0,0,24422,0.0
hora,lb,1770,0,0,0,0,0,69907,0.0
hora,lb,1780,0,0,0,0,0,48621,0.0
hora,lb,1790,3,3,3,3,0,789177,3.8014285768591836
hora,lb,1800,6,6,6,6,0,736942,8.141753353723903
hora,lb,1810,6,6,6,6,0,1369393,4.381503337610168
hora,lb,1820,9,9,9,9,0,842254,10.685612653665046
hora,lb,1830,195,195,195,100,0,11653970,16.732495450048354
hora,lb,1840,266,266,266,100,0,30985848,8.58456415328701
hora,lb,1850,97,97,97,97,0,24055763,4.032297790762239
hora,lb,1860,120,120,120,100,0,30066424,3.9911630328901104
hora,lb,1870,104,104,104,100,0,34605387,3.005312438783014
hora,lb,1880,125,125,125,100,0,55511947,2.251767533932831
hora,lb,1890,82,82,82,82,0,62219305,1.317918932074217
hora,lb,1900,25,25,25,25,0,24058613,1.0391288974139947
hora,lb,1910,67,67,67,67,0,20653390,3.244019504788318
hora,lb,1920,56,56,56,56,0,19664571,2.8477610826089212
hora,lb,1930,19,19,19,19,0,16234117,1.1703747114795342
hora,lb,1940,21,21,21,21,0,4503154,4.663398142723967
hora,lb,1950,3,3,3,3,0,737649,4.066974943367374
hora,lb,1960,0,0,0,0,0,803051,0.0
hora,lb,1970,0,0,0,0,0,88498,0.0
hora,lb,1980,0,0,0,0,0,441715,0.0
hora,lb,1990,1,1,1,1,0,289511,3.4541001896301005
hora,lb,2000,0,0,0,0,0,104933,0.0
hora,lb,2010,0,0,0,0,0,355677,0.0
hora,lb,2020,1,1,1,1,0,475824,2.101617404754699
hora,tkr,1860,139,139,0,100,0,14301457,9.719289440229762
hora,tkr,1870,271,271,0,100,0,48663079,5.568903685687459
hora,tkr,1880,72,72,0,72,0,45300858,1.5893738701372941
hora,tkr,1890,58,58,0,58,0,54990491,1.0547278073949184
hora,tkr,1900,178,178,0,100,0,91612739,1.9429612294421195
hora,tkr,1910,481,481,0,100,0,146452973,3.2843307318862007
hora,tkr,1920,426,425,0,100,1,129092646,3.2999555993298024
hora,tkr,1930,46,46,0,46,0,130093121,0.3535928698336017
hora,tkr,1940,45,45,0,45,0,133229745,0.3377624118397885
hora,tkr,1950,35,35,0,35,0,134940616,0.2593733527939431
hora,tkr,1960,54,54,0,54,0,145935106,0.3700274833116577
hora,tkr,1970,0,0,0,0,0,17225518,0.0
husfru,kubhist2,1870,159,70,70,70,89,96758392,1.6432683172328866
husfru,kubhist2,1880,1768,1768,1768,100,0,1450309699,1.2190499734084728
husfru,kubhist2,1890,1028,1028,1028,100,0,1037122519,0.9912040102949495
husfru,kubhist2,1900,105,105,105,100,0,77752738,1.3504347589663017
husfru,lb,1620,0,0,0,0,0,12158,0.0
husfru,lb,1640,0,0,0,0,0,48209,0.0
husfru,lb,1700,0,0,0,0,0,1796708,0.0
husfru,lb,1710,0,0,0,0,0,64639,0.0
husfru,lb,1730,0,0,0,0,0,33381,0.0
husfru,lb,1740,0,0,0,0,0,47561,0.0
husfru,lb,1750,0,0,0,0,0,1095966,0.0
husfru,lb,1760,0,0,0,0,0,24422,0.0
husfru,lb,1770,0,0,0,0,0,69907,0.0
husfru,lb,1780,0,0,0,0,0,48621,0.0
husfru,lb,1790,0,0,0,0,0,789177,0.0
husfru,lb,1800,0,0,0,0,0,736942,0.0
husfru,lb,1810,0,0,0,0,0,1369393,0.0
husfru,lb,1820,2,2,2,2,0,842254,2.374580589703344
husfru,lb,1830,31,31,31,31,0,11653970,2.660037738212815
husfru,lb,1840,143,143,143,100,0,30985848,4.6150100523309865
husfru,lb,1850,91,91,91,91,0,24055763,3.78287730885942
husfru,lb,1860,144,144,144,100,0,30066424,4.7893956394681325
husfru,lb,1870,206,206,206,100,0,34605387,5.952830407589431
husfru,lb,1880,445,445,445,100,0,55511947,8.016292420800877
husfru,lb,1890,465,465,465,100,0,62219305,7.47356467578672
husfru,lb,1900,119,119,119,100,0,24058613,4.9462535516906145
husfru,lb,1910,24,24,24,24,0,20653390,1.1620368375361139
husfru,lb,1920,31,31,31,31,0,19664571,1.5764391707299386
husfru,lb,1930,24,24,24,24,0,16234117,1.4783680566057273
husfru,lb,1940,17,17,17,17,0,4503154,3.775131829824163
husfru,lb,1950,0,0,0,0,0,737649,0.0
husfru,lb,1960,0,0,0,0,0,803051,0.0
husfru,lb,1970,0,0,0,0,0,88498,0.0
husfru,lb,1980,0,0,0,0,0,441715,0.0
husfru,lb,1990,0,0,0,0,0,289511,0.0
husfru,lb,2000,0,0,0,0,0,104933,0.0
husfru,lb,2010,10,10,10,10,0,355677,28.115396834768625
husfru,lb,2020,3,3,3,3,0,475824,6.3048522142640975
husfru,tkr,1860,1,1,0,1,0,14301457,0.06992294561316376
husfru,tkr,1870,0,0,0,0,0,48663079,0.0
husfru,tkr,1880,2,2,0,2,0,45300858,0.04414927417048039
husfru,tkr,1890,5,5,0,5,0,54990491,0.09092481098232057
husfru,tkr,1900,3,3,0,3,0,91612739,0.03274653757486718
husfru,tkr,1910,1,1,0,1,0,146452973,0.006828130419721831
husfru,tkr,1920,3,3,0,3,0,129092646,0.023239123938942268
husfru,tkr,1930,2,2,0,2,0,130093121,0.015373603036243553
husfru,tkr,1940,14,14,0,14,0,133229745,0.1050816392390453
husfru,tkr,1950,7,7,0,7,0,134940616,0.05187467055878862
husfru,tkr,1960,3,3,0,3,0,145935106,0.020557082406203207
husfru,tkr,1970,0,0,0,0,0,17225518,0.0
hushållerska,kubhist2,1870,548,278,278,100,270,96758392,5.663591432978754
hushållerska,kubhist2,1880,16240,16235,16235,100,5,1450309699,11.197608353028052
hushållerska,kubhist2,1890,11977,11973,11973,100,4,1037122519,11.548298084924719
hushållerska,kubhist2,1900,760,760,760,100,0,77752738,9.774575398232278
hushållerska,lb,1620,0,0,0,0,0,12158,0.0
hushållerska,lb,1640,0,0,0,0,0,48209,0.0
hushållerska,lb,1700,0,0,0,0,0,1796708,0.0
hushållerska,lb,1710,0,0,0,0,0,64639,0.0
hushållerska,lb,1730,0,0,0,0,0,33381,0.0
hushållerska,lb,1740,0,0,0,0,0,47561,0.0
hushållerska,lb,1750,0,0,0,0,0,1095966,0.0
hushållerska,lb,1760,0,0,0,0,0,24422,0.0
hushållerska,lb,1770,0,0,0,0,0,69907,0.0
hushållerska,lb,1780,0,0,0,0,0,48621,0.0
hushållerska,lb,1790,0,0,0,0,0,789177,0.0
hushållerska,lb,1800,3,3,3,3,0,736942,4.0708766768619515
hushållerska,lb,1810,8,8,8,8,0,1369393,5.84200445014689
hushållerska,lb,1820,0,0,0,0,0,842254,0.0
hushållerska,lb,1830,63,63,63,63,0,11653970,5.405883145400237
hushållerska,lb,1840,369,369,369,100,0,30985848,11.90866230286807
hushållerska,lb,1850,325,324,324,100,1,24055763,13.510276103069357
hushållerska,lb,1860,378,378,378,100,0,30066424,12.572163553603847
hushållerska,lb,1870,571,571,571,100,0,34605387,16.500321178318277
hushållerska,lb,1880,719,719,719,100,0,55511947,12.952166855181643
hushållerska,lb,1890,832,832,832,100,0,62219305,13.372055505923765
hushållerska,lb,1900,167,167,167,100,0,24058613,6.9413810347254845
hushållerska,lb,1910,271,271,271,100,0,20653390,13.121332623845287
hushållerska,lb,1920,293,293,293,100,0,19664571,14.899892807221677
hushållerska,lb,1930,157,157,157,100,0,16234117,9.670991036962466
hushållerska,lb,1940,68,68,68,68,0,4503154,15.100527319296653
hushållerska,lb,1950,4,4,4,4,0,737649,5.422633257823165
hushållerska,lb,1960,2,2,2,2,0,803051,2.490501848574997
hushållerska,lb,1970,0,0,0,0,0,88498,0.0
hushållerska,lb,1980,0,0,0,0,0,441715,0.0
hushållerska,lb,1990,0,0,0,0,0,289511,0.0
hushållerska,lb,2000,0,0,0,0,0,104933,0.0
hushållerska,lb,2010,6,6,6,6,0,355677,16.869238100861175
hushållerska,lb,2020,0,0,0,0,0,475824,0.0
hushållerska,tkr,1860,38,38,0,38,0,14301457,2.6570719333002226
hushållerska,tkr,1870,11,11,0,11,0,48663079,0.2260440610426644
hushållerska,tkr,1880,11,11,0,11,0,45300858,0.24282100793764216
hushållerska,tkr,1890,38,38,0,38,0,54990491,0.6910285634656362
hushållerska,tkr,1900,45,45,0,45,0,91612739,0.4911980636230077
hushållerska,tkr,1910,98,98,0,98,0,146452973,0.6691567811327395
hushållerska,tkr,1920,249,249,0,100,0,129092646,1.9288472869322084
hushållerska,tkr,1930,353,353,0,100,0,130093121,2.7134409358969873
hushållerska,tkr,1940,295,293,0,100,2,133229745,2.214220255394169
hushållerska,tkr,1950,59,59,0,59,0,134940616,0.43722936613836116
hushållerska,tkr,1960,60,59,0,59,1,145935106,0.4111416481240641
hushållerska,tkr,1970,11,11,0,11,0,17225518,0.6385874723767379
husmoder,kubhist2,1870,0,0,0,0,0,96758392,0.0
husmoder,kubhist2,1880,0,0,0,0,0,1450309699,0.0
husmoder,kubhist2,1890,0,0,0,0,0,1037122519,0.0
husmoder,kubhist2,1900,0,0,0,0,0,77752738,0.0
husmoder,lb,1620,0,0,0,0,0,12158,0.0
husmoder,lb,1640,0,0,0,0,0,48209,0.0
husmoder,lb,1700,0,0,0,0,0,1796708,0.0
husmoder,lb,1710,0,0,0,0,0,64639,0.0
husmoder,lb,1730,0,0,0,0,0,33381,0.0
husmoder,lb,1740,0,0,0,0,0,47561,0.0
husmoder,lb,1750,0,0,0,0,0,1095966,0.0
husmoder,lb,1760,0,0,0,0,0,24422,0.0
husmoder,lb,1770,0,0,0,0,0,69907,0.0
husmoder,lb,1780,0,0,0,0,0,48621,0.0
husmoder,lb,1790,0,0,0,0,0,789177,0.0
husmoder,lb,1800,0,0,0,0,0,736942,0.0
husmoder,lb,1810,0,0,0,0,0,1369393,0.0
husmoder,lb,1820,0,0,0,0,0,842254,0.0
husmoder,lb,1830,0,0,0,0,0,11653970,0.0
husmoder,lb,1840,1,1,1,1,0,30985848,0.03227279756874816
husmoder,lb,1850,0,0,0,0,0,24055763,0.0
husmoder,lb,1860,3,3,3,3,0,30066424,0.09977907582225276
husmoder,lb,1870,0,0,0,0,0,34605387,0.0
husmoder,lb,1880,1,1,1,1,0,55511947,0.018014140271462645
husmoder,lb,1890,0,0,0,0,0,62219305,0.0
husmoder,lb,1900,0,0,0,0,0,24058613,0.0
husmoder,lb,1910,1,1,1,1,0,20653390,0.04841820156400475
husmoder,lb,1920,0,0,0,0,0,19664571,0.0
husmoder,lb,1930,0,0,0,0,0,16234117,0.0
husmoder,lb,1940,0,0,0,0,0,4503154,0.0
husmoder,lb,1950,0,0,0,0,0,737649,0.0
husmoder,lb,1960,0,0,0,0,0,803051,0.0
husmoder,lb,1970,0,0,0,0,0,88498,0.0
husmoder,lb,1980,0,0,0,0,0,441715,0.0
husmoder,lb,1990,0,0,0,0,0,289511,0.0
husmoder,lb,2000,0,0,0,0,0,104933,0.0
husmoder,lb,2010,0,0,0,0,0,355677,0.0
husmoder,lb,2020,0,0,0,0,0,475824,0.0
husmoder,tkr,1860,0,0,0,0,0,14301457,0.0
husmoder,tkr,1870,0,0,0,0,0,48663079,0.0
husmoder,tkr,1880,0,0,0,0,0,45300858,0.0
husmoder,tkr,1890,0,0,0,0,0,54990491,0.0
husmoder,tkr,1900,0,0,0,0,0,91612739,0.0
husmoder,tkr,1910,0,0,0,0,0,146452973,0.0
husmoder,tkr,1920,0,0,0,0,0,129092646,0.0
husmoder,tkr,1930,0,0,0,0,0,130093121,0.0
husmoder,tkr,1940,0,0,0,0,0,133229745,0.0
husmoder,tkr,1950,0,0,0,0,0,134940616,0.0
husmoder,tkr,1960,0,0,0,0,0,145935106,0.0
husmoder,tkr,1970,0,0,0,0,0,17225518,0.0
husmor,kubhist2,1870,658,375,375,100,283,96758392,6.8004437279197445
husmor,kubhist2,1880,14012,14007,14007,100,5,1450309699,9.661384744004254
husmor,kubhist2,1890,11790,11786,11786,100,4,1037122519,11.367991518849664
husmor,kubhist2,1900,1010,1010,1010,100,0,77752738,12.98989625291395
husmor,lb,1620,0,0,0,0,0,12158,0.0
husmor,lb,1640,0,0,0,0,0,48209,0.0
husmor,lb,1700,0,0,0,0,0,1796708,0.0
husmor,lb,1710,0,0,0,0,0,64639,0.0
husmor,lb,1730,0,0,0,0,0,33381,0.0
husmor,lb,1740,0,0,0,0,0,47561,0.0
husmor,lb,1750,0,0,0,0,0,1095966,0.0
husmor,lb,1760,0,0,0,0,0,24422,0.0
husmor,lb,1770,0,0,0,0,0,69907,0.0
husmor,lb,1780,0,0,0,0,0,48621,0.0
husmor,lb,1790,0,0,0,0,0,789177,0.0
husmor,lb,1800,3,3,3,3,0,736942,4.0708766768619515
husmor,lb,1810,0,0,0,0,0,1369393,0.0
husmor,lb,1820,2,2,2,2,0,842254,2.374580589703344
husmor,lb,1830,36,36,36,36,0,11653970,3.0890760830858497
husmor,lb,1840,217,217,217,100,0,30985848,7.0031970724183505
husmor,lb,1850,146,146,146,100,0,24055763,6.069231726301926
husmor,lb,1860,230,229,229,100,1,30066424,7.649729146372711
husmor,lb,1870,261,261,261,100,0,34605387,7.542178331945832
husmor,lb,1880,487,487,487,100,0,55511947,8.772886312202308
husmor,lb,1890,702,702,702,100,0,62219305,11.282671833123176
husmor,lb,1900,161,161,161,100,0,24058613,6.691990099346126
husmor,lb,1910,186,186,186,100,0,20653390,9.005785490904882
husmor,lb,1920,114,114,114,100,0,19664571,5.797227918168161
husmor,lb,1930,132,132,132,100,0,16234117,8.131024311331501
husmor,lb,1940,94,94,94,94,0,4503154,20.874258353145372
husmor,lb,1950,22,22,22,22,0,737649,29.82448291802741
husmor,lb,1960,2,2,2,2,0,803051,2.490501848574997
husmor,lb,1970,0,0,0,0,0,88498,0.0
husmor,lb,1980,2,2,2,2,0,441715,4.5278063909987205
husmor,lb,1990,0,0,0,0,0,289511,0.0
husmor,lb,2000,0,0,0,0,0,104933,0.0
husmor,lb,2010,13,13,13,13,0,355677,36.55001588519921
husmor,lb,2020,1,1,1,1,0,475824,2.101617404754699
husmor,tkr,1860,4,4,0,4,0,14301457,0.279691782452655
husmor,tkr,1870,25,25,0,25,0,48663079,0.5137365023696918
husmor,tkr,1880,29,29,0,29,0,45300858,0.6401644754719656
husmor,tkr,1890,29,29,0,29,0,54990491,0.5273639036974592
husmor,tkr,1900,217,217,0,100,0,91612739,2.3686662179153926
husmor,tkr,1910,737,736,0,100,1,146452973,5.032332119334989
husmor,tkr,1920,771,771,0,100,0,129092646,5.9724548523081635
husmor,tkr,1930,1876,1876,0,100,0,130093121,14.420439647996453
husmor,tkr,1940,3401,3399,0,100,2,133229745,25.52733250371379
husmor,tkr,1950,2763,2763,0,100,0,134940616,20.475673536276133
husmor,tkr,1960,2597,2596,0,100,1,145935106,17.79558100296991
husmor,tkr,1970,88,88,0,88,0,17225518,5.108699779013903
hustru,kubhist2,1870,16905,8668,8668,100,8237,96758392,174.71352769070407
hustru,kubhist2,1880,307436,307352,307352,100,84,1450309699,211.979551823986
hustru,kubhist2,1890,217868,217818,217818,100,50,1037122519,210.069684158502
hustru,kubhist2,1900,16120,16117,16117,100,3,77752738,207.32388870987413
hustru,lb,1620,5,0,0,0,5,12158,411.2518506333279
hustru,lb,1640,2,0,0,0,2,48209,41.48602957953909
hustru,lb,1700,956,956,956,100,0,1796708,532.0842340547267
hustru,lb,1710,28,28,28,28,0,64639,433.17501817788025
hustru,lb,1730,0,0,0,0,0,33381,0.0
hustru,lb,1740,13,13,13,13,0,47561,273.333193162465
hustru,lb,1750,8,8,8,8,0,1095966,7.299496517227724
hustru,lb,1760,0,0,0,0,0,24422,0.0
hustru,lb,1770,3,3,3,3,0,69907,42.91415738051983
hustru,lb,1780,0,0,0,0,0,48621,0.0
hustru,lb,1790,33,33,33,33,0,789177,41.81571434545102
hustru,lb,1800,40,40,40,40,0,736942,54.278355691492685
hustru,lb,1810,101,101,101,100,0,1369393,73.75530618310448
hustru,lb,1820,272,272,272,100,0,842254,322.94296019965475
hustru,lb,1830,1788,1786,1786,100,2,11653970,153.4241121265972
hustru,lb,1840,6939,6938,6938,100,1,30985848,223.94094232954347
hustru,lb,1850,7142,7140,7140,100,2,24055763,296.8935136249887
hustru,lb,1860,8604,8604,8604,100,0,30066424,286.1663894582209
hustru,lb,1870,10317,10316,10316,100,1,34605387,298.13277337427263
hustru,lb,1880,15663,15660,15660,100,3,55511947,282.15547907191944
hustru,lb,1890,20274,20271,20271,100,3,62219305,325.84741986430095
hustru,lb,1900,5133,5133,5133,100,0,24058613,213.3539452170414
hustru,lb,1910,5011,5010,5010,100,1,20653390,242.6236080372278
hustru,lb,1920,4239,4239,4239,100,0,19664571,215.5653433782003
hustru,lb,1930,4708,4708,4708,100,0,16234117,290.0065337708235
hustru,lb,1940,1235,1235,1235,100,0,4503154,274.2522241078142
hustru,lb,1950,254,254,254,100,0,737649,344.337211871771
hustru,lb,1960,40,40,40,40,0,803051,49.81003697149994
hustru,lb,1970,23,23,23,23,0,88498,259.89287893511715
hustru,lb,1980,14,14,14,14,0,441715,31.694644736991048
hustru,lb,1990,22,22,22,22,0,289511,75.9902041718622
hustru,lb,2000,8,8,8,8,0,104933,76.2391240124651
hustru,lb,2010,215,215,215,100,0,355677,604.4810319475255
hustru,lb,2020,56,56,56,56,0,475824,117.69057466626316
hustru,tkr,1860,611,611,0,100,0,14301457,42.72291976964305
hustru,tkr,1870,2207,2205,0,100,2,48663079,45.352658429196396
hustru,tkr,1880,1444,1443,0,100,1,45300858,31.875775951086844
hustru,tkr,1890,4510,4510,0,100,0,54990491,82.01417950605315
hustru,tkr,1900,3732,3731,0,100,1,91612739,40.736692743134775
hustru,tkr,1910,7640,7637,0,100,3,146452973,52.16691640667479
hustru,tkr,1920,6222,6220,0,100,2,129092646,48.197943049366266
hustru,tkr,1930,4268,4268,0,100,0,130093121,32.807268879343745
hustru,tkr,1940,5307,5304,0,100,3,133229745,39.833447102972386
hustru,tkr,1950,4320,4320,0,100,0,134940616,32.01408240199526
hustru,tkr,1960,4619,4618,0,100,1,145935106,31.65105454475087
hustru,tkr,1970,474,474,0,100,0,17225518,27.517314718779428
häxa,kubhist2,1870,39,5,5,5,34,96758392,0.4030658136608967
häxa,kubhist2,1880,156,156,156,100,0,1450309699,0.10756323294780641
häxa,kubhist2,1890,393,393,393,100,0,1037122519,0.37893305062832217
häxa,kubhist2,1900,111,111,111,100,0,77752738,1.4276024594786616
häxa,lb,1620,0,0,0,0,0,12158,0.0
häxa,lb,1640,0,0,0,0,0,48209,0.0
häxa,lb,1700,0,0,0,0,0,1796708,0.0
häxa,lb,1710,0,0,0,0,0,64639,0.0
häxa,lb,1730,0,0,0,0,0,33381,0.0
häxa,lb,1740,0,0,0,0,0,47561,0.0
häxa,lb,1750,0,0,0,0,0,1095966,0.0
häxa,lb,1760,0,0,0,0,0,24422,0.0
häxa,lb,1770,0,0,0,0,0,69907,0.0
häxa,lb,1780,0,0,0,0,0,48621,0.0
häxa,lb,1790,0,0,0,0,0,789177,0.0
häxa,lb,1800,0,0,0,0,0,736942,0.0
häxa,lb,1810,0,0,0,0,0,1369393,0.0
häxa,lb,1820,2,2,2,2,0,842254,2.374580589703344
häxa,lb,1830,53,53,53,53,0,11653970,4.547806455654167
häxa,lb,1840,49,49,49,49,0,30985848,1.5813670808686597
häxa,lb,1850,18,18,18,18,0,24055763,0.7482614457084567
häxa,lb,1860,46,46,46,46,0,30066424,1.5299458292745423
häxa,lb,1870,25,25,25,25,0,34605387,0.7224308747074553
häxa,lb,1880,38,38,38,38,0,55511947,0.6845373303155805
häxa,lb,1890,360,360,360,100,0,62219305,5.785985555447783
häxa,lb,1900,225,225,225,100,0,24058613,9.352160076725953
häxa,lb,1910,149,149,149,100,0,20653390,7.214312033036707
häxa,lb,1920,105,105,105,100,0,19664571,5.339552029891728
häxa,lb,1930,94,94,94,94,0,16234117,5.790274888372432
häxa,lb,1940,31,31,31,31,0,4503154,6.884063924973474
häxa,lb,1950,2,2,2,2,0,737649,2.7113166289115824
häxa,lb,1960,0,0,0,0,0,803051,0.0
häxa,lb,1970,0,0,0,0,0,88498,0.0
häxa,lb,1980,5,5,5,5,0,441715,11.319515977496803
häxa,lb,1990,0,0,0,0,0,289511,0.0
häxa,lb,2000,0,0,0,0,0,104933,0.0
häxa,lb,2010,29,29,29,29,0,355677,81.53465082082901
häxa,lb,2020,2,2,2,2,0,475824,4.203234809509398
häxa,tkr,1860,1,1,0,1,0,14301457,0.06992294561316376
häxa,tkr,1870,2,2,0,2,0,48663079,0.041098920189575346
häxa,tkr,1880,1,1,0,1,0,45300858,0.022074637085240194
häxa,tkr,1890,1,1,0,1,0,54990491,0.01818496219646411
häxa,tkr,1900,4,4,0,4,0,91612739,0.04366205009982291
häxa,tkr,1910,7,7,0,7,0,146452973,0.04779691293805282
häxa,tkr,1920,4,4,0,4,0,129092646,0.03098549858525636
häxa,tkr,1930,6,6,0,6,0,130093121,0.04612080910873066
häxa,tkr,1940,3,3,0,3,0,133229745,0.022517494122652564
häxa,tkr,1950,2,2,0,2,0,134940616,0.014821334445368177
häxa,tkr,1960,0,0,0,0,0,145935106,0.0
häxa,tkr,1970,0,0,0,0,0,17225518,0.0
jungfru,kubhist2,1870,1210,699,699,100,511,96758392,12.505375244350898
jungfru,kubhist2,1880,75635,75610,75610,100,25,1450309699,52.15093028209832
jungfru,kubhist2,1890,53189,53179,53179,100,10,1037122519,51.28516547040668
jungfru,kubhist2,1900,2449,2447,2447,100,2,77752738,31.497283092461643
jungfru,lb,1620,3,0,0,0,3,12158,246.7511103799967
jungfru,lb,1640,2,0,0,0,2,48209,41.48602957953909
jungfru,lb,1700,115,115,115,100,0,1796708,64.00594865721085
jungfru,lb,1710,11,11,11,11,0,64639,170.17589999845293
jungfru,lb,1730,3,3,3,3,0,33381,89.87148377819717
jungfru,lb,1740,12,12,12,12,0,47561,252.3075629191985
jungfru,lb,1750,2,2,2,2,0,1095966,1.824874129306931
jungfru,lb,1760,0,0,0,0,0,24422,0.0
jungfru,lb,1770,1,1,1,1,0,69907,14.304719126839945
jungfru,lb,1780,0,0,0,0,0,48621,0.0
jungfru,lb,1790,21,21,21,21,0,789177,26.610000038014284
jungfru,lb,1800,14,14,14,14,0,736942,18.99742449202244
jungfru,lb,1810,26,26,26,26,0,1369393,18.986514462977393
jungfru,lb,1820,77,77,77,77,0,842254,91.42135270357873
jungfru,lb,1830,1789,1789,1789,100,0,11653970,153.50991979557182
jungfru,lb,1840,2886,2886,2886,100,0,30985848,93.13929378340718
jungfru,lb,1850,1511,1511,1511,100,0,24055763,62.81239135919322
jungfru,lb,1860,3136,3135,3135,100,1,30066424,104.30239392619488
jungfru,lb,1870,3701,3701,3701,100,0,34605387,106.94866669169167
jungfru,lb,1880,6067,6066,6066,100,1,55511947,109.29178902696387
jungfru,lb,1890,9071,9068,9068,100,3,62219305,145.79076381518567
jungfru,lb,1900,1433,1433,1433,100,0,24058613,59.56286839977018
jungfru,lb,1910,1017,1017,1017,100,0,20653390,49.24131099059283
jungfru,lb,1920,1587,1586,1586,100,1,19664571,80.70351496607783
jungfru,lb,1930,907,906,906,100,1,16234117,55.86999280589144
jungfru,lb,1940,231,231,231,100,0,4503154,51.29737956996363
jungfru,lb,1950,33,33,33,33,0,737649,44.736724377041114
jungfru,lb,1960,11,11,11,11,0,803051,13.697760167162484
jungfru,lb,1970,19,19,19,19,0,88498,214.69411738118376
jungfru,lb,1980,15,15,15,15,0,441715,33.958547932490404
jungfru,lb,1990,21,21,21,21,0,289511,72.5361039822321
jungfru,lb,2000,7,7,7,7,0,104933,66.70923351090696
jungfru,lb,2010,33,33,33,33,0,355677,92.78080955473646
jungfru,lb,2020,74,74,74,74,0,475824,155.51968795184774
jungfru,tkr,1860,16,16,0,16,0,14301457,1.11876712981062
jungfru,tkr,1870,13,13,0,13,0,48663079,0.26714298123223973
jungfru,tkr,1880,13,13,0,13,0,45300858,0.28697028210812253
jungfru,tkr,1890,17,17,0,17,0,54990491,0.30914435733988993
jungfru,tkr,1900,25,25,0,25,0,91612739,0.27288781312389315
jungfru,tkr,1910,186,186,0,100,0,146452973,1.2700322580682606
jungfru,tkr,1920,60,60,0,60,0,129092646,0.4647824787788454
jungfru,tkr,1930,70,70,0,70,0,130093121,0.5380761062685244
jungfru,tkr,1940,22,22,0,22,0,133229745,0.16512829023278547
jungfru,tkr,1950,6,6,0,6,0,134940616,0.04446400333610453
jungfru,tkr,1960,18,18,0,18,0,145935106,0.12334249443721924
jungfru,tkr,1970,0,0,0,0,0,17225518,0.0
jänta,kubhist2,1870,54,25,25,25,29,96758392,0.5580911266073955
jänta,kubhist2,1880,1307,1306,1306,100,1,1450309699,0.9011868298896345
jänta,kubhist2,1890,1222,1221,1221,100,1,1037122519,1.1782600200198718
jänta,kubhist2,1900,120,120,120,100,0,77752738,1.5433540102472019
jänta,lb,1620,0,0,0,0,0,12158,0.0
jänta,lb,1640,0,0,0,0,0,48209,0.0
jänta,lb,1700,0,0,0,0,0,1796708,0.0
jänta,lb,1710,0,0,0,0,0,64639,0.0
jänta,lb,1730,0,0,0,0,0,33381,0.0
jänta,lb,1740,0,0,0,0,0,47561,0.0
jänta,lb,1750,0,0,0,0,0,1095966,0.0
jänta,lb,1760,0,0,0,0,0,24422,0.0
jänta,lb,1770,0,0,0,0,0,69907,0.0
jänta,lb,1780,0,0,0,0,0,48621,0.0
jänta,lb,1790,0,0,0,0,0,789177,0.0
jänta,lb,1800,0,0,0,0,0,736942,0.0
jänta,lb,1810,0,0,0,0,0,1369393,0.0
jänta,lb,1820,0,0,0,0,0,842254,0.0
jänta,lb,1830,9,9,9,9,0,11653970,0.7722690207714624
jänta,lb,1840,39,39,39,39,0,30985848,1.2586391051811783
jänta,lb,1850,55,55,55,55,0,24055763,2.2863544174425066
jänta,lb,1860,120,120,120,100,0,30066424,3.9911630328901104
jänta,lb,1870,143,143,143,100,0,34605387,4.132304603326644
jänta,lb,1880,443,443,443,100,0,55511947,7.980264140257952
jänta,lb,1890,622,622,622,100,0,62219305,9.996897265245892
jänta,lb,1900,147,147,147,100,0,24058613,6.110077916794289
jänta,lb,1910,126,126,126,100,0,20653390,6.100693397064598
jänta,lb,1920,86,86,86,86,0,19664571,4.373347376863701
jänta,lb,1930,48,48,48,48,0,16234117,2.9567361132114547
jänta,lb,1940,14,14,14,14,0,4503154,3.108932095149311
jänta,lb,1950,6,6,6,6,0,737649,8.133949886734747
jänta,lb,1960,1,1,1,1,0,803051,1.2452509242874985
jänta,lb,1970,0,0,0,0,0,88498,0.0
jänta,lb,1980,2,2,2,2,0,441715,4.5278063909987205
jänta,lb,1990,0,0,0,0,0,289511,0.0
jänta,lb,2000,0,0,0,0,0,104933,0.0
jänta,lb,2010,5,5,5,5,0,355677,14.057698417384312
jänta,lb,2020,0,0,0,0,0,475824,0.0
jänta,tkr,1860,3,3,0,3,0,14301457,0.20976883683949124
jänta,tkr,1870,11,11,0,11,0,48663079,0.2260440610426644
jänta,tkr,1880,4,4,0,4,0,45300858,0.08829854834096078
jänta,tkr,1890,5,5,0,5,0,54990491,0.09092481098232057
jänta,tkr,1900,5,5,0,5,0,91612739,0.054577562624778635
jänta,tkr,1910,18,18,0,18,0,146452973,0.12290634755499295
jänta,tkr,1920,14,14,0,14,0,129092646,0.10844924504839726
jänta,tkr,1930,7,7,0,7,0,130093121,0.05380761062685244
jänta,tkr,1940,7,7,0,7,0,133229745,0.05254081961952265
jänta,tkr,1950,7,7,0,7,0,134940616,0.05187467055878862
jänta,tkr,1960,5,5,0,5,0,145935106,0.034261804010338674
jänta,tkr,1970,0,0,0,0,0,17225518,0.0
jäntunge,kubhist2,1870,0,0,0,0,0,96758392,0.0
jäntunge,kubhist2,1880,0,0,0,0,0,1450309699,0.0
jäntunge,kubhist2,1890,0,0,0,0,0,1037122519,0.0
jäntunge,kubhist2,1900,0,0,0,0,0,77752738,0.0
jäntunge,lb,1620,0,0,0,0,0,12158,0.0
jäntunge,lb,1640,0,0,0,0,0,48209,0.0
jäntunge,lb,1700,0,0,0,0,0,1796708,0.0
jäntunge,lb,1710,0,0,0,0,0,64639,0.0
jäntunge,lb,1730,0,0,0,0,0,33381,0.0
jäntunge,lb,1740,0,0,0,0,0,47561,0.0
jäntunge,lb,1750,0,0,0,0,0,1095966,0.0
jäntunge,lb,1760,0,0,0,0,0,24422,0.0
jäntunge,lb,1770,0,0,0,0,0,69907,0.0
jäntunge,lb,1780,0,0,0,0,0,48621,0.0
jäntunge,lb,1790,0,0,0,0,0,789177,0.0
jäntunge,lb,1800,0,0,0,0,0,736942,0.0
jäntunge,lb,1810,0,0,0,0,0,1369393,0.0
jäntunge,lb,1820,0,0,0,0,0,842254,0.0
jäntunge,lb,1830,0,0,0,0,0,11653970,0.0
jäntunge,lb,1840,0,0,0,0,0,30985848,0.0
jäntunge,lb,1850,1,1,1,1,0,24055763,0.04157008031713648
jäntunge,lb,1860,0,0,0,0,0,30066424,0.0
jäntunge,lb,1870,0,0,0,0,0,34605387,0.0
jäntunge,lb,1880,5,5,5,5,0,55511947,0.09007070135731322
jäntunge,lb,1890,6,6,6,6,0,62219305,0.09643309259079638
jäntunge,lb,1900,2,2,2,2,0,24058613,0.08313031179311958
jäntunge,lb,1910,7,7,7,7,0,20653390,0.33892741094803325
jäntunge,lb,1920,5,5,5,5,0,19664571,0.25426438237579657
jäntunge,lb,1930,1,1,1,1,0,16234117,0.06159866902523864
jäntunge,lb,1940,1,1,1,1,0,4503154,0.22206657822495077
jäntunge,lb,1950,0,0,0,0,0,737649,0.0
jäntunge,lb,1960,0,0,0,0,0,803051,0.0
jäntunge,lb,1970,0,0,0,0,0,88498,0.0
jäntunge,lb,1980,0,0,0,0,0,441715,0.0
jäntunge,lb,1990,0,0,0,0,0,289511,0.0
jäntunge,lb,2000,0,0,0,0,0,104933,0.0
jäntunge,lb,2010,0,0,0,0,0,355677,0.0
jäntunge,lb,2020,0,0,0,0,0,475824,0.0
jäntunge,tkr,1860,0,0,0,0,0,14301457,0.0
jäntunge,tkr,1870,0,0,0,0,0,48663079,0.0
jäntunge,tkr,1880,0,0,0,0,0,45300858,0.0
jäntunge,tkr,1890,0,0,0,0,0,54990491,0.0
jäntunge,tkr,1900,0,0,0,0,0,91612739,0.0
jäntunge,tkr,1910,0,0,0,0,0,146452973,0.0
jäntunge,tkr,1920,0,0,0,0,0,129092646,0.0
jäntunge,tkr,1930,1,1,0,1,0,130093121,0.0076868015181217764
jäntunge,tkr,1940,0,0,0,0,0,133229745,0.0
jäntunge,tkr,1950,0,0,0,0,0,134940616,0.0
jäntunge,tkr,1960,0,0,0,0,0,145935106,0.0
jäntunge,tkr,1970,0,0,0,0,0,17225518,0.0
kassörska,kubhist2,1870,12,0,0,0,12,96758392,0.12402025035719899
kassörska,kubhist2,1880,4170,4169,4169,100,1,1450309699,2.875247957643287
kassörska,kubhist2,1890,4200,4200,4200,100,0,1037122519,4.049666189921
kassörska,kubhist2,1900,195,195,195,100,0,77752738,2.507950266651703
kassörska,lb,1620,0,0,0,0,0,12158,0.0
kassörska,lb,1640,0,0,0,0,0,48209,0.0
kassörska,lb,1700,0,0,0,0,0,1796708,0.0
kassörska,lb,1710,0,0,0,0,0,64639,0.0
kassörska,lb,1730,0,0,0,0,0,33381,0.0
kassörska,lb,1740,0,0,0,0,0,47561,0.0
kassörska,lb,1750,0,0,0,0,0,1095966,0.0
kassörska,lb,1760,0,0,0,0,0,24422,0.0
kassörska,lb,1770,0,0,0,0,0,69907,0.0
kassörska,lb,1780,0,0,0,0,0,48621,0.0
kassörska,lb,1790,0,0,0,0,0,789177,0.0
kassörska,lb,1800,0,0,0,0,0,736942,0.0
kassörska,lb,1810,0,0,0,0,0,1369393,0.0
kassörska,lb,1820,0,0,0,0,0,842254,0.0
kassörska,lb,1830,0,0,0,0,0,11653970,0.0
kassörska,lb,1840,1,1,1,1,0,30985848,0.03227279756874816
kassörska,lb,1850,1,1,1,1,0,24055763,0.04157008031713648
kassörska,lb,1860,0,0,0,0,0,30066424,0.0
kassörska,lb,1870,0,0,0,0,0,34605387,0.0
kassörska,lb,1880,13,13,13,13,0,55511947,0.2341838235290144
kassörska,lb,1890,62,62,62,62,0,62219305,0.9964752901048959
kassörska,lb,1900,9,9,9,9,0,24058613,0.3740864030690381
kassörska,lb,1910,24,24,24,24,0,20653390,1.1620368375361139
kassörska,lb,1920,26,26,26,26,0,19664571,1.3221747883541421
kassörska,lb,1930,27,27,27,27,0,16234117,1.6631640636814433
kassörska,lb,1940,9,9,9,9,0,4503154,1.998599204024557
kassörska,lb,1950,0,0,0,0,0,737649,0.0
kassörska,lb,1960,0,0,0,0,0,803051,0.0
kassörska,lb,1970,0,0,0,0,0,88498,0.0
kassörska,lb,1980,0,0,0,0,0,441715,0.0
kassörska,lb,1990,0,0,0,0,0,289511,0.0
kassörska,lb,2000,0,0,0,0,0,104933,0.0
kassörska,lb,2010,0,0,0,0,0,355677,0.0
kassörska,lb,2020,0,0,0,0,0,475824,0.0
kassörska,tkr,1860,0,0,0,0,0,14301457,0.0
kassörska,tkr,1870,0,0,0,0,0,48663079,0.0
kassörska,tkr,1880,0,0,0,0,0,45300858,0.0
kassörska,tkr,1890,0,0,0,0,0,54990491,0.0
kassörska,tkr,1900,49,49,0,49,0,91612739,0.5348601137228306
kassörska,tkr,1910,364,364,0,100,0,146452973,2.4854394727787463
kassörska,tkr,1920,241,241,0,100,0,129092646,1.8668762897616957
kassörska,tkr,1930,138,138,0,100,0,130093121,1.0607786095008052
kassörska,tkr,1940,135,135,0,100,0,133229745,1.0132872355193654
kassörska,tkr,1950,59,59,0,59,0,134940616,0.43722936613836116
kassörska,tkr,1960,35,35,0,35,0,145935106,0.23983262807237074
kassörska,tkr,1970,4,4,0,4,0,17225518,0.23221362631881376
kejsarinna,kubhist2,1870,1074,606,606,100,468,96758392,11.09981240696931
kejsarinna,kubhist2,1880,32831,32817,32817,100,14,1450309699,22.637233980188668
kejsarinna,kubhist2,1890,19332,19328,19328,100,4,1037122519,18.640034948464947
kejsarinna,kubhist2,1900,823,823,823,100,0,77752738,10.584836253612059
kejsarinna,lb,1620,0,0,0,0,0,12158,0.0
kejsarinna,lb,1640,0,0,0,0,0,48209,0.0
kejsarinna,lb,1700,0,0,0,0,0,1796708,0.0
kejsarinna,lb,1710,0,0,0,0,0,64639,0.0
kejsarinna,lb,1730,0,0,0,0,0,33381,0.0
kejsarinna,lb,1740,0,0,0,0,0,47561,0.0
kejsarinna,lb,1750,0,0,0,0,0,1095966,0.0
kejsarinna,lb,1760,0,0,0,0,0,24422,0.0
kejsarinna,lb,1770,0,0,0,0,0,69907,0.0
kejsarinna,lb,1780,0,0,0,0,0,48621,0.0
kejsarinna,lb,1790,5,5,5,5,0,789177,6.335714294765306
kejsarinna,lb,1800,82,82,82,82,0,736942,111.27062916756
kejsarinna,lb,1810,22,22,22,22,0,1369393,16.065512237903945
kejsarinna,lb,1820,0,0,0,0,0,842254,0.0
kejsarinna,lb,1830,19,19,19,19,0,11653970,1.6303457105175319
kejsarinna,lb,1840,384,384,384,100,0,30985848,12.392754266399294
kejsarinna,lb,1850,1369,1368,1368,100,1,24055763,56.90943995415984
kejsarinna,lb,1860,220,220,220,100,0,30066424,7.317132226965202
kejsarinna,lb,1870,388,387,387,100,1,34605387,11.212127175459704
kejsarinna,lb,1880,917,917,917,100,0,55511947,16.518966628931246
kejsarinna,lb,1890,338,338,338,100,0,62219305,5.4323975492815295
kejsarinna,lb,1900,655,655,655,100,0,24058613,27.225177112246662
kejsarinna,lb,1910,110,110,110,100,0,20653390,5.326002172040522
kejsarinna,lb,1920,250,250,250,100,0,19664571,12.713219118789828
kejsarinna,lb,1930,67,67,67,67,0,16234117,4.1271108246909884
kejsarinna,lb,1940,44,44,44,44,0,4503154,9.770929441897835
kejsarinna,lb,1950,1,1,1,1,0,737649,1.3556583144557912
kejsarinna,lb,1960,0,0,0,0,0,803051,0.0
kejsarinna,lb,1970,0,0,0,0,0,88498,0.0
kejsarinna,lb,1980,0,0,0,0,0,441715,0.0
kejsarinna,lb,1990,0,0,0,0,0,289511,0.0
kejsarinna,lb,2000,0,0,0,0,0,104933,0.0
kejsarinna,lb,2010,3,3,3,3,0,355677,8.434619050430587
kejsarinna,lb,2020,8,8,8,8,0,475824,16.812939238037593
kejsarinna,tkr,1860,1,1,0,1,0,14301457,0.06992294561316376
kejsarinna,tkr,1870,2,2,0,2,0,48663079,0.041098920189575346
kejsarinna,tkr,1880,9,9,0,9,0,45300858,0.19867173376716177
kejsarinna,tkr,1890,3,3,0,3,0,54990491,0.05455488658939234
kejsarinna,tkr,1900,20,20,0,20,0,91612739,0.21831025049911454
kejsarinna,tkr,1910,9,9,0,9,0,146452973,0.06145317377749648
kejsarinna,tkr,1920,3,3,0,3,0,129092646,0.023239123938942268
kejsarinna,tkr,1930,3,3,0,3,0,130093121,0.02306040455436533
kejsarinna,tkr,1940,1,1,0,1,0,133229745,0.007505831374217522
kejsarinna,tkr,1950,0,0,0,0,0,134940616,0.0
kejsarinna,tkr,1960,0,0,0,0,0,145935106,0.0
kejsarinna,tkr,1970,0,0,0,0,0,17225518,0.0
kokerska,kubhist2,1870,276,164,164,100,112,96758392,2.8524657582155766
kokerska,kubhist2,1880,26824,26820,26820,100,4,1450309699,18.49536000379461
kokerska,kubhist2,1890,20857,20850,20850,100,7,1037122519,20.110449457900547
kokerska,kubhist2,1900,525,525,525,100,0,77752738,6.752173794831508
kokerska,lb,1620,0,0,0,0,0,12158,0.0
kokerska,lb,1640,0,0,0,0,0,48209,0.0
kokerska,lb,1700,1,1,1,1,0,1796708,0.5565734665844422
kokerska,lb,1710,0,0,0,0,0,64639,0.0
kokerska,lb,1730,0,0,0,0,0,33381,0.0
kokerska,lb,1740,1,1,1,1,0,47561,21.02563024326654
kokerska,lb,1750,0,0,0,0,0,1095966,0.0
kokerska,lb,1760,0,0,0,0,0,24422,0.0
kokerska,lb,1770,0,0,0,0,0,69907,0.0
kokerska,lb,1780,0,0,0,0,0,48621,0.0
kokerska,lb,1790,0,0,0,0,0,789177,0.0
kokerska,lb,1800,1,1,1,1,0,736942,1.356958892287317
kokerska,lb,1810,4,4,4,4,0,1369393,2.921002225073445
kokerska,lb,1820,1,1,1,1,0,842254,1.187290294851672
kokerska,lb,1830,12,12,12,12,0,11653970,1.0296920276952832
kokerska,lb,1840,51,51,51,51,0,30985848,1.6459126760061562
kokerska,lb,1850,51,51,51,51,0,24055763,2.1200740961739606
kokerska,lb,1860,104,104,104,100,0,30066424,3.4590079618380956
kokerska,lb,1870,147,147,147,100,0,34605387,4.247893543279837
kokerska,lb,1880,196,196,196,100,0,55511947,3.5307714932066787
kokerska,lb,1890,289,289,289,100,0,62219305,4.644860626456692
kokerska,lb,1900,92,92,92,92,0,24058613,3.8239943424835006
kokerska,lb,1910,63,63,63,63,0,20653390,3.050346698532299
kokerska,lb,1920,67,67,67,67,0,19664571,3.407142723835674
kokerska,lb,1930,89,89,89,89,0,16234117,5.482281543246239
kokerska,lb,1940,33,33,33,33,0,4503154,7.328197081423376
kokerska,lb,1950,8,8,8,8,0,737649,10.84526651564633
kokerska,lb,1960,0,0,0,0,0,803051,0.0
kokerska,lb,1970,0,0,0,0,0,88498,0.0
kokerska,lb,1980,0,0,0,0,0,441715,0.0
kokerska,lb,1990,0,0,0,0,0,289511,0.0
kokerska,lb,2000,0,0,0,0,0,104933,0.0
kokerska,lb,2010,0,0,0,0,0,355677,0.0
kokerska,lb,2020,0,0,0,0,0,475824,0.0
kokerska,tkr,1860,8,8,0,8,0,14301457,0.55938356490531
kokerska,tkr,1870,25,25,0,25,0,48663079,0.5137365023696918
kokerska,tkr,1880,4,4,0,4,0,45300858,0.08829854834096078
kokerska,tkr,1890,54,54,0,54,0,54990491,0.9819879586090621
kokerska,tkr,1900,148,148,0,100,0,91612739,1.6154958536934476
kokerska,tkr,1910,518,518,0,100,0,146452973,3.5369715574159084
kokerska,tkr,1920,561,561,0,100,0,129092646,4.345716176582204
kokerska,tkr,1930,705,705,0,100,0,130093121,5.419195070275853
kokerska,tkr,1940,293,293,0,100,0,133229745,2.199208592645734
kokerska,tkr,1950,121,121,0,100,0,134940616,0.8966907339447746
kokerska,tkr,1960,304,304,0,100,0,145935106,2.0831176838285916
kokerska,tkr,1970,6,6,0,6,0,17225518,0.3483204394782206
kokfru,kubhist2,1870,0,0,0,0,0,96758392,0.0
kokfru,kubhist2,1880,0,0,0,0,0,1450309699,0.0
kokfru,kubhist2,1890,0,0,0,0,0,1037122519,0.0
kokfru,kubhist2,1900,0,0,0,0,0,77752738,0.0
kokfru,lb,1620,0,0,0,0,0,12158,0.0
kokfru,lb,1640,0,0,0,0,0,48209,0.0
kokfru,lb,1700,0,0,0,0,0,1796708,0.0
kokfru,lb,1710,0,0,0,0,0,64639,0.0
kokfru,lb,1730,0,0,0,0,0,33381,0.0
kokfru,lb,1740,0,0,0,0,0,47561,0.0
kokfru,lb,1750,0,0,0,0,0,1095966,0.0
kokfru,lb,1760,0,0,0,0,0,24422,0.0
kokfru,lb,1770,0,0,0,0,0,69907,0.0
kokfru,lb,1780,0,0,0,0,0,48621,0.0
kokfru,lb,1790,0,0,0,0,0,789177,0.0
kokfru,lb,1800,0,0,0,0,0,736942,0.0
kokfru,lb,1810,0,0,0,0,0,1369393,0.0
kokfru,lb,1820,0,0,0,0,0,842254,0.0
kokfru,lb,1830,1,1,1,1,0,11653970,0.08580766897460694
kokfru,lb,1840,4,4,4,4,0,30985848,0.12909119027499263
kokfru,lb,1850,6,6,6,6,0,24055763,0.24942048190281887
kokfru,lb,1860,2,2,2,2,0,30066424,0.06651938388150183
kokfru,lb,1870,14,14,14,14,0,34605387,0.40456128983617495
kokfru,lb,1880,23,23,23,23,0,55511947,0.4143252262436409
kokfru,lb,1890,41,41,41,41,0,62219305,0.6589594660371085
kokfru,lb,1900,4,4,4,4,0,24058613,0.16626062358623916
kokfru,lb,1910,9,9,9,9,0,20653390,0.4357638140760427
kokfru,lb,1920,7,7,7,7,0,19664571,0.35597013532611516
kokfru,lb,1930,3,3,3,3,0,16234117,0.18479600707571592
kokfru,lb,1940,7,7,7,7,0,4503154,1.5544660475746555
kokfru,lb,1950,2,2,2,2,0,737649,2.7113166289115824
kokfru,lb,1960,0,0,0,0,0,803051,0.0
kokfru,lb,1970,0,0,0,0,0,88498,0.0
kokfru,lb,1980,0,0,0,0,0,441715,0.0
kokfru,lb,1990,0,0,0,0,0,289511,0.0
kokfru,lb,2000,0,0,0,0,0,104933,0.0
kokfru,lb,2010,0,0,0,0,0,355677,0.0
kokfru,lb,2020,0,0,0,0,0,475824,0.0
kokfru,tkr,1860,0,0,0,0,0,14301457,0.0
kokfru,tkr,1870,0,0,0,0,0,48663079,0.0
kokfru,tkr,1880,0,0,0,0,0,45300858,0.0
kokfru,tkr,1890,1,1,0,1,0,54990491,0.01818496219646411
kokfru,tkr,1900,0,0,0,0,0,91612739,0.0
kokfru,tkr,1910,0,0,0,0,0,146452973,0.0
kokfru,tkr,1920,0,0,0,0,0,129092646,0.0
kokfru,tkr,1930,1,1,0,1,0,130093121,0.0076868015181217764
kokfru,tkr,1940,0,0,0,0,0,133229745,0.0
kokfru,tkr,1950,0,0,0,0,0,134940616,0.0
kokfru,tkr,1960,0,0,0,0,0,145935106,0.0
kokfru,tkr,1970,0,0,0,0,0,17225518,0.0
konstnärinna,kubhist2,1870,0,0,0,0,0,96758392,0.0
konstnärinna,kubhist2,1880,0,0,0,0,0,1450309699,0.0
konstnärinna,kubhist2,1890,0,0,0,0,0,1037122519,0.0
konstnärinna,kubhist2,1900,0,0,0,0,0,77752738,0.0
konstnärinna,lb,1620,0,0,0,0,0,12158,0.0
konstnärinna,lb,1640,0,0,0,0,0,48209,0.0
konstnärinna,lb,1700,0,0,0,0,0,1796708,0.0
konstnärinna,lb,1710,0,0,0,0,0,64639,0.0
konstnärinna,lb,1730,0,0,0,0,0,33381,0.0
konstnärinna,lb,1740,0,0,0,0,0,47561,0.0
konstnärinna,lb,1750,0,0,0,0,0,1095966,0.0
konstnärinna,lb,1760,0,0,0,0,0,24422,0.0
konstnärinna,lb,1770,0,0,0,0,0,69907,0.0
konstnärinna,lb,1780,0,0,0,0,0,48621,0.0
konstnärinna,lb,1790,0,0,0,0,0,789177,0.0
konstnärinna,lb,1800,0,0,0,0,0,736942,0.0
konstnärinna,lb,1810,0,0,0,0,0,1369393,0.0
konstnärinna,lb,1820,0,0,0,0,0,842254,0.0
konstnärinna,lb,1830,0,0,0,0,0,11653970,0.0
konstnärinna,lb,1840,9,9,9,9,0,30985848,0.29045517811873345
konstnärinna,lb,1850,7,7,7,7,0,24055763,0.29099056221995534
konstnärinna,lb,1860,17,17,17,17,0,30066424,0.5654147629927656
konstnärinna,lb,1870,9,9,9,9,0,34605387,0.2600751148946839
konstnärinna,lb,1880,35,35,35,35,0,55511947,0.6304949095011926
konstnärinna,lb,1890,30,30,30,30,0,62219305,0.4821654629539819
konstnärinna,lb,1900,5,5,5,5,0,24058613,0.20782577948279896
konstnärinna,lb,1910,7,7,7,7,0,20653390,0.33892741094803325
konstnärinna,lb,1920,1,1,1,1,0,19664571,0.05085287647515931
konstnärinna,lb,1930,1,1,1,1,0,16234117,0.06159866902523864
konstnärinna,lb,1940,4,4,4,4,0,4503154,0.8882663128998031
konstnärinna,lb,1950,0,0,0,0,0,737649,0.0
konstnärinna,lb,1960,0,0,0,0,0,803051,0.0
konstnärinna,lb,1970,0,0,0,0,0,88498,0.0
konstnärinna,lb,1980,0,0,0,0,0,441715,0.0
konstnärinna,lb,1990,0,0,0,0,0,289511,0.0
konstnärinna,lb,2000,0,0,0,0,0,104933,0.0
konstnärinna,lb,2010,0,0,0,0,0,355677,0.0
konstnärinna,lb,2020,0,0,0,0,0,475824,0.0
konstnärinna,tkr,1860,0,0,0,0,0,14301457,0.0
konstnärinna,tkr,1870,0,0,0,0,0,48663079,0.0
konstnärinna,tkr,1880,0,0,0,0,0,45300858,0.0
konstnärinna,tkr,1890,0,0,0,0,0,54990491,0.0
konstnärinna,tkr,1900,0,0,0,0,0,91612739,0.0
konstnärinna,tkr,1910,0,0,0,0,0,146452973,0.0
konstnärinna,tkr,1920,0,0,0,0,0,129092646,0.0
konstnärinna,tkr,1930,0,0,0,0,0,130093121,0.0
konstnärinna,tkr,1940,0,0,0,0,0,133229745,0.0
konstnärinna,tkr,1950,0,0,0,0,0,134940616,0.0
konstnärinna,tkr,1960,0,0,0,0,0,145935106,0.0
konstnärinna,tkr,1970,0,0,0,0,0,17225518,0.0
kontorist,kubhist2,1870,644,343,343,100,301,96758392,6.6557534358363455
kontorist,kubhist2,1880,8818,8817,8817,100,1,1450309699,6.080080693165109
kontorist,kubhist2,1890,7439,7436,7436,100,3,1037122519,7.172730187338647
kontorist,kubhist2,1900,661,661,661,100,0,77752738,8.501308339778337
kontorist,lb,1620,0,0,0,0,0,12158,0.0
kontorist,lb,1640,0,0,0,0,0,48209,0.0
kontorist,lb,1700,0,0,0,0,0,1796708,0.0
kontorist,lb,1710,0,0,0,0,0,64639,0.0
kontorist,lb,1730,0,0,0,0,0,33381,0.0
kontorist,lb,1740,0,0,0,0,0,47561,0.0
kontorist,lb,1750,0,0,0,0,0,1095966,0.0
kontorist,lb,1760,0,0,0,0,0,24422,0.0
kontorist,lb,1770,0,0,0,0,0,69907,0.0
kontorist,lb,1780,0,0,0,0,0,48621,0.0
kontorist,lb,1790,0,0,0,0,0,789177,0.0
kontorist,lb,1800,0,0,0,0,0,736942,0.0
kontorist,lb,1810,1,1,1,1,0,1369393,0.7302505562683612
kontorist,lb,1820,0,0,0,0,0,842254,0.0
kontorist,lb,1830,19,19,19,19,0,11653970,1.6303457105175319
kontorist,lb,1840,44,44,44,44,0,30985848,1.420003093024919
kontorist,lb,1850,85,85,85,85,0,24055763,3.5334568269566007
kontorist,lb,1860,84,84,84,84,0,30066424,2.7938141230230773
kontorist,lb,1870,245,245,245,100,0,34605387,7.079822572133061
kontorist,lb,1880,222,222,222,100,0,55511947,3.9991391402647074
kontorist,lb,1890,236,236,236,100,0,62219305,3.793034975237991
kontorist,lb,1900,108,108,108,100,0,24058613,4.489036836828458
kontorist,lb,1910,62,62,62,62,0,20653390,3.0019284969682944
kontorist,lb,1920,137,137,137,100,0,19664571,6.966844077096826
kontorist,lb,1930,163,163,163,100,0,16234117,10.040583051113899
kontorist,lb,1940,10,10,10,10,0,4503154,2.2206657822495077
kontorist,lb,1950,0,0,0,0,0,737649,0.0
kontorist,lb,1960,0,0,0,0,0,803051,0.0
kontorist,lb,1970,0,0,0,0,0,88498,0.0
kontorist,lb,1980,0,0,0,0,0,441715,0.0
kontorist,lb,1990,0,0,0,0,0,289511,0.0
kontorist,lb,2000,0,0,0,0,0,104933,0.0
kontorist,lb,2010,0,0,0,0,0,355677,0.0
kontorist,lb,2020,3,3,3,3,0,475824,6.3048522142640975
kontorist,tkr,1860,0,0,0,0,0,14301457,0.0
kontorist,tkr,1870,43,43,0,43,0,48663079,0.8836267840758699
kontorist,tkr,1880,31,31,0,31,0,45300858,0.6843137496424461
kontorist,tkr,1890,42,42,0,42,0,54990491,0.7637684122514927
kontorist,tkr,1900,128,128,0,100,0,91612739,1.397185603194333
kontorist,tkr,1910,229,229,0,100,0,146452973,1.5636418661162994
kontorist,tkr,1920,250,250,0,100,0,129092646,1.9365936615785224
kontorist,tkr,1930,708,707,0,100,1,130093121,5.442255474830218
kontorist,tkr,1940,2304,2303,0,100,1,133229745,17.29343548619717
kontorist,tkr,1950,3492,3490,0,100,2,134940616,25.878049941612836
kontorist,tkr,1960,4971,4970,0,100,1,145935106,34.063085547078714
kontorist,tkr,1970,63,63,0,63,0,17225518,3.657364614521317
kontorsfröken,kubhist2,1870,0,0,0,0,0,96758392,0.0
kontorsfröken,kubhist2,1880,0,0,0,0,0,1450309699,0.0
kontorsfröken,kubhist2,1890,0,0,0,0,0,1037122519,0.0
kontorsfröken,kubhist2,1900,0,0,0,0,0,77752738,0.0
kontorsfröken,lb,1620,0,0,0,0,0,12158,0.0
kontorsfröken,lb,1640,0,0,0,0,0,48209,0.0
kontorsfröken,lb,1700,0,0,0,0,0,1796708,0.0
kontorsfröken,lb,1710,0,0,0,0,0,64639,0.0
kontorsfröken,lb,1730,0,0,0,0,0,33381,0.0
kontorsfröken,lb,1740,0,0,0,0,0,47561,0.0
kontorsfröken,lb,1750,0,0,0,0,0,1095966,0.0
kontorsfröken,lb,1760,0,0,0,0,0,24422,0.0
kontorsfröken,lb,1770,0,0,0,0,0,69907,0.0
kontorsfröken,lb,1780,0,0,0,0,0,48621,0.0
kontorsfröken,lb,1790,0,0,0,0,0,789177,0.0
kontorsfröken,lb,1800,0,0,0,0,0,736942,0.0
kontorsfröken,lb,1810,0,0,0,0,0,1369393,0.0
kontorsfröken,lb,1820,0,0,0,0,0,842254,0.0
kontorsfröken,lb,1830,0,0,0,0,0,11653970,0.0
kontorsfröken,lb,1840,0,0,0,0,0,30985848,0.0
kontorsfröken,lb,1850,0,0,0,0,0,24055763,0.0
kontorsfröken,lb,1860,0,0,0,0,0,30066424,0.0
kontorsfröken,lb,1870,0,0,0,0,0,34605387,0.0
kontorsfröken,lb,1880,1,1,1,1,0,55511947,0.018014140271462645
kontorsfröken,lb,1890,1,1,1,1,0,62219305,0.016072182098466063
kontorsfröken,lb,1900,0,0,0,0,0,24058613,0.0
kontorsfröken,lb,1910,1,1,1,1,0,20653390,0.04841820156400475
kontorsfröken,lb,1920,1,1,1,1,0,19664571,0.05085287647515931
kontorsfröken,lb,1930,0,0,0,0,0,16234117,0.0
kontorsfröken,lb,1940,0,0,0,0,0,4503154,0.0
kontorsfröken,lb,1950,0,0,0,0,0,737649,0.0
kontorsfröken,lb,1960,0,0,0,0,0,803051,0.0
kontorsfröken,lb,1970,0,0,0,0,0,88498,0.0
kontorsfröken,lb,1980,0,0,0,0,0,441715,0.0
kontorsfröken,lb,1990,0,0,0,0,0,289511,0.0
kontorsfröken,lb,2000,0,0,0,0,0,104933,0.0
kontorsfröken,lb,2010,0,0,0,0,0,355677,0.0
kontorsfröken,lb,2020,0,0,0,0,0,475824,0.0
kontorsfröken,tkr,1860,0,0,0,0,0,14301457,0.0
kontorsfröken,tkr,1870,0,0,0,0,0,48663079,0.0
kontorsfröken,tkr,1880,0,0,0,0,0,45300858,0.0
kontorsfröken,tkr,1890,0,0,0,0,0,54990491,0.0
kontorsfröken,tkr,1900,0,0,0,0,0,91612739,0.0
kontorsfröken,tkr,1910,0,0,0,0,0,146452973,0.0
kontorsfröken,tkr,1920,1,1,0,1,0,129092646,0.00774637464631409
kontorsfröken,tkr,1930,0,0,0,0,0,130093121,0.0
kontorsfröken,tkr,1940,0,0,0,0,0,133229745,0.0
kontorsfröken,tkr,1950,0,0,0,0,0,134940616,0.0
kontorsfröken,tkr,1960,0,0,0,0,0,145935106,0.0
kontorsfröken,tkr,1970,0,0,0,0,0,17225518,0.0
kviga,kubhist2,1870,2,0,0,0,2,96758392,0.020670041726199833
kviga,kubhist2,1880,2332,2332,2332,100,0,1450309699,1.6079324309890035
kviga,kubhist2,1890,4228,4227,4227,100,1,1037122519,4.076663964520473
kviga,kubhist2,1900,1225,1225,1225,100,0,77752738,15.755072187940186
kviga,lb,1620,0,0,0,0,0,12158,0.0
kviga,lb,1640,0,0,0,0,0,48209,0.0
kviga,lb,1700,0,0,0,0,0,1796708,0.0
kviga,lb,1710,0,0,0,0,0,64639,0.0
kviga,lb,1730,0,0,0,0,0,33381,0.0
kviga,lb,1740,0,0,0,0,0,47561,0.0
kviga,lb,1750,0,0,0,0,0,1095966,0.0
kviga,lb,1760,0,0,0,0,0,24422,0.0
kviga,lb,1770,0,0,0,0,0,69907,0.0
kviga,lb,1780,0,0,0,0,0,48621,0.0
kviga,lb,1790,0,0,0,0,0,789177,0.0
kviga,lb,1800,0,0,0,0,0,736942,0.0
kviga,lb,1810,0,0,0,0,0,1369393,0.0
kviga,lb,1820,0,0,0,0,0,842254,0.0
kviga,lb,1830,0,0,0,0,0,11653970,0.0
kviga,lb,1840,0,0,0,0,0,30985848,0.0
kviga,lb,1850,0,0,0,0,0,24055763,0.0
kviga,lb,1860,1,1,1,1,0,30066424,0.033259691940750916
kviga,lb,1870,0,0,0,0,0,34605387,0.0
kviga,lb,1880,40,40,40,40,0,55511947,0.7205656108585058
kviga,lb,1890,43,43,43,43,0,62219305,0.6911038302340407
kviga,lb,1900,20,20,20,20,0,24058613,0.8313031179311958
kviga,lb,1910,9,9,9,9,0,20653390,0.4357638140760427
kviga,lb,1920,41,41,41,41,0,19664571,2.0849679354815316
kviga,lb,1930,21,21,21,21,0,16234117,1.2935720495300114
kviga,lb,1940,11,11,11,11,0,4503154,2.4427323604744586
kviga,lb,1950,1,1,1,1,0,737649,1.3556583144557912
kviga,lb,1960,1,1,1,1,0,803051,1.2452509242874985
kviga,lb,1970,0,0,0,0,0,88498,0.0
kviga,lb,1980,0,0,0,0,0,441715,0.0
kviga,lb,1990,0,0,0,0,0,289511,0.0
kviga,lb,2000,0,0,0,0,0,104933,0.0
kviga,lb,2010,0,0,0,0,0,355677,0.0
kviga,lb,2020,0,0,0,0,0,475824,0.0
kviga,tkr,1860,0,0,0,0,0,14301457,0.0
kviga,tkr,1870,0,0,0,0,0,48663079,0.0
kviga,tkr,1880,0,0,0,0,0,45300858,0.0
kviga,tkr,1890,1,1,0,1,0,54990491,0.01818496219646411
kviga,tkr,1900,7,7,0,7,0,91612739,0.0764085876746901
kviga,tkr,1910,36,36,0,36,0,146452973,0.2458126951099859
kviga,tkr,1920,33,33,0,33,0,129092646,0.255630363328365
kviga,tkr,1930,21,21,0,21,0,130093121,0.1614228318805573
kviga,tkr,1940,26,26,0,26,0,133229745,0.19515161572965556
kviga,tkr,1950,17,17,0,17,0,134940616,0.1259813427856295
kviga,tkr,1960,21,21,0,21,0,145935106,0.14389957684342244
kviga,tkr,1970,1,1,0,1,0,17225518,0.05805340657970344
kvinna,kubhist2,1870,223,183,183,100,40,96758392,2.3047096524712813
kvinna,kubhist2,1880,41635,41624,41624,100,11,1450309699,28.707661562704615
kvinna,kubhist2,1890,82780,82759,82759,100,21,1037122519,79.81699219087152
kvinna,kubhist2,1900,13929,13925,13925,100,4,77752738,179.14481673944397
kvinna,lb,1620,0,0,0,0,0,12158,0.0
kvinna,lb,1640,0,0,0,0,0,48209,0.0
kvinna,lb,1700,0,0,0,0,0,1796708,0.0
kvinna,lb,1710,0,0,0,0,0,64639,0.0
kvinna,lb,1730,0,0,0,0,0,33381,0.0
kvinna,lb,1740,0,0,0,0,0,47561,0.0
kvinna,lb,1750,0,0,0,0,0,1095966,0.0
kvinna,lb,1760,0,0,0,0,0,24422,0.0
kvinna,lb,1770,0,0,0,0,0,69907,0.0
kvinna,lb,1780,0,0,0,0,0,48621,0.0
kvinna,lb,1790,0,0,0,0,0,789177,0.0
kvinna,lb,1800,0,0,0,0,0,736942,0.0
kvinna,lb,1810,2,2,2,2,0,1369393,1.4605011125367224
kvinna,lb,1820,0,0,0,0,0,842254,0.0
kvinna,lb,1830,7,7,7,7,0,11653970,0.6006536828222485
kvinna,lb,1840,4,4,4,4,0,30985848,0.12909119027499263
kvinna,lb,1850,0,0,0,0,0,24055763,0.0
kvinna,lb,1860,17,17,17,17,0,30066424,0.5654147629927656
kvinna,lb,1870,571,571,571,100,0,34605387,16.500321178318277
kvinna,lb,1880,3398,3398,3398,100,0,55511947,61.21204864243007
kvinna,lb,1890,17743,17737,17737,100,6,62219305,285.1687269730834
kvinna,lb,1900,8549,8547,8547,100,2,24058613,355.34051775968965
kvinna,lb,1910,8263,8260,8260,100,3,20653390,400.0795995233712
kvinna,lb,1920,4012,4012,4012,100,0,19664571,204.02174041833916
kvinna,lb,1930,3568,3567,3567,100,1,16234117,219.78405108205146
kvinna,lb,1940,2009,2009,2009,100,0,4503154,446.1317556539261
kvinna,lb,1950,208,208,208,100,0,737649,281.9769294068046
kvinna,lb,1960,97,97,97,97,0,803051,120.78933965588736
kvinna,lb,1970,52,52,52,52,0,88498,587.5839002011345
kvinna,lb,1980,65,65,65,65,0,441715,147.15370770745844
kvinna,lb,1990,76,76,76,76,0,289511,262.51161441188765
kvinna,lb,2000,0,0,0,0,0,104933,0.0
kvinna,lb,2010,269,269,269,100,0,355677,756.304174855276
kvinna,lb,2020,99,99,99,99,0,475824,208.06012307071524
kvinna,tkr,1860,6,6,0,6,0,14301457,0.4195376736789825
kvinna,tkr,1870,31,31,0,31,0,48663079,0.6370332629384179
kvinna,tkr,1880,26,26,0,26,0,45300858,0.5739405642162451
kvinna,tkr,1890,120,120,0,100,0,54990491,2.1821954635756935
kvinna,tkr,1900,10306,10302,0,100,4,91612739,112.49527208219372
kvinna,tkr,1910,31199,31191,0,100,8,146452973,213.03084096490142
kvinna,tkr,1920,19254,19250,0,100,4,129092646,149.14869744013149
kvinna,tkr,1930,12128,12127,0,100,1,130093121,93.2255288117809
kvinna,tkr,1940,12516,12514,0,100,2,133229745,93.94298547970651
kvinna,tkr,1950,12156,12155,0,100,1,134940616,90.08407075894777
kvinna,tkr,1960,18631,18628,0,100,3,145935106,127.66633410332398
kvinna,tkr,1970,1916,1915,0,100,1,17225518,111.23032700671179
kvinnfolk,kubhist2,1870,0,0,0,0,0,96758392,0.0
kvinnfolk,kubhist2,1880,18,17,17,17,1,1450309699,0.012411142263208432
kvinnfolk,kubhist2,1890,148,148,148,100,0,1037122519,0.14270252288293048
kvinnfolk,kubhist2,1900,90,90,90,90,0,77752738,1.1575155076854013
kvinnfolk,lb,1620,0,0,0,0,0,12158,0.0
kvinnfolk,lb,1640,0,0,0,0,0,48209,0.0
kvinnfolk,lb,1700,0,0,0,0,0,1796708,0.0
kvinnfolk,lb,1710,0,0,0,0,0,64639,0.0
kvinnfolk,lb,1730,0,0,0,0,0,33381,0.0
kvinnfolk,lb,1740,0,0,0,0,0,47561,0.0
kvinnfolk,lb,1750,0,0,0,0,0,1095966,0.0
kvinnfolk,lb,1760,0,0,0,0,0,24422,0.0
kvinnfolk,lb,1770,0,0,0,0,0,69907,0.0
kvinnfolk,lb,1780,0,0,0,0,0,48621,0.0
kvinnfolk,lb,1790,0,0,0,0,0,789177,0.0
kvinnfolk,lb,1800,0,0,0,0,0,736942,0.0
kvinnfolk,lb,1810,0,0,0,0,0,1369393,0.0
kvinnfolk,lb,1820,0,0,0,0,0,842254,0.0
kvinnfolk,lb,1830,0,0,0,0,0,11653970,0.0
kvinnfolk,lb,1840,0,0,0,0,0,30985848,0.0
kvinnfolk,lb,1850,0,0,0,0,0,24055763,0.0
kvinnfolk,lb,1860,3,3,3,3,0,30066424,0.09977907582225276
kvinnfolk,lb,1870,0,0,0,0,0,34605387,0.0
kvinnfolk,lb,1880,18,18,18,18,0,55511947,0.3242545248863276
kvinnfolk,lb,1890,304,303,303,100,1,62219305,4.885943357933683
kvinnfolk,lb,1900,160,160,160,100,0,24058613,6.650424943449567
kvinnfolk,lb,1910,174,174,174,100,0,20653390,8.424767072136826
kvinnfolk,lb,1920,87,87,87,87,0,19664571,4.42420025333886
kvinnfolk,lb,1930,85,85,85,85,0,16234117,5.235886867145284
kvinnfolk,lb,1940,10,10,10,10,0,4503154,2.2206657822495077
kvinnfolk,lb,1950,4,4,4,4,0,737649,5.422633257823165
kvinnfolk,lb,1960,1,1,1,1,0,803051,1.2452509242874985
kvinnfolk,lb,1970,2,2,2,2,0,88498,22.59938077696671
kvinnfolk,lb,1980,0,0,0,0,0,441715,0.0
kvinnfolk,lb,1990,0,0,0,0,0,289511,0.0
kvinnfolk,lb,2000,0,0,0,0,0,104933,0.0
kvinnfolk,lb,2010,8,8,8,8,0,355677,22.4923174678149
kvinnfolk,lb,2020,0,0,0,0,0,475824,0.0
kvinnfolk,tkr,1860,0,0,0,0,0,14301457,0.0
kvinnfolk,tkr,1870,0,0,0,0,0,48663079,0.0
kvinnfolk,tkr,1880,0,0,0,0,0,45300858,0.0
kvinnfolk,tkr,1890,0,0,0,0,0,54990491,0.0
kvinnfolk,tkr,1900,1,1,0,1,0,91612739,0.010915512524955727
kvinnfolk,tkr,1910,4,4,0,4,0,146452973,0.027312521678887324
kvinnfolk,tkr,1920,1,1,0,1,0,129092646,0.00774637464631409
kvinnfolk,tkr,1930,0,0,0,0,0,130093121,0.0
kvinnfolk,tkr,1940,4,4,0,4,0,133229745,0.030023325496870087
kvinnfolk,tkr,1950,1,1,0,1,0,134940616,0.007410667222684088
kvinnfolk,tkr,1960,3,3,0,3,0,145935106,0.020557082406203207
kvinnfolk,tkr,1970,0,0,0,0,0,17225518,0.0
kvinnlig,kubhist2,1870,0,0,0,0,0,96758392,0.0
kvinnlig,kubhist2,1880,14,14,14,14,0,1450309699,0.009653110649162114
kvinnlig,kubhist2,1890,2894,2892,2892,100,2,1037122519,2.7904128461027082
kvinnlig,kubhist2,1900,2534,2533,2533,100,1,77752738,32.590492183053414
kvinnlig,lb,1620,0,0,0,0,0,12158,0.0
kvinnlig,lb,1640,0,0,0,0,0,48209,0.0
kvinnlig,lb,1700,0,0,0,0,0,1796708,0.0
kvinnlig,lb,1710,0,0,0,0,0,64639,0.0
kvinnlig,lb,1730,0,0,0,0,0,33381,0.0
kvinnlig,lb,1740,0,0,0,0,0,47561,0.0
kvinnlig,lb,1750,0,0,0,0,0,1095966,0.0
kvinnlig,lb,1760,0,0,0,0,0,24422,0.0
kvinnlig,lb,1770,0,0,0,0,0,69907,0.0
kvinnlig,lb,1780,0,0,0,0,0,48621,0.0
kvinnlig,lb,1790,0,0,0,0,0,789177,0.0
kvinnlig,lb,1800,0,0,0,0,0,736942,0.0
kvinnlig,lb,1810,0,0,0,0,0,1369393,0.0
kvinnlig,lb,1820,0,0,0,0,0,842254,0.0
kvinnlig,lb,1830,0,0,0,0,0,11653970,0.0
kvinnlig,lb,1840,0,0,0,0,0,30985848,0.0
kvinnlig,lb,1850,0,0,0,0,0,24055763,0.0
kvinnlig,lb,1860,0,0,0,0,0,30066424,0.0
kvinnlig,lb,1870,0,0,0,0,0,34605387,0.0
kvinnlig,lb,1880,4,4,4,4,0,55511947,0.07205656108585058
kvinnlig,lb,1890,1013,1013,1013,100,0,62219305,16.28112046574612
kvinnlig,lb,1900,616,616,616,100,0,24058613,25.60413603228083
kvinnlig,lb,1910,646,646,646,100,0,20653390,31.278158210347065
kvinnlig,lb,1920,358,358,358,100,0,19664571,18.205329778107032
kvinnlig,lb,1930,361,361,361,100,0,16234117,22.237119518111147
kvinnlig,lb,1940,204,204,204,100,0,4503154,45.30158195788996
kvinnlig,lb,1950,19,19,19,19,0,737649,25.757507974660033
kvinnlig,lb,1960,10,10,10,10,0,803051,12.452509242874985
kvinnlig,lb,1970,14,14,14,14,0,88498,158.19566543876698
kvinnlig,lb,1980,5,5,5,5,0,441715,11.319515977496803
kvinnlig,lb,1990,4,4,4,4,0,289511,13.816400758520402
kvinnlig,lb,2000,0,0,0,0,0,104933,0.0
kvinnlig,lb,2010,2,2,2,2,0,355677,5.623079366953725
kvinnlig,lb,2020,15,15,15,15,0,475824,31.52426107132049
kvinnlig,tkr,1860,0,0,0,0,0,14301457,0.0
kvinnlig,tkr,1870,0,0,0,0,0,48663079,0.0
kvinnlig,tkr,1880,0,0,0,0,0,45300858,0.0
kvinnlig,tkr,1890,19,19,0,19,0,54990491,0.3455142817328181
kvinnlig,tkr,1900,6985,6985,0,100,0,91612739,76.24485498681575
kvinnlig,tkr,1910,31814,31797,0,100,17,146452973,217.23014117303035
kvinnlig,tkr,1920,20709,20703,0,100,6,129092646,160.4196725505185
kvinnlig,tkr,1930,13307,13301,0,100,6,130093121,102.28826780164648
kvinnlig,tkr,1940,9442,9440,0,100,2,133229745,70.87005983536184
kvinnlig,tkr,1950,5773,5773,0,100,0,134940616,42.78178187655524
kvinnlig,tkr,1960,4472,4471,0,100,1,145935106,30.643757506846914
kvinnlig,tkr,1970,417,417,0,100,0,17225518,24.208270543736333
kvinnlighet,kubhist2,1870,0,0,0,0,0,96758392,0.0
kvinnlighet,kubhist2,1880,1,1,1,1,0,1450309699,0.0006895079035115796
kvinnlighet,kubhist2,1890,80,80,80,80,0,1037122519,0.0771364988556381
kvinnlighet,kubhist2,1900,19,19,19,19,0,77752738,0.24436438495580695
kvinnlighet,lb,1620,0,0,0,0,0,12158,0.0
kvinnlighet,lb,1640,0,0,0,0,0,48209,0.0
kvinnlighet,lb,1700,0,0,0,0,0,1796708,0.0
kvinnlighet,lb,1710,0,0,0,0,0,64639,0.0
kvinnlighet,lb,1730,0,0,0,0,0,33381,0.0
kvinnlighet,lb,1740,0,0,0,0,0,47561,0.0
kvinnlighet,lb,1750,0,0,0,0,0,1095966,0.0
kvinnlighet,lb,1760,0,0,0,0,0,24422,0.0
kvinnlighet,lb,1770,0,0,0,0,0,69907,0.0
kvinnlighet,lb,1780,0,0,0,0,0,48621,0.0
kvinnlighet,lb,1790,0,0,0,0,0,789177,0.0
kvinnlighet,lb,1800,0,0,0,0,0,736942,0.0
kvinnlighet,lb,1810,0,0,0,0,0,1369393,0.0
kvinnlighet,lb,1820,0,0,0,0,0,842254,0.0
kvinnlighet,lb,1830,0,0,0,0,0,11653970,0.0
kvinnlighet,lb,1840,0,0,0,0,0,30985848,0.0
kvinnlighet,lb,1850,0,0,0,0,0,24055763,0.0
kvinnlighet,lb,1860,0,0,0,0,0,30066424,0.0
kvinnlighet,lb,1870,0,0,0,0,0,34605387,0.0
kvinnlighet,lb,1880,0,0,0,0,0,55511947,0.0
kvinnlighet,lb,1890,189,189,189,100,0,62219305,3.037642416610086
kvinnlighet,lb,1900,32,32,32,32,0,24058613,1.3300849886899133
kvinnlighet,lb,1910,54,54,54,54,0,20653390,2.614582884456256
kvinnlighet,lb,1920,13,13,13,13,0,19664571,0.6610873941770711
kvinnlighet,lb,1930,28,28,28,28,0,16234117,1.724762732706682
kvinnlighet,lb,1940,9,9,9,9,0,4503154,1.998599204024557
kvinnlighet,lb,1950,1,1,1,1,0,737649,1.3556583144557912
kvinnlighet,lb,1960,0,0,0,0,0,803051,0.0
kvinnlighet,lb,1970,1,1,1,1,0,88498,11.299690388483356
kvinnlighet,lb,1980,1,1,1,1,0,441715,2.2639031954993603
kvinnlighet,lb,1990,1,1,1,1,0,289511,3.4541001896301005
kvinnlighet,lb,2000,0,0,0,0,0,104933,0.0
kvinnlighet,lb,2010,0,0,0,0,0,355677,0.0
kvinnlighet,lb,2020,0,0,0,0,0,475824,0.0
kvinnlighet,tkr,1860,0,0,0,0,0,14301457,0.0
kvinnlighet,tkr,1870,0,0,0,0,0,48663079,0.0
kvinnlighet,tkr,1880,0,0,0,0,0,45300858,0.0
kvinnlighet,tkr,1890,0,0,0,0,0,54990491,0.0
kvinnlighet,tkr,1900,6,6,0,6,0,91612739,0.06549307514973436
kvinnlighet,tkr,1910,9,9,0,9,0,146452973,0.06145317377749648
kvinnlighet,tkr,1920,1,1,0,1,0,129092646,0.00774637464631409
kvinnlighet,tkr,1930,6,6,0,6,0,130093121,0.04612080910873066
kvinnlighet,tkr,1940,0,0,0,0,0,133229745,0.0
kvinnlighet,tkr,1950,0,0,0,0,0,134940616,0.0
kvinnlighet,tkr,1960,0,0,0,0,0,145935106,0.0
kvinnlighet,tkr,1970,0,0,0,0,0,17225518,0.0
kvinnokön,kubhist2,1870,1,1,1,1,0,96758392,0.010335020863099917
kvinnokön,kubhist2,1880,106,106,106,100,0,1450309699,0.07308783777222744
kvinnokön,kubhist2,1890,177,177,177,100,0,1037122519,0.1706645037180993
kvinnokön,kubhist2,1900,16,15,15,15,1,77752738,0.2057805346996269
kvinnokön,lb,1620,0,0,0,0,0,12158,0.0
kvinnokön,lb,1640,0,0,0,0,0,48209,0.0
kvinnokön,lb,1700,0,0,0,0,0,1796708,0.0
kvinnokön,lb,1710,0,0,0,0,0,64639,0.0
kvinnokön,lb,1730,0,0,0,0,0,33381,0.0
kvinnokön,lb,1740,0,0,0,0,0,47561,0.0
kvinnokön,lb,1750,0,0,0,0,0,1095966,0.0
kvinnokön,lb,1760,0,0,0,0,0,24422,0.0
kvinnokön,lb,1770,0,0,0,0,0,69907,0.0
kvinnokön,lb,1780,0,0,0,0,0,48621,0.0
kvinnokön,lb,1790,0,0,0,0,0,789177,0.0
kvinnokön,lb,1800,0,0,0,0,0,736942,0.0
kvinnokön,lb,1810,0,0,0,0,0,1369393,0.0
kvinnokön,lb,1820,0,0,0,0,0,842254,0.0
kvinnokön,lb,1830,0,0,0,0,0,11653970,0.0
kvinnokön,lb,1840,0,0,0,0,0,30985848,0.0
kvinnokön,lb,1850,0,0,0,0,0,24055763,0.0
kvinnokön,lb,1860,0,0,0,0,0,30066424,0.0
kvinnokön,lb,1870,1,1,1,1,0,34605387,0.028897234988298208
kvinnokön,lb,1880,9,9,9,9,0,55511947,0.1621272624431638
kvinnokön,lb,1890,29,29,29,29,0,62219305,0.4660932808555158
kvinnokön,lb,1900,16,16,16,16,0,24058613,0.6650424943449567
kvinnokön,lb,1910,20,20,20,20,0,20653390,0.968364031280095
kvinnokön,lb,1920,6,6,6,6,0,19664571,0.30511725885095586
kvinnokön,lb,1930,12,12,12,12,0,16234117,0.7391840283028637
kvinnokön,lb,1940,5,5,5,5,0,4503154,1.1103328911247539
kvinnokön,lb,1950,1,1,1,1,0,737649,1.3556583144557912
kvinnokön,lb,1960,0,0,0,0,0,803051,0.0
kvinnokön,lb,1970,0,0,0,0,0,88498,0.0
kvinnokön,lb,1980,0,0,0,0,0,441715,0.0
kvinnokön,lb,1990,0,0,0,0,0,289511,0.0
kvinnokön,lb,2000,0,0,0,0,0,104933,0.0
kvinnokön,lb,2010,0,0,0,0,0,355677,0.0
kvinnokön,lb,2020,0,0,0,0,0,475824,0.0
kvinnokön,tkr,1860,0,0,0,0,0,14301457,0.0
kvinnokön,tkr,1870,0,0,0,0,0,48663079,0.0
kvinnokön,tkr,1880,0,0,0,0,0,45300858,0.0
kvinnokön,tkr,1890,0,0,0,0,0,54990491,0.0
kvinnokön,tkr,1900,15,15,0,15,0,91612739,0.1637326878743359
kvinnokön,tkr,1910,32,32,0,32,0,146452973,0.2185001734310986
kvinnokön,tkr,1920,10,10,0,10,0,129092646,0.0774637464631409
kvinnokön,tkr,1930,50,50,0,50,0,130093121,0.3843400759060888
kvinnokön,tkr,1940,12,12,0,12,0,133229745,0.09006997649061026
kvinnokön,tkr,1950,3,3,0,3,0,134940616,0.022232001668052264
kvinnokön,tkr,1960,8,8,0,8,0,145935106,0.05481888641654188
kvinnokön,tkr,1970,1,1,0,1,0,17225518,0.05805340657970344
kvinnsperson,kubhist2,1870,0,0,0,0,0,96758392,0.0
kvinnsperson,kubhist2,1880,10,10,10,10,0,1450309699,0.006895079035115796
kvinnsperson,kubhist2,1890,46,46,46,46,0,1037122519,0.044353486841991904
kvinnsperson,kubhist2,1900,15,15,15,15,0,77752738,0.19291925128090023
kvinnsperson,lb,1620,0,0,0,0,0,12158,0.0
kvinnsperson,lb,1640,0,0,0,0,0,48209,0.0
kvinnsperson,lb,1700,0,0,0,0,0,1796708,0.0
kvinnsperson,lb,1710,0,0,0,0,0,64639,0.0
kvinnsperson,lb,1730,0,0,0,0,0,33381,0.0
kvinnsperson,lb,1740,0,0,0,0,0,47561,0.0
kvinnsperson,lb,1750,0,0,0,0,0,1095966,0.0
kvinnsperson,lb,1760,0,0,0,0,0,24422,0.0
kvinnsperson,lb,1770,0,0,0,0,0,69907,0.0
kvinnsperson,lb,1780,0,0,0,0,0,48621,0.0
kvinnsperson,lb,1790,0,0,0,0,0,789177,0.0
kvinnsperson,lb,1800,0,0,0,0,0,736942,0.0
kvinnsperson,lb,1810,0,0,0,0,0,1369393,0.0
kvinnsperson,lb,1820,0,0,0,0,0,842254,0.0
kvinnsperson,lb,1830,0,0,0,0,0,11653970,0.0
kvinnsperson,lb,1840,0,0,0,0,0,30985848,0.0
kvinnsperson,lb,1850,0,0,0,0,0,24055763,0.0
kvinnsperson,lb,1860,0,0,0,0,0,30066424,0.0
kvinnsperson,lb,1870,0,0,0,0,0,34605387,0.0
kvinnsperson,lb,1880,0,0,0,0,0,55511947,0.0
kvinnsperson,lb,1890,11,11,11,11,0,62219305,0.1767940030831267
kvinnsperson,lb,1900,2,2,2,2,0,24058613,0.08313031179311958
kvinnsperson,lb,1910,6,6,6,6,0,20653390,0.29050920938402847
kvinnsperson,lb,1920,4,4,4,4,0,19664571,0.20341150590063725
kvinnsperson,lb,1930,6,6,6,6,0,16234117,0.36959201415143184
kvinnsperson,lb,1940,2,2,2,2,0,4503154,0.44413315644990153
kvinnsperson,lb,1950,0,0,0,0,0,737649,0.0
kvinnsperson,lb,1960,0,0,0,0,0,803051,0.0
kvinnsperson,lb,1970,0,0,0,0,0,88498,0.0
kvinnsperson,lb,1980,0,0,0,0,0,441715,0.0
kvinnsperson,lb,1990,0,0,0,0,0,289511,0.0
kvinnsperson,lb,2000,0,0,0,0,0,104933,0.0
kvinnsperson,lb,2010,0,0,0,0,0,355677,0.0
kvinnsperson,lb,2020,0,0,0,0,0,475824,0.0
kvinnsperson,tkr,1860,0,0,0,0,0,14301457,0.0
kvinnsperson,tkr,1870,0,0,0,0,0,48663079,0.0
kvinnsperson,tkr,1880,0,0,0,0,0,45300858,0.0
kvinnsperson,tkr,1890,0,0,0,0,0,54990491,0.0
kvinnsperson,tkr,1900,1,1,0,1,0,91612739,0.010915512524955727
kvinnsperson,tkr,1910,18,18,0,18,0,146452973,0.12290634755499295
kvinnsperson,tkr,1920,0,0,0,0,0,129092646,0.0
kvinnsperson,tkr,1930,2,2,0,2,0,130093121,0.015373603036243553
kvinnsperson,tkr,1940,0,0,0,0,0,133229745,0.0
kvinnsperson,tkr,1950,0,0,0,0,0,134940616,0.0
kvinnsperson,tkr,1960,1,1,0,1,0,145935106,0.006852360802067735
kvinnsperson,tkr,1970,0,0,0,0,0,17225518,0.0
käring,kubhist2,1870,68,32,32,32,36,96758392,0.7027814186907942
käring,kubhist2,1880,2714,2714,2714,100,0,1450309699,1.871324450130427
käring,kubhist2,1890,2773,2772,2772,100,1,1037122519,2.6737438915835554
käring,kubhist2,1900,567,560,560,100,7,77752738,7.292347698418029
käring,lb,1620,0,0,0,0,0,12158,0.0
käring,lb,1640,6,0,0,0,6,48209,124.45808873861728
käring,lb,1700,0,0,0,0,0,1796708,0.0
käring,lb,1710,0,0,0,0,0,64639,0.0
käring,lb,1730,0,0,0,0,0,33381,0.0
käring,lb,1740,0,0,0,0,0,47561,0.0
käring,lb,1750,1,1,1,1,0,1095966,0.9124370646534655
käring,lb,1760,0,0,0,0,0,24422,0.0
käring,lb,1770,0,0,0,0,0,69907,0.0
käring,lb,1780,0,0,0,0,0,48621,0.0
käring,lb,1790,2,2,2,2,0,789177,2.5342857179061227
käring,lb,1800,1,1,1,1,0,736942,1.356958892287317
käring,lb,1810,11,11,11,11,0,1369393,8.032756118951973
käring,lb,1820,3,3,3,3,0,842254,3.5618708845550153
käring,lb,1830,77,77,77,77,0,11653970,6.607190511044734
käring,lb,1840,621,620,620,100,1,30985848,20.041407290192605
käring,lb,1850,255,255,255,100,0,24055763,10.600370480869802
käring,lb,1860,296,296,296,100,0,30066424,9.844868814462272
käring,lb,1870,437,436,436,100,1,34605387,12.628091689886318
käring,lb,1880,1712,1711,1711,100,1,55511947,30.84020814474405
käring,lb,1890,1345,1345,1345,100,0,62219305,21.617084922436856
käring,lb,1900,532,532,532,100,0,24058613,22.11266293696981
käring,lb,1910,365,365,365,100,0,20653390,17.672643570861734
käring,lb,1920,607,607,607,100,0,19664571,30.8676960204217
käring,lb,1930,163,163,163,100,0,16234117,10.040583051113899
käring,lb,1940,81,81,81,81,0,4503154,17.987392836221012
käring,lb,1950,41,41,41,41,0,737649,55.58199089268744
käring,lb,1960,0,0,0,0,0,803051,0.0
käring,lb,1970,0,0,0,0,0,88498,0.0
käring,lb,1980,0,0,0,0,0,441715,0.0
käring,lb,1990,0,0,0,0,0,289511,0.0
käring,lb,2000,0,0,0,0,0,104933,0.0
käring,lb,2010,6,6,6,6,0,355677,16.869238100861175
käring,lb,2020,0,0,0,0,0,475824,0.0
käring,tkr,1860,3,3,0,3,0,14301457,0.20976883683949124
käring,tkr,1870,9,9,0,9,0,48663079,0.18494514085308905
käring,tkr,1880,7,7,0,7,0,45300858,0.15452245959668137
käring,tkr,1890,2,2,0,2,0,54990491,0.03636992439292822
käring,tkr,1900,11,10,0,10,1,91612739,0.120070637774513
käring,tkr,1910,7,7,0,7,0,146452973,0.04779691293805282
käring,tkr,1920,16,16,0,16,0,129092646,0.12394199434102544
käring,tkr,1930,21,21,0,21,0,130093121,0.1614228318805573
käring,tkr,1940,11,11,0,11,0,133229745,0.08256414511639273
käring,tkr,1950,6,6,0,6,0,134940616,0.04446400333610453
käring,tkr,1960,4,4,0,4,0,145935106,0.02740944320827094
käring,tkr,1970,1,1,0,1,0,17225518,0.05805340657970344
kärring,kubhist2,1870,5,2,2,2,3,96758392,0.05167510431549958
kärring,kubhist2,1880,232,231,231,100,1,1450309699,0.15996583361468647
kärring,kubhist2,1890,228,228,228,100,0,1037122519,0.21983902173856856
kärring,kubhist2,1900,21,21,21,21,0,77752738,0.2700869517932603
kärring,lb,1620,0,0,0,0,0,12158,0.0
kärring,lb,1640,0,0,0,0,0,48209,0.0
kärring,lb,1700,0,0,0,0,0,1796708,0.0
kärring,lb,1710,0,0,0,0,0,64639,0.0
kärring,lb,1730,0,0,0,0,0,33381,0.0
kärring,lb,1740,0,0,0,0,0,47561,0.0
kärring,lb,1750,0,0,0,0,0,1095966,0.0
kärring,lb,1760,0,0,0,0,0,24422,0.0
kärring,lb,1770,0,0,0,0,0,69907,0.0
kärring,lb,1780,0,0,0,0,0,48621,0.0
kärring,lb,1790,1,1,1,1,0,789177,1.2671428589530613
kärring,lb,1800,0,0,0,0,0,736942,0.0
kärring,lb,1810,0,0,0,0,0,1369393,0.0
kärring,lb,1820,1,1,1,1,0,842254,1.187290294851672
kärring,lb,1830,17,17,17,17,0,11653970,1.4587303725683178
kärring,lb,1840,91,91,91,91,0,30985848,2.9368245787560823
kärring,lb,1850,88,88,88,88,0,24055763,3.65816706790801
kärring,lb,1860,81,81,81,81,0,30066424,2.6940350472008245
kärring,lb,1870,51,51,51,51,0,34605387,1.4737589844032086
kärring,lb,1880,66,66,66,66,0,55511947,1.1889332579165346
kärring,lb,1890,143,143,143,100,0,62219305,2.298322040080647
kärring,lb,1900,17,17,17,17,0,24058613,0.7066076502415164
kärring,lb,1910,36,36,36,36,0,20653390,1.7430552563041708
kärring,lb,1920,63,63,63,63,0,19664571,3.2037312179350366
kärring,lb,1930,7,7,7,7,0,16234117,0.4311906831766705
kärring,lb,1940,17,17,17,17,0,4503154,3.775131829824163
kärring,lb,1950,0,0,0,0,0,737649,0.0
kärring,lb,1960,0,0,0,0,0,803051,0.0
kärring,lb,1970,0,0,0,0,0,88498,0.0
kärring,lb,1980,0,0,0,0,0,441715,0.0
kärring,lb,1990,0,0,0,0,0,289511,0.0
kärring,lb,2000,0,0,0,0,0,104933,0.0
kärring,lb,2010,0,0,0,0,0,355677,0.0
kärring,lb,2020,0,0,0,0,0,475824,0.0
kärring,tkr,1860,0,0,0,0,0,14301457,0.0
kärring,tkr,1870,1,1,0,1,0,48663079,0.020549460094787673
kärring,tkr,1880,0,0,0,0,0,45300858,0.0
kärring,tkr,1890,0,0,0,0,0,54990491,0.0
kärring,tkr,1900,0,0,0,0,0,91612739,0.0
kärring,tkr,1910,0,0,0,0,0,146452973,0.0
kärring,tkr,1920,1,1,0,1,0,129092646,0.00774637464631409
kärring,tkr,1930,4,4,0,4,0,130093121,0.030747206072487106
kärring,tkr,1940,3,3,0,3,0,133229745,0.022517494122652564
kärring,tkr,1950,0,0,0,0,0,134940616,0.0
kärring,tkr,1960,3,3,0,3,0,145935106,0.020557082406203207
kärring,tkr,1970,0,0,0,0,0,17225518,0.0
landshövdingska,kubhist2,1870,0,0,0,0,0,96758392,0.0
landshövdingska,kubhist2,1880,0,0,0,0,0,1450309699,0.0
landshövdingska,kubhist2,1890,0,0,0,0,0,1037122519,0.0
landshövdingska,kubhist2,1900,0,0,0,0,0,77752738,0.0
landshövdingska,lb,1620,0,0,0,0,0,12158,0.0
landshövdingska,lb,1640,0,0,0,0,0,48209,0.0
landshövdingska,lb,1700,0,0,0,0,0,1796708,0.0
landshövdingska,lb,1710,0,0,0,0,0,64639,0.0
landshövdingska,lb,1730,0,0,0,0,0,33381,0.0
landshövdingska,lb,1740,0,0,0,0,0,47561,0.0
landshövdingska,lb,1750,0,0,0,0,0,1095966,0.0
landshövdingska,lb,1760,0,0,0,0,0,24422,0.0
landshövdingska,lb,1770,0,0,0,0,0,69907,0.0
landshövdingska,lb,1780,0,0,0,0,0,48621,0.0
landshövdingska,lb,1790,0,0,0,0,0,789177,0.0
landshövdingska,lb,1800,0,0,0,0,0,736942,0.0
landshövdingska,lb,1810,0,0,0,0,0,1369393,0.0
landshövdingska,lb,1820,0,0,0,0,0,842254,0.0
landshövdingska,lb,1830,0,0,0,0,0,11653970,0.0
landshövdingska,lb,1840,0,0,0,0,0,30985848,0.0
landshövdingska,lb,1850,0,0,0,0,0,24055763,0.0
landshövdingska,lb,1860,0,0,0,0,0,30066424,0.0
landshövdingska,lb,1870,0,0,0,0,0,34605387,0.0
landshövdingska,lb,1880,0,0,0,0,0,55511947,0.0
landshövdingska,lb,1890,0,0,0,0,0,62219305,0.0
landshövdingska,lb,1900,0,0,0,0,0,24058613,0.0
landshövdingska,lb,1910,1,1,1,1,0,20653390,0.04841820156400475
landshövdingska,lb,1920,0,0,0,0,0,19664571,0.0
landshövdingska,lb,1930,0,0,0,0,0,16234117,0.0
landshövdingska,lb,1940,0,0,0,0,0,4503154,0.0
landshövdingska,lb,1950,0,0,0,0,0,737649,0.0
landshövdingska,lb,1960,0,0,0,0,0,803051,0.0
landshövdingska,lb,1970,0,0,0,0,0,88498,0.0
landshövdingska,lb,1980,0,0,0,0,0,441715,0.0
landshövdingska,lb,1990,0,0,0,0,0,289511,0.0
landshövdingska,lb,2000,0,0,0,0,0,104933,0.0
landshövdingska,lb,2010,0,0,0,0,0,355677,0.0
landshövdingska,lb,2020,0,0,0,0,0,475824,0.0
landshövdingska,tkr,1860,0,0,0,0,0,14301457,0.0
landshövdingska,tkr,1870,0,0,0,0,0,48663079,0.0
landshövdingska,tkr,1880,0,0,0,0,0,45300858,0.0
landshövdingska,tkr,1890,0,0,0,0,0,54990491,0.0
landshövdingska,tkr,1900,0,0,0,0,0,91612739,0.0
landshövdingska,tkr,1910,0,0,0,0,0,146452973,0.0
landshövdingska,tkr,1920,0,0,0,0,0,129092646,0.0
landshövdingska,tkr,1930,0,0,0,0,0,130093121,0.0
landshövdingska,tkr,1940,0,0,0,0,0,133229745,0.0
landshövdingska,tkr,1950,0,0,0,0,0,134940616,0.0
landshövdingska,tkr,1960,0,0,0,0,0,145935106,0.0
landshövdingska,tkr,1970,0,0,0,0,0,17225518,0.0
lillflicka,kubhist2,1870,0,0,0,0,0,96758392,0.0
lillflicka,kubhist2,1880,1,1,1,1,0,1450309699,0.0006895079035115796
lillflicka,kubhist2,1890,0,0,0,0,0,1037122519,0.0
lillflicka,kubhist2,1900,0,0,0,0,0,77752738,0.0
lillflicka,lb,1620,0,0,0,0,0,12158,0.0
lillflicka,lb,1640,0,0,0,0,0,48209,0.0
lillflicka,lb,1700,0,0,0,0,0,1796708,0.0
lillflicka,lb,1710,0,0,0,0,0,64639,0.0
lillflicka,lb,1730,0,0,0,0,0,33381,0.0
lillflicka,lb,1740,0,0,0,0,0,47561,0.0
lillflicka,lb,1750,0,0,0,0,0,1095966,0.0
lillflicka,lb,1760,0,0,0,0,0,24422,0.0
lillflicka,lb,1770,0,0,0,0,0,69907,0.0
lillflicka,lb,1780,0,0,0,0,0,48621,0.0
lillflicka,lb,1790,0,0,0,0,0,789177,0.0
lillflicka,lb,1800,0,0,0,0,0,736942,0.0
lillflicka,lb,1810,0,0,0,0,0,1369393,0.0
lillflicka,lb,1820,0,0,0,0,0,842254,0.0
lillflicka,lb,1830,0,0,0,0,0,11653970,0.0
lillflicka,lb,1840,0,0,0,0,0,30985848,0.0
lillflicka,lb,1850,0,0,0,0,0,24055763,0.0
lillflicka,lb,1860,0,0,0,0,0,30066424,0.0
lillflicka,lb,1870,1,1,1,1,0,34605387,0.028897234988298208
lillflicka,lb,1880,1,1,1,1,0,55511947,0.018014140271462645
lillflicka,lb,1890,0,0,0,0,0,62219305,0.0
lillflicka,lb,1900,1,1,1,1,0,24058613,0.04156515589655979
lillflicka,lb,1910,2,2,2,2,0,20653390,0.0968364031280095
lillflicka,lb,1920,1,1,1,1,0,19664571,0.05085287647515931
lillflicka,lb,1930,0,0,0,0,0,16234117,0.0
lillflicka,lb,1940,0,0,0,0,0,4503154,0.0
lillflicka,lb,1950,1,1,1,1,0,737649,1.3556583144557912
lillflicka,lb,1960,0,0,0,0,0,803051,0.0
lillflicka,lb,1970,0,0,0,0,0,88498,0.0
lillflicka,lb,1980,0,0,0,0,0,441715,0.0
lillflicka,lb,1990,0,0,0,0,0,289511,0.0
lillflicka,lb,2000,0,0,0,0,0,104933,0.0
lillflicka,lb,2010,0,0,0,0,0,355677,0.0
lillflicka,lb,2020,0,0,0,0,0,475824,0.0
lillflicka,tkr,1860,0,0,0,0,0,14301457,0.0
lillflicka,tkr,1870,0,0,0,0,0,48663079,0.0
lillflicka,tkr,1880,0,0,0,0,0,45300858,0.0
lillflicka,tkr,1890,0,0,0,0,0,54990491,0.0
lillflicka,tkr,1900,0,0,0,0,0,91612739,0.0
lillflicka,tkr,1910,0,0,0,0,0,146452973,0.0
lillflicka,tkr,1920,0,0,0,0,0,129092646,0.0
lillflicka,tkr,1930,0,0,0,0,0,130093121,0.0
lillflicka,tkr,1940,0,0,0,0,0,133229745,0.0
lillflicka,tkr,1950,0,0,0,0,0,134940616,0.0
lillflicka,tkr,1960,0,0,0,0,0,145935106,0.0
lillflicka,tkr,1970,0,0,0,0,0,17225518,0.0
liten,kubhist2,1870,134516,67076,67076,100,67440,96758392,1390.2256664207482
liten,kubhist2,1880,2035565,65163,65163,100,1970402,1450309699,1403.5381556115485
liten,kubhist2,1890,1421181,0,0,0,1421181,1037122519,1370.3115822519326
liten,kubhist2,1900,105835,0,0,0,105835,77752738,1361.1739306209383
liten,lb,1620,2,0,0,0,2,12158,164.50074025333114
liten,lb,1640,12,0,0,0,12,48209,248.91617747723456
liten,lb,1700,494,0,0,0,494,1796708,274.94729249271444
liten,lb,1710,88,0,0,0,88,64639,1361.4071999876235
liten,lb,1730,38,0,0,0,38,33381,1138.3721278571643
liten,lb,1740,73,0,0,0,73,47561,1534.8710077584576
liten,lb,1750,215,0,0,0,215,1095966,196.17396890049508
liten,lb,1760,51,0,0,0,51,24422,2088.2810580624027
liten,lb,1770,58,0,0,0,58,69907,829.6737093567168
liten,lb,1780,27,0,0,0,27,48621,555.3156043684828
liten,lb,1790,1186,0,0,0,1186,789177,1502.8314307183307
liten,lb,1800,1399,0,0,0,1399,736942,1898.3854903099566
liten,lb,1810,1397,0,0,0,1397,1369393,1020.1600271069007
liten,lb,1820,933,0,0,0,933,842254,1107.7418450966097
liten,lb,1830,18553,0,0,0,18553,11653970,1591.9896824858824
liten,lb,1840,63537,0,0,0,63537,30985848,2050.516739125552
liten,lb,1850,51596,0,0,0,51596,24055763,2144.849864042974
liten,lb,1860,66046,0,0,0,66046,30066424,2196.6696139188352
liten,lb,1870,76438,0,0,0,76438,34605387,2208.8468480355386
liten,lb,1880,128146,0,0,0,128146,55511947,2308.440019226852
liten,lb,1890,143173,0,0,0,143173,62219305,2301.1025275836814
liten,lb,1900,45042,0,0,0,45042,24058613,1872.1777518928461
liten,lb,1910,43343,0,0,0,43343,20653390,2098.5901103886576
liten,lb,1920,26635,0,0,0,26635,19664571,1354.4663649158683
liten,lb,1930,20590,0,0,0,20590,16234117,1268.3165952296636
liten,lb,1940,7650,0,0,0,7650,4503154,1698.8093234208734
liten,lb,1950,1638,0,0,0,1638,737649,2220.5683190785862
liten,lb,1960,413,0,0,0,413,803051,514.2886317307369
liten,lb,1970,52,0,0,0,52,88498,587.5839002011345
liten,lb,1980,148,0,0,0,148,441715,335.05767293390534
liten,lb,1990,186,0,0,0,186,289511,642.4626352711987
liten,lb,2000,159,0,0,0,159,104933,1515.2525897477437
liten,lb,2010,735,0,0,0,735,355677,2066.4816673554938
liten,lb,2020,978,0,0,0,978,475824,2055.381821850096
liten,tkr,1860,17281,0,0,0,17281,14301457,1208.3384231410828
liten,tkr,1870,59712,0,0,0,59712,48663079,1227.0493611799616
liten,tkr,1880,56101,0,0,0,56101,45300858,1238.4092151190603
liten,tkr,1890,69567,0,0,0,69567,54990491,1265.073265121419
liten,tkr,1900,117443,0,0,0,117443,91612739,1281.9505374683754
liten,tkr,1910,186070,0,0,0,186070,146452973,1270.5102271976411
liten,tkr,1920,148671,0,0,0,148671,129092646,1151.661265042162
liten,tkr,1930,150826,0,0,0,150826,130093121,1159.3695257722352
liten,tkr,1940,142996,0,0,0,142996,133229745,1073.3038631876088
liten,tkr,1950,145463,0,0,0,145463,134940616,1077.9778862132955
liten,tkr,1960,151131,0,0,0,151131,145935106,1035.604140377299
liten,tkr,1970,18344,0,0,0,18344,17225518,1064.93169029808
liten flicka,kubhist2,1870,459,0,0,0,459,96758392,4.743774576162862
liten flicka,kubhist2,1880,9386,9380,9380,100,6,1450309699,6.471721182359686
liten flicka,kubhist2,1890,7411,7408,7408,100,3,1037122519,7.145732412739174
liten flicka,kubhist2,1900,527,525,525,100,2,77752738,6.777896361668962
liten flicka,lb,1620,0,0,0,0,0,12158,0.0
liten flicka,lb,1640,0,0,0,0,0,48209,0.0
liten flicka,lb,1700,0,0,0,0,0,1796708,0.0
liten flicka,lb,1710,0,0,0,0,0,64639,0.0
liten flicka,lb,1730,0,0,0,0,0,33381,0.0
liten flicka,lb,1740,0,0,0,0,0,47561,0.0
liten flicka,lb,1750,0,0,0,0,0,1095966,0.0
liten flicka,lb,1760,0,0,0,0,0,24422,0.0
liten flicka,lb,1770,0,0,0,0,0,69907,0.0
liten flicka,lb,1780,0,0,0,0,0,48621,0.0
liten flicka,lb,1790,2,2,2,2,0,789177,2.5342857179061227
liten flicka,lb,1800,1,1,1,1,0,736942,1.356958892287317
liten flicka,lb,1810,0,0,0,0,0,1369393,0.0
liten flicka,lb,1820,2,2,2,2,0,842254,2.374580589703344
liten flicka,lb,1830,73,73,73,73,0,11653970,6.263959835146307
liten flicka,lb,1840,484,484,484,100,0,30985848,15.620034023274108
liten flicka,lb,1850,819,819,819,100,0,24055763,34.04589577973478
liten flicka,lb,1860,882,882,882,100,0,30066424,29.33504829174231
liten flicka,lb,1870,1189,1189,1189,100,0,34605387,34.358812401086574
liten flicka,lb,1880,1426,1426,1426,100,0,55511947,25.68816402710573
liten flicka,lb,1890,1906,1906,1906,100,0,62219305,30.633579079676316
liten flicka,lb,1900,577,577,577,100,0,24058613,23.983094952315
liten flicka,lb,1910,517,517,517,100,0,20653390,25.032210208590453
liten flicka,lb,1920,282,282,282,100,0,19664571,14.340511165994926
liten flicka,lb,1930,232,232,232,100,0,16234117,14.290891213855364
liten flicka,lb,1940,60,60,60,60,0,4503154,13.323994693497047
liten flicka,lb,1950,10,10,10,10,0,737649,13.556583144557914
liten flicka,lb,1960,1,1,1,1,0,803051,1.2452509242874985
liten flicka,lb,1970,0,0,0,0,0,88498,0.0
liten flicka,lb,1980,0,0,0,0,0,441715,0.0
liten flicka,lb,1990,0,0,0,0,0,289511,0.0
liten flicka,lb,2000,0,0,0,0,0,104933,0.0
liten flicka,lb,2010,4,4,4,4,0,355677,11.24615873390745
liten flicka,lb,2020,5,5,5,5,0,475824,10.508087023773497
liten flicka,tkr,1860,1,1,0,1,0,14301457,0.06992294561316376
liten flicka,tkr,1870,0,0,0,0,0,48663079,0.0
liten flicka,tkr,1880,4,4,0,4,0,45300858,0.08829854834096078
liten flicka,tkr,1890,8,8,0,8,0,54990491,0.1454796975717129
liten flicka,tkr,1900,2,2,0,2,0,91612739,0.021831025049911454
liten flicka,tkr,1910,9,9,0,9,0,146452973,0.06145317377749648
liten flicka,tkr,1920,9,9,0,9,0,129092646,0.06971737181682681
liten flicka,tkr,1930,14,14,0,14,0,130093121,0.10761522125370487
liten flicka,tkr,1940,10,10,0,10,0,133229745,0.07505831374217521
liten flicka,tkr,1950,15,15,0,15,0,134940616,0.11116000834026132
liten flicka,tkr,1960,24,24,0,24,0,145935106,0.16445665924962566
liten flicka,tkr,1970,0,0,0,0,0,17225518,0.0
livskamrat,kubhist2,1870,0,0,0,0,0,96758392,0.0
livskamrat,kubhist2,1880,0,0,0,0,0,1450309699,0.0
livskamrat,kubhist2,1890,0,0,0,0,0,1037122519,0.0
livskamrat,kubhist2,1900,0,0,0,0,0,77752738,0.0
livskamrat,lb,1620,0,0,0,0,0,12158,0.0
livskamrat,lb,1640,0,0,0,0,0,48209,0.0
livskamrat,lb,1700,0,0,0,0,0,1796708,0.0
livskamrat,lb,1710,0,0,0,0,0,64639,0.0
livskamrat,lb,1730,0,0,0,0,0,33381,0.0
livskamrat,lb,1740,0,0,0,0,0,47561,0.0
livskamrat,lb,1750,0,0,0,0,0,1095966,0.0
livskamrat,lb,1760,0,0,0,0,0,24422,0.0
livskamrat,lb,1770,0,0,0,0,0,69907,0.0
livskamrat,lb,1780,0,0,0,0,0,48621,0.0
livskamrat,lb,1790,0,0,0,0,0,789177,0.0
livskamrat,lb,1800,0,0,0,0,0,736942,0.0
livskamrat,lb,1810,0,0,0,0,0,1369393,0.0
livskamrat,lb,1820,0,0,0,0,0,842254,0.0
livskamrat,lb,1830,0,0,0,0,0,11653970,0.0
livskamrat,lb,1840,0,0,0,0,0,30985848,0.0
livskamrat,lb,1850,0,0,0,0,0,24055763,0.0
livskamrat,lb,1860,0,0,0,0,0,30066424,0.0
livskamrat,lb,1870,0,0,0,0,0,34605387,0.0
livskamrat,lb,1880,0,0,0,0,0,55511947,0.0
livskamrat,lb,1890,0,0,0,0,0,62219305,0.0
livskamrat,lb,1900,0,0,0,0,0,24058613,0.0
livskamrat,lb,1910,0,0,0,0,0,20653390,0.0
livskamrat,lb,1920,2,2,2,2,0,19664571,0.10170575295031863
livskamrat,lb,1930,0,0,0,0,0,16234117,0.0
livskamrat,lb,1940,0,0,0,0,0,4503154,0.0
livskamrat,lb,1950,0,0,0,0,0,737649,0.0
livskamrat,lb,1960,0,0,0,0,0,803051,0.0
livskamrat,lb,1970,0,0,0,0,0,88498,0.0
livskamrat,lb,1980,0,0,0,0,0,441715,0.0
livskamrat,lb,1990,0,0,0,0,0,289511,0.0
livskamrat,lb,2000,0,0,0,0,0,104933,0.0
livskamrat,lb,2010,0,0,0,0,0,355677,0.0
livskamrat,lb,2020,0,0,0,0,0,475824,0.0
livskamrat,tkr,1860,0,0,0,0,0,14301457,0.0
livskamrat,tkr,1870,0,0,0,0,0,48663079,0.0
livskamrat,tkr,1880,0,0,0,0,0,45300858,0.0
livskamrat,tkr,1890,0,0,0,0,0,54990491,0.0
livskamrat,tkr,1900,0,0,0,0,0,91612739,0.0
livskamrat,tkr,1910,0,0,0,0,0,146452973,0.0
livskamrat,tkr,1920,0,0,0,0,0,129092646,0.0
livskamrat,tkr,1930,0,0,0,0,0,130093121,0.0
livskamrat,tkr,1940,0,0,0,0,0,133229745,0.0
livskamrat,tkr,1950,1,1,0,1,0,134940616,0.007410667222684088
livskamrat,tkr,1960,5,5,0,5,0,145935106,0.034261804010338674
livskamrat,tkr,1970,0,0,0,0,0,17225518,0.0
lärarinna,kubhist2,1870,3605,1957,1957,100,1648,96758392,37.2577502114752
lärarinna,kubhist2,1880,57027,57012,57012,100,15,1450309699,39.320567213554845
lärarinna,kubhist2,1890,39940,39930,39930,100,10,1037122519,38.510397053677316
lärarinna,kubhist2,1900,3773,3772,3772,100,1,77752738,48.52562233885577
lärarinna,lb,1620,0,0,0,0,0,12158,0.0
lärarinna,lb,1640,0,0,0,0,0,48209,0.0
lärarinna,lb,1700,0,0,0,0,0,1796708,0.0
lärarinna,lb,1710,0,0,0,0,0,64639,0.0
lärarinna,lb,1730,0,0,0,0,0,33381,0.0
lärarinna,lb,1740,0,0,0,0,0,47561,0.0
lärarinna,lb,1750,0,0,0,0,0,1095966,0.0
lärarinna,lb,1760,0,0,0,0,0,24422,0.0
lärarinna,lb,1770,0,0,0,0,0,69907,0.0
lärarinna,lb,1780,0,0,0,0,0,48621,0.0
lärarinna,lb,1790,0,0,0,0,0,789177,0.0
lärarinna,lb,1800,0,0,0,0,0,736942,0.0
lärarinna,lb,1810,0,0,0,0,0,1369393,0.0
lärarinna,lb,1820,0,0,0,0,0,842254,0.0
lärarinna,lb,1830,26,26,26,26,0,11653970,2.2309993933397805
lärarinna,lb,1840,176,176,176,100,0,30985848,5.680012372099676
lärarinna,lb,1850,341,341,341,100,0,24055763,14.175397388143539
lärarinna,lb,1860,415,415,415,100,0,30066424,13.802772155411631
lärarinna,lb,1870,540,540,540,100,0,34605387,15.604506893681034
lärarinna,lb,1880,606,606,606,100,0,55511947,10.916569004506364
lärarinna,lb,1890,687,687,687,100,0,62219305,11.041589101646185
lärarinna,lb,1900,395,395,395,100,0,24058613,16.418236579141116
lärarinna,lb,1910,291,291,291,100,0,20653390,14.089696655125381
lärarinna,lb,1920,382,382,382,100,0,19664571,19.425798813510855
lärarinna,lb,1930,508,508,508,100,0,16234117,31.292123864821228
lärarinna,lb,1940,136,136,136,100,0,4503154,30.201054638593305
lärarinna,lb,1950,2,2,2,2,0,737649,2.7113166289115824
lärarinna,lb,1960,0,0,0,0,0,803051,0.0
lärarinna,lb,1970,0,0,0,0,0,88498,0.0
lärarinna,lb,1980,5,5,5,5,0,441715,11.319515977496803
lärarinna,lb,1990,0,0,0,0,0,289511,0.0
lärarinna,lb,2000,0,0,0,0,0,104933,0.0
lärarinna,lb,2010,0,0,0,0,0,355677,0.0
lärarinna,lb,2020,2,2,2,2,0,475824,4.203234809509398
lärarinna,tkr,1860,111,111,0,100,0,14301457,7.761446963061176
lärarinna,tkr,1870,1520,1520,0,100,0,48663079,31.235179344077263
lärarinna,tkr,1880,2791,2790,0,100,1,45300858,61.61031210490538
lärarinna,tkr,1890,5082,5081,0,100,1,54990491,92.41597788243062
lärarinna,tkr,1900,11062,11056,0,100,6,91612739,120.74739955106025
lärarinna,tkr,1910,15108,15101,0,100,7,146452973,103.15939438115743
lärarinna,tkr,1920,9343,9337,0,100,6,129092646,72.37437832051253
lärarinna,tkr,1930,8115,8112,0,100,3,130093121,62.37839431955822
lärarinna,tkr,1940,4897,4895,0,100,2,133229745,36.756056239543206
lärarinna,tkr,1950,1715,1715,0,100,0,134940616,12.70929428690321
lärarinna,tkr,1960,173,173,0,100,0,145935106,1.1854584187577182
lärarinna,tkr,1970,12,12,0,12,0,17225518,0.6966408789564412
madam,kubhist2,1870,143,102,102,100,41,96758392,1.477907983423288
madam,kubhist2,1880,14395,14392,14392,100,3,1450309699,9.925466271049189
madam,kubhist2,1890,4826,4825,4825,100,1,1037122519,4.653259293466368
madam,kubhist2,1900,120,120,120,100,0,77752738,1.5433540102472019
madam,lb,1620,0,0,0,0,0,12158,0.0
madam,lb,1640,0,0,0,0,0,48209,0.0
madam,lb,1700,0,0,0,0,0,1796708,0.0
madam,lb,1710,0,0,0,0,0,64639,0.0
madam,lb,1730,0,0,0,0,0,33381,0.0
madam,lb,1740,0,0,0,0,0,47561,0.0
madam,lb,1750,0,0,0,0,0,1095966,0.0
madam,lb,1760,0,0,0,0,0,24422,0.0
madam,lb,1770,0,0,0,0,0,69907,0.0
madam,lb,1780,0,0,0,0,0,48621,0.0
madam,lb,1790,0,0,0,0,0,789177,0.0
madam,lb,1800,0,0,0,0,0,736942,0.0
madam,lb,1810,0,0,0,0,0,1369393,0.0
madam,lb,1820,0,0,0,0,0,842254,0.0
madam,lb,1830,29,29,29,29,0,11653970,2.4884224002636013
madam,lb,1840,394,394,394,100,0,30985848,12.715482242086775
madam,lb,1850,337,337,337,100,0,24055763,14.009117066874994
madam,lb,1860,335,335,335,100,0,30066424,11.141996800151558
madam,lb,1870,384,384,384,100,0,34605387,11.096538235506513
madam,lb,1880,523,523,523,100,0,55511947,9.421395361974964
madam,lb,1890,349,349,349,100,0,62219305,5.609191552364656
madam,lb,1900,50,50,50,50,0,24058613,2.0782577948279894
madam,lb,1910,117,117,117,100,0,20653390,5.664929582988555
madam,lb,1920,49,49,49,49,0,19664571,2.4917909472828064
madam,lb,1930,12,12,12,12,0,16234117,0.7391840283028637
madam,lb,1940,16,16,16,16,0,4503154,3.5530652515992123
madam,lb,1950,11,11,11,11,0,737649,14.912241459013705
madam,lb,1960,0,0,0,0,0,803051,0.0
madam,lb,1970,0,0,0,0,0,88498,0.0
madam,lb,1980,0,0,0,0,0,441715,0.0
madam,lb,1990,0,0,0,0,0,289511,0.0
madam,lb,2000,0,0,0,0,0,104933,0.0
madam,lb,2010,0,0,0,0,0,355677,0.0
madam,lb,2020,0,0,0,0,0,475824,0.0
madam,tkr,1860,0,0,0,0,0,14301457,0.0
madam,tkr,1870,0,0,0,0,0,48663079,0.0
madam,tkr,1880,0,0,0,0,0,45300858,0.0
madam,tkr,1890,0,0,0,0,0,54990491,0.0
madam,tkr,1900,0,0,0,0,0,91612739,0.0
madam,tkr,1910,1,1,0,1,0,146452973,0.006828130419721831
madam,tkr,1920,0,0,0,0,0,129092646,0.0
madam,tkr,1930,0,0,0,0,0,130093121,0.0
madam,tkr,1940,0,0,0,0,0,133229745,0.0
madam,tkr,1950,0,0,0,0,0,134940616,0.0
madam,tkr,1960,0,0,0,0,0,145935106,0.0
madam,tkr,1970,0,0,0,0,0,17225518,0.0
madame,kubhist2,1870,664,367,367,100,297,96758392,6.862453853098344
madame,kubhist2,1880,8759,8758,8758,100,1,1450309699,6.039399726857925
madame,kubhist2,1890,5149,5148,5148,100,1,1037122519,4.964697907596007
madame,kubhist2,1900,172,172,172,100,0,77752738,2.2121407480209894
madame,lb,1620,0,0,0,0,0,12158,0.0
madame,lb,1640,0,0,0,0,0,48209,0.0
madame,lb,1700,0,0,0,0,0,1796708,0.0
madame,lb,1710,0,0,0,0,0,64639,0.0
madame,lb,1730,0,0,0,0,0,33381,0.0
madame,lb,1740,0,0,0,0,0,47561,0.0
madame,lb,1750,0,0,0,0,0,1095966,0.0
madame,lb,1760,0,0,0,0,0,24422,0.0
madame,lb,1770,0,0,0,0,0,69907,0.0
madame,lb,1780,0,0,0,0,0,48621,0.0
madame,lb,1790,6,6,6,6,0,789177,7.602857153718367
madame,lb,1800,0,0,0,0,0,736942,0.0
madame,lb,1810,1,1,1,1,0,1369393,0.7302505562683612
madame,lb,1820,0,0,0,0,0,842254,0.0
madame,lb,1830,20,20,20,20,0,11653970,1.7161533794921386
madame,lb,1840,325,325,325,100,0,30985848,10.488659209843151
madame,lb,1850,427,427,427,100,0,24055763,17.750424295417275
madame,lb,1860,727,727,727,100,0,30066424,24.17979604092592
madame,lb,1870,549,549,549,100,0,34605387,15.864582008575717
madame,lb,1880,822,822,822,100,0,55511947,14.807623303142295
madame,lb,1890,688,688,688,100,0,62219305,11.05766128374465
madame,lb,1900,215,215,215,100,0,24058613,8.936508517760355
madame,lb,1910,285,285,285,100,0,20653390,13.799187445741353
madame,lb,1920,130,130,130,100,0,19664571,6.61087394177071
madame,lb,1930,96,96,96,96,0,16234117,5.913472226422909
madame,lb,1940,30,30,30,30,0,4503154,6.661997346748524
madame,lb,1950,7,7,7,7,0,737649,9.489608201190538
madame,lb,1960,0,0,0,0,0,803051,0.0
madame,lb,1970,0,0,0,0,0,88498,0.0
madame,lb,1980,0,0,0,0,0,441715,0.0
madame,lb,1990,1,1,1,1,0,289511,3.4541001896301005
madame,lb,2000,0,0,0,0,0,104933,0.0
madame,lb,2010,1,1,1,1,0,355677,2.8115396834768625
madame,lb,2020,0,0,0,0,0,475824,0.0
madame,tkr,1860,0,0,0,0,0,14301457,0.0
madame,tkr,1870,2,2,0,2,0,48663079,0.041098920189575346
madame,tkr,1880,2,2,0,2,0,45300858,0.04414927417048039
madame,tkr,1890,0,0,0,0,0,54990491,0.0
madame,tkr,1900,0,0,0,0,0,91612739,0.0
madame,tkr,1910,3,3,0,3,0,146452973,0.020484391259165492
madame,tkr,1920,0,0,0,0,0,129092646,0.0
madame,tkr,1930,1,1,0,1,0,130093121,0.0076868015181217764
madame,tkr,1940,2,2,0,2,0,133229745,0.015011662748435043
madame,tkr,1950,1,1,0,1,0,134940616,0.007410667222684088
madame,tkr,1960,1,1,0,1,0,145935106,0.006852360802067735
madame,tkr,1970,0,0,0,0,0,17225518,0.0
maka,kubhist2,1870,5500,3120,3120,100,2380,96758392,56.84261474704954
maka,kubhist2,1880,59715,59709,59709,100,6,1450309699,41.17396445819397
maka,kubhist2,1890,59927,59915,59915,100,12,1037122519,57.781987086522804
maka,kubhist2,1900,3906,3906,3906,100,0,77752738,50.23617303354642
maka,lb,1620,0,0,0,0,0,12158,0.0
maka,lb,1640,3,0,0,0,3,48209,62.22904436930864
maka,lb,1700,5,5,5,5,0,1796708,2.782867332922211
maka,lb,1710,36,36,36,36,0,64639,556.939309085846
maka,lb,1730,12,12,12,12,0,33381,359.4859351127887
maka,lb,1740,0,0,0,0,0,47561,0.0
maka,lb,1750,3,3,3,3,0,1095966,2.7373111939603967
maka,lb,1760,1,1,1,1,0,24422,40.94668741298829
maka,lb,1770,3,3,3,3,0,69907,42.91415738051983
maka,lb,1780,5,5,5,5,0,48621,102.8362230312005
maka,lb,1790,44,44,44,44,0,789177,55.75428579393469
maka,lb,1800,29,29,29,29,0,736942,39.351807876332195
maka,lb,1810,78,78,78,78,0,1369393,56.959543388932175
maka,lb,1820,200,200,200,100,0,842254,237.45805897033438
maka,lb,1830,1394,1393,1393,100,1,11653970,119.61589055060207
maka,lb,1840,3656,3656,3656,100,0,30985848,117.98934791134327
maka,lb,1850,3165,3164,3164,100,1,24055763,131.56930420373695
maka,lb,1860,3885,3884,3884,100,1,30066424,129.21390318981733
maka,lb,1870,2986,2986,2986,100,0,34605387,86.28714367505846
maka,lb,1880,3897,3896,3896,100,1,55511947,70.20110463788993
maka,lb,1890,4151,4150,4150,100,1,62219305,66.71562789073263
maka,lb,1900,863,862,862,100,1,24058613,35.8707295387311
maka,lb,1910,837,837,837,100,0,20653390,40.52603470907197
maka,lb,1920,517,517,517,100,0,19664571,26.290937137657362
maka,lb,1930,305,305,305,100,0,16234117,18.787594052697784
maka,lb,1940,91,90,90,90,1,4503154,20.20805861847052
maka,lb,1950,12,12,12,12,0,737649,16.267899773469495
maka,lb,1960,18,18,18,18,0,803051,22.414516637174973
maka,lb,1970,5,5,5,5,0,88498,56.49845194241678
maka,lb,1980,3,3,3,3,0,441715,6.791709586498081
maka,lb,1990,1,1,1,1,0,289511,3.4541001896301005
maka,lb,2000,6,6,6,6,0,104933,57.17934300934882
maka,lb,2010,10,10,10,10,0,355677,28.115396834768625
maka,lb,2020,0,0,0,0,0,475824,0.0
maka,tkr,1860,80,80,0,80,0,14301457,5.5938356490531
maka,tkr,1870,303,303,0,100,0,48663079,6.226486408720665
maka,tkr,1880,186,186,0,100,0,45300858,4.105882497854676
maka,tkr,1890,320,320,0,100,0,54990491,5.819187902868516
maka,tkr,1900,222,222,0,100,0,91612739,2.4232437805401714
maka,tkr,1910,473,473,0,100,0,146452973,3.2297056885284263
maka,tkr,1920,389,389,0,100,0,129092646,3.0133397374161808
maka,tkr,1930,268,268,0,100,0,130093121,2.060062806856636
maka,tkr,1940,455,455,0,100,0,133229745,3.4151532752689726
maka,tkr,1950,508,508,0,100,0,134940616,3.7646189491235167
maka,tkr,1960,289,289,0,100,0,145935106,1.9803322717975755
maka,tkr,1970,42,42,0,42,0,17225518,2.4382430763475442
mamma,kubhist2,1870,1386,736,736,100,650,96758392,14.324338916256483
mamma,kubhist2,1880,30989,30979,30979,100,10,1450309699,21.36716042192034
mamma,kubhist2,1890,25070,25066,25066,100,4,1037122519,24.172650328885588
mamma,kubhist2,1900,1346,1346,1346,100,0,77752738,17.311287481606115
mamma,lb,1620,0,0,0,0,0,12158,0.0
mamma,lb,1640,0,0,0,0,0,48209,0.0
mamma,lb,1700,0,0,0,0,0,1796708,0.0
mamma,lb,1710,1,1,1,1,0,64639,15.470536363495722
mamma,lb,1730,0,0,0,0,0,33381,0.0
mamma,lb,1740,0,0,0,0,0,47561,0.0
mamma,lb,1750,5,5,5,5,0,1095966,4.562185323267328
mamma,lb,1760,0,0,0,0,0,24422,0.0
mamma,lb,1770,0,0,0,0,0,69907,0.0
mamma,lb,1780,0,0,0,0,0,48621,0.0
mamma,lb,1790,4,4,4,4,0,789177,5.068571435812245
mamma,lb,1800,3,3,3,3,0,736942,4.0708766768619515
mamma,lb,1810,10,10,10,10,0,1369393,7.302505562683613
mamma,lb,1820,44,44,44,44,0,842254,52.24077297347356
mamma,lb,1830,799,799,799,100,0,11653970,68.56032751071095
mamma,lb,1840,5020,5020,5020,100,0,30985848,162.00944379511577
mamma,lb,1850,4645,4643,4643,100,2,24055763,193.09302307309895
mamma,lb,1860,5670,5668,5668,100,2,30066424,188.5824533040577
mamma,lb,1870,5103,5102,5102,100,1,34605387,147.46259014528576
mamma,lb,1880,8715,8709,8709,100,6,55511947,156.99323246579695
mamma,lb,1890,11836,11833,11833,100,3,62219305,190.2303473174443
mamma,lb,1900,2388,2388,2388,100,0,24058613,99.25759228098478
mamma,lb,1910,2658,2658,2658,100,0,20653390,128.69557975712462
mamma,lb,1920,1086,1085,1085,100,1,19664571,55.22622385202301
mamma,lb,1930,1804,1804,1804,100,0,16234117,111.1239989215305
mamma,lb,1940,241,241,241,100,0,4503154,53.518045352213136
mamma,lb,1950,18,18,18,18,0,737649,24.401849660204242
mamma,lb,1960,0,0,0,0,0,803051,0.0
mamma,lb,1970,0,0,0,0,0,88498,0.0
mamma,lb,1980,22,22,22,22,0,441715,49.80587030098593
mamma,lb,1990,2,2,2,2,0,289511,6.908200379260201
mamma,lb,2000,3,3,3,3,0,104933,28.58967150467441
mamma,lb,2010,38,38,38,38,0,355677,106.83850797212077
mamma,lb,2020,15,15,15,15,0,475824,31.52426107132049
mamma,tkr,1860,0,0,0,0,0,14301457,0.0
mamma,tkr,1870,5,5,0,5,0,48663079,0.10274730047393836
mamma,tkr,1880,6,6,0,6,0,45300858,0.1324478225114412
mamma,tkr,1890,5,5,0,5,0,54990491,0.09092481098232057
mamma,tkr,1900,14,14,0,14,0,91612739,0.1528171753493802
mamma,tkr,1910,17,17,0,17,0,146452973,0.11607821713527113
mamma,tkr,1920,18,18,0,18,0,129092646,0.13943474363365363
mamma,tkr,1930,36,36,0,36,0,130093121,0.27672485465238394
mamma,tkr,1940,35,35,0,35,0,133229745,0.26270409809761325
mamma,tkr,1950,88,88,0,88,0,134940616,0.6521387155961997
mamma,tkr,1960,203,203,0,100,0,145935106,1.3910292428197504
mamma,tkr,1970,15,15,0,15,0,17225518,0.8708010986955516
mamsell,kubhist2,1870,1142,764,764,100,378,96758392,11.802593825660104
mamsell,kubhist2,1880,18123,18121,18121,100,2,1450309699,12.495951735340357
mamsell,kubhist2,1890,4741,4740,4740,100,1,1037122519,4.571301763432253
mamsell,kubhist2,1900,251,251,251,100,0,77752738,3.2281821381003972
mamsell,lb,1620,0,0,0,0,0,12158,0.0
mamsell,lb,1640,0,0,0,0,0,48209,0.0
mamsell,lb,1700,0,0,0,0,0,1796708,0.0
mamsell,lb,1710,0,0,0,0,0,64639,0.0
mamsell,lb,1730,0,0,0,0,0,33381,0.0
mamsell,lb,1740,0,0,0,0,0,47561,0.0
mamsell,lb,1750,0,0,0,0,0,1095966,0.0
mamsell,lb,1760,0,0,0,0,0,24422,0.0
mamsell,lb,1770,0,0,0,0,0,69907,0.0
mamsell,lb,1780,0,0,0,0,0,48621,0.0
mamsell,lb,1790,0,0,0,0,0,789177,0.0
mamsell,lb,1800,1,1,1,1,0,736942,1.356958892287317
mamsell,lb,1810,21,21,21,21,0,1369393,15.335261681635586
mamsell,lb,1820,2,2,2,2,0,842254,2.374580589703344
mamsell,lb,1830,418,418,418,100,0,11653970,35.8676056313857
mamsell,lb,1840,3621,3621,3621,100,0,30985848,116.85979999643709
mamsell,lb,1850,3399,3399,3399,100,0,24055763,141.2967029979469
mamsell,lb,1860,4758,4758,4758,100,0,30066424,158.24961425409288
mamsell,lb,1870,2807,2807,2807,100,0,34605387,81.11453861215307
mamsell,lb,1880,3290,3289,3289,100,1,55511947,59.2665214931121
mamsell,lb,1890,2838,2837,2837,100,1,62219305,45.612852795446685
mamsell,lb,1900,692,692,692,100,0,24058613,28.763087880419373
mamsell,lb,1910,697,697,697,100,0,20653390,33.74748649011131
mamsell,lb,1920,416,416,416,100,0,19664571,21.154796613666274
mamsell,lb,1930,210,210,210,100,0,16234117,12.935720495300114
mamsell,lb,1940,83,83,83,83,0,4503154,18.431525992670913
mamsell,lb,1950,41,41,41,41,0,737649,55.58199089268744
mamsell,lb,1960,5,5,5,5,0,803051,6.2262546214374925
mamsell,lb,1970,0,0,0,0,0,88498,0.0
mamsell,lb,1980,3,3,3,3,0,441715,6.791709586498081
mamsell,lb,1990,0,0,0,0,0,289511,0.0
mamsell,lb,2000,1,1,1,1,0,104933,9.529890501558137
mamsell,lb,2010,61,61,61,61,0,355677,171.5039206920886
mamsell,lb,2020,0,0,0,0,0,475824,0.0
mamsell,tkr,1860,1,1,0,1,0,14301457,0.06992294561316376
mamsell,tkr,1870,29,29,0,29,0,48663079,0.5959343427488425
mamsell,tkr,1880,14,13,0,13,1,45300858,0.30904491919336274
mamsell,tkr,1890,7,7,0,7,0,54990491,0.1272947353752488
mamsell,tkr,1900,6,6,0,6,0,91612739,0.06549307514973436
mamsell,tkr,1910,2,2,0,2,0,146452973,0.013656260839443662
mamsell,tkr,1920,3,3,0,3,0,129092646,0.023239123938942268
mamsell,tkr,1930,5,5,0,5,0,130093121,0.03843400759060889
mamsell,tkr,1940,0,0,0,0,0,133229745,0.0
mamsell,tkr,1950,0,0,0,0,0,134940616,0.0
mamsell,tkr,1960,0,0,0,0,0,145935106,0.0
mamsell,tkr,1970,0,0,0,0,0,17225518,0.0
matmor,kubhist2,1870,273,163,163,100,110,96758392,2.821460695626277
matmor,kubhist2,1880,3069,3067,3067,100,2,1450309699,2.1160997558770376
matmor,kubhist2,1890,2188,2188,2188,100,0,1037122519,2.109683243701702
matmor,kubhist2,1900,160,154,154,100,6,77752738,2.057805346996269
matmor,lb,1620,0,0,0,0,0,12158,0.0
matmor,lb,1640,0,0,0,0,0,48209,0.0
matmor,lb,1700,0,0,0,0,0,1796708,0.0
matmor,lb,1710,0,0,0,0,0,64639,0.0
matmor,lb,1730,0,0,0,0,0,33381,0.0
matmor,lb,1740,0,0,0,0,0,47561,0.0
matmor,lb,1750,0,0,0,0,0,1095966,0.0
matmor,lb,1760,0,0,0,0,0,24422,0.0
matmor,lb,1770,0,0,0,0,0,69907,0.0
matmor,lb,1780,0,0,0,0,0,48621,0.0
matmor,lb,1790,2,2,2,2,0,789177,2.5342857179061227
matmor,lb,1800,1,1,1,1,0,736942,1.356958892287317
matmor,lb,1810,1,1,1,1,0,1369393,0.7302505562683612
matmor,lb,1820,3,3,3,3,0,842254,3.5618708845550153
matmor,lb,1830,57,57,57,57,0,11653970,4.891037131552595
matmor,lb,1840,496,496,496,100,0,30985848,16.007307594099085
matmor,lb,1850,350,350,350,100,0,24055763,14.549528110997768
matmor,lb,1860,513,513,513,100,0,30066424,17.06222196560522
matmor,lb,1870,713,713,713,100,0,34605387,20.603728546656622
matmor,lb,1880,712,712,712,100,0,55511947,12.826067873281403
matmor,lb,1890,1024,1024,1024,100,0,62219305,16.457914468829248
matmor,lb,1900,231,231,231,100,0,24058613,9.601551012105311
matmor,lb,1910,148,147,147,100,1,20653390,7.165893831472703
matmor,lb,1920,94,94,94,94,0,19664571,4.780170388664975
matmor,lb,1930,72,72,72,72,0,16234117,4.435104169817182
matmor,lb,1940,26,26,26,26,0,4503154,5.77373103384872
matmor,lb,1950,7,7,7,7,0,737649,9.489608201190538
matmor,lb,1960,0,0,0,0,0,803051,0.0
matmor,lb,1970,0,0,0,0,0,88498,0.0
matmor,lb,1980,0,0,0,0,0,441715,0.0
matmor,lb,1990,0,0,0,0,0,289511,0.0
matmor,lb,2000,0,0,0,0,0,104933,0.0
matmor,lb,2010,10,10,10,10,0,355677,28.115396834768625
matmor,lb,2020,0,0,0,0,0,475824,0.0
matmor,tkr,1860,1,1,0,1,0,14301457,0.06992294561316376
matmor,tkr,1870,2,2,0,2,0,48663079,0.041098920189575346
matmor,tkr,1880,8,8,0,8,0,45300858,0.17659709668192156
matmor,tkr,1890,6,6,0,6,0,54990491,0.10910977317878467
matmor,tkr,1900,7,7,0,7,0,91612739,0.0764085876746901
matmor,tkr,1910,9,9,0,9,0,146452973,0.06145317377749648
matmor,tkr,1920,7,7,0,7,0,129092646,0.05422462252419863
matmor,tkr,1930,6,6,0,6,0,130093121,0.04612080910873066
matmor,tkr,1940,0,0,0,0,0,133229745,0.0
matmor,tkr,1950,0,0,0,0,0,134940616,0.0
matmor,tkr,1960,0,0,0,0,0,145935106,0.0
matmor,tkr,1970,0,0,0,0,0,17225518,0.0
moder,kubhist2,1870,4961,2059,2059,100,2902,96758392,51.272038501838686
moder,kubhist2,1880,100936,100915,100915,100,21,1450309699,69.5961697488448
moder,kubhist2,1890,79831,79818,79818,100,13,1037122519,76.97354800180555
moder,kubhist2,1900,5282,5281,5281,100,1,77752738,67.93329901771433
moder,lb,1620,0,0,0,0,0,12158,0.0
moder,lb,1640,1,0,0,0,1,48209,20.743014789769546
moder,lb,1700,383,383,383,100,0,1796708,213.16763770184136
moder,lb,1710,5,5,5,5,0,64639,77.35268181747861
moder,lb,1730,4,4,4,4,0,33381,119.82864503759623
moder,lb,1740,3,3,3,3,0,47561,63.07689072979962
moder,lb,1750,11,11,11,11,0,1095966,10.036807711188121
moder,lb,1760,0,0,0,0,0,24422,0.0
moder,lb,1770,2,2,2,2,0,69907,28.60943825367989
moder,lb,1780,4,4,4,4,0,48621,82.26897842496041
moder,lb,1790,24,24,24,24,0,789177,30.41142861487347
moder,lb,1800,46,46,46,46,0,736942,62.420109045216584
moder,lb,1810,71,71,71,71,0,1369393,51.84778949505365
moder,lb,1820,124,124,124,100,0,842254,147.2239965616073
moder,lb,1830,2178,2178,2178,100,0,11653970,186.8891030266939
moder,lb,1840,6019,6019,6019,100,0,30985848,194.24996856629517
moder,lb,1850,4618,4617,4617,100,1,24055763,191.97063090453625
moder,lb,1860,6723,6721,6721,100,2,30066424,223.60490891766844
moder,lb,1870,7911,7909,7909,100,2,34605387,228.60602599242713
moder,lb,1880,13018,13017,13017,100,1,55511947,234.50807805390073
moder,lb,1890,15441,15435,15435,100,6,62219305,248.1705637824145
moder,lb,1900,4489,4488,4488,100,1,24058613,186.5859848196569
moder,lb,1910,3270,3268,3268,100,2,20653390,158.3275191142955
moder,lb,1920,2706,2705,2705,100,1,19664571,137.6078837417811
moder,lb,1930,2665,2663,2663,100,2,16234117,164.16045295226098
moder,lb,1940,867,867,867,100,0,4503154,192.53172332103233
moder,lb,1950,77,77,77,77,0,737649,104.38569021309593
moder,lb,1960,30,30,30,30,0,803051,37.35752772862496
moder,lb,1970,2,2,2,2,0,88498,22.59938077696671
moder,lb,1980,10,10,10,10,0,441715,22.639031954993605
moder,lb,1990,36,36,36,36,0,289511,124.34760682668362
moder,lb,2000,3,3,3,3,0,104933,28.58967150467441
moder,lb,2010,36,36,36,36,0,355677,101.21542860516705
moder,lb,2020,12,12,12,12,0,475824,25.21940885705639
moder,tkr,1860,117,117,0,100,0,14301457,8.180984636740158
moder,tkr,1870,328,328,0,100,0,48663079,6.740222911090356
moder,tkr,1880,605,605,0,100,0,45300858,13.355155436570318
moder,tkr,1890,1069,1069,0,100,0,54990491,19.439724588020137
moder,tkr,1900,1787,1787,0,100,0,91612739,19.506020882095886
moder,tkr,1910,4100,4099,0,100,1,146452973,27.995334720859507
moder,tkr,1920,3075,3074,0,100,1,129092646,23.820102037415825
moder,tkr,1930,3121,3120,0,100,1,130093121,23.990507538058065
moder,tkr,1940,4985,4985,0,100,0,133229745,37.416569400474344
moder,tkr,1950,3985,3985,0,100,0,134940616,29.53150888239609
moder,tkr,1960,5304,5303,0,100,1,145935106,36.34492169416727
moder,tkr,1970,450,450,0,100,0,17225518,26.124032960866547
moderlig,kubhist2,1870,362,197,197,100,165,96758392,3.7412775524421695
moderlig,kubhist2,1880,6882,6882,6882,100,0,1450309699,4.745193391966691
moderlig,kubhist2,1890,3262,3261,3261,100,1,1037122519,3.1452407408386436
moderlig,kubhist2,1900,129,129,129,100,0,77752738,1.659105561015742
moderlig,lb,1620,0,0,0,0,0,12158,0.0
moderlig,lb,1640,0,0,0,0,0,48209,0.0
moderlig,lb,1700,1,1,1,1,0,1796708,0.5565734665844422
moderlig,lb,1710,0,0,0,0,0,64639,0.0
moderlig,lb,1730,0,0,0,0,0,33381,0.0
moderlig,lb,1740,0,0,0,0,0,47561,0.0
moderlig,lb,1750,0,0,0,0,0,1095966,0.0
moderlig,lb,1760,0,0,0,0,0,24422,0.0
moderlig,lb,1770,0,0,0,0,0,69907,0.0
moderlig,lb,1780,0,0,0,0,0,48621,0.0
moderlig,lb,1790,4,4,4,4,0,789177,5.068571435812245
moderlig,lb,1800,5,5,5,5,0,736942,6.784794461436586
moderlig,lb,1810,8,8,8,8,0,1369393,5.84200445014689
moderlig,lb,1820,32,32,32,32,0,842254,37.9932894352535
moderlig,lb,1830,187,187,187,100,0,11653970,16.046034098251496
moderlig,lb,1840,752,752,752,100,0,30985848,24.269143771698616
moderlig,lb,1850,412,412,412,100,0,24055763,17.12687309066023
moderlig,lb,1860,529,529,529,100,0,30066424,17.594377036657235
moderlig,lb,1870,425,424,424,100,1,34605387,12.281324870026738
moderlig,lb,1880,608,608,608,100,0,55511947,10.952597285049288
moderlig,lb,1890,550,550,550,100,0,62219305,8.839700154156334
moderlig,lb,1900,132,132,132,100,0,24058613,5.486600578345892
moderlig,lb,1910,164,164,164,100,0,20653390,7.940585056496778
moderlig,lb,1920,112,112,112,100,0,19664571,5.6955221652178425
moderlig,lb,1930,79,79,79,79,0,16234117,4.866294852993852
moderlig,lb,1940,20,20,20,20,0,4503154,4.4413315644990154
moderlig,lb,1950,2,2,2,2,0,737649,2.7113166289115824
moderlig,lb,1960,1,1,1,1,0,803051,1.2452509242874985
moderlig,lb,1970,0,0,0,0,0,88498,0.0
moderlig,lb,1980,0,0,0,0,0,441715,0.0
moderlig,lb,1990,3,3,3,3,0,289511,10.362300568890301
moderlig,lb,2000,0,0,0,0,0,104933,0.0
moderlig,lb,2010,1,1,1,1,0,355677,2.8115396834768625
moderlig,lb,2020,0,0,0,0,0,475824,0.0
moderlig,tkr,1860,2,2,0,2,0,14301457,0.1398458912263275
moderlig,tkr,1870,17,17,0,17,0,48663079,0.34934082161139046
moderlig,tkr,1880,11,11,0,11,0,45300858,0.24282100793764216
moderlig,tkr,1890,7,7,0,7,0,54990491,0.1272947353752488
moderlig,tkr,1900,14,14,0,14,0,91612739,0.1528171753493802
moderlig,tkr,1910,15,15,0,15,0,146452973,0.10242195629582747
moderlig,tkr,1920,8,8,0,8,0,129092646,0.06197099717051272
moderlig,tkr,1930,3,3,0,3,0,130093121,0.02306040455436533
moderlig,tkr,1940,3,3,0,3,0,133229745,0.022517494122652564
moderlig,tkr,1950,7,7,0,7,0,134940616,0.05187467055878862
moderlig,tkr,1960,2,2,0,2,0,145935106,0.01370472160413547
moderlig,tkr,1970,1,1,0,1,0,17225518,0.05805340657970344
moderlighet,kubhist2,1870,4,0,0,0,4,96758392,0.041340083452399666
moderlighet,kubhist2,1880,17,17,17,17,0,1450309699,0.011721634359696852
moderlighet,kubhist2,1890,47,47,47,47,0,1037122519,0.045317693077687383
moderlighet,kubhist2,1900,3,3,3,3,0,77752738,0.038583850256180045
moderlighet,lb,1620,0,0,0,0,0,12158,0.0
moderlighet,lb,1640,0,0,0,0,0,48209,0.0
moderlighet,lb,1700,0,0,0,0,0,1796708,0.0
moderlighet,lb,1710,0,0,0,0,0,64639,0.0
moderlighet,lb,1730,0,0,0,0,0,33381,0.0
moderlighet,lb,1740,0,0,0,0,0,47561,0.0
moderlighet,lb,1750,0,0,0,0,0,1095966,0.0
moderlighet,lb,1760,0,0,0,0,0,24422,0.0
moderlighet,lb,1770,0,0,0,0,0,69907,0.0
moderlighet,lb,1780,0,0,0,0,0,48621,0.0
moderlighet,lb,1790,0,0,0,0,0,789177,0.0
moderlighet,lb,1800,0,0,0,0,0,736942,0.0
moderlighet,lb,1810,0,0,0,0,0,1369393,0.0
moderlighet,lb,1820,0,0,0,0,0,842254,0.0
moderlighet,lb,1830,1,1,1,1,0,11653970,0.08580766897460694
moderlighet,lb,1840,3,3,3,3,0,30985848,0.09681839270624448
moderlighet,lb,1850,0,0,0,0,0,24055763,0.0
moderlighet,lb,1860,1,1,1,1,0,30066424,0.033259691940750916
moderlighet,lb,1870,1,1,1,1,0,34605387,0.028897234988298208
moderlighet,lb,1880,9,9,9,9,0,55511947,0.1621272624431638
moderlighet,lb,1890,69,69,69,69,0,62219305,1.1089805647941584
moderlighet,lb,1900,12,12,12,12,0,24058613,0.4987818707587175
moderlighet,lb,1910,11,11,11,11,0,20653390,0.5326002172040523
moderlighet,lb,1920,7,7,7,7,0,19664571,0.35597013532611516
moderlighet,lb,1930,25,25,25,25,0,16234117,1.539966725630966
moderlighet,lb,1940,7,7,7,7,0,4503154,1.5544660475746555
moderlighet,lb,1950,0,0,0,0,0,737649,0.0
moderlighet,lb,1960,1,1,1,1,0,803051,1.2452509242874985
moderlighet,lb,1970,0,0,0,0,0,88498,0.0
moderlighet,lb,1980,0,0,0,0,0,441715,0.0
moderlighet,lb,1990,0,0,0,0,0,289511,0.0
moderlighet,lb,2000,0,0,0,0,0,104933,0.0
moderlighet,lb,2010,0,0,0,0,0,355677,0.0
moderlighet,lb,2020,0,0,0,0,0,475824,0.0
moderlighet,tkr,1860,0,0,0,0,0,14301457,0.0
moderlighet,tkr,1870,0,0,0,0,0,48663079,0.0
moderlighet,tkr,1880,0,0,0,0,0,45300858,0.0
moderlighet,tkr,1890,0,0,0,0,0,54990491,0.0
moderlighet,tkr,1900,1,1,0,1,0,91612739,0.010915512524955727
moderlighet,tkr,1910,4,4,0,4,0,146452973,0.027312521678887324
moderlighet,tkr,1920,1,1,0,1,0,129092646,0.00774637464631409
moderlighet,tkr,1930,0,0,0,0,0,130093121,0.0
moderlighet,tkr,1940,0,0,0,0,0,133229745,0.0
moderlighet,tkr,1950,1,1,0,1,0,134940616,0.007410667222684088
moderlighet,tkr,1960,0,0,0,0,0,145935106,0.0
moderlighet,tkr,1970,0,0,0,0,0,17225518,0.0
mor,kubhist2,1870,10020,4718,4718,100,5302,96758392,103.55690904826116
mor,kubhist2,1880,175755,175727,175727,100,28,1450309699,121.18446158167767
mor,kubhist2,1890,135478,135461,135461,100,17,1037122519,130.62873239955172
mor,kubhist2,1900,10350,10340,10340,100,10,77752738,133.11428338382115
mor,lb,1620,0,0,0,0,0,12158,0.0
mor,lb,1640,5,0,0,0,5,48209,103.71507394884773
mor,lb,1700,383,383,383,100,0,1796708,213.16763770184136
mor,lb,1710,19,19,19,19,0,64639,293.9401909064187
mor,lb,1730,6,6,6,6,0,33381,179.74296755639435
mor,lb,1740,11,11,11,11,0,47561,231.28193267593196
mor,lb,1750,37,37,37,37,0,1095966,33.76017139217822
mor,lb,1760,2,2,2,2,0,24422,81.89337482597658
mor,lb,1770,8,8,8,8,0,69907,114.43775301471956
mor,lb,1780,8,8,8,8,0,48621,164.53795684992082
mor,lb,1790,70,70,70,70,0,789177,88.70000012671429
mor,lb,1800,100,99,99,99,1,736942,135.69588922873172
mor,lb,1810,197,197,197,100,0,1369393,143.85935958486715
mor,lb,1820,391,391,391,100,0,842254,464.23050528700367
mor,lb,1830,5228,5228,5228,100,0,11653970,448.6024933992451
mor,lb,1840,18331,18329,18329,100,2,30985848,591.5926522327225
mor,lb,1850,14244,14241,14241,100,3,24055763,592.124224037292
mor,lb,1860,19995,19991,19991,100,4,30066424,665.0275403553146
mor,lb,1870,20377,20373,20373,100,4,34605387,588.8389573565526
mor,lb,1880,33094,33091,33091,100,3,55511947,596.1599581437848
mor,lb,1890,38277,38269,38269,100,8,62219305,615.1949141829855
mor,lb,1900,10201,10199,10199,100,2,24058613,424.0061553008064
mor,lb,1910,8888,8886,8886,100,2,20653390,430.3409755008742
mor,lb,1920,5998,5996,5996,100,2,19664571,305.01555309800557
mor,lb,1930,5665,5663,5663,100,2,16234117,348.9564600279769
mor,lb,1940,2041,2041,2041,100,0,4503154,453.23788615712454
mor,lb,1950,253,253,253,100,0,737649,342.9815535573152
mor,lb,1960,60,60,60,60,0,803051,74.71505545724992
mor,lb,1970,11,11,11,11,0,88498,124.29659427331691
mor,lb,1980,55,55,55,55,0,441715,124.51467575246483
mor,lb,1990,43,43,43,43,0,289511,148.52630815409432
mor,lb,2000,29,29,29,29,0,104933,276.366824545186
mor,lb,2010,286,286,286,100,0,355677,804.1003494743827
mor,lb,2020,38,38,38,38,0,475824,79.86146138067858
mor,tkr,1860,141,141,0,100,0,14301457,9.85913533145609
mor,tkr,1870,395,395,0,100,0,48663079,8.117036737441131
mor,tkr,1880,667,667,0,100,0,45300858,14.72378293585521
mor,tkr,1890,1173,1173,0,100,0,54990491,21.330960656452405
mor,tkr,1900,2004,2004,0,100,0,91612739,21.874687100011275
mor,tkr,1910,4461,4460,0,100,1,146452973,30.460289802379087
mor,tkr,1920,3388,3387,0,100,1,129092646,26.244717301712136
mor,tkr,1930,3391,3390,0,100,1,130093121,26.065943947950945
mor,tkr,1940,5271,5271,0,100,0,133229745,39.56323717350056
mor,tkr,1950,4243,4243,0,100,0,134940616,31.443461025848585
mor,tkr,1960,5748,5747,0,100,1,145935106,39.38736989028534
mor,tkr,1970,484,484,0,100,0,17225518,28.097848784576463
mormor,kubhist2,1870,198,101,101,100,97,96758392,2.0463341308937832
mormor,kubhist2,1880,7384,7381,7381,100,3,1450309699,5.0913263595295035
mormor,kubhist2,1890,5047,5046,5046,100,1,1037122519,4.8663488715550685
mormor,kubhist2,1900,355,354,354,100,1,77752738,4.565755613647972
mormor,lb,1620,0,0,0,0,0,12158,0.0
mormor,lb,1640,0,0,0,0,0,48209,0.0
mormor,lb,1700,0,0,0,0,0,1796708,0.0
mormor,lb,1710,0,0,0,0,0,64639,0.0
mormor,lb,1730,0,0,0,0,0,33381,0.0
mormor,lb,1740,0,0,0,0,0,47561,0.0
mormor,lb,1750,0,0,0,0,0,1095966,0.0
mormor,lb,1760,0,0,0,0,0,24422,0.0
mormor,lb,1770,0,0,0,0,0,69907,0.0
mormor,lb,1780,0,0,0,0,0,48621,0.0
mormor,lb,1790,1,1,1,1,0,789177,1.2671428589530613
mormor,lb,1800,0,0,0,0,0,736942,0.0
mormor,lb,1810,4,4,4,4,0,1369393,2.921002225073445
mormor,lb,1820,3,3,3,3,0,842254,3.5618708845550153
mormor,lb,1830,240,240,240,100,0,11653970,20.593840553905665
mormor,lb,1840,631,631,631,100,0,30985848,20.364135265880087
mormor,lb,1850,541,541,541,100,0,24055763,22.489413451570837
mormor,lb,1860,784,784,784,100,0,30066424,26.07559848154872
mormor,lb,1870,1046,1045,1045,100,1,34605387,30.226507797759925
mormor,lb,1880,1328,1328,1328,100,0,55511947,23.922778280502392
mormor,lb,1890,2156,2156,2156,100,0,62219305,34.651624604292834
mormor,lb,1900,757,756,756,100,1,24058613,31.46482301369576
mormor,lb,1910,401,401,401,100,0,20653390,19.415698827165905
mormor,lb,1920,296,296,296,100,0,19664571,15.052451436647155
mormor,lb,1930,173,173,173,100,0,16234117,10.656569741366285
mormor,lb,1940,89,89,89,89,0,4503154,19.76392546202062
mormor,lb,1950,24,24,24,24,0,737649,32.53579954693899
mormor,lb,1960,8,8,8,8,0,803051,9.962007394299988
mormor,lb,1970,0,0,0,0,0,88498,0.0
mormor,lb,1980,2,2,2,2,0,441715,4.5278063909987205
mormor,lb,1990,3,3,3,3,0,289511,10.362300568890301
mormor,lb,2000,0,0,0,0,0,104933,0.0
mormor,lb,2010,1,1,1,1,0,355677,2.8115396834768625
mormor,lb,2020,3,3,3,3,0,475824,6.3048522142640975
mormor,tkr,1860,0,0,0,0,0,14301457,0.0
mormor,tkr,1870,0,0,0,0,0,48663079,0.0
mormor,tkr,1880,0,0,0,0,0,45300858,0.0
mormor,tkr,1890,1,1,0,1,0,54990491,0.01818496219646411
mormor,tkr,1900,7,7,0,7,0,91612739,0.0764085876746901
mormor,tkr,1910,17,17,0,17,0,146452973,0.11607821713527113
mormor,tkr,1920,21,21,0,21,0,129092646,0.1626738675725959
mormor,tkr,1930,26,26,0,26,0,130093121,0.1998568394711662
mormor,tkr,1940,21,21,0,21,0,133229745,0.15762245885856796
mormor,tkr,1950,21,21,0,21,0,134940616,0.15562401167636586
mormor,tkr,1960,44,44,0,44,0,145935106,0.3015038752909804
mormor,tkr,1970,3,3,0,3,0,17225518,0.1741602197391103
mö,kubhist2,1870,519,269,269,100,250,96758392,5.363875827948856
mö,kubhist2,1880,4692,4691,4691,100,1,1450309699,3.2351710832763314
mö,kubhist2,1890,3292,3291,3291,100,1,1037122519,3.1741669279095075
mö,kubhist2,1900,466,466,466,100,0,77752738,5.993358073126633
mö,lb,1620,0,0,0,0,0,12158,0.0
mö,lb,1640,0,0,0,0,0,48209,0.0
mö,lb,1700,0,0,0,0,0,1796708,0.0
mö,lb,1710,0,0,0,0,0,64639,0.0
mö,lb,1730,1,1,1,1,0,33381,29.957161259399058
mö,lb,1740,0,0,0,0,0,47561,0.0
mö,lb,1750,3,3,3,3,0,1095966,2.7373111939603967
mö,lb,1760,0,0,0,0,0,24422,0.0
mö,lb,1770,1,1,1,1,0,69907,14.304719126839945
mö,lb,1780,0,0,0,0,0,48621,0.0
mö,lb,1790,10,10,10,10,0,789177,12.671428589530612
mö,lb,1800,7,7,7,7,0,736942,9.49871224601122
mö,lb,1810,30,30,30,30,0,1369393,21.907516688050837
mö,lb,1820,58,58,58,58,0,842254,68.86283710139696
mö,lb,1830,527,527,527,100,0,11653970,45.22064154961785
mö,lb,1840,885,885,885,100,0,30985848,28.56142584834212
mö,lb,1850,680,680,680,100,0,24055763,28.267654615652805
mö,lb,1860,1094,1094,1094,100,0,30066424,36.3861029831815
mö,lb,1870,961,961,961,100,0,34605387,27.77024282375458
mö,lb,1880,1194,1194,1194,100,0,55511947,21.5088834841264
mö,lb,1890,878,878,878,100,0,62219305,14.111375882453203
mö,lb,1900,203,203,203,100,0,24058613,8.437726647001638
mö,lb,1910,108,108,108,100,0,20653390,5.229165768912512
mö,lb,1920,93,93,93,93,0,19664571,4.729317512189816
mö,lb,1930,63,63,63,63,0,16234117,3.880716148590034
mö,lb,1940,33,33,33,33,0,4503154,7.328197081423376
mö,lb,1950,3,3,3,3,0,737649,4.066974943367374
mö,lb,1960,2,2,2,2,0,803051,2.490501848574997
mö,lb,1970,3,3,3,3,0,88498,33.89907116545007
mö,lb,1980,0,0,0,0,0,441715,0.0
mö,lb,1990,1,1,1,1,0,289511,3.4541001896301005
mö,lb,2000,4,4,4,4,0,104933,38.11956200623255
mö,lb,2010,0,0,0,0,0,355677,0.0
mö,lb,2020,0,0,0,0,0,475824,0.0
mö,tkr,1860,93,93,0,93,0,14301457,6.502833942024229
mö,tkr,1870,70,70,0,70,0,48663079,1.4384622066351371
mö,tkr,1880,30,30,0,30,0,45300858,0.6622391125572059
mö,tkr,1890,33,33,0,33,0,54990491,0.6001037524833157
mö,tkr,1900,27,27,0,27,0,91612739,0.2947188381738046
mö,tkr,1910,62,62,0,62,0,146452973,0.42334408602275353
mö,tkr,1920,32,32,0,32,0,129092646,0.2478839886820509
mö,tkr,1930,25,25,0,25,0,130093121,0.1921700379530444
mö,tkr,1940,33,33,0,33,0,133229745,0.24769243534917823
mö,tkr,1950,17,17,0,17,0,134940616,0.1259813427856295
mö,tkr,1960,32,32,0,32,0,145935106,0.21927554566616753
mö,tkr,1970,7,7,0,7,0,17225518,0.40637384605792404
piga,kubhist2,1870,1693,920,920,100,773,96758392,17.497190321228157
piga,kubhist2,1880,41826,41815,41815,100,11,1450309699,28.839357572275325
piga,kubhist2,1890,20211,20206,20206,100,5,1037122519,19.48757222964127
piga,kubhist2,1900,1008,1007,1007,100,1,77752738,12.964173686076496
piga,lb,1620,0,0,0,0,0,12158,0.0
piga,lb,1640,0,0,0,0,0,48209,0.0
piga,lb,1700,56,56,56,56,0,1796708,31.168114128728764
piga,lb,1710,0,0,0,0,0,64639,0.0
piga,lb,1730,1,1,1,1,0,33381,29.957161259399058
piga,lb,1740,3,3,3,3,0,47561,63.07689072979962
piga,lb,1750,2,2,2,2,0,1095966,1.824874129306931
piga,lb,1760,0,0,0,0,0,24422,0.0
piga,lb,1770,4,4,4,4,0,69907,57.21887650735978
piga,lb,1780,1,1,1,1,0,48621,20.567244606240102
piga,lb,1790,9,9,9,9,0,789177,11.40428573057755
piga,lb,1800,14,14,14,14,0,736942,18.99742449202244
piga,lb,1810,54,54,54,54,0,1369393,39.433530038491504
piga,lb,1820,12,12,12,12,0,842254,14.247483538220061
piga,lb,1830,462,462,462,100,0,11653970,39.64314306626841
piga,lb,1840,1388,1387,1387,100,1,30985848,44.794643025422445
piga,lb,1850,1109,1109,1109,100,0,24055763,46.10121907170436
piga,lb,1860,1210,1210,1210,100,0,30066424,40.24422724830861
piga,lb,1870,1478,1478,1478,100,0,34605387,42.710113312704756
piga,lb,1880,2758,2757,2757,100,1,55511947,49.68299886869398
piga,lb,1890,2214,2213,2213,100,1,62219305,35.58381116600386
piga,lb,1900,547,547,547,100,0,24058613,22.736140275418204
piga,lb,1910,889,887,887,100,2,20653390,43.04378119040022
piga,lb,1920,579,579,579,100,0,19664571,29.44381547911724
piga,lb,1930,393,393,393,100,0,16234117,24.208276926918785
piga,lb,1940,437,436,436,100,1,4503154,97.0430946843035
piga,lb,1950,183,183,183,100,0,737649,248.0854715454098
piga,lb,1960,3,3,3,3,0,803051,3.7357527728624955
piga,lb,1970,1,1,1,1,0,88498,11.299690388483356
piga,lb,1980,0,0,0,0,0,441715,0.0
piga,lb,1990,0,0,0,0,0,289511,0.0
piga,lb,2000,2,2,2,2,0,104933,19.059781003116274
piga,lb,2010,33,33,33,33,0,355677,92.78080955473646
piga,lb,2020,0,0,0,0,0,475824,0.0
piga,tkr,1860,12,12,0,12,0,14301457,0.839075347357965
piga,tkr,1870,76,76,0,76,0,48663079,1.5617589672038632
piga,tkr,1880,108,108,0,100,0,45300858,2.3840608052059413
piga,tkr,1890,148,148,0,100,0,54990491,2.691374405076689
piga,tkr,1900,109,109,0,100,0,91612739,1.1897908652201743
piga,tkr,1910,116,116,0,100,0,146452973,0.7920631286877324
piga,tkr,1920,16,16,0,16,0,129092646,0.12394199434102544
piga,tkr,1930,15,15,0,15,0,130093121,0.11530202277182665
piga,tkr,1940,4,4,0,4,0,133229745,0.030023325496870087
piga,tkr,1950,1,1,0,1,0,134940616,0.007410667222684088
piga,tkr,1960,1,1,0,1,0,145935106,0.006852360802067735
piga,tkr,1970,0,0,0,0,0,17225518,0.0
poetissa,kubhist2,1870,5,2,2,2,3,96758392,0.05167510431549958
poetissa,kubhist2,1880,88,88,88,88,0,1450309699,0.060676695509019
poetissa,kubhist2,1890,29,29,29,29,0,1037122519,0.02796198083516881
poetissa,kubhist2,1900,2,2,2,2,0,77752738,0.025722566837453362
poetissa,lb,1620,0,0,0,0,0,12158,0.0
poetissa,lb,1640,0,0,0,0,0,48209,0.0
poetissa,lb,1700,0,0,0,0,0,1796708,0.0
poetissa,lb,1710,0,0,0,0,0,64639,0.0
poetissa,lb,1730,0,0,0,0,0,33381,0.0
poetissa,lb,1740,0,0,0,0,0,47561,0.0
poetissa,lb,1750,0,0,0,0,0,1095966,0.0
poetissa,lb,1760,0,0,0,0,0,24422,0.0
poetissa,lb,1770,0,0,0,0,0,69907,0.0
poetissa,lb,1780,0,0,0,0,0,48621,0.0
poetissa,lb,1790,0,0,0,0,0,789177,0.0
poetissa,lb,1800,0,0,0,0,0,736942,0.0
poetissa,lb,1810,1,1,1,1,0,1369393,0.7302505562683612
poetissa,lb,1820,0,0,0,0,0,842254,0.0
poetissa,lb,1830,1,1,1,1,0,11653970,0.08580766897460694
poetissa,lb,1840,14,14,14,14,0,30985848,0.45181916596247423
poetissa,lb,1850,10,10,10,10,0,24055763,0.4157008031713648
poetissa,lb,1860,4,4,4,4,0,30066424,0.13303876776300366
poetissa,lb,1870,13,13,13,13,0,34605387,0.37566405484787674
poetissa,lb,1880,11,11,11,11,0,55511947,0.1981555429860891
poetissa,lb,1890,4,4,4,4,0,62219305,0.06428872839386425
poetissa,lb,1900,16,16,16,16,0,24058613,0.6650424943449567
poetissa,lb,1910,2,2,2,2,0,20653390,0.0968364031280095
poetissa,lb,1920,18,18,18,18,0,19664571,0.9153517765528676
poetissa,lb,1930,1,1,1,1,0,16234117,0.06159866902523864
poetissa,lb,1940,0,0,0,0,0,4503154,0.0
poetissa,lb,1950,0,0,0,0,0,737649,0.0
poetissa,lb,1960,1,1,1,1,0,803051,1.2452509242874985
poetissa,lb,1970,0,0,0,0,0,88498,0.0
poetissa,lb,1980,0,0,0,0,0,441715,0.0
poetissa,lb,1990,0,0,0,0,0,289511,0.0
poetissa,lb,2000,0,0,0,0,0,104933,0.0
poetissa,lb,2010,0,0,0,0,0,355677,0.0
poetissa,lb,2020,0,0,0,0,0,475824,0.0
poetissa,tkr,1860,0,0,0,0,0,14301457,0.0
poetissa,tkr,1870,0,0,0,0,0,48663079,0.0
poetissa,tkr,1880,0,0,0,0,0,45300858,0.0
poetissa,tkr,1890,0,0,0,0,0,54990491,0.0
poetissa,tkr,1900,0,0,0,0,0,91612739,0.0
poetissa,tkr,1910,0,0,0,0,0,146452973,0.0
poetissa,tkr,1920,0,0,0,0,0,129092646,0.0
poetissa,tkr,1930,0,0,0,0,0,130093121,0.0
poetissa,tkr,1940,0,0,0,0,0,133229745,0.0
poetissa,tkr,1950,0,0,0,0,0,134940616,0.0
poetissa,tkr,1960,0,0,0,0,0,145935106,0.0
poetissa,tkr,1970,0,0,0,0,0,17225518,0.0
prinsessa,kubhist2,1870,1712,813,813,100,899,96758392,17.693555717627056
prinsessa,kubhist2,1880,52584,52561,52561,100,23,1450309699,36.2570835982529
prinsessa,kubhist2,1890,32009,32001,32001,100,8,1037122519,30.863277398376496
prinsessa,kubhist2,1900,2984,2983,2983,100,1,77752738,38.37806972148042
prinsessa,lb,1620,0,0,0,0,0,12158,0.0
prinsessa,lb,1640,0,0,0,0,0,48209,0.0
prinsessa,lb,1700,0,0,0,0,0,1796708,0.0
prinsessa,lb,1710,0,0,0,0,0,64639,0.0
prinsessa,lb,1730,0,0,0,0,0,33381,0.0
prinsessa,lb,1740,0,0,0,0,0,47561,0.0
prinsessa,lb,1750,12,12,12,12,0,1095966,10.949244775841587
prinsessa,lb,1760,0,0,0,0,0,24422,0.0
prinsessa,lb,1770,0,0,0,0,0,69907,0.0
prinsessa,lb,1780,0,0,0,0,0,48621,0.0
prinsessa,lb,1790,22,22,22,22,0,789177,27.877142896967346
prinsessa,lb,1800,48,48,48,48,0,736942,65.13402682979122
prinsessa,lb,1810,15,15,15,15,0,1369393,10.953758344025418
prinsessa,lb,1820,18,18,18,18,0,842254,21.371225307330093
prinsessa,lb,1830,520,520,520,100,0,11653970,44.619987866795604
prinsessa,lb,1840,3276,3276,3276,100,0,30985848,105.72568483521897
prinsessa,lb,1850,1320,1319,1319,100,1,24055763,54.87250601862015
prinsessa,lb,1860,1863,1863,1863,100,0,30066424,61.962806085618965
prinsessa,lb,1870,2575,2575,2575,100,0,34605387,74.41038009486789
prinsessa,lb,1880,2569,2568,2568,100,1,55511947,46.278326357387535
prinsessa,lb,1890,4709,4707,4707,100,2,62219305,75.68390550167669
prinsessa,lb,1900,1866,1866,1866,100,0,24058613,77.56058090298056
prinsessa,lb,1910,899,899,899,100,0,20653390,43.52796320604027
prinsessa,lb,1920,1048,1047,1047,100,1,19664571,53.29381454596696
prinsessa,lb,1930,463,462,462,100,1,16234117,28.52018375868549
prinsessa,lb,1940,247,247,247,100,0,4503154,54.850444821562846
prinsessa,lb,1950,29,29,29,29,0,737649,39.31409111921795
prinsessa,lb,1960,6,6,6,6,0,803051,7.471505545724991
prinsessa,lb,1970,1,1,1,1,0,88498,11.299690388483356
prinsessa,lb,1980,2,2,2,2,0,441715,4.5278063909987205
prinsessa,lb,1990,0,0,0,0,0,289511,0.0
prinsessa,lb,2000,2,2,2,2,0,104933,19.059781003116274
prinsessa,lb,2010,7,7,7,7,0,355677,19.680777784338037
prinsessa,lb,2020,17,17,17,17,0,475824,35.727495880829885
prinsessa,tkr,1860,114,114,0,100,0,14301457,7.971215799900667
prinsessa,tkr,1870,85,85,0,85,0,48663079,1.746704108056952
prinsessa,tkr,1880,126,126,0,100,0,45300858,2.781404272740265
prinsessa,tkr,1890,16,16,0,16,0,54990491,0.2909593951434258
prinsessa,tkr,1900,178,178,0,100,0,91612739,1.9429612294421195
prinsessa,tkr,1910,225,224,0,100,1,146452973,1.536329344437412
prinsessa,tkr,1920,113,113,0,100,0,129092646,0.8753403350334922
prinsessa,tkr,1930,70,70,0,70,0,130093121,0.5380761062685244
prinsessa,tkr,1940,45,45,0,45,0,133229745,0.3377624118397885
prinsessa,tkr,1950,42,42,0,42,0,134940616,0.3112480233527317
prinsessa,tkr,1960,59,59,0,59,0,145935106,0.40428928732199637
prinsessa,tkr,1970,6,6,0,6,0,17225518,0.3483204394782206
prostinna,kubhist2,1870,0,0,0,0,0,96758392,0.0
prostinna,kubhist2,1880,0,0,0,0,0,1450309699,0.0
prostinna,kubhist2,1890,0,0,0,0,0,1037122519,0.0
prostinna,kubhist2,1900,0,0,0,0,0,77752738,0.0
prostinna,lb,1620,0,0,0,0,0,12158,0.0
prostinna,lb,1640,0,0,0,0,0,48209,0.0
prostinna,lb,1700,0,0,0,0,0,1796708,0.0
prostinna,lb,1710,0,0,0,0,0,64639,0.0
prostinna,lb,1730,0,0,0,0,0,33381,0.0
prostinna,lb,1740,0,0,0,0,0,47561,0.0
prostinna,lb,1750,0,0,0,0,0,1095966,0.0
prostinna,lb,1760,0,0,0,0,0,24422,0.0
prostinna,lb,1770,0,0,0,0,0,69907,0.0
prostinna,lb,1780,0,0,0,0,0,48621,0.0
prostinna,lb,1790,0,0,0,0,0,789177,0.0
prostinna,lb,1800,0,0,0,0,0,736942,0.0
prostinna,lb,1810,0,0,0,0,0,1369393,0.0
prostinna,lb,1820,0,0,0,0,0,842254,0.0
prostinna,lb,1830,0,0,0,0,0,11653970,0.0
prostinna,lb,1840,37,37,37,37,0,30985848,1.1940935100436818
prostinna,lb,1850,27,27,27,27,0,24055763,1.122392168562685
prostinna,lb,1860,18,18,18,18,0,30066424,0.5986744549335166
prostinna,lb,1870,2,2,2,2,0,34605387,0.057794469976596416
prostinna,lb,1880,16,16,16,16,0,55511947,0.2882262443434023
prostinna,lb,1890,14,14,14,14,0,62219305,0.22501054937852488
prostinna,lb,1900,5,5,5,5,0,24058613,0.20782577948279896
prostinna,lb,1910,1,1,1,1,0,20653390,0.04841820156400475
prostinna,lb,1920,0,0,0,0,0,19664571,0.0
prostinna,lb,1930,0,0,0,0,0,16234117,0.0
prostinna,lb,1940,1,1,1,1,0,4503154,0.22206657822495077
prostinna,lb,1950,0,0,0,0,0,737649,0.0
prostinna,lb,1960,0,0,0,0,0,803051,0.0
prostinna,lb,1970,0,0,0,0,0,88498,0.0
prostinna,lb,1980,0,0,0,0,0,441715,0.0
prostinna,lb,1990,0,0,0,0,0,289511,0.0
prostinna,lb,2000,0,0,0,0,0,104933,0.0
prostinna,lb,2010,0,0,0,0,0,355677,0.0
prostinna,lb,2020,0,0,0,0,0,475824,0.0
prostinna,tkr,1860,0,0,0,0,0,14301457,0.0
prostinna,tkr,1870,0,0,0,0,0,48663079,0.0
prostinna,tkr,1880,0,0,0,0,0,45300858,0.0
prostinna,tkr,1890,0,0,0,0,0,54990491,0.0
prostinna,tkr,1900,0,0,0,0,0,91612739,0.0
prostinna,tkr,1910,0,0,0,0,0,146452973,0.0
prostinna,tkr,1920,0,0,0,0,0,129092646,0.0
prostinna,tkr,1930,0,0,0,0,0,130093121,0.0
prostinna,tkr,1940,0,0,0,0,0,133229745,0.0
prostinna,tkr,1950,0,0,0,0,0,134940616,0.0
prostinna,tkr,1960,0,0,0,0,0,145935106,0.0
prostinna,tkr,1970,0,0,0,0,0,17225518,0.0
prästfru,kubhist2,1870,0,0,0,0,0,96758392,0.0
prästfru,kubhist2,1880,0,0,0,0,0,1450309699,0.0
prästfru,kubhist2,1890,0,0,0,0,0,1037122519,0.0
prästfru,kubhist2,1900,5,0,0,0,5,77752738,0.06430641709363341
prästfru,lb,1620,0,0,0,0,0,12158,0.0
prästfru,lb,1640,0,0,0,0,0,48209,0.0
prästfru,lb,1700,0,0,0,0,0,1796708,0.0
prästfru,lb,1710,0,0,0,0,0,64639,0.0
prästfru,lb,1730,0,0,0,0,0,33381,0.0
prästfru,lb,1740,0,0,0,0,0,47561,0.0
prästfru,lb,1750,0,0,0,0,0,1095966,0.0
prästfru,lb,1760,0,0,0,0,0,24422,0.0
prästfru,lb,1770,0,0,0,0,0,69907,0.0
prästfru,lb,1780,0,0,0,0,0,48621,0.0
prästfru,lb,1790,0,0,0,0,0,789177,0.0
prästfru,lb,1800,0,0,0,0,0,736942,0.0
prästfru,lb,1810,0,0,0,0,0,1369393,0.0
prästfru,lb,1820,0,0,0,0,0,842254,0.0
prästfru,lb,1830,2,2,2,2,0,11653970,0.17161533794921388
prästfru,lb,1840,0,0,0,0,0,30985848,0.0
prästfru,lb,1850,0,0,0,0,0,24055763,0.0
prästfru,lb,1860,0,0,0,0,0,30066424,0.0
prästfru,lb,1870,0,0,0,0,0,34605387,0.0
prästfru,lb,1880,6,6,6,6,0,55511947,0.10808484162877588
prästfru,lb,1890,143,143,143,100,0,62219305,2.298322040080647
prästfru,lb,1900,72,72,72,72,0,24058613,2.992691224552305
prästfru,lb,1910,178,178,178,100,0,20653390,8.618439878392845
prästfru,lb,1920,63,63,63,63,0,19664571,3.2037312179350366
prästfru,lb,1930,40,40,40,40,0,16234117,2.4639467610095456
prästfru,lb,1940,29,29,29,29,0,4503154,6.439930768523572
prästfru,lb,1950,6,6,6,6,0,737649,8.133949886734747
prästfru,lb,1960,0,0,0,0,0,803051,0.0
prästfru,lb,1970,0,0,0,0,0,88498,0.0
prästfru,lb,1980,0,0,0,0,0,441715,0.0
prästfru,lb,1990,0,0,0,0,0,289511,0.0
prästfru,lb,2000,0,0,0,0,0,104933,0.0
prästfru,lb,2010,3,3,3,3,0,355677,8.434619050430587
prästfru,lb,2020,0,0,0,0,0,475824,0.0
prästfru,tkr,1860,0,0,0,0,0,14301457,0.0
prästfru,tkr,1870,0,0,0,0,0,48663079,0.0
prästfru,tkr,1880,0,0,0,0,0,45300858,0.0
prästfru,tkr,1890,0,0,0,0,0,54990491,0.0
prästfru,tkr,1900,0,0,0,0,0,91612739,0.0
prästfru,tkr,1910,0,0,0,0,0,146452973,0.0
prästfru,tkr,1920,1,1,0,1,0,129092646,0.00774637464631409
prästfru,tkr,1930,1,1,0,1,0,130093121,0.0076868015181217764
prästfru,tkr,1940,3,3,0,3,0,133229745,0.022517494122652564
prästfru,tkr,1950,2,2,0,2,0,134940616,0.014821334445368177
prästfru,tkr,1960,3,3,0,3,0,145935106,0.020557082406203207
prästfru,tkr,1970,0,0,0,0,0,17225518,0.0
quinfolk,kubhist2,1870,0,0,0,0,0,96758392,0.0
quinfolk,kubhist2,1880,0,0,0,0,0,1450309699,0.0
quinfolk,kubhist2,1890,0,0,0,0,0,1037122519,0.0
quinfolk,kubhist2,1900,0,0,0,0,0,77752738,0.0
quinfolk,lb,1620,0,0,0,0,0,12158,0.0
quinfolk,lb,1640,0,0,0,0,0,48209,0.0
quinfolk,lb,1700,0,0,0,0,0,1796708,0.0
quinfolk,lb,1710,0,0,0,0,0,64639,0.0
quinfolk,lb,1730,0,0,0,0,0,33381,0.0
quinfolk,lb,1740,0,0,0,0,0,47561,0.0
quinfolk,lb,1750,0,0,0,0,0,1095966,0.0
quinfolk,lb,1760,0,0,0,0,0,24422,0.0
quinfolk,lb,1770,0,0,0,0,0,69907,0.0
quinfolk,lb,1780,0,0,0,0,0,48621,0.0
quinfolk,lb,1790,0,0,0,0,0,789177,0.0
quinfolk,lb,1800,0,0,0,0,0,736942,0.0
quinfolk,lb,1810,0,0,0,0,0,1369393,0.0
quinfolk,lb,1820,0,0,0,0,0,842254,0.0
quinfolk,lb,1830,0,0,0,0,0,11653970,0.0
quinfolk,lb,1840,0,0,0,0,0,30985848,0.0
quinfolk,lb,1850,0,0,0,0,0,24055763,0.0
quinfolk,lb,1860,0,0,0,0,0,30066424,0.0
quinfolk,lb,1870,0,0,0,0,0,34605387,0.0
quinfolk,lb,1880,0,0,0,0,0,55511947,0.0
quinfolk,lb,1890,0,0,0,0,0,62219305,0.0
quinfolk,lb,1900,0,0,0,0,0,24058613,0.0
quinfolk,lb,1910,3,3,3,3,0,20653390,0.14525460469201423
quinfolk,lb,1920,0,0,0,0,0,19664571,0.0
quinfolk,lb,1930,0,0,0,0,0,16234117,0.0
quinfolk,lb,1940,0,0,0,0,0,4503154,0.0
quinfolk,lb,1950,0,0,0,0,0,737649,0.0
quinfolk,lb,1960,0,0,0,0,0,803051,0.0
quinfolk,lb,1970,0,0,0,0,0,88498,0.0
quinfolk,lb,1980,0,0,0,0,0,441715,0.0
quinfolk,lb,1990,0,0,0,0,0,289511,0.0
quinfolk,lb,2000,0,0,0,0,0,104933,0.0
quinfolk,lb,2010,0,0,0,0,0,355677,0.0
quinfolk,lb,2020,0,0,0,0,0,475824,0.0
quinfolk,tkr,1860,0,0,0,0,0,14301457,0.0
quinfolk,tkr,1870,0,0,0,0,0,48663079,0.0
quinfolk,tkr,1880,0,0,0,0,0,45300858,0.0
quinfolk,tkr,1890,0,0,0,0,0,54990491,0.0
quinfolk,tkr,1900,0,0,0,0,0,91612739,0.0
quinfolk,tkr,1910,0,0,0,0,0,146452973,0.0
quinfolk,tkr,1920,0,0,0,0,0,129092646,0.0
quinfolk,tkr,1930,0,0,0,0,0,130093121,0.0
quinfolk,tkr,1940,0,0,0,0,0,133229745,0.0
quinfolk,tkr,1950,0,0,0,0,0,134940616,0.0
quinfolk,tkr,1960,0,0,0,0,0,145935106,0.0
quinfolk,tkr,1970,0,0,0,0,0,17225518,0.0
quinna,kubhist2,1870,0,0,0,0,0,96758392,0.0
quinna,kubhist2,1880,0,0,0,0,0,1450309699,0.0
quinna,kubhist2,1890,0,0,0,0,0,1037122519,0.0
quinna,kubhist2,1900,0,0,0,0,0,77752738,0.0
quinna,lb,1620,0,0,0,0,0,12158,0.0
quinna,lb,1640,0,0,0,0,0,48209,0.0
quinna,lb,1700,0,0,0,0,0,1796708,0.0
quinna,lb,1710,0,0,0,0,0,64639,0.0
quinna,lb,1730,0,0,0,0,0,33381,0.0
quinna,lb,1740,0,0,0,0,0,47561,0.0
quinna,lb,1750,0,0,0,0,0,1095966,0.0
quinna,lb,1760,0,0,0,0,0,24422,0.0
quinna,lb,1770,0,0,0,0,0,69907,0.0
quinna,lb,1780,0,0,0,0,0,48621,0.0
quinna,lb,1790,0,0,0,0,0,789177,0.0
quinna,lb,1800,0,0,0,0,0,736942,0.0
quinna,lb,1810,0,0,0,0,0,1369393,0.0
quinna,lb,1820,0,0,0,0,0,842254,0.0
quinna,lb,1830,0,0,0,0,0,11653970,0.0
quinna,lb,1840,0,0,0,0,0,30985848,0.0
quinna,lb,1850,0,0,0,0,0,24055763,0.0
quinna,lb,1860,1,1,1,1,0,30066424,0.033259691940750916
quinna,lb,1870,0,0,0,0,0,34605387,0.0
quinna,lb,1880,0,0,0,0,0,55511947,0.0
quinna,lb,1890,0,0,0,0,0,62219305,0.0
quinna,lb,1900,0,0,0,0,0,24058613,0.0
quinna,lb,1910,2,2,2,2,0,20653390,0.0968364031280095
quinna,lb,1920,0,0,0,0,0,19664571,0.0
quinna,lb,1930,0,0,0,0,0,16234117,0.0
quinna,lb,1940,0,0,0,0,0,4503154,0.0
quinna,lb,1950,0,0,0,0,0,737649,0.0
quinna,lb,1960,0,0,0,0,0,803051,0.0
quinna,lb,1970,0,0,0,0,0,88498,0.0
quinna,lb,1980,0,0,0,0,0,441715,0.0
quinna,lb,1990,0,0,0,0,0,289511,0.0
quinna,lb,2000,0,0,0,0,0,104933,0.0
quinna,lb,2010,0,0,0,0,0,355677,0.0
quinna,lb,2020,0,0,0,0,0,475824,0.0
quinna,tkr,1860,0,0,0,0,0,14301457,0.0
quinna,tkr,1870,0,0,0,0,0,48663079,0.0
quinna,tkr,1880,0,0,0,0,0,45300858,0.0
quinna,tkr,1890,0,0,0,0,0,54990491,0.0
quinna,tkr,1900,0,0,0,0,0,91612739,0.0
quinna,tkr,1910,0,0,0,0,0,146452973,0.0
quinna,tkr,1920,0,0,0,0,0,129092646,0.0
quinna,tkr,1930,0,0,0,0,0,130093121,0.0
quinna,tkr,1940,0,0,0,0,0,133229745,0.0
quinna,tkr,1950,0,0,0,0,0,134940616,0.0
quinna,tkr,1960,0,0,0,0,0,145935106,0.0
quinna,tkr,1970,0,0,0,0,0,17225518,0.0
quinnor,kubhist2,1870,0,0,0,0,0,96758392,0.0
quinnor,kubhist2,1880,0,0,0,0,0,1450309699,0.0
quinnor,kubhist2,1890,0,0,0,0,0,1037122519,0.0
quinnor,kubhist2,1900,0,0,0,0,0,77752738,0.0
quinnor,lb,1620,0,0,0,0,0,12158,0.0
quinnor,lb,1640,0,0,0,0,0,48209,0.0
quinnor,lb,1700,0,0,0,0,0,1796708,0.0
quinnor,lb,1710,0,0,0,0,0,64639,0.0
quinnor,lb,1730,0,0,0,0,0,33381,0.0
quinnor,lb,1740,0,0,0,0,0,47561,0.0
quinnor,lb,1750,0,0,0,0,0,1095966,0.0
quinnor,lb,1760,0,0,0,0,0,24422,0.0
quinnor,lb,1770,0,0,0,0,0,69907,0.0
quinnor,lb,1780,0,0,0,0,0,48621,0.0
quinnor,lb,1790,0,0,0,0,0,789177,0.0
quinnor,lb,1800,0,0,0,0,0,736942,0.0
quinnor,lb,1810,8,8,8,8,0,1369393,5.84200445014689
quinnor,lb,1820,0,0,0,0,0,842254,0.0
quinnor,lb,1830,1,1,1,1,0,11653970,0.08580766897460694
quinnor,lb,1840,0,0,0,0,0,30985848,0.0
quinnor,lb,1850,0,0,0,0,0,24055763,0.0
quinnor,lb,1860,3,3,3,3,0,30066424,0.09977907582225276
quinnor,lb,1870,1,1,1,1,0,34605387,0.028897234988298208
quinnor,lb,1880,0,0,0,0,0,55511947,0.0
quinnor,lb,1890,1,1,1,1,0,62219305,0.016072182098466063
quinnor,lb,1900,0,0,0,0,0,24058613,0.0
quinnor,lb,1910,30,30,30,30,0,20653390,1.4525460469201423
quinnor,lb,1920,0,0,0,0,0,19664571,0.0
quinnor,lb,1930,0,0,0,0,0,16234117,0.0
quinnor,lb,1940,0,0,0,0,0,4503154,0.0
quinnor,lb,1950,0,0,0,0,0,737649,0.0
quinnor,lb,1960,0,0,0,0,0,803051,0.0
quinnor,lb,1970,0,0,0,0,0,88498,0.0
quinnor,lb,1980,0,0,0,0,0,441715,0.0
quinnor,lb,1990,0,0,0,0,0,289511,0.0
quinnor,lb,2000,0,0,0,0,0,104933,0.0
quinnor,lb,2010,0,0,0,0,0,355677,0.0
quinnor,lb,2020,0,0,0,0,0,475824,0.0
quinnor,tkr,1860,0,0,0,0,0,14301457,0.0
quinnor,tkr,1870,0,0,0,0,0,48663079,0.0
quinnor,tkr,1880,0,0,0,0,0,45300858,0.0
quinnor,tkr,1890,0,0,0,0,0,54990491,0.0
quinnor,tkr,1900,0,0,0,0,0,91612739,0.0
quinnor,tkr,1910,0,0,0,0,0,146452973,0.0
quinnor,tkr,1920,0,0,0,0,0,129092646,0.0
quinnor,tkr,1930,0,0,0,0,0,130093121,0.0
quinnor,tkr,1940,0,0,0,0,0,133229745,0.0
quinnor,tkr,1950,0,0,0,0,0,134940616,0.0
quinnor,tkr,1960,0,0,0,0,0,145935106,0.0
quinnor,tkr,1970,0,0,0,0,0,17225518,0.0
qvinfolk,kubhist2,1870,0,0,0,0,0,96758392,0.0
qvinfolk,kubhist2,1880,0,0,0,0,0,1450309699,0.0
qvinfolk,kubhist2,1890,0,0,0,0,0,1037122519,0.0
qvinfolk,kubhist2,1900,0,0,0,0,0,77752738,0.0
qvinfolk,lb,1620,0,0,0,0,0,12158,0.0
qvinfolk,lb,1640,0,0,0,0,0,48209,0.0
qvinfolk,lb,1700,0,0,0,0,0,1796708,0.0
qvinfolk,lb,1710,0,0,0,0,0,64639,0.0
qvinfolk,lb,1730,0,0,0,0,0,33381,0.0
qvinfolk,lb,1740,0,0,0,0,0,47561,0.0
qvinfolk,lb,1750,0,0,0,0,0,1095966,0.0
qvinfolk,lb,1760,0,0,0,0,0,24422,0.0
qvinfolk,lb,1770,0,0,0,0,0,69907,0.0
qvinfolk,lb,1780,0,0,0,0,0,48621,0.0
qvinfolk,lb,1790,0,0,0,0,0,789177,0.0
qvinfolk,lb,1800,0,0,0,0,0,736942,0.0
qvinfolk,lb,1810,0,0,0,0,0,1369393,0.0
qvinfolk,lb,1820,0,0,0,0,0,842254,0.0
qvinfolk,lb,1830,0,0,0,0,0,11653970,0.0
qvinfolk,lb,1840,7,7,7,7,0,30985848,0.22590958298123712
qvinfolk,lb,1850,10,10,10,10,0,24055763,0.4157008031713648
qvinfolk,lb,1860,22,22,22,22,0,30066424,0.7317132226965202
qvinfolk,lb,1870,28,28,28,28,0,34605387,0.8091225796723499
qvinfolk,lb,1880,46,46,46,46,0,55511947,0.8286504524872818
qvinfolk,lb,1890,13,13,13,13,0,62219305,0.20893836728005882
qvinfolk,lb,1900,0,0,0,0,0,24058613,0.0
qvinfolk,lb,1910,0,0,0,0,0,20653390,0.0
qvinfolk,lb,1920,0,0,0,0,0,19664571,0.0
qvinfolk,lb,1930,3,3,3,3,0,16234117,0.18479600707571592
qvinfolk,lb,1940,0,0,0,0,0,4503154,0.0
qvinfolk,lb,1950,0,0,0,0,0,737649,0.0
qvinfolk,lb,1960,0,0,0,0,0,803051,0.0
qvinfolk,lb,1970,0,0,0,0,0,88498,0.0
qvinfolk,lb,1980,0,0,0,0,0,441715,0.0
qvinfolk,lb,1990,0,0,0,0,0,289511,0.0
qvinfolk,lb,2000,0,0,0,0,0,104933,0.0
qvinfolk,lb,2010,0,0,0,0,0,355677,0.0
qvinfolk,lb,2020,0,0,0,0,0,475824,0.0
qvinfolk,tkr,1860,0,0,0,0,0,14301457,0.0
qvinfolk,tkr,1870,0,0,0,0,0,48663079,0.0
qvinfolk,tkr,1880,0,0,0,0,0,45300858,0.0
qvinfolk,tkr,1890,0,0,0,0,0,54990491,0.0
qvinfolk,tkr,1900,0,0,0,0,0,91612739,0.0
qvinfolk,tkr,1910,0,0,0,0,0,146452973,0.0
qvinfolk,tkr,1920,0,0,0,0,0,129092646,0.0
qvinfolk,tkr,1930,0,0,0,0,0,130093121,0.0
qvinfolk,tkr,1940,0,0,0,0,0,133229745,0.0
qvinfolk,tkr,1950,0,0,0,0,0,134940616,0.0
qvinfolk,tkr,1960,0,0,0,0,0,145935106,0.0
qvinfolk,tkr,1970,0,0,0,0,0,17225518,0.0
qvinnokön,kubhist2,1870,0,0,0,0,0,96758392,0.0
qvinnokön,kubhist2,1880,0,0,0,0,0,1450309699,0.0
qvinnokön,kubhist2,1890,0,0,0,0,0,1037122519,0.0
qvinnokön,kubhist2,1900,0,0,0,0,0,77752738,0.0
qvinnokön,lb,1620,0,0,0,0,0,12158,0.0
qvinnokön,lb,1640,0,0,0,0,0,48209,0.0
qvinnokön,lb,1700,0,0,0,0,0,1796708,0.0
qvinnokön,lb,1710,0,0,0,0,0,64639,0.0
qvinnokön,lb,1730,0,0,0,0,0,33381,0.0
qvinnokön,lb,1740,0,0,0,0,0,47561,0.0
qvinnokön,lb,1750,0,0,0,0,0,1095966,0.0
qvinnokön,lb,1760,0,0,0,0,0,24422,0.0
qvinnokön,lb,1770,0,0,0,0,0,69907,0.0
qvinnokön,lb,1780,0,0,0,0,0,48621,0.0
qvinnokön,lb,1790,0,0,0,0,0,789177,0.0
qvinnokön,lb,1800,0,0,0,0,0,736942,0.0
qvinnokön,lb,1810,0,0,0,0,0,1369393,0.0
qvinnokön,lb,1820,0,0,0,0,0,842254,0.0
qvinnokön,lb,1830,0,0,0,0,0,11653970,0.0
qvinnokön,lb,1840,0,0,0,0,0,30985848,0.0
qvinnokön,lb,1850,0,0,0,0,0,24055763,0.0
qvinnokön,lb,1860,0,0,0,0,0,30066424,0.0
qvinnokön,lb,1870,0,0,0,0,0,34605387,0.0
qvinnokön,lb,1880,1,1,1,1,0,55511947,0.018014140271462645
qvinnokön,lb,1890,0,0,0,0,0,62219305,0.0
qvinnokön,lb,1900,0,0,0,0,0,24058613,0.0
qvinnokön,lb,1910,0,0,0,0,0,20653390,0.0
qvinnokön,lb,1920,0,0,0,0,0,19664571,0.0
qvinnokön,lb,1930,0,0,0,0,0,16234117,0.0
qvinnokön,lb,1940,0,0,0,0,0,4503154,0.0
qvinnokön,lb,1950,0,0,0,0,0,737649,0.0
qvinnokön,lb,1960,0,0,0,0,0,803051,0.0
qvinnokön,lb,1970,0,0,0,0,0,88498,0.0
qvinnokön,lb,1980,0,0,0,0,0,441715,0.0
qvinnokön,lb,1990,0,0,0,0,0,289511,0.0
qvinnokön,lb,2000,0,0,0,0,0,104933,0.0
qvinnokön,lb,2010,0,0,0,0,0,355677,0.0
qvinnokön,lb,2020,0,0,0,0,0,475824,0.0
qvinnokön,tkr,1860,0,0,0,0,0,14301457,0.0
qvinnokön,tkr,1870,1,1,0,1,0,48663079,0.020549460094787673
qvinnokön,tkr,1880,1,1,0,1,0,45300858,0.022074637085240194
qvinnokön,tkr,1890,0,0,0,0,0,54990491,0.0
qvinnokön,tkr,1900,1,1,0,1,0,91612739,0.010915512524955727
qvinnokön,tkr,1910,0,0,0,0,0,146452973,0.0
qvinnokön,tkr,1920,0,0,0,0,0,129092646,0.0
qvinnokön,tkr,1930,0,0,0,0,0,130093121,0.0
qvinnokön,tkr,1940,0,0,0,0,0,133229745,0.0
qvinnokön,tkr,1950,0,0,0,0,0,134940616,0.0
qvinnokön,tkr,1960,0,0,0,0,0,145935106,0.0
qvinnokön,tkr,1970,0,0,0,0,0,17225518,0.0
qvinnor,kubhist2,1870,0,0,0,0,0,96758392,0.0
qvinnor,kubhist2,1880,0,0,0,0,0,1450309699,0.0
qvinnor,kubhist2,1890,0,0,0,0,0,1037122519,0.0
qvinnor,kubhist2,1900,0,0,0,0,0,77752738,0.0
qvinnor,lb,1620,0,0,0,0,0,12158,0.0
qvinnor,lb,1640,0,0,0,0,0,48209,0.0
qvinnor,lb,1700,0,0,0,0,0,1796708,0.0
qvinnor,lb,1710,0,0,0,0,0,64639,0.0
qvinnor,lb,1730,0,0,0,0,0,33381,0.0
qvinnor,lb,1740,0,0,0,0,0,47561,0.0
qvinnor,lb,1750,0,0,0,0,0,1095966,0.0
qvinnor,lb,1760,0,0,0,0,0,24422,0.0
qvinnor,lb,1770,0,0,0,0,0,69907,0.0
qvinnor,lb,1780,0,0,0,0,0,48621,0.0
qvinnor,lb,1790,0,0,0,0,0,789177,0.0
qvinnor,lb,1800,6,6,6,6,0,736942,8.141753353723903
qvinnor,lb,1810,3,3,3,3,0,1369393,2.190751668805084
qvinnor,lb,1820,0,0,0,0,0,842254,0.0
qvinnor,lb,1830,19,19,19,19,0,11653970,1.6303457105175319
qvinnor,lb,1840,319,319,319,100,0,30985848,10.295022424430663
qvinnor,lb,1850,341,341,341,100,0,24055763,14.175397388143539
qvinnor,lb,1860,427,427,427,100,0,30066424,14.201888458700642
qvinnor,lb,1870,344,344,344,100,0,34605387,9.940648835974583
qvinnor,lb,1880,676,676,676,100,0,55511947,12.177558823508749
qvinnor,lb,1890,268,267,267,100,1,62219305,4.307344802388905
qvinnor,lb,1900,0,0,0,0,0,24058613,0.0
qvinnor,lb,1910,5,5,5,5,0,20653390,0.24209100782002374
qvinnor,lb,1920,60,60,60,60,0,19664571,3.0511725885095586
qvinnor,lb,1930,1,1,1,1,0,16234117,0.06159866902523864
qvinnor,lb,1940,0,0,0,0,0,4503154,0.0
qvinnor,lb,1950,0,0,0,0,0,737649,0.0
qvinnor,lb,1960,0,0,0,0,0,803051,0.0
qvinnor,lb,1970,0,0,0,0,0,88498,0.0
qvinnor,lb,1980,0,0,0,0,0,441715,0.0
qvinnor,lb,1990,0,0,0,0,0,289511,0.0
qvinnor,lb,2000,0,0,0,0,0,104933,0.0
qvinnor,lb,2010,0,0,0,0,0,355677,0.0
qvinnor,lb,2020,0,0,0,0,0,475824,0.0
qvinnor,tkr,1860,2,2,0,2,0,14301457,0.1398458912263275
qvinnor,tkr,1870,5,5,0,5,0,48663079,0.10274730047393836
qvinnor,tkr,1880,219,219,0,100,0,45300858,4.834345521667603
qvinnor,tkr,1890,233,233,0,100,0,54990491,4.237096191776138
qvinnor,tkr,1900,119,119,0,100,0,91612739,1.2989459904697316
qvinnor,tkr,1910,0,0,0,0,0,146452973,0.0
qvinnor,tkr,1920,0,0,0,0,0,129092646,0.0
qvinnor,tkr,1930,0,0,0,0,0,130093121,0.0
qvinnor,tkr,1940,0,0,0,0,0,133229745,0.0
qvinnor,tkr,1950,0,0,0,0,0,134940616,0.0
qvinnor,tkr,1960,0,0,0,0,0,145935106,0.0
qvinnor,tkr,1970,0,0,0,0,0,17225518,0.0
qvinsperson,kubhist2,1870,0,0,0,0,0,96758392,0.0
qvinsperson,kubhist2,1880,0,0,0,0,0,1450309699,0.0
qvinsperson,kubhist2,1890,0,0,0,0,0,1037122519,0.0
qvinsperson,kubhist2,1900,0,0,0,0,0,77752738,0.0
qvinsperson,lb,1620,0,0,0,0,0,12158,0.0
qvinsperson,lb,1640,0,0,0,0,0,48209,0.0
qvinsperson,lb,1700,0,0,0,0,0,1796708,0.0
qvinsperson,lb,1710,0,0,0,0,0,64639,0.0
qvinsperson,lb,1730,0,0,0,0,0,33381,0.0
qvinsperson,lb,1740,0,0,0,0,0,47561,0.0
qvinsperson,lb,1750,0,0,0,0,0,1095966,0.0
qvinsperson,lb,1760,0,0,0,0,0,24422,0.0
qvinsperson,lb,1770,0,0,0,0,0,69907,0.0
qvinsperson,lb,1780,0,0,0,0,0,48621,0.0
qvinsperson,lb,1790,0,0,0,0,0,789177,0.0
qvinsperson,lb,1800,0,0,0,0,0,736942,0.0
qvinsperson,lb,1810,0,0,0,0,0,1369393,0.0
qvinsperson,lb,1820,0,0,0,0,0,842254,0.0
qvinsperson,lb,1830,0,0,0,0,0,11653970,0.0
qvinsperson,lb,1840,0,0,0,0,0,30985848,0.0
qvinsperson,lb,1850,0,0,0,0,0,24055763,0.0
qvinsperson,lb,1860,9,9,9,9,0,30066424,0.2993372274667583
qvinsperson,lb,1870,0,0,0,0,0,34605387,0.0
qvinsperson,lb,1880,1,1,1,1,0,55511947,0.018014140271462645
qvinsperson,lb,1890,0,0,0,0,0,62219305,0.0
qvinsperson,lb,1900,0,0,0,0,0,24058613,0.0
qvinsperson,lb,1910,1,1,1,1,0,20653390,0.04841820156400475
qvinsperson,lb,1920,0,0,0,0,0,19664571,0.0
qvinsperson,lb,1930,0,0,0,0,0,16234117,0.0
qvinsperson,lb,1940,0,0,0,0,0,4503154,0.0
qvinsperson,lb,1950,0,0,0,0,0,737649,0.0
qvinsperson,lb,1960,0,0,0,0,0,803051,0.0
qvinsperson,lb,1970,0,0,0,0,0,88498,0.0
qvinsperson,lb,1980,0,0,0,0,0,441715,0.0
qvinsperson,lb,1990,0,0,0,0,0,289511,0.0
qvinsperson,lb,2000,0,0,0,0,0,104933,0.0
qvinsperson,lb,2010,0,0,0,0,0,355677,0.0
qvinsperson,lb,2020,0,0,0,0,0,475824,0.0
qvinsperson,tkr,1860,0,0,0,0,0,14301457,0.0
qvinsperson,tkr,1870,0,0,0,0,0,48663079,0.0
qvinsperson,tkr,1880,0,0,0,0,0,45300858,0.0
qvinsperson,tkr,1890,0,0,0,0,0,54990491,0.0
qvinsperson,tkr,1900,0,0,0,0,0,91612739,0.0
qvinsperson,tkr,1910,0,0,0,0,0,146452973,0.0
qvinsperson,tkr,1920,0,0,0,0,0,129092646,0.0
qvinsperson,tkr,1930,0,0,0,0,0,130093121,0.0
qvinsperson,tkr,1940,0,0,0,0,0,133229745,0.0
qvinsperson,tkr,1950,0,0,0,0,0,134940616,0.0
qvinsperson,tkr,1960,0,0,0,0,0,145935106,0.0
qvinsperson,tkr,1970,0,0,0,0,0,17225518,0.0
ragata,kubhist2,1870,2,1,1,1,1,96758392,0.020670041726199833
ragata,kubhist2,1880,47,47,47,47,0,1450309699,0.032406871465044236
ragata,kubhist2,1890,56,56,56,56,0,1037122519,0.05399554919894667
ragata,kubhist2,1900,10,10,10,10,0,77752738,0.12861283418726682
ragata,lb,1620,0,0,0,0,0,12158,0.0
ragata,lb,1640,0,0,0,0,0,48209,0.0
ragata,lb,1700,0,0,0,0,0,1796708,0.0
ragata,lb,1710,0,0,0,0,0,64639,0.0
ragata,lb,1730,0,0,0,0,0,33381,0.0
ragata,lb,1740,0,0,0,0,0,47561,0.0
ragata,lb,1750,0,0,0,0,0,1095966,0.0
ragata,lb,1760,0,0,0,0,0,24422,0.0
ragata,lb,1770,0,0,0,0,0,69907,0.0
ragata,lb,1780,0,0,0,0,0,48621,0.0
ragata,lb,1790,0,0,0,0,0,789177,0.0
ragata,lb,1800,0,0,0,0,0,736942,0.0
ragata,lb,1810,0,0,0,0,0,1369393,0.0
ragata,lb,1820,0,0,0,0,0,842254,0.0
ragata,lb,1830,2,2,2,2,0,11653970,0.17161533794921388
ragata,lb,1840,0,0,0,0,0,30985848,0.0
ragata,lb,1850,2,2,2,2,0,24055763,0.08314016063427296
ragata,lb,1860,3,3,3,3,0,30066424,0.09977907582225276
ragata,lb,1870,4,4,4,4,0,34605387,0.11558893995319283
ragata,lb,1880,7,7,7,7,0,55511947,0.12609898190023852
ragata,lb,1890,24,24,24,24,0,62219305,0.38573237036318553
ragata,lb,1900,3,3,3,3,0,24058613,0.12469546768967937
ragata,lb,1910,7,7,7,7,0,20653390,0.33892741094803325
ragata,lb,1920,3,3,3,3,0,19664571,0.15255862942547793
ragata,lb,1930,1,1,1,1,0,16234117,0.06159866902523864
ragata,lb,1940,2,2,2,2,0,4503154,0.44413315644990153
ragata,lb,1950,0,0,0,0,0,737649,0.0
ragata,lb,1960,0,0,0,0,0,803051,0.0
ragata,lb,1970,0,0,0,0,0,88498,0.0
ragata,lb,1980,0,0,0,0,0,441715,0.0
ragata,lb,1990,0,0,0,0,0,289511,0.0
ragata,lb,2000,0,0,0,0,0,104933,0.0
ragata,lb,2010,0,0,0,0,0,355677,0.0
ragata,lb,2020,0,0,0,0,0,475824,0.0
ragata,tkr,1860,0,0,0,0,0,14301457,0.0
ragata,tkr,1870,0,0,0,0,0,48663079,0.0
ragata,tkr,1880,0,0,0,0,0,45300858,0.0
ragata,tkr,1890,3,3,0,3,0,54990491,0.05455488658939234
ragata,tkr,1900,0,0,0,0,0,91612739,0.0
ragata,tkr,1910,0,0,0,0,0,146452973,0.0
ragata,tkr,1920,0,0,0,0,0,129092646,0.0
ragata,tkr,1930,0,0,0,0,0,130093121,0.0
ragata,tkr,1940,1,1,0,1,0,133229745,0.007505831374217522
ragata,tkr,1950,0,0,0,0,0,134940616,0.0
ragata,tkr,1960,0,0,0,0,0,145935106,0.0
ragata,tkr,1970,1,1,0,1,0,17225518,0.05805340657970344
satkärring,kubhist2,1870,0,0,0,0,0,96758392,0.0
satkärring,kubhist2,1880,1,1,1,1,0,1450309699,0.0006895079035115796
satkärring,kubhist2,1890,2,2,2,2,0,1037122519,0.0019284124713909523
satkärring,kubhist2,1900,0,0,0,0,0,77752738,0.0
satkärring,lb,1620,0,0,0,0,0,12158,0.0
satkärring,lb,1640,0,0,0,0,0,48209,0.0
satkärring,lb,1700,0,0,0,0,0,1796708,0.0
satkärring,lb,1710,0,0,0,0,0,64639,0.0
satkärring,lb,1730,0,0,0,0,0,33381,0.0
satkärring,lb,1740,0,0,0,0,0,47561,0.0
satkärring,lb,1750,0,0,0,0,0,1095966,0.0
satkärring,lb,1760,0,0,0,0,0,24422,0.0
satkärring,lb,1770,0,0,0,0,0,69907,0.0
satkärring,lb,1780,0,0,0,0,0,48621,0.0
satkärring,lb,1790,0,0,0,0,0,789177,0.0
satkärring,lb,1800,0,0,0,0,0,736942,0.0
satkärring,lb,1810,0,0,0,0,0,1369393,0.0
satkärring,lb,1820,0,0,0,0,0,842254,0.0
satkärring,lb,1830,0,0,0,0,0,11653970,0.0
satkärring,lb,1840,0,0,0,0,0,30985848,0.0
satkärring,lb,1850,0,0,0,0,0,24055763,0.0
satkärring,lb,1860,0,0,0,0,0,30066424,0.0
satkärring,lb,1870,0,0,0,0,0,34605387,0.0
satkärring,lb,1880,0,0,0,0,0,55511947,0.0
satkärring,lb,1890,1,1,1,1,0,62219305,0.016072182098466063
satkärring,lb,1900,0,0,0,0,0,24058613,0.0
satkärring,lb,1910,1,1,1,1,0,20653390,0.04841820156400475
satkärring,lb,1920,1,1,1,1,0,19664571,0.05085287647515931
satkärring,lb,1930,0,0,0,0,0,16234117,0.0
satkärring,lb,1940,0,0,0,0,0,4503154,0.0
satkärring,lb,1950,0,0,0,0,0,737649,0.0
satkärring,lb,1960,0,0,0,0,0,803051,0.0
satkärring,lb,1970,0,0,0,0,0,88498,0.0
satkärring,lb,1980,0,0,0,0,0,441715,0.0
satkärring,lb,1990,0,0,0,0,0,289511,0.0
satkärring,lb,2000,0,0,0,0,0,104933,0.0
satkärring,lb,2010,0,0,0,0,0,355677,0.0
satkärring,lb,2020,0,0,0,0,0,475824,0.0
satkärring,tkr,1860,0,0,0,0,0,14301457,0.0
satkärring,tkr,1870,0,0,0,0,0,48663079,0.0
satkärring,tkr,1880,0,0,0,0,0,45300858,0.0
satkärring,tkr,1890,0,0,0,0,0,54990491,0.0
satkärring,tkr,1900,0,0,0,0,0,91612739,0.0
satkärring,tkr,1910,0,0,0,0,0,146452973,0.0
satkärring,tkr,1920,0,0,0,0,0,129092646,0.0
satkärring,tkr,1930,0,0,0,0,0,130093121,0.0
satkärring,tkr,1940,0,0,0,0,0,133229745,0.0
satkärring,tkr,1950,0,0,0,0,0,134940616,0.0
satkärring,tkr,1960,0,0,0,0,0,145935106,0.0
satkärring,tkr,1970,0,0,0,0,0,17225518,0.0
sig,kubhist2,1870,291436,140723,140723,100,150713,96758392,3011.997140258387
sig,kubhist2,1880,4410347,4409716,4409716,100,631,1450309699,3040.9691137285845
sig,kubhist2,1890,3252923,3252499,3252499,100,424,1037122519,3136.4886408372354
sig,kubhist2,1900,254012,253973,253973,100,39,77752738,3266.920323757602
sig,lb,1620,33,0,0,0,33,12158,2714.262214179964
sig,lb,1640,228,0,0,0,228,48209,4729.407372067456
sig,lb,1700,8073,8073,8073,100,0,1796708,4493.217595736202
sig,lb,1710,680,680,680,100,0,64639,10519.964727177092
sig,lb,1730,326,326,326,100,0,33381,9766.034570564094
sig,lb,1740,260,259,259,100,1,47561,5466.6638632493
sig,lb,1750,1355,1350,1350,100,5,1095966,1236.3522226054458
sig,lb,1760,213,213,213,100,0,24422,8721.644418966505
sig,lb,1770,596,595,595,100,1,69907,8525.612599596607
sig,lb,1780,290,290,290,100,0,48621,5964.5009358096295
sig,lb,1790,2154,1256,1256,100,898,789177,2729.425718184894
sig,lb,1800,4458,1888,1888,100,2570,736942,6049.322741816859
sig,lb,1810,8023,3879,3879,100,4144,1369393,5858.8002129410625
sig,lb,1820,8488,1428,1428,100,7060,842254,10077.72002270099
sig,lb,1830,135788,26363,26363,100,109425,11653970,11651.651754723927
sig,lb,1840,403083,71950,71950,100,331133,30985848,13008.616062403715
sig,lb,1850,314875,82429,82429,100,232446,24055763,13089.37903985835
sig,lb,1860,374519,109862,109862,100,264657,30066424,12456.386565958093
sig,lb,1870,425839,158059,158059,100,267780,34605387,12305.56965018192
sig,lb,1880,684872,107360,107360,100,577512,55511947,12337.380275997166
sig,lb,1890,794645,110595,110595,100,684050,62219305,12771.679143635565
sig,lb,1900,267007,93598,93598,100,173409,24058613,11098.187580472739
sig,lb,1910,202264,86733,86733,100,115531,20653390,9793.259121141857
sig,lb,1920,154614,74641,74641,100,79973,19664571,7862.566643330281
sig,lb,1930,114483,75494,75494,100,38989,16234117,7052.000426016395
sig,lb,1940,45371,21406,21406,100,23965,4503154,10075.382720644242
sig,lb,1950,6398,4452,4452,100,1946,737649,8673.501895888152
sig,lb,1960,2138,1247,1247,100,891,803051,2662.346476126672
sig,lb,1970,525,0,0,0,525,88498,5932.337453953762
sig,lb,1980,571,0,0,0,571,441715,1292.6887246301349
sig,lb,1990,2060,0,0,0,2060,289511,7115.446390638007
sig,lb,2000,391,0,0,0,391,104933,3726.187186109232
sig,lb,2010,3677,3606,3606,100,71,355677,10338.031416144424
sig,lb,2020,617,543,543,100,74,475824,1296.6979387336494
sig,tkr,1860,82327,67843,0,100,14484,14301457,5756.546343494932
sig,tkr,1870,263512,161562,0,100,101950,48663079,5415.029328497689
sig,tkr,1880,237772,213832,0,100,23940,45300858,5248.730609031732
sig,tkr,1890,289053,289025,0,100,28,54990491,5256.417877774541
sig,tkr,1900,461190,415815,0,100,45375,91612739,5034.125221384332
sig,tkr,1910,743210,743132,0,100,78,146452973,5074.734809241462
sig,tkr,1920,664617,664545,0,100,72,129092646,5148.372278309332
sig,tkr,1930,634407,492362,0,100,142045,130093121,4876.560690707082
sig,tkr,1940,581188,373433,0,100,207755,133229745,4362.299124718733
sig,tkr,1950,572037,351908,0,100,220129,134940616,4239.175846062538
sig,tkr,1960,588727,207762,0,100,380965,145935106,4034.1698179189316
sig,tkr,1970,69778,21528,0,100,48250,17225518,4050.8506043185466
sjuksköterska,kubhist2,1870,173,75,75,75,98,96758392,1.7879586093162854
sjuksköterska,kubhist2,1880,5666,5665,5665,100,1,1450309699,3.90675178129661
sjuksköterska,kubhist2,1890,7635,7633,7633,100,2,1037122519,7.361714609534961
sjuksköterska,kubhist2,1900,900,900,900,100,0,77752738,11.575155076854013
sjuksköterska,lb,1620,0,0,0,0,0,12158,0.0
sjuksköterska,lb,1640,0,0,0,0,0,48209,0.0
sjuksköterska,lb,1700,0,0,0,0,0,1796708,0.0
sjuksköterska,lb,1710,0,0,0,0,0,64639,0.0
sjuksköterska,lb,1730,0,0,0,0,0,33381,0.0
sjuksköterska,lb,1740,0,0,0,0,0,47561,0.0
sjuksköterska,lb,1750,0,0,0,0,0,1095966,0.0
sjuksköterska,lb,1760,0,0,0,0,0,24422,0.0
sjuksköterska,lb,1770,0,0,0,0,0,69907,0.0
sjuksköterska,lb,1780,0,0,0,0,0,48621,0.0
sjuksköterska,lb,1790,0,0,0,0,0,789177,0.0
sjuksköterska,lb,1800,0,0,0,0,0,736942,0.0
sjuksköterska,lb,1810,0,0,0,0,0,1369393,0.0
sjuksköterska,lb,1820,0,0,0,0,0,842254,0.0
sjuksköterska,lb,1830,1,1,1,1,0,11653970,0.08580766897460694
sjuksköterska,lb,1840,35,35,35,35,0,30985848,1.1295479149061856
sjuksköterska,lb,1850,47,47,47,47,0,24055763,1.9537937749054146
sjuksköterska,lb,1860,93,93,93,93,0,30066424,3.0931513504898356
sjuksköterska,lb,1870,69,69,69,69,0,34605387,1.9939092141925765
sjuksköterska,lb,1880,130,130,130,100,0,55511947,2.341838235290144
sjuksköterska,lb,1890,274,274,274,100,0,62219305,4.403777894979701
sjuksköterska,lb,1900,80,80,80,80,0,24058613,3.3252124717247833
sjuksköterska,lb,1910,63,63,63,63,0,20653390,3.050346698532299
sjuksköterska,lb,1920,90,90,90,90,0,19664571,4.576758882764338
sjuksköterska,lb,1930,87,87,87,87,0,16234117,5.359084205195762
sjuksköterska,lb,1940,24,24,24,24,0,4503154,5.329597877398819
sjuksköterska,lb,1950,2,2,2,2,0,737649,2.7113166289115824
sjuksköterska,lb,1960,0,0,0,0,0,803051,0.0
sjuksköterska,lb,1970,0,0,0,0,0,88498,0.0
sjuksköterska,lb,1980,0,0,0,0,0,441715,0.0
sjuksköterska,lb,1990,1,1,1,1,0,289511,3.4541001896301005
sjuksköterska,lb,2000,0,0,0,0,0,104933,0.0
sjuksköterska,lb,2010,0,0,0,0,0,355677,0.0
sjuksköterska,lb,2020,0,0,0,0,0,475824,0.0
sjuksköterska,tkr,1860,6,6,0,6,0,14301457,0.4195376736789825
sjuksköterska,tkr,1870,34,34,0,34,0,48663079,0.6986816432227809
sjuksköterska,tkr,1880,167,167,0,100,0,45300858,3.686464393235113
sjuksköterska,tkr,1890,142,142,0,100,0,54990491,2.582264631897904
sjuksköterska,tkr,1900,599,599,0,100,0,91612739,6.5383920024484805
sjuksköterska,tkr,1910,2329,2329,0,100,0,146452973,15.902715747532145
sjuksköterska,tkr,1920,1607,1607,0,100,0,129092646,12.448424056626742
sjuksköterska,tkr,1930,2104,2103,0,100,1,130093121,16.17303039412822
sjuksköterska,tkr,1940,3150,3150,0,100,0,133229745,23.643368828785192
sjuksköterska,tkr,1950,2610,2609,0,100,1,134940616,19.341841451205468
sjuksköterska,tkr,1960,4517,4513,0,100,4,145935106,30.95211374293996
sjuksköterska,tkr,1970,250,250,0,100,0,17225518,14.513351644925859
själv,kubhist2,1870,4,3,3,3,1,96758392,0.041340083452399666
själv,kubhist2,1880,90,90,90,90,0,1450309699,0.062055711316042164
själv,kubhist2,1890,39,39,39,39,0,1037122519,0.03760404319212357
själv,kubhist2,1900,8,8,8,8,0,77752738,0.10289026734981345
själv,lb,1620,0,0,0,0,0,12158,0.0
själv,lb,1640,0,0,0,0,0,48209,0.0
själv,lb,1700,0,0,0,0,0,1796708,0.0
själv,lb,1710,0,0,0,0,0,64639,0.0
själv,lb,1730,0,0,0,0,0,33381,0.0
själv,lb,1740,0,0,0,0,0,47561,0.0
själv,lb,1750,0,0,0,0,0,1095966,0.0
själv,lb,1760,0,0,0,0,0,24422,0.0
själv,lb,1770,0,0,0,0,0,69907,0.0
själv,lb,1780,0,0,0,0,0,48621,0.0
själv,lb,1790,0,0,0,0,0,789177,0.0
själv,lb,1800,0,0,0,0,0,736942,0.0
själv,lb,1810,0,0,0,0,0,1369393,0.0
själv,lb,1820,0,0,0,0,0,842254,0.0
själv,lb,1830,1,1,1,1,0,11653970,0.08580766897460694
själv,lb,1840,3,3,3,3,0,30985848,0.09681839270624448
själv,lb,1850,0,0,0,0,0,24055763,0.0
själv,lb,1860,8,8,8,8,0,30066424,0.2660775355260073
själv,lb,1870,0,0,0,0,0,34605387,0.0
själv,lb,1880,23,23,23,23,0,55511947,0.4143252262436409
själv,lb,1890,119,116,116,100,3,62219305,1.9125896697174616
själv,lb,1900,2047,2047,2047,100,0,24058613,85.08387412025789
själv,lb,1910,12354,12350,12350,100,4,20653390,598.1584621217146
själv,lb,1920,16420,16415,16415,100,5,19664571,835.0042317221158
själv,lb,1930,11484,11479,11479,100,5,16234117,707.3991150858405
själv,lb,1940,4660,4659,4659,100,1,4503154,1034.8302545282706
själv,lb,1950,545,545,545,100,0,737649,738.8337813784062
själv,lb,1960,231,231,231,100,0,803051,287.6529635104122
själv,lb,1970,42,42,42,42,0,88498,474.58699631630094
själv,lb,1980,168,168,168,100,0,441715,380.33573684389256
själv,lb,1990,227,227,227,100,0,289511,784.0807430460328
själv,lb,2000,25,25,25,25,0,104933,238.24726253895344
själv,lb,2010,116,116,116,100,0,355677,326.13860328331606
själv,lb,2020,77,77,77,77,0,475824,161.82454016611183
själv,tkr,1860,0,0,0,0,0,14301457,0.0
själv,tkr,1870,0,0,0,0,0,48663079,0.0
själv,tkr,1880,0,0,0,0,0,45300858,0.0
själv,tkr,1890,0,0,0,0,0,54990491,0.0
själv,tkr,1900,42,42,0,42,0,91612739,0.45845152604814055
själv,tkr,1910,46675,46662,0,100,13,146452973,318.7029873405165
själv,tkr,1920,59830,59815,0,100,15,129092646,463.465595088972
själv,tkr,1930,53341,53326,0,100,15,130093121,410.0216797781337
själv,tkr,1940,46980,46967,0,100,13,133229745,352.6239579607392
själv,tkr,1950,47360,47350,0,100,10,134940616,350.9691996663184
själv,tkr,1960,50960,50947,0,100,13,145935106,349.1963064733718
själv,tkr,1970,6386,6385,0,100,1,17225518,370.72905441798616
skata,kubhist2,1870,208,90,90,90,118,96758392,2.1496843395247827
skata,kubhist2,1880,2967,2967,2967,100,0,1450309699,2.0457699497188564
skata,kubhist2,1890,1932,1931,1931,100,1,1037122519,1.8628464473636601
skata,kubhist2,1900,149,149,149,100,0,77752738,1.9163312293902757
skata,lb,1620,0,0,0,0,0,12158,0.0
skata,lb,1640,0,0,0,0,0,48209,0.0
skata,lb,1700,2,2,2,2,0,1796708,1.1131469331688844
skata,lb,1710,0,0,0,0,0,64639,0.0
skata,lb,1730,0,0,0,0,0,33381,0.0
skata,lb,1740,0,0,0,0,0,47561,0.0
skata,lb,1750,1,1,1,1,0,1095966,0.9124370646534655
skata,lb,1760,0,0,0,0,0,24422,0.0
skata,lb,1770,0,0,0,0,0,69907,0.0
skata,lb,1780,0,0,0,0,0,48621,0.0
skata,lb,1790,0,0,0,0,0,789177,0.0
skata,lb,1800,0,0,0,0,0,736942,0.0
skata,lb,1810,2,2,2,2,0,1369393,1.4605011125367224
skata,lb,1820,2,2,2,2,0,842254,2.374580589703344
skata,lb,1830,52,52,52,52,0,11653970,4.461998786679561
skata,lb,1840,124,124,124,100,0,30985848,4.001826898524771
skata,lb,1850,119,119,119,100,0,24055763,4.946839557739241
skata,lb,1860,197,197,197,100,0,30066424,6.552159312327931
skata,lb,1870,167,167,167,100,0,34605387,4.825838243045801
skata,lb,1880,358,358,358,100,0,55511947,6.449062217183627
skata,lb,1890,338,338,338,100,0,62219305,5.4323975492815295
skata,lb,1900,116,116,116,100,0,24058613,4.8215580840009356
skata,lb,1910,87,87,87,87,0,20653390,4.212383536068413
skata,lb,1920,110,110,110,100,0,19664571,5.5938164122675245
skata,lb,1930,76,76,76,76,0,16234117,4.681498845918137
skata,lb,1940,39,39,39,39,0,4503154,8.66059655077308
skata,lb,1950,25,25,25,25,0,737649,33.891457861394784
skata,lb,1960,0,0,0,0,0,803051,0.0
skata,lb,1970,0,0,0,0,0,88498,0.0
skata,lb,1980,0,0,0,0,0,441715,0.0
skata,lb,1990,0,0,0,0,0,289511,0.0
skata,lb,2000,0,0,0,0,0,104933,0.0
skata,lb,2010,13,13,13,13,0,355677,36.55001588519921
skata,lb,2020,0,0,0,0,0,475824,0.0
skata,tkr,1860,0,0,0,0,0,14301457,0.0
skata,tkr,1870,11,11,0,11,0,48663079,0.2260440610426644
skata,tkr,1880,8,8,0,8,0,45300858,0.17659709668192156
skata,tkr,1890,7,7,0,7,0,54990491,0.1272947353752488
skata,tkr,1900,10,10,0,10,0,91612739,0.10915512524955727
skata,tkr,1910,18,18,0,18,0,146452973,0.12290634755499295
skata,tkr,1920,18,18,0,18,0,129092646,0.13943474363365363
skata,tkr,1930,32,32,0,32,0,130093121,0.24597764857989685
skata,tkr,1940,14,14,0,14,0,133229745,0.1050816392390453
skata,tkr,1950,24,24,0,24,0,134940616,0.1778560133444181
skata,tkr,1960,83,83,0,83,0,145935106,0.568745946571622
skata,tkr,1970,16,16,0,16,0,17225518,0.928854505275255
skollärarinna,kubhist2,1870,0,0,0,0,0,96758392,0.0
skollärarinna,kubhist2,1880,0,0,0,0,0,1450309699,0.0
skollärarinna,kubhist2,1890,0,0,0,0,0,1037122519,0.0
skollärarinna,kubhist2,1900,19,0,0,0,19,77752738,0.24436438495580695
skollärarinna,lb,1620,0,0,0,0,0,12158,0.0
skollärarinna,lb,1640,0,0,0,0,0,48209,0.0
skollärarinna,lb,1700,0,0,0,0,0,1796708,0.0
skollärarinna,lb,1710,0,0,0,0,0,64639,0.0
skollärarinna,lb,1730,0,0,0,0,0,33381,0.0
skollärarinna,lb,1740,0,0,0,0,0,47561,0.0
skollärarinna,lb,1750,0,0,0,0,0,1095966,0.0
skollärarinna,lb,1760,0,0,0,0,0,24422,0.0
skollärarinna,lb,1770,0,0,0,0,0,69907,0.0
skollärarinna,lb,1780,0,0,0,0,0,48621,0.0
skollärarinna,lb,1790,0,0,0,0,0,789177,0.0
skollärarinna,lb,1800,0,0,0,0,0,736942,0.0
skollärarinna,lb,1810,0,0,0,0,0,1369393,0.0
skollärarinna,lb,1820,0,0,0,0,0,842254,0.0
skollärarinna,lb,1830,0,0,0,0,0,11653970,0.0
skollärarinna,lb,1840,0,0,0,0,0,30985848,0.0
skollärarinna,lb,1850,3,3,3,3,0,24055763,0.12471024095140944
skollärarinna,lb,1860,5,5,5,5,0,30066424,0.1662984597037546
skollärarinna,lb,1870,15,15,15,15,0,34605387,0.4334585248244731
skollärarinna,lb,1880,23,23,23,23,0,55511947,0.4143252262436409
skollärarinna,lb,1890,44,44,44,44,0,62219305,0.7071760123325068
skollärarinna,lb,1900,29,29,29,29,0,24058613,1.2053895210002339
skollärarinna,lb,1910,9,9,9,9,0,20653390,0.4357638140760427
skollärarinna,lb,1920,11,11,11,11,0,19664571,0.5593816412267524
skollärarinna,lb,1930,10,10,10,10,0,16234117,0.6159866902523864
skollärarinna,lb,1940,0,0,0,0,0,4503154,0.0
skollärarinna,lb,1950,1,1,1,1,0,737649,1.3556583144557912
skollärarinna,lb,1960,0,0,0,0,0,803051,0.0
skollärarinna,lb,1970,0,0,0,0,0,88498,0.0
skollärarinna,lb,1980,0,0,0,0,0,441715,0.0
skollärarinna,lb,1990,0,0,0,0,0,289511,0.0
skollärarinna,lb,2000,0,0,0,0,0,104933,0.0
skollärarinna,lb,2010,0,0,0,0,0,355677,0.0
skollärarinna,lb,2020,0,0,0,0,0,475824,0.0
skollärarinna,tkr,1860,1,1,0,1,0,14301457,0.06992294561316376
skollärarinna,tkr,1870,8,8,0,8,0,48663079,0.16439568075830138
skollärarinna,tkr,1880,10,10,0,10,0,45300858,0.22074637085240195
skollärarinna,tkr,1890,14,14,0,14,0,54990491,0.2545894707504976
skollärarinna,tkr,1900,58,58,0,58,0,91612739,0.6330997264474322
skollärarinna,tkr,1910,103,103,0,100,0,146452973,0.7032974332313486
skollärarinna,tkr,1920,16,16,0,16,0,129092646,0.12394199434102544
skollärarinna,tkr,1930,14,14,0,14,0,130093121,0.10761522125370487
skollärarinna,tkr,1940,8,8,0,8,0,133229745,0.060046650993740174
skollärarinna,tkr,1950,1,1,0,1,0,134940616,0.007410667222684088
skollärarinna,tkr,1960,0,0,0,0,0,145935106,0.0
skollärarinna,tkr,1970,0,0,0,0,0,17225518,0.0
skrivbiträde,kubhist2,1870,0,0,0,0,0,96758392,0.0
skrivbiträde,kubhist2,1880,0,0,0,0,0,1450309699,0.0
skrivbiträde,kubhist2,1890,0,0,0,0,0,1037122519,0.0
skrivbiträde,kubhist2,1900,0,0,0,0,0,77752738,0.0
skrivbiträde,lb,1620,0,0,0,0,0,12158,0.0
skrivbiträde,lb,1640,0,0,0,0,0,48209,0.0
skrivbiträde,lb,1700,0,0,0,0,0,1796708,0.0
skrivbiträde,lb,1710,0,0,0,0,0,64639,0.0
skrivbiträde,lb,1730,0,0,0,0,0,33381,0.0
skrivbiträde,lb,1740,0,0,0,0,0,47561,0.0
skrivbiträde,lb,1750,0,0,0,0,0,1095966,0.0
skrivbiträde,lb,1760,0,0,0,0,0,24422,0.0
skrivbiträde,lb,1770,0,0,0,0,0,69907,0.0
skrivbiträde,lb,1780,0,0,0,0,0,48621,0.0
skrivbiträde,lb,1790,0,0,0,0,0,789177,0.0
skrivbiträde,lb,1800,0,0,0,0,0,736942,0.0
skrivbiträde,lb,1810,0,0,0,0,0,1369393,0.0
skrivbiträde,lb,1820,0,0,0,0,0,842254,0.0
skrivbiträde,lb,1830,0,0,0,0,0,11653970,0.0
skrivbiträde,lb,1840,0,0,0,0,0,30985848,0.0
skrivbiträde,lb,1850,0,0,0,0,0,24055763,0.0
skrivbiträde,lb,1860,0,0,0,0,0,30066424,0.0
skrivbiträde,lb,1870,0,0,0,0,0,34605387,0.0
skrivbiträde,lb,1880,0,0,0,0,0,55511947,0.0
skrivbiträde,lb,1890,0,0,0,0,0,62219305,0.0
skrivbiträde,lb,1900,0,0,0,0,0,24058613,0.0
skrivbiträde,lb,1910,4,4,4,4,0,20653390,0.193672806256019
skrivbiträde,lb,1920,11,11,11,11,0,19664571,0.5593816412267524
skrivbiträde,lb,1930,6,6,6,6,0,16234117,0.36959201415143184
skrivbiträde,lb,1940,1,1,1,1,0,4503154,0.22206657822495077
skrivbiträde,lb,1950,1,1,1,1,0,737649,1.3556583144557912
skrivbiträde,lb,1960,0,0,0,0,0,803051,0.0
skrivbiträde,lb,1970,0,0,0,0,0,88498,0.0
skrivbiträde,lb,1980,0,0,0,0,0,441715,0.0
skrivbiträde,lb,1990,0,0,0,0,0,289511,0.0
skrivbiträde,lb,2000,0,0,0,0,0,104933,0.0
skrivbiträde,lb,2010,0,0,0,0,0,355677,0.0
skrivbiträde,lb,2020,0,0,0,0,0,475824,0.0
skrivbiträde,tkr,1860,0,0,0,0,0,14301457,0.0
skrivbiträde,tkr,1870,0,0,0,0,0,48663079,0.0
skrivbiträde,tkr,1880,0,0,0,0,0,45300858,0.0
skrivbiträde,tkr,1890,0,0,0,0,0,54990491,0.0
skrivbiträde,tkr,1900,1,1,0,1,0,91612739,0.010915512524955727
skrivbiträde,tkr,1910,4242,4239,0,100,3,146452973,28.96492924046001
skrivbiträde,tkr,1920,3962,3958,0,100,4,129092646,30.691136348696425
skrivbiträde,tkr,1930,2681,2680,0,100,1,130093121,20.608314870084484
skrivbiträde,tkr,1940,4290,4289,0,100,1,133229745,32.200016595393166
skrivbiträde,tkr,1950,1104,1104,0,100,0,134940616,8.181376613843232
skrivbiträde,tkr,1960,340,340,0,100,0,145935106,2.32980267270303
skrivbiträde,tkr,1970,12,12,0,12,0,17225518,0.6966408789564412
skådespelerska,kubhist2,1870,615,253,253,100,362,96758392,6.356037830806448
skådespelerska,kubhist2,1880,9375,9369,9369,100,6,1450309699,6.464136595421058
skådespelerska,kubhist2,1890,7127,7126,7126,100,1,1037122519,6.871897841801659
skådespelerska,kubhist2,1900,330,330,330,100,0,77752738,4.244223528179805
skådespelerska,lb,1620,0,0,0,0,0,12158,0.0
skådespelerska,lb,1640,0,0,0,0,0,48209,0.0
skådespelerska,lb,1700,0,0,0,0,0,1796708,0.0
skådespelerska,lb,1710,0,0,0,0,0,64639,0.0
skådespelerska,lb,1730,0,0,0,0,0,33381,0.0
skådespelerska,lb,1740,0,0,0,0,0,47561,0.0
skådespelerska,lb,1750,0,0,0,0,0,1095966,0.0
skådespelerska,lb,1760,0,0,0,0,0,24422,0.0
skådespelerska,lb,1770,0,0,0,0,0,69907,0.0
skådespelerska,lb,1780,0,0,0,0,0,48621,0.0
skådespelerska,lb,1790,0,0,0,0,0,789177,0.0
skådespelerska,lb,1800,0,0,0,0,0,736942,0.0
skådespelerska,lb,1810,0,0,0,0,0,1369393,0.0
skådespelerska,lb,1820,0,0,0,0,0,842254,0.0
skådespelerska,lb,1830,9,9,9,9,0,11653970,0.7722690207714624
skådespelerska,lb,1840,100,100,100,100,0,30985848,3.227279756874816
skådespelerska,lb,1850,107,107,107,100,0,24055763,4.447998593933604
skådespelerska,lb,1860,96,96,96,96,0,30066424,3.1929304263120883
skådespelerska,lb,1870,117,117,117,100,0,34605387,3.3809764936308904
skådespelerska,lb,1880,359,359,359,100,0,55511947,6.46707635745509
skådespelerska,lb,1890,219,219,219,100,0,62219305,3.519807879564068
skådespelerska,lb,1900,160,160,160,100,0,24058613,6.650424943449567
skådespelerska,lb,1910,87,86,86,86,1,20653390,4.212383536068413
skådespelerska,lb,1920,115,115,115,100,0,19664571,5.84808079464332
skådespelerska,lb,1930,47,47,47,47,0,16234117,2.895137444186216
skådespelerska,lb,1940,60,60,60,60,0,4503154,13.323994693497047
skådespelerska,lb,1950,0,0,0,0,0,737649,0.0
skådespelerska,lb,1960,2,2,2,2,0,803051,2.490501848574997
skådespelerska,lb,1970,0,0,0,0,0,88498,0.0
skådespelerska,lb,1980,2,2,2,2,0,441715,4.5278063909987205
skådespelerska,lb,1990,0,0,0,0,0,289511,0.0
skådespelerska,lb,2000,0,0,0,0,0,104933,0.0
skådespelerska,lb,2010,1,1,1,1,0,355677,2.8115396834768625
skådespelerska,lb,2020,1,1,1,1,0,475824,2.101617404754699
skådespelerska,tkr,1860,1,1,0,1,0,14301457,0.06992294561316376
skådespelerska,tkr,1870,1,1,0,1,0,48663079,0.020549460094787673
skådespelerska,tkr,1880,2,2,0,2,0,45300858,0.04414927417048039
skådespelerska,tkr,1890,3,3,0,3,0,54990491,0.05455488658939234
skådespelerska,tkr,1900,2,2,0,2,0,91612739,0.021831025049911454
skådespelerska,tkr,1910,0,0,0,0,0,146452973,0.0
skådespelerska,tkr,1920,7,7,0,7,0,129092646,0.05422462252419863
skådespelerska,tkr,1930,8,8,0,8,0,130093121,0.06149441214497421
skådespelerska,tkr,1940,21,21,0,21,0,133229745,0.15762245885856796
skådespelerska,tkr,1950,4,4,0,4,0,134940616,0.029642668890736353
skådespelerska,tkr,1960,2,2,0,2,0,145935106,0.01370472160413547
skådespelerska,tkr,1970,0,0,0,0,0,17225518,0.0
sköka,kubhist2,1870,22,10,10,10,12,96758392,0.22737045898819816
sköka,kubhist2,1880,532,532,532,100,0,1450309699,0.36681820466816034
sköka,kubhist2,1890,247,247,247,100,0,1037122519,0.23815894021678263
sköka,kubhist2,1900,36,36,36,36,0,77752738,0.46300620307416057
sköka,lb,1620,0,0,0,0,0,12158,0.0
sköka,lb,1640,0,0,0,0,0,48209,0.0
sköka,lb,1700,0,0,0,0,0,1796708,0.0
sköka,lb,1710,0,0,0,0,0,64639,0.0
sköka,lb,1730,0,0,0,0,0,33381,0.0
sköka,lb,1740,0,0,0,0,0,47561,0.0
sköka,lb,1750,0,0,0,0,0,1095966,0.0
sköka,lb,1760,0,0,0,0,0,24422,0.0
sköka,lb,1770,0,0,0,0,0,69907,0.0
sköka,lb,1780,0,0,0,0,0,48621,0.0
sköka,lb,1790,1,1,1,1,0,789177,1.2671428589530613
sköka,lb,1800,1,1,1,1,0,736942,1.356958892287317
sköka,lb,1810,1,1,1,1,0,1369393,0.7302505562683612
sköka,lb,1820,0,0,0,0,0,842254,0.0
sköka,lb,1830,23,23,23,23,0,11653970,1.9735763864159594
sköka,lb,1840,38,38,38,38,0,30985848,1.22636630761243
sköka,lb,1850,20,20,20,20,0,24055763,0.8314016063427296
sköka,lb,1860,56,56,56,56,0,30066424,1.8625427486820514
sköka,lb,1870,37,37,37,37,0,34605387,1.0691976945670338
sköka,lb,1880,104,104,104,100,0,55511947,1.8734705882321152
sköka,lb,1890,115,115,115,100,0,62219305,1.8483009413235971
sköka,lb,1900,78,78,78,78,0,24058613,3.2420821599316634
sköka,lb,1910,65,65,65,65,0,20653390,3.1471831016603087
sköka,lb,1920,86,86,86,86,0,19664571,4.373347376863701
sköka,lb,1930,20,20,20,20,0,16234117,1.2319733805047728
sköka,lb,1940,23,23,23,23,0,4503154,5.107531299173868
sköka,lb,1950,3,3,3,3,0,737649,4.066974943367374
sköka,lb,1960,0,0,0,0,0,803051,0.0
sköka,lb,1970,0,0,0,0,0,88498,0.0
sköka,lb,1980,0,0,0,0,0,441715,0.0
sköka,lb,1990,2,2,2,2,0,289511,6.908200379260201
sköka,lb,2000,0,0,0,0,0,104933,0.0
sköka,lb,2010,0,0,0,0,0,355677,0.0
sköka,lb,2020,1,1,1,1,0,475824,2.101617404754699
sköka,tkr,1860,2,2,0,2,0,14301457,0.1398458912263275
sköka,tkr,1870,4,4,0,4,0,48663079,0.08219784037915069
sköka,tkr,1880,7,7,0,7,0,45300858,0.15452245959668137
sköka,tkr,1890,1,1,0,1,0,54990491,0.01818496219646411
sköka,tkr,1900,2,2,0,2,0,91612739,0.021831025049911454
sköka,tkr,1910,22,22,0,22,0,146452973,0.15021886923388028
sköka,tkr,1920,6,6,0,6,0,129092646,0.046478247877884536
sköka,tkr,1930,0,0,0,0,0,130093121,0.0
sköka,tkr,1940,0,0,0,0,0,133229745,0.0
sköka,tkr,1950,2,2,0,2,0,134940616,0.014821334445368177
sköka,tkr,1960,0,0,0,0,0,145935106,0.0
sköka,tkr,1970,0,0,0,0,0,17225518,0.0
slampa,kubhist2,1870,1,0,0,0,1,96758392,0.010335020863099917
slampa,kubhist2,1880,38,38,38,38,0,1450309699,0.026201300333440022
slampa,kubhist2,1890,28,28,28,28,0,1037122519,0.026997774599473334
slampa,kubhist2,1900,2,2,2,2,0,77752738,0.025722566837453362
slampa,lb,1620,0,0,0,0,0,12158,0.0
slampa,lb,1640,0,0,0,0,0,48209,0.0
slampa,lb,1700,0,0,0,0,0,1796708,0.0
slampa,lb,1710,0,0,0,0,0,64639,0.0
slampa,lb,1730,0,0,0,0,0,33381,0.0
slampa,lb,1740,0,0,0,0,0,47561,0.0
slampa,lb,1750,0,0,0,0,0,1095966,0.0
slampa,lb,1760,0,0,0,0,0,24422,0.0
slampa,lb,1770,0,0,0,0,0,69907,0.0
slampa,lb,1780,0,0,0,0,0,48621,0.0
slampa,lb,1790,0,0,0,0,0,789177,0.0
slampa,lb,1800,0,0,0,0,0,736942,0.0
slampa,lb,1810,0,0,0,0,0,1369393,0.0
slampa,lb,1820,0,0,0,0,0,842254,0.0
slampa,lb,1830,0,0,0,0,0,11653970,0.0
slampa,lb,1840,2,2,2,2,0,30985848,0.06454559513749632
slampa,lb,1850,4,4,4,4,0,24055763,0.16628032126854592
slampa,lb,1860,6,6,6,6,0,30066424,0.19955815164450552
slampa,lb,1870,0,0,0,0,0,34605387,0.0
slampa,lb,1880,6,6,6,6,0,55511947,0.10808484162877588
slampa,lb,1890,12,12,12,12,0,62219305,0.19286618518159276
slampa,lb,1900,5,5,5,5,0,24058613,0.20782577948279896
slampa,lb,1910,4,4,4,4,0,20653390,0.193672806256019
slampa,lb,1920,2,2,2,2,0,19664571,0.10170575295031863
slampa,lb,1930,1,1,1,1,0,16234117,0.06159866902523864
slampa,lb,1940,1,1,1,1,0,4503154,0.22206657822495077
slampa,lb,1950,0,0,0,0,0,737649,0.0
slampa,lb,1960,0,0,0,0,0,803051,0.0
slampa,lb,1970,0,0,0,0,0,88498,0.0
slampa,lb,1980,0,0,0,0,0,441715,0.0
slampa,lb,1990,0,0,0,0,0,289511,0.0
slampa,lb,2000,0,0,0,0,0,104933,0.0
slampa,lb,2010,0,0,0,0,0,355677,0.0
slampa,lb,2020,0,0,0,0,0,475824,0.0
slampa,tkr,1860,0,0,0,0,0,14301457,0.0
slampa,tkr,1870,0,0,0,0,0,48663079,0.0
slampa,tkr,1880,0,0,0,0,0,45300858,0.0
slampa,tkr,1890,0,0,0,0,0,54990491,0.0
slampa,tkr,1900,1,1,0,1,0,91612739,0.010915512524955727
slampa,tkr,1910,0,0,0,0,0,146452973,0.0
slampa,tkr,1920,0,0,0,0,0,129092646,0.0
slampa,tkr,1930,0,0,0,0,0,130093121,0.0
slampa,tkr,1940,0,0,0,0,0,133229745,0.0
slampa,tkr,1950,0,0,0,0,0,134940616,0.0
slampa,tkr,1960,0,0,0,0,0,145935106,0.0
slampa,tkr,1970,0,0,0,0,0,17225518,0.0
slinka,kubhist2,1870,56,20,20,20,36,96758392,0.5787611683335953
slinka,kubhist2,1880,1041,1041,1041,100,0,1450309699,0.7177777275555544
slinka,kubhist2,1890,890,890,890,100,0,1037122519,0.8581435497689738
slinka,kubhist2,1900,130,130,130,100,0,77752738,1.6719668444344686
slinka,lb,1620,0,0,0,0,0,12158,0.0
slinka,lb,1640,0,0,0,0,0,48209,0.0
slinka,lb,1700,0,0,0,0,0,1796708,0.0
slinka,lb,1710,0,0,0,0,0,64639,0.0
slinka,lb,1730,0,0,0,0,0,33381,0.0
slinka,lb,1740,0,0,0,0,0,47561,0.0
slinka,lb,1750,0,0,0,0,0,1095966,0.0
slinka,lb,1760,0,0,0,0,0,24422,0.0
slinka,lb,1770,0,0,0,0,0,69907,0.0
slinka,lb,1780,0,0,0,0,0,48621,0.0
slinka,lb,1790,1,1,1,1,0,789177,1.2671428589530613
slinka,lb,1800,0,0,0,0,0,736942,0.0
slinka,lb,1810,0,0,0,0,0,1369393,0.0
slinka,lb,1820,0,0,0,0,0,842254,0.0
slinka,lb,1830,16,16,16,16,0,11653970,1.372922703593711
slinka,lb,1840,68,68,68,68,0,30985848,2.1945502346748746
slinka,lb,1850,44,44,44,44,0,24055763,1.829083533954005
slinka,lb,1860,90,90,90,90,0,30066424,2.993372274667583
slinka,lb,1870,70,70,70,70,0,34605387,2.022806449180875
slinka,lb,1880,281,281,281,100,0,55511947,5.0619734162810035
slinka,lb,1890,407,407,407,100,0,62219305,6.5413781140756875
slinka,lb,1900,102,102,102,100,0,24058613,4.239645901449099
slinka,lb,1910,137,137,137,100,0,20653390,6.63329361426865
slinka,lb,1920,137,137,137,100,0,19664571,6.966844077096826
slinka,lb,1930,81,81,81,81,0,16234117,4.98949219104433
slinka,lb,1940,18,18,18,18,0,4503154,3.997198408049114
slinka,lb,1950,5,5,5,5,0,737649,6.778291572278957
slinka,lb,1960,0,0,0,0,0,803051,0.0
slinka,lb,1970,0,0,0,0,0,88498,0.0
slinka,lb,1980,0,0,0,0,0,441715,0.0
slinka,lb,1990,0,0,0,0,0,289511,0.0
slinka,lb,2000,0,0,0,0,0,104933,0.0
slinka,lb,2010,1,1,1,1,0,355677,2.8115396834768625
slinka,lb,2020,0,0,0,0,0,475824,0.0
slinka,tkr,1860,0,0,0,0,0,14301457,0.0
slinka,tkr,1870,7,7,0,7,0,48663079,0.1438462206635137
slinka,tkr,1880,7,7,0,7,0,45300858,0.15452245959668137
slinka,tkr,1890,1,1,0,1,0,54990491,0.01818496219646411
slinka,tkr,1900,12,12,0,12,0,91612739,0.13098615029946872
slinka,tkr,1910,31,31,0,31,0,146452973,0.21167204301137676
slinka,tkr,1920,43,43,0,43,0,129092646,0.3330941097915059
slinka,tkr,1930,54,54,0,54,0,130093121,0.415087281978576
slinka,tkr,1940,36,36,0,36,0,133229745,0.27020992947183076
slinka,tkr,1950,40,40,0,40,0,134940616,0.2964266889073635
slinka,tkr,1960,47,47,0,47,0,145935106,0.32206095769718357
slinka,tkr,1970,4,4,0,4,0,17225518,0.23221362631881376
slyna,kubhist2,1870,13,7,7,7,6,96758392,0.13435527122029892
slyna,kubhist2,1880,306,306,306,100,0,1450309699,0.21098941847454333
slyna,kubhist2,1890,289,289,289,100,0,1037122519,0.2786556021159926
slyna,kubhist2,1900,13,13,13,13,0,77752738,0.16719668444344687
slyna,lb,1620,0,0,0,0,0,12158,0.0
slyna,lb,1640,0,0,0,0,0,48209,0.0
slyna,lb,1700,0,0,0,0,0,1796708,0.0
slyna,lb,1710,0,0,0,0,0,64639,0.0
slyna,lb,1730,0,0,0,0,0,33381,0.0
slyna,lb,1740,0,0,0,0,0,47561,0.0
slyna,lb,1750,0,0,0,0,0,1095966,0.0
slyna,lb,1760,0,0,0,0,0,24422,0.0
slyna,lb,1770,0,0,0,0,0,69907,0.0
slyna,lb,1780,0,0,0,0,0,48621,0.0
slyna,lb,1790,0,0,0,0,0,789177,0.0
slyna,lb,1800,0,0,0,0,0,736942,0.0
slyna,lb,1810,0,0,0,0,0,1369393,0.0
slyna,lb,1820,0,0,0,0,0,842254,0.0
slyna,lb,1830,11,11,11,11,0,11653970,0.9438843587206763
slyna,lb,1840,52,52,52,52,0,30985848,1.6781854735749042
slyna,lb,1850,64,64,64,64,0,24055763,2.6604851402967347
slyna,lb,1860,73,73,73,73,0,30066424,2.427957511674817
slyna,lb,1870,66,65,65,65,1,34605387,1.9072175092276817
slyna,lb,1880,119,119,119,100,0,55511947,2.1436826923040546
slyna,lb,1890,204,204,204,100,0,62219305,3.278725148087077
slyna,lb,1900,36,36,36,36,0,24058613,1.4963456122761525
slyna,lb,1910,32,32,32,32,0,20653390,1.549382450048152
slyna,lb,1920,33,33,33,33,0,19664571,1.6781449236802572
slyna,lb,1930,21,21,21,21,0,16234117,1.2935720495300114
slyna,lb,1940,0,0,0,0,0,4503154,0.0
slyna,lb,1950,0,0,0,0,0,737649,0.0
slyna,lb,1960,0,0,0,0,0,803051,0.0
slyna,lb,1970,0,0,0,0,0,88498,0.0
slyna,lb,1980,0,0,0,0,0,441715,0.0
slyna,lb,1990,0,0,0,0,0,289511,0.0
slyna,lb,2000,0,0,0,0,0,104933,0.0
slyna,lb,2010,0,0,0,0,0,355677,0.0
slyna,lb,2020,0,0,0,0,0,475824,0.0
slyna,tkr,1860,0,0,0,0,0,14301457,0.0
slyna,tkr,1870,0,0,0,0,0,48663079,0.0
slyna,tkr,1880,0,0,0,0,0,45300858,0.0
slyna,tkr,1890,0,0,0,0,0,54990491,0.0
slyna,tkr,1900,0,0,0,0,0,91612739,0.0
slyna,tkr,1910,1,1,0,1,0,146452973,0.006828130419721831
slyna,tkr,1920,0,0,0,0,0,129092646,0.0
slyna,tkr,1930,1,1,0,1,0,130093121,0.0076868015181217764
slyna,tkr,1940,0,0,0,0,0,133229745,0.0
slyna,tkr,1950,0,0,0,0,0,134940616,0.0
slyna,tkr,1960,0,0,0,0,0,145935106,0.0
slyna,tkr,1970,0,0,0,0,0,17225518,0.0
småflicka,kubhist2,1870,26,13,13,13,13,96758392,0.26871054244059783
småflicka,kubhist2,1880,540,540,540,100,0,1450309699,0.37233426789625296
småflicka,kubhist2,1890,932,932,932,100,0,1037122519,0.8986402116681839
småflicka,kubhist2,1900,36,36,36,36,0,77752738,0.46300620307416057
småflicka,lb,1620,0,0,0,0,0,12158,0.0
småflicka,lb,1640,0,0,0,0,0,48209,0.0
småflicka,lb,1700,0,0,0,0,0,1796708,0.0
småflicka,lb,1710,0,0,0,0,0,64639,0.0
småflicka,lb,1730,0,0,0,0,0,33381,0.0
småflicka,lb,1740,0,0,0,0,0,47561,0.0
småflicka,lb,1750,0,0,0,0,0,1095966,0.0
småflicka,lb,1760,0,0,0,0,0,24422,0.0
småflicka,lb,1770,0,0,0,0,0,69907,0.0
småflicka,lb,1780,0,0,0,0,0,48621,0.0
småflicka,lb,1790,0,0,0,0,0,789177,0.0
småflicka,lb,1800,0,0,0,0,0,736942,0.0
småflicka,lb,1810,0,0,0,0,0,1369393,0.0
småflicka,lb,1820,0,0,0,0,0,842254,0.0
småflicka,lb,1830,1,1,1,1,0,11653970,0.08580766897460694
småflicka,lb,1840,12,12,12,12,0,30985848,0.38727357082497793
småflicka,lb,1850,9,9,9,9,0,24055763,0.3741307228542283
småflicka,lb,1860,36,36,36,36,0,30066424,1.1973489098670331
småflicka,lb,1870,26,26,26,26,0,34605387,0.7513281096957535
småflicka,lb,1880,93,93,93,93,0,55511947,1.6753150452460261
småflicka,lb,1890,128,128,128,100,0,62219305,2.057239308603656
småflicka,lb,1900,36,36,36,36,0,24058613,1.4963456122761525
småflicka,lb,1910,40,40,40,40,0,20653390,1.93672806256019
småflicka,lb,1920,50,50,50,50,0,19664571,2.5426438237579654
småflicka,lb,1930,16,16,16,16,0,16234117,0.9855787044038182
småflicka,lb,1940,6,6,6,6,0,4503154,1.3323994693497048
småflicka,lb,1950,0,0,0,0,0,737649,0.0
småflicka,lb,1960,2,2,2,2,0,803051,2.490501848574997
småflicka,lb,1970,0,0,0,0,0,88498,0.0
småflicka,lb,1980,0,0,0,0,0,441715,0.0
småflicka,lb,1990,0,0,0,0,0,289511,0.0
småflicka,lb,2000,0,0,0,0,0,104933,0.0
småflicka,lb,2010,0,0,0,0,0,355677,0.0
småflicka,lb,2020,0,0,0,0,0,475824,0.0
småflicka,tkr,1860,0,0,0,0,0,14301457,0.0
småflicka,tkr,1870,0,0,0,0,0,48663079,0.0
småflicka,tkr,1880,1,1,0,1,0,45300858,0.022074637085240194
småflicka,tkr,1890,1,1,0,1,0,54990491,0.01818496219646411
småflicka,tkr,1900,1,1,0,1,0,91612739,0.010915512524955727
småflicka,tkr,1910,0,0,0,0,0,146452973,0.0
småflicka,tkr,1920,0,0,0,0,0,129092646,0.0
småflicka,tkr,1930,3,3,0,3,0,130093121,0.02306040455436533
småflicka,tkr,1940,4,4,0,4,0,133229745,0.030023325496870087
småflicka,tkr,1950,5,5,0,5,0,134940616,0.03705333611342044
småflicka,tkr,1960,12,12,0,12,0,145935106,0.08222832962481283
småflicka,tkr,1970,0,0,0,0,0,17225518,0.0
sondotter,kubhist2,1870,52,26,26,26,26,96758392,0.5374210848811957
sondotter,kubhist2,1880,1451,1450,1450,100,1,1450309699,1.000475967995302
sondotter,kubhist2,1890,1027,1027,1027,100,0,1037122519,0.990239804059254
sondotter,kubhist2,1900,69,69,69,69,0,77752738,0.8874285558921411
sondotter,lb,1620,0,0,0,0,0,12158,0.0
sondotter,lb,1640,0,0,0,0,0,48209,0.0
sondotter,lb,1700,0,0,0,0,0,1796708,0.0
sondotter,lb,1710,0,0,0,0,0,64639,0.0
sondotter,lb,1730,0,0,0,0,0,33381,0.0
sondotter,lb,1740,0,0,0,0,0,47561,0.0
sondotter,lb,1750,0,0,0,0,0,1095966,0.0
sondotter,lb,1760,0,0,0,0,0,24422,0.0
sondotter,lb,1770,0,0,0,0,0,69907,0.0
sondotter,lb,1780,0,0,0,0,0,48621,0.0
sondotter,lb,1790,0,0,0,0,0,789177,0.0
sondotter,lb,1800,0,0,0,0,0,736942,0.0
sondotter,lb,1810,0,0,0,0,0,1369393,0.0
sondotter,lb,1820,0,0,0,0,0,842254,0.0
sondotter,lb,1830,2,2,2,2,0,11653970,0.17161533794921388
sondotter,lb,1840,76,76,76,76,0,30985848,2.45273261522486
sondotter,lb,1850,42,42,42,42,0,24055763,1.7459433733197323
sondotter,lb,1860,85,85,85,85,0,30066424,2.827073814963828
sondotter,lb,1870,64,64,64,64,0,34605387,1.8494230392510853
sondotter,lb,1880,139,139,139,100,0,55511947,2.503965497733308
sondotter,lb,1890,105,104,104,100,1,62219305,1.6875791203389365
sondotter,lb,1900,45,45,45,45,0,24058613,1.8704320153451905
sondotter,lb,1910,23,23,23,23,0,20653390,1.1136186359721092
sondotter,lb,1920,41,41,41,41,0,19664571,2.0849679354815316
sondotter,lb,1930,39,39,39,39,0,16234117,2.4023480919843068
sondotter,lb,1940,6,6,6,6,0,4503154,1.3323994693497048
sondotter,lb,1950,0,0,0,0,0,737649,0.0
sondotter,lb,1960,0,0,0,0,0,803051,0.0
sondotter,lb,1970,0,0,0,0,0,88498,0.0
sondotter,lb,1980,0,0,0,0,0,441715,0.0
sondotter,lb,1990,0,0,0,0,0,289511,0.0
sondotter,lb,2000,0,0,0,0,0,104933,0.0
sondotter,lb,2010,0,0,0,0,0,355677,0.0
sondotter,lb,2020,1,1,1,1,0,475824,2.101617404754699
sondotter,tkr,1860,0,0,0,0,0,14301457,0.0
sondotter,tkr,1870,0,0,0,0,0,48663079,0.0
sondotter,tkr,1880,0,0,0,0,0,45300858,0.0
sondotter,tkr,1890,4,4,0,4,0,54990491,0.07273984878585645
sondotter,tkr,1900,1,1,0,1,0,91612739,0.010915512524955727
sondotter,tkr,1910,5,5,0,5,0,146452973,0.034140652098609156
sondotter,tkr,1920,1,1,0,1,0,129092646,0.00774637464631409
sondotter,tkr,1930,4,4,0,4,0,130093121,0.030747206072487106
sondotter,tkr,1940,0,0,0,0,0,133229745,0.0
sondotter,tkr,1950,0,0,0,0,0,134940616,0.0
sondotter,tkr,1960,1,1,0,1,0,145935106,0.006852360802067735
sondotter,tkr,1970,0,0,0,0,0,17225518,0.0
spinnerska,kubhist2,1870,0,0,0,0,0,96758392,0.0
spinnerska,kubhist2,1880,0,0,0,0,0,1450309699,0.0
spinnerska,kubhist2,1890,0,0,0,0,0,1037122519,0.0
spinnerska,kubhist2,1900,0,0,0,0,0,77752738,0.0
spinnerska,lb,1620,0,0,0,0,0,12158,0.0
spinnerska,lb,1640,0,0,0,0,0,48209,0.0
spinnerska,lb,1700,0,0,0,0,0,1796708,0.0
spinnerska,lb,1710,0,0,0,0,0,64639,0.0
spinnerska,lb,1730,0,0,0,0,0,33381,0.0
spinnerska,lb,1740,0,0,0,0,0,47561,0.0
spinnerska,lb,1750,0,0,0,0,0,1095966,0.0
spinnerska,lb,1760,0,0,0,0,0,24422,0.0
spinnerska,lb,1770,0,0,0,0,0,69907,0.0
spinnerska,lb,1780,0,0,0,0,0,48621,0.0
spinnerska,lb,1790,0,0,0,0,0,789177,0.0
spinnerska,lb,1800,0,0,0,0,0,736942,0.0
spinnerska,lb,1810,0,0,0,0,0,1369393,0.0
spinnerska,lb,1820,0,0,0,0,0,842254,0.0
spinnerska,lb,1830,0,0,0,0,0,11653970,0.0
spinnerska,lb,1840,0,0,0,0,0,30985848,0.0
spinnerska,lb,1850,0,0,0,0,0,24055763,0.0
spinnerska,lb,1860,2,2,2,2,0,30066424,0.06651938388150183
spinnerska,lb,1870,0,0,0,0,0,34605387,0.0
spinnerska,lb,1880,0,0,0,0,0,55511947,0.0
spinnerska,lb,1890,0,0,0,0,0,62219305,0.0
spinnerska,lb,1900,0,0,0,0,0,24058613,0.0
spinnerska,lb,1910,0,0,0,0,0,20653390,0.0
spinnerska,lb,1920,0,0,0,0,0,19664571,0.0
spinnerska,lb,1930,0,0,0,0,0,16234117,0.0
spinnerska,lb,1940,0,0,0,0,0,4503154,0.0
spinnerska,lb,1950,0,0,0,0,0,737649,0.0
spinnerska,lb,1960,0,0,0,0,0,803051,0.0
spinnerska,lb,1970,0,0,0,0,0,88498,0.0
spinnerska,lb,1980,0,0,0,0,0,441715,0.0
spinnerska,lb,1990,0,0,0,0,0,289511,0.0
spinnerska,lb,2000,0,0,0,0,0,104933,0.0
spinnerska,lb,2010,0,0,0,0,0,355677,0.0
spinnerska,lb,2020,0,0,0,0,0,475824,0.0
spinnerska,tkr,1860,0,0,0,0,0,14301457,0.0
spinnerska,tkr,1870,0,0,0,0,0,48663079,0.0
spinnerska,tkr,1880,0,0,0,0,0,45300858,0.0
spinnerska,tkr,1890,0,0,0,0,0,54990491,0.0
spinnerska,tkr,1900,0,0,0,0,0,91612739,0.0
spinnerska,tkr,1910,0,0,0,0,0,146452973,0.0
spinnerska,tkr,1920,0,0,0,0,0,129092646,0.0
spinnerska,tkr,1930,0,0,0,0,0,130093121,0.0
spinnerska,tkr,1940,0,0,0,0,0,133229745,0.0
spinnerska,tkr,1950,0,0,0,0,0,134940616,0.0
spinnerska,tkr,1960,0,0,0,0,0,145935106,0.0
spinnerska,tkr,1970,0,0,0,0,0,17225518,0.0
styvmor,kubhist2,1870,0,0,0,0,0,96758392,0.0
styvmor,kubhist2,1880,4,4,4,4,0,1450309699,0.0027580316140463183
styvmor,kubhist2,1890,2,2,2,2,0,1037122519,0.0019284124713909523
styvmor,kubhist2,1900,0,0,0,0,0,77752738,0.0
styvmor,lb,1620,0,0,0,0,0,12158,0.0
styvmor,lb,1640,0,0,0,0,0,48209,0.0
styvmor,lb,1700,0,0,0,0,0,1796708,0.0
styvmor,lb,1710,0,0,0,0,0,64639,0.0
styvmor,lb,1730,0,0,0,0,0,33381,0.0
styvmor,lb,1740,0,0,0,0,0,47561,0.0
styvmor,lb,1750,0,0,0,0,0,1095966,0.0
styvmor,lb,1760,0,0,0,0,0,24422,0.0
styvmor,lb,1770,0,0,0,0,0,69907,0.0
styvmor,lb,1780,0,0,0,0,0,48621,0.0
styvmor,lb,1790,0,0,0,0,0,789177,0.0
styvmor,lb,1800,0,0,0,0,0,736942,0.0
styvmor,lb,1810,0,0,0,0,0,1369393,0.0
styvmor,lb,1820,0,0,0,0,0,842254,0.0
styvmor,lb,1830,0,0,0,0,0,11653970,0.0
styvmor,lb,1840,0,0,0,0,0,30985848,0.0
styvmor,lb,1850,0,0,0,0,0,24055763,0.0
styvmor,lb,1860,0,0,0,0,0,30066424,0.0
styvmor,lb,1870,0,0,0,0,0,34605387,0.0
styvmor,lb,1880,0,0,0,0,0,55511947,0.0
styvmor,lb,1890,2,2,2,2,0,62219305,0.032144364196932125
styvmor,lb,1900,0,0,0,0,0,24058613,0.0
styvmor,lb,1910,49,49,49,49,0,20653390,2.3724918766362326
styvmor,lb,1920,105,105,105,100,0,19664571,5.339552029891728
styvmor,lb,1930,153,153,153,100,0,16234117,9.424596360861512
styvmor,lb,1940,23,23,23,23,0,4503154,5.107531299173868
styvmor,lb,1950,3,3,3,3,0,737649,4.066974943367374
styvmor,lb,1960,0,0,0,0,0,803051,0.0
styvmor,lb,1970,0,0,0,0,0,88498,0.0
styvmor,lb,1980,0,0,0,0,0,441715,0.0
styvmor,lb,1990,0,0,0,0,0,289511,0.0
styvmor,lb,2000,0,0,0,0,0,104933,0.0
styvmor,lb,2010,0,0,0,0,0,355677,0.0
styvmor,lb,2020,2,2,2,2,0,475824,4.203234809509398
styvmor,tkr,1860,0,0,0,0,0,14301457,0.0
styvmor,tkr,1870,0,0,0,0,0,48663079,0.0
styvmor,tkr,1880,0,0,0,0,0,45300858,0.0
styvmor,tkr,1890,0,0,0,0,0,54990491,0.0
styvmor,tkr,1900,0,0,0,0,0,91612739,0.0
styvmor,tkr,1910,7,7,0,7,0,146452973,0.04779691293805282
styvmor,tkr,1920,30,30,0,30,0,129092646,0.2323912393894227
styvmor,tkr,1930,22,22,0,22,0,130093121,0.1691096333986791
styvmor,tkr,1940,14,14,0,14,0,133229745,0.1050816392390453
styvmor,tkr,1950,33,33,0,33,0,134940616,0.2445520183485749
styvmor,tkr,1960,18,18,0,18,0,145935106,0.12334249443721924
styvmor,tkr,1970,5,5,0,5,0,17225518,0.2902670328985172
subba,kubhist2,1870,4,3,3,3,1,96758392,0.041340083452399666
subba,kubhist2,1880,36,36,36,36,0,1450309699,0.024822284526416865
subba,kubhist2,1890,19,19,19,19,0,1037122519,0.01831991847821405
subba,kubhist2,1900,2,2,2,2,0,77752738,0.025722566837453362
subba,lb,1620,0,0,0,0,0,12158,0.0
subba,lb,1640,0,0,0,0,0,48209,0.0
subba,lb,1700,0,0,0,0,0,1796708,0.0
subba,lb,1710,0,0,0,0,0,64639,0.0
subba,lb,1730,0,0,0,0,0,33381,0.0
subba,lb,1740,0,0,0,0,0,47561,0.0
subba,lb,1750,0,0,0,0,0,1095966,0.0
subba,lb,1760,0,0,0,0,0,24422,0.0
subba,lb,1770,0,0,0,0,0,69907,0.0
subba,lb,1780,0,0,0,0,0,48621,0.0
subba,lb,1790,0,0,0,0,0,789177,0.0
subba,lb,1800,0,0,0,0,0,736942,0.0
subba,lb,1810,0,0,0,0,0,1369393,0.0
subba,lb,1820,0,0,0,0,0,842254,0.0
subba,lb,1830,1,1,1,1,0,11653970,0.08580766897460694
subba,lb,1840,0,0,0,0,0,30985848,0.0
subba,lb,1850,0,0,0,0,0,24055763,0.0
subba,lb,1860,4,4,4,4,0,30066424,0.13303876776300366
subba,lb,1870,0,0,0,0,0,34605387,0.0
subba,lb,1880,0,0,0,0,0,55511947,0.0
subba,lb,1890,0,0,0,0,0,62219305,0.0
subba,lb,1900,2,2,2,2,0,24058613,0.08313031179311958
subba,lb,1910,9,9,9,9,0,20653390,0.4357638140760427
subba,lb,1920,0,0,0,0,0,19664571,0.0
subba,lb,1930,0,0,0,0,0,16234117,0.0
subba,lb,1940,0,0,0,0,0,4503154,0.0
subba,lb,1950,0,0,0,0,0,737649,0.0
subba,lb,1960,0,0,0,0,0,803051,0.0
subba,lb,1970,0,0,0,0,0,88498,0.0
subba,lb,1980,0,0,0,0,0,441715,0.0
subba,lb,1990,0,0,0,0,0,289511,0.0
subba,lb,2000,0,0,0,0,0,104933,0.0
subba,lb,2010,0,0,0,0,0,355677,0.0
subba,lb,2020,0,0,0,0,0,475824,0.0
subba,tkr,1860,0,0,0,0,0,14301457,0.0
subba,tkr,1870,0,0,0,0,0,48663079,0.0
subba,tkr,1880,0,0,0,0,0,45300858,0.0
subba,tkr,1890,0,0,0,0,0,54990491,0.0
subba,tkr,1900,0,0,0,0,0,91612739,0.0
subba,tkr,1910,0,0,0,0,0,146452973,0.0
subba,tkr,1920,1,1,0,1,0,129092646,0.00774637464631409
subba,tkr,1930,0,0,0,0,0,130093121,0.0
subba,tkr,1940,0,0,0,0,0,133229745,0.0
subba,tkr,1950,0,0,0,0,0,134940616,0.0
subba,tkr,1960,0,0,0,0,0,145935106,0.0
subba,tkr,1970,0,0,0,0,0,17225518,0.0
sugga,kubhist2,1870,61,30,30,30,31,96758392,0.6304362726490949
sugga,kubhist2,1880,5311,5309,5309,100,2,1450309699,3.661976475549999
sugga,kubhist2,1890,4985,4984,4984,100,1,1037122519,4.806568084941949
sugga,kubhist2,1900,522,522,522,100,0,77752738,6.713589944575328
sugga,lb,1620,0,0,0,0,0,12158,0.0
sugga,lb,1640,0,0,0,0,0,48209,0.0
sugga,lb,1700,0,0,0,0,0,1796708,0.0
sugga,lb,1710,0,0,0,0,0,64639,0.0
sugga,lb,1730,0,0,0,0,0,33381,0.0
sugga,lb,1740,0,0,0,0,0,47561,0.0
sugga,lb,1750,0,0,0,0,0,1095966,0.0
sugga,lb,1760,0,0,0,0,0,24422,0.0
sugga,lb,1770,0,0,0,0,0,69907,0.0
sugga,lb,1780,0,0,0,0,0,48621,0.0
sugga,lb,1790,1,1,1,1,0,789177,1.2671428589530613
sugga,lb,1800,0,0,0,0,0,736942,0.0
sugga,lb,1810,2,2,2,2,0,1369393,1.4605011125367224
sugga,lb,1820,1,1,1,1,0,842254,1.187290294851672
sugga,lb,1830,8,8,8,8,0,11653970,0.6864613517968555
sugga,lb,1840,19,19,19,19,0,30985848,0.613183153806215
sugga,lb,1850,25,25,25,25,0,24055763,1.039252007928412
sugga,lb,1860,87,87,87,87,0,30066424,2.89359319884533
sugga,lb,1870,58,58,58,58,0,34605387,1.6760396293212962
sugga,lb,1880,85,85,85,85,0,55511947,1.5312019230743248
sugga,lb,1890,91,90,90,90,1,62219305,1.4625685709604117
sugga,lb,1900,47,47,47,47,0,24058613,1.95356232713831
sugga,lb,1910,83,83,83,83,0,20653390,4.018710729812394
sugga,lb,1920,102,102,102,100,0,19664571,5.18699340046625
sugga,lb,1930,46,46,46,46,0,16234117,2.8335387751609775
sugga,lb,1940,43,43,43,43,0,4503154,9.548862863672884
sugga,lb,1950,9,9,9,9,0,737649,12.200924830102121
sugga,lb,1960,0,0,0,0,0,803051,0.0
sugga,lb,1970,0,0,0,0,0,88498,0.0
sugga,lb,1980,0,0,0,0,0,441715,0.0
sugga,lb,1990,0,0,0,0,0,289511,0.0
sugga,lb,2000,0,0,0,0,0,104933,0.0
sugga,lb,2010,1,1,1,1,0,355677,2.8115396834768625
sugga,lb,2020,0,0,0,0,0,475824,0.0
sugga,tkr,1860,0,0,0,0,0,14301457,0.0
sugga,tkr,1870,0,0,0,0,0,48663079,0.0
sugga,tkr,1880,0,0,0,0,0,45300858,0.0
sugga,tkr,1890,2,2,0,2,0,54990491,0.03636992439292822
sugga,tkr,1900,3,3,0,3,0,91612739,0.03274653757486718
sugga,tkr,1910,16,16,0,16,0,146452973,0.1092500867155493
sugga,tkr,1920,47,46,0,46,1,129092646,0.36407960837676223
sugga,tkr,1930,38,38,0,38,0,130093121,0.2920984576886275
sugga,tkr,1940,112,112,0,100,0,133229745,0.8406531139123624
sugga,tkr,1950,69,69,0,69,0,134940616,0.511336038365202
sugga,tkr,1960,22,22,0,22,0,145935106,0.1507519376454902
sugga,tkr,1970,4,4,0,4,0,17225518,0.23221362631881376
svärmor,kubhist2,1870,320,118,118,100,202,96758392,3.307206676191973
svärmor,kubhist2,1880,5823,5820,5820,100,3,1450309699,4.015004522147928
svärmor,kubhist2,1890,5605,5600,5600,100,5,1037122519,5.404375951073144
svärmor,kubhist2,1900,419,419,419,100,0,77752738,5.38887775244648
svärmor,lb,1620,0,0,0,0,0,12158,0.0
svärmor,lb,1640,0,0,0,0,0,48209,0.0
svärmor,lb,1700,0,0,0,0,0,1796708,0.0
svärmor,lb,1710,0,0,0,0,0,64639,0.0
svärmor,lb,1730,0,0,0,0,0,33381,0.0
svärmor,lb,1740,0,0,0,0,0,47561,0.0
svärmor,lb,1750,0,0,0,0,0,1095966,0.0
svärmor,lb,1760,0,0,0,0,0,24422,0.0
svärmor,lb,1770,0,0,0,0,0,69907,0.0
svärmor,lb,1780,0,0,0,0,0,48621,0.0
svärmor,lb,1790,0,0,0,0,0,789177,0.0
svärmor,lb,1800,0,0,0,0,0,736942,0.0
svärmor,lb,1810,8,8,8,8,0,1369393,5.84200445014689
svärmor,lb,1820,0,0,0,0,0,842254,0.0
svärmor,lb,1830,38,38,38,38,0,11653970,3.2606914210350637
svärmor,lb,1840,357,357,357,100,0,30985848,11.521388732043093
svärmor,lb,1850,245,245,245,100,0,24055763,10.184669677698437
svärmor,lb,1860,338,338,338,100,0,30066424,11.241775875973811
svärmor,lb,1870,309,309,309,100,0,34605387,8.929245611384147
svärmor,lb,1880,694,694,694,100,0,55511947,12.501813348395077
svärmor,lb,1890,816,816,816,100,0,62219305,13.114900592348308
svärmor,lb,1900,135,135,135,100,0,24058613,5.611296046035571
svärmor,lb,1910,214,214,214,100,0,20653390,10.361495134697016
svärmor,lb,1920,139,139,139,100,0,19664571,7.068549830047144
svärmor,lb,1930,141,141,141,100,0,16234117,8.685412332558649
svärmor,lb,1940,53,53,53,53,0,4503154,11.76952864592239
svärmor,lb,1950,5,5,5,5,0,737649,6.778291572278957
svärmor,lb,1960,0,0,0,0,0,803051,0.0
svärmor,lb,1970,0,0,0,0,0,88498,0.0
svärmor,lb,1980,0,0,0,0,0,441715,0.0
svärmor,lb,1990,0,0,0,0,0,289511,0.0
svärmor,lb,2000,0,0,0,0,0,104933,0.0
svärmor,lb,2010,8,8,8,8,0,355677,22.4923174678149
svärmor,lb,2020,5,5,5,5,0,475824,10.508087023773497
svärmor,tkr,1860,1,1,0,1,0,14301457,0.06992294561316376
svärmor,tkr,1870,3,3,0,3,0,48663079,0.061648380284363015
svärmor,tkr,1880,3,3,0,3,0,45300858,0.0662239112557206
svärmor,tkr,1890,3,3,0,3,0,54990491,0.05455488658939234
svärmor,tkr,1900,15,15,0,15,0,91612739,0.1637326878743359
svärmor,tkr,1910,2,2,0,2,0,146452973,0.013656260839443662
svärmor,tkr,1920,8,8,0,8,0,129092646,0.06197099717051272
svärmor,tkr,1930,15,15,0,15,0,130093121,0.11530202277182665
svärmor,tkr,1940,7,7,0,7,0,133229745,0.05254081961952265
svärmor,tkr,1950,2,2,0,2,0,134940616,0.014821334445368177
svärmor,tkr,1960,9,9,0,9,0,145935106,0.06167124721860962
svärmor,tkr,1970,3,3,0,3,0,17225518,0.1741602197391103
syster,kubhist2,1870,4422,2186,2186,100,2236,96758392,45.70146225662783
syster,kubhist2,1880,73846,73826,73826,100,20,1450309699,50.9174006427161
syster,kubhist2,1890,59007,58996,58996,100,11,1037122519,56.89491734968296
syster,kubhist2,1900,3834,3834,3834,100,0,77752738,49.3101606273981
syster,lb,1620,4,0,0,0,4,12158,329.0014805066623
syster,lb,1640,12,0,0,0,12,48209,248.91617747723456
syster,lb,1700,172,172,172,100,0,1796708,95.73063625252406
syster,lb,1710,12,12,12,12,0,64639,185.64643636194867
syster,lb,1730,1,1,1,1,0,33381,29.957161259399058
syster,lb,1740,8,8,8,8,0,47561,168.20504194613233
syster,lb,1750,7,7,7,7,0,1095966,6.387059452574259
syster,lb,1760,0,0,0,0,0,24422,0.0
syster,lb,1770,3,3,3,3,0,69907,42.91415738051983
syster,lb,1780,1,1,1,1,0,48621,20.567244606240102
syster,lb,1790,30,30,30,30,0,789177,38.01428576859184
syster,lb,1800,49,49,49,49,0,736942,66.49098572207853
syster,lb,1810,41,41,41,41,0,1369393,29.94027280700281
syster,lb,1820,159,159,159,100,0,842254,188.77915688141582
syster,lb,1830,2083,2083,2083,100,0,11653970,178.73737447410625
syster,lb,1840,6181,6179,6179,100,2,30985848,199.47816177243237
syster,lb,1850,5162,5162,5162,100,0,24055763,214.58475459705852
syster,lb,1860,6391,6391,6391,100,0,30066424,212.56269119333913
syster,lb,1870,6986,6984,6984,100,2,34605387,201.87608362825128
syster,lb,1880,8285,8285,8285,100,0,55511947,149.24715214906803
syster,lb,1890,11363,11359,11359,100,4,62219305,182.62820518486987
syster,lb,1900,3457,3456,3456,100,1,24058613,143.69074393440718
syster,lb,1910,3223,3223,3223,100,0,20653390,156.0518636407873
syster,lb,1920,2866,2866,2866,100,0,19664571,145.74434397780658
syster,lb,1930,3401,3401,3401,100,0,16234117,209.4970733548366
syster,lb,1940,813,813,813,100,0,4503154,180.54012809688498
syster,lb,1950,110,110,110,100,0,737649,149.12241459013705
syster,lb,1960,22,22,22,22,0,803051,27.395520334324967
syster,lb,1970,14,14,14,14,0,88498,158.19566543876698
syster,lb,1980,14,14,14,14,0,441715,31.694644736991048
syster,lb,1990,19,19,19,19,0,289511,65.62790360297191
syster,lb,2000,39,39,39,39,0,104933,371.6657295607674
syster,lb,2010,56,56,56,56,0,355677,157.4462222747043
syster,lb,2020,110,110,110,100,0,475824,231.1779145230169
syster,tkr,1860,40,40,0,40,0,14301457,2.79691782452655
syster,tkr,1870,76,76,0,76,0,48663079,1.5617589672038632
syster,tkr,1880,88,88,0,88,0,45300858,1.9425680635011373
syster,tkr,1890,104,104,0,100,0,54990491,1.8912360684322678
syster,tkr,1900,137,137,0,100,0,91612739,1.4954252159189345
syster,tkr,1910,327,327,0,100,0,146452973,2.2327986472490386
syster,tkr,1920,157,157,0,100,0,129092646,1.2161808194713122
syster,tkr,1930,227,227,0,100,0,130093121,1.7449039446136434
syster,tkr,1940,219,218,0,100,1,133229745,1.6437770709536372
syster,tkr,1950,166,166,0,100,0,134940616,1.2301707589655586
syster,tkr,1960,154,154,0,100,0,145935106,1.0552635635184313
syster,tkr,1970,21,21,0,21,0,17225518,1.2191215381737721
systerdotter,kubhist2,1870,149,84,84,84,65,96758392,1.5399181086018874
systerdotter,kubhist2,1880,2484,2482,2482,100,2,1450309699,1.7127376323227637
systerdotter,kubhist2,1890,1657,1657,1657,100,0,1037122519,1.597689732547404
systerdotter,kubhist2,1900,88,88,88,88,0,77752738,1.1317929408479481
systerdotter,lb,1620,0,0,0,0,0,12158,0.0
systerdotter,lb,1640,0,0,0,0,0,48209,0.0
systerdotter,lb,1700,0,0,0,0,0,1796708,0.0
systerdotter,lb,1710,0,0,0,0,0,64639,0.0
systerdotter,lb,1730,0,0,0,0,0,33381,0.0
systerdotter,lb,1740,0,0,0,0,0,47561,0.0
systerdotter,lb,1750,0,0,0,0,0,1095966,0.0
systerdotter,lb,1760,0,0,0,0,0,24422,0.0
systerdotter,lb,1770,0,0,0,0,0,69907,0.0
systerdotter,lb,1780,0,0,0,0,0,48621,0.0
systerdotter,lb,1790,1,1,1,1,0,789177,1.2671428589530613
systerdotter,lb,1800,0,0,0,0,0,736942,0.0
systerdotter,lb,1810,3,3,3,3,0,1369393,2.190751668805084
systerdotter,lb,1820,7,7,7,7,0,842254,8.311032063961703
systerdotter,lb,1830,90,90,90,90,0,11653970,7.722690207714624
systerdotter,lb,1840,183,183,183,100,0,30985848,5.905921955080913
systerdotter,lb,1850,97,97,97,97,0,24055763,4.032297790762239
systerdotter,lb,1860,183,183,183,100,0,30066424,6.086523625157418
systerdotter,lb,1870,218,218,218,100,0,34605387,6.299597227449009
systerdotter,lb,1880,235,235,235,100,0,55511947,4.2333229637937215
systerdotter,lb,1890,244,244,244,100,0,62219305,3.9216124320257193
systerdotter,lb,1900,57,57,57,57,0,24058613,2.369213886103908
systerdotter,lb,1910,113,113,113,100,0,20653390,5.471256776732536
systerdotter,lb,1920,126,126,126,100,0,19664571,6.407462435870073
systerdotter,lb,1930,190,189,189,100,1,16234117,11.703747114795341
systerdotter,lb,1940,22,22,22,22,0,4503154,4.885464720948917
systerdotter,lb,1950,10,10,10,10,0,737649,13.556583144557914
systerdotter,lb,1960,0,0,0,0,0,803051,0.0
systerdotter,lb,1970,0,0,0,0,0,88498,0.0
systerdotter,lb,1980,1,1,1,1,0,441715,2.2639031954993603
systerdotter,lb,1990,0,0,0,0,0,289511,0.0
systerdotter,lb,2000,0,0,0,0,0,104933,0.0
systerdotter,lb,2010,0,0,0,0,0,355677,0.0
systerdotter,lb,2020,4,4,4,4,0,475824,8.406469619018797
systerdotter,tkr,1860,4,4,0,4,0,14301457,0.279691782452655
systerdotter,tkr,1870,5,5,0,5,0,48663079,0.10274730047393836
systerdotter,tkr,1880,2,2,0,2,0,45300858,0.04414927417048039
systerdotter,tkr,1890,8,8,0,8,0,54990491,0.1454796975717129
systerdotter,tkr,1900,1,1,0,1,0,91612739,0.010915512524955727
systerdotter,tkr,1910,7,7,0,7,0,146452973,0.04779691293805282
systerdotter,tkr,1920,3,3,0,3,0,129092646,0.023239123938942268
systerdotter,tkr,1930,9,9,0,9,0,130093121,0.06918121366309599
systerdotter,tkr,1940,2,2,0,2,0,133229745,0.015011662748435043
systerdotter,tkr,1950,1,1,0,1,0,134940616,0.007410667222684088
systerdotter,tkr,1960,1,1,0,1,0,145935106,0.006852360802067735
systerdotter,tkr,1970,0,0,0,0,0,17225518,0.0
sångerska,kubhist2,1870,1117,585,585,100,532,96758392,11.544218304082607
sångerska,kubhist2,1880,16609,16599,16599,100,10,1450309699,11.452036769423826
sångerska,kubhist2,1890,13187,13184,13184,100,3,1037122519,12.714987630116244
sångerska,kubhist2,1900,551,551,551,100,0,77752738,7.086567163718402
sångerska,lb,1620,0,0,0,0,0,12158,0.0
sångerska,lb,1640,0,0,0,0,0,48209,0.0
sångerska,lb,1700,5,5,5,5,0,1796708,2.782867332922211
sångerska,lb,1710,0,0,0,0,0,64639,0.0
sångerska,lb,1730,0,0,0,0,0,33381,0.0
sångerska,lb,1740,0,0,0,0,0,47561,0.0
sångerska,lb,1750,0,0,0,0,0,1095966,0.0
sångerska,lb,1760,0,0,0,0,0,24422,0.0
sångerska,lb,1770,0,0,0,0,0,69907,0.0
sångerska,lb,1780,0,0,0,0,0,48621,0.0
sångerska,lb,1790,0,0,0,0,0,789177,0.0
sångerska,lb,1800,1,1,1,1,0,736942,1.356958892287317
sångerska,lb,1810,0,0,0,0,0,1369393,0.0
sångerska,lb,1820,0,0,0,0,0,842254,0.0
sångerska,lb,1830,32,32,32,32,0,11653970,2.745845407187422
sångerska,lb,1840,234,234,234,100,0,30985848,7.551834631087069
sångerska,lb,1850,302,302,302,100,0,24055763,12.554164255775216
sångerska,lb,1860,348,348,348,100,0,30066424,11.57437279538132
sångerska,lb,1870,236,236,236,100,0,34605387,6.819747457238377
sångerska,lb,1880,304,304,304,100,0,55511947,5.476298642524644
sångerska,lb,1890,339,338,338,100,1,62219305,5.448469731379995
sångerska,lb,1900,142,142,142,100,0,24058613,5.90225213731149
sångerska,lb,1910,89,89,89,89,0,20653390,4.3092199391964225
sångerska,lb,1920,69,69,69,69,0,19664571,3.5088484767859924
sångerska,lb,1930,31,31,31,31,0,16234117,1.9095587397823979
sångerska,lb,1940,27,27,27,27,0,4503154,5.995797612073671
sångerska,lb,1950,1,1,1,1,0,737649,1.3556583144557912
sångerska,lb,1960,0,0,0,0,0,803051,0.0
sångerska,lb,1970,0,0,0,0,0,88498,0.0
sångerska,lb,1980,0,0,0,0,0,441715,0.0
sångerska,lb,1990,0,0,0,0,0,289511,0.0
sångerska,lb,2000,0,0,0,0,0,104933,0.0
sångerska,lb,2010,0,0,0,0,0,355677,0.0
sångerska,lb,2020,2,2,2,2,0,475824,4.203234809509398
sångerska,tkr,1860,1,1,0,1,0,14301457,0.06992294561316376
sångerska,tkr,1870,7,7,0,7,0,48663079,0.1438462206635137
sångerska,tkr,1880,7,7,0,7,0,45300858,0.15452245959668137
sångerska,tkr,1890,4,4,0,4,0,54990491,0.07273984878585645
sångerska,tkr,1900,3,3,0,3,0,91612739,0.03274653757486718
sångerska,tkr,1910,4,4,0,4,0,146452973,0.027312521678887324
sångerska,tkr,1920,5,5,0,5,0,129092646,0.03873187323157045
sångerska,tkr,1930,6,6,0,6,0,130093121,0.04612080910873066
sångerska,tkr,1940,2,2,0,2,0,133229745,0.015011662748435043
sångerska,tkr,1950,0,0,0,0,0,134940616,0.0
sångerska,tkr,1960,0,0,0,0,0,145935106,0.0
sångerska,tkr,1970,0,0,0,0,0,17225518,0.0
sömmerska,kubhist2,1870,309,153,153,100,156,96758392,3.193521446697874
sömmerska,kubhist2,1880,12787,12780,12780,100,7,1450309699,8.816737562202569
sömmerska,kubhist2,1890,9130,9130,9130,100,0,1037122519,8.803202931899698
sömmerska,kubhist2,1900,575,575,575,100,0,77752738,7.395237965767842
sömmerska,lb,1620,0,0,0,0,0,12158,0.0
sömmerska,lb,1640,0,0,0,0,0,48209,0.0
sömmerska,lb,1700,0,0,0,0,0,1796708,0.0
sömmerska,lb,1710,0,0,0,0,0,64639,0.0
sömmerska,lb,1730,0,0,0,0,0,33381,0.0
sömmerska,lb,1740,0,0,0,0,0,47561,0.0
sömmerska,lb,1750,0,0,0,0,0,1095966,0.0
sömmerska,lb,1760,0,0,0,0,0,24422,0.0
sömmerska,lb,1770,0,0,0,0,0,69907,0.0
sömmerska,lb,1780,0,0,0,0,0,48621,0.0
sömmerska,lb,1790,0,0,0,0,0,789177,0.0
sömmerska,lb,1800,0,0,0,0,0,736942,0.0
sömmerska,lb,1810,0,0,0,0,0,1369393,0.0
sömmerska,lb,1820,0,0,0,0,0,842254,0.0
sömmerska,lb,1830,34,34,34,34,0,11653970,2.9174607451366357
sömmerska,lb,1840,74,74,74,74,0,30985848,2.3881870200873636
sömmerska,lb,1850,117,117,117,100,0,24055763,4.863699397104968
sömmerska,lb,1860,154,154,154,100,0,30066424,5.121992558875641
sömmerska,lb,1870,297,297,297,100,0,34605387,8.582478791524569
sömmerska,lb,1880,393,393,393,100,0,55511947,7.079557126684819
sömmerska,lb,1890,317,317,317,100,0,62219305,5.0948817252137415
sömmerska,lb,1900,92,92,92,92,0,24058613,3.8239943424835006
sömmerska,lb,1910,67,67,67,67,0,20653390,3.244019504788318
sömmerska,lb,1920,47,47,47,47,0,19664571,2.3900851943324875
sömmerska,lb,1930,28,28,28,28,0,16234117,1.724762732706682
sömmerska,lb,1940,19,19,19,19,0,4503154,4.219264986274065
sömmerska,lb,1950,2,2,2,2,0,737649,2.7113166289115824
sömmerska,lb,1960,0,0,0,0,0,803051,0.0
sömmerska,lb,1970,0,0,0,0,0,88498,0.0
sömmerska,lb,1980,0,0,0,0,0,441715,0.0
sömmerska,lb,1990,0,0,0,0,0,289511,0.0
sömmerska,lb,2000,0,0,0,0,0,104933,0.0
sömmerska,lb,2010,1,1,1,1,0,355677,2.8115396834768625
sömmerska,lb,2020,2,2,2,2,0,475824,4.203234809509398
sömmerska,tkr,1860,0,0,0,0,0,14301457,0.0
sömmerska,tkr,1870,1,1,0,1,0,48663079,0.020549460094787673
sömmerska,tkr,1880,10,10,0,10,0,45300858,0.22074637085240195
sömmerska,tkr,1890,41,41,0,41,0,54990491,0.7455834500550286
sömmerska,tkr,1900,59,59,0,59,0,91612739,0.6440152389723879
sömmerska,tkr,1910,179,179,0,100,0,146452973,1.2222353451302077
sömmerska,tkr,1920,418,418,0,100,0,129092646,3.2379846021592895
sömmerska,tkr,1930,357,357,0,100,0,130093121,2.7441881419694742
sömmerska,tkr,1940,151,151,0,100,0,133229745,1.1333805375068458
sömmerska,tkr,1950,126,126,0,100,0,134940616,0.933744070058195
sömmerska,tkr,1960,94,94,0,94,0,145935106,0.6441219153943671
sömmerska,tkr,1970,3,3,0,3,0,17225518,0.1741602197391103
tant,kubhist2,1870,1074,658,658,100,416,96758392,11.09981240696931
tant,kubhist2,1880,22802,22796,22796,100,6,1450309699,15.722159215871038
tant,kubhist2,1890,19139,19137,19137,100,2,1037122519,18.453943144975717
tant,kubhist2,1900,1303,1303,1303,100,0,77752738,16.758252294600865
tant,lb,1620,0,0,0,0,0,12158,0.0
tant,lb,1640,0,0,0,0,0,48209,0.0
tant,lb,1700,0,0,0,0,0,1796708,0.0
tant,lb,1710,0,0,0,0,0,64639,0.0
tant,lb,1730,0,0,0,0,0,33381,0.0
tant,lb,1740,0,0,0,0,0,47561,0.0
tant,lb,1750,111,111,111,100,0,1095966,101.28051417653468
tant,lb,1760,0,0,0,0,0,24422,0.0
tant,lb,1770,1,1,1,1,0,69907,14.304719126839945
tant,lb,1780,1,1,1,1,0,48621,20.567244606240102
tant,lb,1790,8,8,8,8,0,789177,10.13714287162449
tant,lb,1800,6,6,6,6,0,736942,8.141753353723903
tant,lb,1810,24,24,24,24,0,1369393,17.52601335044067
tant,lb,1820,30,30,30,30,0,842254,35.61870884555015
tant,lb,1830,675,675,675,100,0,11653970,57.92017655785968
tant,lb,1840,2831,2830,2830,100,1,30985848,91.36428991712604
tant,lb,1850,1972,1971,1971,100,1,24055763,81.97619838539313
tant,lb,1860,3227,3227,3227,100,0,30066424,107.32902589280322
tant,lb,1870,3884,3882,3882,100,2,34605387,112.23686069455024
tant,lb,1880,5208,5206,5206,100,2,55511947,93.81764253377746
tant,lb,1890,4925,4924,4924,100,1,62219305,79.15549683494535
tant,lb,1900,1054,1054,1054,100,0,24058613,43.80967431497402
tant,lb,1910,1568,1568,1568,100,0,20653390,75.91974005235944
tant,lb,1920,1086,1086,1086,100,0,19664571,55.22622385202301
tant,lb,1930,662,660,660,100,2,16234117,40.77831889470798
tant,lb,1940,89,89,89,89,0,4503154,19.76392546202062
tant,lb,1950,5,5,5,5,0,737649,6.778291572278957
tant,lb,1960,5,5,5,5,0,803051,6.2262546214374925
tant,lb,1970,0,0,0,0,0,88498,0.0
tant,lb,1980,3,3,3,3,0,441715,6.791709586498081
tant,lb,1990,0,0,0,0,0,289511,0.0
tant,lb,2000,0,0,0,0,0,104933,0.0
tant,lb,2010,6,6,6,6,0,355677,16.869238100861175
tant,lb,2020,7,7,7,7,0,475824,14.711321833282895
tant,tkr,1860,17,17,0,17,0,14301457,1.1886900754237837
tant,tkr,1870,95,95,0,95,0,48663079,1.952198709004829
tant,tkr,1880,47,47,0,47,0,45300858,1.0375079430062892
tant,tkr,1890,40,40,0,40,0,54990491,0.7273984878585645
tant,tkr,1900,56,56,0,56,0,91612739,0.6112687013975208
tant,tkr,1910,188,188,0,100,0,146452973,1.2836885189077043
tant,tkr,1920,85,85,0,85,0,129092646,0.6584418449366977
tant,tkr,1930,109,109,0,100,0,130093121,0.8378613654752737
tant,tkr,1940,59,59,0,59,0,133229745,0.4428440510788338
tant,tkr,1950,78,78,0,78,0,134940616,0.5780320433693589
tant,tkr,1960,81,81,0,81,0,145935106,0.5550412249674865
tant,tkr,1970,10,10,0,10,0,17225518,0.5805340657970344
telefonist,kubhist2,1870,0,0,0,0,0,96758392,0.0
telefonist,kubhist2,1880,425,425,425,100,0,1450309699,0.2930408589924213
telefonist,kubhist2,1890,1352,1352,1352,100,0,1037122519,1.303606830660284
telefonist,kubhist2,1900,118,118,118,100,0,77752738,1.5176314434097484
telefonist,lb,1620,0,0,0,0,0,12158,0.0
telefonist,lb,1640,0,0,0,0,0,48209,0.0
telefonist,lb,1700,0,0,0,0,0,1796708,0.0
telefonist,lb,1710,0,0,0,0,0,64639,0.0
telefonist,lb,1730,0,0,0,0,0,33381,0.0
telefonist,lb,1740,0,0,0,0,0,47561,0.0
telefonist,lb,1750,0,0,0,0,0,1095966,0.0
telefonist,lb,1760,0,0,0,0,0,24422,0.0
telefonist,lb,1770,0,0,0,0,0,69907,0.0
telefonist,lb,1780,0,0,0,0,0,48621,0.0
telefonist,lb,1790,0,0,0,0,0,789177,0.0
telefonist,lb,1800,0,0,0,0,0,736942,0.0
telefonist,lb,1810,0,0,0,0,0,1369393,0.0
telefonist,lb,1820,0,0,0,0,0,842254,0.0
telefonist,lb,1830,0,0,0,0,0,11653970,0.0
telefonist,lb,1840,0,0,0,0,0,30985848,0.0
telefonist,lb,1850,0,0,0,0,0,24055763,0.0
telefonist,lb,1860,0,0,0,0,0,30066424,0.0
telefonist,lb,1870,0,0,0,0,0,34605387,0.0
telefonist,lb,1880,3,3,3,3,0,55511947,0.05404242081438794
telefonist,lb,1890,0,0,0,0,0,62219305,0.0
telefonist,lb,1900,4,4,4,4,0,24058613,0.16626062358623916
telefonist,lb,1910,5,5,5,5,0,20653390,0.24209100782002374
telefonist,lb,1920,6,6,6,6,0,19664571,0.30511725885095586
telefonist,lb,1930,8,8,8,8,0,16234117,0.4927893522019091
telefonist,lb,1940,3,3,3,3,0,4503154,0.6661997346748524
telefonist,lb,1950,0,0,0,0,0,737649,0.0
telefonist,lb,1960,0,0,0,0,0,803051,0.0
telefonist,lb,1970,0,0,0,0,0,88498,0.0
telefonist,lb,1980,0,0,0,0,0,441715,0.0
telefonist,lb,1990,0,0,0,0,0,289511,0.0
telefonist,lb,2000,0,0,0,0,0,104933,0.0
telefonist,lb,2010,0,0,0,0,0,355677,0.0
telefonist,lb,2020,0,0,0,0,0,475824,0.0
telefonist,tkr,1860,0,0,0,0,0,14301457,0.0
telefonist,tkr,1870,0,0,0,0,0,48663079,0.0
telefonist,tkr,1880,2,2,0,2,0,45300858,0.04414927417048039
telefonist,tkr,1890,34,34,0,34,0,54990491,0.6182887146797799
telefonist,tkr,1900,214,214,0,100,0,91612739,2.3359196803405258
telefonist,tkr,1910,182,182,0,100,0,146452973,1.2427197363893732
telefonist,tkr,1920,329,329,0,100,0,129092646,2.5485572586373357
telefonist,tkr,1930,247,247,0,100,0,130093121,1.898639974976079
telefonist,tkr,1940,678,678,0,100,0,133229745,5.08895367171948
telefonist,tkr,1950,530,530,0,100,0,134940616,3.9276536280225667
telefonist,tkr,1960,510,510,0,100,0,145935106,3.494704009054545
telefonist,tkr,1970,33,33,0,33,0,17225518,1.9157624171302134
tjej,kubhist2,1870,10,5,5,5,5,96758392,0.10335020863099915
tjej,kubhist2,1880,32,32,32,32,0,1450309699,0.022064252912370547
tjej,kubhist2,1890,13,13,13,13,0,1037122519,0.012534681064041191
tjej,kubhist2,1900,1,1,1,1,0,77752738,0.012861283418726681
tjej,lb,1620,0,0,0,0,0,12158,0.0
tjej,lb,1640,0,0,0,0,0,48209,0.0
tjej,lb,1700,0,0,0,0,0,1796708,0.0
tjej,lb,1710,0,0,0,0,0,64639,0.0
tjej,lb,1730,0,0,0,0,0,33381,0.0
tjej,lb,1740,0,0,0,0,0,47561,0.0
tjej,lb,1750,0,0,0,0,0,1095966,0.0
tjej,lb,1760,0,0,0,0,0,24422,0.0
tjej,lb,1770,0,0,0,0,0,69907,0.0
tjej,lb,1780,0,0,0,0,0,48621,0.0
tjej,lb,1790,0,0,0,0,0,789177,0.0
tjej,lb,1800,0,0,0,0,0,736942,0.0
tjej,lb,1810,0,0,0,0,0,1369393,0.0
tjej,lb,1820,0,0,0,0,0,842254,0.0
tjej,lb,1830,0,0,0,0,0,11653970,0.0
tjej,lb,1840,0,0,0,0,0,30985848,0.0
tjej,lb,1850,2,2,2,2,0,24055763,0.08314016063427296
tjej,lb,1860,2,2,2,2,0,30066424,0.06651938388150183
tjej,lb,1870,1,1,1,1,0,34605387,0.028897234988298208
tjej,lb,1880,1,1,1,1,0,55511947,0.018014140271462645
tjej,lb,1890,0,0,0,0,0,62219305,0.0
tjej,lb,1900,0,0,0,0,0,24058613,0.0
tjej,lb,1910,2,2,2,2,0,20653390,0.0968364031280095
tjej,lb,1920,1,1,1,1,0,19664571,0.05085287647515931
tjej,lb,1930,9,9,9,9,0,16234117,0.5543880212271477
tjej,lb,1940,3,3,3,3,0,4503154,0.6661997346748524
tjej,lb,1950,0,0,0,0,0,737649,0.0
tjej,lb,1960,0,0,0,0,0,803051,0.0
tjej,lb,1970,0,0,0,0,0,88498,0.0
tjej,lb,1980,0,0,0,0,0,441715,0.0
tjej,lb,1990,0,0,0,0,0,289511,0.0
tjej,lb,2000,0,0,0,0,0,104933,0.0
tjej,lb,2010,0,0,0,0,0,355677,0.0
tjej,lb,2020,0,0,0,0,0,475824,0.0
tjej,tkr,1860,0,0,0,0,0,14301457,0.0
tjej,tkr,1870,0,0,0,0,0,48663079,0.0
tjej,tkr,1880,0,0,0,0,0,45300858,0.0
tjej,tkr,1890,0,0,0,0,0,54990491,0.0
tjej,tkr,1900,0,0,0,0,0,91612739,0.0
tjej,tkr,1910,1,1,0,1,0,146452973,0.006828130419721831
tjej,tkr,1920,1,1,0,1,0,129092646,0.00774637464631409
tjej,tkr,1930,0,0,0,0,0,130093121,0.0
tjej,tkr,1940,1,1,0,1,0,133229745,0.007505831374217522
tjej,tkr,1950,1,1,0,1,0,134940616,0.007410667222684088
tjej,tkr,1960,0,0,0,0,0,145935106,0.0
tjej,tkr,1970,1,1,0,1,0,17225518,0.05805340657970344
tjänarinna,kubhist2,1870,0,0,0,0,0,96758392,0.0
tjänarinna,kubhist2,1880,354,354,354,100,0,1450309699,0.24408579784309917
tjänarinna,kubhist2,1890,1279,1279,1279,100,0,1037122519,1.233219775454514
tjänarinna,kubhist2,1900,300,300,300,100,0,77752738,3.858385025618005
tjänarinna,lb,1620,0,0,0,0,0,12158,0.0
tjänarinna,lb,1640,0,0,0,0,0,48209,0.0
tjänarinna,lb,1700,0,0,0,0,0,1796708,0.0
tjänarinna,lb,1710,0,0,0,0,0,64639,0.0
tjänarinna,lb,1730,0,0,0,0,0,33381,0.0
tjänarinna,lb,1740,0,0,0,0,0,47561,0.0
tjänarinna,lb,1750,0,0,0,0,0,1095966,0.0
tjänarinna,lb,1760,0,0,0,0,0,24422,0.0
tjänarinna,lb,1770,0,0,0,0,0,69907,0.0
tjänarinna,lb,1780,0,0,0,0,0,48621,0.0
tjänarinna,lb,1790,0,0,0,0,0,789177,0.0
tjänarinna,lb,1800,0,0,0,0,0,736942,0.0
tjänarinna,lb,1810,0,0,0,0,0,1369393,0.0
tjänarinna,lb,1820,0,0,0,0,0,842254,0.0
tjänarinna,lb,1830,0,0,0,0,0,11653970,0.0
tjänarinna,lb,1840,1,1,1,1,0,30985848,0.03227279756874816
tjänarinna,lb,1850,0,0,0,0,0,24055763,0.0
tjänarinna,lb,1860,1,1,1,1,0,30066424,0.033259691940750916
tjänarinna,lb,1870,4,4,4,4,0,34605387,0.11558893995319283
tjänarinna,lb,1880,43,43,43,43,0,55511947,0.7746080316728937
tjänarinna,lb,1890,436,436,436,100,0,62219305,7.007471394931203
tjänarinna,lb,1900,165,165,165,100,0,24058613,6.8582507229323655
tjänarinna,lb,1910,94,94,94,94,0,20653390,4.551310947016447
tjänarinna,lb,1920,58,58,58,58,0,19664571,2.94946683555924
tjänarinna,lb,1930,41,41,41,41,0,16234117,2.525545430034784
tjänarinna,lb,1940,13,13,13,13,0,4503154,2.88686551692436
tjänarinna,lb,1950,3,3,3,3,0,737649,4.066974943367374
tjänarinna,lb,1960,1,1,1,1,0,803051,1.2452509242874985
tjänarinna,lb,1970,0,0,0,0,0,88498,0.0
tjänarinna,lb,1980,1,1,1,1,0,441715,2.2639031954993603
tjänarinna,lb,1990,2,2,2,2,0,289511,6.908200379260201
tjänarinna,lb,2000,0,0,0,0,0,104933,0.0
tjänarinna,lb,2010,10,10,10,10,0,355677,28.115396834768625
tjänarinna,lb,2020,0,0,0,0,0,475824,0.0
tjänarinna,tkr,1860,0,0,0,0,0,14301457,0.0
tjänarinna,tkr,1870,0,0,0,0,0,48663079,0.0
tjänarinna,tkr,1880,0,0,0,0,0,45300858,0.0
tjänarinna,tkr,1890,1,1,0,1,0,54990491,0.01818496219646411
tjänarinna,tkr,1900,66,66,0,66,0,91612739,0.7204238266470779
tjänarinna,tkr,1910,236,236,0,100,0,146452973,1.611438779054352
tjänarinna,tkr,1920,44,44,0,44,0,129092646,0.34084048443781995
tjänarinna,tkr,1930,72,72,0,72,0,130093121,0.5534497093047679
tjänarinna,tkr,1940,12,12,0,12,0,133229745,0.09006997649061026
tjänarinna,tkr,1950,7,7,0,7,0,134940616,0.05187467055878862
tjänarinna,tkr,1960,0,0,0,0,0,145935106,0.0
tjänarinna,tkr,1970,0,0,0,0,0,17225518,0.0
trollpacka,kubhist2,1870,29,9,9,9,20,96758392,0.2997156050298976
trollpacka,kubhist2,1880,480,480,480,100,0,1450309699,0.33096379368555817
trollpacka,kubhist2,1890,237,237,237,100,0,1037122519,0.22851687785982785
trollpacka,kubhist2,1900,34,34,34,34,0,77752738,0.4372836362367072
trollpacka,lb,1620,0,0,0,0,0,12158,0.0
trollpacka,lb,1640,0,0,0,0,0,48209,0.0
trollpacka,lb,1700,0,0,0,0,0,1796708,0.0
trollpacka,lb,1710,0,0,0,0,0,64639,0.0
trollpacka,lb,1730,0,0,0,0,0,33381,0.0
trollpacka,lb,1740,0,0,0,0,0,47561,0.0
trollpacka,lb,1750,0,0,0,0,0,1095966,0.0
trollpacka,lb,1760,0,0,0,0,0,24422,0.0
trollpacka,lb,1770,0,0,0,0,0,69907,0.0
trollpacka,lb,1780,0,0,0,0,0,48621,0.0
trollpacka,lb,1790,0,0,0,0,0,789177,0.0
trollpacka,lb,1800,0,0,0,0,0,736942,0.0
trollpacka,lb,1810,0,0,0,0,0,1369393,0.0
trollpacka,lb,1820,3,3,3,3,0,842254,3.5618708845550153
trollpacka,lb,1830,18,18,18,18,0,11653970,1.5445380415429248
trollpacka,lb,1840,202,202,202,100,0,30985848,6.519105108887128
trollpacka,lb,1850,75,75,75,75,0,24055763,3.117756023785236
trollpacka,lb,1860,73,73,73,73,0,30066424,2.427957511674817
trollpacka,lb,1870,116,116,116,100,0,34605387,3.3520792586425925
trollpacka,lb,1880,157,157,157,100,0,55511947,2.8282200226196355
trollpacka,lb,1890,195,195,195,100,0,62219305,3.134075509200882
trollpacka,lb,1900,59,59,59,59,0,24058613,2.4523441978970277
trollpacka,lb,1910,31,31,31,31,0,20653390,1.5009642484841472
trollpacka,lb,1920,52,52,52,52,0,19664571,2.6443495767082843
trollpacka,lb,1930,27,27,27,27,0,16234117,1.6631640636814433
trollpacka,lb,1940,6,6,6,6,0,4503154,1.3323994693497048
trollpacka,lb,1950,3,3,3,3,0,737649,4.066974943367374
trollpacka,lb,1960,0,0,0,0,0,803051,0.0
trollpacka,lb,1970,0,0,0,0,0,88498,0.0
trollpacka,lb,1980,1,1,1,1,0,441715,2.2639031954993603
trollpacka,lb,1990,0,0,0,0,0,289511,0.0
trollpacka,lb,2000,0,0,0,0,0,104933,0.0
trollpacka,lb,2010,6,6,6,6,0,355677,16.869238100861175
trollpacka,lb,2020,0,0,0,0,0,475824,0.0
trollpacka,tkr,1860,0,0,0,0,0,14301457,0.0
trollpacka,tkr,1870,0,0,0,0,0,48663079,0.0
trollpacka,tkr,1880,0,0,0,0,0,45300858,0.0
trollpacka,tkr,1890,0,0,0,0,0,54990491,0.0
trollpacka,tkr,1900,2,2,0,2,0,91612739,0.021831025049911454
trollpacka,tkr,1910,0,0,0,0,0,146452973,0.0
trollpacka,tkr,1920,1,1,0,1,0,129092646,0.00774637464631409
trollpacka,tkr,1930,1,1,0,1,0,130093121,0.0076868015181217764
trollpacka,tkr,1940,0,0,0,0,0,133229745,0.0
trollpacka,tkr,1950,0,0,0,0,0,134940616,0.0
trollpacka,tkr,1960,0,0,0,0,0,145935106,0.0
trollpacka,tkr,1970,0,0,0,0,0,17225518,0.0
tvätterska,kubhist2,1870,71,31,31,31,40,96758392,0.733786481280094
tvätterska,kubhist2,1880,3897,3895,3895,100,2,1450309699,2.6870122999846258
tvätterska,kubhist2,1890,3564,3564,3564,100,0,1037122519,3.436431024018677
tvätterska,kubhist2,1900,109,109,109,100,0,77752738,1.4018798926412084
tvätterska,lb,1620,0,0,0,0,0,12158,0.0
tvätterska,lb,1640,0,0,0,0,0,48209,0.0
tvätterska,lb,1700,0,0,0,0,0,1796708,0.0
tvätterska,lb,1710,0,0,0,0,0,64639,0.0
tvätterska,lb,1730,0,0,0,0,0,33381,0.0
tvätterska,lb,1740,0,0,0,0,0,47561,0.0
tvätterska,lb,1750,0,0,0,0,0,1095966,0.0
tvätterska,lb,1760,0,0,0,0,0,24422,0.0
tvätterska,lb,1770,0,0,0,0,0,69907,0.0
tvätterska,lb,1780,0,0,0,0,0,48621,0.0
tvätterska,lb,1790,0,0,0,0,0,789177,0.0
tvätterska,lb,1800,1,1,1,1,0,736942,1.356958892287317
tvätterska,lb,1810,0,0,0,0,0,1369393,0.0
tvätterska,lb,1820,0,0,0,0,0,842254,0.0
tvätterska,lb,1830,6,6,6,6,0,11653970,0.5148460138476416
tvätterska,lb,1840,31,31,31,31,0,30985848,1.0004567246311928
tvätterska,lb,1850,32,32,32,32,0,24055763,1.3302425701483673
tvätterska,lb,1860,36,36,36,36,0,30066424,1.1973489098670331
tvätterska,lb,1870,160,160,160,100,0,34605387,4.6235575981277135
tvätterska,lb,1880,100,100,100,100,0,55511947,1.8014140271462646
tvätterska,lb,1890,67,67,67,67,0,62219305,1.0768362005972263
tvätterska,lb,1900,25,25,25,25,0,24058613,1.0391288974139947
tvätterska,lb,1910,14,14,14,14,0,20653390,0.6778548218960665
tvätterska,lb,1920,20,20,20,20,0,19664571,1.0170575295031863
tvätterska,lb,1930,14,14,14,14,0,16234117,0.862381366353341
tvätterska,lb,1940,10,10,10,10,0,4503154,2.2206657822495077
tvätterska,lb,1950,2,2,2,2,0,737649,2.7113166289115824
tvätterska,lb,1960,0,0,0,0,0,803051,0.0
tvätterska,lb,1970,0,0,0,0,0,88498,0.0
tvätterska,lb,1980,0,0,0,0,0,441715,0.0
tvätterska,lb,1990,0,0,0,0,0,289511,0.0
tvätterska,lb,2000,0,0,0,0,0,104933,0.0
tvätterska,lb,2010,0,0,0,0,0,355677,0.0
tvätterska,lb,2020,5,5,5,5,0,475824,10.508087023773497
tvätterska,tkr,1860,2,2,0,2,0,14301457,0.1398458912263275
tvätterska,tkr,1870,4,4,0,4,0,48663079,0.08219784037915069
tvätterska,tkr,1880,0,0,0,0,0,45300858,0.0
tvätterska,tkr,1890,19,19,0,19,0,54990491,0.3455142817328181
tvätterska,tkr,1900,17,17,0,17,0,91612739,0.18556371292424736
tvätterska,tkr,1910,132,132,0,100,0,146452973,0.9013132154032817
tvätterska,tkr,1920,221,221,0,100,0,129092646,1.711948796835414
tvätterska,tkr,1930,200,200,0,100,0,130093121,1.5373603036243553
tvätterska,tkr,1940,44,44,0,44,0,133229745,0.33025658046557094
tvätterska,tkr,1950,3,3,0,3,0,134940616,0.022232001668052264
tvätterska,tkr,1960,0,0,0,0,0,145935106,0.0
tvätterska,tkr,1970,1,1,0,1,0,17225518,0.05805340657970344
tös,kubhist2,1870,90,51,51,51,39,96758392,0.9301518776789924
tös,kubhist2,1880,2440,2440,2440,100,0,1450309699,1.682399284568254
tös,kubhist2,1890,3093,3093,3093,100,0,1037122519,2.982289887006108
tös,kubhist2,1900,593,593,593,100,0,77752738,7.6267410673049225
tös,lb,1620,0,0,0,0,0,12158,0.0
tös,lb,1640,0,0,0,0,0,48209,0.0
tös,lb,1700,0,0,0,0,0,1796708,0.0
tös,lb,1710,0,0,0,0,0,64639,0.0
tös,lb,1730,0,0,0,0,0,33381,0.0
tös,lb,1740,0,0,0,0,0,47561,0.0
tös,lb,1750,0,0,0,0,0,1095966,0.0
tös,lb,1760,0,0,0,0,0,24422,0.0
tös,lb,1770,0,0,0,0,0,69907,0.0
tös,lb,1780,0,0,0,0,0,48621,0.0
tös,lb,1790,2,2,2,2,0,789177,2.5342857179061227
tös,lb,1800,0,0,0,0,0,736942,0.0
tös,lb,1810,1,1,1,1,0,1369393,0.7302505562683612
tös,lb,1820,1,1,1,1,0,842254,1.187290294851672
tös,lb,1830,15,15,15,15,0,11653970,1.287115034619104
tös,lb,1840,115,115,115,100,0,30985848,3.711371720406038
tös,lb,1850,97,97,97,97,0,24055763,4.032297790762239
tös,lb,1860,283,283,283,100,0,30066424,9.41249281923251
tös,lb,1870,330,330,330,100,0,34605387,9.53608754613841
tös,lb,1880,933,933,933,100,0,55511947,16.807192873274648
tös,lb,1890,1444,1444,1444,100,0,62219305,23.208230950184994
tös,lb,1900,285,285,285,100,0,24058613,11.84606943051954
tös,lb,1910,337,336,336,100,1,20653390,16.3169339270696
tös,lb,1920,283,283,283,100,0,19664571,14.391364042470085
tös,lb,1930,162,162,162,100,0,16234117,9.97898438208866
tös,lb,1940,90,90,90,90,0,4503154,19.98599204024557
tös,lb,1950,22,22,22,22,0,737649,29.82448291802741
tös,lb,1960,2,2,2,2,0,803051,2.490501848574997
tös,lb,1970,0,0,0,0,0,88498,0.0
tös,lb,1980,0,0,0,0,0,441715,0.0
tös,lb,1990,0,0,0,0,0,289511,0.0
tös,lb,2000,0,0,0,0,0,104933,0.0
tös,lb,2010,6,6,6,6,0,355677,16.869238100861175
tös,lb,2020,0,0,0,0,0,475824,0.0
tös,tkr,1860,0,0,0,0,0,14301457,0.0
tös,tkr,1870,3,3,0,3,0,48663079,0.061648380284363015
tös,tkr,1880,0,0,0,0,0,45300858,0.0
tös,tkr,1890,0,0,0,0,0,54990491,0.0
tös,tkr,1900,2,2,0,2,0,91612739,0.021831025049911454
tös,tkr,1910,4,4,0,4,0,146452973,0.027312521678887324
tös,tkr,1920,5,5,0,5,0,129092646,0.03873187323157045
tös,tkr,1930,5,5,0,5,0,130093121,0.03843400759060889
tös,tkr,1940,7,7,0,7,0,133229745,0.05254081961952265
tös,tkr,1950,4,4,0,4,0,134940616,0.029642668890736353
tös,tkr,1960,6,6,0,6,0,145935106,0.041114164812406415
tös,tkr,1970,0,0,0,0,0,17225518,0.0
tösabit,kubhist2,1870,0,0,0,0,0,96758392,0.0
tösabit,kubhist2,1880,0,0,0,0,0,1450309699,0.0
tösabit,kubhist2,1890,0,0,0,0,0,1037122519,0.0
tösabit,kubhist2,1900,0,0,0,0,0,77752738,0.0
tösabit,lb,1620,0,0,0,0,0,12158,0.0
tösabit,lb,1640,0,0,0,0,0,48209,0.0
tösabit,lb,1700,0,0,0,0,0,1796708,0.0
tösabit,lb,1710,0,0,0,0,0,64639,0.0
tösabit,lb,1730,0,0,0,0,0,33381,0.0
tösabit,lb,1740,0,0,0,0,0,47561,0.0
tösabit,lb,1750,0,0,0,0,0,1095966,0.0
tösabit,lb,1760,0,0,0,0,0,24422,0.0
tösabit,lb,1770,0,0,0,0,0,69907,0.0
tösabit,lb,1780,0,0,0,0,0,48621,0.0
tösabit,lb,1790,0,0,0,0,0,789177,0.0
tösabit,lb,1800,0,0,0,0,0,736942,0.0
tösabit,lb,1810,0,0,0,0,0,1369393,0.0
tösabit,lb,1820,0,0,0,0,0,842254,0.0
tösabit,lb,1830,0,0,0,0,0,11653970,0.0
tösabit,lb,1840,0,0,0,0,0,30985848,0.0
tösabit,lb,1850,0,0,0,0,0,24055763,0.0
tösabit,lb,1860,0,0,0,0,0,30066424,0.0
tösabit,lb,1870,0,0,0,0,0,34605387,0.0
tösabit,lb,1880,0,0,0,0,0,55511947,0.0
tösabit,lb,1890,16,16,16,16,0,62219305,0.257154913575457
tösabit,lb,1900,0,0,0,0,0,24058613,0.0
tösabit,lb,1910,0,0,0,0,0,20653390,0.0
tösabit,lb,1920,0,0,0,0,0,19664571,0.0
tösabit,lb,1930,0,0,0,0,0,16234117,0.0
tösabit,lb,1940,0,0,0,0,0,4503154,0.0
tösabit,lb,1950,0,0,0,0,0,737649,0.0
tösabit,lb,1960,0,0,0,0,0,803051,0.0
tösabit,lb,1970,0,0,0,0,0,88498,0.0
tösabit,lb,1980,0,0,0,0,0,441715,0.0
tösabit,lb,1990,0,0,0,0,0,289511,0.0
tösabit,lb,2000,0,0,0,0,0,104933,0.0
tösabit,lb,2010,0,0,0,0,0,355677,0.0
tösabit,lb,2020,0,0,0,0,0,475824,0.0
tösabit,tkr,1860,0,0,0,0,0,14301457,0.0
tösabit,tkr,1870,0,0,0,0,0,48663079,0.0
tösabit,tkr,1880,0,0,0,0,0,45300858,0.0
tösabit,tkr,1890,0,0,0,0,0,54990491,0.0
tösabit,tkr,1900,0,0,0,0,0,91612739,0.0
tösabit,tkr,1910,0,0,0,0,0,146452973,0.0
tösabit,tkr,1920,0,0,0,0,0,129092646,0.0
tösabit,tkr,1930,0,0,0,0,0,130093121,0.0
tösabit,tkr,1940,0,0,0,0,0,133229745,0.0
tösabit,tkr,1950,0,0,0,0,0,134940616,0.0
tösabit,tkr,1960,0,0,0,0,0,145935106,0.0
tösabit,tkr,1970,0,0,0,0,0,17225518,0.0
ungflicka,kubhist2,1870,0,0,0,0,0,96758392,0.0
ungflicka,kubhist2,1880,0,0,0,0,0,1450309699,0.0
ungflicka,kubhist2,1890,0,0,0,0,0,1037122519,0.0
ungflicka,kubhist2,1900,0,0,0,0,0,77752738,0.0
ungflicka,lb,1620,0,0,0,0,0,12158,0.0
ungflicka,lb,1640,0,0,0,0,0,48209,0.0
ungflicka,lb,1700,0,0,0,0,0,1796708,0.0
ungflicka,lb,1710,0,0,0,0,0,64639,0.0
ungflicka,lb,1730,0,0,0,0,0,33381,0.0
ungflicka,lb,1740,0,0,0,0,0,47561,0.0
ungflicka,lb,1750,0,0,0,0,0,1095966,0.0
ungflicka,lb,1760,0,0,0,0,0,24422,0.0
ungflicka,lb,1770,0,0,0,0,0,69907,0.0
ungflicka,lb,1780,0,0,0,0,0,48621,0.0
ungflicka,lb,1790,0,0,0,0,0,789177,0.0
ungflicka,lb,1800,0,0,0,0,0,736942,0.0
ungflicka,lb,1810,0,0,0,0,0,1369393,0.0
ungflicka,lb,1820,0,0,0,0,0,842254,0.0
ungflicka,lb,1830,0,0,0,0,0,11653970,0.0
ungflicka,lb,1840,0,0,0,0,0,30985848,0.0
ungflicka,lb,1850,0,0,0,0,0,24055763,0.0
ungflicka,lb,1860,0,0,0,0,0,30066424,0.0
ungflicka,lb,1870,0,0,0,0,0,34605387,0.0
ungflicka,lb,1880,0,0,0,0,0,55511947,0.0
ungflicka,lb,1890,0,0,0,0,0,62219305,0.0
ungflicka,lb,1900,0,0,0,0,0,24058613,0.0
ungflicka,lb,1910,0,0,0,0,0,20653390,0.0
ungflicka,lb,1920,1,1,1,1,0,19664571,0.05085287647515931
ungflicka,lb,1930,0,0,0,0,0,16234117,0.0
ungflicka,lb,1940,0,0,0,0,0,4503154,0.0
ungflicka,lb,1950,0,0,0,0,0,737649,0.0
ungflicka,lb,1960,0,0,0,0,0,803051,0.0
ungflicka,lb,1970,0,0,0,0,0,88498,0.0
ungflicka,lb,1980,0,0,0,0,0,441715,0.0
ungflicka,lb,1990,0,0,0,0,0,289511,0.0
ungflicka,lb,2000,0,0,0,0,0,104933,0.0
ungflicka,lb,2010,0,0,0,0,0,355677,0.0
ungflicka,lb,2020,0,0,0,0,0,475824,0.0
ungflicka,tkr,1860,0,0,0,0,0,14301457,0.0
ungflicka,tkr,1870,0,0,0,0,0,48663079,0.0
ungflicka,tkr,1880,0,0,0,0,0,45300858,0.0
ungflicka,tkr,1890,0,0,0,0,0,54990491,0.0
ungflicka,tkr,1900,0,0,0,0,0,91612739,0.0
ungflicka,tkr,1910,0,0,0,0,0,146452973,0.0
ungflicka,tkr,1920,0,0,0,0,0,129092646,0.0
ungflicka,tkr,1930,0,0,0,0,0,130093121,0.0
ungflicka,tkr,1940,0,0,0,0,0,133229745,0.0
ungflicka,tkr,1950,0,0,0,0,0,134940616,0.0
ungflicka,tkr,1960,0,0,0,0,0,145935106,0.0
ungflicka,tkr,1970,0,0,0,0,0,17225518,0.0
värdinna,kubhist2,1870,668,328,328,100,340,96758392,6.903793936550744
värdinna,kubhist2,1880,16627,16625,16625,100,2,1450309699,11.464447911687033
värdinna,kubhist2,1890,15721,15714,15714,100,7,1037122519,15.158286231368582
värdinna,kubhist2,1900,655,655,655,100,0,77752738,8.424140639265977
värdinna,lb,1620,0,0,0,0,0,12158,0.0
värdinna,lb,1640,0,0,0,0,0,48209,0.0
värdinna,lb,1700,0,0,0,0,0,1796708,0.0
värdinna,lb,1710,0,0,0,0,0,64639,0.0
värdinna,lb,1730,0,0,0,0,0,33381,0.0
värdinna,lb,1740,0,0,0,0,0,47561,0.0
värdinna,lb,1750,0,0,0,0,0,1095966,0.0
värdinna,lb,1760,0,0,0,0,0,24422,0.0
värdinna,lb,1770,0,0,0,0,0,69907,0.0
värdinna,lb,1780,0,0,0,0,0,48621,0.0
värdinna,lb,1790,2,2,2,2,0,789177,2.5342857179061227
värdinna,lb,1800,3,3,3,3,0,736942,4.0708766768619515
värdinna,lb,1810,13,13,13,13,0,1369393,9.493257231488696
värdinna,lb,1820,6,6,6,6,0,842254,7.123741769110031
värdinna,lb,1830,350,350,350,100,0,11653970,30.032684141112426
värdinna,lb,1840,1072,1072,1072,100,0,30985848,34.59643899369803
värdinna,lb,1850,862,861,861,100,1,24055763,35.83340923337165
värdinna,lb,1860,1244,1244,1244,100,0,30066424,41.375056774294144
värdinna,lb,1870,1446,1446,1446,100,0,34605387,41.78540179307921
värdinna,lb,1880,2002,2002,2002,100,0,55511947,36.06430882346822
värdinna,lb,1890,2100,2100,2100,100,0,62219305,33.75158240677873
värdinna,lb,1900,544,544,544,100,0,24058613,22.611444807728525
värdinna,lb,1910,511,511,511,100,0,20653390,24.741700999206426
värdinna,lb,1920,312,312,312,100,0,19664571,15.866097460249705
värdinna,lb,1930,152,152,152,100,0,16234117,9.362997691836274
värdinna,lb,1940,95,95,95,95,0,4503154,21.096324931370322
värdinna,lb,1950,15,15,15,15,0,737649,20.334874716836868
värdinna,lb,1960,0,0,0,0,0,803051,0.0
värdinna,lb,1970,0,0,0,0,0,88498,0.0
värdinna,lb,1980,1,1,1,1,0,441715,2.2639031954993603
värdinna,lb,1990,0,0,0,0,0,289511,0.0
värdinna,lb,2000,1,1,1,1,0,104933,9.529890501558137
värdinna,lb,2010,2,2,2,2,0,355677,5.623079366953725
värdinna,lb,2020,0,0,0,0,0,475824,0.0
värdinna,tkr,1860,1,1,0,1,0,14301457,0.06992294561316376
värdinna,tkr,1870,5,5,0,5,0,48663079,0.10274730047393836
värdinna,tkr,1880,1,1,0,1,0,45300858,0.022074637085240194
värdinna,tkr,1890,14,14,0,14,0,54990491,0.2545894707504976
värdinna,tkr,1900,7,7,0,7,0,91612739,0.0764085876746901
värdinna,tkr,1910,62,62,0,62,0,146452973,0.42334408602275353
värdinna,tkr,1920,12,12,0,12,0,129092646,0.09295649575576907
värdinna,tkr,1930,10,10,0,10,0,130093121,0.07686801518121777
värdinna,tkr,1940,7,7,0,7,0,133229745,0.05254081961952265
värdinna,tkr,1950,10,10,0,10,0,134940616,0.07410667222684088
värdinna,tkr,1960,14,14,0,14,0,145935106,0.0959330512289483
värdinna,tkr,1970,2,2,0,2,0,17225518,0.11610681315940688
väverska,kubhist2,1870,0,0,0,0,0,96758392,0.0
väverska,kubhist2,1880,0,0,0,0,0,1450309699,0.0
väverska,kubhist2,1890,0,0,0,0,0,1037122519,0.0
väverska,kubhist2,1900,0,0,0,0,0,77752738,0.0
väverska,lb,1620,0,0,0,0,0,12158,0.0
väverska,lb,1640,0,0,0,0,0,48209,0.0
väverska,lb,1700,0,0,0,0,0,1796708,0.0
väverska,lb,1710,0,0,0,0,0,64639,0.0
väverska,lb,1730,0,0,0,0,0,33381,0.0
väverska,lb,1740,0,0,0,0,0,47561,0.0
väverska,lb,1750,0,0,0,0,0,1095966,0.0
väverska,lb,1760,0,0,0,0,0,24422,0.0
väverska,lb,1770,0,0,0,0,0,69907,0.0
väverska,lb,1780,0,0,0,0,0,48621,0.0
väverska,lb,1790,0,0,0,0,0,789177,0.0
väverska,lb,1800,0,0,0,0,0,736942,0.0
väverska,lb,1810,0,0,0,0,0,1369393,0.0
väverska,lb,1820,0,0,0,0,0,842254,0.0
väverska,lb,1830,0,0,0,0,0,11653970,0.0
väverska,lb,1840,0,0,0,0,0,30985848,0.0
väverska,lb,1850,0,0,0,0,0,24055763,0.0
väverska,lb,1860,0,0,0,0,0,30066424,0.0
väverska,lb,1870,0,0,0,0,0,34605387,0.0
väverska,lb,1880,0,0,0,0,0,55511947,0.0
väverska,lb,1890,1,1,1,1,0,62219305,0.016072182098466063
väverska,lb,1900,0,0,0,0,0,24058613,0.0
väverska,lb,1910,3,3,3,3,0,20653390,0.14525460469201423
väverska,lb,1920,9,9,9,9,0,19664571,0.4576758882764338
väverska,lb,1930,2,2,2,2,0,16234117,0.12319733805047728
väverska,lb,1940,5,5,5,5,0,4503154,1.1103328911247539
väverska,lb,1950,0,0,0,0,0,737649,0.0
väverska,lb,1960,0,0,0,0,0,803051,0.0
väverska,lb,1970,0,0,0,0,0,88498,0.0
väverska,lb,1980,0,0,0,0,0,441715,0.0
väverska,lb,1990,0,0,0,0,0,289511,0.0
väverska,lb,2000,0,0,0,0,0,104933,0.0
väverska,lb,2010,0,0,0,0,0,355677,0.0
väverska,lb,2020,0,0,0,0,0,475824,0.0
väverska,tkr,1860,0,0,0,0,0,14301457,0.0
väverska,tkr,1870,0,0,0,0,0,48663079,0.0
väverska,tkr,1880,0,0,0,0,0,45300858,0.0
väverska,tkr,1890,0,0,0,0,0,54990491,0.0
väverska,tkr,1900,0,0,0,0,0,91612739,0.0
väverska,tkr,1910,32,32,0,32,0,146452973,0.2185001734310986
väverska,tkr,1920,49,49,0,49,0,129092646,0.3795723576693904
väverska,tkr,1930,103,103,0,100,0,130093121,0.7917405563665431
väverska,tkr,1940,62,62,0,62,0,133229745,0.46536154520148637
väverska,tkr,1950,81,81,0,81,0,134940616,0.6002640450374112
väverska,tkr,1960,23,23,0,23,0,145935106,0.1576042984475579
väverska,tkr,1970,0,0,0,0,0,17225518,0.0
äkta,kubhist2,1870,7308,3771,3771,100,3537,96758392,75.52833246753418
äkta,kubhist2,1880,158682,3588,3588,100,155094,1450309699,109.41249314502447
äkta,kubhist2,1890,115653,0,0,0,115653,1037122519,111.51334377688892
äkta,kubhist2,1900,9237,0,0,0,9237,77752738,118.79967493877837
äkta,lb,1620,0,0,0,0,0,12158,0.0
äkta,lb,1640,0,0,0,0,0,48209,0.0
äkta,lb,1700,0,0,0,0,0,1796708,0.0
äkta,lb,1710,1,0,0,0,1,64639,15.470536363495722
äkta,lb,1730,0,0,0,0,0,33381,0.0
äkta,lb,1740,0,0,0,0,0,47561,0.0
äkta,lb,1750,1,0,0,0,1,1095966,0.9124370646534655
äkta,lb,1760,3,0,0,0,3,24422,122.84006223896486
äkta,lb,1770,0,0,0,0,0,69907,0.0
äkta,lb,1780,0,0,0,0,0,48621,0.0
äkta,lb,1790,24,0,0,0,24,789177,30.41142861487347
äkta,lb,1800,4,0,0,0,4,736942,5.427835569149268
äkta,lb,1810,35,0,0,0,35,1369393,25.558769469392644
äkta,lb,1820,23,0,0,0,23,842254,27.30767678158845
äkta,lb,1830,621,0,0,0,621,11653970,53.286562433230905
äkta,lb,1840,2002,0,0,0,2002,30985848,64.61014073263381
äkta,lb,1850,1539,0,0,0,1539,24055763,63.97635360807304
äkta,lb,1860,1991,0,0,0,1991,30066424,66.22004665403507
äkta,lb,1870,2233,0,0,0,2233,34605387,64.5275257288699
äkta,lb,1880,3875,0,0,0,3875,55511947,69.80479355191775
äkta,lb,1890,4192,0,0,0,4192,62219305,67.37458735676974
äkta,lb,1900,1301,0,0,0,1301,24058613,54.07626782142429
äkta,lb,1910,983,0,0,0,983,20653390,47.595092137416664
äkta,lb,1920,844,0,0,0,844,19664571,42.91982774503446
äkta,lb,1930,503,0,0,0,503,16234117,30.984130519695036
äkta,lb,1940,272,0,0,0,272,4503154,60.40210927718661
äkta,lb,1950,15,0,0,0,15,737649,20.334874716836868
äkta,lb,1960,10,0,0,0,10,803051,12.452509242874985
äkta,lb,1970,0,0,0,0,0,88498,0.0
äkta,lb,1980,2,0,0,0,2,441715,4.5278063909987205
äkta,lb,1990,21,0,0,0,21,289511,72.5361039822321
äkta,lb,2000,1,0,0,0,1,104933,9.529890501558137
äkta,lb,2010,6,0,0,0,6,355677,16.869238100861175
äkta,lb,2020,25,0,0,0,25,475824,52.54043511886748
äkta,tkr,1860,99,0,0,0,99,14301457,6.922371615703211
äkta,tkr,1870,266,0,0,0,266,48663079,5.466156385213521
äkta,tkr,1880,647,0,0,0,647,45300858,14.282290194150407
äkta,tkr,1890,681,0,0,0,681,54990491,12.38395925579206
äkta,tkr,1900,646,0,0,0,646,91612739,7.0514210911214
äkta,tkr,1910,2132,0,0,0,2132,146452973,14.557574054846944
äkta,tkr,1920,1374,0,0,0,1374,129092646,10.643518764035559
äkta,tkr,1930,1154,0,0,0,1154,130093121,8.87056895191253
äkta,tkr,1940,1176,0,0,0,1176,133229745,8.826857696079806
äkta,tkr,1950,2173,0,0,0,2173,134940616,16.10337987489252
äkta,tkr,1960,1765,0,0,0,1765,145935106,12.094416815649554
äkta,tkr,1970,216,0,0,0,216,17225518,12.539535821215942
äkta maka,kubhist2,1870,11,0,0,0,11,96758392,0.11368522949409908
äkta maka,kubhist2,1880,236,236,236,100,0,1450309699,0.16272386522873278
äkta maka,kubhist2,1890,194,194,194,100,0,1037122519,0.1870560097249224
äkta maka,kubhist2,1900,8,8,8,8,0,77752738,0.10289026734981345
äkta maka,lb,1620,0,0,0,0,0,12158,0.0
äkta maka,lb,1640,0,0,0,0,0,48209,0.0
äkta maka,lb,1700,0,0,0,0,0,1796708,0.0
äkta maka,lb,1710,0,0,0,0,0,64639,0.0
äkta maka,lb,1730,0,0,0,0,0,33381,0.0
äkta maka,lb,1740,0,0,0,0,0,47561,0.0
äkta maka,lb,1750,0,0,0,0,0,1095966,0.0
äkta maka,lb,1760,0,0,0,0,0,24422,0.0
äkta maka,lb,1770,0,0,0,0,0,69907,0.0
äkta maka,lb,1780,0,0,0,0,0,48621,0.0
äkta maka,lb,1790,0,0,0,0,0,789177,0.0
äkta maka,lb,1800,0,0,0,0,0,736942,0.0
äkta maka,lb,1810,0,0,0,0,0,1369393,0.0
äkta maka,lb,1820,0,0,0,0,0,842254,0.0
äkta maka,lb,1830,0,0,0,0,0,11653970,0.0
äkta maka,lb,1840,18,18,18,18,0,30985848,0.5809103562374669
äkta maka,lb,1850,10,10,10,10,0,24055763,0.4157008031713648
äkta maka,lb,1860,19,19,19,19,0,30066424,0.6319341468742674
äkta maka,lb,1870,17,17,17,17,0,34605387,0.49125299480106954
äkta maka,lb,1880,25,25,25,25,0,55511947,0.45035350678656616
äkta maka,lb,1890,35,35,35,35,0,62219305,0.5625263734463122
äkta maka,lb,1900,6,6,6,6,0,24058613,0.24939093537935875
äkta maka,lb,1910,3,3,3,3,0,20653390,0.14525460469201423
äkta maka,lb,1920,3,3,3,3,0,19664571,0.15255862942547793
äkta maka,lb,1930,4,4,4,4,0,16234117,0.24639467610095456
äkta maka,lb,1940,0,0,0,0,0,4503154,0.0
äkta maka,lb,1950,0,0,0,0,0,737649,0.0
äkta maka,lb,1960,0,0,0,0,0,803051,0.0
äkta maka,lb,1970,0,0,0,0,0,88498,0.0
äkta maka,lb,1980,0,0,0,0,0,441715,0.0
äkta maka,lb,1990,0,0,0,0,0,289511,0.0
äkta maka,lb,2000,0,0,0,0,0,104933,0.0
äkta maka,lb,2010,0,0,0,0,0,355677,0.0
äkta maka,lb,2020,0,0,0,0,0,475824,0.0
äkta maka,tkr,1860,0,0,0,0,0,14301457,0.0
äkta maka,tkr,1870,4,4,0,4,0,48663079,0.08219784037915069
äkta maka,tkr,1880,1,1,0,1,0,45300858,0.022074637085240194
äkta maka,tkr,1890,1,1,0,1,0,54990491,0.01818496219646411
äkta maka,tkr,1900,3,3,0,3,0,91612739,0.03274653757486718
äkta maka,tkr,1910,9,9,0,9,0,146452973,0.06145317377749648
äkta maka,tkr,1920,28,28,0,28,0,129092646,0.21689849009679452
äkta maka,tkr,1930,2,2,0,2,0,130093121,0.015373603036243553
äkta maka,tkr,1940,9,9,0,9,0,133229745,0.06755248236795769
äkta maka,tkr,1950,2,2,0,2,0,134940616,0.014821334445368177
äkta maka,tkr,1960,1,1,0,1,0,145935106,0.006852360802067735
äkta maka,tkr,1970,0,0,0,0,0,17225518,0.0
änka,kubhist2,1870,29,21,21,21,8,96758392,0.2997156050298976
änka,kubhist2,1880,2006,2006,2006,100,0,1450309699,1.3831528544442286
änka,kubhist2,1890,12295,12290,12290,100,5,1037122519,11.85491566787588
änka,kubhist2,1900,3282,3282,3282,100,0,77752738,42.21073218026097
änka,lb,1620,0,0,0,0,0,12158,0.0
änka,lb,1640,0,0,0,0,0,48209,0.0
änka,lb,1700,0,0,0,0,0,1796708,0.0
änka,lb,1710,1,1,1,1,0,64639,15.470536363495722
änka,lb,1730,5,5,5,5,0,33381,149.7858062969953
änka,lb,1740,3,3,3,3,0,47561,63.07689072979962
änka,lb,1750,2,2,2,2,0,1095966,1.824874129306931
änka,lb,1760,0,0,0,0,0,24422,0.0
änka,lb,1770,0,0,0,0,0,69907,0.0
änka,lb,1780,0,0,0,0,0,48621,0.0
änka,lb,1790,0,0,0,0,0,789177,0.0
änka,lb,1800,0,0,0,0,0,736942,0.0
änka,lb,1810,0,0,0,0,0,1369393,0.0
änka,lb,1820,0,0,0,0,0,842254,0.0
änka,lb,1830,8,8,8,8,0,11653970,0.6864613517968555
änka,lb,1840,14,14,14,14,0,30985848,0.45181916596247423
änka,lb,1850,5,5,5,5,0,24055763,0.2078504015856824
änka,lb,1860,7,7,7,7,0,30066424,0.23281784358525642
änka,lb,1870,4,4,4,4,0,34605387,0.11558893995319283
änka,lb,1880,118,118,118,100,0,55511947,2.125668552032592
änka,lb,1890,2116,2116,2116,100,0,62219305,34.008737320354186
änka,lb,1900,698,698,698,100,0,24058613,29.012478815798733
änka,lb,1910,927,927,927,100,0,20653390,44.8836728498324
änka,lb,1920,3333,3333,3333,100,0,19664571,169.492637291706
änka,lb,1930,3312,3312,3312,100,0,16234117,204.01479181159036
änka,lb,1940,622,622,622,100,0,4503154,138.12541165591938
änka,lb,1950,59,59,59,59,0,737649,79.98384055289169
änka,lb,1960,0,0,0,0,0,803051,0.0
änka,lb,1970,8,8,8,8,0,88498,90.39752310786685
änka,lb,1980,3,3,3,3,0,441715,6.791709586498081
änka,lb,1990,4,4,4,4,0,289511,13.816400758520402
änka,lb,2000,2,2,2,2,0,104933,19.059781003116274
änka,lb,2010,28,28,28,28,0,355677,78.72311113735215
änka,lb,2020,18,18,18,18,0,475824,37.82911328558458
änka,tkr,1860,1,1,0,1,0,14301457,0.06992294561316376
änka,tkr,1870,6,6,0,6,0,48663079,0.12329676056872603
änka,tkr,1880,0,0,0,0,0,45300858,0.0
änka,tkr,1890,49,49,0,49,0,54990491,0.8910631476267415
änka,tkr,1900,7461,7458,0,100,3,91612739,81.44063894869468
änka,tkr,1910,21750,21746,0,100,4,146452973,148.51183662894982
änka,tkr,1920,21484,21479,0,100,5,129092646,166.4231129014119
änka,tkr,1930,11704,11702,0,100,2,130093121,89.96632496809728
änka,tkr,1940,5470,5468,0,100,2,133229745,41.05689761696984
änka,tkr,1950,4494,4494,0,100,0,134940616,33.30353849874229
änka,tkr,1960,3494,3493,0,100,1,145935106,23.94214864242467
änka,tkr,1970,255,255,0,100,0,17225518,14.803618677824376
