word,newspaper_id,decade,api_absolute,newspaper_tokens,api_per_million_newspaper_tokens,workbook_examples,difference_api_minus_workbook
amma,aftonbladet,1870,1471,96758392,15.202815689619976,783,688
barnmorska,aftonbladet,1870,224,96758392,2.315044673334381,97,127
baronessa,aftonbladet,1870,280,96758392,2.8938058416679766,58,222
borgmästarfru,aftonbladet,1870,0,96758392,0.0,0,0
dam,aftonbladet,1870,7931,96758392,81.96705046524544,3786,4145
dotter,aftonbladet,1870,11849,96758392,122.4596622068709,5526,6323
drottning,aftonbladet,1870,7318,96758392,75.63168267616518,3260,4058
fabriksarbeterska,aftonbladet,1870,0,96758392,0.0,0,0
farmor,aftonbladet,1870,126,96758392,1.3022126287505893,56,70
feminin,aftonbladet,1870,30,96758392,0.3100506258929975,16,14
flicka,aftonbladet,1870,11995,96758392,123.9685752528835,5961,6034
flickebarn,aftonbladet,1870,56,96758392,0.5787611683335953,28,28
fnaska,aftonbladet,1870,2,96758392,0.020670041726199833,1,1
fostermoder,aftonbladet,1870,0,96758392,0.0,0,0
fostermor,aftonbladet,1870,86,96758392,0.8888117942265927,33,53
friherrinna,aftonbladet,1870,0,96758392,0.0,0,0
fru,aftonbladet,1870,27608,96758392,285.3292559884625,12046,15562
fruntimmer,aftonbladet,1870,6726,96758392,69.51335032521004,3911,2815
fröken,aftonbladet,1870,9407,96758392,97.22154125918091,3911,5496
författarinna,aftonbladet,1870,974,96758392,10.066310320659317,496,478
gammal,aftonbladet,1870,56234,96758392,581.1795632155606,27153,29081
gammal gumma,aftonbladet,1870,61,96758392,0.6304362726490949,0,61
gammelmor,aftonbladet,1870,0,96758392,0.0,0,0
gemål,aftonbladet,1870,758,96758392,7.833945814229736,372,386
grevinna,aftonbladet,1870,8,96758392,0.08268016690479933,5,3
gumma,aftonbladet,1870,824,96758392,8.516057191194331,394,430
guvernant,aftonbladet,1870,545,96758392,5.632586370389454,286,259
hennes,aftonbladet,1870,0,96758392,0.0,0,0
hertiginna,aftonbladet,1870,701,96758392,7.244849625033041,434,267
hjältinna,aftonbladet,1870,9,96758392,0.09301518776789924,8,1
hjärtevän,aftonbladet,1870,0,96758392,0.0,0,0
hona,aftonbladet,1870,221,96758392,2.2840396107450815,112,109
honkön,aftonbladet,1870,0,96758392,0.0,0,0
hora,aftonbladet,1870,311,96758392,3.2141914884240737,158,153
husfru,aftonbladet,1870,159,96758392,1.6432683172328866,70,89
hushållerska,aftonbladet,1870,548,96758392,5.663591432978754,278,270
husmoder,aftonbladet,1870,0,96758392,0.0,0,0
husmor,aftonbladet,1870,658,96758392,6.8004437279197445,375,283
hustru,aftonbladet,1870,16905,96758392,174.71352769070407,8668,8237
häxa,aftonbladet,1870,39,96758392,0.4030658136608967,5,34
jungfru,aftonbladet,1870,1210,96758392,12.505375244350898,699,511
jänta,aftonbladet,1870,54,96758392,0.5580911266073955,25,29
jäntunge,aftonbladet,1870,0,96758392,0.0,0,0
kassörska,aftonbladet,1870,12,96758392,0.12402025035719899,0,12
kejsarinna,aftonbladet,1870,1074,96758392,11.09981240696931,606,468
kokerska,aftonbladet,1870,276,96758392,2.8524657582155766,164,112
kokfru,aftonbladet,1870,0,96758392,0.0,0,0
konstnärinna,aftonbladet,1870,0,96758392,0.0,0,0
kontorist,aftonbladet,1870,644,96758392,6.6557534358363455,343,301
kontorsfröken,aftonbladet,1870,0,96758392,0.0,0,0
kviga,aftonbladet,1870,2,96758392,0.020670041726199833,0,2
kvinna,aftonbladet,1870,223,96758392,2.3047096524712813,183,40
kvinnfolk,aftonbladet,1870,0,96758392,0.0,0,0
kvinnlig,aftonbladet,1870,0,96758392,0.0,0,0
kvinnlighet,aftonbladet,1870,0,96758392,0.0,0,0
kvinnokön,aftonbladet,1870,1,96758392,0.010335020863099917,1,0
kvinnsperson,aftonbladet,1870,0,96758392,0.0,0,0
käring,aftonbladet,1870,68,96758392,0.7027814186907942,32,36
kärring,aftonbladet,1870,5,96758392,0.05167510431549958,2,3
landshövdingska,aftonbladet,1870,0,96758392,0.0,0,0
lillflicka,aftonbladet,1870,0,96758392,0.0,0,0
liten,aftonbladet,1870,134516,96758392,1390.2256664207482,67076,67440
liten flicka,aftonbladet,1870,459,96758392,4.743774576162862,0,459
livskamrat,aftonbladet,1870,0,96758392,0.0,0,0
lärarinna,aftonbladet,1870,3605,96758392,37.2577502114752,1957,1648
madam,aftonbladet,1870,143,96758392,1.477907983423288,102,41
madame,aftonbladet,1870,664,96758392,6.862453853098344,367,297
maka,aftonbladet,1870,5500,96758392,56.84261474704954,3120,2380
mamma,aftonbladet,1870,1386,96758392,14.324338916256483,736,650
mamsell,aftonbladet,1870,1142,96758392,11.802593825660104,764,378
matmor,aftonbladet,1870,273,96758392,2.821460695626277,163,110
moder,aftonbladet,1870,4961,96758392,51.272038501838686,2059,2902
moderlig,aftonbladet,1870,362,96758392,3.7412775524421695,197,165
moderlighet,aftonbladet,1870,4,96758392,0.041340083452399666,0,4
mor,aftonbladet,1870,10020,96758392,103.55690904826116,4718,5302
mormor,aftonbladet,1870,198,96758392,2.0463341308937832,101,97
mö,aftonbladet,1870,519,96758392,5.363875827948856,269,250
piga,aftonbladet,1870,1693,96758392,17.497190321228157,920,773
poetissa,aftonbladet,1870,5,96758392,0.05167510431549958,2,3
prinsessa,aftonbladet,1870,1712,96758392,17.693555717627056,813,899
prostinna,aftonbladet,1870,0,96758392,0.0,0,0
prästfru,aftonbladet,1870,0,96758392,0.0,0,0
quinfolk,aftonbladet,1870,0,96758392,0.0,0,0
quinna,aftonbladet,1870,0,96758392,0.0,0,0
quinnor,aftonbladet,1870,0,96758392,0.0,0,0
qvinfolk,aftonbladet,1870,0,96758392,0.0,0,0
qvinnokön,aftonbladet,1870,0,96758392,0.0,0,0
qvinnor,aftonbladet,1870,0,96758392,0.0,0,0
qvinsperson,aftonbladet,1870,0,96758392,0.0,0,0
ragata,aftonbladet,1870,2,96758392,0.020670041726199833,1,1
satkärring,aftonbladet,1870,0,96758392,0.0,0,0
sig,aftonbladet,1870,291436,96758392,3011.997140258387,140723,150713
sjuksköterska,aftonbladet,1870,173,96758392,1.7879586093162854,75,98
själv,aftonbladet,1870,4,96758392,0.041340083452399666,3,1
skata,aftonbladet,1870,208,96758392,2.1496843395247827,90,118
skollärarinna,aftonbladet,1870,0,96758392,0.0,0,0
skrivbiträde,aftonbladet,1870,0,96758392,0.0,0,0
skådespelerska,aftonbladet,1870,615,96758392,6.356037830806448,253,362
sköka,aftonbladet,1870,22,96758392,0.22737045898819816,10,12
slampa,aftonbladet,1870,1,96758392,0.010335020863099917,0,1
slinka,aftonbladet,1870,56,96758392,0.5787611683335953,20,36
slyna,aftonbladet,1870,13,96758392,0.13435527122029892,7,6
småflicka,aftonbladet,1870,26,96758392,0.26871054244059783,13,13
sondotter,aftonbladet,1870,52,96758392,0.5374210848811957,26,26
spinnerska,aftonbladet,1870,0,96758392,0.0,0,0
styvmor,aftonbladet,1870,0,96758392,0.0,0,0
subba,aftonbladet,1870,4,96758392,0.041340083452399666,3,1
sugga,aftonbladet,1870,61,96758392,0.6304362726490949,30,31
svärmor,aftonbladet,1870,320,96758392,3.307206676191973,118,202
syster,aftonbladet,1870,4422,96758392,45.70146225662783,2186,2236
systerdotter,aftonbladet,1870,149,96758392,1.5399181086018874,84,65
sångerska,aftonbladet,1870,1117,96758392,11.544218304082607,585,532
sömmerska,aftonbladet,1870,309,96758392,3.193521446697874,153,156
tant,aftonbladet,1870,1074,96758392,11.09981240696931,658,416
telefonist,aftonbladet,1870,0,96758392,0.0,0,0
tjej,aftonbladet,1870,10,96758392,0.10335020863099915,5,5
tjänarinna,aftonbladet,1870,0,96758392,0.0,0,0
trollpacka,aftonbladet,1870,29,96758392,0.2997156050298976,9,20
tvätterska,aftonbladet,1870,71,96758392,0.733786481280094,31,40
tös,aftonbladet,1870,90,96758392,0.9301518776789924,51,39
tösabit,aftonbladet,1870,0,96758392,0.0,0,0
ungflicka,aftonbladet,1870,0,96758392,0.0,0,0
värdinna,aftonbladet,1870,668,96758392,6.903793936550744,328,340
väverska,aftonbladet,1870,0,96758392,0.0,0,0
äkta,aftonbladet,1870,7308,96758392,75.52833246753418,3771,3537
äkta maka,aftonbladet,1870,11,96758392,0.11368522949409908,0,11
änka,aftonbladet,1870,29,96758392,0.2997156050298976,21,8
amma,aftonbladet,1880,1362,100382714,13.568073084774337,1361,1
barnmorska,aftonbladet,1880,382,100382714,3.8054360634242266,382,0
baronessa,aftonbladet,1880,634,100382714,6.315828440342826,633,1
borgmästarfru,aftonbladet,1880,0,100382714,0.0,0,0
dam,aftonbladet,1880,12172,100382714,121.255936554973,12169,3
dotter,aftonbladet,1880,16932,100382714,168.67445923010212,16930,2
drottning,aftonbladet,1880,10692,100382714,106.51236227783201,10688,4
fabriksarbeterska,aftonbladet,1880,0,100382714,0.0,0,0
farmor,aftonbladet,1880,211,100382714,2.101955521943748,211,0
feminin,aftonbladet,1880,22,100382714,0.21916123925479838,22,0
flicka,aftonbladet,1880,16558,100382714,164.94871816277055,16556,2
flickebarn,aftonbladet,1880,85,100382714,0.8467593334844483,85,0
fnaska,aftonbladet,1880,0,100382714,0.0,0,0
fostermoder,aftonbladet,1880,0,100382714,0.0,0,0
fostermor,aftonbladet,1880,89,100382714,0.8866068315307754,89,0
friherrinna,aftonbladet,1880,0,100382714,0.0,0,0
fru,aftonbladet,1880,48652,100382714,484.66511873747504,48645,7
fruntimmer,aftonbladet,1880,4396,100382714,43.792400352913354,4395,1
fröken,aftonbladet,1880,21997,100382714,219.13135363126364,21991,6
författarinna,aftonbladet,1880,1055,100382714,10.509777609718741,1055,0
gammal,aftonbladet,1880,61963,100382714,617.2676303611397,30275,31688
gammal gumma,aftonbladet,1880,96,100382714,0.9563399531118475,96,0
gammelmor,aftonbladet,1880,0,100382714,0.0,0,0
gemål,aftonbladet,1880,1248,100382714,12.432419390454017,1248,0
grevinna,aftonbladet,1880,12,100382714,0.11954249413898094,12,0
gumma,aftonbladet,1880,1203,100382714,11.98413503743284,1203,0
guvernant,aftonbladet,1880,355,100382714,3.5364654516115195,355,0
hennes,aftonbladet,1880,0,100382714,0.0,0,0
hertiginna,aftonbladet,1880,975,100382714,9.712827648792201,974,1
hjältinna,aftonbladet,1880,3,100382714,0.029885623534745234,3,0
hjärtevän,aftonbladet,1880,0,100382714,0.0,0,0
hona,aftonbladet,1880,264,100382714,2.6299348710575807,264,0
honkön,aftonbladet,1880,3,100382714,0.029885623534745234,3,0
hora,aftonbladet,1880,245,100382714,2.4406592553375277,245,0
husfru,aftonbladet,1880,80,100382714,0.7969499609265396,80,0
hushållerska,aftonbladet,1880,411,100382714,4.0943304242600975,411,0
husmoder,aftonbladet,1880,0,100382714,0.0,0,0
husmor,aftonbladet,1880,760,100382714,7.571024628802126,760,0
hustru,aftonbladet,1880,16005,100382714,159.43980155786582,16004,1
häxa,aftonbladet,1880,12,100382714,0.11954249413898094,12,0
jungfru,aftonbladet,1880,1072,100382714,10.67912947641563,1072,0
jänta,aftonbladet,1880,59,100382714,0.5877505961833229,59,0
jäntunge,aftonbladet,1880,0,100382714,0.0,0,0
kassörska,aftonbladet,1880,84,100382714,0.8367974589728666,84,0
kejsarinna,aftonbladet,1880,2195,100382714,21.86631455292193,2193,2
kokerska,aftonbladet,1880,244,100382714,2.4306973808259458,244,0
kokfru,aftonbladet,1880,0,100382714,0.0,0,0
konstnärinna,aftonbladet,1880,0,100382714,0.0,0,0
kontorist,aftonbladet,1880,661,100382714,6.5847990521555335,661,0
kontorsfröken,aftonbladet,1880,0,100382714,0.0,0,0
kviga,aftonbladet,1880,37,100382714,0.36858935692852457,37,0
kvinna,aftonbladet,1880,2591,100382714,25.811216859508303,2590,1
kvinnfolk,aftonbladet,1880,0,100382714,0.0,0,0
kvinnlig,aftonbladet,1880,3,100382714,0.029885623534745234,3,0
kvinnlighet,aftonbladet,1880,0,100382714,0.0,0,0
kvinnokön,aftonbladet,1880,5,100382714,0.049809372557908724,5,0
kvinnsperson,aftonbladet,1880,1,100382714,0.009961874511581745,1,0
käring,aftonbladet,1880,101,100382714,1.0061493256697562,101,0
kärring,aftonbladet,1880,4,100382714,0.03984749804632698,4,0
landshövdingska,aftonbladet,1880,0,100382714,0.0,0,0
lillflicka,aftonbladet,1880,0,100382714,0.0,0,0
liten,aftonbladet,1880,131617,100382714,1311.1520375908544,65163,66454
liten flicka,aftonbladet,1880,701,100382714,6.983274032618803,701,0
livskamrat,aftonbladet,1880,0,100382714,0.0,0,0
lärarinna,aftonbladet,1880,3771,100382714,37.56622878317476,3771,0
madam,aftonbladet,1880,144,100382714,1.4345099296677712,144,0
madame,aftonbladet,1880,663,100382714,6.604722801178697,663,0
maka,aftonbladet,1880,3967,100382714,39.51875618744478,3967,0
mamma,aftonbladet,1880,1858,100382714,18.509162842518883,1856,2
mamsell,aftonbladet,1880,517,100382714,5.150289122487762,517,0
matmor,aftonbladet,1880,187,100382714,1.8628705336657863,187,0
moder,aftonbladet,1880,6832,100382714,68.05952666312648,6831,1
moderlig,aftonbladet,1880,247,100382714,2.460583004360691,247,0
moderlighet,aftonbladet,1880,4,100382714,0.03984749804632698,4,0
mor,aftonbladet,1880,12357,100382714,123.09888333961563,12356,1
mormor,aftonbladet,1880,995,100382714,9.912065139023836,994,1
mö,aftonbladet,1880,626,100382714,6.236133444250172,626,0
piga,aftonbladet,1880,1270,100382714,12.651580629708816,1270,0
poetissa,aftonbladet,1880,22,100382714,0.21916123925479838,22,0
prinsessa,aftonbladet,1880,3771,100382714,37.56622878317476,3770,1
prostinna,aftonbladet,1880,0,100382714,0.0,0,0
prästfru,aftonbladet,1880,0,100382714,0.0,0,0
quinfolk,aftonbladet,1880,0,100382714,0.0,0,0
quinna,aftonbladet,1880,0,100382714,0.0,0,0
quinnor,aftonbladet,1880,0,100382714,0.0,0,0
qvinfolk,aftonbladet,1880,0,100382714,0.0,0,0
qvinnokön,aftonbladet,1880,0,100382714,0.0,0,0
qvinnor,aftonbladet,1880,0,100382714,0.0,0,0
qvinsperson,aftonbladet,1880,0,100382714,0.0,0,0
ragata,aftonbladet,1880,2,100382714,0.01992374902316349,2,0
satkärring,aftonbladet,1880,0,100382714,0.0,0,0
sig,aftonbladet,1880,326745,100382714,3254.9926872867773,326703,42
sjuksköterska,aftonbladet,1880,542,100382714,5.399335985277306,542,0
själv,aftonbladet,1880,1,100382714,0.009961874511581745,1,0
skata,aftonbladet,1880,192,100382714,1.912679906223695,192,0
skollärarinna,aftonbladet,1880,0,100382714,0.0,0,0
skrivbiträde,aftonbladet,1880,0,100382714,0.0,0,0
skådespelerska,aftonbladet,1880,862,100382714,8.587135828983465,861,1
sköka,aftonbladet,1880,22,100382714,0.21916123925479838,22,0
slampa,aftonbladet,1880,2,100382714,0.01992374902316349,2,0
slinka,aftonbladet,1880,70,100382714,0.6973312158107221,70,0
slyna,aftonbladet,1880,22,100382714,0.21916123925479838,22,0
småflicka,aftonbladet,1880,59,100382714,0.5877505961833229,59,0
sondotter,aftonbladet,1880,87,100382714,0.8666830825076118,87,0
spinnerska,aftonbladet,1880,0,100382714,0.0,0,0
styvmor,aftonbladet,1880,1,100382714,0.009961874511581745,1,0
subba,aftonbladet,1880,1,100382714,0.009961874511581745,1,0
sugga,aftonbladet,1880,76,100382714,0.7571024628802127,76,0
svärmor,aftonbladet,1880,503,100382714,5.010822879325618,501,2
syster,aftonbladet,1880,5971,100382714,59.4823527086546,5969,2
systerdotter,aftonbladet,1880,156,100382714,1.5540524238067521,156,0
sångerska,aftonbladet,1880,1414,100382714,14.086090559376588,1413,1
sömmerska,aftonbladet,1880,641,100382714,6.385561561923899,640,1
tant,aftonbladet,1880,2408,100382714,23.988193823888842,2408,0
telefonist,aftonbladet,1880,45,100382714,0.4482843530211785,45,0
tjej,aftonbladet,1880,14,100382714,0.13946624316214443,14,0
tjänarinna,aftonbladet,1880,1,100382714,0.009961874511581745,1,0
trollpacka,aftonbladet,1880,21,100382714,0.20919936474321665,21,0
tvätterska,aftonbladet,1880,204,100382714,2.032222400362676,204,0
tös,aftonbladet,1880,138,100382714,1.3747386825982808,138,0
tösabit,aftonbladet,1880,0,100382714,0.0,0,0
ungflicka,aftonbladet,1880,0,100382714,0.0,0,0
värdinna,aftonbladet,1880,762,100382714,7.590948377825289,762,0
väverska,aftonbladet,1880,0,100382714,0.0,0,0
äkta,aftonbladet,1880,8007,100382714,79.76472921423503,3588,4419
äkta maka,aftonbladet,1880,8,100382714,0.07969499609265396,8,0
änka,aftonbladet,1880,18,100382714,0.1793137412084714,18,0
amma,aftonbladet,1890,1018,101943656,9.985908294283657,1018,0
barnmorska,aftonbladet,1890,429,101943656,4.208206933445667,429,0
baronessa,aftonbladet,1890,609,101943656,5.973888164262031,609,0
borgmästarfru,aftonbladet,1890,0,101943656,0.0,0,0
dam,aftonbladet,1890,16410,101943656,160.97127220942517,16407,3
dotter,aftonbladet,1890,16209,101943656,158.99959483501357,16205,4
drottning,aftonbladet,1890,10690,101943656,104.86184643014961,10684,6
fabriksarbeterska,aftonbladet,1890,0,101943656,0.0,0,0
farmor,aftonbladet,1890,310,101943656,3.040895453072627,310,0
feminin,aftonbladet,1890,23,101943656,0.2256148239376465,23,0
flicka,aftonbladet,1890,16806,101943656,164.85577091722118,16803,3
flickebarn,aftonbladet,1890,61,101943656,0.5983697504433233,61,0
fnaska,aftonbladet,1890,0,101943656,0.0,0,0
fostermoder,aftonbladet,1890,0,101943656,0.0,0,0
fostermor,aftonbladet,1890,129,101943656,1.2654048820850607,129,0
friherrinna,aftonbladet,1890,0,101943656,0.0,0,0
fru,aftonbladet,1890,61452,101943656,602.8035722007066,61441,11
fruntimmer,aftonbladet,1890,3123,101943656,30.634569354663913,3120,3
fröken,aftonbladet,1890,28621,101943656,280.75312503997304,28611,10
författarinna,aftonbladet,1890,1496,101943656,14.674772896118224,1495,1
gammal,aftonbladet,1890,66600,101943656,653.3020554020546,0,66600
gammal gumma,aftonbladet,1890,116,101943656,1.1378834598594345,116,0
gammelmor,aftonbladet,1890,0,101943656,0.0,0,0
gemål,aftonbladet,1890,1201,101943656,11.781017545613627,1200,1
grevinna,aftonbladet,1890,7,101943656,0.06866538119841416,7,0
gumma,aftonbladet,1890,1328,101943656,13.026803747356285,1328,0
guvernant,aftonbladet,1890,181,101943656,1.775490570987566,181,0
hennes,aftonbladet,1890,0,101943656,0.0,0,0
hertiginna,aftonbladet,1890,1313,101943656,12.879663644788254,1313,0
hjältinna,aftonbladet,1890,32,101943656,0.3138988854784647,32,0
hjärtevän,aftonbladet,1890,0,101943656,0.0,0,0
hona,aftonbladet,1890,290,101943656,2.8447086496485863,290,0
honkön,aftonbladet,1890,3,101943656,0.029428020513606067,3,0
hora,aftonbladet,1890,192,101943656,1.8833933128707883,192,0
husfru,aftonbladet,1890,65,101943656,0.6376071111281314,65,0
hushållerska,aftonbladet,1890,441,101943656,4.325919015500092,441,0
husmoder,aftonbladet,1890,0,101943656,0.0,0,0
husmor,aftonbladet,1890,1151,101943656,11.290550537053527,1151,0
hustru,aftonbladet,1890,14519,101943656,142.42180994568216,14516,3
häxa,aftonbladet,1890,41,101943656,0.40218294701928287,41,0
jungfru,aftonbladet,1890,1215,101943656,11.918348308010456,1215,0
jänta,aftonbladet,1890,145,101943656,1.4223543248242931,145,0
jäntunge,aftonbladet,1890,0,101943656,0.0,0,0
kassörska,aftonbladet,1890,180,101943656,1.7656812308163639,180,0
kejsarinna,aftonbladet,1890,2461,101943656,24.140786161328176,2460,1
kokerska,aftonbladet,1890,287,101943656,2.81528062913498,287,0
kokfru,aftonbladet,1890,0,101943656,0.0,0,0
konstnärinna,aftonbladet,1890,0,101943656,0.0,0,0
kontorist,aftonbladet,1890,698,101943656,6.846919439499011,698,0
kontorsfröken,aftonbladet,1890,0,101943656,0.0,0,0
kviga,aftonbladet,1890,125,101943656,1.2261675214002528,125,0
kvinna,aftonbladet,1890,19398,101943656,190.2815806409768,19393,5
kvinnfolk,aftonbladet,1890,34,101943656,0.3335175658208687,34,0
kvinnlig,aftonbladet,1890,147,101943656,1.4419730051666972,147,0
kvinnlighet,aftonbladet,1890,6,101943656,0.05885604102721213,6,0
kvinnokön,aftonbladet,1890,42,101943656,0.4119922871904849,42,0
kvinnsperson,aftonbladet,1890,1,101943656,0.009809340171202021,1,0
käring,aftonbladet,1890,226,101943656,2.2169108786916567,225,1
kärring,aftonbladet,1890,21,101943656,0.20599614359524246,21,0
landshövdingska,aftonbladet,1890,0,101943656,0.0,0,0
lillflicka,aftonbladet,1890,0,101943656,0.0,0,0
liten,aftonbladet,1890,130139,101943656,1276.57772054006,0,130139
liten flicka,aftonbladet,1890,611,101943656,5.993506844604435,611,0
livskamrat,aftonbladet,1890,0,101943656,0.0,0,0
lärarinna,aftonbladet,1890,3200,101943656,31.389888547846468,3199,1
madam,aftonbladet,1890,86,101943656,0.8436032547233738,86,0
madame,aftonbladet,1890,426,101943656,4.178778912932061,426,0
maka,aftonbladet,1890,7222,101943656,70.843054716421,7218,4
mamma,aftonbladet,1890,1727,101943656,16.94073047566589,1727,0
mamsell,aftonbladet,1890,218,101943656,2.1384361573220407,218,0
matmor,aftonbladet,1890,124,101943656,1.2163581812290507,124,0
moder,aftonbladet,1890,7035,101943656,69.00870810440622,7033,2
moderlig,aftonbladet,1890,196,101943656,1.9226306735555962,195,1
moderlighet,aftonbladet,1890,10,101943656,0.09809340171202022,10,0
mor,aftonbladet,1890,12240,101943656,120.06632369551275,12238,2
mormor,aftonbladet,1890,554,101943656,5.43437445484592,553,1
mö,aftonbladet,1890,572,101943656,5.610942577927556,572,0
piga,aftonbladet,1890,677,101943656,6.640923295903769,677,0
poetissa,aftonbladet,1890,2,101943656,0.019618680342404042,2,0
prinsessa,aftonbladet,1890,3989,101943656,39.129457942924866,3987,2
prostinna,aftonbladet,1890,0,101943656,0.0,0,0
prästfru,aftonbladet,1890,0,101943656,0.0,0,0
quinfolk,aftonbladet,1890,0,101943656,0.0,0,0
quinna,aftonbladet,1890,0,101943656,0.0,0,0
quinnor,aftonbladet,1890,0,101943656,0.0,0,0
qvinfolk,aftonbladet,1890,0,101943656,0.0,0,0
qvinnokön,aftonbladet,1890,0,101943656,0.0,0,0
qvinnor,aftonbladet,1890,0,101943656,0.0,0,0
qvinsperson,aftonbladet,1890,0,101943656,0.0,0,0
ragata,aftonbladet,1890,24,101943656,0.23542416410884853,24,0
satkärring,aftonbladet,1890,0,101943656,0.0,0,0
sig,aftonbladet,1890,330287,101943656,3239.897537125802,330248,39
sjuksköterska,aftonbladet,1890,900,101943656,8.828406154081819,900,0
själv,aftonbladet,1890,0,101943656,0.0,0,0
skata,aftonbladet,1890,153,101943656,1.5008290461939093,153,0
skollärarinna,aftonbladet,1890,0,101943656,0.0,0,0
skrivbiträde,aftonbladet,1890,0,101943656,0.0,0,0
skådespelerska,aftonbladet,1890,913,101943656,8.955927576307445,913,0
sköka,aftonbladet,1890,15,101943656,0.1471401025680303,15,0
slampa,aftonbladet,1890,1,101943656,0.009809340171202021,1,0
slinka,aftonbladet,1890,98,101943656,0.9613153367777981,98,0
slyna,aftonbladet,1890,28,101943656,0.27466152479365663,28,0
småflicka,aftonbladet,1890,116,101943656,1.1378834598594345,116,0
sondotter,aftonbladet,1890,105,101943656,1.0299807179762124,105,0
spinnerska,aftonbladet,1890,0,101943656,0.0,0,0
styvmor,aftonbladet,1890,0,101943656,0.0,0,0
subba,aftonbladet,1890,4,101943656,0.039237360684808084,4,0
sugga,aftonbladet,1890,74,101943656,0.7258911726689496,74,0
svärmor,aftonbladet,1890,494,101943656,4.845814044573799,493,1
syster,aftonbladet,1890,5029,101943656,49.331171720974965,5029,0
systerdotter,aftonbladet,1890,167,101943656,1.6381598085907376,167,0
sångerska,aftonbladet,1890,1427,101943656,13.997928424305284,1427,0
sömmerska,aftonbladet,1890,592,101943656,5.807129381351597,592,0
tant,aftonbladet,1890,1805,101943656,17.705859009019647,1805,0
telefonist,aftonbladet,1890,484,101943656,4.747720642861778,484,0
tjej,aftonbladet,1890,4,101943656,0.039237360684808084,4,0
tjänarinna,aftonbladet,1890,5,101943656,0.04904670085601011,5,0
trollpacka,aftonbladet,1890,23,101943656,0.2256148239376465,23,0
tvätterska,aftonbladet,1890,139,101943656,1.363498283797081,139,0
tös,aftonbladet,1890,190,101943656,1.8637746325283842,190,0
tösabit,aftonbladet,1890,0,101943656,0.0,0,0
ungflicka,aftonbladet,1890,0,101943656,0.0,0,0
värdinna,aftonbladet,1890,835,101943656,8.190799042953689,835,0
väverska,aftonbladet,1890,0,101943656,0.0,0,0
äkta,aftonbladet,1890,12439,101943656,122.01838238958194,0,12439
äkta maka,aftonbladet,1890,10,101943656,0.09809340171202022,10,0
änka,aftonbladet,1890,48,101943656,0.47084832821769707,48,0
amma,aftonbladet,1900,118,11031971,10.69618475247986,118,0
barnmorska,aftonbladet,1900,21,11031971,1.9035583034074328,21,0
baronessa,aftonbladet,1900,28,11031971,2.538077737876577,28,0
borgmästarfru,aftonbladet,1900,0,11031971,0.0,0,0
dam,aftonbladet,1900,1511,11031971,136.96555221183957,1510,1
dotter,aftonbladet,1900,1345,11031971,121.9183770515713,1345,0
drottning,aftonbladet,1900,1563,11031971,141.67912515361036,1562,1
fabriksarbeterska,aftonbladet,1900,0,11031971,0.0,0,0
farmor,aftonbladet,1900,20,11031971,1.8129126699118407,20,0
feminin,aftonbladet,1900,3,11031971,0.2719369004867761,3,0
flicka,aftonbladet,1900,1494,11031971,135.42457644241452,1494,0
flickebarn,aftonbladet,1900,5,11031971,0.4532281674779602,5,0
fnaska,aftonbladet,1900,0,11031971,0.0,0,0
fostermoder,aftonbladet,1900,0,11031971,0.0,0,0
fostermor,aftonbladet,1900,17,11031971,1.5409757694250648,17,0
friherrinna,aftonbladet,1900,0,11031971,0.0,0,0
fru,aftonbladet,1900,4078,11031971,369.6528933950243,4077,1
fruntimmer,aftonbladet,1900,171,11031971,15.50040332774624,171,0
fröken,aftonbladet,1900,2086,11031971,189.086791471805,2086,0
författarinna,aftonbladet,1900,159,11031971,14.412655725799134,159,0
gammal,aftonbladet,1900,6925,11031971,627.7210119569748,0,6925
gammal gumma,aftonbladet,1900,14,11031971,1.2690388689382885,14,0
gammelmor,aftonbladet,1900,0,11031971,0.0,0,0
gemål,aftonbladet,1900,89,11031971,8.067461381107691,89,0
grevinna,aftonbladet,1900,0,11031971,0.0,0,0
gumma,aftonbladet,1900,105,11031971,9.517791517037164,105,0
guvernant,aftonbladet,1900,24,11031971,2.175495203894209,24,0
hennes,aftonbladet,1900,0,11031971,0.0,0,0
hertiginna,aftonbladet,1900,120,11031971,10.877476019471045,120,0
hjältinna,aftonbladet,1900,5,11031971,0.4532281674779602,5,0
hjärtevän,aftonbladet,1900,0,11031971,0.0,0,0
hona,aftonbladet,1900,43,11031971,3.8977622403104575,43,0
honkön,aftonbladet,1900,1,11031971,0.09064563349559204,1,0
hora,aftonbladet,1900,21,11031971,1.9035583034074328,21,0
husfru,aftonbladet,1900,12,11031971,1.0877476019471044,12,0
hushållerska,aftonbladet,1900,48,11031971,4.350990407788418,48,0
husmoder,aftonbladet,1900,0,11031971,0.0,0,0
husmor,aftonbladet,1900,112,11031971,10.152310951506308,112,0
hustru,aftonbladet,1900,1184,11031971,107.32443005878098,1184,0
häxa,aftonbladet,1900,2,11031971,0.18129126699118409,2,0
jungfru,aftonbladet,1900,119,11031971,10.786830385975453,119,0
jänta,aftonbladet,1900,10,11031971,0.9064563349559204,10,0
jäntunge,aftonbladet,1900,0,11031971,0.0,0,0
kassörska,aftonbladet,1900,18,11031971,1.6316214029206566,18,0
kejsarinna,aftonbladet,1900,199,11031971,18.038481065622815,199,0
kokerska,aftonbladet,1900,25,11031971,2.266140837389801,25,0
kokfru,aftonbladet,1900,0,11031971,0.0,0,0
konstnärinna,aftonbladet,1900,0,11031971,0.0,0,0
kontorist,aftonbladet,1900,72,11031971,6.526485611682626,72,0
kontorsfröken,aftonbladet,1900,0,11031971,0.0,0,0
kviga,aftonbladet,1900,6,11031971,0.5438738009735522,6,0
kvinna,aftonbladet,1900,1883,11031971,170.6857278721998,1883,0
kvinnfolk,aftonbladet,1900,7,11031971,0.6345194344691443,7,0
kvinnlig,aftonbladet,1900,59,11031971,5.34809237623993,59,0
kvinnlighet,aftonbladet,1900,1,11031971,0.09064563349559204,1,0
kvinnokön,aftonbladet,1900,3,11031971,0.2719369004867761,3,0
kvinnsperson,aftonbladet,1900,0,11031971,0.0,0,0
käring,aftonbladet,1900,11,11031971,0.9971019684515124,11,0
kärring,aftonbladet,1900,0,11031971,0.0,0,0
landshövdingska,aftonbladet,1900,0,11031971,0.0,0,0
lillflicka,aftonbladet,1900,0,11031971,0.0,0,0
liten,aftonbladet,1900,11757,11031971,1065.7207130076756,0,11757
liten flicka,aftonbladet,1900,50,11031971,4.532281674779602,49,1
livskamrat,aftonbladet,1900,0,11031971,0.0,0,0
lärarinna,aftonbladet,1900,260,11031971,23.56786470885393,260,0
madam,aftonbladet,1900,19,11031971,1.7222670364162487,19,0
madame,aftonbladet,1900,36,11031971,3.263242805841313,36,0
maka,aftonbladet,1900,883,11031971,80.04009437660777,883,0
mamma,aftonbladet,1900,146,11031971,13.234262490356437,146,0
mamsell,aftonbladet,1900,51,11031971,4.622927308275194,51,0
matmor,aftonbladet,1900,18,11031971,1.6316214029206566,18,0
moder,aftonbladet,1900,875,11031971,79.31492930864303,875,0
moderlig,aftonbladet,1900,14,11031971,1.2690388689382885,14,0
moderlighet,aftonbladet,1900,1,11031971,0.09064563349559204,1,0
mor,aftonbladet,1900,1470,11031971,133.2490812385203,1470,0
mormor,aftonbladet,1900,33,11031971,2.991305905354537,33,0
mö,aftonbladet,1900,68,11031971,6.163903077700259,68,0
piga,aftonbladet,1900,49,11031971,4.44163604128401,49,0
poetissa,aftonbladet,1900,1,11031971,0.09064563349559204,1,0
prinsessa,aftonbladet,1900,612,11031971,55.47512769930233,611,1
prostinna,aftonbladet,1900,0,11031971,0.0,0,0
prästfru,aftonbladet,1900,0,11031971,0.0,0,0
quinfolk,aftonbladet,1900,0,11031971,0.0,0,0
quinna,aftonbladet,1900,0,11031971,0.0,0,0
quinnor,aftonbladet,1900,0,11031971,0.0,0,0
qvinfolk,aftonbladet,1900,0,11031971,0.0,0,0
qvinnokön,aftonbladet,1900,0,11031971,0.0,0,0
qvinnor,aftonbladet,1900,0,11031971,0.0,0,0
qvinsperson,aftonbladet,1900,0,11031971,0.0,0,0
ragata,aftonbladet,1900,4,11031971,0.36258253398236817,4,0
satkärring,aftonbladet,1900,0,11031971,0.0,0,0
sig,aftonbladet,1900,32089,11031971,2908.727733240053,32087,2
sjuksköterska,aftonbladet,1900,76,11031971,6.889068145664995,76,0
själv,aftonbladet,1900,0,11031971,0.0,0,0
skata,aftonbladet,1900,17,11031971,1.5409757694250648,17,0
skollärarinna,aftonbladet,1900,0,11031971,0.0,0,0
skrivbiträde,aftonbladet,1900,0,11031971,0.0,0,0
skådespelerska,aftonbladet,1900,84,11031971,7.614233213629731,84,0
sköka,aftonbladet,1900,3,11031971,0.2719369004867761,3,0
slampa,aftonbladet,1900,0,11031971,0.0,0,0
slinka,aftonbladet,1900,15,11031971,1.3596845024338806,15,0
slyna,aftonbladet,1900,2,11031971,0.18129126699118409,2,0
småflicka,aftonbladet,1900,5,11031971,0.4532281674779602,5,0
sondotter,aftonbladet,1900,9,11031971,0.8158107014603283,9,0
spinnerska,aftonbladet,1900,0,11031971,0.0,0,0
styvmor,aftonbladet,1900,0,11031971,0.0,0,0
subba,aftonbladet,1900,1,11031971,0.09064563349559204,1,0
sugga,aftonbladet,1900,13,11031971,1.1783932354426965,13,0
svärmor,aftonbladet,1900,61,11031971,5.529383643231115,61,0
syster,aftonbladet,1900,539,11031971,48.857996454124105,539,0
systerdotter,aftonbladet,1900,9,11031971,0.8158107014603283,9,0
sångerska,aftonbladet,1900,151,11031971,13.687490657834397,151,0
sömmerska,aftonbladet,1900,53,11031971,4.804218575266378,53,0
tant,aftonbladet,1900,150,11031971,13.596845024338807,150,0
telefonist,aftonbladet,1900,20,11031971,1.8129126699118407,20,0
tjej,aftonbladet,1900,1,11031971,0.09064563349559204,1,0
tjänarinna,aftonbladet,1900,4,11031971,0.36258253398236817,4,0
trollpacka,aftonbladet,1900,0,11031971,0.0,0,0
tvätterska,aftonbladet,1900,6,11031971,0.5438738009735522,6,0
tös,aftonbladet,1900,19,11031971,1.7222670364162487,19,0
tösabit,aftonbladet,1900,0,11031971,0.0,0,0
ungflicka,aftonbladet,1900,0,11031971,0.0,0,0
värdinna,aftonbladet,1900,52,11031971,4.713572941770786,52,0
väverska,aftonbladet,1900,0,11031971,0.0,0,0
äkta,aftonbladet,1900,1447,11031971,131.1642316681217,0,1447
äkta maka,aftonbladet,1900,1,11031971,0.09064563349559204,1,0
änka,aftonbladet,1900,9,11031971,0.8158107014603283,9,0
amma,barometern,1880,613,39808549,15.398702424446569,613,0
barnmorska,barometern,1880,148,39808549,3.7177943863264145,148,0
baronessa,barometern,1880,241,39808549,6.053975993950445,241,0
borgmästarfru,barometern,1880,0,39808549,0.0,0,0
dam,barometern,1880,8748,39808549,219.75179251069915,8748,0
dotter,barometern,1880,7922,39808549,199.00248059782334,7922,0
drottning,barometern,1880,5192,39808549,130.42424630950504,5190,2
fabriksarbeterska,barometern,1880,0,39808549,0.0,0,0
farmor,barometern,1880,524,39808549,13.16300174618271,524,0
feminin,barometern,1880,37,39808549,0.9294485965816036,37,0
flicka,barometern,1880,12270,39808549,308.2252508123318,12267,3
flickebarn,barometern,1880,113,39808549,2.8385862544248974,113,0
fnaska,barometern,1880,0,39808549,0.0,0,0
fostermoder,barometern,1880,0,39808549,0.0,0,0
fostermor,barometern,1880,80,39808549,2.0096185872034673,80,0
friherrinna,barometern,1880,0,39808549,0.0,0,0
fru,barometern,1880,12221,39808549,306.9943594276697,12221,0
fruntimmer,barometern,1880,2542,39808549,63.85563060839017,2541,1
fröken,barometern,1880,6647,39808549,166.9741843642681,6641,6
författarinna,barometern,1880,173,39808549,4.345800194827498,173,0
gammal,barometern,1880,34318,39808549,862.0761334456074,0,34318
gammal gumma,barometern,1880,105,39808549,2.6376243957045507,105,0
gammelmor,barometern,1880,0,39808549,0.0,0,0
gemål,barometern,1880,275,39808549,6.908063893511919,274,1
grevinna,barometern,1880,0,39808549,0.0,0,0
gumma,barometern,1880,2045,39808549,51.37087513538863,2045,0
guvernant,barometern,1880,222,39808549,5.576691579489622,222,0
hennes,barometern,1880,0,39808549,0.0,0,0
hertiginna,barometern,1880,746,39808549,18.73969332567233,745,1
hjältinna,barometern,1880,2,39808549,0.05024046468008668,2,0
hjärtevän,barometern,1880,0,39808549,0.0,0,0
hona,barometern,1880,133,39808549,3.3409909012257644,133,0
honkön,barometern,1880,1,39808549,0.02512023234004334,1,0
hora,barometern,1880,92,39808549,2.3110613752839875,92,0
husfru,barometern,1880,25,39808549,0.6280058085010836,25,0
hushållerska,barometern,1880,95,39808549,2.3864220723041174,95,0
husmoder,barometern,1880,0,39808549,0.0,0,0
husmor,barometern,1880,451,39808549,11.329224785359546,451,0
hustru,barometern,1880,13152,39808549,330.38129573625,13149,3
häxa,barometern,1880,0,39808549,0.0,0,0
jungfru,barometern,1880,1197,39808549,30.06891811103188,1196,1
jänta,barometern,1880,69,39808549,1.7332960314629906,69,0
jäntunge,barometern,1880,0,39808549,0.0,0,0
kassörska,barometern,1880,13,39808549,0.32656302042056345,13,0
kejsarinna,barometern,1880,934,39808549,23.46229700560048,934,0
kokerska,barometern,1880,130,39808549,3.2656302042056344,130,0
kokfru,barometern,1880,0,39808549,0.0,0,0
konstnärinna,barometern,1880,0,39808549,0.0,0,0
kontorist,barometern,1880,345,39808549,8.666480157314952,345,0
kontorsfröken,barometern,1880,0,39808549,0.0,0,0
kviga,barometern,1880,1,39808549,0.02512023234004334,1,0
kvinna,barometern,1880,94,39808549,2.361301839964074,94,0
kvinnfolk,barometern,1880,0,39808549,0.0,0,0
kvinnlig,barometern,1880,0,39808549,0.0,0,0
kvinnlighet,barometern,1880,0,39808549,0.0,0,0
kvinnokön,barometern,1880,0,39808549,0.0,0,0
kvinnsperson,barometern,1880,0,39808549,0.0,0,0
käring,barometern,1880,161,39808549,4.044357406746978,161,0
kärring,barometern,1880,8,39808549,0.20096185872034672,8,0
landshövdingska,barometern,1880,0,39808549,0.0,0,0
lillflicka,barometern,1880,0,39808549,0.0,0,0
liten,barometern,1880,58060,39808549,1458.4806896629163,0,58060
liten flicka,barometern,1880,410,39808549,10.29929525941777,410,0
livskamrat,barometern,1880,0,39808549,0.0,0,0
lärarinna,barometern,1880,1508,39808549,37.88131036878536,1508,0
madam,barometern,1880,405,39808549,10.173694097717553,405,0
madame,barometern,1880,338,39808549,8.49063853093465,338,0
maka,barometern,1880,1910,39808549,47.979643769482784,1910,0
mamma,barometern,1880,1770,39808549,44.462811241876715,1767,3
mamsell,barometern,1880,813,39808549,20.422748892455235,813,0
matmor,barometern,1880,220,39808549,5.526451114809535,220,0
moder,barometern,1880,3680,39808549,92.4424550113595,3679,1
moderlig,barometern,1880,169,39808549,4.245319265467325,169,0
moderlighet,barometern,1880,0,39808549,0.0,0,0
mor,barometern,1880,7305,39808549,183.5032972440166,7304,1
mormor,barometern,1880,265,39808549,6.656861570111485,265,0
mö,barometern,1880,206,39808549,5.174767862048928,206,0
piga,barometern,1880,1973,39808549,49.562218406905515,1971,2
poetissa,barometern,1880,4,39808549,0.10048092936017336,4,0
prinsessa,barometern,1880,1700,39808549,42.70439497807368,1699,1
prostinna,barometern,1880,0,39808549,0.0,0,0
prästfru,barometern,1880,0,39808549,0.0,0,0
quinfolk,barometern,1880,0,39808549,0.0,0,0
quinna,barometern,1880,0,39808549,0.0,0,0
quinnor,barometern,1880,0,39808549,0.0,0,0
qvinfolk,barometern,1880,0,39808549,0.0,0,0
qvinnokön,barometern,1880,0,39808549,0.0,0,0
qvinnor,barometern,1880,0,39808549,0.0,0,0
qvinsperson,barometern,1880,0,39808549,0.0,0,0
ragata,barometern,1880,7,39808549,0.17584162638030337,7,0
satkärring,barometern,1880,0,39808549,0.0,0,0
sig,barometern,1880,149739,39808549,3761.4784703657497,149722,17
sjuksköterska,barometern,1880,94,39808549,2.361301839964074,94,0
själv,barometern,1880,4,39808549,0.10048092936017336,4,0
skata,barometern,1880,61,39808549,1.5323341727426438,61,0
skollärarinna,barometern,1880,0,39808549,0.0,0,0
skrivbiträde,barometern,1880,0,39808549,0.0,0,0
skådespelerska,barometern,1880,68,39808549,1.7081757991229471,68,0
sköka,barometern,1880,6,39808549,0.15072139404026005,6,0
slampa,barometern,1880,0,39808549,0.0,0,0
slinka,barometern,1880,23,39808549,0.5777653438209969,23,0
slyna,barometern,1880,4,39808549,0.10048092936017336,4,0
småflicka,barometern,1880,9,39808549,0.22608209106039007,9,0
sondotter,barometern,1880,142,39808549,3.5670729922861546,142,0
spinnerska,barometern,1880,0,39808549,0.0,0,0
styvmor,barometern,1880,1,39808549,0.02512023234004334,1,0
subba,barometern,1880,0,39808549,0.0,0,0
sugga,barometern,1880,144,39808549,3.617313456966241,144,0
svärmor,barometern,1880,45,39808549,1.1304104553019503,45,0
syster,barometern,1880,2840,39808549,71.3414598457231,2840,0
systerdotter,barometern,1880,88,39808549,2.210580445923814,88,0
sångerska,barometern,1880,102,39808549,2.5622636986844207,102,0
sömmerska,barometern,1880,188,39808549,4.722603679928148,188,0
tant,barometern,1880,953,39808549,23.939581420061305,952,1
telefonist,barometern,1880,4,39808549,0.10048092936017336,4,0
tjej,barometern,1880,0,39808549,0.0,0,0
tjänarinna,barometern,1880,1,39808549,0.02512023234004334,1,0
trollpacka,barometern,1880,38,39808549,0.954568828921647,38,0
tvätterska,barometern,1880,4,39808549,0.10048092936017336,4,0
tös,barometern,1880,124,39808549,3.114908810165374,124,0
tösabit,barometern,1880,0,39808549,0.0,0,0
ungflicka,barometern,1880,0,39808549,0.0,0,0
värdinna,barometern,1880,30,39808549,0.7536069702013002,30,0
väverska,barometern,1880,0,39808549,0.0,0,0
äkta,barometern,1880,4992,39808549,125.40019984149636,0,4992
äkta maka,barometern,1880,8,39808549,0.20096185872034672,8,0
änka,barometern,1880,20,39808549,0.5024046468008668,20,0
amma,barometern,1890,411,28408936,14.467278887178317,411,0
barnmorska,barometern,1890,139,28408936,4.892826679605318,139,0
baronessa,barometern,1890,192,28408936,6.7584368524044685,192,0
borgmästarfru,barometern,1890,0,28408936,0.0,0,0
dam,barometern,1890,5988,28408936,210.77874933436436,5988,0
dotter,barometern,1890,6203,28408936,218.34679060137978,6201,2
drottning,barometern,1890,2477,28408936,87.19087543440557,2477,0
fabriksarbeterska,barometern,1890,0,28408936,0.0,0,0
farmor,barometern,1890,107,28408936,3.766420537537907,107,0
feminin,barometern,1890,16,28408936,0.5632030710337057,16,0
flicka,barometern,1890,8258,28408936,290.68318503727136,8256,2
flickebarn,barometern,1890,52,28408936,1.8304099808595435,52,0
fnaska,barometern,1890,0,28408936,0.0,0,0
fostermoder,barometern,1890,0,28408936,0.0,0,0
fostermor,barometern,1890,85,28408936,2.9920163148665617,85,0
friherrinna,barometern,1890,0,28408936,0.0,0,0
fru,barometern,1890,9097,28408936,320.21614607460134,9097,0
fruntimmer,barometern,1890,1335,28408936,46.992256239374825,1335,0
fröken,barometern,1890,4317,28408936,151.95922860328173,4317,0
författarinna,barometern,1890,173,28408936,6.0896332055519435,173,0
gammal,barometern,1890,24208,28408936,852.1262464739967,0,24208
gammal gumma,barometern,1890,60,28408936,2.1120115163763966,60,0
gammelmor,barometern,1890,0,28408936,0.0,0,0
gemål,barometern,1890,116,28408936,4.083222264994366,116,0
grevinna,barometern,1890,1,28408936,0.035200191939606607,1,0
gumma,barometern,1890,1217,28408936,42.83863359050124,1217,0
guvernant,barometern,1890,175,28408936,6.160033589431157,174,1
hennes,barometern,1890,0,28408936,0.0,0,0
hertiginna,barometern,1890,274,28408936,9.64485259145221,274,0
hjältinna,barometern,1890,0,28408936,0.0,0,0
hjärtevän,barometern,1890,0,28408936,0.0,0,0
hona,barometern,1890,84,28408936,2.956816122926955,84,0
honkön,barometern,1890,0,28408936,0.0,0,0
hora,barometern,1890,85,28408936,2.9920163148665617,85,0
husfru,barometern,1890,21,28408936,0.7392040307317388,21,0
hushållerska,barometern,1890,59,28408936,2.07681132443679,59,0
husmoder,barometern,1890,0,28408936,0.0,0,0
husmor,barometern,1890,296,28408936,10.419256814123557,296,0
hustru,barometern,1890,8644,28408936,304.2704591259595,8641,3
häxa,barometern,1890,2,28408936,0.07040038387921321,2,0
jungfru,barometern,1890,1153,28408936,40.58582130636642,1151,2
jänta,barometern,1890,41,28408936,1.443207869523871,41,0
jäntunge,barometern,1890,0,28408936,0.0,0,0
kassörska,barometern,1890,27,28408936,0.9504051823693784,27,0
kejsarinna,barometern,1890,642,28408936,22.598523225227442,642,0
kokerska,barometern,1890,162,28408936,5.70243109421627,162,0
kokfru,barometern,1890,0,28408936,0.0,0,0
konstnärinna,barometern,1890,0,28408936,0.0,0,0
kontorist,barometern,1890,402,28408936,14.150477159721856,402,0
kontorsfröken,barometern,1890,0,28408936,0.0,0,0
kviga,barometern,1890,0,28408936,0.0,0,0
kvinna,barometern,1890,161,28408936,5.667230902276664,161,0
kvinnfolk,barometern,1890,0,28408936,0.0,0,0
kvinnlig,barometern,1890,0,28408936,0.0,0,0
kvinnlighet,barometern,1890,0,28408936,0.0,0,0
kvinnokön,barometern,1890,0,28408936,0.0,0,0
kvinnsperson,barometern,1890,0,28408936,0.0,0,0
käring,barometern,1890,165,28408936,5.80803167003509,165,0
kärring,barometern,1890,12,28408936,0.4224023032752793,12,0
landshövdingska,barometern,1890,0,28408936,0.0,0,0
lillflicka,barometern,1890,0,28408936,0.0,0,0
liten,barometern,1890,41402,28408936,1457.3583466835928,0,41402
liten flicka,barometern,1890,258,28408936,9.081649520418505,258,0
livskamrat,barometern,1890,0,28408936,0.0,0,0
lärarinna,barometern,1890,1117,28408936,39.31861439654058,1116,1
madam,barometern,1890,54,28408936,1.9008103647387569,54,0
madame,barometern,1890,297,28408936,10.454457006063162,297,0
maka,barometern,1890,1321,28408936,46.49945355222033,1321,0
mamma,barometern,1890,1203,28408936,42.34583090334675,1203,0
mamsell,barometern,1890,384,28408936,13.516873704808937,384,0
matmor,barometern,1890,129,28408936,4.540824760209253,129,0
moder,barometern,1890,2709,28408936,95.3573199643943,2709,0
moderlig,barometern,1890,85,28408936,2.9920163148665617,85,0
moderlighet,barometern,1890,1,28408936,0.035200191939606607,1,0
mor,barometern,1890,5414,28408936,190.57383916103018,5414,0
mormor,barometern,1890,226,28408936,7.955243378351094,226,0
mö,barometern,1890,210,28408936,7.392040307317388,210,0
piga,barometern,1890,836,28408936,29.427360461511125,835,1
poetissa,barometern,1890,1,28408936,0.035200191939606607,1,0
prinsessa,barometern,1890,786,28408936,27.667350864530793,786,0
prostinna,barometern,1890,0,28408936,0.0,0,0
prästfru,barometern,1890,0,28408936,0.0,0,0
quinfolk,barometern,1890,0,28408936,0.0,0,0
quinna,barometern,1890,0,28408936,0.0,0,0
quinnor,barometern,1890,0,28408936,0.0,0,0
qvinfolk,barometern,1890,0,28408936,0.0,0,0
qvinnokön,barometern,1890,0,28408936,0.0,0,0
qvinnor,barometern,1890,0,28408936,0.0,0,0
qvinsperson,barometern,1890,0,28408936,0.0,0,0
ragata,barometern,1890,2,28408936,0.07040038387921321,2,0
satkärring,barometern,1890,0,28408936,0.0,0,0
sig,barometern,1890,101011,28408936,3555.606588011603,101000,11
sjuksköterska,barometern,1890,35,28408936,1.2320067178862313,35,0
själv,barometern,1890,0,28408936,0.0,0,0
skata,barometern,1890,9,28408936,0.31680172745645946,9,0
skollärarinna,barometern,1890,0,28408936,0.0,0,0
skrivbiträde,barometern,1890,0,28408936,0.0,0,0
skådespelerska,barometern,1890,49,28408936,1.7248094050407239,49,0
sköka,barometern,1890,5,28408936,0.17600095969803303,5,0
slampa,barometern,1890,0,28408936,0.0,0,0
slinka,barometern,1890,12,28408936,0.4224023032752793,12,0
slyna,barometern,1890,1,28408936,0.035200191939606607,1,0
småflicka,barometern,1890,18,28408936,0.6336034549129189,18,0
sondotter,barometern,1890,36,28408936,1.2672069098258378,36,0
spinnerska,barometern,1890,0,28408936,0.0,0,0
styvmor,barometern,1890,1,28408936,0.035200191939606607,1,0
subba,barometern,1890,1,28408936,0.035200191939606607,1,0
sugga,barometern,1890,193,28408936,6.7936370443440754,193,0
svärmor,barometern,1890,58,28408936,2.041611132497183,58,0
syster,barometern,1890,2472,28408936,87.01487447470754,2472,0
systerdotter,barometern,1890,43,28408936,1.5136082534030841,43,0
sångerska,barometern,1890,64,28408936,2.252812284134823,64,0
sömmerska,barometern,1890,143,28408936,5.033627447363745,143,0
tant,barometern,1890,787,28408936,27.7025510564704,787,0
telefonist,barometern,1890,26,28408936,0.9152049904297718,26,0
tjej,barometern,1890,0,28408936,0.0,0,0
tjänarinna,barometern,1890,0,28408936,0.0,0,0
trollpacka,barometern,1890,7,28408936,0.24640134357724625,7,0
tvätterska,barometern,1890,6,28408936,0.21120115163763964,6,0
tös,barometern,1890,141,28408936,4.963227063484532,141,0
tösabit,barometern,1890,0,28408936,0.0,0,0
ungflicka,barometern,1890,0,28408936,0.0,0,0
värdinna,barometern,1890,50,28408936,1.7600095969803304,50,0
väverska,barometern,1890,0,28408936,0.0,0,0
äkta,barometern,1890,4003,28408936,140.90636833424526,0,4003
äkta maka,barometern,1890,17,28408936,0.5984032629733124,17,0
änka,barometern,1890,27,28408936,0.9504051823693784,27,0
amma,blekingsposten,1880,67,7493604,8.940958182471345,67,0
barnmorska,blekingsposten,1880,29,7493604,3.8699669745025225,29,0
baronessa,blekingsposten,1880,51,7493604,6.805803989642367,51,0
borgmästarfru,blekingsposten,1880,0,7493604,0.0,0,0
dam,blekingsposten,1880,1765,7493604,235.53419689644662,1764,1
dotter,blekingsposten,1880,1429,7493604,190.6959588470381,1429,0
drottning,blekingsposten,1880,1489,7493604,198.70278707014674,1488,1
fabriksarbeterska,blekingsposten,1880,0,7493604,0.0,0,0
farmor,blekingsposten,1880,19,7493604,2.5354956039844114,19,0
feminin,blekingsposten,1880,6,7493604,0.8006828223108667,6,0
flicka,blekingsposten,1880,1804,7493604,240.73863524146725,1804,0
flickebarn,blekingsposten,1880,12,7493604,1.6013656446217335,12,0
fnaska,blekingsposten,1880,0,7493604,0.0,0,0
fostermoder,blekingsposten,1880,0,7493604,0.0,0,0
fostermor,blekingsposten,1880,6,7493604,0.8006828223108667,6,0
friherrinna,blekingsposten,1880,0,7493604,0.0,0,0
fru,blekingsposten,1880,2155,7493604,287.578580346653,2154,1
fruntimmer,blekingsposten,1880,471,7493604,62.85360155140304,470,1
fröken,blekingsposten,1880,900,7493604,120.10242334663,900,0
författarinna,blekingsposten,1880,51,7493604,6.805803989642367,51,0
gammal,blekingsposten,1880,6129,7493604,817.8975029905504,0,6129
gammal gumma,blekingsposten,1880,16,7493604,2.1351541928289777,16,0
gammelmor,blekingsposten,1880,0,7493604,0.0,0,0
gemål,blekingsposten,1880,226,7493604,30.15905297370931,226,0
grevinna,blekingsposten,1880,4,7493604,0.5337885482072444,4,0
gumma,blekingsposten,1880,345,7493604,46.03926228287484,345,0
guvernant,blekingsposten,1880,33,7493604,4.4037555227097664,33,0
hennes,blekingsposten,1880,0,7493604,0.0,0,0
hertiginna,blekingsposten,1880,133,7493604,17.74846922789088,133,0
hjältinna,blekingsposten,1880,0,7493604,0.0,0,0
hjärtevän,blekingsposten,1880,0,7493604,0.0,0,0
hona,blekingsposten,1880,12,7493604,1.6013656446217335,12,0
honkön,blekingsposten,1880,1,7493604,0.1334471370518111,1,0
hora,blekingsposten,1880,6,7493604,0.8006828223108667,6,0
husfru,blekingsposten,1880,2,7493604,0.2668942741036222,2,0
hushållerska,blekingsposten,1880,55,7493604,7.339592537849612,55,0
husmoder,blekingsposten,1880,0,7493604,0.0,0,0
husmor,blekingsposten,1880,65,7493604,8.674063908367723,65,0
hustru,blekingsposten,1880,2123,7493604,283.308271960995,2123,0
häxa,blekingsposten,1880,0,7493604,0.0,0,0
jungfru,blekingsposten,1880,555,7493604,74.06316106375517,555,0
jänta,blekingsposten,1880,11,7493604,1.4679185075699224,11,0
jäntunge,blekingsposten,1880,0,7493604,0.0,0,0
kassörska,blekingsposten,1880,1,7493604,0.1334471370518111,1,0
kejsarinna,blekingsposten,1880,187,7493604,24.954614628688677,187,0
kokerska,blekingsposten,1880,26,7493604,3.469625563347089,26,0
kokfru,blekingsposten,1880,0,7493604,0.0,0,0
konstnärinna,blekingsposten,1880,0,7493604,0.0,0,0
kontorist,blekingsposten,1880,33,7493604,4.4037555227097664,33,0
kontorsfröken,blekingsposten,1880,0,7493604,0.0,0,0
kviga,blekingsposten,1880,0,7493604,0.0,0,0
kvinna,blekingsposten,1880,1,7493604,0.1334471370518111,1,0
kvinnfolk,blekingsposten,1880,0,7493604,0.0,0,0
kvinnlig,blekingsposten,1880,0,7493604,0.0,0,0
kvinnlighet,blekingsposten,1880,0,7493604,0.0,0,0
kvinnokön,blekingsposten,1880,0,7493604,0.0,0,0
kvinnsperson,blekingsposten,1880,0,7493604,0.0,0,0
käring,blekingsposten,1880,28,7493604,3.7365198374507114,28,0
kärring,blekingsposten,1880,3,7493604,0.40034141115543337,3,0
landshövdingska,blekingsposten,1880,0,7493604,0.0,0,0
lillflicka,blekingsposten,1880,0,7493604,0.0,0,0
liten,blekingsposten,1880,11369,7493604,1517.1605011420406,0,11369
liten flicka,blekingsposten,1880,69,7493604,9.207852456574967,69,0
livskamrat,blekingsposten,1880,0,7493604,0.0,0,0
lärarinna,blekingsposten,1880,236,7493604,31.493524344227424,236,0
madam,blekingsposten,1880,31,7493604,4.136861248606144,31,0
madame,blekingsposten,1880,155,7493604,20.684306243030722,155,0
maka,blekingsposten,1880,350,7493604,46.70649796813389,350,0
mamma,blekingsposten,1880,213,7493604,28.424240192035768,213,0
mamsell,blekingsposten,1880,118,7493604,15.746762172113712,118,0
matmor,blekingsposten,1880,33,7493604,4.4037555227097664,33,0
moder,blekingsposten,1880,684,7493604,91.2778417434388,684,0
moderlig,blekingsposten,1880,31,7493604,4.136861248606144,31,0
moderlighet,blekingsposten,1880,0,7493604,0.0,0,0
mor,blekingsposten,1880,1277,7493604,170.4119940151628,1277,0
mormor,blekingsposten,1880,48,7493604,6.405462578486934,47,1
mö,blekingsposten,1880,20,7493604,2.6689427410362225,20,0
piga,blekingsposten,1880,293,7493604,39.100011156180656,293,0
poetissa,blekingsposten,1880,0,7493604,0.0,0,0
prinsessa,blekingsposten,1880,559,7493604,74.59694961196242,558,1
prostinna,blekingsposten,1880,0,7493604,0.0,0,0
prästfru,blekingsposten,1880,0,7493604,0.0,0,0
quinfolk,blekingsposten,1880,0,7493604,0.0,0,0
quinna,blekingsposten,1880,0,7493604,0.0,0,0
quinnor,blekingsposten,1880,0,7493604,0.0,0,0
qvinfolk,blekingsposten,1880,0,7493604,0.0,0,0
qvinnokön,blekingsposten,1880,0,7493604,0.0,0,0
qvinnor,blekingsposten,1880,0,7493604,0.0,0,0
qvinsperson,blekingsposten,1880,0,7493604,0.0,0,0
ragata,blekingsposten,1880,0,7493604,0.0,0,0
satkärring,blekingsposten,1880,0,7493604,0.0,0,0
sig,blekingsposten,1880,27593,7493604,3682.2068526706244,27593,0
sjuksköterska,blekingsposten,1880,243,7493604,32.4276543035901,242,1
själv,blekingsposten,1880,0,7493604,0.0,0,0
skata,blekingsposten,1880,26,7493604,3.469625563347089,26,0
skollärarinna,blekingsposten,1880,0,7493604,0.0,0,0
skrivbiträde,blekingsposten,1880,0,7493604,0.0,0,0
skådespelerska,blekingsposten,1880,59,7493604,7.873381086056856,59,0
sköka,blekingsposten,1880,0,7493604,0.0,0,0
slampa,blekingsposten,1880,0,7493604,0.0,0,0
slinka,blekingsposten,1880,10,7493604,1.3344713705181113,10,0
slyna,blekingsposten,1880,4,7493604,0.5337885482072444,4,0
småflicka,blekingsposten,1880,3,7493604,0.40034141115543337,3,0
sondotter,blekingsposten,1880,7,7493604,0.9341299593626778,7,0
spinnerska,blekingsposten,1880,0,7493604,0.0,0,0
styvmor,blekingsposten,1880,0,7493604,0.0,0,0
subba,blekingsposten,1880,0,7493604,0.0,0,0
sugga,blekingsposten,1880,5,7493604,0.6672356852590556,5,0
svärmor,blekingsposten,1880,38,7493604,5.070991207968823,38,0
syster,blekingsposten,1880,524,7493604,69.92629981514902,524,0
systerdotter,blekingsposten,1880,20,7493604,2.6689427410362225,20,0
sångerska,blekingsposten,1880,113,7493604,15.079526486854656,113,0
sömmerska,blekingsposten,1880,46,7493604,6.138568304383312,46,0
tant,blekingsposten,1880,266,7493604,35.49693845578176,266,0
telefonist,blekingsposten,1880,3,7493604,0.40034141115543337,3,0
tjej,blekingsposten,1880,0,7493604,0.0,0,0
tjänarinna,blekingsposten,1880,0,7493604,0.0,0,0
trollpacka,blekingsposten,1880,4,7493604,0.5337885482072444,4,0
tvätterska,blekingsposten,1880,25,7493604,3.336178426295278,25,0
tös,blekingsposten,1880,17,7493604,2.268601329880789,17,0
tösabit,blekingsposten,1880,0,7493604,0.0,0,0
ungflicka,blekingsposten,1880,0,7493604,0.0,0,0
värdinna,blekingsposten,1880,105,7493604,14.011949390440167,105,0
väverska,blekingsposten,1880,0,7493604,0.0,0,0
äkta,blekingsposten,1880,1051,7493604,140.25294104145348,0,1051
äkta maka,blekingsposten,1880,1,7493604,0.1334471370518111,1,0
änka,blekingsposten,1880,4,7493604,0.5337885482072444,4,0
amma,bollnastidning,1880,0,285091,0.0,0,0
barnmorska,bollnastidning,1880,0,285091,0.0,0,0
baronessa,bollnastidning,1880,0,285091,0.0,0,0
borgmästarfru,bollnastidning,1880,0,285091,0.0,0,0
dam,bollnastidning,1880,28,285091,98.2142543959648,28,0
dotter,bollnastidning,1880,13,285091,45.59947525526937,13,0
drottning,bollnastidning,1880,42,285091,147.3213815939472,42,0
fabriksarbeterska,bollnastidning,1880,0,285091,0.0,0,0
farmor,bollnastidning,1880,1,285091,3.5076519427130286,1,0
feminin,bollnastidning,1880,0,285091,0.0,0,0
flicka,bollnastidning,1880,51,285091,178.89024907836446,51,0
flickebarn,bollnastidning,1880,1,285091,3.5076519427130286,1,0
fnaska,bollnastidning,1880,0,285091,0.0,0,0
fostermoder,bollnastidning,1880,0,285091,0.0,0,0
fostermor,bollnastidning,1880,0,285091,0.0,0,0
friherrinna,bollnastidning,1880,0,285091,0.0,0,0
fru,bollnastidning,1880,75,285091,263.07389570347715,75,0
fruntimmer,bollnastidning,1880,19,285091,66.64538691154755,19,0
fröken,bollnastidning,1880,11,285091,38.58417136984331,11,0
författarinna,bollnastidning,1880,2,285091,7.015303885426057,2,0
gammal,bollnastidning,1880,192,285091,673.4691730009015,0,192
gammal gumma,bollnastidning,1880,0,285091,0.0,0,0
gammelmor,bollnastidning,1880,0,285091,0.0,0,0
gemål,bollnastidning,1880,6,285091,21.04591165627817,6,0
grevinna,bollnastidning,1880,0,285091,0.0,0,0
gumma,bollnastidning,1880,7,285091,24.5535635989912,7,0
guvernant,bollnastidning,1880,2,285091,7.015303885426057,2,0
hennes,bollnastidning,1880,0,285091,0.0,0,0
hertiginna,bollnastidning,1880,1,285091,3.5076519427130286,1,0
hjältinna,bollnastidning,1880,0,285091,0.0,0,0
hjärtevän,bollnastidning,1880,0,285091,0.0,0,0
hona,bollnastidning,1880,0,285091,0.0,0,0
honkön,bollnastidning,1880,0,285091,0.0,0,0
hora,bollnastidning,1880,2,285091,7.015303885426057,2,0
husfru,bollnastidning,1880,0,285091,0.0,0,0
hushållerska,bollnastidning,1880,0,285091,0.0,0,0
husmoder,bollnastidning,1880,0,285091,0.0,0,0
husmor,bollnastidning,1880,4,285091,14.030607770852114,4,0
hustru,bollnastidning,1880,52,285091,182.39790102107747,52,0
häxa,bollnastidning,1880,0,285091,0.0,0,0
jungfru,bollnastidning,1880,1,285091,3.5076519427130286,1,0
jänta,bollnastidning,1880,0,285091,0.0,0,0
jäntunge,bollnastidning,1880,0,285091,0.0,0,0
kassörska,bollnastidning,1880,0,285091,0.0,0,0
kejsarinna,bollnastidning,1880,10,285091,35.076519427130286,10,0
kokerska,bollnastidning,1880,1,285091,3.5076519427130286,1,0
kokfru,bollnastidning,1880,0,285091,0.0,0,0
konstnärinna,bollnastidning,1880,0,285091,0.0,0,0
kontorist,bollnastidning,1880,0,285091,0.0,0,0
kontorsfröken,bollnastidning,1880,0,285091,0.0,0,0
kviga,bollnastidning,1880,0,285091,0.0,0,0
kvinna,bollnastidning,1880,30,285091,105.22955828139085,30,0
kvinnfolk,bollnastidning,1880,0,285091,0.0,0,0
kvinnlig,bollnastidning,1880,0,285091,0.0,0,0
kvinnlighet,bollnastidning,1880,0,285091,0.0,0,0
kvinnokön,bollnastidning,1880,1,285091,3.5076519427130286,1,0
kvinnsperson,bollnastidning,1880,0,285091,0.0,0,0
käring,bollnastidning,1880,2,285091,7.015303885426057,2,0
kärring,bollnastidning,1880,0,285091,0.0,0,0
landshövdingska,bollnastidning,1880,0,285091,0.0,0,0
lillflicka,bollnastidning,1880,0,285091,0.0,0,0
liten,bollnastidning,1880,435,285091,1525.8285950801674,0,435
liten flicka,bollnastidning,1880,1,285091,3.5076519427130286,1,0
livskamrat,bollnastidning,1880,0,285091,0.0,0,0
lärarinna,bollnastidning,1880,14,285091,49.1071271979824,14,0
madam,bollnastidning,1880,0,285091,0.0,0,0
madame,bollnastidning,1880,0,285091,0.0,0,0
maka,bollnastidning,1880,5,285091,17.538259713565143,5,0
mamma,bollnastidning,1880,6,285091,21.04591165627817,6,0
mamsell,bollnastidning,1880,5,285091,17.538259713565143,5,0
matmor,bollnastidning,1880,6,285091,21.04591165627817,6,0
moder,bollnastidning,1880,10,285091,35.076519427130286,10,0
moderlig,bollnastidning,1880,3,285091,10.522955828139086,3,0
moderlighet,bollnastidning,1880,0,285091,0.0,0,0
mor,bollnastidning,1880,24,285091,84.18364662511269,24,0
mormor,bollnastidning,1880,2,285091,7.015303885426057,2,0
mö,bollnastidning,1880,2,285091,7.015303885426057,2,0
piga,bollnastidning,1880,6,285091,21.04591165627817,6,0
poetissa,bollnastidning,1880,0,285091,0.0,0,0
prinsessa,bollnastidning,1880,4,285091,14.030607770852114,4,0
prostinna,bollnastidning,1880,0,285091,0.0,0,0
prästfru,bollnastidning,1880,0,285091,0.0,0,0
quinfolk,bollnastidning,1880,0,285091,0.0,0,0
quinna,bollnastidning,1880,0,285091,0.0,0,0
quinnor,bollnastidning,1880,0,285091,0.0,0,0
qvinfolk,bollnastidning,1880,0,285091,0.0,0,0
qvinnokön,bollnastidning,1880,0,285091,0.0,0,0
qvinnor,bollnastidning,1880,0,285091,0.0,0,0
qvinsperson,bollnastidning,1880,0,285091,0.0,0,0
ragata,bollnastidning,1880,0,285091,0.0,0,0
satkärring,bollnastidning,1880,0,285091,0.0,0,0
sig,bollnastidning,1880,1137,285091,3988.2002588647133,1137,0
sjuksköterska,bollnastidning,1880,0,285091,0.0,0,0
själv,bollnastidning,1880,0,285091,0.0,0,0
skata,bollnastidning,1880,1,285091,3.5076519427130286,1,0
skollärarinna,bollnastidning,1880,0,285091,0.0,0,0
skrivbiträde,bollnastidning,1880,0,285091,0.0,0,0
skådespelerska,bollnastidning,1880,0,285091,0.0,0,0
sköka,bollnastidning,1880,0,285091,0.0,0,0
slampa,bollnastidning,1880,0,285091,0.0,0,0
slinka,bollnastidning,1880,2,285091,7.015303885426057,2,0
slyna,bollnastidning,1880,0,285091,0.0,0,0
småflicka,bollnastidning,1880,0,285091,0.0,0,0
sondotter,bollnastidning,1880,0,285091,0.0,0,0
spinnerska,bollnastidning,1880,0,285091,0.0,0,0
styvmor,bollnastidning,1880,0,285091,0.0,0,0
subba,bollnastidning,1880,0,285091,0.0,0,0
sugga,bollnastidning,1880,0,285091,0.0,0,0
svärmor,bollnastidning,1880,1,285091,3.5076519427130286,1,0
syster,bollnastidning,1880,8,285091,28.06121554170423,8,0
systerdotter,bollnastidning,1880,0,285091,0.0,0,0
sångerska,bollnastidning,1880,1,285091,3.5076519427130286,1,0
sömmerska,bollnastidning,1880,0,285091,0.0,0,0
tant,bollnastidning,1880,1,285091,3.5076519427130286,1,0
telefonist,bollnastidning,1880,0,285091,0.0,0,0
tjej,bollnastidning,1880,0,285091,0.0,0,0
tjänarinna,bollnastidning,1880,0,285091,0.0,0,0
trollpacka,bollnastidning,1880,0,285091,0.0,0,0
tvätterska,bollnastidning,1880,0,285091,0.0,0,0
tös,bollnastidning,1880,0,285091,0.0,0,0
tösabit,bollnastidning,1880,0,285091,0.0,0,0
ungflicka,bollnastidning,1880,0,285091,0.0,0,0
värdinna,bollnastidning,1880,0,285091,0.0,0,0
väverska,bollnastidning,1880,0,285091,0.0,0,0
äkta,bollnastidning,1880,16,285091,56.12243108340846,0,16
äkta maka,bollnastidning,1880,0,285091,0.0,0,0
änka,bollnastidning,1880,2,285091,7.015303885426057,2,0
amma,borastidning,1880,219,25140556,8.711024529449547,219,0
barnmorska,borastidning,1880,187,25140556,7.43818076258934,187,0
baronessa,borastidning,1880,536,25140556,21.32013309490848,536,0
borgmästarfru,borastidning,1880,0,25140556,0.0,0,0
dam,borastidning,1880,5183,25140556,206.16091386363928,5182,1
dotter,borastidning,1880,3897,25140556,155.0085049829447,3897,0
drottning,borastidning,1880,2496,25140556,99.28181381509621,2494,2
fabriksarbeterska,borastidning,1880,0,25140556,0.0,0,0
farmor,borastidning,1880,54,25140556,2.147923856576601,54,0
feminin,borastidning,1880,14,25140556,0.5568691480013409,14,0
flicka,borastidning,1880,6665,25140556,265.10949081635266,6665,0
flickebarn,borastidning,1880,49,25140556,1.9490420180046932,49,0
fnaska,borastidning,1880,1,25140556,0.0397763677143815,1,0
fostermoder,borastidning,1880,0,25140556,0.0,0,0
fostermor,borastidning,1880,52,25140556,2.068371121147838,52,0
friherrinna,borastidning,1880,0,25140556,0.0,0,0
fru,borastidning,1880,8063,25140556,320.716852881058,8062,1
fruntimmer,borastidning,1880,1598,25140556,63.56263560758163,1598,0
fröken,borastidning,1880,4297,25140556,170.91905206869728,4296,1
författarinna,borastidning,1880,139,25140556,5.528915112299028,139,0
gammal,borastidning,1880,20277,25140556,806.5454081445135,0,20277
gammal gumma,borastidning,1880,80,25140556,3.1821094171505195,80,0
gammelmor,borastidning,1880,0,25140556,0.0,0,0
gemål,borastidning,1880,423,25140556,16.825403543183374,423,0
grevinna,borastidning,1880,1,25140556,0.0397763677143815,1,0
gumma,borastidning,1880,1230,25140556,48.92493228868924,1228,2
guvernant,borastidning,1880,162,25140556,6.443771569729802,162,0
hennes,borastidning,1880,0,25140556,0.0,0,0
hertiginna,borastidning,1880,388,25140556,15.43323067318002,388,0
hjältinna,borastidning,1880,1,25140556,0.0397763677143815,1,0
hjärtevän,borastidning,1880,1,25140556,0.0397763677143815,1,0
hona,borastidning,1880,113,25140556,4.494729551725109,113,0
honkön,borastidning,1880,0,25140556,0.0,0,0
hora,borastidning,1880,211,25140556,8.392813587734496,211,0
husfru,borastidning,1880,43,25140556,1.7103838117184043,43,0
hushållerska,borastidning,1880,194,25140556,7.71661533659001,194,0
husmoder,borastidning,1880,0,25140556,0.0,0,0
husmor,borastidning,1880,346,25140556,13.762623229175997,346,0
hustru,borastidning,1880,5955,25140556,236.8682697391418,5955,0
häxa,borastidning,1880,10,25140556,0.39776367714381494,10,0
jungfru,borastidning,1880,490,25140556,19.490420180046932,490,0
jänta,borastidning,1880,49,25140556,1.9490420180046932,49,0
jäntunge,borastidning,1880,0,25140556,0.0,0,0
kassörska,borastidning,1880,13,25140556,0.5170927802869595,13,0
kejsarinna,borastidning,1880,361,25140556,14.35926874489172,361,0
kokerska,borastidning,1880,74,25140556,2.9434512108642306,74,0
kokfru,borastidning,1880,0,25140556,0.0,0,0
konstnärinna,borastidning,1880,0,25140556,0.0,0,0
kontorist,borastidning,1880,142,25140556,5.648244215442173,142,0
kontorsfröken,borastidning,1880,0,25140556,0.0,0,0
kviga,borastidning,1880,25,25140556,0.9944091928595374,25,0
kvinna,borastidning,1880,2693,25140556,107.11775825482937,2693,0
kvinnfolk,borastidning,1880,1,25140556,0.0397763677143815,1,0
kvinnlig,borastidning,1880,2,25140556,0.079552735428763,2,0
kvinnlighet,borastidning,1880,0,25140556,0.0,0,0
kvinnokön,borastidning,1880,8,25140556,0.318210941715052,8,0
kvinnsperson,borastidning,1880,3,25140556,0.11932910314314449,3,0
käring,borastidning,1880,148,25140556,5.886902421728461,148,0
kärring,borastidning,1880,6,25140556,0.23865820628628898,6,0
landshövdingska,borastidning,1880,0,25140556,0.0,0,0
lillflicka,borastidning,1880,0,25140556,0.0,0,0
liten,borastidning,1880,40956,25140556,1629.0809161102086,0,40956
liten flicka,borastidning,1880,216,25140556,8.591695426306403,216,0
livskamrat,borastidning,1880,0,25140556,0.0,0,0
lärarinna,borastidning,1880,926,25140556,36.83291650351727,926,0
madam,borastidning,1880,196,25140556,7.796168072018773,196,0
madame,borastidning,1880,244,25140556,9.705433722309085,244,0
maka,borastidning,1880,1165,25140556,46.33946838725444,1165,0
mamma,borastidning,1880,1141,25140556,45.38483556210929,1141,0
mamsell,borastidning,1880,220,25140556,8.750800897163929,220,0
matmor,borastidning,1880,90,25140556,3.5798730942943346,90,0
moder,borastidning,1880,2619,25140556,104.17430704396514,2618,1
moderlig,borastidning,1880,138,25140556,5.489138744584646,138,0
moderlighet,borastidning,1880,1,25140556,0.0397763677143815,1,0
mor,borastidning,1880,4998,25140556,198.80228583647872,4997,1
mormor,borastidning,1880,289,25140556,11.495370269456252,289,0
mö,borastidning,1880,74,25140556,2.9434512108642306,74,0
piga,borastidning,1880,928,25140556,36.91246923894603,928,0
poetissa,borastidning,1880,2,25140556,0.079552735428763,2,0
prinsessa,borastidning,1880,919,25140556,36.5544819295166,919,0
prostinna,borastidning,1880,0,25140556,0.0,0,0
prästfru,borastidning,1880,0,25140556,0.0,0,0
quinfolk,borastidning,1880,0,25140556,0.0,0,0
quinna,borastidning,1880,0,25140556,0.0,0,0
quinnor,borastidning,1880,0,25140556,0.0,0,0
qvinfolk,borastidning,1880,0,25140556,0.0,0,0
qvinnokön,borastidning,1880,0,25140556,0.0,0,0
qvinnor,borastidning,1880,0,25140556,0.0,0,0
qvinsperson,borastidning,1880,0,25140556,0.0,0,0
ragata,borastidning,1880,1,25140556,0.0397763677143815,1,0
satkärring,borastidning,1880,0,25140556,0.0,0,0
sig,borastidning,1880,107252,25140556,4266.094990102844,107236,16
sjuksköterska,borastidning,1880,60,25140556,2.3865820628628898,60,0
själv,borastidning,1880,0,25140556,0.0,0,0
skata,borastidning,1880,45,25140556,1.7899365471471673,45,0
skollärarinna,borastidning,1880,0,25140556,0.0,0,0
skrivbiträde,borastidning,1880,0,25140556,0.0,0,0
skådespelerska,borastidning,1880,146,25140556,5.807349686299698,146,0
sköka,borastidning,1880,27,25140556,1.0739619282883004,27,0
slampa,borastidning,1880,0,25140556,0.0,0,0
slinka,borastidning,1880,60,25140556,2.3865820628628898,60,0
slyna,borastidning,1880,6,25140556,0.23865820628628898,6,0
småflicka,borastidning,1880,9,25140556,0.35798730942943346,9,0
sondotter,borastidning,1880,24,25140556,0.9546328251451559,24,0
spinnerska,borastidning,1880,0,25140556,0.0,0,0
styvmor,borastidning,1880,0,25140556,0.0,0,0
subba,borastidning,1880,1,25140556,0.0397763677143815,1,0
sugga,borastidning,1880,94,25140556,3.7389785651518608,94,0
svärmor,borastidning,1880,152,25140556,6.046007892585988,152,0
syster,borastidning,1880,1704,25140556,67.77893058530607,1704,0
systerdotter,borastidning,1880,36,25140556,1.4319492377177339,36,0
sångerska,borastidning,1880,233,25140556,9.267893677450889,233,0
sömmerska,borastidning,1880,406,25140556,16.149205292038886,406,0
tant,borastidning,1880,706,25140556,28.082115606353337,706,0
telefonist,borastidning,1880,4,25140556,0.159105470857526,4,0
tjej,borastidning,1880,0,25140556,0.0,0,0
tjänarinna,borastidning,1880,16,25140556,0.636421883430104,16,0
trollpacka,borastidning,1880,17,25140556,0.6761982511444854,17,0
tvätterska,borastidning,1880,25,25140556,0.9944091928595374,25,0
tös,borastidning,1880,116,25140556,4.614058654868254,116,0
tösabit,borastidning,1880,0,25140556,0.0,0,0
ungflicka,borastidning,1880,0,25140556,0.0,0,0
värdinna,borastidning,1880,191,25140556,7.597286233446866,191,0
väverska,borastidning,1880,0,25140556,0.0,0,0
äkta,borastidning,1880,4097,25140556,162.963778525821,0,4097
äkta maka,borastidning,1880,7,25140556,0.27843457400067045,7,0
änka,borastidning,1880,13,25140556,0.5170927802869595,13,0
amma,borastidning,1890,90,15800963,5.695855372865565,90,0
barnmorska,borastidning,1890,126,15800963,7.974197522011791,126,0
baronessa,borastidning,1890,75,15800963,4.746546144054638,75,0
borgmästarfru,borastidning,1890,0,15800963,0.0,0,0
dam,borastidning,1890,3456,15800963,218.7208463180377,3454,2
dotter,borastidning,1890,2916,15800963,184.5457140808443,2915,1
drottning,borastidning,1890,916,15800963,57.971150239387306,916,0
fabriksarbeterska,borastidning,1890,0,15800963,0.0,0,0
farmor,borastidning,1890,75,15800963,4.746546144054638,75,0
feminin,borastidning,1890,5,15800963,0.3164364096036425,5,0
flicka,borastidning,1890,3696,15800963,233.90979397901253,3696,0
flickebarn,borastidning,1890,17,15800963,1.0758837926523845,17,0
fnaska,borastidning,1890,0,15800963,0.0,0,0
fostermoder,borastidning,1890,0,15800963,0.0,0,0
fostermor,borastidning,1890,27,15800963,1.7087566118596695,27,0
friherrinna,borastidning,1890,0,15800963,0.0,0,0
fru,borastidning,1890,5127,15800963,324.473894407575,5127,0
fruntimmer,borastidning,1890,828,15800963,52.4018694303632,828,0
fröken,borastidning,1890,2083,15800963,131.82740824087747,2081,2
författarinna,borastidning,1890,102,15800963,6.455302755914308,102,0
gammal,borastidning,1890,12469,15800963,789.1291182695637,0,12469
gammal gumma,borastidning,1890,46,15800963,2.911214968353511,45,1
gammelmor,borastidning,1890,0,15800963,0.0,0,0
gemål,borastidning,1890,172,15800963,10.885412490365303,172,0
grevinna,borastidning,1890,1,15800963,0.06328728192072851,1,0
gumma,borastidning,1890,698,15800963,44.1745227806685,698,0
guvernant,borastidning,1890,71,15800963,4.493397016371723,71,0
hennes,borastidning,1890,0,15800963,0.0,0,0
hertiginna,borastidning,1890,112,15800963,7.088175575121593,112,0
hjältinna,borastidning,1890,27,15800963,1.7087566118596695,27,0
hjärtevän,borastidning,1890,6,15800963,0.379723691524371,6,0
hona,borastidning,1890,48,15800963,3.037789532194968,48,0
honkön,borastidning,1890,0,15800963,0.0,0,0
hora,borastidning,1890,127,15800963,8.03748480393252,127,0
husfru,borastidning,1890,23,15800963,1.4556074841767555,23,0
hushållerska,borastidning,1890,214,15800963,13.5434783310359,214,0
husmoder,borastidning,1890,0,15800963,0.0,0,0
husmor,borastidning,1890,306,15800963,19.36590826774292,306,0
hustru,borastidning,1890,5549,15800963,351.1811273781225,5548,1
häxa,borastidning,1890,8,15800963,0.5062982553658281,8,0
jungfru,borastidning,1890,492,15800963,31.137342704998424,492,0
jänta,borastidning,1890,36,15800963,2.278342149146226,36,0
jäntunge,borastidning,1890,0,15800963,0.0,0,0
kassörska,borastidning,1890,32,15800963,2.0251930214633123,32,0
kejsarinna,borastidning,1890,233,15800963,14.74593668752974,233,0
kokerska,borastidning,1890,80,15800963,5.06298255365828,80,0
kokfru,borastidning,1890,0,15800963,0.0,0,0
konstnärinna,borastidning,1890,0,15800963,0.0,0,0
kontorist,borastidning,1890,60,15800963,3.79723691524371,60,0
kontorsfröken,borastidning,1890,0,15800963,0.0,0,0
kviga,borastidning,1890,160,15800963,10.12596510731656,160,0
kvinna,borastidning,1890,2581,15800963,163.34447463740025,2580,1
kvinnfolk,borastidning,1890,9,15800963,0.5695855372865565,9,0
kvinnlig,borastidning,1890,76,15800963,4.809833425975366,76,0
kvinnlighet,borastidning,1890,2,15800963,0.12657456384145702,2,0
kvinnokön,borastidning,1890,9,15800963,0.5695855372865565,9,0
kvinnsperson,borastidning,1890,5,15800963,0.3164364096036425,5,0
käring,borastidning,1890,63,15800963,3.9870987610058957,63,0
kärring,borastidning,1890,5,15800963,0.3164364096036425,5,0
landshövdingska,borastidning,1890,0,15800963,0.0,0,0
lillflicka,borastidning,1890,0,15800963,0.0,0,0
liten,borastidning,1890,25255,15800963,1598.3203049079984,0,25255
liten flicka,borastidning,1890,144,15800963,9.113368596584904,144,0
livskamrat,borastidning,1890,0,15800963,0.0,0,0
lärarinna,borastidning,1890,636,15800963,40.25071130158333,636,0
madam,borastidning,1890,71,15800963,4.493397016371723,70,1
madame,borastidning,1890,112,15800963,7.088175575121593,112,0
maka,borastidning,1890,869,15800963,54.99664798911307,869,0
mamma,borastidning,1890,655,15800963,41.45316965807717,655,0
mamsell,borastidning,1890,107,15800963,6.77173916551795,107,0
matmor,borastidning,1890,31,15800963,1.9619057395425836,31,0
moder,borastidning,1890,1736,15800963,109.86672141438468,1735,1
moderlig,borastidning,1890,42,15800963,2.6580658406705973,42,0
moderlighet,borastidning,1890,1,15800963,0.06328728192072851,1,0
mor,borastidning,1890,3146,15800963,199.10178892261186,3144,2
mormor,borastidning,1890,121,15800963,7.657761112408148,121,0
mö,borastidning,1890,41,15800963,2.5947785587498684,41,0
piga,borastidning,1890,481,15800963,30.44118260387041,481,0
poetissa,borastidning,1890,0,15800963,0.0,0,0
prinsessa,borastidning,1890,381,15800963,24.11245441179756,381,0
prostinna,borastidning,1890,0,15800963,0.0,0,0
prästfru,borastidning,1890,0,15800963,0.0,0,0
quinfolk,borastidning,1890,0,15800963,0.0,0,0
quinna,borastidning,1890,0,15800963,0.0,0,0
quinnor,borastidning,1890,0,15800963,0.0,0,0
qvinfolk,borastidning,1890,0,15800963,0.0,0,0
qvinnokön,borastidning,1890,0,15800963,0.0,0,0
qvinnor,borastidning,1890,0,15800963,0.0,0,0
qvinsperson,borastidning,1890,0,15800963,0.0,0,0
ragata,borastidning,1890,0,15800963,0.0,0,0
satkärring,borastidning,1890,0,15800963,0.0,0,0
sig,borastidning,1890,63822,15800963,4039.1209067447344,63816,6
sjuksköterska,borastidning,1890,82,15800963,5.189557117499737,82,0
själv,borastidning,1890,2,15800963,0.12657456384145702,2,0
skata,borastidning,1890,23,15800963,1.4556074841767555,23,0
skollärarinna,borastidning,1890,0,15800963,0.0,0,0
skrivbiträde,borastidning,1890,0,15800963,0.0,0,0
skådespelerska,borastidning,1890,127,15800963,8.03748480393252,127,0
sköka,borastidning,1890,6,15800963,0.379723691524371,6,0
slampa,borastidning,1890,0,15800963,0.0,0,0
slinka,borastidning,1890,32,15800963,2.0251930214633123,32,0
slyna,borastidning,1890,8,15800963,0.5062982553658281,8,0
småflicka,borastidning,1890,20,15800963,1.26574563841457,20,0
sondotter,borastidning,1890,8,15800963,0.5062982553658281,8,0
spinnerska,borastidning,1890,0,15800963,0.0,0,0
styvmor,borastidning,1890,0,15800963,0.0,0,0
subba,borastidning,1890,0,15800963,0.0,0,0
sugga,borastidning,1890,69,15800963,4.366822452530267,69,0
svärmor,borastidning,1890,131,15800963,8.290633931615433,131,0
syster,borastidning,1890,1150,15800963,72.78037420883778,1149,1
systerdotter,borastidning,1890,28,15800963,1.7720438937803982,28,0
sångerska,borastidning,1890,191,15800963,12.087870846859143,191,0
sömmerska,borastidning,1890,262,15800963,16.581267863230867,262,0
tant,borastidning,1890,230,15800963,14.556074841767556,229,1
telefonist,borastidning,1890,15,15800963,0.9493092288109275,15,0
tjej,borastidning,1890,0,15800963,0.0,0,0
tjänarinna,borastidning,1890,72,15800963,4.556684298292452,72,0
trollpacka,borastidning,1890,6,15800963,0.379723691524371,6,0
tvätterska,borastidning,1890,18,15800963,1.139171074573113,18,0
tös,borastidning,1890,69,15800963,4.366822452530267,69,0
tösabit,borastidning,1890,0,15800963,0.0,0,0
ungflicka,borastidning,1890,0,15800963,0.0,0,0
värdinna,borastidning,1890,187,15800963,11.83472171917623,187,0
väverska,borastidning,1890,0,15800963,0.0,0,0
äkta,borastidning,1890,1955,15800963,123.72663615502422,0,1955
äkta maka,borastidning,1890,6,15800963,0.379723691524371,6,0
änka,borastidning,1890,609,15800963,38.54195468972366,609,0
amma,dalpilen,1880,58,15058367,3.851679269073466,58,0
barnmorska,dalpilen,1880,160,15058367,10.625322121581975,160,0
baronessa,dalpilen,1880,27,15058367,1.7930231080169583,27,0
borgmästarfru,dalpilen,1880,0,15058367,0.0,0,0
dam,dalpilen,1880,1324,15058367,87.92454055609085,1324,0
dotter,dalpilen,1880,1799,15058367,119.46846560453733,1798,1
drottning,dalpilen,1880,1228,15058367,81.54934728314166,1228,0
fabriksarbeterska,dalpilen,1880,0,15058367,0.0,0,0
farmor,dalpilen,1880,29,15058367,1.925839634536733,29,0
feminin,dalpilen,1880,4,15058367,0.26563305303954937,4,0
flicka,dalpilen,1880,2485,15058367,165.02453420082006,2484,1
flickebarn,dalpilen,1880,42,15058367,2.7891470569152683,42,0
fnaska,dalpilen,1880,0,15058367,0.0,0,0
fostermoder,dalpilen,1880,0,15058367,0.0,0,0
fostermor,dalpilen,1880,9,15058367,0.5976743693389861,9,0
friherrinna,dalpilen,1880,0,15058367,0.0,0,0
fru,dalpilen,1880,2848,15058367,189.13073376415915,2848,0
fruntimmer,dalpilen,1880,491,15058367,32.606457260604685,491,0
fröken,dalpilen,1880,1507,15058367,100.07725273265022,1507,0
författarinna,dalpilen,1880,43,15058367,2.8555553201751556,43,0
gammal,dalpilen,1880,9605,15058367,637.8513686112179,0,9605
gammal gumma,dalpilen,1880,18,15058367,1.1953487386779722,18,0
gammelmor,dalpilen,1880,0,15058367,0.0,0,0
gemål,dalpilen,1880,150,15058367,9.961239488983102,150,0
grevinna,dalpilen,1880,5,15058367,0.33204131629943673,5,0
gumma,dalpilen,1880,339,15058367,22.51240124510181,339,0
guvernant,dalpilen,1880,30,15058367,1.9922478977966203,30,0
hennes,dalpilen,1880,0,15058367,0.0,0,0
hertiginna,dalpilen,1880,73,15058367,4.8478032179717765,73,0
hjältinna,dalpilen,1880,0,15058367,0.0,0,0
hjärtevän,dalpilen,1880,6,15058367,0.3984495795593241,6,0
hona,dalpilen,1880,71,15058367,4.714986691452001,71,0
honkön,dalpilen,1880,0,15058367,0.0,0,0
hora,dalpilen,1880,27,15058367,1.7930231080169583,27,0
husfru,dalpilen,1880,5,15058367,0.33204131629943673,5,0
hushållerska,dalpilen,1880,154,15058367,10.226872542022651,154,0
husmoder,dalpilen,1880,0,15058367,0.0,0,0
husmor,dalpilen,1880,146,15058367,9.695606435943553,146,0
hustru,dalpilen,1880,3385,15058367,224.79197113471866,3385,0
häxa,dalpilen,1880,1,15058367,0.06640826325988734,1,0
jungfru,dalpilen,1880,294,15058367,19.524029398406878,294,0
jänta,dalpilen,1880,21,15058367,1.3945735284576342,20,1
jäntunge,dalpilen,1880,0,15058367,0.0,0,0
kassörska,dalpilen,1880,3,15058367,0.19922478977966204,3,0
kejsarinna,dalpilen,1880,132,15058367,8.765890750305129,132,0
kokerska,dalpilen,1880,44,15058367,2.9219635834350433,44,0
kokfru,dalpilen,1880,0,15058367,0.0,0,0
konstnärinna,dalpilen,1880,0,15058367,0.0,0,0
kontorist,dalpilen,1880,51,15058367,3.3868214262542544,51,0
kontorsfröken,dalpilen,1880,0,15058367,0.0,0,0
kviga,dalpilen,1880,2,15058367,0.13281652651977469,2,0
kvinna,dalpilen,1880,38,15058367,2.523514003875719,38,0
kvinnfolk,dalpilen,1880,0,15058367,0.0,0,0
kvinnlig,dalpilen,1880,0,15058367,0.0,0,0
kvinnlighet,dalpilen,1880,0,15058367,0.0,0,0
kvinnokön,dalpilen,1880,1,15058367,0.06640826325988734,1,0
kvinnsperson,dalpilen,1880,0,15058367,0.0,0,0
käring,dalpilen,1880,57,15058367,3.785271005813579,57,0
kärring,dalpilen,1880,3,15058367,0.19922478977966204,3,0
landshövdingska,dalpilen,1880,0,15058367,0.0,0,0
lillflicka,dalpilen,1880,0,15058367,0.0,0,0
liten,dalpilen,1880,20634,15058367,1370.2681041045155,0,20634
liten flicka,dalpilen,1880,84,15058367,5.578294113830537,84,0
livskamrat,dalpilen,1880,0,15058367,0.0,0,0
lärarinna,dalpilen,1880,1160,15058367,77.03358538146932,1159,1
madam,dalpilen,1880,70,15058367,4.648578428192114,70,0
madame,dalpilen,1880,42,15058367,2.7891470569152683,42,0
maka,dalpilen,1880,619,15058367,41.10671495787027,619,0
mamma,dalpilen,1880,318,15058367,21.117827716644175,318,0
mamsell,dalpilen,1880,90,15058367,5.976743693389861,90,0
matmor,dalpilen,1880,58,15058367,3.851679269073466,57,1
moder,dalpilen,1880,857,15058367,56.91188161372345,857,0
moderlig,dalpilen,1880,27,15058367,1.7930231080169583,27,0
moderlighet,dalpilen,1880,0,15058367,0.0,0,0
mor,dalpilen,1880,1873,15058367,124.38267708576899,1873,0
mormor,dalpilen,1880,70,15058367,4.648578428192114,70,0
mö,dalpilen,1880,27,15058367,1.7930231080169583,27,0
piga,dalpilen,1880,445,15058367,29.55167715064987,445,0
poetissa,dalpilen,1880,0,15058367,0.0,0,0
prinsessa,dalpilen,1880,593,15058367,39.380100113113194,593,0
prostinna,dalpilen,1880,0,15058367,0.0,0,0
prästfru,dalpilen,1880,0,15058367,0.0,0,0
quinfolk,dalpilen,1880,0,15058367,0.0,0,0
quinna,dalpilen,1880,0,15058367,0.0,0,0
quinnor,dalpilen,1880,0,15058367,0.0,0,0
qvinfolk,dalpilen,1880,0,15058367,0.0,0,0
qvinnokön,dalpilen,1880,0,15058367,0.0,0,0
qvinnor,dalpilen,1880,0,15058367,0.0,0,0
qvinsperson,dalpilen,1880,0,15058367,0.0,0,0
ragata,dalpilen,1880,3,15058367,0.19922478977966204,3,0
satkärring,dalpilen,1880,0,15058367,0.0,0,0
sig,dalpilen,1880,49470,15058367,3285.216783466627,49464,6
sjuksköterska,dalpilen,1880,72,15058367,4.781394954711889,72,0
själv,dalpilen,1880,0,15058367,0.0,0,0
skata,dalpilen,1880,68,15058367,4.515761901672339,68,0
skollärarinna,dalpilen,1880,0,15058367,0.0,0,0
skrivbiträde,dalpilen,1880,0,15058367,0.0,0,0
skådespelerska,dalpilen,1880,54,15058367,3.5860462160339166,54,0
sköka,dalpilen,1880,7,15058367,0.4648578428192114,7,0
slampa,dalpilen,1880,0,15058367,0.0,0,0
slinka,dalpilen,1880,46,15058367,3.0547801099548177,46,0
slyna,dalpilen,1880,3,15058367,0.19922478977966204,3,0
småflicka,dalpilen,1880,1,15058367,0.06640826325988734,1,0
sondotter,dalpilen,1880,9,15058367,0.5976743693389861,9,0
spinnerska,dalpilen,1880,0,15058367,0.0,0,0
styvmor,dalpilen,1880,0,15058367,0.0,0,0
subba,dalpilen,1880,2,15058367,0.13281652651977469,2,0
sugga,dalpilen,1880,22,15058367,1.4609817917175216,22,0
svärmor,dalpilen,1880,89,15058367,5.910335430129973,89,0
syster,dalpilen,1880,583,15058367,38.716017480514324,582,1
systerdotter,dalpilen,1880,26,15058367,1.7266148447570708,26,0
sångerska,dalpilen,1880,92,15058367,6.1095602199096355,92,0
sömmerska,dalpilen,1880,84,15058367,5.578294113830537,84,0
tant,dalpilen,1880,173,15058367,11.48862954396051,173,0
telefonist,dalpilen,1880,2,15058367,0.13281652651977469,2,0
tjej,dalpilen,1880,0,15058367,0.0,0,0
tjänarinna,dalpilen,1880,0,15058367,0.0,0,0
trollpacka,dalpilen,1880,8,15058367,0.5312661060790987,8,0
tvätterska,dalpilen,1880,19,15058367,1.2617570019378594,19,0
tös,dalpilen,1880,57,15058367,3.785271005813579,57,0
tösabit,dalpilen,1880,0,15058367,0.0,0,0
ungflicka,dalpilen,1880,0,15058367,0.0,0,0
värdinna,dalpilen,1880,115,15058367,7.636950274887044,115,0
väverska,dalpilen,1880,0,15058367,0.0,0,0
äkta,dalpilen,1880,1248,15058367,82.87751254833941,0,1248
äkta maka,dalpilen,1880,3,15058367,0.19922478977966204,3,0
änka,dalpilen,1880,11,15058367,0.7304908958587608,11,0
amma,dalpilen,1890,90,19548081,4.604032487894847,90,0
barnmorska,dalpilen,1890,390,19548081,19.95080744754434,390,0
baronessa,dalpilen,1890,56,19548081,2.8647313258012383,56,0
borgmästarfru,dalpilen,1890,0,19548081,0.0,0,0
dam,dalpilen,1890,2059,19548081,105.33003213972768,2058,1
dotter,dalpilen,1890,5074,19548081,259.56512048420507,5072,2
drottning,dalpilen,1890,874,19548081,44.71027104911219,873,1
fabriksarbeterska,dalpilen,1890,0,19548081,0.0,0,0
farmor,dalpilen,1890,35,19548081,1.790457078625774,35,0
feminin,dalpilen,1890,3,19548081,0.15346774959649492,3,0
flicka,dalpilen,1890,3370,19548081,172.39543871339595,3369,1
flickebarn,dalpilen,1890,45,19548081,2.3020162439474237,45,0
fnaska,dalpilen,1890,0,19548081,0.0,0,0
fostermoder,dalpilen,1890,0,19548081,0.0,0,0
fostermor,dalpilen,1890,11,19548081,0.5627150818538147,11,0
friherrinna,dalpilen,1890,0,19548081,0.0,0,0
fru,dalpilen,1890,4474,19548081,228.87157056490608,4472,2
fruntimmer,dalpilen,1890,751,19548081,38.418093315655895,751,0
fröken,dalpilen,1890,2699,19548081,138.06981872031326,2699,0
författarinna,dalpilen,1890,73,19548081,3.734381906848043,73,0
gammal,dalpilen,1890,14015,19548081,716.9501701982921,0,14015
gammal gumma,dalpilen,1890,49,19548081,2.5066399100760837,49,0
gammelmor,dalpilen,1890,0,19548081,0.0,0,0
gemål,dalpilen,1890,189,19548081,9.668468224579179,189,0
grevinna,dalpilen,1890,9,19548081,0.46040324878948474,9,0
gumma,dalpilen,1890,723,19548081,36.98572765275527,723,0
guvernant,dalpilen,1890,30,19548081,1.5346774959649492,30,0
hennes,dalpilen,1890,0,19548081,0.0,0,0
hertiginna,dalpilen,1890,183,19548081,9.36153272538619,183,0
hjältinna,dalpilen,1890,23,19548081,1.1765860802397943,23,0
hjärtevän,dalpilen,1890,18,19548081,0.9208064975789695,18,0
hona,dalpilen,1890,52,19548081,2.660107659672579,52,0
honkön,dalpilen,1890,1,19548081,0.051155916532164974,1,0
hora,dalpilen,1890,51,19548081,2.6089517431404134,51,0
husfru,dalpilen,1890,14,19548081,0.7161828314503096,14,0
hushållerska,dalpilen,1890,196,19548081,10.026559640304335,196,0
husmoder,dalpilen,1890,0,19548081,0.0,0,0
husmor,dalpilen,1890,213,19548081,10.89621022135114,213,0
hustru,dalpilen,1890,5514,19548081,282.0737237583577,5514,0
häxa,dalpilen,1890,5,19548081,0.25577958266082484,5,0
jungfru,dalpilen,1890,442,19548081,22.61091510721692,442,0
jänta,dalpilen,1890,64,19548081,3.2739786580585584,64,0
jäntunge,dalpilen,1890,0,19548081,0.0,0,0
kassörska,dalpilen,1890,31,19548081,1.585833412497114,31,0
kejsarinna,dalpilen,1890,280,19548081,14.323656629006193,280,0
kokerska,dalpilen,1890,191,19548081,9.77078005764351,191,0
kokfru,dalpilen,1890,0,19548081,0.0,0,0
konstnärinna,dalpilen,1890,0,19548081,0.0,0,0
kontorist,dalpilen,1890,87,19548081,4.450564738298353,87,0
kontorsfröken,dalpilen,1890,0,19548081,0.0,0,0
kviga,dalpilen,1890,259,19548081,13.249382381830728,259,0
kvinna,dalpilen,1890,3177,19548081,162.52234682268812,3177,0
kvinnfolk,dalpilen,1890,28,19548081,1.4323656629006192,28,0
kvinnlig,dalpilen,1890,230,19548081,11.765860802397944,230,0
kvinnlighet,dalpilen,1890,0,19548081,0.0,0,0
kvinnokön,dalpilen,1890,10,19548081,0.5115591653216497,10,0
kvinnsperson,dalpilen,1890,5,19548081,0.25577958266082484,5,0
käring,dalpilen,1890,223,19548081,11.40776938667279,223,0
kärring,dalpilen,1890,7,19548081,0.3580914157251548,7,0
landshövdingska,dalpilen,1890,0,19548081,0.0,0,0
lillflicka,dalpilen,1890,0,19548081,0.0,0,0
liten,dalpilen,1890,27947,19548081,1429.6543993244145,0,27947
liten flicka,dalpilen,1890,110,19548081,5.627150818538147,110,0
livskamrat,dalpilen,1890,0,19548081,0.0,0,0
lärarinna,dalpilen,1890,1678,19548081,85.83962794097282,1677,1
madam,dalpilen,1890,21,19548081,1.0742742471754645,21,0
madame,dalpilen,1890,64,19548081,3.2739786580585584,64,0
maka,dalpilen,1890,1258,19548081,64.35414299746354,1258,0
mamma,dalpilen,1890,416,19548081,21.28086127738063,416,0
mamsell,dalpilen,1890,100,19548081,5.115591653216497,100,0
matmor,dalpilen,1890,17,19548081,0.8696505810468046,17,0
moder,dalpilen,1890,1388,19548081,71.00441214664498,1388,0
moderlig,dalpilen,1890,31,19548081,1.585833412497114,31,0
moderlighet,dalpilen,1890,0,19548081,0.0,0,0
mor,dalpilen,1890,2838,19548081,145.18049111828418,2838,0
mormor,dalpilen,1890,76,19548081,3.887849656444538,76,0
mö,dalpilen,1890,65,19548081,3.3251345745907233,65,0
piga,dalpilen,1890,670,19548081,34.27446407655053,670,0
poetissa,dalpilen,1890,0,19548081,0.0,0,0
prinsessa,dalpilen,1890,436,19548081,22.30397960802393,436,0
prostinna,dalpilen,1890,0,19548081,0.0,0,0
prästfru,dalpilen,1890,0,19548081,0.0,0,0
quinfolk,dalpilen,1890,0,19548081,0.0,0,0
quinna,dalpilen,1890,0,19548081,0.0,0,0
quinnor,dalpilen,1890,0,19548081,0.0,0,0
qvinfolk,dalpilen,1890,0,19548081,0.0,0,0
qvinnokön,dalpilen,1890,0,19548081,0.0,0,0
qvinnor,dalpilen,1890,0,19548081,0.0,0,0
qvinsperson,dalpilen,1890,0,19548081,0.0,0,0
ragata,dalpilen,1890,0,19548081,0.0,0,0
satkärring,dalpilen,1890,1,19548081,0.051155916532164974,1,0
sig,dalpilen,1890,61427,19548081,3142.354484821298,61419,8
sjuksköterska,dalpilen,1890,220,19548081,11.254301637076294,220,0
själv,dalpilen,1890,2,19548081,0.10231183306432995,2,0
skata,dalpilen,1890,75,19548081,3.836693739912373,75,0
skollärarinna,dalpilen,1890,0,19548081,0.0,0,0
skrivbiträde,dalpilen,1890,0,19548081,0.0,0,0
skådespelerska,dalpilen,1890,97,19548081,4.962123903620002,97,0
sköka,dalpilen,1890,0,19548081,0.0,0,0
slampa,dalpilen,1890,0,19548081,0.0,0,0
slinka,dalpilen,1890,42,19548081,2.148548494350929,42,0
slyna,dalpilen,1890,8,19548081,0.4092473322573198,8,0
småflicka,dalpilen,1890,9,19548081,0.46040324878948474,9,0
sondotter,dalpilen,1890,9,19548081,0.46040324878948474,9,0
spinnerska,dalpilen,1890,0,19548081,0.0,0,0
styvmor,dalpilen,1890,0,19548081,0.0,0,0
subba,dalpilen,1890,1,19548081,0.051155916532164974,1,0
sugga,dalpilen,1890,61,19548081,3.1205109084620632,61,0
svärmor,dalpilen,1890,158,19548081,8.082634812082066,158,0
syster,dalpilen,1890,801,19548081,40.975889142264144,801,0
systerdotter,dalpilen,1890,7,19548081,0.3580914157251548,7,0
sångerska,dalpilen,1890,218,19548081,11.151989804011965,218,0
sömmerska,dalpilen,1890,178,19548081,9.105753142725366,178,0
tant,dalpilen,1890,197,19548081,10.0777155568365,197,0
telefonist,dalpilen,1890,27,19548081,1.3812097463684543,27,0
tjej,dalpilen,1890,0,19548081,0.0,0,0
tjänarinna,dalpilen,1890,108,19548081,5.524838985473817,108,0
trollpacka,dalpilen,1890,15,19548081,0.7673387479824746,15,0
tvätterska,dalpilen,1890,21,19548081,1.0742742471754645,21,0
tös,dalpilen,1890,308,19548081,15.756022291906811,308,0
tösabit,dalpilen,1890,0,19548081,0.0,0,0
ungflicka,dalpilen,1890,0,19548081,0.0,0,0
värdinna,dalpilen,1890,113,19548081,5.780618568134642,113,0
väverska,dalpilen,1890,0,19548081,0.0,0,0
äkta,dalpilen,1890,2850,19548081,145.7943621166702,0,2850
äkta maka,dalpilen,1890,7,19548081,0.3580914157251548,7,0
änka,dalpilen,1890,65,19548081,3.3251345745907233,65,0
amma,dalpilen,1900,111,16074986,6.905138206652248,111,0
barnmorska,dalpilen,1900,295,16074986,18.351493432093815,295,0
baronessa,dalpilen,1900,10,16074986,0.6220845231218242,10,0
borgmästarfru,dalpilen,1900,0,16074986,0.0,0,0
dam,dalpilen,1900,1611,16074986,100.21781667492587,1595,16
dotter,dalpilen,1900,4171,16074986,259.47145459411286,4170,1
drottning,dalpilen,1900,771,16074986,47.96271673269264,771,0
fabriksarbeterska,dalpilen,1900,0,16074986,0.0,0,0
farmor,dalpilen,1900,78,16074986,4.8522592803502285,78,0
feminin,dalpilen,1900,5,16074986,0.3110422615609121,5,0
flicka,dalpilen,1900,2480,16074986,154.2769617342124,2480,0
flickebarn,dalpilen,1900,28,16074986,1.7418366647411077,28,0
fnaska,dalpilen,1900,0,16074986,0.0,0,0
fostermoder,dalpilen,1900,0,16074986,0.0,0,0
fostermor,dalpilen,1900,11,16074986,0.6842929754340066,11,0
friherrinna,dalpilen,1900,0,16074986,0.0,0,0
fru,dalpilen,1900,3643,16074986,226.62539177328054,3642,1
fruntimmer,dalpilen,1900,373,16074986,23.203752712444043,373,0
fröken,dalpilen,1900,2626,16074986,163.35939577179104,2624,2
författarinna,dalpilen,1900,62,16074986,3.85692404335531,62,0
gammal,dalpilen,1900,11128,16074986,692.255657329966,0,11128
gammal gumma,dalpilen,1900,30,16074986,1.8662535693654725,30,0
gammelmor,dalpilen,1900,3,16074986,0.18662535693654725,0,3
gemål,dalpilen,1900,74,16074986,4.603425471101499,74,0
grevinna,dalpilen,1900,1,16074986,0.062208452312182416,1,0
gumma,dalpilen,1900,345,16074986,21.461916047702935,345,0
guvernant,dalpilen,1900,15,16074986,0.9331267846827362,15,0
hennes,dalpilen,1900,0,16074986,0.0,0,0
hertiginna,dalpilen,1900,42,16074986,2.6127549971116615,42,0
hjältinna,dalpilen,1900,13,16074986,0.8087098800583714,13,0
hjärtevän,dalpilen,1900,25,16074986,1.5552113078045604,25,0
hona,dalpilen,1900,50,16074986,3.110422615609121,50,0
honkön,dalpilen,1900,2,16074986,0.12441690462436483,2,0
hora,dalpilen,1900,64,16074986,3.9813409479796746,63,1
husfru,dalpilen,1900,14,16074986,0.8709183323705538,14,0
hushållerska,dalpilen,1900,165,16074986,10.264394631510099,165,0
husmoder,dalpilen,1900,0,16074986,0.0,0,0
husmor,dalpilen,1900,219,16074986,13.62365105636795,219,0
hustru,dalpilen,1900,3407,16074986,211.9441970276055,3406,1
häxa,dalpilen,1900,26,16074986,1.6174197601167428,26,0
jungfru,dalpilen,1900,476,16074986,29.61122330059883,476,0
jänta,dalpilen,1900,28,16074986,1.7418366647411077,28,0
jäntunge,dalpilen,1900,0,16074986,0.0,0,0
kassörska,dalpilen,1900,37,16074986,2.3017127355507494,37,0
kejsarinna,dalpilen,1900,39,16074986,2.4261296401751142,39,0
kokerska,dalpilen,1900,179,16074986,11.135312963880653,179,0
kokfru,dalpilen,1900,0,16074986,0.0,0,0
konstnärinna,dalpilen,1900,0,16074986,0.0,0,0
kontorist,dalpilen,1900,95,16074986,5.9098029696573295,95,0
kontorsfröken,dalpilen,1900,0,16074986,0.0,0,0
kviga,dalpilen,1900,288,16074986,17.916034265908536,288,0
kvinna,dalpilen,1900,2846,16074986,177.04525528047117,2844,2
kvinnfolk,dalpilen,1900,16,16074986,0.9953352369949187,16,0
kvinnlig,dalpilen,1900,556,16074986,34.58789948557342,556,0
kvinnlighet,dalpilen,1900,1,16074986,0.062208452312182416,1,0
kvinnokön,dalpilen,1900,3,16074986,0.18662535693654725,2,1
kvinnsperson,dalpilen,1900,3,16074986,0.18662535693654725,3,0
käring,dalpilen,1900,77,16074986,4.790050828038046,70,7
kärring,dalpilen,1900,3,16074986,0.18662535693654725,3,0
landshövdingska,dalpilen,1900,0,16074986,0.0,0,0
lillflicka,dalpilen,1900,0,16074986,0.0,0,0
liten,dalpilen,1900,22896,16074986,1424.3247241397287,0,22896
liten flicka,dalpilen,1900,69,16074986,4.292383209540587,69,0
livskamrat,dalpilen,1900,0,16074986,0.0,0,0
lärarinna,dalpilen,1900,1809,16074986,112.535090232738,1808,1
madam,dalpilen,1900,13,16074986,0.8087098800583714,13,0
madame,dalpilen,1900,9,16074986,0.5598760708096417,9,0
maka,dalpilen,1900,1052,16074986,65.44329183241591,1052,0
mamma,dalpilen,1900,182,16074986,11.3219383208172,182,0
mamsell,dalpilen,1900,20,16074986,1.2441690462436483,20,0
matmor,dalpilen,1900,17,16074986,1.057543689307101,11,6
moder,dalpilen,1900,797,16074986,49.58013649280939,796,1
moderlig,dalpilen,1900,11,16074986,0.6842929754340066,11,0
moderlighet,dalpilen,1900,1,16074986,0.062208452312182416,1,0
mor,dalpilen,1900,1586,16074986,98.66260536712132,1576,10
mormor,dalpilen,1900,44,16074986,2.7371719017360263,43,1
mö,dalpilen,1900,71,16074986,4.4168001141649516,71,0
piga,dalpilen,1900,294,16074986,18.28928497978163,294,0
poetissa,dalpilen,1900,0,16074986,0.0,0,0
prinsessa,dalpilen,1900,280,16074986,17.418366647411077,280,0
prostinna,dalpilen,1900,0,16074986,0.0,0,0
prästfru,dalpilen,1900,5,16074986,0.3110422615609121,0,5
quinfolk,dalpilen,1900,0,16074986,0.0,0,0
quinna,dalpilen,1900,0,16074986,0.0,0,0
quinnor,dalpilen,1900,0,16074986,0.0,0,0
qvinfolk,dalpilen,1900,0,16074986,0.0,0,0
qvinnokön,dalpilen,1900,0,16074986,0.0,0,0
qvinnor,dalpilen,1900,0,16074986,0.0,0,0
qvinsperson,dalpilen,1900,0,16074986,0.0,0,0
ragata,dalpilen,1900,1,16074986,0.062208452312182416,1,0
satkärring,dalpilen,1900,0,16074986,0.0,0,0
sig,dalpilen,1900,45779,16074986,2847.840738399399,45773,6
sjuksköterska,dalpilen,1900,205,16074986,12.752732723997395,205,0
själv,dalpilen,1900,1,16074986,0.062208452312182416,1,0
skata,dalpilen,1900,71,16074986,4.4168001141649516,71,0
skollärarinna,dalpilen,1900,19,16074986,1.181960593931466,0,19
skrivbiträde,dalpilen,1900,0,16074986,0.0,0,0
skådespelerska,dalpilen,1900,34,16074986,2.115087378614202,34,0
sköka,dalpilen,1900,2,16074986,0.12441690462436483,2,0
slampa,dalpilen,1900,1,16074986,0.062208452312182416,1,0
slinka,dalpilen,1900,18,16074986,1.1197521416192835,18,0
slyna,dalpilen,1900,1,16074986,0.062208452312182416,1,0
småflicka,dalpilen,1900,3,16074986,0.18662535693654725,3,0
sondotter,dalpilen,1900,8,16074986,0.49766761849745933,8,0
spinnerska,dalpilen,1900,0,16074986,0.0,0,0
styvmor,dalpilen,1900,0,16074986,0.0,0,0
subba,dalpilen,1900,1,16074986,0.062208452312182416,1,0
sugga,dalpilen,1900,28,16074986,1.7418366647411077,28,0
svärmor,dalpilen,1900,74,16074986,4.603425471101499,74,0
syster,dalpilen,1900,453,16074986,28.180428897418636,453,0
systerdotter,dalpilen,1900,18,16074986,1.1197521416192835,18,0
sångerska,dalpilen,1900,91,16074986,5.6609691604086,91,0
sömmerska,dalpilen,1900,97,16074986,6.034219874281694,97,0
tant,dalpilen,1900,163,16074986,10.139977726885734,163,0
telefonist,dalpilen,1900,23,16074986,1.4307944031801956,23,0
tjej,dalpilen,1900,0,16074986,0.0,0,0
tjänarinna,dalpilen,1900,61,16074986,3.7947155910431274,61,0
trollpacka,dalpilen,1900,11,16074986,0.6842929754340066,11,0
tvätterska,dalpilen,1900,26,16074986,1.6174197601167428,26,0
tös,dalpilen,1900,77,16074986,4.790050828038046,77,0
tösabit,dalpilen,1900,0,16074986,0.0,0,0
ungflicka,dalpilen,1900,0,16074986,0.0,0,0
värdinna,dalpilen,1900,84,16074986,5.225509994223323,84,0
väverska,dalpilen,1900,0,16074986,0.0,0,0
äkta,dalpilen,1900,1653,16074986,102.83057167203754,0,1653
äkta maka,dalpilen,1900,0,16074986,0.0,0,0
änka,dalpilen,1900,990,16074986,61.586367789060596,990,0
amma,falkopingstidning,1880,333,19956757,16.68607780312202,333,0
barnmorska,falkopingstidning,1880,142,19956757,7.115384528658639,142,0
baronessa,falkopingstidning,1880,35,19956757,1.7537919612891013,35,0
borgmästarfru,falkopingstidning,1880,0,19956757,0.0,0,0
dam,falkopingstidning,1880,2940,19956757,147.31852474828452,2940,0
dotter,falkopingstidning,1880,3731,19956757,186.95422307341818,3730,1
drottning,falkopingstidning,1880,1854,19956757,92.90086560657124,1854,0
fabriksarbeterska,falkopingstidning,1880,0,19956757,0.0,0,0
farmor,falkopingstidning,1880,46,19956757,2.30498372055139,46,0
feminin,falkopingstidning,1880,7,19956757,0.35075839225782024,7,0
flicka,falkopingstidning,1880,6013,19956757,301.3014589494676,6011,2
flickebarn,falkopingstidning,1880,51,19956757,2.555525429306976,51,0
fnaska,falkopingstidning,1880,0,19956757,0.0,0,0
fostermoder,falkopingstidning,1880,0,19956757,0.0,0,0
fostermor,falkopingstidning,1880,29,19956757,1.4531419107823982,29,0
friherrinna,falkopingstidning,1880,0,19956757,0.0,0,0
fru,falkopingstidning,1880,6792,19956757,340.3358571735879,6791,1
fruntimmer,falkopingstidning,1880,1218,19956757,61.03196025286072,1218,0
fröken,falkopingstidning,1880,3090,19956757,154.83477601095208,3089,1
författarinna,falkopingstidning,1880,51,19956757,2.555525429306976,51,0
gammal,falkopingstidning,1880,16533,19956757,828.4412141712203,0,16533
gammal gumma,falkopingstidning,1880,49,19956757,2.4553087458047416,49,0
gammelmor,falkopingstidning,1880,0,19956757,0.0,0,0
gemål,falkopingstidning,1880,279,19956757,13.980227348561693,279,0
grevinna,falkopingstidning,1880,0,19956757,0.0,0,0
gumma,falkopingstidning,1880,961,19956757,48.154116422823606,960,1
guvernant,falkopingstidning,1880,153,19956757,7.666576287920928,153,0
hennes,falkopingstidning,1880,0,19956757,0.0,0,0
hertiginna,falkopingstidning,1880,128,19956757,6.4138677441429985,128,0
hjältinna,falkopingstidning,1880,1,19956757,0.050108341751117176,1,0
hjärtevän,falkopingstidning,1880,0,19956757,0.0,0,0
hona,falkopingstidning,1880,68,19956757,3.407367239075968,68,0
honkön,falkopingstidning,1880,1,19956757,0.050108341751117176,1,0
hora,falkopingstidning,1880,37,19956757,1.8540086447913355,37,0
husfru,falkopingstidning,1880,16,19956757,0.8017334680178748,16,0
hushållerska,falkopingstidning,1880,179,19956757,8.969393173449975,178,1
husmoder,falkopingstidning,1880,0,19956757,0.0,0,0
husmor,falkopingstidning,1880,304,19956757,15.232935892339622,304,0
hustru,falkopingstidning,1880,5664,19956757,283.8136476783277,5661,3
häxa,falkopingstidning,1880,1,19956757,0.050108341751117176,1,0
jungfru,falkopingstidning,1880,307,19956757,15.383260917592974,307,0
jänta,falkopingstidning,1880,25,19956757,1.2527085437779295,25,0
jäntunge,falkopingstidning,1880,0,19956757,0.0,0,0
kassörska,falkopingstidning,1880,8,19956757,0.4008667340089374,8,0
kejsarinna,falkopingstidning,1880,1335,19956757,66.89463623774144,1334,1
kokerska,falkopingstidning,1880,54,19956757,2.7058504545603275,54,0
kokfru,falkopingstidning,1880,0,19956757,0.0,0,0
konstnärinna,falkopingstidning,1880,0,19956757,0.0,0,0
kontorist,falkopingstidning,1880,91,19956757,4.559859099351663,91,0
kontorsfröken,falkopingstidning,1880,0,19956757,0.0,0,0
kviga,falkopingstidning,1880,1,19956757,0.050108341751117176,1,0
kvinna,falkopingstidning,1880,56,19956757,2.806067138062562,56,0
kvinnfolk,falkopingstidning,1880,0,19956757,0.0,0,0
kvinnlig,falkopingstidning,1880,0,19956757,0.0,0,0
kvinnlighet,falkopingstidning,1880,0,19956757,0.0,0,0
kvinnokön,falkopingstidning,1880,0,19956757,0.0,0,0
kvinnsperson,falkopingstidning,1880,0,19956757,0.0,0,0
käring,falkopingstidning,1880,79,19956757,3.958558998338257,79,0
kärring,falkopingstidning,1880,5,19956757,0.2505417087555859,5,0
landshövdingska,falkopingstidning,1880,0,19956757,0.0,0,0
lillflicka,falkopingstidning,1880,0,19956757,0.0,0,0
liten,falkopingstidning,1880,28429,19956757,1424.5300476425102,0,28429
liten flicka,falkopingstidning,1880,254,19956757,12.727518804783763,253,1
livskamrat,falkopingstidning,1880,0,19956757,0.0,0,0
lärarinna,falkopingstidning,1880,816,19956757,40.888406868911616,816,0
madam,falkopingstidning,1880,209,19956757,10.47264342598349,209,0
madame,falkopingstidning,1880,287,19956757,14.38109408257063,287,0
maka,falkopingstidning,1880,730,19956757,36.57908947831554,730,0
mamma,falkopingstidning,1880,900,19956757,45.09750757600546,899,1
mamsell,falkopingstidning,1880,134,19956757,6.714517794649701,134,0
matmor,falkopingstidning,1880,64,19956757,3.2069338720714993,64,0
moder,falkopingstidning,1880,2158,19956757,108.13380149891087,2158,0
moderlig,falkopingstidning,1880,105,19956757,5.261375883867304,105,0
moderlighet,falkopingstidning,1880,0,19956757,0.0,0,0
mor,falkopingstidning,1880,4201,19956757,210.50514369644327,4200,1
mormor,falkopingstidning,1880,201,19956757,10.071776691974552,201,0
mö,falkopingstidning,1880,127,19956757,6.3637594023918815,127,0
piga,falkopingstidning,1880,845,19956757,42.341548779694016,845,0
poetissa,falkopingstidning,1880,1,19956757,0.050108341751117176,1,0
prinsessa,falkopingstidning,1880,1070,19956757,53.61592567369538,1070,0
prostinna,falkopingstidning,1880,0,19956757,0.0,0,0
prästfru,falkopingstidning,1880,0,19956757,0.0,0,0
quinfolk,falkopingstidning,1880,0,19956757,0.0,0,0
quinna,falkopingstidning,1880,0,19956757,0.0,0,0
quinnor,falkopingstidning,1880,0,19956757,0.0,0,0
qvinfolk,falkopingstidning,1880,0,19956757,0.0,0,0
qvinnokön,falkopingstidning,1880,0,19956757,0.0,0,0
qvinnor,falkopingstidning,1880,0,19956757,0.0,0,0
qvinsperson,falkopingstidning,1880,0,19956757,0.0,0,0
ragata,falkopingstidning,1880,1,19956757,0.050108341751117176,1,0
satkärring,falkopingstidning,1880,0,19956757,0.0,0,0
sig,falkopingstidning,1880,73077,19956757,3661.76729014639,73062,15
sjuksköterska,falkopingstidning,1880,38,19956757,1.9041169865424528,38,0
själv,falkopingstidning,1880,3,19956757,0.15032502525335154,3,0
skata,falkopingstidning,1880,28,19956757,1.403033569031281,28,0
skollärarinna,falkopingstidning,1880,0,19956757,0.0,0,0
skrivbiträde,falkopingstidning,1880,0,19956757,0.0,0,0
skådespelerska,falkopingstidning,1880,67,19956757,3.3572588973248507,67,0
sköka,falkopingstidning,1880,12,19956757,0.6013001010134061,12,0
slampa,falkopingstidning,1880,0,19956757,0.0,0,0
slinka,falkopingstidning,1880,20,19956757,1.0021668350223436,20,0
slyna,falkopingstidning,1880,11,19956757,0.5511917592622889,11,0
småflicka,falkopingstidning,1880,5,19956757,0.2505417087555859,5,0
sondotter,falkopingstidning,1880,16,19956757,0.8017334680178748,16,0
spinnerska,falkopingstidning,1880,0,19956757,0.0,0,0
styvmor,falkopingstidning,1880,0,19956757,0.0,0,0
subba,falkopingstidning,1880,0,19956757,0.0,0,0
sugga,falkopingstidning,1880,356,19956757,17.838569663397717,356,0
svärmor,falkopingstidning,1880,93,19956757,4.660075782853897,93,0
syster,falkopingstidning,1880,1373,19956757,68.79875322428389,1371,2
systerdotter,falkopingstidning,1880,77,19956757,3.8583423148360225,76,1
sångerska,falkopingstidning,1880,72,19956757,3.6078006060804366,72,0
sömmerska,falkopingstidning,1880,128,19956757,6.4138677441429985,128,0
tant,falkopingstidning,1880,269,19956757,13.47914393105052,269,0
telefonist,falkopingstidning,1880,5,19956757,0.2505417087555859,5,0
tjej,falkopingstidning,1880,0,19956757,0.0,0,0
tjänarinna,falkopingstidning,1880,1,19956757,0.050108341751117176,1,0
trollpacka,falkopingstidning,1880,13,19956757,0.6514084427645234,13,0
tvätterska,falkopingstidning,1880,33,19956757,1.6535752777868669,33,0
tös,falkopingstidning,1880,68,19956757,3.407367239075968,68,0
tösabit,falkopingstidning,1880,0,19956757,0.0,0,0
ungflicka,falkopingstidning,1880,0,19956757,0.0,0,0
värdinna,falkopingstidning,1880,160,19956757,8.017334680178749,160,0
väverska,falkopingstidning,1880,0,19956757,0.0,0,0
äkta,falkopingstidning,1880,3602,19956757,180.49024698752407,0,3602
äkta maka,falkopingstidning,1880,4,19956757,0.2004333670044687,4,0
änka,falkopingstidning,1880,61,19956757,3.056608846818148,61,0
amma,falkopingstidning,1890,101,14229802,7.0977797161197325,101,0
barnmorska,falkopingstidning,1890,112,14229802,7.8708052297565345,112,0
baronessa,falkopingstidning,1890,61,14229802,4.286777848349542,61,0
borgmästarfru,falkopingstidning,1890,0,14229802,0.0,0,0
dam,falkopingstidning,1890,2414,14229802,169.64396271993104,2413,1
dotter,falkopingstidning,1890,2615,14229802,183.76924710547624,2611,4
drottning,falkopingstidning,1890,872,14229802,61.279840717390165,872,0
fabriksarbeterska,falkopingstidning,1890,0,14229802,0.0,0,0
farmor,falkopingstidning,1890,33,14229802,2.3190765409104075,33,0
feminin,falkopingstidning,1890,5,14229802,0.35137523347127386,5,0
flicka,falkopingstidning,1890,3917,14229802,275.26735790139594,3915,2
flickebarn,falkopingstidning,1890,26,14229802,1.827151214050624,26,0
fnaska,falkopingstidning,1890,0,14229802,0.0,0,0
fostermoder,falkopingstidning,1890,0,14229802,0.0,0,0
fostermor,falkopingstidning,1890,63,14229802,4.427327941738051,63,0
friherrinna,falkopingstidning,1890,0,14229802,0.0,0,0
fru,falkopingstidning,1890,5316,14229802,373.5821482266584,5316,0
fruntimmer,falkopingstidning,1890,586,14229802,41.181177362833296,586,0
fröken,falkopingstidning,1890,2509,14229802,176.32009215588522,2509,0
författarinna,falkopingstidning,1890,79,14229802,5.5517286888461275,79,0
gammal,falkopingstidning,1890,11988,14229802,842.4572597707263,0,11988
gammal gumma,falkopingstidning,1890,31,14229802,2.178526447521898,31,0
gammelmor,falkopingstidning,1890,0,14229802,0.0,0,0
gemål,falkopingstidning,1890,149,14229802,10.470981957443962,149,0
grevinna,falkopingstidning,1890,1,14229802,0.07027504669425477,1,0
gumma,falkopingstidning,1890,705,14229802,49.543907919449616,705,0
guvernant,falkopingstidning,1890,66,14229802,4.638153081820815,66,0
hennes,falkopingstidning,1890,0,14229802,0.0,0,0
hertiginna,falkopingstidning,1890,222,14229802,15.60106036612456,222,0
hjältinna,falkopingstidning,1890,1,14229802,0.07027504669425477,1,0
hjärtevän,falkopingstidning,1890,0,14229802,0.0,0,0
hona,falkopingstidning,1890,43,14229802,3.021827007852955,43,0
honkön,falkopingstidning,1890,0,14229802,0.0,0,0
hora,falkopingstidning,1890,26,14229802,1.827151214050624,26,0
husfru,falkopingstidning,1890,11,14229802,0.7730255136368025,11,0
hushållerska,falkopingstidning,1890,201,14229802,14.12528438554521,201,0
husmoder,falkopingstidning,1890,0,14229802,0.0,0,0
husmor,falkopingstidning,1890,345,14229802,24.244891109517898,345,0
hustru,falkopingstidning,1890,3986,14229802,280.11633612329956,3986,0
häxa,falkopingstidning,1890,3,14229802,0.21082514008276432,3,0
jungfru,falkopingstidning,1890,321,14229802,22.558289988855783,321,0
jänta,falkopingstidning,1890,30,14229802,2.108251400827643,30,0
jäntunge,falkopingstidning,1890,0,14229802,0.0,0,0
kassörska,falkopingstidning,1890,24,14229802,1.6866011206621145,24,0
kejsarinna,falkopingstidning,1890,248,14229802,17.428211580175184,248,0
kokerska,falkopingstidning,1890,116,14229802,8.151905416533554,116,0
kokfru,falkopingstidning,1890,0,14229802,0.0,0,0
konstnärinna,falkopingstidning,1890,0,14229802,0.0,0,0
kontorist,falkopingstidning,1890,76,14229802,5.340903548763363,76,0
kontorsfröken,falkopingstidning,1890,0,14229802,0.0,0,0
kviga,falkopingstidning,1890,80,14229802,5.622003735540382,80,0
kvinna,falkopingstidning,1890,1369,14229802,96.20653892443478,1369,0
kvinnfolk,falkopingstidning,1890,5,14229802,0.35137523347127386,5,0
kvinnlig,falkopingstidning,1890,27,14229802,1.8974262607448789,27,0
kvinnlighet,falkopingstidning,1890,0,14229802,0.0,0,0
kvinnokön,falkopingstidning,1890,3,14229802,0.21082514008276432,3,0
kvinnsperson,falkopingstidning,1890,0,14229802,0.0,0,0
käring,falkopingstidning,1890,77,14229802,5.411178595457618,77,0
kärring,falkopingstidning,1890,5,14229802,0.35137523347127386,5,0
landshövdingska,falkopingstidning,1890,0,14229802,0.0,0,0
lillflicka,falkopingstidning,1890,0,14229802,0.0,0,0
liten,falkopingstidning,1890,20084,14229802,1411.404037807413,0,20084
liten flicka,falkopingstidning,1890,121,14229802,8.503280650004827,120,1
livskamrat,falkopingstidning,1890,0,14229802,0.0,0,0
lärarinna,falkopingstidning,1890,664,14229802,46.66263100498517,664,0
madam,falkopingstidning,1890,57,14229802,4.0056776615725225,57,0
madame,falkopingstidning,1890,114,14229802,8.011355323145045,114,0
maka,falkopingstidning,1890,628,14229802,44.132729323992,628,0
mamma,falkopingstidning,1890,633,14229802,44.484104557463276,633,0
mamsell,falkopingstidning,1890,48,14229802,3.373202241324229,48,0
matmor,falkopingstidning,1890,53,14229802,3.724577474795503,53,0
moder,falkopingstidning,1890,1435,14229802,100.8446920062556,1435,0
moderlig,falkopingstidning,1890,47,14229802,3.3029271946299743,47,0
moderlighet,falkopingstidning,1890,3,14229802,0.21082514008276432,3,0
mor,falkopingstidning,1890,2683,14229802,188.54795028068557,2683,0
mormor,falkopingstidning,1890,71,14229802,4.989528315292089,71,0
mö,falkopingstidning,1890,98,14229802,6.886954576036968,98,0
piga,falkopingstidning,1890,441,14229802,30.991295592166356,441,0
poetissa,falkopingstidning,1890,0,14229802,0.0,0,0
prinsessa,falkopingstidning,1890,426,14229802,29.937169891752536,426,0
prostinna,falkopingstidning,1890,0,14229802,0.0,0,0
prästfru,falkopingstidning,1890,0,14229802,0.0,0,0
quinfolk,falkopingstidning,1890,0,14229802,0.0,0,0
quinna,falkopingstidning,1890,0,14229802,0.0,0,0
quinnor,falkopingstidning,1890,0,14229802,0.0,0,0
qvinfolk,falkopingstidning,1890,0,14229802,0.0,0,0
qvinnokön,falkopingstidning,1890,0,14229802,0.0,0,0
qvinnor,falkopingstidning,1890,0,14229802,0.0,0,0
qvinsperson,falkopingstidning,1890,0,14229802,0.0,0,0
ragata,falkopingstidning,1890,0,14229802,0.0,0,0
satkärring,falkopingstidning,1890,0,14229802,0.0,0,0
sig,falkopingstidning,1890,48746,14229802,3425.6274261581434,48738,8
sjuksköterska,falkopingstidning,1890,48,14229802,3.373202241324229,48,0
själv,falkopingstidning,1890,1,14229802,0.07027504669425477,1,0
skata,falkopingstidning,1890,24,14229802,1.6866011206621145,24,0
skollärarinna,falkopingstidning,1890,0,14229802,0.0,0,0
skrivbiträde,falkopingstidning,1890,0,14229802,0.0,0,0
skådespelerska,falkopingstidning,1890,27,14229802,1.8974262607448789,27,0
sköka,falkopingstidning,1890,5,14229802,0.35137523347127386,5,0
slampa,falkopingstidning,1890,0,14229802,0.0,0,0
slinka,falkopingstidning,1890,22,14229802,1.546051027273605,22,0
slyna,falkopingstidning,1890,5,14229802,0.35137523347127386,5,0
småflicka,falkopingstidning,1890,8,14229802,0.5622003735540382,8,0
sondotter,falkopingstidning,1890,10,14229802,0.7027504669425477,10,0
spinnerska,falkopingstidning,1890,0,14229802,0.0,0,0
styvmor,falkopingstidning,1890,0,14229802,0.0,0,0
subba,falkopingstidning,1890,0,14229802,0.0,0,0
sugga,falkopingstidning,1890,538,14229802,37.80797512150907,538,0
svärmor,falkopingstidning,1890,80,14229802,5.622003735540382,80,0
syster,falkopingstidning,1890,775,14229802,54.46316118804745,775,0
systerdotter,falkopingstidning,1890,23,14229802,1.6163260739678598,23,0
sångerska,falkopingstidning,1890,63,14229802,4.427327941738051,63,0
sömmerska,falkopingstidning,1890,69,14229802,4.84897822190358,69,0
tant,falkopingstidning,1890,302,14229802,21.223064101664942,302,0
telefonist,falkopingstidning,1890,26,14229802,1.827151214050624,26,0
tjej,falkopingstidning,1890,0,14229802,0.0,0,0
tjänarinna,falkopingstidning,1890,5,14229802,0.35137523347127386,5,0
trollpacka,falkopingstidning,1890,1,14229802,0.07027504669425477,1,0
tvätterska,falkopingstidning,1890,20,14229802,1.4055009338850954,20,0
tös,falkopingstidning,1890,99,14229802,6.957229622731223,99,0
tösabit,falkopingstidning,1890,0,14229802,0.0,0,0
ungflicka,falkopingstidning,1890,0,14229802,0.0,0,0
värdinna,falkopingstidning,1890,154,14229802,10.822357190915236,154,0
väverska,falkopingstidning,1890,0,14229802,0.0,0,0
äkta,falkopingstidning,1890,3600,14229802,252.9901680993172,0,3600
äkta maka,falkopingstidning,1890,9,14229802,0.632475420248293,9,0
änka,falkopingstidning,1890,89,14229802,6.254479155788675,89,0
amma,faluposten,1880,76,5810333,13.080145320414509,76,0
barnmorska,faluposten,1880,17,5810333,2.9258219795664036,17,0
baronessa,faluposten,1880,6,5810333,1.0326430516116718,6,0
borgmästarfru,faluposten,1880,0,5810333,0.0,0,0
dam,faluposten,1880,847,5810333,145.77477745251434,847,0
dotter,faluposten,1880,887,5810333,152.65906446325883,887,0
drottning,faluposten,1880,528,5810333,90.87258854182713,528,0
fabriksarbeterska,faluposten,1880,0,5810333,0.0,0,0
farmor,faluposten,1880,21,5810333,3.6142506806408514,21,0
feminin,faluposten,1880,11,5810333,1.8931789279547317,11,0
flicka,faluposten,1880,2060,5810333,354.54078105334065,2060,0
flickebarn,faluposten,1880,43,5810333,7.4006085365503145,43,0
fnaska,faluposten,1880,0,5810333,0.0,0,0
fostermoder,faluposten,1880,0,5810333,0.0,0,0
fostermor,faluposten,1880,12,5810333,2.0652861032233436,12,0
friherrinna,faluposten,1880,0,5810333,0.0,0,0
fru,faluposten,1880,1549,5810333,266.5940144910799,1549,0
fruntimmer,faluposten,1880,366,5810333,62.99122614831198,366,0
fröken,faluposten,1880,656,5810333,112.90230697620946,656,0
författarinna,faluposten,1880,27,5810333,4.646893732252523,27,0
gammal,faluposten,1880,4364,5810333,751.0757128722227,0,4364
gammal gumma,faluposten,1880,23,5810333,3.958465031178075,23,0
gammelmor,faluposten,1880,0,5810333,0.0,0,0
gemål,faluposten,1880,44,5810333,7.572715711818927,44,0
grevinna,faluposten,1880,0,5810333,0.0,0,0
gumma,faluposten,1880,505,5810333,86.91412351064905,505,0
guvernant,faluposten,1880,41,5810333,7.056394186013091,41,0
hennes,faluposten,1880,0,5810333,0.0,0,0
hertiginna,faluposten,1880,35,5810333,6.023751134401419,35,0
hjältinna,faluposten,1880,2,5810333,0.34421435053722393,2,0
hjärtevän,faluposten,1880,0,5810333,0.0,0,0
hona,faluposten,1880,19,5810333,3.2700363301036273,19,0
honkön,faluposten,1880,0,5810333,0.0,0,0
hora,faluposten,1880,29,5810333,4.991108082789747,29,0
husfru,faluposten,1880,10,5810333,1.7210717526861197,10,0
hushållerska,faluposten,1880,15,5810333,2.5816076290291794,15,0
husmoder,faluposten,1880,0,5810333,0.0,0,0
husmor,faluposten,1880,92,5810333,15.8338601247123,91,1
hustru,faluposten,1880,1604,5810333,276.0599091308536,1604,0
häxa,faluposten,1880,0,5810333,0.0,0,0
jungfru,faluposten,1880,222,5810333,38.207792909631856,222,0
jänta,faluposten,1880,39,5810333,6.712179835475867,39,0
jäntunge,faluposten,1880,0,5810333,0.0,0,0
kassörska,faluposten,1880,0,5810333,0.0,0,0
kejsarinna,faluposten,1880,101,5810333,17.38282470212981,101,0
kokerska,faluposten,1880,11,5810333,1.8931789279547317,11,0
kokfru,faluposten,1880,0,5810333,0.0,0,0
konstnärinna,faluposten,1880,0,5810333,0.0,0,0
kontorist,faluposten,1880,23,5810333,3.958465031178075,23,0
kontorsfröken,faluposten,1880,0,5810333,0.0,0,0
kviga,faluposten,1880,0,5810333,0.0,0,0
kvinna,faluposten,1880,249,5810333,42.85468664188438,249,0
kvinnfolk,faluposten,1880,0,5810333,0.0,0,0
kvinnlig,faluposten,1880,0,5810333,0.0,0,0
kvinnlighet,faluposten,1880,0,5810333,0.0,0,0
kvinnokön,faluposten,1880,0,5810333,0.0,0,0
kvinnsperson,faluposten,1880,0,5810333,0.0,0,0
käring,faluposten,1880,74,5810333,12.735930969877286,74,0
kärring,faluposten,1880,5,5810333,0.8605358763430598,5,0
landshövdingska,faluposten,1880,0,5810333,0.0,0,0
lillflicka,faluposten,1880,0,5810333,0.0,0,0
liten,faluposten,1880,7509,5810333,1292.3527790920073,0,7509
liten flicka,faluposten,1880,50,5810333,8.605358763430598,50,0
livskamrat,faluposten,1880,0,5810333,0.0,0,0
lärarinna,faluposten,1880,188,5810333,32.35614895049905,188,0
madam,faluposten,1880,70,5810333,12.047502268802837,70,0
madame,faluposten,1880,11,5810333,1.8931789279547317,11,0
maka,faluposten,1880,207,5810333,35.62618528060268,206,1
mamma,faluposten,1880,345,5810333,59.37697546767113,345,0
mamsell,faluposten,1880,111,5810333,19.103896454815928,111,0
matmor,faluposten,1880,33,5810333,5.6795367838641955,33,0
moder,faluposten,1880,753,5810333,129.5967029772648,753,0
moderlig,faluposten,1880,16,5810333,2.7537148042977915,16,0
moderlighet,faluposten,1880,0,5810333,0.0,0,0
mor,faluposten,1880,1458,5810333,250.93226154163625,1458,0
mormor,faluposten,1880,76,5810333,13.080145320414509,76,0
mö,faluposten,1880,43,5810333,7.4006085365503145,43,0
piga,faluposten,1880,326,5810333,56.1069391375675,326,0
poetissa,faluposten,1880,1,5810333,0.17210717526861197,1,0
prinsessa,faluposten,1880,172,5810333,29.602434146201258,172,0
prostinna,faluposten,1880,0,5810333,0.0,0,0
prästfru,faluposten,1880,0,5810333,0.0,0,0
quinfolk,faluposten,1880,0,5810333,0.0,0,0
quinna,faluposten,1880,0,5810333,0.0,0,0
quinnor,faluposten,1880,0,5810333,0.0,0,0
qvinfolk,faluposten,1880,0,5810333,0.0,0,0
qvinnokön,faluposten,1880,0,5810333,0.0,0,0
qvinnor,faluposten,1880,0,5810333,0.0,0,0
qvinsperson,faluposten,1880,0,5810333,0.0,0,0
ragata,faluposten,1880,1,5810333,0.17210717526861197,1,0
satkärring,faluposten,1880,0,5810333,0.0,0,0
sig,faluposten,1880,17870,5810333,3075.555222050096,17868,2
sjuksköterska,faluposten,1880,13,5810333,2.2373932784919557,13,0
själv,faluposten,1880,0,5810333,0.0,0,0
skata,faluposten,1880,15,5810333,2.5816076290291794,15,0
skollärarinna,faluposten,1880,0,5810333,0.0,0,0
skrivbiträde,faluposten,1880,0,5810333,0.0,0,0
skådespelerska,faluposten,1880,10,5810333,1.7210717526861197,10,0
sköka,faluposten,1880,3,5810333,0.5163215258058359,3,0
slampa,faluposten,1880,0,5810333,0.0,0,0
slinka,faluposten,1880,4,5810333,0.6884287010744479,4,0
slyna,faluposten,1880,6,5810333,1.0326430516116718,6,0
småflicka,faluposten,1880,5,5810333,0.8605358763430598,5,0
sondotter,faluposten,1880,15,5810333,2.5816076290291794,15,0
spinnerska,faluposten,1880,0,5810333,0.0,0,0
styvmor,faluposten,1880,0,5810333,0.0,0,0
subba,faluposten,1880,0,5810333,0.0,0,0
sugga,faluposten,1880,31,5810333,5.335322433326971,31,0
svärmor,faluposten,1880,20,5810333,3.4421435053722393,20,0
syster,faluposten,1880,353,5810333,60.75383286982002,353,0
systerdotter,faluposten,1880,13,5810333,2.2373932784919557,13,0
sångerska,faluposten,1880,5,5810333,0.8605358763430598,5,0
sömmerska,faluposten,1880,12,5810333,2.0652861032233436,12,0
tant,faluposten,1880,83,5810333,14.284895547294793,83,0
telefonist,faluposten,1880,1,5810333,0.17210717526861197,1,0
tjej,faluposten,1880,0,5810333,0.0,0,0
tjänarinna,faluposten,1880,19,5810333,3.2700363301036273,19,0
trollpacka,faluposten,1880,1,5810333,0.17210717526861197,1,0
tvätterska,faluposten,1880,0,5810333,0.0,0,0
tös,faluposten,1880,30,5810333,5.163215258058359,30,0
tösabit,faluposten,1880,0,5810333,0.0,0,0
ungflicka,faluposten,1880,0,5810333,0.0,0,0
värdinna,faluposten,1880,24,5810333,4.130572206446687,24,0
väverska,faluposten,1880,0,5810333,0.0,0,0
äkta,faluposten,1880,1194,5810333,205.4959672707227,0,1194
äkta maka,faluposten,1880,2,5810333,0.34421435053722393,2,0
änka,faluposten,1880,21,5810333,3.6142506806408514,21,0
amma,faluposten,1890,6,648897,9.246459761718732,6,0
barnmorska,faluposten,1890,3,648897,4.623229880859366,3,0
baronessa,faluposten,1890,2,648897,3.082153253906244,2,0
borgmästarfru,faluposten,1890,0,648897,0.0,0,0
dam,faluposten,1890,90,648897,138.69689642578098,90,0
dotter,faluposten,1890,96,648897,147.94335618749972,96,0
drottning,faluposten,1890,11,648897,16.95184289648434,11,0
fabriksarbeterska,faluposten,1890,0,648897,0.0,0,0
farmor,faluposten,1890,4,648897,6.164306507812488,4,0
feminin,faluposten,1890,1,648897,1.541076626953122,1,0
flicka,faluposten,1890,222,648897,342.1190111835931,222,0
flickebarn,faluposten,1890,1,648897,1.541076626953122,1,0
fnaska,faluposten,1890,0,648897,0.0,0,0
fostermoder,faluposten,1890,0,648897,0.0,0,0
fostermor,faluposten,1890,0,648897,0.0,0,0
friherrinna,faluposten,1890,0,648897,0.0,0,0
fru,faluposten,1890,130,648897,200.33996150390587,130,0
fruntimmer,faluposten,1890,34,648897,52.396605316406145,34,0
fröken,faluposten,1890,71,648897,109.41644051367166,71,0
författarinna,faluposten,1890,0,648897,0.0,0,0
gammal,faluposten,1890,531,648897,818.3116889121078,0,531
gammal gumma,faluposten,1890,3,648897,4.623229880859366,3,0
gammelmor,faluposten,1890,0,648897,0.0,0,0
gemål,faluposten,1890,3,648897,4.623229880859366,3,0
grevinna,faluposten,1890,0,648897,0.0,0,0
gumma,faluposten,1890,48,648897,73.97167809374986,48,0
guvernant,faluposten,1890,16,648897,24.65722603124995,16,0
hennes,faluposten,1890,0,648897,0.0,0,0
hertiginna,faluposten,1890,0,648897,0.0,0,0
hjältinna,faluposten,1890,0,648897,0.0,0,0
hjärtevän,faluposten,1890,2,648897,3.082153253906244,2,0
hona,faluposten,1890,1,648897,1.541076626953122,1,0
honkön,faluposten,1890,0,648897,0.0,0,0
hora,faluposten,1890,6,648897,9.246459761718732,6,0
husfru,faluposten,1890,1,648897,1.541076626953122,1,0
hushållerska,faluposten,1890,1,648897,1.541076626953122,1,0
husmoder,faluposten,1890,0,648897,0.0,0,0
husmor,faluposten,1890,5,648897,7.70538313476561,5,0
hustru,faluposten,1890,188,648897,289.7224058671869,188,0
häxa,faluposten,1890,0,648897,0.0,0,0
jungfru,faluposten,1890,5,648897,7.70538313476561,5,0
jänta,faluposten,1890,6,648897,9.246459761718732,6,0
jäntunge,faluposten,1890,0,648897,0.0,0,0
kassörska,faluposten,1890,0,648897,0.0,0,0
kejsarinna,faluposten,1890,2,648897,3.082153253906244,2,0
kokerska,faluposten,1890,8,648897,12.328613015624976,8,0
kokfru,faluposten,1890,0,648897,0.0,0,0
konstnärinna,faluposten,1890,0,648897,0.0,0,0
kontorist,faluposten,1890,0,648897,0.0,0,0
kontorsfröken,faluposten,1890,0,648897,0.0,0,0
kviga,faluposten,1890,0,648897,0.0,0,0
kvinna,faluposten,1890,43,648897,66.26629495898425,43,0
kvinnfolk,faluposten,1890,0,648897,0.0,0,0
kvinnlig,faluposten,1890,0,648897,0.0,0,0
kvinnlighet,faluposten,1890,0,648897,0.0,0,0
kvinnokön,faluposten,1890,0,648897,0.0,0,0
kvinnsperson,faluposten,1890,0,648897,0.0,0,0
käring,faluposten,1890,7,648897,10.787536388671853,7,0
kärring,faluposten,1890,0,648897,0.0,0,0
landshövdingska,faluposten,1890,0,648897,0.0,0,0
lillflicka,faluposten,1890,0,648897,0.0,0,0
liten,faluposten,1890,678,648897,1044.8499530742167,0,678
liten flicka,faluposten,1890,3,648897,4.623229880859366,3,0
livskamrat,faluposten,1890,0,648897,0.0,0,0
lärarinna,faluposten,1890,12,648897,18.492919523437465,12,0
madam,faluposten,1890,23,648897,35.44476241992181,23,0
madame,faluposten,1890,0,648897,0.0,0,0
maka,faluposten,1890,16,648897,24.65722603124995,16,0
mamma,faluposten,1890,73,648897,112.4985937675779,73,0
mamsell,faluposten,1890,15,648897,23.11614940429683,15,0
matmor,faluposten,1890,5,648897,7.70538313476561,5,0
moder,faluposten,1890,85,648897,130.99151329101537,85,0
moderlig,faluposten,1890,0,648897,0.0,0,0
moderlighet,faluposten,1890,0,648897,0.0,0,0
mor,faluposten,1890,139,648897,214.20965114648396,139,0
mormor,faluposten,1890,26,648897,40.06799230078117,26,0
mö,faluposten,1890,1,648897,1.541076626953122,1,0
piga,faluposten,1890,26,648897,40.06799230078117,26,0
poetissa,faluposten,1890,0,648897,0.0,0,0
prinsessa,faluposten,1890,2,648897,3.082153253906244,2,0
prostinna,faluposten,1890,0,648897,0.0,0,0
prästfru,faluposten,1890,0,648897,0.0,0,0
quinfolk,faluposten,1890,0,648897,0.0,0,0
quinna,faluposten,1890,0,648897,0.0,0,0
quinnor,faluposten,1890,0,648897,0.0,0,0
qvinfolk,faluposten,1890,0,648897,0.0,0,0
qvinnokön,faluposten,1890,0,648897,0.0,0,0
qvinnor,faluposten,1890,0,648897,0.0,0,0
qvinsperson,faluposten,1890,0,648897,0.0,0,0
ragata,faluposten,1890,1,648897,1.541076626953122,1,0
satkärring,faluposten,1890,0,648897,0.0,0,0
sig,faluposten,1890,1776,648897,2736.952089468745,1776,0
sjuksköterska,faluposten,1890,0,648897,0.0,0,0
själv,faluposten,1890,0,648897,0.0,0,0
skata,faluposten,1890,1,648897,1.541076626953122,1,0
skollärarinna,faluposten,1890,0,648897,0.0,0,0
skrivbiträde,faluposten,1890,0,648897,0.0,0,0
skådespelerska,faluposten,1890,0,648897,0.0,0,0
sköka,faluposten,1890,0,648897,0.0,0,0
slampa,faluposten,1890,0,648897,0.0,0,0
slinka,faluposten,1890,1,648897,1.541076626953122,1,0
slyna,faluposten,1890,0,648897,0.0,0,0
småflicka,faluposten,1890,0,648897,0.0,0,0
sondotter,faluposten,1890,0,648897,0.0,0,0
spinnerska,faluposten,1890,0,648897,0.0,0,0
styvmor,faluposten,1890,0,648897,0.0,0,0
subba,faluposten,1890,0,648897,0.0,0,0
sugga,faluposten,1890,2,648897,3.082153253906244,2,0
svärmor,faluposten,1890,0,648897,0.0,0,0
syster,faluposten,1890,37,648897,57.019835197265515,37,0
systerdotter,faluposten,1890,1,648897,1.541076626953122,1,0
sångerska,faluposten,1890,1,648897,1.541076626953122,1,0
sömmerska,faluposten,1890,2,648897,3.082153253906244,2,0
tant,faluposten,1890,14,648897,21.575072777343706,14,0
telefonist,faluposten,1890,0,648897,0.0,0,0
tjej,faluposten,1890,0,648897,0.0,0,0
tjänarinna,faluposten,1890,2,648897,3.082153253906244,2,0
trollpacka,faluposten,1890,0,648897,0.0,0,0
tvätterska,faluposten,1890,0,648897,0.0,0,0
tös,faluposten,1890,1,648897,1.541076626953122,1,0
tösabit,faluposten,1890,0,648897,0.0,0,0
ungflicka,faluposten,1890,0,648897,0.0,0,0
värdinna,faluposten,1890,2,648897,3.082153253906244,2,0
väverska,faluposten,1890,0,648897,0.0,0,0
äkta,faluposten,1890,88,648897,135.61474317187472,0,88
äkta maka,faluposten,1890,0,648897,0.0,0,0
änka,faluposten,1890,2,648897,3.082153253906244,2,0
amma,ghost,1880,1358,126449799,10.739439767713668,1358,0
barnmorska,ghost,1880,681,126449799,5.3855364372702565,681,0
baronessa,ghost,1880,422,126449799,3.3372927702320823,422,0
borgmästarfru,ghost,1880,0,126449799,0.0,0,0
dam,ghost,1880,16990,126449799,134.3616212470215,16986,4
dotter,ghost,1880,12631,126449799,99.88944308246785,12629,2
drottning,ghost,1880,8043,126449799,63.60626955207734,8038,5
fabriksarbeterska,ghost,1880,0,126449799,0.0,0,0
farmor,ghost,1880,158,126449799,1.249507719660353,158,0
feminin,ghost,1880,17,126449799,0.1344407040140886,17,0
flicka,ghost,1880,26698,126449799,211.13517151577284,26687,11
flickebarn,ghost,1880,136,126449799,1.075525632112709,136,0
fnaska,ghost,1880,0,126449799,0.0,0,0
fostermoder,ghost,1880,0,126449799,0.0,0,0
fostermor,ghost,1880,104,126449799,0.822460777497954,104,0
friherrinna,ghost,1880,0,126449799,0.0,0,0
fru,ghost,1880,51791,126449799,409.57755891727436,51781,10
fruntimmer,ghost,1880,10119,126449799,80.02385199520958,10118,1
fröken,ghost,1880,24435,126449799,193.23874132848562,24433,2
författarinna,ghost,1880,675,126449799,5.338086777029989,675,0
gammal,ghost,1880,71471,126449799,565.2124445053487,0,71471
gammal gumma,ghost,1880,113,126449799,0.8936352678583538,113,0
gammelmor,ghost,1880,0,126449799,0.0,0,0
gemål,ghost,1880,1114,126449799,8.809820251276161,1114,0
grevinna,ghost,1880,4,126449799,0.031633106826844386,4,0
gumma,ghost,1880,1329,126449799,10.510099743219046,1328,1
guvernant,ghost,1880,545,126449799,4.310010805157547,545,0
hennes,ghost,1880,0,126449799,0.0,0,0
hertiginna,ghost,1880,558,126449799,4.412818402344791,557,1
hjältinna,ghost,1880,97,126449799,0.7671028405509763,97,0
hjärtevän,ghost,1880,10,126449799,0.07908276706711095,10,0
hona,ghost,1880,512,126449799,4.049037673836081,512,0
honkön,ghost,1880,3,126449799,0.023724830120133288,3,0
hora,ghost,1880,200,126449799,1.5816553413422192,200,0
husfru,ghost,1880,128,126449799,1.0122594184590203,128,0
hushållerska,ghost,1880,1690,126449799,13.364987634341752,1689,1
husmoder,ghost,1880,0,126449799,0.0,0,0
husmor,ghost,1880,849,126449799,6.71412692399772,849,0
hustru,ghost,1880,12904,126449799,102.04840262339998,12902,2
häxa,ghost,1880,55,126449799,0.43495521886911026,55,0
jungfru,ghost,1880,8358,126449799,66.09737671469134,8357,1
jänta,ghost,1880,95,126449799,0.7512862871375541,95,0
jäntunge,ghost,1880,0,126449799,0.0,0,0
kassörska,ghost,1880,520,126449799,4.1123038874897695,520,0
kejsarinna,ghost,1880,1076,126449799,8.509305736421139,1076,0
kokerska,ghost,1880,1956,126449799,15.468589238326903,1956,0
kokfru,ghost,1880,0,126449799,0.0,0,0
konstnärinna,ghost,1880,0,126449799,0.0,0,0
kontorist,ghost,1880,861,126449799,6.809026244478253,861,0
kontorsfröken,ghost,1880,0,126449799,0.0,0,0
kviga,ghost,1880,200,126449799,1.5816553413422192,200,0
kvinna,ghost,1880,12685,126449799,100.31649002463026,12683,2
kvinnfolk,ghost,1880,2,126449799,0.015816553413422193,2,0
kvinnlig,ghost,1880,3,126449799,0.023724830120133288,3,0
kvinnlighet,ghost,1880,0,126449799,0.0,0,0
kvinnokön,ghost,1880,46,126449799,0.3637807285087104,46,0
kvinnsperson,ghost,1880,1,126449799,0.007908276706711096,1,0
käring,ghost,1880,146,126449799,1.15460839917982,146,0
kärring,ghost,1880,18,126449799,0.1423489807207997,18,0
landshövdingska,ghost,1880,0,126449799,0.0,0,0
lillflicka,ghost,1880,0,126449799,0.0,0,0
liten,ghost,1880,172720,126449799,1365.9175527831405,0,172720
liten flicka,ghost,1880,591,126449799,4.673791533666257,591,0
livskamrat,ghost,1880,0,126449799,0.0,0,0
lärarinna,ghost,1880,4041,126449799,31.957346171819538,4041,0
madam,ghost,1880,3183,126449799,25.172044757461418,3182,1
madame,ghost,1880,406,126449799,3.2107603429247047,406,0
maka,ghost,1880,3406,126449799,26.93559046305799,3403,3
mamma,ghost,1880,1176,126449799,9.300133407092249,1175,1
mamsell,ghost,1880,1292,126449799,10.217493505070737,1292,0
matmor,ghost,1880,213,126449799,1.6844629385294634,213,0
moder,ghost,1880,5820,126449799,46.026170433058574,5820,0
moderlig,ghost,1880,529,126449799,4.18347837785017,529,0
moderlighet,ghost,1880,3,126449799,0.023724830120133288,3,0
mor,ghost,1880,11306,126449799,89.41097644607565,11305,1
mormor,ghost,1880,315,126449799,2.491107162613995,315,0
mö,ghost,1880,283,126449799,2.23804230799924,283,0
piga,ghost,1880,2057,126449799,16.267325185704724,2057,0
poetissa,ghost,1880,4,126449799,0.031633106826844386,4,0
prinsessa,ghost,1880,3069,126449799,24.270501212896352,3068,1
prostinna,ghost,1880,0,126449799,0.0,0,0
prästfru,ghost,1880,0,126449799,0.0,0,0
quinfolk,ghost,1880,0,126449799,0.0,0,0
quinna,ghost,1880,0,126449799,0.0,0,0
quinnor,ghost,1880,0,126449799,0.0,0,0
qvinfolk,ghost,1880,0,126449799,0.0,0,0
qvinnokön,ghost,1880,0,126449799,0.0,0,0
qvinnor,ghost,1880,0,126449799,0.0,0,0
qvinsperson,ghost,1880,0,126449799,0.0,0,0
ragata,ghost,1880,1,126449799,0.007908276706711096,1,0
satkärring,ghost,1880,0,126449799,0.0,0,0
sig,ghost,1880,326518,126449799,2582.1946937218936,326466,52
sjuksköterska,ghost,1880,283,126449799,2.23804230799924,283,0
själv,ghost,1880,7,126449799,0.055357936946977666,7,0
skata,ghost,1880,321,126449799,2.538556822854262,321,0
skollärarinna,ghost,1880,0,126449799,0.0,0,0
skrivbiträde,ghost,1880,0,126449799,0.0,0,0
skådespelerska,ghost,1880,868,126449799,6.864384181425231,868,0
sköka,ghost,1880,43,126449799,0.34005589838857714,43,0
slampa,ghost,1880,6,126449799,0.047449660240266575,6,0
slinka,ghost,1880,83,126449799,0.6563869666570209,83,0
slyna,ghost,1880,13,126449799,0.10280759718724425,13,0
småflicka,ghost,1880,37,126449799,0.29260623814831055,37,0
sondotter,ghost,1880,71,126449799,0.5614876461764878,71,0
spinnerska,ghost,1880,0,126449799,0.0,0,0
styvmor,ghost,1880,0,126449799,0.0,0,0
subba,ghost,1880,1,126449799,0.007908276706711096,1,0
sugga,ghost,1880,116,126449799,0.917360097978487,116,0
svärmor,ghost,1880,432,126449799,3.4163755372991935,432,0
syster,ghost,1880,4835,126449799,38.23651787694815,4834,1
systerdotter,ghost,1880,155,126449799,1.2257828895402199,155,0
sångerska,ghost,1880,1390,126449799,10.992504622328424,1388,2
sömmerska,ghost,1880,903,126449799,7.14117386616012,903,0
tant,ghost,1880,1127,126449799,8.912627848463405,1127,0
telefonist,ghost,1880,30,126449799,0.23724830120133286,30,0
tjej,ghost,1880,5,126449799,0.03954138353355548,5,0
tjänarinna,ghost,1880,134,126449799,1.0597090786992869,134,0
trollpacka,ghost,1880,46,126449799,0.3637807285087104,46,0
tvätterska,ghost,1880,289,126449799,2.2854919682395067,289,0
tös,ghost,1880,176,126449799,1.3918567003811528,176,0
tösabit,ghost,1880,0,126449799,0.0,0,0
ungflicka,ghost,1880,0,126449799,0.0,0,0
värdinna,ghost,1880,1299,126449799,10.272851442017714,1298,1
väverska,ghost,1880,0,126449799,0.0,0,0
äkta,ghost,1880,13450,126449799,106.36632170526424,0,13450
äkta maka,ghost,1880,15,126449799,0.11862415060066643,15,0
änka,ghost,1880,525,126449799,4.151845271023325,525,0
amma,ghost,1890,610,85890778,7.102043015607566,610,0
barnmorska,ghost,1890,616,85890778,7.1718991764168205,616,0
baronessa,ghost,1890,485,85890778,5.6467063320814255,485,0
borgmästarfru,ghost,1890,0,85890778,0.0,0,0
dam,ghost,1890,13233,85890778,154.06776266481134,13230,3
dotter,ghost,1890,9004,85890778,104.83081198775496,9001,3
drottning,ghost,1890,5540,85890778,64.50052181387855,5538,2
fabriksarbeterska,ghost,1890,0,85890778,0.0,0,0
farmor,ghost,1890,384,85890778,4.470794291792304,384,0
feminin,ghost,1890,14,85890778,0.16299770855492776,14,0
flicka,ghost,1890,18240,85890778,212.36272886013444,18237,3
flickebarn,ghost,1890,82,85890778,0.9547008643931483,82,0
fnaska,ghost,1890,0,85890778,0.0,0,0
fostermoder,ghost,1890,0,85890778,0.0,0,0
fostermor,ghost,1890,97,85890778,1.1293412664162852,97,0
friherrinna,ghost,1890,0,85890778,0.0,0,0
fru,ghost,1890,36137,85890778,420.73201386067313,36131,6
fruntimmer,ghost,1890,3724,85890778,43.35739047561078,3724,0
fröken,ghost,1890,19574,85890778,227.8940819467254,19572,2
författarinna,ghost,1890,603,85890778,7.020544161330102,603,0
gammal,ghost,1890,50516,85890778,588.1423032400521,0,50516
gammal gumma,ghost,1890,82,85890778,0.9547008643931483,81,1
gammelmor,ghost,1890,0,85890778,0.0,0,0
gemål,ghost,1890,796,85890778,9.267584000694463,796,0
grevinna,ghost,1890,4,85890778,0.0465707738728365,4,0
gumma,ghost,1890,1168,85890778,13.598665970868257,1168,0
guvernant,ghost,1890,210,85890778,2.4449656283239163,210,0
hennes,ghost,1890,0,85890778,0.0,0,0
hertiginna,ghost,1890,49,85890778,0.5704919799422471,49,0
hjältinna,ghost,1890,184,85890778,2.142255598150479,182,2
hjärtevän,ghost,1890,14,85890778,0.16299770855492776,14,0
hona,ghost,1890,296,85890778,3.446237266589901,296,0
honkön,ghost,1890,2,85890778,0.02328538693641825,2,0
hora,ghost,1890,109,85890778,1.2690535880347946,109,0
husfru,ghost,1890,51,85890778,0.5937773668786653,51,0
hushållerska,ghost,1890,1152,85890778,13.412382875376911,1152,0
husmoder,ghost,1890,0,85890778,0.0,0,0
husmor,ghost,1890,1054,85890778,12.271398915492417,1053,1
hustru,ghost,1890,10238,85890778,119.19789572752502,10235,3
häxa,ghost,1890,160,85890778,1.86283095491346,160,0
jungfru,ghost,1890,6596,85890778,76.79520611630738,6593,3
jänta,ghost,1890,91,85890778,1.0594851056070305,91,0
jäntunge,ghost,1890,0,85890778,0.0,0,0
kassörska,ghost,1890,945,85890778,11.002345327457624,945,0
kejsarinna,ghost,1890,35,85890778,0.40749427138731936,35,0
kokerska,ghost,1890,2370,85890778,27.593183519655625,2370,0
kokfru,ghost,1890,0,85890778,0.0,0,0
konstnärinna,ghost,1890,0,85890778,0.0,0,0
kontorist,ghost,1890,861,85890778,10.024359076128057,861,0
kontorsfröken,ghost,1890,0,85890778,0.0,0,0
kviga,ghost,1890,230,85890778,2.6778194976880987,230,0
kvinna,ghost,1890,13892,85890778,161.74029766036116,13888,4
kvinnfolk,ghost,1890,9,85890778,0.10478424121388212,9,0
kvinnlig,ghost,1890,154,85890778,1.7929747941042051,154,0
kvinnlighet,ghost,1890,19,85890778,0.22121117589597336,19,0
kvinnokön,ghost,1890,39,85890778,0.45406504526015584,39,0
kvinnsperson,ghost,1890,5,85890778,0.05821346734104563,5,0
käring,ghost,1890,106,85890778,1.2341255076301672,106,0
kärring,ghost,1890,9,85890778,0.10478424121388212,9,0
landshövdingska,ghost,1890,0,85890778,0.0,0,0
lillflicka,ghost,1890,0,85890778,0.0,0,0
liten,ghost,1890,115892,85890778,1349.295031417692,0,115892
liten flicka,ghost,1890,403,85890778,4.692005467688277,403,0
livskamrat,ghost,1890,0,85890778,0.0,0,0
lärarinna,ghost,1890,2631,85890778,30.631926514858208,2631,0
madam,ghost,1890,951,85890778,11.072201488266877,951,0
madame,ghost,1890,300,85890778,3.4928080404627373,300,0
maka,ghost,1890,2584,85890778,30.08471992185238,2584,0
mamma,ghost,1890,1111,85890778,12.935032443180338,1111,0
mamsell,ghost,1890,147,85890778,1.7114759398267414,147,0
matmor,ghost,1890,65,85890778,0.7567750754335931,65,0
moder,ghost,1890,4716,85890778,54.906942396074236,4715,1
moderlig,ghost,1890,247,85890778,2.875745286647654,247,0
moderlighet,ghost,1890,1,85890778,0.011642693468209125,1,0
mor,ghost,1890,7574,85890778,88.18176032821592,7573,1
mormor,ghost,1890,256,85890778,2.980529527861536,256,0
mö,ghost,1890,178,85890778,2.072399437341224,178,0
piga,ghost,1890,617,85890778,7.18354186988503,617,0
poetissa,ghost,1890,2,85890778,0.02328538693641825,2,0
prinsessa,ghost,1890,2256,85890778,26.265916464279787,2256,0
prostinna,ghost,1890,0,85890778,0.0,0,0
prästfru,ghost,1890,0,85890778,0.0,0,0
quinfolk,ghost,1890,0,85890778,0.0,0,0
quinna,ghost,1890,0,85890778,0.0,0,0
quinnor,ghost,1890,0,85890778,0.0,0,0
qvinfolk,ghost,1890,0,85890778,0.0,0,0
qvinnokön,ghost,1890,0,85890778,0.0,0,0
qvinnor,ghost,1890,0,85890778,0.0,0,0
qvinsperson,ghost,1890,0,85890778,0.0,0,0
ragata,ghost,1890,3,85890778,0.034928080404627374,3,0
satkärring,ghost,1890,0,85890778,0.0,0,0
sig,ghost,1890,232568,85890778,2707.7179345144596,232548,20
sjuksköterska,ghost,1890,354,85890778,4.12151348774603,354,0
själv,ghost,1890,6,85890778,0.06985616080925475,6,0
skata,ghost,1890,90,85890778,1.0478424121388212,89,1
skollärarinna,ghost,1890,0,85890778,0.0,0,0
skrivbiträde,ghost,1890,0,85890778,0.0,0,0
skådespelerska,ghost,1890,671,85890778,7.812247317168323,671,0
sköka,ghost,1890,20,85890778,0.2328538693641825,20,0
slampa,ghost,1890,3,85890778,0.034928080404627374,3,0
slinka,ghost,1890,88,85890778,1.024557025202403,88,0
slyna,ghost,1890,15,85890778,0.17464040202313688,15,0
småflicka,ghost,1890,78,85890778,0.9081300905203117,78,0
sondotter,ghost,1890,106,85890778,1.2341255076301672,106,0
spinnerska,ghost,1890,0,85890778,0.0,0,0
styvmor,ghost,1890,0,85890778,0.0,0,0
subba,ghost,1890,1,85890778,0.011642693468209125,1,0
sugga,ghost,1890,107,85890778,1.2457682010983764,107,0
svärmor,ghost,1890,463,85890778,5.390567075780825,462,1
syster,ghost,1890,3822,85890778,44.49837443549527,3822,0
systerdotter,ghost,1890,100,85890778,1.1642693468209124,100,0
sångerska,ghost,1890,1381,85890778,16.0785596795968,1381,0
sömmerska,ghost,1890,846,85890778,9.849718674104919,846,0
tant,ghost,1890,968,85890778,11.270127277226432,967,1
telefonist,ghost,1890,75,85890778,0.8732020101156843,75,0
tjej,ghost,1890,2,85890778,0.02328538693641825,2,0
tjänarinna,ghost,1890,134,85890778,1.5601209247400227,134,0
trollpacka,ghost,1890,11,85890778,0.12806962815030037,11,0
tvätterska,ghost,1890,524,85890778,6.100771377341581,524,0
tös,ghost,1890,212,85890778,2.4682510152603343,212,0
tösabit,ghost,1890,0,85890778,0.0,0,0
ungflicka,ghost,1890,0,85890778,0.0,0,0
värdinna,ghost,1890,1113,85890778,12.958317830116757,1111,2
väverska,ghost,1890,0,85890778,0.0,0,0
äkta,ghost,1890,8021,85890778,93.38604430850539,0,8021
äkta maka,ghost,1890,9,85890778,0.10478424121388212,9,0
änka,ghost,1890,3081,85890778,35.871138575552315,3079,2
amma,goteborgsposten,1880,638,106175803,6.0089020471076635,638,0
barnmorska,goteborgsposten,1880,280,106175803,2.637135694655401,280,0
baronessa,goteborgsposten,1880,580,106175803,5.462638224643331,580,0
borgmästarfru,goteborgsposten,1880,0,106175803,0.0,0,0
dam,goteborgsposten,1880,15721,106175803,148.06575091313414,15721,0
dotter,goteborgsposten,1880,19713,106175803,185.66377124550684,19709,4
drottning,goteborgsposten,1880,11059,106175803,104.1574415971217,11055,4
fabriksarbeterska,goteborgsposten,1880,0,106175803,0.0,0,0
farmor,goteborgsposten,1880,158,106175803,1.4880979991269763,158,0
feminin,goteborgsposten,1880,45,106175803,0.42382537949818944,45,0
flicka,goteborgsposten,1880,16182,106175803,152.40760646754893,16180,2
flickebarn,goteborgsposten,1880,103,106175803,0.9700892019625225,103,0
fnaska,goteborgsposten,1880,1,106175803,0.009418341766626433,1,0
fostermoder,goteborgsposten,1880,0,106175803,0.0,0,0
fostermor,goteborgsposten,1880,50,106175803,0.47091708833132156,50,0
friherrinna,goteborgsposten,1880,0,106175803,0.0,0,0
fru,goteborgsposten,1880,48537,106175803,457.1380543267471,48531,6
fruntimmer,goteborgsposten,1880,4403,106175803,41.46895879845618,4403,0
fröken,goteborgsposten,1880,21231,106175803,199.96081404724578,21226,5
författarinna,goteborgsposten,1880,725,106175803,6.828297780804163,725,0
gammal,goteborgsposten,1880,56615,106175803,533.2194191175554,0,56615
gammal gumma,goteborgsposten,1880,85,106175803,0.8005590501632467,85,0
gammelmor,goteborgsposten,1880,0,106175803,0.0,0,0
gemål,goteborgsposten,1880,1793,106175803,16.88708678756119,1793,0
grevinna,goteborgsposten,1880,3,106175803,0.028255025299879295,3,0
gumma,goteborgsposten,1880,1027,106175803,9.672636994325346,1027,0
guvernant,goteborgsposten,1880,392,106175803,3.691989972517561,392,0
hennes,goteborgsposten,1880,0,106175803,0.0,0,0
hertiginna,goteborgsposten,1880,1373,106175803,12.931383245578091,1373,0
hjältinna,goteborgsposten,1880,2,106175803,0.018836683533252865,2,0
hjärtevän,goteborgsposten,1880,0,106175803,0.0,0,0
hona,goteborgsposten,1880,205,106175803,1.9307600621584184,205,0
honkön,goteborgsposten,1880,4,106175803,0.03767336706650573,4,0
hora,goteborgsposten,1880,86,106175803,0.8099773919298732,86,0
husfru,goteborgsposten,1880,80,106175803,0.7534673413301145,80,0
hushållerska,goteborgsposten,1880,647,106175803,6.093667123007301,647,0
husmoder,goteborgsposten,1880,0,106175803,0.0,0,0
husmor,goteborgsposten,1880,539,106175803,5.0764862122116465,539,0
hustru,goteborgsposten,1880,14628,106175803,137.77150336221143,14622,6
häxa,goteborgsposten,1880,3,106175803,0.028255025299879295,3,0
jungfru,goteborgsposten,1880,1458,106175803,13.731942295741337,1458,0
jänta,goteborgsposten,1880,55,106175803,0.5180087971644538,55,0
jäntunge,goteborgsposten,1880,0,106175803,0.0,0,0
kassörska,goteborgsposten,1880,125,106175803,1.177292720828304,125,0
kejsarinna,goteborgsposten,1880,2743,106175803,25.834511465856302,2742,1
kokerska,goteborgsposten,1880,528,106175803,4.972884452778756,528,0
kokfru,goteborgsposten,1880,0,106175803,0.0,0,0
konstnärinna,goteborgsposten,1880,0,106175803,0.0,0,0
kontorist,goteborgsposten,1880,690,106175803,6.498655818972238,690,0
kontorsfröken,goteborgsposten,1880,0,106175803,0.0,0,0
kviga,goteborgsposten,1880,0,106175803,0.0,0,0
kvinna,goteborgsposten,1880,59,106175803,0.5556821642309595,59,0
kvinnfolk,goteborgsposten,1880,0,106175803,0.0,0,0
kvinnlig,goteborgsposten,1880,0,106175803,0.0,0,0
kvinnlighet,goteborgsposten,1880,0,106175803,0.0,0,0
kvinnokön,goteborgsposten,1880,0,106175803,0.0,0,0
kvinnsperson,goteborgsposten,1880,0,106175803,0.0,0,0
käring,goteborgsposten,1880,91,106175803,0.8570691007630052,91,0
kärring,goteborgsposten,1880,13,106175803,0.12243844296614362,13,0
landshövdingska,goteborgsposten,1880,0,106175803,0.0,0,0
lillflicka,goteborgsposten,1880,0,106175803,0.0,0,0
liten,goteborgsposten,1880,130184,106175803,1226.1174045464954,0,130184
liten flicka,goteborgsposten,1880,502,106175803,4.728007566846469,502,0
livskamrat,goteborgsposten,1880,0,106175803,0.0,0,0
lärarinna,goteborgsposten,1880,2496,106175803,23.508181049499573,2494,2
madam,goteborgsposten,1880,418,106175803,3.9368668584498483,418,0
madame,goteborgsposten,1880,893,106175803,8.410579197597404,893,0
maka,goteborgsposten,1880,2808,106175803,26.44670368068702,2808,0
mamma,goteborgsposten,1880,1257,106175803,11.838855600649424,1256,1
mamsell,goteborgsposten,1880,517,106175803,4.869282693345865,517,0
matmor,goteborgsposten,1880,230,106175803,2.166218606324079,230,0
moder,goteborgsposten,1880,4388,106175803,41.327683671956784,4386,2
moderlig,goteborgsposten,1880,274,106175803,2.580625644055642,274,0
moderlighet,goteborgsposten,1880,1,106175803,0.009418341766626433,1,0
mor,goteborgsposten,1880,8880,106175803,83.63487488764271,8878,2
mormor,goteborgsposten,1880,346,106175803,3.258746251252745,346,0
mö,goteborgsposten,1880,274,106175803,2.580625644055642,273,1
piga,goteborgsposten,1880,1172,106175803,11.038296550486178,1172,0
poetissa,goteborgsposten,1880,6,106175803,0.05651005059975859,6,0
prinsessa,goteborgsposten,1880,4441,106175803,41.82685578558798,4440,1
prostinna,goteborgsposten,1880,0,106175803,0.0,0,0
prästfru,goteborgsposten,1880,0,106175803,0.0,0,0
quinfolk,goteborgsposten,1880,0,106175803,0.0,0,0
quinna,goteborgsposten,1880,0,106175803,0.0,0,0
quinnor,goteborgsposten,1880,0,106175803,0.0,0,0
qvinfolk,goteborgsposten,1880,0,106175803,0.0,0,0
qvinnokön,goteborgsposten,1880,0,106175803,0.0,0,0
qvinnor,goteborgsposten,1880,0,106175803,0.0,0,0
qvinsperson,goteborgsposten,1880,0,106175803,0.0,0,0
ragata,goteborgsposten,1880,3,106175803,0.028255025299879295,3,0
satkärring,goteborgsposten,1880,0,106175803,0.0,0,0
sig,goteborgsposten,1880,318599,106175803,3000.6742685054146,318552,47
sjuksköterska,goteborgsposten,1880,312,106175803,2.9385226311874466,312,0
själv,goteborgsposten,1880,0,106175803,0.0,0,0
skata,goteborgsposten,1880,284,106175803,2.6748090617219065,284,0
skollärarinna,goteborgsposten,1880,0,106175803,0.0,0,0
skrivbiträde,goteborgsposten,1880,0,106175803,0.0,0,0
skådespelerska,goteborgsposten,1880,1082,106175803,10.1906457914898,1081,1
sköka,goteborgsposten,1880,10,106175803,0.09418341766626431,10,0
slampa,goteborgsposten,1880,3,106175803,0.028255025299879295,3,0
slinka,goteborgsposten,1880,68,106175803,0.6404472401305974,68,0
slyna,goteborgsposten,1880,14,106175803,0.13185678473277004,14,0
småflicka,goteborgsposten,1880,24,106175803,0.22604020239903436,24,0
sondotter,goteborgsposten,1880,55,106175803,0.5180087971644538,55,0
spinnerska,goteborgsposten,1880,0,106175803,0.0,0,0
styvmor,goteborgsposten,1880,0,106175803,0.0,0,0
subba,goteborgsposten,1880,2,106175803,0.018836683533252865,2,0
sugga,goteborgsposten,1880,106,106175803,0.9983442272624018,106,0
svärmor,goteborgsposten,1880,506,106175803,4.765680933912974,506,0
syster,goteborgsposten,1880,4311,106175803,40.602471355926546,4310,1
systerdotter,goteborgsposten,1880,280,106175803,2.637135694655401,280,0
sångerska,goteborgsposten,1880,1864,106175803,17.55578905299167,1863,1
sömmerska,goteborgsposten,1880,464,106175803,4.370110579714664,464,0
tant,goteborgsposten,1880,1576,106175803,14.843306624203256,1576,0
telefonist,goteborgsposten,1880,11,106175803,0.10360175943289075,11,0
tjej,goteborgsposten,1880,2,106175803,0.018836683533252865,2,0
tjänarinna,goteborgsposten,1880,2,106175803,0.018836683533252865,2,0
trollpacka,goteborgsposten,1880,18,106175803,0.16953015179927577,18,0
tvätterska,goteborgsposten,1880,149,106175803,1.4033329232273384,149,0
tös,goteborgsposten,1880,67,106175803,0.6310288983639709,67,0
tösabit,goteborgsposten,1880,0,106175803,0.0,0,0
ungflicka,goteborgsposten,1880,0,106175803,0.0,0,0
värdinna,goteborgsposten,1880,881,106175803,8.297559096397887,881,0
väverska,goteborgsposten,1880,0,106175803,0.0,0,0
äkta,goteborgsposten,1880,8525,106175803,80.29136356049032,0,8525
äkta maka,goteborgsposten,1880,15,106175803,0.14127512649939647,15,0
änka,goteborgsposten,1880,64,106175803,0.6027738730640917,64,0
amma,goteborgsposten,1890,353,65852833,5.360437568418659,353,0
barnmorska,goteborgsposten,1890,196,65852833,2.9763336073939293,196,0
baronessa,goteborgsposten,1890,891,65852833,13.530169613204036,891,0
borgmästarfru,goteborgsposten,1890,0,65852833,0.0,0,0
dam,goteborgsposten,1890,10867,65852833,165.01947607933587,10866,1
dotter,goteborgsposten,1890,10165,65852833,154.35934244469027,10165,0
drottning,goteborgsposten,1890,5481,65852833,83.23104337819453,5478,3
fabriksarbeterska,goteborgsposten,1890,0,65852833,0.0,0,0
farmor,goteborgsposten,1890,114,65852833,1.7311328124638161,114,0
feminin,goteborgsposten,1890,7,65852833,0.10629762883549748,7,0
flicka,goteborgsposten,1890,7400,65852833,112.37177905466876,7397,3
flickebarn,goteborgsposten,1890,115,65852833,1.7463181880117442,115,0
fnaska,goteborgsposten,1890,1,65852833,0.01518537554792821,1,0
fostermoder,goteborgsposten,1890,0,65852833,0.0,0,0
fostermor,goteborgsposten,1890,69,65852833,1.0477909128070466,69,0
friherrinna,goteborgsposten,1890,0,65852833,0.0,0,0
fru,goteborgsposten,1890,36620,65852833,556.0884525651311,36617,3
fruntimmer,goteborgsposten,1890,1348,65852833,20.46988623860723,1346,2
fröken,goteborgsposten,1890,15113,65852833,229.49658065583907,15110,3
författarinna,goteborgsposten,1890,407,65852833,6.180447848006782,406,1
gammal,goteborgsposten,1890,31088,65852833,472.0829550339922,0,31088
gammal gumma,goteborgsposten,1890,36,65852833,0.5466735197254156,36,0
gammelmor,goteborgsposten,1890,0,65852833,0.0,0,0
gemål,goteborgsposten,1890,800,65852833,12.148300438342568,800,0
grevinna,goteborgsposten,1890,10,65852833,0.15185375547928212,10,0
gumma,goteborgsposten,1890,560,65852833,8.503810306839798,560,0
guvernant,goteborgsposten,1890,134,65852833,2.0348403234223804,134,0
hennes,goteborgsposten,1890,0,65852833,0.0,0,0
hertiginna,goteborgsposten,1890,655,65852833,9.946420983892978,654,1
hjältinna,goteborgsposten,1890,1,65852833,0.01518537554792821,1,0
hjärtevän,goteborgsposten,1890,1,65852833,0.01518537554792821,1,0
hona,goteborgsposten,1890,142,65852833,2.156323327805806,142,0
honkön,goteborgsposten,1890,3,65852833,0.04555612664378463,3,0
hora,goteborgsposten,1890,202,65852833,3.0674458606814987,202,0
husfru,goteborgsposten,1890,30,65852833,0.45556126643784634,30,0
hushållerska,goteborgsposten,1890,261,65852833,3.9633830180092633,261,0
husmoder,goteborgsposten,1890,0,65852833,0.0,0,0
husmor,goteborgsposten,1890,314,65852833,4.768207922049458,314,0
hustru,goteborgsposten,1890,8069,65852833,122.53079529623274,8068,1
häxa,goteborgsposten,1890,0,65852833,0.0,0,0
jungfru,goteborgsposten,1890,720,65852833,10.933470394508312,720,0
jänta,goteborgsposten,1890,35,65852833,0.5314881441774874,35,0
jäntunge,goteborgsposten,1890,0,65852833,0.0,0,0
kassörska,goteborgsposten,1890,125,65852833,1.8981719434910265,125,0
kejsarinna,goteborgsposten,1890,1491,65852833,22.641394941960964,1490,1
kokerska,goteborgsposten,1890,279,65852833,4.236719777871971,279,0
kokfru,goteborgsposten,1890,0,65852833,0.0,0,0
konstnärinna,goteborgsposten,1890,0,65852833,0.0,0,0
kontorist,goteborgsposten,1890,612,65852833,9.293449835332066,612,0
kontorsfröken,goteborgsposten,1890,0,65852833,0.0,0,0
kviga,goteborgsposten,1890,0,65852833,0.0,0,0
kvinna,goteborgsposten,1890,77,65852833,1.1692739171904722,77,0
kvinnfolk,goteborgsposten,1890,0,65852833,0.0,0,0
kvinnlig,goteborgsposten,1890,1,65852833,0.01518537554792821,1,0
kvinnlighet,goteborgsposten,1890,0,65852833,0.0,0,0
kvinnokön,goteborgsposten,1890,0,65852833,0.0,0,0
kvinnsperson,goteborgsposten,1890,0,65852833,0.0,0,0
käring,goteborgsposten,1890,77,65852833,1.1692739171904722,77,0
kärring,goteborgsposten,1890,9,65852833,0.1366683799313539,9,0
landshövdingska,goteborgsposten,1890,0,65852833,0.0,0,0
lillflicka,goteborgsposten,1890,0,65852833,0.0,0,0
liten,goteborgsposten,1890,71748,65852833,1089.5203248127534,0,71748
liten flicka,goteborgsposten,1890,236,65852833,3.583748629311058,236,0
livskamrat,goteborgsposten,1890,0,65852833,0.0,0,0
lärarinna,goteborgsposten,1890,1368,65852833,20.773593749565794,1367,1
madam,goteborgsposten,1890,215,65852833,3.2648557428045653,215,0
madame,goteborgsposten,1890,214,65852833,3.249670367256637,213,1
maka,goteborgsposten,1890,3077,65852833,46.7254005609751,3077,0
mamma,goteborgsposten,1890,872,65852833,13.2416474777934,872,0
mamsell,goteborgsposten,1890,76,65852833,1.1540885416425442,76,0
matmor,goteborgsposten,1890,128,65852833,1.943728070134811,128,0
moder,goteborgsposten,1890,2678,65852833,40.66643571735175,2678,0
moderlig,goteborgsposten,1890,124,65852833,1.8829865679430982,124,0
moderlighet,goteborgsposten,1890,1,65852833,0.01518537554792821,1,0
mor,goteborgsposten,1890,5225,65852833,79.34358723792491,5225,0
mormor,goteborgsposten,1890,223,65852833,3.3863387471879913,223,0
mö,goteborgsposten,1890,179,65852833,2.71818222307915,179,0
piga,goteborgsposten,1890,463,65852833,7.030828878690762,463,0
poetissa,goteborgsposten,1890,5,65852833,0.07592687773964106,5,0
prinsessa,goteborgsposten,1890,2100,65852833,31.889288650649245,2100,0
prostinna,goteborgsposten,1890,0,65852833,0.0,0,0
prästfru,goteborgsposten,1890,0,65852833,0.0,0,0
quinfolk,goteborgsposten,1890,0,65852833,0.0,0,0
quinna,goteborgsposten,1890,0,65852833,0.0,0,0
quinnor,goteborgsposten,1890,0,65852833,0.0,0,0
qvinfolk,goteborgsposten,1890,0,65852833,0.0,0,0
qvinnokön,goteborgsposten,1890,0,65852833,0.0,0,0
qvinnor,goteborgsposten,1890,0,65852833,0.0,0,0
qvinsperson,goteborgsposten,1890,0,65852833,0.0,0,0
ragata,goteborgsposten,1890,2,65852833,0.03037075109585642,2,0
satkärring,goteborgsposten,1890,0,65852833,0.0,0,0
sig,goteborgsposten,1890,172881,65852833,2625.262910101377,172855,26
sjuksköterska,goteborgsposten,1890,217,65852833,3.295226493900422,217,0
själv,goteborgsposten,1890,4,65852833,0.06074150219171284,4,0
skata,goteborgsposten,1890,68,65852833,1.0326055372591183,68,0
skollärarinna,goteborgsposten,1890,0,65852833,0.0,0,0
skrivbiträde,goteborgsposten,1890,0,65852833,0.0,0,0
skådespelerska,goteborgsposten,1890,727,65852833,11.03976802334381,727,0
sköka,goteborgsposten,1890,9,65852833,0.1366683799313539,9,0
slampa,goteborgsposten,1890,0,65852833,0.0,0,0
slinka,goteborgsposten,1890,32,65852833,0.48593201753370274,32,0
slyna,goteborgsposten,1890,15,65852833,0.22778063321892317,15,0
småflicka,goteborgsposten,1890,34,65852833,0.5163027686295592,34,0
sondotter,goteborgsposten,1890,55,65852833,0.8351956551360517,55,0
spinnerska,goteborgsposten,1890,0,65852833,0.0,0,0
styvmor,goteborgsposten,1890,0,65852833,0.0,0,0
subba,goteborgsposten,1890,1,65852833,0.01518537554792821,1,0
sugga,goteborgsposten,1890,179,65852833,2.71818222307915,179,0
svärmor,goteborgsposten,1890,279,65852833,4.236719777871971,278,1
syster,goteborgsposten,1890,2771,65852833,42.078675643309076,2771,0
systerdotter,goteborgsposten,1890,65,65852833,0.9870494106153337,65,0
sångerska,goteborgsposten,1890,1543,65852833,23.43103447045323,1543,0
sömmerska,goteborgsposten,1890,334,65852833,5.071915433008023,334,0
tant,goteborgsposten,1890,1136,65852833,17.25058662244645,1136,0
telefonist,goteborgsposten,1890,43,65852833,0.6529711485609131,43,0
tjej,goteborgsposten,1890,0,65852833,0.0,0,0
tjänarinna,goteborgsposten,1890,2,65852833,0.03037075109585642,2,0
trollpacka,goteborgsposten,1890,10,65852833,0.15185375547928212,10,0
tvätterska,goteborgsposten,1890,63,65852833,0.9566786595194773,63,0
tös,goteborgsposten,1890,34,65852833,0.5163027686295592,34,0
tösabit,goteborgsposten,1890,0,65852833,0.0,0,0
ungflicka,goteborgsposten,1890,0,65852833,0.0,0,0
värdinna,goteborgsposten,1890,404,65852833,6.134891721362997,404,0
väverska,goteborgsposten,1890,0,65852833,0.0,0,0
äkta,goteborgsposten,1890,4739,65852833,71.96349472163179,0,4739
äkta maka,goteborgsposten,1890,3,65852833,0.04555612664378463,3,0
änka,goteborgsposten,1890,48,65852833,0.7288980263005541,48,0
amma,goteborgsweckoblad,1880,38,8408798,4.519076329339818,38,0
barnmorska,goteborgsweckoblad,1880,74,8408798,8.800306536082802,74,0
baronessa,goteborgsweckoblad,1880,1,8408798,0.11892306129841626,1,0
borgmästarfru,goteborgsweckoblad,1880,0,8408798,0.0,0,0
dam,goteborgsweckoblad,1880,431,8408798,51.2558394196174,431,0
dotter,goteborgsweckoblad,1880,739,8408798,87.88414229952961,739,0
drottning,goteborgsweckoblad,1880,553,8408798,65.76445289802419,553,0
fabriksarbeterska,goteborgsweckoblad,1880,0,8408798,0.0,0,0
farmor,goteborgsweckoblad,1880,3,8408798,0.35676918389524875,3,0
feminin,goteborgsweckoblad,1880,0,8408798,0.0,0,0
flicka,goteborgsweckoblad,1880,1674,8408798,199.07720461354882,1674,0
flickebarn,goteborgsweckoblad,1880,21,8408798,2.4973842872667413,21,0
fnaska,goteborgsweckoblad,1880,0,8408798,0.0,0,0
fostermoder,goteborgsweckoblad,1880,0,8408798,0.0,0,0
fostermor,goteborgsweckoblad,1880,1,8408798,0.11892306129841626,1,0
friherrinna,goteborgsweckoblad,1880,0,8408798,0.0,0,0
fru,goteborgsweckoblad,1880,1644,8408798,195.50951277459632,1644,0
fruntimmer,goteborgsweckoblad,1880,334,8408798,39.720302473671026,334,0
fröken,goteborgsweckoblad,1880,659,8408798,78.37029739565631,659,0
författarinna,goteborgsweckoblad,1880,33,8408798,3.9244610228477366,33,0
gammal,goteborgsweckoblad,1880,5279,8408798,627.7948405943393,0,5279
gammal gumma,goteborgsweckoblad,1880,7,8408798,0.8324614290889137,7,0
gammelmor,goteborgsweckoblad,1880,0,8408798,0.0,0,0
gemål,goteborgsweckoblad,1880,79,8408798,9.394921842574885,79,0
grevinna,goteborgsweckoblad,1880,0,8408798,0.0,0,0
gumma,goteborgsweckoblad,1880,76,8408798,9.038152658679635,76,0
guvernant,goteborgsweckoblad,1880,10,8408798,1.1892306129841625,10,0
hennes,goteborgsweckoblad,1880,0,8408798,0.0,0,0
hertiginna,goteborgsweckoblad,1880,8,8408798,0.9513844903873301,8,0
hjältinna,goteborgsweckoblad,1880,0,8408798,0.0,0,0
hjärtevän,goteborgsweckoblad,1880,0,8408798,0.0,0,0
hona,goteborgsweckoblad,1880,14,8408798,1.6649228581778275,14,0
honkön,goteborgsweckoblad,1880,0,8408798,0.0,0,0
hora,goteborgsweckoblad,1880,4,8408798,0.47569224519366504,4,0
husfru,goteborgsweckoblad,1880,3,8408798,0.35676918389524875,3,0
hushållerska,goteborgsweckoblad,1880,42,8408798,4.994768574533483,42,0
husmoder,goteborgsweckoblad,1880,0,8408798,0.0,0,0
husmor,goteborgsweckoblad,1880,130,8408798,15.459997968794113,130,0
hustru,goteborgsweckoblad,1880,1243,8408798,147.8213651939314,1243,0
häxa,goteborgsweckoblad,1880,1,8408798,0.11892306129841626,1,0
jungfru,goteborgsweckoblad,1880,557,8408798,66.24014514321786,557,0
jänta,goteborgsweckoblad,1880,5,8408798,0.5946153064920813,5,0
jäntunge,goteborgsweckoblad,1880,0,8408798,0.0,0,0
kassörska,goteborgsweckoblad,1880,6,8408798,0.7135383677904975,6,0
kejsarinna,goteborgsweckoblad,1880,92,8408798,10.940921639454295,92,0
kokerska,goteborgsweckoblad,1880,27,8408798,3.2109226550572387,27,0
kokfru,goteborgsweckoblad,1880,0,8408798,0.0,0,0
konstnärinna,goteborgsweckoblad,1880,0,8408798,0.0,0,0
kontorist,goteborgsweckoblad,1880,34,8408798,4.043384084146153,34,0
kontorsfröken,goteborgsweckoblad,1880,0,8408798,0.0,0,0
kviga,goteborgsweckoblad,1880,1,8408798,0.11892306129841626,1,0
kvinna,goteborgsweckoblad,1880,107,8408798,12.72476755893054,107,0
kvinnfolk,goteborgsweckoblad,1880,0,8408798,0.0,0,0
kvinnlig,goteborgsweckoblad,1880,1,8408798,0.11892306129841626,1,0
kvinnlighet,goteborgsweckoblad,1880,0,8408798,0.0,0,0
kvinnokön,goteborgsweckoblad,1880,0,8408798,0.0,0,0
kvinnsperson,goteborgsweckoblad,1880,0,8408798,0.0,0,0
käring,goteborgsweckoblad,1880,2,8408798,0.23784612259683252,2,0
kärring,goteborgsweckoblad,1880,0,8408798,0.0,0,0
landshövdingska,goteborgsweckoblad,1880,0,8408798,0.0,0,0
lillflicka,goteborgsweckoblad,1880,0,8408798,0.0,0,0
liten,goteborgsweckoblad,1880,12147,8408798,1444.5584255918623,0,12147
liten flicka,goteborgsweckoblad,1880,51,8408798,6.065076126219229,51,0
livskamrat,goteborgsweckoblad,1880,0,8408798,0.0,0,0
lärarinna,goteborgsweckoblad,1880,649,8408798,77.18106678267215,649,0
madam,goteborgsweckoblad,1880,68,8408798,8.086768168292306,68,0
madame,goteborgsweckoblad,1880,3,8408798,0.35676918389524875,3,0
maka,goteborgsweckoblad,1880,170,8408798,20.216920420730762,170,0
mamma,goteborgsweckoblad,1880,36,8408798,4.281230206742985,36,0
mamsell,goteborgsweckoblad,1880,34,8408798,4.043384084146153,33,1
matmor,goteborgsweckoblad,1880,4,8408798,0.47569224519366504,4,0
moder,goteborgsweckoblad,1880,741,8408798,88.12198842212645,741,0
moderlig,goteborgsweckoblad,1880,29,8408798,3.448768777654071,29,0
moderlighet,goteborgsweckoblad,1880,0,8408798,0.0,0,0
mor,goteborgsweckoblad,1880,857,8408798,101.91706353274273,857,0
mormor,goteborgsweckoblad,1880,30,8408798,3.5676918389524874,30,0
mö,goteborgsweckoblad,1880,13,8408798,1.5459997968794112,13,0
piga,goteborgsweckoblad,1880,140,8408798,16.649228581778274,140,0
poetissa,goteborgsweckoblad,1880,0,8408798,0.0,0,0
prinsessa,goteborgsweckoblad,1880,190,8408798,22.59538164669909,190,0
prostinna,goteborgsweckoblad,1880,0,8408798,0.0,0,0
prästfru,goteborgsweckoblad,1880,0,8408798,0.0,0,0
quinfolk,goteborgsweckoblad,1880,0,8408798,0.0,0,0
quinna,goteborgsweckoblad,1880,0,8408798,0.0,0,0
quinnor,goteborgsweckoblad,1880,0,8408798,0.0,0,0
qvinfolk,goteborgsweckoblad,1880,0,8408798,0.0,0,0
qvinnokön,goteborgsweckoblad,1880,0,8408798,0.0,0,0
qvinnor,goteborgsweckoblad,1880,0,8408798,0.0,0,0
qvinsperson,goteborgsweckoblad,1880,0,8408798,0.0,0,0
ragata,goteborgsweckoblad,1880,0,8408798,0.0,0,0
satkärring,goteborgsweckoblad,1880,0,8408798,0.0,0,0
sig,goteborgsweckoblad,1880,32025,8408798,3808.5110380817805,32024,1
sjuksköterska,goteborgsweckoblad,1880,28,8408798,3.329845716355655,28,0
själv,goteborgsweckoblad,1880,3,8408798,0.35676918389524875,3,0
skata,goteborgsweckoblad,1880,2,8408798,0.23784612259683252,2,0
skollärarinna,goteborgsweckoblad,1880,0,8408798,0.0,0,0
skrivbiträde,goteborgsweckoblad,1880,0,8408798,0.0,0,0
skådespelerska,goteborgsweckoblad,1880,4,8408798,0.47569224519366504,4,0
sköka,goteborgsweckoblad,1880,124,8408798,14.746459601003615,124,0
slampa,goteborgsweckoblad,1880,0,8408798,0.0,0,0
slinka,goteborgsweckoblad,1880,1,8408798,0.11892306129841626,1,0
slyna,goteborgsweckoblad,1880,0,8408798,0.0,0,0
småflicka,goteborgsweckoblad,1880,5,8408798,0.5946153064920813,5,0
sondotter,goteborgsweckoblad,1880,1,8408798,0.11892306129841626,1,0
spinnerska,goteborgsweckoblad,1880,0,8408798,0.0,0,0
styvmor,goteborgsweckoblad,1880,0,8408798,0.0,0,0
subba,goteborgsweckoblad,1880,0,8408798,0.0,0,0
sugga,goteborgsweckoblad,1880,3,8408798,0.35676918389524875,3,0
svärmor,goteborgsweckoblad,1880,19,8408798,2.259538164669909,19,0
syster,goteborgsweckoblad,1880,424,8408798,50.42337799052849,424,0
systerdotter,goteborgsweckoblad,1880,2,8408798,0.23784612259683252,2,0
sångerska,goteborgsweckoblad,1880,13,8408798,1.5459997968794112,13,0
sömmerska,goteborgsweckoblad,1880,37,8408798,4.400153268041401,37,0
tant,goteborgsweckoblad,1880,23,8408798,2.735230409863574,23,0
telefonist,goteborgsweckoblad,1880,0,8408798,0.0,0,0
tjej,goteborgsweckoblad,1880,0,8408798,0.0,0,0
tjänarinna,goteborgsweckoblad,1880,0,8408798,0.0,0,0
trollpacka,goteborgsweckoblad,1880,2,8408798,0.23784612259683252,2,0
tvätterska,goteborgsweckoblad,1880,5,8408798,0.5946153064920813,5,0
tös,goteborgsweckoblad,1880,0,8408798,0.0,0,0
tösabit,goteborgsweckoblad,1880,0,8408798,0.0,0,0
ungflicka,goteborgsweckoblad,1880,0,8408798,0.0,0,0
värdinna,goteborgsweckoblad,1880,12,8408798,1.427076735580995,12,0
väverska,goteborgsweckoblad,1880,0,8408798,0.0,0,0
äkta,goteborgsweckoblad,1880,531,8408798,63.14814554945903,0,531
äkta maka,goteborgsweckoblad,1880,1,8408798,0.11892306129841626,1,0
änka,goteborgsweckoblad,1880,2,8408798,0.23784612259683252,2,0
amma,goteborgsweckoblad,1890,12,2973018,4.036302504727519,12,0
barnmorska,goteborgsweckoblad,1890,15,2973018,5.045378130909399,15,0
baronessa,goteborgsweckoblad,1890,6,2973018,2.0181512523637597,6,0
borgmästarfru,goteborgsweckoblad,1890,0,2973018,0.0,0,0
dam,goteborgsweckoblad,1890,255,2973018,85.77142822545979,254,1
dotter,goteborgsweckoblad,1890,345,2973018,116.04369701091618,345,0
drottning,goteborgsweckoblad,1890,155,2973018,52.135574019397126,155,0
fabriksarbeterska,goteborgsweckoblad,1890,0,2973018,0.0,0,0
farmor,goteborgsweckoblad,1890,10,2973018,3.3635854206062663,10,0
feminin,goteborgsweckoblad,1890,0,2973018,0.0,0,0
flicka,goteborgsweckoblad,1890,708,2973018,238.14184777892365,708,0
flickebarn,goteborgsweckoblad,1890,10,2973018,3.3635854206062663,10,0
fnaska,goteborgsweckoblad,1890,0,2973018,0.0,0,0
fostermoder,goteborgsweckoblad,1890,0,2973018,0.0,0,0
fostermor,goteborgsweckoblad,1890,5,2973018,1.6817927103031332,5,0
friherrinna,goteborgsweckoblad,1890,0,2973018,0.0,0,0
fru,goteborgsweckoblad,1890,698,2973018,234.77826235831736,698,0
fruntimmer,goteborgsweckoblad,1890,86,2973018,28.92683461721389,86,0
fröken,goteborgsweckoblad,1890,332,2973018,111.67103596412804,332,0
författarinna,goteborgsweckoblad,1890,19,2973018,6.390812299151905,19,0
gammal,goteborgsweckoblad,1890,2737,2973018,920.613329619935,0,2737
gammal gumma,goteborgsweckoblad,1890,8,2973018,2.690868336485013,8,0
gammelmor,goteborgsweckoblad,1890,0,2973018,0.0,0,0
gemål,goteborgsweckoblad,1890,28,2973018,9.418039177697546,28,0
grevinna,goteborgsweckoblad,1890,0,2973018,0.0,0,0
gumma,goteborgsweckoblad,1890,62,2973018,20.85422960775885,62,0
guvernant,goteborgsweckoblad,1890,5,2973018,1.6817927103031332,5,0
hennes,goteborgsweckoblad,1890,0,2973018,0.0,0,0
hertiginna,goteborgsweckoblad,1890,7,2973018,2.3545097944243865,7,0
hjältinna,goteborgsweckoblad,1890,3,2973018,1.0090756261818798,3,0
hjärtevän,goteborgsweckoblad,1890,0,2973018,0.0,0,0
hona,goteborgsweckoblad,1890,4,2973018,1.3454341682425064,4,0
honkön,goteborgsweckoblad,1890,0,2973018,0.0,0,0
hora,goteborgsweckoblad,1890,1,2973018,0.3363585420606266,1,0
husfru,goteborgsweckoblad,1890,2,2973018,0.6727170841212532,2,0
hushållerska,goteborgsweckoblad,1890,8,2973018,2.690868336485013,8,0
husmoder,goteborgsweckoblad,1890,0,2973018,0.0,0,0
husmor,goteborgsweckoblad,1890,44,2973018,14.79977585066757,44,0
hustru,goteborgsweckoblad,1890,650,2973018,218.6330523394073,649,1
häxa,goteborgsweckoblad,1890,2,2973018,0.6727170841212532,2,0
jungfru,goteborgsweckoblad,1890,144,2973018,48.43563005673023,144,0
jänta,goteborgsweckoblad,1890,0,2973018,0.0,0,0
jäntunge,goteborgsweckoblad,1890,0,2973018,0.0,0,0
kassörska,goteborgsweckoblad,1890,1,2973018,0.3363585420606266,1,0
kejsarinna,goteborgsweckoblad,1890,24,2973018,8.072605009455039,24,0
kokerska,goteborgsweckoblad,1890,9,2973018,3.0272268785456395,9,0
kokfru,goteborgsweckoblad,1890,0,2973018,0.0,0,0
konstnärinna,goteborgsweckoblad,1890,0,2973018,0.0,0,0
kontorist,goteborgsweckoblad,1890,14,2973018,4.709019588848773,14,0
kontorsfröken,goteborgsweckoblad,1890,0,2973018,0.0,0,0
kviga,goteborgsweckoblad,1890,6,2973018,2.0181512523637597,6,0
kvinna,goteborgsweckoblad,1890,667,2973018,224.35114755443794,667,0
kvinnfolk,goteborgsweckoblad,1890,1,2973018,0.3363585420606266,1,0
kvinnlig,goteborgsweckoblad,1890,18,2973018,6.054453757091279,18,0
kvinnlighet,goteborgsweckoblad,1890,1,2973018,0.3363585420606266,1,0
kvinnokön,goteborgsweckoblad,1890,0,2973018,0.0,0,0
kvinnsperson,goteborgsweckoblad,1890,0,2973018,0.0,0,0
käring,goteborgsweckoblad,1890,3,2973018,1.0090756261818798,3,0
kärring,goteborgsweckoblad,1890,0,2973018,0.0,0,0
landshövdingska,goteborgsweckoblad,1890,0,2973018,0.0,0,0
lillflicka,goteborgsweckoblad,1890,0,2973018,0.0,0,0
liten,goteborgsweckoblad,1890,5460,2973018,1836.5176396510212,0,5460
liten flicka,goteborgsweckoblad,1890,54,2973018,18.163361271273835,54,0
livskamrat,goteborgsweckoblad,1890,0,2973018,0.0,0,0
lärarinna,goteborgsweckoblad,1890,132,2973018,44.39932755200271,132,0
madam,goteborgsweckoblad,1890,19,2973018,6.390812299151905,19,0
madame,goteborgsweckoblad,1890,4,2973018,1.3454341682425064,4,0
maka,goteborgsweckoblad,1890,80,2973018,26.90868336485013,80,0
mamma,goteborgsweckoblad,1890,69,2973018,23.208739402183237,69,0
mamsell,goteborgsweckoblad,1890,1,2973018,0.3363585420606266,1,0
matmor,goteborgsweckoblad,1890,1,2973018,0.3363585420606266,1,0
moder,goteborgsweckoblad,1890,415,2973018,139.58879495516004,415,0
moderlig,goteborgsweckoblad,1890,12,2973018,4.036302504727519,12,0
moderlighet,goteborgsweckoblad,1890,0,2973018,0.0,0,0
mor,goteborgsweckoblad,1890,575,2973018,193.4061616848603,575,0
mormor,goteborgsweckoblad,1890,12,2973018,4.036302504727519,12,0
mö,goteborgsweckoblad,1890,5,2973018,1.6817927103031332,5,0
piga,goteborgsweckoblad,1890,35,2973018,11.772548972121932,35,0
poetissa,goteborgsweckoblad,1890,0,2973018,0.0,0,0
prinsessa,goteborgsweckoblad,1890,40,2973018,13.454341682425065,40,0
prostinna,goteborgsweckoblad,1890,0,2973018,0.0,0,0
prästfru,goteborgsweckoblad,1890,0,2973018,0.0,0,0
quinfolk,goteborgsweckoblad,1890,0,2973018,0.0,0,0
quinna,goteborgsweckoblad,1890,0,2973018,0.0,0,0
quinnor,goteborgsweckoblad,1890,0,2973018,0.0,0,0
qvinfolk,goteborgsweckoblad,1890,0,2973018,0.0,0,0
qvinnokön,goteborgsweckoblad,1890,0,2973018,0.0,0,0
qvinnor,goteborgsweckoblad,1890,0,2973018,0.0,0,0
qvinsperson,goteborgsweckoblad,1890,0,2973018,0.0,0,0
ragata,goteborgsweckoblad,1890,0,2973018,0.0,0,0
satkärring,goteborgsweckoblad,1890,0,2973018,0.0,0,0
sig,goteborgsweckoblad,1890,12571,2973018,4228.363232244137,12569,2
sjuksköterska,goteborgsweckoblad,1890,11,2973018,3.6999439626668926,11,0
själv,goteborgsweckoblad,1890,0,2973018,0.0,0,0
skata,goteborgsweckoblad,1890,2,2973018,0.6727170841212532,2,0
skollärarinna,goteborgsweckoblad,1890,0,2973018,0.0,0,0
skrivbiträde,goteborgsweckoblad,1890,0,2973018,0.0,0,0
skådespelerska,goteborgsweckoblad,1890,1,2973018,0.3363585420606266,1,0
sköka,goteborgsweckoblad,1890,6,2973018,2.0181512523637597,6,0
slampa,goteborgsweckoblad,1890,0,2973018,0.0,0,0
slinka,goteborgsweckoblad,1890,0,2973018,0.0,0,0
slyna,goteborgsweckoblad,1890,0,2973018,0.0,0,0
småflicka,goteborgsweckoblad,1890,1,2973018,0.3363585420606266,1,0
sondotter,goteborgsweckoblad,1890,18,2973018,6.054453757091279,18,0
spinnerska,goteborgsweckoblad,1890,0,2973018,0.0,0,0
styvmor,goteborgsweckoblad,1890,0,2973018,0.0,0,0
subba,goteborgsweckoblad,1890,1,2973018,0.3363585420606266,1,0
sugga,goteborgsweckoblad,1890,7,2973018,2.3545097944243865,7,0
svärmor,goteborgsweckoblad,1890,12,2973018,4.036302504727519,12,0
syster,goteborgsweckoblad,1890,165,2973018,55.49915944000339,164,1
systerdotter,goteborgsweckoblad,1890,4,2973018,1.3454341682425064,4,0
sångerska,goteborgsweckoblad,1890,9,2973018,3.0272268785456395,9,0
sömmerska,goteborgsweckoblad,1890,25,2973018,8.408963551515665,25,0
tant,goteborgsweckoblad,1890,39,2973018,13.117983140364437,39,0
telefonist,goteborgsweckoblad,1890,0,2973018,0.0,0,0
tjej,goteborgsweckoblad,1890,0,2973018,0.0,0,0
tjänarinna,goteborgsweckoblad,1890,25,2973018,8.408963551515665,25,0
trollpacka,goteborgsweckoblad,1890,1,2973018,0.3363585420606266,1,0
tvätterska,goteborgsweckoblad,1890,2,2973018,0.6727170841212532,2,0
tös,goteborgsweckoblad,1890,3,2973018,1.0090756261818798,3,0
tösabit,goteborgsweckoblad,1890,0,2973018,0.0,0,0
ungflicka,goteborgsweckoblad,1890,0,2973018,0.0,0,0
värdinna,goteborgsweckoblad,1890,13,2973018,4.372661046788146,13,0
väverska,goteborgsweckoblad,1890,0,2973018,0.0,0,0
äkta,goteborgsweckoblad,1890,234,2973018,78.70789884218662,0,234
äkta maka,goteborgsweckoblad,1890,1,2973018,0.3363585420606266,1,0
änka,goteborgsweckoblad,1890,17,2973018,5.718095215030653,17,0
amma,gotlandstidning,1880,81,5818599,13.920876829628575,81,0
barnmorska,gotlandstidning,1880,31,5818599,5.327742984178838,31,0
baronessa,gotlandstidning,1880,1,5818599,0.17186267690899476,1,0
borgmästarfru,gotlandstidning,1880,0,5818599,0.0,0,0
dam,gotlandstidning,1880,802,5818599,137.8338668810138,802,0
dotter,gotlandstidning,1880,757,5818599,130.10004642010904,757,0
drottning,gotlandstidning,1880,376,5818599,64.62036651778203,376,0
fabriksarbeterska,gotlandstidning,1880,0,5818599,0.0,0,0
farmor,gotlandstidning,1880,18,5818599,3.093528184361906,18,0
feminin,gotlandstidning,1880,2,5818599,0.3437253538179895,2,0
flicka,gotlandstidning,1880,1040,5818599,178.73718398535456,1040,0
flickebarn,gotlandstidning,1880,13,5818599,2.234214799816932,13,0
fnaska,gotlandstidning,1880,0,5818599,0.0,0,0
fostermoder,gotlandstidning,1880,0,5818599,0.0,0,0
fostermor,gotlandstidning,1880,31,5818599,5.327742984178838,31,0
friherrinna,gotlandstidning,1880,0,5818599,0.0,0,0
fru,gotlandstidning,1880,1765,5818599,303.3376247443758,1765,0
fruntimmer,gotlandstidning,1880,292,5818599,50.18390165742647,292,0
fröken,gotlandstidning,1880,918,5818599,157.7699374024572,918,0
författarinna,gotlandstidning,1880,20,5818599,3.437253538179895,20,0
gammal,gotlandstidning,1880,3523,5818599,605.4722107503885,0,3523
gammal gumma,gotlandstidning,1880,11,5818599,1.8904894459989423,11,0
gammelmor,gotlandstidning,1880,0,5818599,0.0,0,0
gemål,gotlandstidning,1880,44,5818599,7.561957783995769,44,0
grevinna,gotlandstidning,1880,2,5818599,0.3437253538179895,2,0
gumma,gotlandstidning,1880,236,5818599,40.55959175052276,236,0
guvernant,gotlandstidning,1880,22,5818599,3.7809788919978846,22,0
hennes,gotlandstidning,1880,0,5818599,0.0,0,0
hertiginna,gotlandstidning,1880,42,5818599,7.21823243017778,42,0
hjältinna,gotlandstidning,1880,1,5818599,0.17186267690899476,1,0
hjärtevän,gotlandstidning,1880,2,5818599,0.3437253538179895,2,0
hona,gotlandstidning,1880,29,5818599,4.984017630360848,29,0
honkön,gotlandstidning,1880,1,5818599,0.17186267690899476,1,0
hora,gotlandstidning,1880,12,5818599,2.062352122907937,12,0
husfru,gotlandstidning,1880,5,5818599,0.8593133845449737,5,0
hushållerska,gotlandstidning,1880,22,5818599,3.7809788919978846,22,0
husmoder,gotlandstidning,1880,0,5818599,0.0,0,0
husmor,gotlandstidning,1880,55,5818599,9.452447229994712,55,0
hustru,gotlandstidning,1880,1041,5818599,178.90904666226353,1041,0
häxa,gotlandstidning,1880,1,5818599,0.17186267690899476,1,0
jungfru,gotlandstidning,1880,97,5818599,16.670679660172492,97,0
jänta,gotlandstidning,1880,9,5818599,1.546764092180953,9,0
jäntunge,gotlandstidning,1880,0,5818599,0.0,0,0
kassörska,gotlandstidning,1880,4,5818599,0.687450707635979,4,0
kejsarinna,gotlandstidning,1880,49,5818599,8.421271168540743,49,0
kokerska,gotlandstidning,1880,17,5818599,2.9216655074529108,17,0
kokfru,gotlandstidning,1880,0,5818599,0.0,0,0
konstnärinna,gotlandstidning,1880,0,5818599,0.0,0,0
kontorist,gotlandstidning,1880,13,5818599,2.234214799816932,13,0
kontorsfröken,gotlandstidning,1880,0,5818599,0.0,0,0
kviga,gotlandstidning,1880,0,5818599,0.0,0,0
kvinna,gotlandstidning,1880,2,5818599,0.3437253538179895,2,0
kvinnfolk,gotlandstidning,1880,0,5818599,0.0,0,0
kvinnlig,gotlandstidning,1880,0,5818599,0.0,0,0
kvinnlighet,gotlandstidning,1880,0,5818599,0.0,0,0
kvinnokön,gotlandstidning,1880,0,5818599,0.0,0,0
kvinnsperson,gotlandstidning,1880,0,5818599,0.0,0,0
käring,gotlandstidning,1880,22,5818599,3.7809788919978846,22,0
kärring,gotlandstidning,1880,5,5818599,0.8593133845449737,5,0
landshövdingska,gotlandstidning,1880,0,5818599,0.0,0,0
lillflicka,gotlandstidning,1880,0,5818599,0.0,0,0
liten,gotlandstidning,1880,7054,5818599,1212.319322916049,0,7054
liten flicka,gotlandstidning,1880,23,5818599,3.9528415689068797,23,0
livskamrat,gotlandstidning,1880,0,5818599,0.0,0,0
lärarinna,gotlandstidning,1880,65,5818599,11.17107399908466,65,0
madam,gotlandstidning,1880,57,5818599,9.796172583812702,57,0
madame,gotlandstidning,1880,46,5818599,7.905683137813759,46,0
maka,gotlandstidning,1880,180,5818599,30.935281843619055,180,0
mamma,gotlandstidning,1880,135,5818599,23.201461382714292,135,0
mamsell,gotlandstidning,1880,81,5818599,13.920876829628575,81,0
matmor,gotlandstidning,1880,38,5818599,6.530781722541801,38,0
moder,gotlandstidning,1880,411,5818599,70.63556020959685,411,0
moderlig,gotlandstidning,1880,20,5818599,3.437253538179895,20,0
moderlighet,gotlandstidning,1880,0,5818599,0.0,0,0
mor,gotlandstidning,1880,933,5818599,160.3478775560921,933,0
mormor,gotlandstidning,1880,58,5818599,9.968035260721695,58,0
mö,gotlandstidning,1880,29,5818599,4.984017630360848,29,0
piga,gotlandstidning,1880,177,5818599,30.419693812892074,176,1
poetissa,gotlandstidning,1880,0,5818599,0.0,0,0
prinsessa,gotlandstidning,1880,255,5818599,43.824982611793665,254,1
prostinna,gotlandstidning,1880,0,5818599,0.0,0,0
prästfru,gotlandstidning,1880,0,5818599,0.0,0,0
quinfolk,gotlandstidning,1880,0,5818599,0.0,0,0
quinna,gotlandstidning,1880,0,5818599,0.0,0,0
quinnor,gotlandstidning,1880,0,5818599,0.0,0,0
qvinfolk,gotlandstidning,1880,0,5818599,0.0,0,0
qvinnokön,gotlandstidning,1880,0,5818599,0.0,0,0
qvinnor,gotlandstidning,1880,0,5818599,0.0,0,0
qvinsperson,gotlandstidning,1880,0,5818599,0.0,0,0
ragata,gotlandstidning,1880,0,5818599,0.0,0,0
satkärring,gotlandstidning,1880,0,5818599,0.0,0,0
sig,gotlandstidning,1880,16951,5818599,2913.2442362843703,16947,4
sjuksköterska,gotlandstidning,1880,14,5818599,2.4060774767259265,14,0
själv,gotlandstidning,1880,3,5818599,0.5155880307269842,3,0
skata,gotlandstidning,1880,3,5818599,0.5155880307269842,3,0
skollärarinna,gotlandstidning,1880,0,5818599,0.0,0,0
skrivbiträde,gotlandstidning,1880,0,5818599,0.0,0,0
skådespelerska,gotlandstidning,1880,72,5818599,12.374112737447623,72,0
sköka,gotlandstidning,1880,0,5818599,0.0,0,0
slampa,gotlandstidning,1880,0,5818599,0.0,0,0
slinka,gotlandstidning,1880,10,5818599,1.7186267690899475,10,0
slyna,gotlandstidning,1880,1,5818599,0.17186267690899476,1,0
småflicka,gotlandstidning,1880,1,5818599,0.17186267690899476,1,0
sondotter,gotlandstidning,1880,7,5818599,1.2030387383629633,7,0
spinnerska,gotlandstidning,1880,0,5818599,0.0,0,0
styvmor,gotlandstidning,1880,0,5818599,0.0,0,0
subba,gotlandstidning,1880,0,5818599,0.0,0,0
sugga,gotlandstidning,1880,11,5818599,1.8904894459989423,11,0
svärmor,gotlandstidning,1880,23,5818599,3.9528415689068797,23,0
syster,gotlandstidning,1880,259,5818599,44.51243331942964,259,0
systerdotter,gotlandstidning,1880,23,5818599,3.9528415689068797,23,0
sångerska,gotlandstidning,1880,51,5818599,8.764996522358732,51,0
sömmerska,gotlandstidning,1880,38,5818599,6.530781722541801,38,0
tant,gotlandstidning,1880,163,5818599,28.013616336166145,163,0
telefonist,gotlandstidning,1880,2,5818599,0.3437253538179895,2,0
tjej,gotlandstidning,1880,1,5818599,0.17186267690899476,1,0
tjänarinna,gotlandstidning,1880,1,5818599,0.17186267690899476,1,0
trollpacka,gotlandstidning,1880,3,5818599,0.5155880307269842,3,0
tvätterska,gotlandstidning,1880,5,5818599,0.8593133845449737,5,0
tös,gotlandstidning,1880,17,5818599,2.9216655074529108,17,0
tösabit,gotlandstidning,1880,0,5818599,0.0,0,0
ungflicka,gotlandstidning,1880,0,5818599,0.0,0,0
värdinna,gotlandstidning,1880,112,5818599,19.248619813807412,112,0
väverska,gotlandstidning,1880,0,5818599,0.0,0,0
äkta,gotlandstidning,1880,1361,5818599,233.90510327314186,0,1361
äkta maka,gotlandstidning,1880,0,5818599,0.0,0,0
änka,gotlandstidning,1880,9,5818599,1.546764092180953,9,0
amma,harnosandsposten,1880,263,30659412,8.578116240454971,263,0
barnmorska,harnosandsposten,1880,199,30659412,6.490665900572392,199,0
baronessa,harnosandsposten,1880,171,30659412,5.577406376873764,171,0
borgmästarfru,harnosandsposten,1880,0,30659412,0.0,0,0
dam,harnosandsposten,1880,3943,30659412,128.60651078370321,3943,0
dotter,harnosandsposten,1880,4575,30659412,149.22008289004367,4574,1
drottning,harnosandsposten,1880,1699,30659412,55.41528324157032,1698,1
fabriksarbeterska,harnosandsposten,1880,0,30659412,0.0,0,0
farmor,harnosandsposten,1880,139,30659412,4.533681206932474,139,0
feminin,harnosandsposten,1880,7,30659412,0.22831488092465702,7,0
flicka,harnosandsposten,1880,6613,30659412,215.69232965067954,6612,1
flickebarn,harnosandsposten,1880,63,30659412,2.054833928321913,63,0
fnaska,harnosandsposten,1880,4,30659412,0.13046564624266113,4,0
fostermoder,harnosandsposten,1880,0,30659412,0.0,0,0
fostermor,harnosandsposten,1880,33,30659412,1.0763415815019544,33,0
friherrinna,harnosandsposten,1880,0,30659412,0.0,0,0
fru,harnosandsposten,1880,7261,30659412,236.82776434199064,7260,1
fruntimmer,harnosandsposten,1880,1501,30659412,48.957233752558594,1501,0
fröken,harnosandsposten,1880,3190,30659412,104.04635287852226,3188,2
författarinna,harnosandsposten,1880,155,30659412,5.055543791903119,155,0
gammal,harnosandsposten,1880,18756,30659412,611.7534152318381,0,18756
gammal gumma,harnosandsposten,1880,51,30659412,1.6634369895939296,51,0
gammelmor,harnosandsposten,1880,0,30659412,0.0,0,0
gemål,harnosandsposten,1880,161,30659412,5.2512422612671115,161,0
grevinna,harnosandsposten,1880,1,30659412,0.03261641156066528,1,0
gumma,harnosandsposten,1880,961,30659412,31.34437150979934,961,0
guvernant,harnosandsposten,1880,187,30659412,6.099268961844409,187,0
hennes,harnosandsposten,1880,0,30659412,0.0,0,0
hertiginna,harnosandsposten,1880,125,30659412,4.0770514450831605,125,0
hjältinna,harnosandsposten,1880,21,30659412,0.684944642773971,21,0
hjärtevän,harnosandsposten,1880,2,30659412,0.06523282312133057,2,0
hona,harnosandsposten,1880,163,30659412,5.316475084388442,163,0
honkön,harnosandsposten,1880,0,30659412,0.0,0,0
hora,harnosandsposten,1880,110,30659412,3.5878052716731816,110,0
husfru,harnosandsposten,1880,17,30659412,0.5544789965313098,17,0
hushållerska,harnosandsposten,1880,258,30659412,8.415034182651643,258,0
husmoder,harnosandsposten,1880,0,30659412,0.0,0,0
husmor,harnosandsposten,1880,393,30659412,12.818249743341458,393,0
hustru,harnosandsposten,1880,6879,30659412,224.3682951258165,6876,3
häxa,harnosandsposten,1880,23,30659412,0.7501774658953015,23,0
jungfru,harnosandsposten,1880,801,30659412,26.125745660092893,801,0
jänta,harnosandsposten,1880,42,30659412,1.369889285547942,42,0
jäntunge,harnosandsposten,1880,0,30659412,0.0,0,0
kassörska,harnosandsposten,1880,23,30659412,0.7501774658953015,23,0
kejsarinna,harnosandsposten,1880,297,30659412,9.68707423351759,297,0
kokerska,harnosandsposten,1880,135,30659412,4.403215560689814,135,0
kokfru,harnosandsposten,1880,0,30659412,0.0,0,0
konstnärinna,harnosandsposten,1880,0,30659412,0.0,0,0
kontorist,harnosandsposten,1880,154,30659412,5.022927380342454,154,0
kontorsfröken,harnosandsposten,1880,0,30659412,0.0,0,0
kviga,harnosandsposten,1880,7,30659412,0.22831488092465702,7,0
kvinna,harnosandsposten,1880,1533,30659412,50.00095892249988,1533,0
kvinnfolk,harnosandsposten,1880,0,30659412,0.0,0,0
kvinnlig,harnosandsposten,1880,0,30659412,0.0,0,0
kvinnlighet,harnosandsposten,1880,0,30659412,0.0,0,0
kvinnokön,harnosandsposten,1880,2,30659412,0.06523282312133057,2,0
kvinnsperson,harnosandsposten,1880,0,30659412,0.0,0,0
käring,harnosandsposten,1880,57,30659412,1.8591354589579212,57,0
kärring,harnosandsposten,1880,11,30659412,0.3587805271673181,11,0
landshövdingska,harnosandsposten,1880,0,30659412,0.0,0,0
lillflicka,harnosandsposten,1880,0,30659412,0.0,0,0
liten,harnosandsposten,1880,38953,30659412,1270.507079522595,0,38953
liten flicka,harnosandsposten,1880,237,30659412,7.730089539877673,237,0
livskamrat,harnosandsposten,1880,0,30659412,0.0,0,0
lärarinna,harnosandsposten,1880,1236,30659412,40.31388468898229,1236,0
madam,harnosandsposten,1880,218,30659412,7.110377720225032,218,0
madame,harnosandsposten,1880,143,30659412,4.6641468531751356,143,0
maka,harnosandsposten,1880,1266,30659412,41.292377035802254,1266,0
mamma,harnosandsposten,1880,919,30659412,29.974482224251396,919,0
mamsell,harnosandsposten,1880,242,30659412,7.8931715976809995,242,0
matmor,harnosandsposten,1880,81,30659412,2.641929336413888,81,0
moder,harnosandsposten,1880,2192,30659412,71.4951741409783,2192,0
moderlig,harnosandsposten,1880,110,30659412,3.5878052716731816,110,0
moderlighet,harnosandsposten,1880,0,30659412,0.0,0,0
mor,harnosandsposten,1880,4267,30659412,139.17422812935877,4267,0
mormor,harnosandsposten,1880,129,30659412,4.207517091325822,129,0
mö,harnosandsposten,1880,70,30659412,2.28314880924657,70,0
piga,harnosandsposten,1880,1072,30659412,34.96479319303319,1072,0
poetissa,harnosandsposten,1880,3,30659412,0.09784923468199586,3,0
prinsessa,harnosandsposten,1880,643,30659412,20.97235263350778,643,0
prostinna,harnosandsposten,1880,0,30659412,0.0,0,0
prästfru,harnosandsposten,1880,0,30659412,0.0,0,0
quinfolk,harnosandsposten,1880,0,30659412,0.0,0,0
quinna,harnosandsposten,1880,0,30659412,0.0,0,0
quinnor,harnosandsposten,1880,0,30659412,0.0,0,0
qvinfolk,harnosandsposten,1880,0,30659412,0.0,0,0
qvinnokön,harnosandsposten,1880,0,30659412,0.0,0,0
qvinnor,harnosandsposten,1880,0,30659412,0.0,0,0
qvinsperson,harnosandsposten,1880,0,30659412,0.0,0,0
ragata,harnosandsposten,1880,0,30659412,0.0,0,0
satkärring,harnosandsposten,1880,0,30659412,0.0,0,0
sig,harnosandsposten,1880,97894,30659412,3192.9509933197673,97878,16
sjuksköterska,harnosandsposten,1880,104,30659412,3.39210680230919,104,0
själv,harnosandsposten,1880,5,30659412,0.16308205780332644,5,0
skata,harnosandsposten,1880,50,30659412,1.6308205780332643,50,0
skollärarinna,harnosandsposten,1880,0,30659412,0.0,0,0
skrivbiträde,harnosandsposten,1880,0,30659412,0.0,0,0
skådespelerska,harnosandsposten,1880,182,30659412,5.936186904041082,182,0
sköka,harnosandsposten,1880,7,30659412,0.22831488092465702,7,0
slampa,harnosandsposten,1880,0,30659412,0.0,0,0
slinka,harnosandsposten,1880,19,30659412,0.6197118196526404,19,0
slyna,harnosandsposten,1880,5,30659412,0.16308205780332644,5,0
småflicka,harnosandsposten,1880,8,30659412,0.26093129248532226,8,0
sondotter,harnosandsposten,1880,31,30659412,1.011108758380624,31,0
spinnerska,harnosandsposten,1880,0,30659412,0.0,0,0
styvmor,harnosandsposten,1880,0,30659412,0.0,0,0
subba,harnosandsposten,1880,2,30659412,0.06523282312133057,2,0
sugga,harnosandsposten,1880,42,30659412,1.369889285547942,42,0
svärmor,harnosandsposten,1880,153,30659412,4.990310968781789,153,0
syster,harnosandsposten,1880,1651,30659412,53.84969548665839,1651,0
systerdotter,harnosandsposten,1880,53,30659412,1.7286698127152602,53,0
sångerska,harnosandsposten,1880,326,30659412,10.632950168776883,325,1
sömmerska,harnosandsposten,1880,132,30659412,4.305366326007817,132,0
tant,harnosandsposten,1880,620,30659412,20.222175167612477,620,0
telefonist,harnosandsposten,1880,16,30659412,0.5218625849706445,16,0
tjej,harnosandsposten,1880,0,30659412,0.0,0,0
tjänarinna,harnosandsposten,1880,13,30659412,0.4240133502886487,13,0
trollpacka,harnosandsposten,1880,14,30659412,0.45662976184931403,14,0
tvätterska,harnosandsposten,1880,20,30659412,0.6523282312133057,20,0
tös,harnosandsposten,1880,47,30659412,1.5329713433512684,47,0
tösabit,harnosandsposten,1880,0,30659412,0.0,0,0
ungflicka,harnosandsposten,1880,0,30659412,0.0,0,0
värdinna,harnosandsposten,1880,238,30659412,7.762705951438338,238,0
väverska,harnosandsposten,1880,0,30659412,0.0,0,0
äkta,harnosandsposten,1880,3808,30659412,124.20329522301341,0,3808
äkta maka,harnosandsposten,1880,9,30659412,0.29354770404598757,9,0
änka,harnosandsposten,1880,27,30659412,0.8806431121379628,27,0
amma,harnosandsposten,1890,69,21722080,3.1764913857236508,69,0
barnmorska,harnosandsposten,1890,243,21722080,11.186774010591988,243,0
baronessa,harnosandsposten,1890,166,21722080,7.641993768552551,166,0
borgmästarfru,harnosandsposten,1890,0,21722080,0.0,0,0
dam,harnosandsposten,1890,4230,21722080,194.73273277697163,4229,1
dotter,harnosandsposten,1890,3483,21722080,160.34376081848515,3483,0
drottning,harnosandsposten,1890,1275,21722080,58.69603647532833,1275,0
fabriksarbeterska,harnosandsposten,1890,0,21722080,0.0,0,0
farmor,harnosandsposten,1890,150,21722080,6.90541605592098,150,0
feminin,harnosandsposten,1890,6,21722080,0.27621664223683917,6,0
flicka,harnosandsposten,1890,4558,21722080,209.83257588591886,4557,1
flickebarn,harnosandsposten,1890,19,21722080,0.8746860337499908,19,0
fnaska,harnosandsposten,1890,0,21722080,0.0,0,0
fostermoder,harnosandsposten,1890,0,21722080,0.0,0,0
fostermor,harnosandsposten,1890,33,21722080,1.5191915323026155,33,0
friherrinna,harnosandsposten,1890,0,21722080,0.0,0,0
fru,harnosandsposten,1890,7052,21722080,324.646626842365,7051,1
fruntimmer,harnosandsposten,1890,852,21722080,39.22276319763117,852,0
fröken,harnosandsposten,1890,3446,21722080,158.64042485802466,3446,0
författarinna,harnosandsposten,1890,171,21722080,7.872174303749917,171,0
gammal,harnosandsposten,1890,14467,21722080,666.0043605400588,0,14467
gammal gumma,harnosandsposten,1890,24,21722080,1.1048665689473567,24,0
gammelmor,harnosandsposten,1890,0,21722080,0.0,0,0
gemål,harnosandsposten,1890,227,21722080,10.450196297960415,227,0
grevinna,harnosandsposten,1890,3,21722080,0.13810832111841959,3,0
gumma,harnosandsposten,1890,503,21722080,23.15616184085502,503,0
guvernant,harnosandsposten,1890,111,21722080,5.1100078813815255,111,0
hennes,harnosandsposten,1890,0,21722080,0.0,0,0
hertiginna,harnosandsposten,1890,361,21722080,16.619034641249826,360,1
hjältinna,harnosandsposten,1890,51,21722080,2.347841459013133,51,0
hjärtevän,harnosandsposten,1890,2,21722080,0.0920722140789464,2,0
hona,harnosandsposten,1890,40,21722080,1.841444281578928,40,0
honkön,harnosandsposten,1890,1,21722080,0.0460361070394732,1,0
hora,harnosandsposten,1890,8,21722080,0.3682888563157856,8,0
husfru,harnosandsposten,1890,17,21722080,0.7826138196710444,17,0
hushållerska,harnosandsposten,1890,164,21722080,7.549921554473605,164,0
husmoder,harnosandsposten,1890,0,21722080,0.0,0,0
husmor,harnosandsposten,1890,213,21722080,9.805690799407792,213,0
hustru,harnosandsposten,1890,4548,21722080,209.3722148155241,4547,1
häxa,harnosandsposten,1890,5,21722080,0.230180535197366,5,0
jungfru,harnosandsposten,1890,513,21722080,23.616522911249753,513,0
jänta,harnosandsposten,1890,19,21722080,0.8746860337499908,19,0
jäntunge,harnosandsposten,1890,0,21722080,0.0,0,0
kassörska,harnosandsposten,1890,22,21722080,1.0127943548684104,22,0
kejsarinna,harnosandsposten,1890,357,21722080,16.434890213091933,357,0
kokerska,harnosandsposten,1890,102,21722080,4.695682918026266,102,0
kokfru,harnosandsposten,1890,0,21722080,0.0,0,0
konstnärinna,harnosandsposten,1890,0,21722080,0.0,0,0
kontorist,harnosandsposten,1890,49,21722080,2.2557692449341866,49,0
kontorsfröken,harnosandsposten,1890,0,21722080,0.0,0,0
kviga,harnosandsposten,1890,53,21722080,2.4399136730920796,53,0
kvinna,harnosandsposten,1890,3720,21722080,171.2543181868403,3719,1
kvinnfolk,harnosandsposten,1890,3,21722080,0.13810832111841959,3,0
kvinnlig,harnosandsposten,1890,62,21722080,2.8542386364473384,62,0
kvinnlighet,harnosandsposten,1890,2,21722080,0.0920722140789464,2,0
kvinnokön,harnosandsposten,1890,8,21722080,0.3682888563157856,8,0
kvinnsperson,harnosandsposten,1890,4,21722080,0.1841444281578928,4,0
käring,harnosandsposten,1890,50,21722080,2.30180535197366,50,0
kärring,harnosandsposten,1890,6,21722080,0.27621664223683917,6,0
landshövdingska,harnosandsposten,1890,0,21722080,0.0,0,0
lillflicka,harnosandsposten,1890,0,21722080,0.0,0,0
liten,harnosandsposten,1890,29106,21722080,1339.926931490907,0,29106
liten flicka,harnosandsposten,1890,133,21722080,6.122802236249935,133,0
livskamrat,harnosandsposten,1890,0,21722080,0.0,0,0
lärarinna,harnosandsposten,1890,1066,21722080,49.07449010407843,1065,1
madam,harnosandsposten,1890,78,21722080,3.5908163490789096,78,0
madame,harnosandsposten,1890,154,21722080,7.089560484078873,154,0
maka,harnosandsposten,1890,904,21722080,41.61664076368377,904,0
mamma,harnosandsposten,1890,674,21722080,31.028336144604935,674,0
mamsell,harnosandsposten,1890,68,21722080,3.1304552786841775,68,0
matmor,harnosandsposten,1890,69,21722080,3.1764913857236508,69,0
moder,harnosandsposten,1890,1672,21722080,76.97237096999919,1672,0
moderlig,harnosandsposten,1890,45,21722080,2.071624816776294,45,0
moderlighet,harnosandsposten,1890,2,21722080,0.0920722140789464,2,0
mor,harnosandsposten,1890,3106,21722080,142.98814846460377,3106,0
mormor,harnosandsposten,1890,94,21722080,4.327394061710481,94,0
mö,harnosandsposten,1890,34,21722080,1.5652276393420888,34,0
piga,harnosandsposten,1890,311,21722080,14.317229289276165,311,0
poetissa,harnosandsposten,1890,0,21722080,0.0,0,0
prinsessa,harnosandsposten,1890,502,21722080,23.110125733815547,502,0
prostinna,harnosandsposten,1890,0,21722080,0.0,0,0
prästfru,harnosandsposten,1890,0,21722080,0.0,0,0
quinfolk,harnosandsposten,1890,0,21722080,0.0,0,0
quinna,harnosandsposten,1890,0,21722080,0.0,0,0
quinnor,harnosandsposten,1890,0,21722080,0.0,0,0
qvinfolk,harnosandsposten,1890,0,21722080,0.0,0,0
qvinnokön,harnosandsposten,1890,0,21722080,0.0,0,0
qvinnor,harnosandsposten,1890,0,21722080,0.0,0,0
qvinsperson,harnosandsposten,1890,0,21722080,0.0,0,0
ragata,harnosandsposten,1890,0,21722080,0.0,0,0
satkärring,harnosandsposten,1890,0,21722080,0.0,0,0
sig,harnosandsposten,1890,69297,21722080,3190.164109514374,69287,10
sjuksköterska,harnosandsposten,1890,149,21722080,6.859379948881506,149,0
själv,harnosandsposten,1890,1,21722080,0.0460361070394732,1,0
skata,harnosandsposten,1890,45,21722080,2.071624816776294,45,0
skollärarinna,harnosandsposten,1890,0,21722080,0.0,0,0
skrivbiträde,harnosandsposten,1890,0,21722080,0.0,0,0
skådespelerska,harnosandsposten,1890,171,21722080,7.872174303749917,171,0
sköka,harnosandsposten,1890,7,21722080,0.3222527492763124,7,0
slampa,harnosandsposten,1890,0,21722080,0.0,0,0
slinka,harnosandsposten,1890,24,21722080,1.1048665689473567,24,0
slyna,harnosandsposten,1890,8,21722080,0.3682888563157856,8,0
småflicka,harnosandsposten,1890,32,21722080,1.4731554252631425,32,0
sondotter,harnosandsposten,1890,13,21722080,0.5984693915131516,13,0
spinnerska,harnosandsposten,1890,0,21722080,0.0,0,0
styvmor,harnosandsposten,1890,0,21722080,0.0,0,0
subba,harnosandsposten,1890,0,21722080,0.0,0,0
sugga,harnosandsposten,1890,8,21722080,0.3682888563157856,8,0
svärmor,harnosandsposten,1890,165,21722080,7.5959576615130775,165,0
syster,harnosandsposten,1890,1162,21722080,53.49395637986786,1162,0
systerdotter,harnosandsposten,1890,32,21722080,1.4731554252631425,32,0
sångerska,harnosandsposten,1890,298,21722080,13.718759897763013,298,0
sömmerska,harnosandsposten,1890,197,21722080,9.06911308677622,197,0
tant,harnosandsposten,1890,345,21722080,15.882456928618254,345,0
telefonist,harnosandsposten,1890,28,21722080,1.2890109971052497,28,0
tjej,harnosandsposten,1890,0,21722080,0.0,0,0
tjänarinna,harnosandsposten,1890,85,21722080,3.913069098355222,85,0
trollpacka,harnosandsposten,1890,3,21722080,0.13810832111841959,3,0
tvätterska,harnosandsposten,1890,44,21722080,2.025588709736821,44,0
tös,harnosandsposten,1890,46,21722080,2.1176609238157673,46,0
tösabit,harnosandsposten,1890,0,21722080,0.0,0,0
ungflicka,harnosandsposten,1890,0,21722080,0.0,0,0
värdinna,harnosandsposten,1890,255,21722080,11.739207295065667,254,1
väverska,harnosandsposten,1890,0,21722080,0.0,0,0
äkta,harnosandsposten,1890,2752,21722080,126.69136657263024,0,2752
äkta maka,harnosandsposten,1890,3,21722080,0.13810832111841959,3,0
änka,harnosandsposten,1890,30,21722080,1.381083211184196,30,0
amma,jonkopingsposten,1880,268,25555420,10.487012148499222,268,0
barnmorska,jonkopingsposten,1880,153,25555420,5.986988278807392,153,0
baronessa,jonkopingsposten,1880,50,25555420,1.9565321172573176,50,0
borgmästarfru,jonkopingsposten,1880,0,25555420,0.0,0,0
dam,jonkopingsposten,1880,1941,25555420,75.95257679192908,1941,0
dotter,jonkopingsposten,1880,6438,25555420,251.9230754180522,6438,0
drottning,jonkopingsposten,1880,2681,25555420,104.90925212733737,2680,1
fabriksarbeterska,jonkopingsposten,1880,0,25555420,0.0,0,0
farmor,jonkopingsposten,1880,110,25555420,4.304370657966099,110,0
feminin,jonkopingsposten,1880,7,25555420,0.27391449641602444,7,0
flicka,jonkopingsposten,1880,4628,25555420,181.0966127733373,4625,3
flickebarn,jonkopingsposten,1880,50,25555420,1.9565321172573176,50,0
fnaska,jonkopingsposten,1880,0,25555420,0.0,0,0
fostermoder,jonkopingsposten,1880,0,25555420,0.0,0,0
fostermor,jonkopingsposten,1880,20,25555420,0.7826128469029271,20,0
friherrinna,jonkopingsposten,1880,0,25555420,0.0,0,0
fru,jonkopingsposten,1880,7418,25555420,290.27110491629566,7418,0
fruntimmer,jonkopingsposten,1880,1200,25555420,46.95677081417562,1200,0
fröken,jonkopingsposten,1880,2706,25555420,105.88751818596603,2706,0
författarinna,jonkopingsposten,1880,69,25555420,2.7000143218150985,69,0
gammal,jonkopingsposten,1880,21228,25555420,830.6652757027667,0,21228
gammal gumma,jonkopingsposten,1880,44,25555420,1.7217482631864396,44,0
gammelmor,jonkopingsposten,1880,0,25555420,0.0,0,0
gemål,jonkopingsposten,1880,186,25555420,7.278299476197222,186,0
grevinna,jonkopingsposten,1880,0,25555420,0.0,0,0
gumma,jonkopingsposten,1880,557,25555420,21.79576778624652,557,0
guvernant,jonkopingsposten,1880,27,25555420,1.0565273433189515,27,0
hennes,jonkopingsposten,1880,0,25555420,0.0,0,0
hertiginna,jonkopingsposten,1880,195,25555420,7.630475257303539,195,0
hjältinna,jonkopingsposten,1880,0,25555420,0.0,0,0
hjärtevän,jonkopingsposten,1880,1,25555420,0.03913064234514635,1,0
hona,jonkopingsposten,1880,117,25555420,4.578285154382123,117,0
honkön,jonkopingsposten,1880,2,25555420,0.0782612846902927,2,0
hora,jonkopingsposten,1880,95,25555420,3.7174110227889035,94,1
husfru,jonkopingsposten,1880,11,25555420,0.4304370657966099,11,0
hushållerska,jonkopingsposten,1880,130,25555420,5.086983504869026,130,0
husmoder,jonkopingsposten,1880,0,25555420,0.0,0,0
husmor,jonkopingsposten,1880,300,25555420,11.739192703543905,300,0
hustru,jonkopingsposten,1880,6227,25555420,243.66650988322633,6226,1
häxa,jonkopingsposten,1880,0,25555420,0.0,0,0
jungfru,jonkopingsposten,1880,711,25555420,27.821886707399056,711,0
jänta,jonkopingsposten,1880,21,25555420,0.8217434892480734,21,0
jäntunge,jonkopingsposten,1880,0,25555420,0.0,0,0
kassörska,jonkopingsposten,1880,5,25555420,0.19565321172573177,5,0
kejsarinna,jonkopingsposten,1880,422,25555420,16.51313106965176,422,0
kokerska,jonkopingsposten,1880,92,25555420,3.6000190957534643,92,0
kokfru,jonkopingsposten,1880,0,25555420,0.0,0,0
konstnärinna,jonkopingsposten,1880,0,25555420,0.0,0,0
kontorist,jonkopingsposten,1880,143,25555420,5.595681855355928,143,0
kontorsfröken,jonkopingsposten,1880,0,25555420,0.0,0,0
kviga,jonkopingsposten,1880,21,25555420,0.8217434892480734,21,0
kvinna,jonkopingsposten,1880,1909,25555420,74.70039623688439,1907,2
kvinnfolk,jonkopingsposten,1880,1,25555420,0.03913064234514635,1,0
kvinnlig,jonkopingsposten,1880,0,25555420,0.0,0,0
kvinnlighet,jonkopingsposten,1880,0,25555420,0.0,0,0
kvinnokön,jonkopingsposten,1880,2,25555420,0.0782612846902927,2,0
kvinnsperson,jonkopingsposten,1880,1,25555420,0.03913064234514635,1,0
käring,jonkopingsposten,1880,13,25555420,0.5086983504869026,13,0
kärring,jonkopingsposten,1880,0,25555420,0.0,0,0
landshövdingska,jonkopingsposten,1880,0,25555420,0.0,0,0
lillflicka,jonkopingsposten,1880,0,25555420,0.0,0,0
liten,jonkopingsposten,1880,34318,25555420,1342.8853840007325,0,34318
liten flicka,jonkopingsposten,1880,278,25555420,10.878318571950686,278,0
livskamrat,jonkopingsposten,1880,0,25555420,0.0,0,0
lärarinna,jonkopingsposten,1880,2049,25555420,80.17868616520488,2048,1
madam,jonkopingsposten,1880,229,25555420,8.960917097038514,229,0
madame,jonkopingsposten,1880,204,25555420,7.982651038409856,203,1
maka,jonkopingsposten,1880,1609,25555420,62.96120353334048,1609,0
mamma,jonkopingsposten,1880,1009,25555420,39.48281812625267,1008,1
mamsell,jonkopingsposten,1880,262,25555420,10.252228294428344,262,0
matmor,jonkopingsposten,1880,14,25555420,0.5478289928320489,14,0
moder,jonkopingsposten,1880,3522,25555420,137.81812233960545,3522,0
moderlig,jonkopingsposten,1880,146,25555420,5.713073782391367,146,0
moderlighet,jonkopingsposten,1880,0,25555420,0.0,0,0
mor,jonkopingsposten,1880,5004,25555420,195.80973429511235,5003,1
mormor,jonkopingsposten,1880,142,25555420,5.556551213010782,142,0
mö,jonkopingsposten,1880,74,25555420,2.89566753354083,74,0
piga,jonkopingsposten,1880,1610,25555420,63.00033417568563,1610,0
poetissa,jonkopingsposten,1880,0,25555420,0.0,0,0
prinsessa,jonkopingsposten,1880,1171,25555420,45.82198218616638,1171,0
prostinna,jonkopingsposten,1880,0,25555420,0.0,0,0
prästfru,jonkopingsposten,1880,0,25555420,0.0,0,0
quinfolk,jonkopingsposten,1880,0,25555420,0.0,0,0
quinna,jonkopingsposten,1880,0,25555420,0.0,0,0
quinnor,jonkopingsposten,1880,0,25555420,0.0,0,0
qvinfolk,jonkopingsposten,1880,0,25555420,0.0,0,0
qvinnokön,jonkopingsposten,1880,0,25555420,0.0,0,0
qvinnor,jonkopingsposten,1880,0,25555420,0.0,0,0
qvinsperson,jonkopingsposten,1880,0,25555420,0.0,0,0
ragata,jonkopingsposten,1880,0,25555420,0.0,0,0
satkärring,jonkopingsposten,1880,0,25555420,0.0,0,0
sig,jonkopingsposten,1880,91694,25555420,3588.0451191958496,91681,13
sjuksköterska,jonkopingsposten,1880,101,25555420,3.9521948768597817,101,0
själv,jonkopingsposten,1880,0,25555420,0.0,0,0
skata,jonkopingsposten,1880,47,25555420,1.8391401902218785,47,0
skollärarinna,jonkopingsposten,1880,0,25555420,0.0,0,0
skrivbiträde,jonkopingsposten,1880,0,25555420,0.0,0,0
skådespelerska,jonkopingsposten,1880,17,25555420,0.665220919867488,17,0
sköka,jonkopingsposten,1880,42,25555420,1.6434869784961468,42,0
slampa,jonkopingsposten,1880,0,25555420,0.0,0,0
slinka,jonkopingsposten,1880,13,25555420,0.5086983504869026,13,0
slyna,jonkopingsposten,1880,0,25555420,0.0,0,0
småflicka,jonkopingsposten,1880,3,25555420,0.11739192703543906,3,0
sondotter,jonkopingsposten,1880,30,25555420,1.1739192703543906,30,0
spinnerska,jonkopingsposten,1880,0,25555420,0.0,0,0
styvmor,jonkopingsposten,1880,0,25555420,0.0,0,0
subba,jonkopingsposten,1880,2,25555420,0.0782612846902927,2,0
sugga,jonkopingsposten,1880,94,25555420,3.678280380443757,94,0
svärmor,jonkopingsposten,1880,41,25555420,1.6043563361510005,41,0
syster,jonkopingsposten,1880,1717,25555420,67.18731290661628,1716,1
systerdotter,jonkopingsposten,1880,36,25555420,1.4087031244252688,36,0
sångerska,jonkopingsposten,1880,47,25555420,1.8391401902218785,47,0
sömmerska,jonkopingsposten,1880,105,25555420,4.108717446240367,105,0
tant,jonkopingsposten,1880,503,25555420,19.682713099608616,503,0
telefonist,jonkopingsposten,1880,4,25555420,0.1565225693805854,4,0
tjej,jonkopingsposten,1880,0,25555420,0.0,0,0
tjänarinna,jonkopingsposten,1880,1,25555420,0.03913064234514635,1,0
trollpacka,jonkopingsposten,1880,4,25555420,0.1565225693805854,4,0
tvätterska,jonkopingsposten,1880,11,25555420,0.4304370657966099,11,0
tös,jonkopingsposten,1880,23,25555420,0.9000047739383661,23,0
tösabit,jonkopingsposten,1880,0,25555420,0.0,0,0
ungflicka,jonkopingsposten,1880,0,25555420,0.0,0,0
värdinna,jonkopingsposten,1880,80,25555420,3.1304513876117084,80,0
väverska,jonkopingsposten,1880,0,25555420,0.0,0,0
äkta,jonkopingsposten,1880,3687,25555420,144.2746783265546,0,3687
äkta maka,jonkopingsposten,1880,7,25555420,0.27391449641602444,7,0
änka,jonkopingsposten,1880,16,25555420,0.6260902775223416,16,0
amma,jonkopingsposten,1890,148,21737525,6.808502807932366,148,0
barnmorska,jonkopingsposten,1890,173,21737525,7.958587741704725,173,0
baronessa,jonkopingsposten,1890,65,21737525,2.9902208278081335,65,0
borgmästarfru,jonkopingsposten,1890,0,21737525,0.0,0,0
dam,jonkopingsposten,1890,1829,21737525,84.14021375478579,1829,0
dotter,jonkopingsposten,1890,4932,21737525,226.888755734611,4930,2
drottning,jonkopingsposten,1890,1576,21737525,72.50135422500952,1575,1
fabriksarbeterska,jonkopingsposten,1890,0,21737525,0.0,0,0
farmor,jonkopingsposten,1890,147,21737525,6.762499410581471,147,0
feminin,jonkopingsposten,1890,5,21737525,0.23001698675447182,5,0
flicka,jonkopingsposten,1890,4311,21737525,198.3206459797056,4310,1
flickebarn,jonkopingsposten,1890,46,21737525,2.116156278141141,46,0
fnaska,jonkopingsposten,1890,0,21737525,0.0,0,0
fostermoder,jonkopingsposten,1890,0,21737525,0.0,0,0
fostermor,jonkopingsposten,1890,29,21737525,1.3340985231759366,29,0
friherrinna,jonkopingsposten,1890,0,21737525,0.0,0,0
fru,jonkopingsposten,1890,6430,21737525,295.80184496625077,6430,0
fruntimmer,jonkopingsposten,1890,769,21737525,35.376612562837764,769,0
fröken,jonkopingsposten,1890,3336,21737525,153.4673335625836,3335,1
författarinna,jonkopingsposten,1890,77,21737525,3.542261596018866,77,0
gammal,jonkopingsposten,1890,19746,21737525,908.3830840907601,0,19746
gammal gumma,jonkopingsposten,1890,34,21737525,1.5641155099304083,34,0
gammelmor,jonkopingsposten,1890,0,21737525,0.0,0,0
gemål,jonkopingsposten,1890,224,21737525,10.304761006600337,224,0
grevinna,jonkopingsposten,1890,1,21737525,0.046003397350894364,1,0
gumma,jonkopingsposten,1890,576,21737525,26.497956874115154,576,0
guvernant,jonkopingsposten,1890,20,21737525,0.9200679470178873,20,0
hennes,jonkopingsposten,1890,0,21737525,0.0,0,0
hertiginna,jonkopingsposten,1890,76,21737525,3.4962581986679715,76,0
hjältinna,jonkopingsposten,1890,20,21737525,0.9200679470178873,20,0
hjärtevän,jonkopingsposten,1890,1,21737525,0.046003397350894364,1,0
hona,jonkopingsposten,1890,66,21737525,3.036224225159028,66,0
honkön,jonkopingsposten,1890,0,21737525,0.0,0,0
hora,jonkopingsposten,1890,108,21737525,4.968366913896591,108,0
husfru,jonkopingsposten,1890,28,21737525,1.2880951258250422,28,0
hushållerska,jonkopingsposten,1890,173,21737525,7.958587741704725,172,1
husmoder,jonkopingsposten,1890,0,21737525,0.0,0,0
husmor,jonkopingsposten,1890,411,21737525,18.907396311217582,410,1
hustru,jonkopingsposten,1890,5814,21737525,267.4637521980998,5811,3
häxa,jonkopingsposten,1890,1,21737525,0.046003397350894364,1,0
jungfru,jonkopingsposten,1890,660,21737525,30.36224225159028,660,0
jänta,jonkopingsposten,1890,13,21737525,0.5980441655616268,13,0
jäntunge,jonkopingsposten,1890,0,21737525,0.0,0,0
kassörska,jonkopingsposten,1890,39,21737525,1.7941324966848802,39,0
kejsarinna,jonkopingsposten,1890,429,21737525,19.73545746353368,429,0
kokerska,jonkopingsposten,1890,213,21737525,9.7987236357405,213,0
kokfru,jonkopingsposten,1890,0,21737525,0.0,0,0
konstnärinna,jonkopingsposten,1890,0,21737525,0.0,0,0
kontorist,jonkopingsposten,1890,169,21737525,7.774574152301147,169,0
kontorsfröken,jonkopingsposten,1890,0,21737525,0.0,0,0
kviga,jonkopingsposten,1890,145,21737525,6.670492615879683,145,0
kvinna,jonkopingsposten,1890,3645,21737525,167.68238334400996,3645,0
kvinnfolk,jonkopingsposten,1890,8,21737525,0.3680271788071549,8,0
kvinnlig,jonkopingsposten,1890,320,21737525,14.721087152286197,320,0
kvinnlighet,jonkopingsposten,1890,5,21737525,0.23001698675447182,5,0
kvinnokön,jonkopingsposten,1890,4,21737525,0.18401358940357745,4,0
kvinnsperson,jonkopingsposten,1890,3,21737525,0.13801019205268308,3,0
käring,jonkopingsposten,1890,19,21737525,0.8740645496669929,19,0
kärring,jonkopingsposten,1890,2,21737525,0.09200679470178873,2,0
landshövdingska,jonkopingsposten,1890,0,21737525,0.0,0,0
lillflicka,jonkopingsposten,1890,0,21737525,0.0,0,0
liten,jonkopingsposten,1890,29939,21737525,1377.2957132884264,0,29939
liten flicka,jonkopingsposten,1890,362,21737525,16.65322984102376,361,1
livskamrat,jonkopingsposten,1890,0,21737525,0.0,0,0
lärarinna,jonkopingsposten,1890,1372,21737525,63.11666116542707,1372,0
madam,jonkopingsposten,1890,99,21737525,4.554336337738542,99,0
madame,jonkopingsposten,1890,58,21737525,2.668197046351873,58,0
maka,jonkopingsposten,1890,1530,21737525,70.38519794686837,1530,0
mamma,jonkopingsposten,1890,478,21737525,21.989623933727504,478,0
mamsell,jonkopingsposten,1890,44,21737525,2.024149483439352,44,0
matmor,jonkopingsposten,1890,13,21737525,0.5980441655616268,13,0
moder,jonkopingsposten,1890,2926,21737525,134.6059406487169,2926,0
moderlig,jonkopingsposten,1890,77,21737525,3.542261596018866,77,0
moderlighet,jonkopingsposten,1890,1,21737525,0.046003397350894364,1,0
mor,jonkopingsposten,1890,4166,21737525,191.65015336382592,4166,0
mormor,jonkopingsposten,1890,172,21737525,7.912584344353831,172,0
mö,jonkopingsposten,1890,40,21737525,1.8401358940357746,40,0
piga,jonkopingsposten,1890,937,21737525,43.10518331778802,937,0
poetissa,jonkopingsposten,1890,1,21737525,0.046003397350894364,1,0
prinsessa,jonkopingsposten,1890,482,21737525,22.173637523131084,482,0
prostinna,jonkopingsposten,1890,0,21737525,0.0,0,0
prästfru,jonkopingsposten,1890,0,21737525,0.0,0,0
quinfolk,jonkopingsposten,1890,0,21737525,0.0,0,0
quinna,jonkopingsposten,1890,0,21737525,0.0,0,0
quinnor,jonkopingsposten,1890,0,21737525,0.0,0,0
qvinfolk,jonkopingsposten,1890,0,21737525,0.0,0,0
qvinnokön,jonkopingsposten,1890,0,21737525,0.0,0,0
qvinnor,jonkopingsposten,1890,0,21737525,0.0,0,0
qvinsperson,jonkopingsposten,1890,0,21737525,0.0,0,0
ragata,jonkopingsposten,1890,3,21737525,0.13801019205268308,3,0
satkärring,jonkopingsposten,1890,0,21737525,0.0,0,0
sig,jonkopingsposten,1890,88805,21737525,4085.331701746174,88796,9
sjuksköterska,jonkopingsposten,1890,100,21737525,4.600339735089436,100,0
själv,jonkopingsposten,1890,3,21737525,0.13801019205268308,3,0
skata,jonkopingsposten,1890,30,21737525,1.380101920526831,30,0
skollärarinna,jonkopingsposten,1890,0,21737525,0.0,0,0
skrivbiträde,jonkopingsposten,1890,0,21737525,0.0,0,0
skådespelerska,jonkopingsposten,1890,26,21737525,1.1960883311232535,26,0
sköka,jonkopingsposten,1890,14,21737525,0.6440475629125211,14,0
slampa,jonkopingsposten,1890,1,21737525,0.046003397350894364,1,0
slinka,jonkopingsposten,1890,5,21737525,0.23001698675447182,5,0
slyna,jonkopingsposten,1890,4,21737525,0.18401358940357745,4,0
småflicka,jonkopingsposten,1890,26,21737525,1.1960883311232535,26,0
sondotter,jonkopingsposten,1890,19,21737525,0.8740645496669929,19,0
spinnerska,jonkopingsposten,1890,0,21737525,0.0,0,0
styvmor,jonkopingsposten,1890,0,21737525,0.0,0,0
subba,jonkopingsposten,1890,0,21737525,0.0,0,0
sugga,jonkopingsposten,1890,99,21737525,4.554336337738542,99,0
svärmor,jonkopingsposten,1890,152,21737525,6.992516397335943,152,0
syster,jonkopingsposten,1890,1689,21737525,77.69973812566057,1689,0
systerdotter,jonkopingsposten,1890,28,21737525,1.2880951258250422,28,0
sångerska,jonkopingsposten,1890,80,21737525,3.680271788071549,80,0
sömmerska,jonkopingsposten,1890,137,21737525,6.302465437072528,137,0
tant,jonkopingsposten,1890,351,21737525,16.147192470163922,351,0
telefonist,jonkopingsposten,1890,19,21737525,0.8740645496669929,19,0
tjej,jonkopingsposten,1890,0,21737525,0.0,0,0
tjänarinna,jonkopingsposten,1890,211,21737525,9.70671684103871,211,0
trollpacka,jonkopingsposten,1890,3,21737525,0.13801019205268308,3,0
tvätterska,jonkopingsposten,1890,48,21737525,2.2081630728429293,48,0
tös,jonkopingsposten,1890,36,21737525,1.6561223046321971,36,0
tösabit,jonkopingsposten,1890,0,21737525,0.0,0,0
ungflicka,jonkopingsposten,1890,0,21737525,0.0,0,0
värdinna,jonkopingsposten,1890,90,21737525,4.140305761580493,90,0
väverska,jonkopingsposten,1890,0,21737525,0.0,0,0
äkta,jonkopingsposten,1890,3201,21737525,147.25687492021285,0,3201
äkta maka,jonkopingsposten,1890,4,21737525,0.18401358940357745,4,0
änka,jonkopingsposten,1890,758,21737525,34.87057519197793,757,1
amma,kalmar,1880,297,38076326,7.800122312220985,297,0
barnmorska,kalmar,1880,202,38076326,5.305133693833801,200,2
baronessa,kalmar,1880,219,38076326,5.751605341334666,219,0
borgmästarfru,kalmar,1880,0,38076326,0.0,0,0
dam,kalmar,1880,7827,38076326,205.56079911701565,7827,0
dotter,kalmar,1880,7113,38076326,186.80898992197933,7112,1
drottning,kalmar,1880,5340,38076326,140.24462339144802,5340,0
fabriksarbeterska,kalmar,1880,0,38076326,0.0,0,0
farmor,kalmar,1880,100,38076326,2.6263038088286144,100,0
feminin,kalmar,1880,18,38076326,0.4727346855891506,18,0
flicka,kalmar,1880,10380,38076326,272.6103353564102,10377,3
flickebarn,kalmar,1880,94,38076326,2.4687255802988974,94,0
fnaska,kalmar,1880,2,38076326,0.05252607617657229,2,0
fostermoder,kalmar,1880,0,38076326,0.0,0,0
fostermor,kalmar,1880,36,38076326,0.9454693711783012,36,0
friherrinna,kalmar,1880,0,38076326,0.0,0,0
fru,kalmar,1880,9917,38076326,260.45054872153366,9917,0
fruntimmer,kalmar,1880,1897,38076326,49.820983253478815,1897,0
fröken,kalmar,1880,5534,38076326,145.33965278057553,5534,0
författarinna,kalmar,1880,238,38076326,6.250603065012102,238,0
gammal,kalmar,1880,30954,38076326,812.9460809848093,0,30954
gammal gumma,kalmar,1880,92,38076326,2.4161995041223254,92,0
gammelmor,kalmar,1880,0,38076326,0.0,0,0
gemål,kalmar,1880,249,38076326,6.53949648398325,249,0
grevinna,kalmar,1880,0,38076326,0.0,0,0
gumma,kalmar,1880,1458,38076326,38.2915095327212,1458,0
guvernant,kalmar,1880,155,38076326,4.070770903684353,155,0
hennes,kalmar,1880,0,38076326,0.0,0,0
hertiginna,kalmar,1880,401,38076326,10.531478273402744,400,1
hjältinna,kalmar,1880,1,38076326,0.026263038088286145,1,0
hjärtevän,kalmar,1880,0,38076326,0.0,0,0
hona,kalmar,1880,114,38076326,2.99398634206462,114,0
honkön,kalmar,1880,1,38076326,0.026263038088286145,1,0
hora,kalmar,1880,85,38076326,2.232358237504322,85,0
husfru,kalmar,1880,17,38076326,0.44647164750086443,17,0
hushållerska,kalmar,1880,293,38076326,7.69507015986784,293,0
husmoder,kalmar,1880,0,38076326,0.0,0,0
husmor,kalmar,1880,311,38076326,8.16780484545699,309,2
hustru,kalmar,1880,11310,38076326,297.0349607785163,11308,2
häxa,kalmar,1880,0,38076326,0.0,0,0
jungfru,kalmar,1880,829,38076326,21.772058575189213,829,0
jänta,kalmar,1880,51,38076326,1.3394149425025934,51,0
jäntunge,kalmar,1880,0,38076326,0.0,0,0
kassörska,kalmar,1880,19,38076326,0.4989977236774367,19,0
kejsarinna,kalmar,1880,1896,38076326,49.79472021539053,1896,0
kokerska,kalmar,1880,173,38076326,4.543505589273503,173,0
kokfru,kalmar,1880,0,38076326,0.0,0,0
konstnärinna,kalmar,1880,0,38076326,0.0,0,0
kontorist,kalmar,1880,342,38076326,8.981959026193861,342,0
kontorsfröken,kalmar,1880,0,38076326,0.0,0,0
kviga,kalmar,1880,0,38076326,0.0,0,0
kvinna,kalmar,1880,4,38076326,0.10505215235314458,4,0
kvinnfolk,kalmar,1880,0,38076326,0.0,0,0
kvinnlig,kalmar,1880,0,38076326,0.0,0,0
kvinnlighet,kalmar,1880,0,38076326,0.0,0,0
kvinnokön,kalmar,1880,0,38076326,0.0,0,0
kvinnsperson,kalmar,1880,0,38076326,0.0,0,0
käring,kalmar,1880,154,38076326,4.044507865596066,154,0
kärring,kalmar,1880,13,38076326,0.34141949514771985,13,0
landshövdingska,kalmar,1880,0,38076326,0.0,0,0
lillflicka,kalmar,1880,0,38076326,0.0,0,0
liten,kalmar,1880,53916,38076326,1415.9979615680356,0,53916
liten flicka,kalmar,1880,310,38076326,8.141541807368705,310,0
livskamrat,kalmar,1880,0,38076326,0.0,0,0
lärarinna,kalmar,1880,1674,38076326,43.964325759791,1674,0
madam,kalmar,1880,222,38076326,5.830394455599524,222,0
madame,kalmar,1880,418,38076326,10.977949920903608,418,0
maka,kalmar,1880,1564,38076326,41.07539157007953,1564,0
mamma,kalmar,1880,1370,38076326,35.980362180952014,1370,0
mamsell,kalmar,1880,631,38076326,16.571977033708556,631,0
matmor,kalmar,1880,121,38076326,3.1778276086826236,121,0
moder,kalmar,1880,3187,38076326,83.70030238736794,3187,0
moderlig,kalmar,1880,123,38076326,3.2303536848591956,123,0
moderlighet,kalmar,1880,1,38076326,0.026263038088286145,1,0
mor,kalmar,1880,5895,38076326,154.82060953044683,5895,0
mormor,kalmar,1880,317,38076326,8.325383073986707,317,0
mö,kalmar,1880,164,38076326,4.307138246478927,164,0
piga,kalmar,1880,1660,38076326,43.596643226555,1659,1
poetissa,kalmar,1880,4,38076326,0.10505215235314458,4,0
prinsessa,kalmar,1880,2053,38076326,53.91801719525145,2053,0
prostinna,kalmar,1880,0,38076326,0.0,0,0
prästfru,kalmar,1880,0,38076326,0.0,0,0
quinfolk,kalmar,1880,0,38076326,0.0,0,0
quinna,kalmar,1880,0,38076326,0.0,0,0
quinnor,kalmar,1880,0,38076326,0.0,0,0
qvinfolk,kalmar,1880,0,38076326,0.0,0,0
qvinnokön,kalmar,1880,0,38076326,0.0,0,0
qvinnor,kalmar,1880,0,38076326,0.0,0,0
qvinsperson,kalmar,1880,0,38076326,0.0,0,0
ragata,kalmar,1880,4,38076326,0.10505215235314458,4,0
satkärring,kalmar,1880,0,38076326,0.0,0,0
sig,kalmar,1880,142613,38076326,3745.4506508847517,142587,26
sjuksköterska,kalmar,1880,159,38076326,4.175823056037497,159,0
själv,kalmar,1880,4,38076326,0.10505215235314458,4,0
skata,kalmar,1880,61,38076326,1.6020453233854548,61,0
skollärarinna,kalmar,1880,0,38076326,0.0,0,0
skrivbiträde,kalmar,1880,0,38076326,0.0,0,0
skådespelerska,kalmar,1880,200,38076326,5.252607617657229,200,0
sköka,kalmar,1880,11,38076326,0.28889341897114756,11,0
slampa,kalmar,1880,1,38076326,0.026263038088286145,1,0
slinka,kalmar,1880,19,38076326,0.4989977236774367,19,0
slyna,kalmar,1880,18,38076326,0.4727346855891506,18,0
småflicka,kalmar,1880,11,38076326,0.28889341897114756,11,0
sondotter,kalmar,1880,40,38076326,1.0505215235314458,40,0
spinnerska,kalmar,1880,0,38076326,0.0,0,0
styvmor,kalmar,1880,0,38076326,0.0,0,0
subba,kalmar,1880,1,38076326,0.026263038088286145,1,0
sugga,kalmar,1880,96,38076326,2.52125165647547,96,0
svärmor,kalmar,1880,48,38076326,1.260625828237735,48,0
syster,kalmar,1880,2933,38076326,77.02949071294326,2930,3
systerdotter,kalmar,1880,99,38076326,2.6000407707403284,99,0
sångerska,kalmar,1880,249,38076326,6.53949648398325,249,0
sömmerska,kalmar,1880,249,38076326,6.53949648398325,249,0
tant,kalmar,1880,1051,38076326,27.602453030788737,1051,0
telefonist,kalmar,1880,13,38076326,0.34141949514771985,13,0
tjej,kalmar,1880,2,38076326,0.05252607617657229,2,0
tjänarinna,kalmar,1880,0,38076326,0.0,0,0
trollpacka,kalmar,1880,28,38076326,0.735365066472012,28,0
tvätterska,kalmar,1880,36,38076326,0.9454693711783012,36,0
tös,kalmar,1880,111,38076326,2.915197227799762,111,0
tösabit,kalmar,1880,0,38076326,0.0,0,0
ungflicka,kalmar,1880,0,38076326,0.0,0,0
värdinna,kalmar,1880,268,38076326,7.038494207660687,268,0
väverska,kalmar,1880,0,38076326,0.0,0,0
äkta,kalmar,1880,3549,38076326,93.20752217532753,0,3549
äkta maka,kalmar,1880,7,38076326,0.183841266618003,7,0
änka,kalmar,1880,1,38076326,0.026263038088286145,1,0
amma,kalmar,1890,252,39962136,6.305969230473567,252,0
barnmorska,kalmar,1890,368,39962136,9.208716971485208,368,0
baronessa,kalmar,1890,299,39962136,7.482082539331731,299,0
borgmästarfru,kalmar,1890,0,39962136,0.0,0,0
dam,kalmar,1890,9676,39962136,242.12919950024693,9676,0
dotter,kalmar,1890,8633,39962136,216.02949351856466,8631,2
drottning,kalmar,1890,4391,39962136,109.87901147225963,4389,2
fabriksarbeterska,kalmar,1890,0,39962136,0.0,0,0
farmor,kalmar,1890,168,39962136,4.2039794869823774,168,0
feminin,kalmar,1890,9,39962136,0.22521318680262736,9,0
flicka,kalmar,1890,9955,39962136,249.1108082911284,9955,0
flickebarn,kalmar,1890,59,39962136,1.476397557928335,59,0
fnaska,kalmar,1890,0,39962136,0.0,0,0
fostermoder,kalmar,1890,0,39962136,0.0,0,0
fostermor,kalmar,1890,69,39962136,1.7266344321534766,69,0
friherrinna,kalmar,1890,0,39962136,0.0,0,0
fru,kalmar,1890,12675,39962136,317.17523808036685,12674,1
fruntimmer,kalmar,1890,1562,39962136,39.086999753967106,1562,0
fröken,kalmar,1890,8328,39962136,208.39726885469787,8324,4
författarinna,kalmar,1890,222,39962136,5.555258607798142,222,0
gammal,kalmar,1890,32670,39962136,817.5238680935373,0,32670
gammal gumma,kalmar,1890,87,39962136,2.1770608057587313,86,1
gammelmor,kalmar,1890,0,39962136,0.0,0,0
gemål,kalmar,1890,259,39962136,6.481135042431165,259,0
grevinna,kalmar,1890,1,39962136,0.02502368742251415,1,0
gumma,kalmar,1890,1239,39962136,31.004348716495034,1238,1
guvernant,kalmar,1890,131,39962136,3.278103052349354,131,0
hennes,kalmar,1890,0,39962136,0.0,0,0
hertiginna,kalmar,1890,394,39962136,9.859332844470575,393,1
hjältinna,kalmar,1890,1,39962136,0.02502368742251415,1,0
hjärtevän,kalmar,1890,0,39962136,0.0,0,0
hona,kalmar,1890,147,39962136,3.6784820511095804,147,0
honkön,kalmar,1890,0,39962136,0.0,0,0
hora,kalmar,1890,47,39962136,1.1761133088581652,47,0
husfru,kalmar,1890,35,39962136,0.8758290597879953,35,0
hushållerska,kalmar,1890,391,39962136,9.784261782203034,391,0
husmoder,kalmar,1890,0,39962136,0.0,0,0
husmor,kalmar,1890,323,39962136,8.082651037472072,322,1
hustru,kalmar,1890,12209,39962136,305.5141997414753,12206,3
häxa,kalmar,1890,5,39962136,0.12511843711257076,5,0
jungfru,kalmar,1890,1230,39962136,30.779135529692407,1230,0
jänta,kalmar,1890,24,39962136,0.6005684981403396,24,0
jäntunge,kalmar,1890,0,39962136,0.0,0,0
kassörska,kalmar,1890,74,39962136,1.8517528692660472,74,0
kejsarinna,kalmar,1890,1301,39962136,32.555817336690914,1301,0
kokerska,kalmar,1890,332,39962136,8.307864224274699,332,0
kokfru,kalmar,1890,0,39962136,0.0,0,0
konstnärinna,kalmar,1890,0,39962136,0.0,0,0
kontorist,kalmar,1890,430,39962136,10.760185591681084,430,0
kontorsfröken,kalmar,1890,0,39962136,0.0,0,0
kviga,kalmar,1890,0,39962136,0.0,0,0
kvinna,kalmar,1890,12,39962136,0.3002842490701698,12,0
kvinnfolk,kalmar,1890,0,39962136,0.0,0,0
kvinnlig,kalmar,1890,3,39962136,0.07507106226754245,3,0
kvinnlighet,kalmar,1890,0,39962136,0.0,0,0
kvinnokön,kalmar,1890,0,39962136,0.0,0,0
kvinnsperson,kalmar,1890,0,39962136,0.0,0,0
käring,kalmar,1890,215,39962136,5.380092795840542,215,0
kärring,kalmar,1890,8,39962136,0.2001894993801132,8,0
landshövdingska,kalmar,1890,0,39962136,0.0,0,0
lillflicka,kalmar,1890,0,39962136,0.0,0,0
liten,kalmar,1890,56457,39962136,1412.7623208128814,0,56457
liten flicka,kalmar,1890,455,39962136,11.38577777724394,454,1
livskamrat,kalmar,1890,0,39962136,0.0,0,0
lärarinna,kalmar,1890,1427,39962136,35.7088019519277,1427,0
madam,kalmar,1890,131,39962136,3.278103052349354,131,0
madame,kalmar,1890,405,39962136,10.134593406118231,405,0
maka,kalmar,1890,1352,39962136,33.832025395239135,1352,0
mamma,kalmar,1890,1356,39962136,33.93212014492919,1356,0
mamsell,kalmar,1890,253,39962136,6.33099291789608,253,0
matmor,kalmar,1890,189,39962136,4.7294769228551745,189,0
moder,kalmar,1890,3543,39962136,88.65892453796764,3542,1
moderlig,kalmar,1890,106,39962136,2.6525108667865003,106,0
moderlighet,kalmar,1890,2,39962136,0.0500473748450283,2,0
mor,kalmar,1890,6407,39962136,160.32676531604818,6406,1
mormor,kalmar,1890,177,39962136,4.429192673785005,177,0
mö,kalmar,1890,194,39962136,4.854595359967745,193,1
piga,kalmar,1890,994,39962136,24.873545297979067,992,2
poetissa,kalmar,1890,0,39962136,0.0,0,0
prinsessa,kalmar,1890,1772,39962136,44.34197411269508,1772,0
prostinna,kalmar,1890,0,39962136,0.0,0,0
prästfru,kalmar,1890,0,39962136,0.0,0,0
quinfolk,kalmar,1890,0,39962136,0.0,0,0
quinna,kalmar,1890,0,39962136,0.0,0,0
quinnor,kalmar,1890,0,39962136,0.0,0,0
qvinfolk,kalmar,1890,0,39962136,0.0,0,0
qvinnokön,kalmar,1890,0,39962136,0.0,0,0
qvinnor,kalmar,1890,0,39962136,0.0,0,0
qvinsperson,kalmar,1890,0,39962136,0.0,0,0
ragata,kalmar,1890,3,39962136,0.07507106226754245,3,0
satkärring,kalmar,1890,0,39962136,0.0,0,0
sig,kalmar,1890,150144,39962136,3757.1565243659647,150125,19
sjuksköterska,kalmar,1890,211,39962136,5.279998046150486,210,1
själv,kalmar,1890,0,39962136,0.0,0,0
skata,kalmar,1890,43,39962136,1.0760185591681086,43,0
skollärarinna,kalmar,1890,0,39962136,0.0,0,0
skrivbiträde,kalmar,1890,0,39962136,0.0,0,0
skådespelerska,kalmar,1890,166,39962136,4.153932112137349,166,0
sköka,kalmar,1890,10,39962136,0.2502368742251415,10,0
slampa,kalmar,1890,0,39962136,0.0,0,0
slinka,kalmar,1890,37,39962136,0.9258764346330236,37,0
slyna,kalmar,1890,16,39962136,0.4003789987602264,16,0
småflicka,kalmar,1890,31,39962136,0.7757343100979387,31,0
sondotter,kalmar,1890,41,39962136,1.0259711843230803,41,0
spinnerska,kalmar,1890,0,39962136,0.0,0,0
styvmor,kalmar,1890,0,39962136,0.0,0,0
subba,kalmar,1890,2,39962136,0.0500473748450283,2,0
sugga,kalmar,1890,213,39962136,5.330045420995514,213,0
svärmor,kalmar,1890,189,39962136,4.7294769228551745,189,0
syster,kalmar,1890,3236,39962136,80.97665249925579,3236,0
systerdotter,kalmar,1890,77,39962136,1.9268239315335898,77,0
sångerska,kalmar,1890,251,39962136,6.280945543051052,251,0
sömmerska,kalmar,1890,230,39962136,5.755448107178255,230,0
tant,kalmar,1890,1407,39962136,35.208328203477414,1407,0
telefonist,kalmar,1890,75,39962136,1.8767765566885615,75,0
tjej,kalmar,1890,2,39962136,0.0500473748450283,2,0
tjänarinna,kalmar,1890,0,39962136,0.0,0,0
trollpacka,kalmar,1890,14,39962136,0.3503316239151981,14,0
tvätterska,kalmar,1890,37,39962136,0.9258764346330236,37,0
tös,kalmar,1890,134,39962136,3.3531741146168965,134,0
tösabit,kalmar,1890,0,39962136,0.0,0,0
ungflicka,kalmar,1890,0,39962136,0.0,0,0
värdinna,kalmar,1890,479,39962136,11.986346275384278,479,0
väverska,kalmar,1890,0,39962136,0.0,0,0
äkta,kalmar,1890,5078,39962136,127.07028473152687,0,5078
äkta maka,kalmar,1890,8,39962136,0.2001894993801132,8,0
änka,kalmar,1890,9,39962136,0.22521318680262736,9,0
amma,kalmar,1900,159,38272079,4.154464668616513,159,0
barnmorska,kalmar,1900,295,38272079,7.707969039257052,295,0
baronessa,kalmar,1900,633,38272079,16.539472548643097,631,2
borgmästarfru,kalmar,1900,0,38272079,0.0,0,0
dam,kalmar,1900,7231,38272079,188.93669194192455,7231,0
dotter,kalmar,1900,9634,38272079,251.72397872610998,9634,0
drottning,kalmar,1900,3041,38272079,79.45740287586676,3041,0
fabriksarbeterska,kalmar,1900,0,38272079,0.0,0,0
farmor,kalmar,1900,165,38272079,4.311236920262419,165,0
feminin,kalmar,1900,16,38272079,0.4180593377224164,16,0
flicka,kalmar,1900,7547,38272079,197.1933638619423,7546,1
flickebarn,kalmar,1900,271,38272079,7.080880032673427,271,0
fnaska,kalmar,1900,3,38272079,0.07838612582295307,3,0
fostermoder,kalmar,1900,0,38272079,0.0,0,0
fostermor,kalmar,1900,48,38272079,1.254178013167249,48,0
friherrinna,kalmar,1900,0,38272079,0.0,0,0
fru,kalmar,1900,15696,38272079,410.11621030569046,15695,1
fruntimmer,kalmar,1900,1141,38272079,29.81285652132982,1141,0
fröken,kalmar,1900,7282,38272079,190.26925608091474,7281,1
författarinna,kalmar,1900,226,38272079,5.905088145329131,226,0
gammal,kalmar,1900,27993,38272079,731.4209400539751,0,27993
gammal gumma,kalmar,1900,54,38272079,1.4109502648131553,54,0
gammelmor,kalmar,1900,0,38272079,0.0,0,0
gemål,kalmar,1900,338,38272079,8.831503509386046,338,0
grevinna,kalmar,1900,4,38272079,0.1045148344306041,4,0
gumma,kalmar,1900,692,38272079,18.08106635649451,692,0
guvernant,kalmar,1900,88,38272079,2.2993263574732903,88,0
hennes,kalmar,1900,0,38272079,0.0,0,0
hertiginna,kalmar,1900,1029,38272079,26.886441157272905,1028,1
hjältinna,kalmar,1900,51,38272079,1.3325641389902023,51,0
hjärtevän,kalmar,1900,13,38272079,0.3396732118994633,13,0
hona,kalmar,1900,77,38272079,2.011910562789129,77,0
honkön,kalmar,1900,1,38272079,0.026128708607651024,1,0
hora,kalmar,1900,27,38272079,0.7054751324065777,27,0
husfru,kalmar,1900,52,38272079,1.3586928475978532,52,0
hushållerska,kalmar,1900,439,38272079,11.4705030787588,439,0
husmoder,kalmar,1900,0,38272079,0.0,0,0
husmor,kalmar,1900,602,38272079,15.729482581805916,602,0
hustru,kalmar,1900,8706,38272079,227.4765371382098,8705,1
häxa,kalmar,1900,63,38272079,1.6461086422820146,63,0
jungfru,kalmar,1900,1595,38272079,41.675290229203384,1594,1
jänta,kalmar,1900,43,38272079,1.123534470128994,43,0
jäntunge,kalmar,1900,0,38272079,0.0,0,0
kassörska,kalmar,1900,117,38272079,3.0570589070951697,117,0
kejsarinna,kalmar,1900,426,38272079,11.130829866859337,426,0
kokerska,kalmar,1900,272,38272079,7.107008741281079,272,0
kokfru,kalmar,1900,0,38272079,0.0,0,0
konstnärinna,kalmar,1900,0,38272079,0.0,0,0
kontorist,kalmar,1900,433,38272079,11.313730827112893,433,0
kontorsfröken,kalmar,1900,0,38272079,0.0,0,0
kviga,kalmar,1900,698,38272079,18.237838608140414,698,0
kvinna,kalmar,1900,6314,38272079,164.97666614870857,6313,1
kvinnfolk,kalmar,1900,42,38272079,1.097405761521343,42,0
kvinnlig,kalmar,1900,1566,38272079,40.917557679581506,1565,1
kvinnlighet,kalmar,1900,14,38272079,0.36580192050711435,14,0
kvinnokön,kalmar,1900,8,38272079,0.2090296688612082,8,0
kvinnsperson,kalmar,1900,9,38272079,0.23515837746885923,9,0
käring,kalmar,1900,345,38272079,9.014404469639603,345,0
kärring,kalmar,1900,16,38272079,0.4180593377224164,16,0
landshövdingska,kalmar,1900,0,38272079,0.0,0,0
lillflicka,kalmar,1900,0,38272079,0.0,0,0
liten,kalmar,1900,49630,38272079,1296.7678081977203,0,49630
liten flicka,kalmar,1900,249,38272079,6.506048443305105,249,0
livskamrat,kalmar,1900,0,38272079,0.0,0,0
lärarinna,kalmar,1900,1279,38272079,33.41861830918566,1279,0
madam,kalmar,1900,30,38272079,0.7838612582295307,30,0
madame,kalmar,1900,103,38272079,2.6912569865880553,103,0
maka,kalmar,1900,1344,38272079,35.11698436868298,1344,0
mamma,kalmar,1900,644,38272079,16.82688834332726,644,0
mamsell,kalmar,1900,82,38272079,2.142554105827384,82,0
matmor,kalmar,1900,91,38272079,2.3777124832962433,91,0
moder,kalmar,1900,2640,38272079,68.97979072419871,2640,0
moderlig,kalmar,1900,72,38272079,1.8812670197508738,72,0
moderlighet,kalmar,1900,1,38272079,0.026128708607651024,1,0
mor,kalmar,1900,4804,38272079,125.52231615115552,4804,0
mormor,kalmar,1900,200,38272079,5.225741721530205,200,0
mö,kalmar,1900,282,38272079,7.3682958273575885,282,0
piga,kalmar,1900,524,38272079,13.691443310409136,523,1
poetissa,kalmar,1900,0,38272079,0.0,0,0
prinsessa,kalmar,1900,1590,38272079,41.54464668616513,1590,0
prostinna,kalmar,1900,0,38272079,0.0,0,0
prästfru,kalmar,1900,0,38272079,0.0,0,0
quinfolk,kalmar,1900,0,38272079,0.0,0,0
quinna,kalmar,1900,0,38272079,0.0,0,0
quinnor,kalmar,1900,0,38272079,0.0,0,0
qvinfolk,kalmar,1900,0,38272079,0.0,0,0
qvinnokön,kalmar,1900,0,38272079,0.0,0,0
qvinnor,kalmar,1900,0,38272079,0.0,0,0
qvinsperson,kalmar,1900,0,38272079,0.0,0,0
ragata,kalmar,1900,4,38272079,0.1045148344306041,4,0
satkärring,kalmar,1900,0,38272079,0.0,0,0
sig,kalmar,1900,123697,38272079,3232.042868640609,123677,20
sjuksköterska,kalmar,1900,459,38272079,11.99307725091182,459,0
själv,kalmar,1900,7,38272079,0.18290096025355718,7,0
skata,kalmar,1900,40,38272079,1.045148344306041,40,0
skollärarinna,kalmar,1900,0,38272079,0.0,0,0
skrivbiträde,kalmar,1900,0,38272079,0.0,0,0
skådespelerska,kalmar,1900,176,38272079,4.598652714946581,176,0
sköka,kalmar,1900,19,38272079,0.49644546354536945,19,0
slampa,kalmar,1900,0,38272079,0.0,0,0
slinka,kalmar,1900,72,38272079,1.8812670197508738,72,0
slyna,kalmar,1900,4,38272079,0.1045148344306041,4,0
småflicka,kalmar,1900,18,38272079,0.47031675493771846,18,0
sondotter,kalmar,1900,34,38272079,0.8883760926601348,34,0
spinnerska,kalmar,1900,0,38272079,0.0,0,0
styvmor,kalmar,1900,0,38272079,0.0,0,0
subba,kalmar,1900,0,38272079,0.0,0,0
sugga,kalmar,1900,421,38272079,11.000186323821081,421,0
svärmor,kalmar,1900,228,38272079,5.957345562544433,228,0
syster,kalmar,1900,2050,38272079,53.5638526456846,2050,0
systerdotter,kalmar,1900,41,38272079,1.071277052913692,41,0
sångerska,kalmar,1900,262,38272079,6.845721655204568,262,0
sömmerska,kalmar,1900,376,38272079,9.824394436476785,376,0
tant,kalmar,1900,687,38272079,17.950422813456253,687,0
telefonist,kalmar,1900,53,38272079,1.3848215562055042,53,0
tjej,kalmar,1900,0,38272079,0.0,0,0
tjänarinna,kalmar,1900,171,38272079,4.468009171908325,171,0
trollpacka,kalmar,1900,7,38272079,0.18290096025355718,7,0
tvätterska,kalmar,1900,70,38272079,1.8290096025355718,70,0
tös,kalmar,1900,350,38272079,9.145048012677858,350,0
tösabit,kalmar,1900,0,38272079,0.0,0,0
ungflicka,kalmar,1900,0,38272079,0.0,0,0
värdinna,kalmar,1900,397,38272079,10.373097317237457,397,0
väverska,kalmar,1900,0,38272079,0.0,0,0
äkta,kalmar,1900,5477,38272079,143.10693704410465,0,5477
äkta maka,kalmar,1900,5,38272079,0.13064354303825512,5,0
änka,kalmar,1900,2231,38272079,58.29314890366943,2231,0
amma,karlshamnsallehanda,1880,234,22146996,10.565767023211636,234,0
barnmorska,karlshamnsallehanda,1880,112,22146996,5.05711925897309,112,0
baronessa,karlshamnsallehanda,1880,210,22146996,9.482098610574544,210,0
borgmästarfru,karlshamnsallehanda,1880,0,22146996,0.0,0,0
dam,karlshamnsallehanda,1880,3467,22146996,156.54493277553308,3466,1
dotter,karlshamnsallehanda,1880,4745,22146996,214.25027574845817,4744,1
drottning,karlshamnsallehanda,1880,2282,22146996,103.03880490157673,2282,0
fabriksarbeterska,karlshamnsallehanda,1880,0,22146996,0.0,0,0
farmor,karlshamnsallehanda,1880,50,22146996,2.2576425263272726,50,0
feminin,karlshamnsallehanda,1880,25,22146996,1.1288212631636363,25,0
flicka,karlshamnsallehanda,1880,6057,22146996,273.4908156392858,6055,2
flickebarn,karlshamnsallehanda,1880,44,22146996,1.9867254231679998,44,0
fnaska,karlshamnsallehanda,1880,0,22146996,0.0,0,0
fostermoder,karlshamnsallehanda,1880,0,22146996,0.0,0,0
fostermor,karlshamnsallehanda,1880,34,22146996,1.5351969179025453,34,0
friherrinna,karlshamnsallehanda,1880,0,22146996,0.0,0,0
fru,karlshamnsallehanda,1880,6907,22146996,311.8707385868494,6906,1
fruntimmer,karlshamnsallehanda,1880,1463,22146996,66.05862032033599,1463,0
fröken,karlshamnsallehanda,1880,3912,22146996,176.6379512598458,3910,2
författarinna,karlshamnsallehanda,1880,89,22146996,4.018603696862545,88,1
gammal,karlshamnsallehanda,1880,17063,22146996,770.443088534445,0,17063
gammal gumma,karlshamnsallehanda,1880,48,22146996,2.1673368252741816,48,0
gammelmor,karlshamnsallehanda,1880,0,22146996,0.0,0,0
gemål,karlshamnsallehanda,1880,392,22146996,17.699917406405817,392,0
grevinna,karlshamnsallehanda,1880,0,22146996,0.0,0,0
gumma,karlshamnsallehanda,1880,899,22146996,40.59241262336436,898,1
guvernant,karlshamnsallehanda,1880,141,22146996,6.366551924242908,141,0
hennes,karlshamnsallehanda,1880,0,22146996,0.0,0,0
hertiginna,karlshamnsallehanda,1880,181,22146996,8.172665945304727,181,0
hjältinna,karlshamnsallehanda,1880,2,22146996,0.09030570105309091,2,0
hjärtevän,karlshamnsallehanda,1880,0,22146996,0.0,0,0
hona,karlshamnsallehanda,1880,87,22146996,3.928297995809454,87,0
honkön,karlshamnsallehanda,1880,2,22146996,0.09030570105309091,2,0
hora,karlshamnsallehanda,1880,73,22146996,3.296158088437818,73,0
husfru,karlshamnsallehanda,1880,24,22146996,1.0836684126370908,24,0
hushållerska,karlshamnsallehanda,1880,174,22146996,7.856595991618908,174,0
husmoder,karlshamnsallehanda,1880,0,22146996,0.0,0,0
husmor,karlshamnsallehanda,1880,361,22146996,16.30017904008291,361,0
hustru,karlshamnsallehanda,1880,6132,22146996,276.8772794287767,6130,2
häxa,karlshamnsallehanda,1880,1,22146996,0.045152850526545454,1,0
jungfru,karlshamnsallehanda,1880,679,22146996,30.65878550752436,679,0
jänta,karlshamnsallehanda,1880,71,22146996,3.205852387384727,71,0
jäntunge,karlshamnsallehanda,1880,0,22146996,0.0,0,0
kassörska,karlshamnsallehanda,1880,15,22146996,0.6772927578981818,15,0
kejsarinna,karlshamnsallehanda,1880,355,22146996,16.029261936923636,355,0
kokerska,karlshamnsallehanda,1880,73,22146996,3.296158088437818,73,0
kokfru,karlshamnsallehanda,1880,0,22146996,0.0,0,0
konstnärinna,karlshamnsallehanda,1880,0,22146996,0.0,0,0
kontorist,karlshamnsallehanda,1880,156,22146996,7.04384468214109,156,0
kontorsfröken,karlshamnsallehanda,1880,0,22146996,0.0,0,0
kviga,karlshamnsallehanda,1880,3,22146996,0.13545855157963635,3,0
kvinna,karlshamnsallehanda,1880,118,22146996,5.328036362132363,118,0
kvinnfolk,karlshamnsallehanda,1880,1,22146996,0.045152850526545454,1,0
kvinnlig,karlshamnsallehanda,1880,0,22146996,0.0,0,0
kvinnlighet,karlshamnsallehanda,1880,0,22146996,0.0,0,0
kvinnokön,karlshamnsallehanda,1880,2,22146996,0.09030570105309091,2,0
kvinnsperson,karlshamnsallehanda,1880,0,22146996,0.0,0,0
käring,karlshamnsallehanda,1880,106,22146996,4.786202155813818,106,0
kärring,karlshamnsallehanda,1880,3,22146996,0.13545855157963635,3,0
landshövdingska,karlshamnsallehanda,1880,0,22146996,0.0,0,0
lillflicka,karlshamnsallehanda,1880,0,22146996,0.0,0,0
liten,karlshamnsallehanda,1880,28853,22146996,1302.7951962424158,0,28853
liten flicka,karlshamnsallehanda,1880,180,22146996,8.12751309477818,179,1
livskamrat,karlshamnsallehanda,1880,0,22146996,0.0,0,0
lärarinna,karlshamnsallehanda,1880,812,22146996,36.66411462755491,812,0
madam,karlshamnsallehanda,1880,101,22146996,4.56043790318109,101,0
madame,karlshamnsallehanda,1880,187,22146996,8.443583048464,187,0
maka,karlshamnsallehanda,1880,743,22146996,33.54856794122327,743,0
mamma,karlshamnsallehanda,1880,714,22146996,32.23913527595345,714,0
mamsell,karlshamnsallehanda,1880,446,22146996,20.13817133483927,446,0
matmor,karlshamnsallehanda,1880,79,22146996,3.5670751915970906,79,0
moder,karlshamnsallehanda,1880,2152,22146996,97.1689343331258,2152,0
moderlig,karlshamnsallehanda,1880,63,22146996,2.8446295831723636,63,0
moderlighet,karlshamnsallehanda,1880,0,22146996,0.0,0,0
mor,karlshamnsallehanda,1880,3747,22146996,169.1877309229658,3747,0
mormor,karlshamnsallehanda,1880,137,22146996,6.185940522136727,137,0
mö,karlshamnsallehanda,1880,50,22146996,2.2576425263272726,50,0
piga,karlshamnsallehanda,1880,1317,22146996,59.466304143460356,1317,0
poetissa,karlshamnsallehanda,1880,0,22146996,0.0,0,0
prinsessa,karlshamnsallehanda,1880,761,22146996,34.36131925070109,761,0
prostinna,karlshamnsallehanda,1880,0,22146996,0.0,0,0
prästfru,karlshamnsallehanda,1880,0,22146996,0.0,0,0
quinfolk,karlshamnsallehanda,1880,0,22146996,0.0,0,0
quinna,karlshamnsallehanda,1880,0,22146996,0.0,0,0
quinnor,karlshamnsallehanda,1880,0,22146996,0.0,0,0
qvinfolk,karlshamnsallehanda,1880,0,22146996,0.0,0,0
qvinnokön,karlshamnsallehanda,1880,0,22146996,0.0,0,0
qvinnor,karlshamnsallehanda,1880,0,22146996,0.0,0,0
qvinsperson,karlshamnsallehanda,1880,0,22146996,0.0,0,0
ragata,karlshamnsallehanda,1880,0,22146996,0.0,0,0
satkärring,karlshamnsallehanda,1880,0,22146996,0.0,0,0
sig,karlshamnsallehanda,1880,74845,22146996,3379.4650976592943,74841,4
sjuksköterska,karlshamnsallehanda,1880,76,22146996,3.431616640017454,76,0
själv,karlshamnsallehanda,1880,0,22146996,0.0,0,0
skata,karlshamnsallehanda,1880,57,22146996,2.5737124800130906,57,0
skollärarinna,karlshamnsallehanda,1880,0,22146996,0.0,0,0
skrivbiträde,karlshamnsallehanda,1880,0,22146996,0.0,0,0
skådespelerska,karlshamnsallehanda,1880,71,22146996,3.205852387384727,71,0
sköka,karlshamnsallehanda,1880,4,22146996,0.18061140210618182,4,0
slampa,karlshamnsallehanda,1880,0,22146996,0.0,0,0
slinka,karlshamnsallehanda,1880,18,22146996,0.8127513094778182,18,0
slyna,karlshamnsallehanda,1880,15,22146996,0.6772927578981818,15,0
småflicka,karlshamnsallehanda,1880,5,22146996,0.22576425263272726,5,0
sondotter,karlshamnsallehanda,1880,15,22146996,0.6772927578981818,15,0
spinnerska,karlshamnsallehanda,1880,0,22146996,0.0,0,0
styvmor,karlshamnsallehanda,1880,0,22146996,0.0,0,0
subba,karlshamnsallehanda,1880,0,22146996,0.0,0,0
sugga,karlshamnsallehanda,1880,83,22146996,3.7476865937032726,82,1
svärmor,karlshamnsallehanda,1880,106,22146996,4.786202155813818,106,0
syster,karlshamnsallehanda,1880,1546,22146996,69.80630691403927,1546,0
systerdotter,karlshamnsallehanda,1880,30,22146996,1.3545855157963635,30,0
sångerska,karlshamnsallehanda,1880,155,22146996,6.998691831614545,154,1
sömmerska,karlshamnsallehanda,1880,193,22146996,8.714500151623271,193,0
tant,karlshamnsallehanda,1880,392,22146996,17.699917406405817,392,0
telefonist,karlshamnsallehanda,1880,11,22146996,0.49668135579199996,11,0
tjej,karlshamnsallehanda,1880,0,22146996,0.0,0,0
tjänarinna,karlshamnsallehanda,1880,4,22146996,0.18061140210618182,4,0
trollpacka,karlshamnsallehanda,1880,7,22146996,0.31606995368581814,7,0
tvätterska,karlshamnsallehanda,1880,27,22146996,1.2191269642167273,27,0
tös,karlshamnsallehanda,1880,80,22146996,3.612228042123636,80,0
tösabit,karlshamnsallehanda,1880,0,22146996,0.0,0,0
ungflicka,karlshamnsallehanda,1880,0,22146996,0.0,0,0
värdinna,karlshamnsallehanda,1880,208,22146996,9.391792909521454,208,0
väverska,karlshamnsallehanda,1880,0,22146996,0.0,0,0
äkta,karlshamnsallehanda,1880,3577,22146996,161.5117463334531,0,3577
äkta maka,karlshamnsallehanda,1880,6,22146996,0.2709171031592727,6,0
änka,karlshamnsallehanda,1880,24,22146996,1.0836684126370908,24,0
amma,karlshamnsallehanda,1890,106,22033065,4.810951177242022,106,0
barnmorska,karlshamnsallehanda,1890,288,22033065,13.071263575902853,288,0
baronessa,karlshamnsallehanda,1890,218,22033065,9.894220345648687,218,0
borgmästarfru,karlshamnsallehanda,1890,0,22033065,0.0,0,0
dam,karlshamnsallehanda,1890,4472,22033065,202.9676760813804,4472,0
dotter,karlshamnsallehanda,1890,4596,22033065,208.59558123211636,4595,1
drottning,karlshamnsallehanda,1890,2039,22033065,92.54273066411777,2039,0
fabriksarbeterska,karlshamnsallehanda,1890,0,22033065,0.0,0,0
farmor,karlshamnsallehanda,1890,194,22033065,8.804948380990117,194,0
feminin,karlshamnsallehanda,1890,8,22033065,0.36309065488619036,8,0
flicka,karlshamnsallehanda,1890,6843,22033065,310.5786689232751,6842,1
flickebarn,karlshamnsallehanda,1890,44,22033065,1.996998601874047,43,1
fnaska,karlshamnsallehanda,1890,0,22033065,0.0,0,0
fostermoder,karlshamnsallehanda,1890,0,22033065,0.0,0,0
fostermor,karlshamnsallehanda,1890,66,22033065,2.9954979028110706,66,0
friherrinna,karlshamnsallehanda,1890,0,22033065,0.0,0,0
fru,karlshamnsallehanda,1890,7893,22033065,358.23431737708756,7892,1
fruntimmer,karlshamnsallehanda,1890,918,22033065,41.66465264819035,917,1
fröken,karlshamnsallehanda,1890,5524,22033065,250.71409719891446,5523,1
författarinna,karlshamnsallehanda,1890,131,22033065,5.945609473761367,131,0
gammal,karlshamnsallehanda,1890,18061,22033065,819.7225397374356,0,18061
gammal gumma,karlshamnsallehanda,1890,42,22033065,1.9062259381524995,42,0
gammelmor,karlshamnsallehanda,1890,0,22033065,0.0,0,0
gemål,karlshamnsallehanda,1890,205,22033065,9.304198031458629,205,0
grevinna,karlshamnsallehanda,1890,3,22033065,0.1361589955823214,3,0
gumma,karlshamnsallehanda,1890,879,22033065,39.894585705620166,878,1
guvernant,karlshamnsallehanda,1890,68,22033065,3.086270566532618,68,0
hennes,karlshamnsallehanda,1890,0,22033065,0.0,0,0
hertiginna,karlshamnsallehanda,1890,99,22033065,4.493246854216606,99,0
hjältinna,karlshamnsallehanda,1890,0,22033065,0.0,0,0
hjärtevän,karlshamnsallehanda,1890,2,22033065,0.09077266372154759,2,0
hona,karlshamnsallehanda,1890,50,22033065,2.2693165930386896,50,0
honkön,karlshamnsallehanda,1890,1,22033065,0.045386331860773794,1,0
hora,karlshamnsallehanda,1890,8,22033065,0.36309065488619036,8,0
husfru,karlshamnsallehanda,1890,27,22033065,1.2254309602408926,27,0
hushållerska,karlshamnsallehanda,1890,261,22033065,11.84583261566196,261,0
husmoder,karlshamnsallehanda,1890,0,22033065,0.0,0,0
husmor,karlshamnsallehanda,1890,221,22033065,10.03037934123101,221,0
hustru,karlshamnsallehanda,1890,7132,22033065,323.6953188310387,7132,0
häxa,karlshamnsallehanda,1890,2,22033065,0.09077266372154759,2,0
jungfru,karlshamnsallehanda,1890,889,22033065,40.348449024227904,889,0
jänta,karlshamnsallehanda,1890,48,22033065,2.1785439293171422,48,0
jäntunge,karlshamnsallehanda,1890,0,22033065,0.0,0,0
kassörska,karlshamnsallehanda,1890,34,22033065,1.543135283266309,34,0
kejsarinna,karlshamnsallehanda,1890,280,22033065,12.708172921016663,280,0
kokerska,karlshamnsallehanda,1890,170,22033065,7.715676416331545,170,0
kokfru,karlshamnsallehanda,1890,0,22033065,0.0,0,0
konstnärinna,karlshamnsallehanda,1890,0,22033065,0.0,0,0
kontorist,karlshamnsallehanda,1890,295,22033065,13.38896789892827,295,0
kontorsfröken,karlshamnsallehanda,1890,0,22033065,0.0,0,0
kviga,karlshamnsallehanda,1890,3,22033065,0.1361589955823214,3,0
kvinna,karlshamnsallehanda,1890,61,22033065,2.7685662435072014,61,0
kvinnfolk,karlshamnsallehanda,1890,0,22033065,0.0,0,0
kvinnlig,karlshamnsallehanda,1890,13,22033065,0.5900223141900593,12,1
kvinnlighet,karlshamnsallehanda,1890,0,22033065,0.0,0,0
kvinnokön,karlshamnsallehanda,1890,0,22033065,0.0,0,0
kvinnsperson,karlshamnsallehanda,1890,0,22033065,0.0,0,0
käring,karlshamnsallehanda,1890,115,22033065,5.219428163988987,115,0
kärring,karlshamnsallehanda,1890,8,22033065,0.36309065488619036,8,0
landshövdingska,karlshamnsallehanda,1890,0,22033065,0.0,0,0
lillflicka,karlshamnsallehanda,1890,0,22033065,0.0,0,0
liten,karlshamnsallehanda,1890,30770,22033065,1396.5374313560096,0,30770
liten flicka,karlshamnsallehanda,1890,245,22033065,11.11965130588958,245,0
livskamrat,karlshamnsallehanda,1890,0,22033065,0.0,0,0
lärarinna,karlshamnsallehanda,1890,853,22033065,38.71454107724005,853,0
madam,karlshamnsallehanda,1890,64,22033065,2.904725239089523,64,0
madame,karlshamnsallehanda,1890,218,22033065,9.894220345648687,218,0
maka,karlshamnsallehanda,1890,830,22033065,37.670655444442254,830,0
mamma,karlshamnsallehanda,1890,825,22033065,37.44372378513838,824,1
mamsell,karlshamnsallehanda,1890,91,22033065,4.130156199330416,91,0
matmor,karlshamnsallehanda,1890,149,22033065,6.762563447255296,149,0
moder,karlshamnsallehanda,1890,2249,22033065,102.07386035488027,2249,0
moderlig,karlshamnsallehanda,1890,68,22033065,3.086270566532618,68,0
moderlighet,karlshamnsallehanda,1890,0,22033065,0.0,0,0
mor,karlshamnsallehanda,1890,3973,22033065,180.3198964828543,3973,0
mormor,karlshamnsallehanda,1890,117,22033065,5.310200827710534,117,0
mö,karlshamnsallehanda,1890,43,22033065,1.9516122700132732,43,0
piga,karlshamnsallehanda,1890,1062,22033065,48.20028443614177,1062,0
poetissa,karlshamnsallehanda,1890,0,22033065,0.0,0,0
prinsessa,karlshamnsallehanda,1890,481,22033065,21.830825625032197,481,0
prostinna,karlshamnsallehanda,1890,0,22033065,0.0,0,0
prästfru,karlshamnsallehanda,1890,0,22033065,0.0,0,0
quinfolk,karlshamnsallehanda,1890,0,22033065,0.0,0,0
quinna,karlshamnsallehanda,1890,0,22033065,0.0,0,0
quinnor,karlshamnsallehanda,1890,0,22033065,0.0,0,0
qvinfolk,karlshamnsallehanda,1890,0,22033065,0.0,0,0
qvinnokön,karlshamnsallehanda,1890,0,22033065,0.0,0,0
qvinnor,karlshamnsallehanda,1890,0,22033065,0.0,0,0
qvinsperson,karlshamnsallehanda,1890,0,22033065,0.0,0,0
ragata,karlshamnsallehanda,1890,0,22033065,0.0,0,0
satkärring,karlshamnsallehanda,1890,0,22033065,0.0,0,0
sig,karlshamnsallehanda,1890,79264,22033065,3597.502208612374,79253,11
sjuksköterska,karlshamnsallehanda,1890,129,22033065,5.85483681003982,129,0
själv,karlshamnsallehanda,1890,2,22033065,0.09077266372154759,2,0
skata,karlshamnsallehanda,1890,46,22033065,2.0877712655955944,46,0
skollärarinna,karlshamnsallehanda,1890,0,22033065,0.0,0,0
skrivbiträde,karlshamnsallehanda,1890,0,22033065,0.0,0,0
skådespelerska,karlshamnsallehanda,1890,125,22033065,5.673291482596724,125,0
sköka,karlshamnsallehanda,1890,4,22033065,0.18154532744309518,4,0
slampa,karlshamnsallehanda,1890,0,22033065,0.0,0,0
slinka,karlshamnsallehanda,1890,34,22033065,1.543135283266309,34,0
slyna,karlshamnsallehanda,1890,12,22033065,0.5446359823292856,12,0
småflicka,karlshamnsallehanda,1890,16,22033065,0.7261813097723807,16,0
sondotter,karlshamnsallehanda,1890,27,22033065,1.2254309602408926,27,0
spinnerska,karlshamnsallehanda,1890,0,22033065,0.0,0,0
styvmor,karlshamnsallehanda,1890,0,22033065,0.0,0,0
subba,karlshamnsallehanda,1890,0,22033065,0.0,0,0
sugga,karlshamnsallehanda,1890,75,22033065,3.4039748895580346,75,0
svärmor,karlshamnsallehanda,1890,245,22033065,11.11965130588958,245,0
syster,karlshamnsallehanda,1890,1527,22033065,69.30492875140159,1527,0
systerdotter,karlshamnsallehanda,1890,42,22033065,1.9062259381524995,42,0
sångerska,karlshamnsallehanda,1890,133,22033065,6.0363821374829145,133,0
sömmerska,karlshamnsallehanda,1890,169,22033065,7.670290084470771,169,0
tant,karlshamnsallehanda,1890,542,22033065,24.599391868539396,542,0
telefonist,karlshamnsallehanda,1890,21,22033065,0.9531129690762498,21,0
tjej,karlshamnsallehanda,1890,1,22033065,0.045386331860773794,1,0
tjänarinna,karlshamnsallehanda,1890,5,22033065,0.226931659303869,5,0
trollpacka,karlshamnsallehanda,1890,5,22033065,0.226931659303869,5,0
tvätterska,karlshamnsallehanda,1890,52,22033065,2.3600892567602374,52,0
tös,karlshamnsallehanda,1890,208,22033065,9.44035702704095,208,0
tösabit,karlshamnsallehanda,1890,0,22033065,0.0,0,0
ungflicka,karlshamnsallehanda,1890,0,22033065,0.0,0,0
värdinna,karlshamnsallehanda,1890,342,22033065,15.52212549638464,342,0
väverska,karlshamnsallehanda,1890,0,22033065,0.0,0,0
äkta,karlshamnsallehanda,1890,2785,22033065,126.40093423225503,0,2785
äkta maka,karlshamnsallehanda,1890,10,22033065,0.453863318607738,10,0
änka,karlshamnsallehanda,1890,11,22033065,0.4992496504685118,11,0
amma,karlskronaweckoblad,1880,284,24504026,11.5899322013452,284,0
barnmorska,karlskronaweckoblad,1880,127,24504026,5.182821794263522,127,0
baronessa,karlskronaweckoblad,1880,218,24504026,8.89649725314526,218,0
borgmästarfru,karlskronaweckoblad,1880,0,24504026,0.0,0,0
dam,karlskronaweckoblad,1880,5341,24504026,217.96418270205885,5338,3
dotter,karlskronaweckoblad,1880,3762,24504026,153.5257920473966,3759,3
drottning,karlskronaweckoblad,1880,3830,24504026,156.3008462364511,3830,0
fabriksarbeterska,karlskronaweckoblad,1880,0,24504026,0.0,0,0
farmor,karlskronaweckoblad,1880,46,24504026,1.877242539654504,46,0
feminin,karlskronaweckoblad,1880,9,24504026,0.36728658384544643,9,0
flicka,karlskronaweckoblad,1880,5756,24504026,234.90017517937665,5756,0
flickebarn,karlskronaweckoblad,1880,60,24504026,2.44857722563631,60,0
fnaska,karlskronaweckoblad,1880,0,24504026,0.0,0,0
fostermoder,karlskronaweckoblad,1880,0,24504026,0.0,0,0
fostermor,karlskronaweckoblad,1880,22,24504026,0.8978116493999803,22,0
friherrinna,karlskronaweckoblad,1880,0,24504026,0.0,0,0
fru,karlskronaweckoblad,1880,8401,24504026,342.8416212095106,8401,0
fruntimmer,karlskronaweckoblad,1880,2290,24504026,93.45403077845249,2288,2
fröken,karlskronaweckoblad,1880,4880,24504026,199.15094768508652,4877,3
författarinna,karlskronaweckoblad,1880,140,24504026,5.713346859818056,139,1
gammal,karlskronaweckoblad,1880,19321,24504026,788.482676275319,0,19321
gammal gumma,karlskronaweckoblad,1880,54,24504026,2.2037195030726786,54,0
gammelmor,karlskronaweckoblad,1880,0,24504026,0.0,0,0
gemål,karlskronaweckoblad,1880,389,24504026,15.87494234620874,389,0
grevinna,karlskronaweckoblad,1880,5,24504026,0.20404810213635916,5,0
gumma,karlskronaweckoblad,1880,686,24504026,27.995399613108475,686,0
guvernant,karlskronaweckoblad,1880,137,24504026,5.5909179985362405,137,0
hennes,karlskronaweckoblad,1880,0,24504026,0.0,0,0
hertiginna,karlskronaweckoblad,1880,265,24504026,10.814549413227034,265,0
hjältinna,karlskronaweckoblad,1880,1,24504026,0.04080962042727183,1,0
hjärtevän,karlskronaweckoblad,1880,0,24504026,0.0,0,0
hona,karlskronaweckoblad,1880,85,24504026,3.4688177363181056,85,0
honkön,karlskronaweckoblad,1880,1,24504026,0.04080962042727183,1,0
hora,karlskronaweckoblad,1880,24,24504026,0.9794308902545239,24,0
husfru,karlskronaweckoblad,1880,33,24504026,1.3467174740999703,33,0
hushållerska,karlskronaweckoblad,1880,171,24504026,6.978445093063483,171,0
husmoder,karlskronaweckoblad,1880,0,24504026,0.0,0,0
husmor,karlskronaweckoblad,1880,380,24504026,15.507655762363296,380,0
hustru,karlskronaweckoblad,1880,5211,24504026,212.6589320465135,5208,3
häxa,karlskronaweckoblad,1880,0,24504026,0.0,0,0
jungfru,karlskronaweckoblad,1880,978,24504026,39.91180877787185,978,0
jänta,karlskronaweckoblad,1880,23,24504026,0.938621269827252,23,0
jäntunge,karlskronaweckoblad,1880,0,24504026,0.0,0,0
kassörska,karlskronaweckoblad,1880,11,24504026,0.44890582469999013,11,0
kejsarinna,karlskronaweckoblad,1880,612,24504026,24.97548770149036,611,1
kokerska,karlskronaweckoblad,1880,199,24504026,8.121114465027095,199,0
kokfru,karlskronaweckoblad,1880,0,24504026,0.0,0,0
konstnärinna,karlskronaweckoblad,1880,0,24504026,0.0,0,0
kontorist,karlskronaweckoblad,1880,219,24504026,8.937306873572531,219,0
kontorsfröken,karlskronaweckoblad,1880,0,24504026,0.0,0,0
kviga,karlskronaweckoblad,1880,22,24504026,0.8978116493999803,22,0
kvinna,karlskronaweckoblad,1880,17,24504026,0.6937635472636211,17,0
kvinnfolk,karlskronaweckoblad,1880,0,24504026,0.0,0,0
kvinnlig,karlskronaweckoblad,1880,0,24504026,0.0,0,0
kvinnlighet,karlskronaweckoblad,1880,0,24504026,0.0,0,0
kvinnokön,karlskronaweckoblad,1880,0,24504026,0.0,0,0
kvinnsperson,karlskronaweckoblad,1880,0,24504026,0.0,0,0
käring,karlskronaweckoblad,1880,51,24504026,2.081290641790863,51,0
kärring,karlskronaweckoblad,1880,2,24504026,0.08161924085454365,2,0
landshövdingska,karlskronaweckoblad,1880,0,24504026,0.0,0,0
lillflicka,karlskronaweckoblad,1880,0,24504026,0.0,0,0
liten,karlskronaweckoblad,1880,32966,24504026,1345.329947005443,0,32966
liten flicka,karlskronaweckoblad,1880,220,24504026,8.978116493999803,220,0
livskamrat,karlskronaweckoblad,1880,0,24504026,0.0,0,0
lärarinna,karlskronaweckoblad,1880,728,24504026,29.70940367105389,728,0
madam,karlskronaweckoblad,1880,107,24504026,4.366629385718086,107,0
madame,karlskronaweckoblad,1880,146,24504026,5.958204582381687,146,0
maka,karlskronaweckoblad,1880,1144,24504026,46.68620576879897,1144,0
mamma,karlskronaweckoblad,1880,600,24504026,24.4857722563631,600,0
mamsell,karlskronaweckoblad,1880,382,24504026,15.589275003217839,382,0
matmor,karlskronaweckoblad,1880,85,24504026,3.4688177363181056,85,0
moder,karlskronaweckoblad,1880,1885,24504026,76.9261345054074,1884,1
moderlig,karlskronaweckoblad,1880,85,24504026,3.4688177363181056,85,0
moderlighet,karlskronaweckoblad,1880,0,24504026,0.0,0,0
mor,karlskronaweckoblad,1880,3273,24504026,133.5698876584607,3272,1
mormor,karlskronaweckoblad,1880,131,24504026,5.34606027597261,131,0
mö,karlskronaweckoblad,1880,83,24504026,3.387198495463562,83,0
piga,karlskronaweckoblad,1880,1216,24504026,49.624498439562544,1216,0
poetissa,karlskronaweckoblad,1880,2,24504026,0.08161924085454365,2,0
prinsessa,karlskronaweckoblad,1880,1239,24504026,50.563119709389795,1239,0
prostinna,karlskronaweckoblad,1880,0,24504026,0.0,0,0
prästfru,karlskronaweckoblad,1880,0,24504026,0.0,0,0
quinfolk,karlskronaweckoblad,1880,0,24504026,0.0,0,0
quinna,karlskronaweckoblad,1880,0,24504026,0.0,0,0
quinnor,karlskronaweckoblad,1880,0,24504026,0.0,0,0
qvinfolk,karlskronaweckoblad,1880,0,24504026,0.0,0,0
qvinnokön,karlskronaweckoblad,1880,0,24504026,0.0,0,0
qvinnor,karlskronaweckoblad,1880,0,24504026,0.0,0,0
qvinsperson,karlskronaweckoblad,1880,0,24504026,0.0,0,0
ragata,karlskronaweckoblad,1880,1,24504026,0.04080962042727183,1,0
satkärring,karlskronaweckoblad,1880,0,24504026,0.0,0,0
sig,karlskronaweckoblad,1880,81417,24504026,3322.5968663271906,81404,13
sjuksköterska,karlskronaweckoblad,1880,242,24504026,9.875928143399783,242,0
själv,karlskronaweckoblad,1880,1,24504026,0.04080962042727183,1,0
skata,karlskronaweckoblad,1880,56,24504026,2.2853387439272224,56,0
skollärarinna,karlskronaweckoblad,1880,0,24504026,0.0,0,0
skrivbiträde,karlskronaweckoblad,1880,0,24504026,0.0,0,0
skådespelerska,karlskronaweckoblad,1880,207,24504026,8.447591428445268,207,0
sköka,karlskronaweckoblad,1880,4,24504026,0.1632384817090873,4,0
slampa,karlskronaweckoblad,1880,1,24504026,0.04080962042727183,1,0
slinka,karlskronaweckoblad,1880,35,24504026,1.428336714954514,35,0
slyna,karlskronaweckoblad,1880,12,24504026,0.48971544512726195,12,0
småflicka,karlskronaweckoblad,1880,12,24504026,0.48971544512726195,12,0
sondotter,karlskronaweckoblad,1880,23,24504026,0.938621269827252,23,0
spinnerska,karlskronaweckoblad,1880,0,24504026,0.0,0,0
styvmor,karlskronaweckoblad,1880,0,24504026,0.0,0,0
subba,karlskronaweckoblad,1880,1,24504026,0.04080962042727183,1,0
sugga,karlskronaweckoblad,1880,40,24504026,1.6323848170908732,40,0
svärmor,karlskronaweckoblad,1880,105,24504026,4.285010144863542,105,0
syster,karlskronaweckoblad,1880,1459,24504026,59.541236203389595,1457,2
systerdotter,karlskronaweckoblad,1880,54,24504026,2.2037195030726786,54,0
sångerska,karlskronaweckoblad,1880,495,24504026,20.200762111499554,495,0
sömmerska,karlskronaweckoblad,1880,127,24504026,5.182821794263522,127,0
tant,karlskronaweckoblad,1880,724,24504026,29.546165189344805,724,0
telefonist,karlskronaweckoblad,1880,3,24504026,0.12242886128181549,3,0
tjej,karlskronaweckoblad,1880,0,24504026,0.0,0,0
tjänarinna,karlskronaweckoblad,1880,2,24504026,0.08161924085454365,2,0
trollpacka,karlskronaweckoblad,1880,16,24504026,0.6529539268363492,16,0
tvätterska,karlskronaweckoblad,1880,42,24504026,1.7140040579454168,42,0
tös,karlskronaweckoblad,1880,87,24504026,3.550436977172649,87,0
tösabit,karlskronaweckoblad,1880,0,24504026,0.0,0,0
ungflicka,karlskronaweckoblad,1880,0,24504026,0.0,0,0
värdinna,karlskronaweckoblad,1880,184,24504026,7.508970158618016,184,0
väverska,karlskronaweckoblad,1880,0,24504026,0.0,0,0
äkta,karlskronaweckoblad,1880,4012,24504026,163.72819715421457,0,4012
äkta maka,karlskronaweckoblad,1880,10,24504026,0.4080962042727183,10,0
änka,karlskronaweckoblad,1880,20,24504026,0.8161924085454366,20,0
amma,karlskronaweckoblad,1890,122,17977977,6.786080547327433,122,0
barnmorska,karlskronaweckoblad,1890,112,17977977,6.229844436890758,112,0
baronessa,karlskronaweckoblad,1890,57,17977977,3.1705458294890465,57,0
borgmästarfru,karlskronaweckoblad,1890,0,17977977,0.0,0,0
dam,karlskronaweckoblad,1890,3432,17977977,190.9002331018668,3432,0
dotter,karlskronaweckoblad,1890,3109,17977977,172.93380673476221,3109,0
drottning,karlskronaweckoblad,1890,2084,17977977,115.91960541500303,2084,0
fabriksarbeterska,karlskronaweckoblad,1890,0,17977977,0.0,0,0
farmor,karlskronaweckoblad,1890,59,17977977,3.2817930515763813,59,0
feminin,karlskronaweckoblad,1890,10,17977977,0.5562361104366749,10,0
flicka,karlskronaweckoblad,1890,4279,17977977,238.01343165585317,4278,1
flickebarn,karlskronaweckoblad,1890,64,17977977,3.559911106794719,64,0
fnaska,karlskronaweckoblad,1890,1,17977977,0.05562361104366748,1,0
fostermoder,karlskronaweckoblad,1890,0,17977977,0.0,0,0
fostermor,karlskronaweckoblad,1890,58,17977977,3.226169440532714,58,0
friherrinna,karlskronaweckoblad,1890,0,17977977,0.0,0,0
fru,karlskronaweckoblad,1890,6724,17977977,374.0131606576202,6723,1
fruntimmer,karlskronaweckoblad,1890,1390,17977977,77.3168193506978,1389,1
fröken,karlskronaweckoblad,1890,4164,17977977,231.6167163858314,4163,1
författarinna,karlskronaweckoblad,1890,134,17977977,7.453563879851442,134,0
gammal,karlskronaweckoblad,1890,13710,17977977,762.5997074086812,0,13710
gammal gumma,karlskronaweckoblad,1890,22,17977977,1.2237194429606846,22,0
gammelmor,karlskronaweckoblad,1890,0,17977977,0.0,0,0
gemål,karlskronaweckoblad,1890,276,17977977,15.352116648052226,276,0
grevinna,karlskronaweckoblad,1890,0,17977977,0.0,0,0
gumma,karlskronaweckoblad,1890,443,17977977,24.641259692344693,443,0
guvernant,karlskronaweckoblad,1890,171,17977977,9.511637488467139,171,0
hennes,karlskronaweckoblad,1890,0,17977977,0.0,0,0
hertiginna,karlskronaweckoblad,1890,316,17977977,17.577061089798924,316,0
hjältinna,karlskronaweckoblad,1890,1,17977977,0.05562361104366748,1,0
hjärtevän,karlskronaweckoblad,1890,0,17977977,0.0,0,0
hona,karlskronaweckoblad,1890,22,17977977,1.2237194429606846,22,0
honkön,karlskronaweckoblad,1890,0,17977977,0.0,0,0
hora,karlskronaweckoblad,1890,12,17977977,0.6674833325240098,12,0
husfru,karlskronaweckoblad,1890,26,17977977,1.4462138871353545,26,0
hushållerska,karlskronaweckoblad,1890,178,17977977,9.901002765772812,178,0
husmoder,karlskronaweckoblad,1890,0,17977977,0.0,0,0
husmor,karlskronaweckoblad,1890,214,17977977,11.903452763344841,214,0
hustru,karlskronaweckoblad,1890,4573,17977977,254.3667733026914,4573,0
häxa,karlskronaweckoblad,1890,4,17977977,0.22249444417466993,4,0
jungfru,karlskronaweckoblad,1890,529,17977977,29.424890242100098,529,0
jänta,karlskronaweckoblad,1890,18,17977977,1.0012249987860147,18,0
jäntunge,karlskronaweckoblad,1890,0,17977977,0.0,0,0
kassörska,karlskronaweckoblad,1890,32,17977977,1.7799555533973594,32,0
kejsarinna,karlskronaweckoblad,1890,330,17977977,18.35579164441027,330,0
kokerska,karlskronaweckoblad,1890,128,17977977,7.119822213589438,128,0
kokfru,karlskronaweckoblad,1890,0,17977977,0.0,0,0
konstnärinna,karlskronaweckoblad,1890,0,17977977,0.0,0,0
kontorist,karlskronaweckoblad,1890,210,17977977,11.680958319170172,210,0
kontorsfröken,karlskronaweckoblad,1890,0,17977977,0.0,0,0
kviga,karlskronaweckoblad,1890,0,17977977,0.0,0,0
kvinna,karlskronaweckoblad,1890,69,17977977,3.8380291620130564,69,0
kvinnfolk,karlskronaweckoblad,1890,0,17977977,0.0,0,0
kvinnlig,karlskronaweckoblad,1890,0,17977977,0.0,0,0
kvinnlighet,karlskronaweckoblad,1890,0,17977977,0.0,0,0
kvinnokön,karlskronaweckoblad,1890,1,17977977,0.05562361104366748,1,0
kvinnsperson,karlskronaweckoblad,1890,1,17977977,0.05562361104366748,1,0
käring,karlskronaweckoblad,1890,48,17977977,2.6699333300960393,48,0
kärring,karlskronaweckoblad,1890,4,17977977,0.22249444417466993,4,0
landshövdingska,karlskronaweckoblad,1890,0,17977977,0.0,0,0
lillflicka,karlskronaweckoblad,1890,0,17977977,0.0,0,0
liten,karlskronaweckoblad,1890,24556,17977977,1365.8933927882988,0,24556
liten flicka,karlskronaweckoblad,1890,166,17977977,9.233519433248802,166,0
livskamrat,karlskronaweckoblad,1890,0,17977977,0.0,0,0
lärarinna,karlskronaweckoblad,1890,628,17977977,34.93162773542318,628,0
madam,karlskronaweckoblad,1890,31,17977977,1.724331942353692,31,0
madame,karlskronaweckoblad,1890,67,17977977,3.726781939925721,67,0
maka,karlskronaweckoblad,1890,735,17977977,40.8833541170956,735,0
mamma,karlskronaweckoblad,1890,868,17977977,48.28129438590337,868,0
mamsell,karlskronaweckoblad,1890,64,17977977,3.559911106794719,64,0
matmor,karlskronaweckoblad,1890,74,17977977,4.1161472172313935,74,0
moder,karlskronaweckoblad,1890,1541,17977977,85.71598461829159,1540,1
moderlig,karlskronaweckoblad,1890,63,17977977,3.5042874957510515,63,0
moderlighet,karlskronaweckoblad,1890,3,17977977,0.16687083313100246,3,0
mor,karlskronaweckoblad,1890,2836,17977977,157.74856091984097,2835,1
mormor,karlskronaweckoblad,1890,112,17977977,6.229844436890758,112,0
mö,karlskronaweckoblad,1890,31,17977977,1.724331942353692,31,0
piga,karlskronaweckoblad,1890,449,17977977,24.9750013586067,449,0
poetissa,karlskronaweckoblad,1890,0,17977977,0.0,0,0
prinsessa,karlskronaweckoblad,1890,634,17977977,35.265369401685184,634,0
prostinna,karlskronaweckoblad,1890,0,17977977,0.0,0,0
prästfru,karlskronaweckoblad,1890,0,17977977,0.0,0,0
quinfolk,karlskronaweckoblad,1890,0,17977977,0.0,0,0
quinna,karlskronaweckoblad,1890,0,17977977,0.0,0,0
quinnor,karlskronaweckoblad,1890,0,17977977,0.0,0,0
qvinfolk,karlskronaweckoblad,1890,0,17977977,0.0,0,0
qvinnokön,karlskronaweckoblad,1890,0,17977977,0.0,0,0
qvinnor,karlskronaweckoblad,1890,0,17977977,0.0,0,0
qvinsperson,karlskronaweckoblad,1890,0,17977977,0.0,0,0
ragata,karlskronaweckoblad,1890,0,17977977,0.0,0,0
satkärring,karlskronaweckoblad,1890,0,17977977,0.0,0,0
sig,karlskronaweckoblad,1890,61206,17977977,3404.498737538712,61194,12
sjuksköterska,karlskronaweckoblad,1890,153,17977977,8.510412489681125,153,0
själv,karlskronaweckoblad,1890,0,17977977,0.0,0,0
skata,karlskronaweckoblad,1890,18,17977977,1.0012249987860147,18,0
skollärarinna,karlskronaweckoblad,1890,0,17977977,0.0,0,0
skrivbiträde,karlskronaweckoblad,1890,0,17977977,0.0,0,0
skådespelerska,karlskronaweckoblad,1890,171,17977977,9.511637488467139,171,0
sköka,karlskronaweckoblad,1890,5,17977977,0.27811805521833743,5,0
slampa,karlskronaweckoblad,1890,0,17977977,0.0,0,0
slinka,karlskronaweckoblad,1890,18,17977977,1.0012249987860147,18,0
slyna,karlskronaweckoblad,1890,7,17977977,0.3893652773056724,7,0
småflicka,karlskronaweckoblad,1890,12,17977977,0.6674833325240098,12,0
sondotter,karlskronaweckoblad,1890,27,17977977,1.5018374981790221,27,0
spinnerska,karlskronaweckoblad,1890,0,17977977,0.0,0,0
styvmor,karlskronaweckoblad,1890,0,17977977,0.0,0,0
subba,karlskronaweckoblad,1890,0,17977977,0.0,0,0
sugga,karlskronaweckoblad,1890,32,17977977,1.7799555533973594,32,0
svärmor,karlskronaweckoblad,1890,121,17977977,6.730456936283765,121,0
syster,karlskronaweckoblad,1890,1127,17977977,62.68780964621325,1127,0
systerdotter,karlskronaweckoblad,1890,29,17977977,1.613084720266357,29,0
sångerska,karlskronaweckoblad,1890,309,17977977,17.187695812493253,309,0
sömmerska,karlskronaweckoblad,1890,130,17977977,7.231069435676773,130,0
tant,karlskronaweckoblad,1890,425,17977977,23.64003469355868,425,0
telefonist,karlskronaweckoblad,1890,20,17977977,1.1124722208733497,20,0
tjej,karlskronaweckoblad,1890,0,17977977,0.0,0,0
tjänarinna,karlskronaweckoblad,1890,2,17977977,0.11124722208733497,2,0
trollpacka,karlskronaweckoblad,1890,0,17977977,0.0,0,0
tvätterska,karlskronaweckoblad,1890,39,17977977,2.1693208307030316,39,0
tös,karlskronaweckoblad,1890,41,17977977,2.280568052790367,41,0
tösabit,karlskronaweckoblad,1890,0,17977977,0.0,0,0
ungflicka,karlskronaweckoblad,1890,0,17977977,0.0,0,0
värdinna,karlskronaweckoblad,1890,261,17977977,14.517762482397213,261,0
väverska,karlskronaweckoblad,1890,0,17977977,0.0,0,0
äkta,karlskronaweckoblad,1890,1757,17977977,97.73068460372377,0,1757
äkta maka,karlskronaweckoblad,1890,9,17977977,0.5006124993930073,9,0
änka,karlskronaweckoblad,1890,34,17977977,1.8912027754846945,34,0
amma,kristianstadsbladet,1880,386,27428670,14.072866092304148,386,0
barnmorska,kristianstadsbladet,1880,311,27428670,11.33850091892899,311,0
baronessa,kristianstadsbladet,1880,165,27428670,6.015603381425348,165,0
borgmästarfru,kristianstadsbladet,1880,0,27428670,0.0,0,0
dam,kristianstadsbladet,1880,4449,27428670,162.20254208461438,4448,1
dotter,kristianstadsbladet,1880,4305,27428670,156.95256095173409,4304,1
drottning,kristianstadsbladet,1880,1210,27428670,44.11442479711922,1210,0
fabriksarbeterska,kristianstadsbladet,1880,0,27428670,0.0,0,0
farmor,kristianstadsbladet,1880,167,27428670,6.0885197860486855,167,0
feminin,kristianstadsbladet,1880,18,27428670,0.656247641610038,18,0
flicka,kristianstadsbladet,1880,6891,27428670,251.23347212970953,6887,4
flickebarn,kristianstadsbladet,1880,179,27428670,6.526018213788711,179,0
fnaska,kristianstadsbladet,1880,0,27428670,0.0,0,0
fostermoder,kristianstadsbladet,1880,0,27428670,0.0,0,0
fostermor,kristianstadsbladet,1880,39,27428670,1.4218698901550824,39,0
friherrinna,kristianstadsbladet,1880,0,27428670,0.0,0,0
fru,kristianstadsbladet,1880,6664,27428670,242.9574602049607,6663,1
fruntimmer,kristianstadsbladet,1880,1225,27428670,44.66129783179425,1223,2
fröken,kristianstadsbladet,1880,2799,27428670,102.0465082703609,2799,0
författarinna,kristianstadsbladet,1880,137,27428670,4.994773716698623,136,1
gammal,kristianstadsbladet,1880,21113,27428670,769.7420254062629,0,21113
gammal gumma,kristianstadsbladet,1880,49,27428670,1.78645191327177,49,0
gammelmor,kristianstadsbladet,1880,0,27428670,0.0,0,0
gemål,kristianstadsbladet,1880,201,27428670,7.328098664645424,201,0
grevinna,kristianstadsbladet,1880,3,27428670,0.10937460693500632,3,0
gumma,kristianstadsbladet,1880,765,27428670,27.890524768426612,765,0
guvernant,kristianstadsbladet,1880,135,27428670,4.921857312075285,135,0
hennes,kristianstadsbladet,1880,0,27428670,0.0,0,0
hertiginna,kristianstadsbladet,1880,89,27428670,3.244780005738521,89,0
hjältinna,kristianstadsbladet,1880,1,27428670,0.036458202311668776,1,0
hjärtevän,kristianstadsbladet,1880,0,27428670,0.0,0,0
hona,kristianstadsbladet,1880,56,27428670,2.0416593294534513,56,0
honkön,kristianstadsbladet,1880,0,27428670,0.0,0,0
hora,kristianstadsbladet,1880,33,27428670,1.2031206762850697,33,0
husfru,kristianstadsbladet,1880,37,27428670,1.3489534855317447,37,0
hushållerska,kristianstadsbladet,1880,401,27428670,14.619739126979178,401,0
husmoder,kristianstadsbladet,1880,0,27428670,0.0,0,0
husmor,kristianstadsbladet,1880,441,27428670,16.07806721944593,441,0
hustru,kristianstadsbladet,1880,7411,27428670,270.1917373317773,7408,3
häxa,kristianstadsbladet,1880,3,27428670,0.10937460693500632,3,0
jungfru,kristianstadsbladet,1880,597,27428670,21.76554678006626,597,0
jänta,kristianstadsbladet,1880,33,27428670,1.2031206762850697,33,0
jäntunge,kristianstadsbladet,1880,0,27428670,0.0,0,0
kassörska,kristianstadsbladet,1880,17,27428670,0.6197894392983692,17,0
kejsarinna,kristianstadsbladet,1880,249,27428670,9.078092375605525,249,0
kokerska,kristianstadsbladet,1880,219,27428670,7.984346306255462,219,0
kokfru,kristianstadsbladet,1880,0,27428670,0.0,0,0
konstnärinna,kristianstadsbladet,1880,0,27428670,0.0,0,0
kontorist,kristianstadsbladet,1880,173,27428670,6.307268999918699,173,0
kontorsfröken,kristianstadsbladet,1880,0,27428670,0.0,0,0
kviga,kristianstadsbladet,1880,8,27428670,0.2916656184933502,8,0
kvinna,kristianstadsbladet,1880,4,27428670,0.1458328092466751,4,0
kvinnfolk,kristianstadsbladet,1880,0,27428670,0.0,0,0
kvinnlig,kristianstadsbladet,1880,0,27428670,0.0,0,0
kvinnlighet,kristianstadsbladet,1880,0,27428670,0.0,0,0
kvinnokön,kristianstadsbladet,1880,0,27428670,0.0,0,0
kvinnsperson,kristianstadsbladet,1880,0,27428670,0.0,0,0
käring,kristianstadsbladet,1880,85,27428670,3.098947196491846,85,0
kärring,kristianstadsbladet,1880,6,27428670,0.21874921387001264,6,0
landshövdingska,kristianstadsbladet,1880,0,27428670,0.0,0,0
lillflicka,kristianstadsbladet,1880,0,27428670,0.0,0,0
liten,kristianstadsbladet,1880,42095,27428670,1534.708026309697,0,42095
liten flicka,kristianstadsbladet,1880,206,27428670,7.510389676203768,206,0
livskamrat,kristianstadsbladet,1880,0,27428670,0.0,0,0
lärarinna,kristianstadsbladet,1880,1187,27428670,43.275886143950835,1187,0
madam,kristianstadsbladet,1880,203,27428670,7.4010150692687615,203,0
madame,kristianstadsbladet,1880,136,27428670,4.958315514386953,136,0
maka,kristianstadsbladet,1880,1099,27428670,40.06756434052399,1099,0
mamma,kristianstadsbladet,1880,897,27428670,32.70300747356689,897,0
mamsell,kristianstadsbladet,1880,388,27428670,14.145782496927485,388,0
matmor,kristianstadsbladet,1880,74,27428670,2.6979069710634893,74,0
moder,kristianstadsbladet,1880,2721,27428670,99.20276849005074,2720,1
moderlig,kristianstadsbladet,1880,108,27428670,3.9374858496602276,108,0
moderlighet,kristianstadsbladet,1880,1,27428670,0.036458202311668776,1,0
mor,kristianstadsbladet,1880,5201,27428670,189.6191102229893,5200,1
mormor,kristianstadsbladet,1880,178,27428670,6.489560011477042,178,0
mö,kristianstadsbladet,1880,62,27428670,2.260408543323464,62,0
piga,kristianstadsbladet,1880,1844,27428670,67.22892506271722,1844,0
poetissa,kristianstadsbladet,1880,3,27428670,0.10937460693500632,3,0
prinsessa,kristianstadsbladet,1880,437,27428670,15.932234410199255,437,0
prostinna,kristianstadsbladet,1880,0,27428670,0.0,0,0
prästfru,kristianstadsbladet,1880,0,27428670,0.0,0,0
quinfolk,kristianstadsbladet,1880,0,27428670,0.0,0,0
quinna,kristianstadsbladet,1880,0,27428670,0.0,0,0
quinnor,kristianstadsbladet,1880,0,27428670,0.0,0,0
qvinfolk,kristianstadsbladet,1880,0,27428670,0.0,0,0
qvinnokön,kristianstadsbladet,1880,0,27428670,0.0,0,0
qvinnor,kristianstadsbladet,1880,0,27428670,0.0,0,0
qvinsperson,kristianstadsbladet,1880,0,27428670,0.0,0,0
ragata,kristianstadsbladet,1880,0,27428670,0.0,0,0
satkärring,kristianstadsbladet,1880,0,27428670,0.0,0,0
sig,kristianstadsbladet,1880,104087,27428670,3794.824904014668,104073,14
sjuksköterska,kristianstadsbladet,1880,74,27428670,2.6979069710634893,74,0
själv,kristianstadsbladet,1880,0,27428670,0.0,0,0
skata,kristianstadsbladet,1880,43,27428670,1.5677026994017573,43,0
skollärarinna,kristianstadsbladet,1880,0,27428670,0.0,0,0
skrivbiträde,kristianstadsbladet,1880,0,27428670,0.0,0,0
skådespelerska,kristianstadsbladet,1880,153,27428670,5.578104953685322,153,0
sköka,kristianstadsbladet,1880,29,27428670,1.0572878670383945,29,0
slampa,kristianstadsbladet,1880,0,27428670,0.0,0,0
slinka,kristianstadsbladet,1880,34,27428670,1.2395788785967383,34,0
slyna,kristianstadsbladet,1880,11,27428670,0.40104022542835654,11,0
småflicka,kristianstadsbladet,1880,16,27428670,0.5833312369867004,16,0
sondotter,kristianstadsbladet,1880,32,27428670,1.1666624739734008,32,0
spinnerska,kristianstadsbladet,1880,0,27428670,0.0,0,0
styvmor,kristianstadsbladet,1880,0,27428670,0.0,0,0
subba,kristianstadsbladet,1880,0,27428670,0.0,0,0
sugga,kristianstadsbladet,1880,1088,27428670,39.666524115095626,1088,0
svärmor,kristianstadsbladet,1880,228,27428670,8.31247012706048,228,0
syster,kristianstadsbladet,1880,1660,27428670,60.520615837370165,1660,0
systerdotter,kristianstadsbladet,1880,48,27428670,1.7499937109601011,48,0
sångerska,kristianstadsbladet,1880,212,27428670,7.729138890073781,212,0
sömmerska,kristianstadsbladet,1880,337,27428670,12.286414179032377,336,1
tant,kristianstadsbladet,1880,521,27428670,18.99472340437943,519,2
telefonist,kristianstadsbladet,1880,4,27428670,0.1458328092466751,4,0
tjej,kristianstadsbladet,1880,0,27428670,0.0,0,0
tjänarinna,kristianstadsbladet,1880,0,27428670,0.0,0,0
trollpacka,kristianstadsbladet,1880,7,27428670,0.2552074161816814,7,0
tvätterska,kristianstadsbladet,1880,67,27428670,2.442699554881808,67,0
tös,kristianstadsbladet,1880,74,27428670,2.6979069710634893,74,0
tösabit,kristianstadsbladet,1880,0,27428670,0.0,0,0
ungflicka,kristianstadsbladet,1880,0,27428670,0.0,0,0
värdinna,kristianstadsbladet,1880,233,27428670,8.494761138618825,233,0
väverska,kristianstadsbladet,1880,0,27428670,0.0,0,0
äkta,kristianstadsbladet,1880,4147,27428670,151.1921649864904,0,4147
äkta maka,kristianstadsbladet,1880,9,27428670,0.328123820805019,9,0
änka,kristianstadsbladet,1880,9,27428670,0.328123820805019,9,0
amma,kristianstadsbladet,1890,198,24305967,8.14614781629548,198,0
barnmorska,kristianstadsbladet,1890,325,24305967,13.371202223717328,325,0
baronessa,kristianstadsbladet,1890,138,24305967,5.677618174993819,138,0
borgmästarfru,kristianstadsbladet,1890,0,24305967,0.0,0,0
dam,kristianstadsbladet,1890,4306,24305967,177.1581439240825,4306,0
dotter,kristianstadsbladet,1890,3439,24305967,141.48789060727353,3437,2
drottning,kristianstadsbladet,1890,899,24305967,36.98680245883655,899,0
fabriksarbeterska,kristianstadsbladet,1890,0,24305967,0.0,0,0
farmor,kristianstadsbladet,1890,77,24305967,3.1679463730037978,77,0
feminin,kristianstadsbladet,1890,14,24305967,0.5759902496370541,14,0
flicka,kristianstadsbladet,1890,6467,24305967,266.0663531716307,6466,1
flickebarn,kristianstadsbladet,1890,157,24305967,6.459319228072679,157,0
fnaska,kristianstadsbladet,1890,0,24305967,0.0,0,0
fostermoder,kristianstadsbladet,1890,0,24305967,0.0,0,0
fostermor,kristianstadsbladet,1890,30,24305967,1.2342648206508302,30,0
friherrinna,kristianstadsbladet,1890,0,24305967,0.0,0,0
fru,kristianstadsbladet,1890,6809,24305967,280.1369721270501,6806,3
fruntimmer,kristianstadsbladet,1890,824,24305967,33.901140407209475,822,2
fröken,kristianstadsbladet,1890,3412,24305967,140.37705226868778,3412,0
författarinna,kristianstadsbladet,1890,226,24305967,9.298128315569588,226,0
gammal,kristianstadsbladet,1890,19281,24305967,793.2620002322886,0,19281
gammal gumma,kristianstadsbladet,1890,42,24305967,1.7279707489111624,42,0
gammelmor,kristianstadsbladet,1890,0,24305967,0.0,0,0
gemål,kristianstadsbladet,1890,152,24305967,6.253608424630873,152,0
grevinna,kristianstadsbladet,1890,1,24305967,0.04114216068836101,1,0
gumma,kristianstadsbladet,1890,482,24305967,19.830521451790005,482,0
guvernant,kristianstadsbladet,1890,109,24305967,4.48449551503135,109,0
hennes,kristianstadsbladet,1890,0,24305967,0.0,0,0
hertiginna,kristianstadsbladet,1890,234,24305967,9.627265601076477,234,0
hjältinna,kristianstadsbladet,1890,60,24305967,2.4685296413016604,60,0
hjärtevän,kristianstadsbladet,1890,4,24305967,0.16456864275344404,4,0
hona,kristianstadsbladet,1890,60,24305967,2.4685296413016604,60,0
honkön,kristianstadsbladet,1890,2,24305967,0.08228432137672202,2,0
hora,kristianstadsbladet,1890,16,24305967,0.6582745710137762,16,0
husfru,kristianstadsbladet,1890,23,24305967,0.9462696958323032,23,0
hushållerska,kristianstadsbladet,1890,257,24305967,10.57353529690878,257,0
husmoder,kristianstadsbladet,1890,0,24305967,0.0,0,0
husmor,kristianstadsbladet,1890,277,24305967,11.396378510676,277,0
hustru,kristianstadsbladet,1890,6595,24305967,271.33254973974084,6595,0
häxa,kristianstadsbladet,1890,49,24305967,2.0159658737296895,49,0
jungfru,kristianstadsbladet,1890,841,24305967,34.60055713891161,841,0
jänta,kristianstadsbladet,1890,28,24305967,1.1519804992741083,28,0
jäntunge,kristianstadsbladet,1890,0,24305967,0.0,0,0
kassörska,kristianstadsbladet,1890,106,24305967,4.361069032966267,106,0
kejsarinna,kristianstadsbladet,1890,224,24305967,9.215843994192866,224,0
kokerska,kristianstadsbladet,1890,238,24305967,9.791834243829921,238,0
kokfru,kristianstadsbladet,1890,0,24305967,0.0,0,0
konstnärinna,kristianstadsbladet,1890,0,24305967,0.0,0,0
kontorist,kristianstadsbladet,1890,225,24305967,9.256986154881227,224,1
kontorsfröken,kristianstadsbladet,1890,0,24305967,0.0,0,0
kviga,kristianstadsbladet,1890,748,24305967,30.774336194894037,748,0
kvinna,kristianstadsbladet,1890,5563,24305967,228.8738399093523,5559,4
kvinnfolk,kristianstadsbladet,1890,3,24305967,0.12342648206508303,3,0
kvinnlig,kristianstadsbladet,1890,15,24305967,0.6171324103254151,15,0
kvinnlighet,kristianstadsbladet,1890,1,24305967,0.04114216068836101,1,0
kvinnokön,kristianstadsbladet,1890,16,24305967,0.6582745710137762,16,0
kvinnsperson,kristianstadsbladet,1890,2,24305967,0.08228432137672202,2,0
käring,kristianstadsbladet,1890,55,24305967,2.2628188378598555,55,0
kärring,kristianstadsbladet,1890,13,24305967,0.5348480889486932,13,0
landshövdingska,kristianstadsbladet,1890,0,24305967,0.0,0,0
lillflicka,kristianstadsbladet,1890,0,24305967,0.0,0,0
liten,kristianstadsbladet,1890,37645,24305967,1548.7966391133502,0,37645
liten flicka,kristianstadsbladet,1890,175,24305967,7.199878120463177,175,0
livskamrat,kristianstadsbladet,1890,0,24305967,0.0,0,0
lärarinna,kristianstadsbladet,1890,823,24305967,33.85999824652111,823,0
madam,kristianstadsbladet,1890,32,24305967,1.3165491420275524,32,0
madame,kristianstadsbladet,1890,164,24305967,6.747314352891205,164,0
maka,kristianstadsbladet,1890,741,24305967,30.486341070075508,741,0
mamma,kristianstadsbladet,1890,864,24305967,35.54682683474391,864,0
mamsell,kristianstadsbladet,1890,59,24305967,2.4273874806133,59,0
matmor,kristianstadsbladet,1890,43,24305967,1.7691129095995235,43,0
moder,kristianstadsbladet,1890,2273,24305967,93.51613124464458,2273,0
moderlig,kristianstadsbladet,1890,56,24305967,2.3039609985482166,56,0
moderlighet,kristianstadsbladet,1890,1,24305967,0.04114216068836101,1,0
mor,kristianstadsbladet,1890,4076,24305967,167.6954469657595,4076,0
mormor,kristianstadsbladet,1890,92,24305967,3.785078783329213,92,0
mö,kristianstadsbladet,1890,51,24305967,2.0982501951064116,51,0
piga,kristianstadsbladet,1890,1299,24305967,53.44366673418095,1299,0
poetissa,kristianstadsbladet,1890,1,24305967,0.04114216068836101,1,0
prinsessa,kristianstadsbladet,1890,323,24305967,13.288917902340605,322,1
prostinna,kristianstadsbladet,1890,0,24305967,0.0,0,0
prästfru,kristianstadsbladet,1890,0,24305967,0.0,0,0
quinfolk,kristianstadsbladet,1890,0,24305967,0.0,0,0
quinna,kristianstadsbladet,1890,0,24305967,0.0,0,0
quinnor,kristianstadsbladet,1890,0,24305967,0.0,0,0
qvinfolk,kristianstadsbladet,1890,0,24305967,0.0,0,0
qvinnokön,kristianstadsbladet,1890,0,24305967,0.0,0,0
qvinnor,kristianstadsbladet,1890,0,24305967,0.0,0,0
qvinsperson,kristianstadsbladet,1890,0,24305967,0.0,0,0
ragata,kristianstadsbladet,1890,2,24305967,0.08228432137672202,2,0
satkärring,kristianstadsbladet,1890,0,24305967,0.0,0,0
sig,kristianstadsbladet,1890,91471,24305967,3763.31458032507,91458,13
sjuksköterska,kristianstadsbladet,1890,140,24305967,5.759902496370541,140,0
själv,kristianstadsbladet,1890,1,24305967,0.04114216068836101,1,0
skata,kristianstadsbladet,1890,27,24305967,1.1108383385857472,27,0
skollärarinna,kristianstadsbladet,1890,0,24305967,0.0,0,0
skrivbiträde,kristianstadsbladet,1890,0,24305967,0.0,0,0
skådespelerska,kristianstadsbladet,1890,125,24305967,5.142770086045126,125,0
sköka,kristianstadsbladet,1890,16,24305967,0.6582745710137762,16,0
slampa,kristianstadsbladet,1890,0,24305967,0.0,0,0
slinka,kristianstadsbladet,1890,17,24305967,0.6994167317021371,17,0
slyna,kristianstadsbladet,1890,18,24305967,0.7405588923904982,18,0
småflicka,kristianstadsbladet,1890,18,24305967,0.7405588923904982,18,0
sondotter,kristianstadsbladet,1890,21,24305967,0.8639853744555812,21,0
spinnerska,kristianstadsbladet,1890,0,24305967,0.0,0,0
styvmor,kristianstadsbladet,1890,0,24305967,0.0,0,0
subba,kristianstadsbladet,1890,0,24305967,0.0,0,0
sugga,kristianstadsbladet,1890,968,24305967,39.825611546333455,968,0
svärmor,kristianstadsbladet,1890,220,24305967,9.051275351439422,220,0
syster,kristianstadsbladet,1890,1300,24305967,53.48480889486931,1300,0
systerdotter,kristianstadsbladet,1890,23,24305967,0.9462696958323032,23,0
sångerska,kristianstadsbladet,1890,210,24305967,8.639853744555813,210,0
sömmerska,kristianstadsbladet,1890,253,24305967,10.408966654155336,253,0
tant,kristianstadsbladet,1890,640,24305967,26.330982840551048,640,0
telefonist,kristianstadsbladet,1890,14,24305967,0.5759902496370541,14,0
tjej,kristianstadsbladet,1890,0,24305967,0.0,0,0
tjänarinna,kristianstadsbladet,1890,94,24305967,3.867363104705935,94,0
trollpacka,kristianstadsbladet,1890,9,24305967,0.3702794461952491,9,0
tvätterska,kristianstadsbladet,1890,88,24305967,3.6205101405757687,88,0
tös,kristianstadsbladet,1890,79,24305967,3.25023069438052,79,0
tösabit,kristianstadsbladet,1890,0,24305967,0.0,0,0
ungflicka,kristianstadsbladet,1890,0,24305967,0.0,0,0
värdinna,kristianstadsbladet,1890,271,24305967,11.149525546545833,271,0
väverska,kristianstadsbladet,1890,0,24305967,0.0,0,0
äkta,kristianstadsbladet,1890,3061,24305967,125.93615386707305,0,3061
äkta maka,kristianstadsbladet,1890,7,24305967,0.28799512481852707,7,0
änka,kristianstadsbladet,1890,2189,24305967,90.06018974682225,2189,0
amma,lindesbergsallehanda,1880,2,506868,3.9458004845442995,2,0
barnmorska,lindesbergsallehanda,1880,3,506868,5.918700726816449,3,0
baronessa,lindesbergsallehanda,1880,0,506868,0.0,0,0
borgmästarfru,lindesbergsallehanda,1880,0,506868,0.0,0,0
dam,lindesbergsallehanda,1880,39,506868,76.94310944861384,39,0
dotter,lindesbergsallehanda,1880,54,506868,106.53661308269609,54,0
drottning,lindesbergsallehanda,1880,11,506868,21.701902664993646,11,0
fabriksarbeterska,lindesbergsallehanda,1880,0,506868,0.0,0,0
farmor,lindesbergsallehanda,1880,0,506868,0.0,0,0
feminin,lindesbergsallehanda,1880,0,506868,0.0,0,0
flicka,lindesbergsallehanda,1880,87,506868,171.64232107767702,87,0
flickebarn,lindesbergsallehanda,1880,2,506868,3.9458004845442995,2,0
fnaska,lindesbergsallehanda,1880,0,506868,0.0,0,0
fostermoder,lindesbergsallehanda,1880,0,506868,0.0,0,0
fostermor,lindesbergsallehanda,1880,0,506868,0.0,0,0
friherrinna,lindesbergsallehanda,1880,0,506868,0.0,0,0
fru,lindesbergsallehanda,1880,136,506868,268.31443294901237,136,0
fruntimmer,lindesbergsallehanda,1880,44,506868,86.80761065997459,44,0
fröken,lindesbergsallehanda,1880,68,506868,134.15721647450619,68,0
författarinna,lindesbergsallehanda,1880,4,506868,7.891600969088599,4,0
gammal,lindesbergsallehanda,1880,378,506868,745.7562915788726,0,378
gammal gumma,lindesbergsallehanda,1880,3,506868,5.918700726816449,3,0
gammelmor,lindesbergsallehanda,1880,0,506868,0.0,0,0
gemål,lindesbergsallehanda,1880,1,506868,1.9729002422721498,1,0
grevinna,lindesbergsallehanda,1880,0,506868,0.0,0,0
gumma,lindesbergsallehanda,1880,10,506868,19.729002422721496,10,0
guvernant,lindesbergsallehanda,1880,2,506868,3.9458004845442995,2,0
hennes,lindesbergsallehanda,1880,0,506868,0.0,0,0
hertiginna,lindesbergsallehanda,1880,0,506868,0.0,0,0
hjältinna,lindesbergsallehanda,1880,0,506868,0.0,0,0
hjärtevän,lindesbergsallehanda,1880,0,506868,0.0,0,0
hona,lindesbergsallehanda,1880,2,506868,3.9458004845442995,2,0
honkön,lindesbergsallehanda,1880,0,506868,0.0,0,0
hora,lindesbergsallehanda,1880,16,506868,31.566403876354396,16,0
husfru,lindesbergsallehanda,1880,0,506868,0.0,0,0
hushållerska,lindesbergsallehanda,1880,2,506868,3.9458004845442995,2,0
husmoder,lindesbergsallehanda,1880,0,506868,0.0,0,0
husmor,lindesbergsallehanda,1880,16,506868,31.566403876354396,16,0
hustru,lindesbergsallehanda,1880,119,506868,234.77512883038582,119,0
häxa,lindesbergsallehanda,1880,0,506868,0.0,0,0
jungfru,lindesbergsallehanda,1880,12,506868,23.674802907265796,12,0
jänta,lindesbergsallehanda,1880,1,506868,1.9729002422721498,1,0
jäntunge,lindesbergsallehanda,1880,0,506868,0.0,0,0
kassörska,lindesbergsallehanda,1880,0,506868,0.0,0,0
kejsarinna,lindesbergsallehanda,1880,2,506868,3.9458004845442995,2,0
kokerska,lindesbergsallehanda,1880,0,506868,0.0,0,0
kokfru,lindesbergsallehanda,1880,0,506868,0.0,0,0
konstnärinna,lindesbergsallehanda,1880,0,506868,0.0,0,0
kontorist,lindesbergsallehanda,1880,4,506868,7.891600969088599,4,0
kontorsfröken,lindesbergsallehanda,1880,0,506868,0.0,0,0
kviga,lindesbergsallehanda,1880,0,506868,0.0,0,0
kvinna,lindesbergsallehanda,1880,0,506868,0.0,0,0
kvinnfolk,lindesbergsallehanda,1880,0,506868,0.0,0,0
kvinnlig,lindesbergsallehanda,1880,0,506868,0.0,0,0
kvinnlighet,lindesbergsallehanda,1880,0,506868,0.0,0,0
kvinnokön,lindesbergsallehanda,1880,0,506868,0.0,0,0
kvinnsperson,lindesbergsallehanda,1880,0,506868,0.0,0,0
käring,lindesbergsallehanda,1880,1,506868,1.9729002422721498,1,0
kärring,lindesbergsallehanda,1880,1,506868,1.9729002422721498,1,0
landshövdingska,lindesbergsallehanda,1880,0,506868,0.0,0,0
lillflicka,lindesbergsallehanda,1880,0,506868,0.0,0,0
liten,lindesbergsallehanda,1880,716,506868,1412.5965734668591,0,716
liten flicka,lindesbergsallehanda,1880,5,506868,9.864501211360748,5,0
livskamrat,lindesbergsallehanda,1880,0,506868,0.0,0,0
lärarinna,lindesbergsallehanda,1880,32,506868,63.13280775270879,32,0
madam,lindesbergsallehanda,1880,17,506868,33.539304118626546,17,0
madame,lindesbergsallehanda,1880,18,506868,35.51220436089869,18,0
maka,lindesbergsallehanda,1880,18,506868,35.51220436089869,18,0
mamma,lindesbergsallehanda,1880,6,506868,11.837401453632898,6,0
mamsell,lindesbergsallehanda,1880,3,506868,5.918700726816449,3,0
matmor,lindesbergsallehanda,1880,4,506868,7.891600969088599,4,0
moder,lindesbergsallehanda,1880,41,506868,80.88890993315815,41,0
moderlig,lindesbergsallehanda,1880,1,506868,1.9729002422721498,1,0
moderlighet,lindesbergsallehanda,1880,0,506868,0.0,0,0
mor,lindesbergsallehanda,1880,59,506868,116.40111429405684,59,0
mormor,lindesbergsallehanda,1880,1,506868,1.9729002422721498,1,0
mö,lindesbergsallehanda,1880,4,506868,7.891600969088599,4,0
piga,lindesbergsallehanda,1880,28,506868,55.24120678362019,28,0
poetissa,lindesbergsallehanda,1880,0,506868,0.0,0,0
prinsessa,lindesbergsallehanda,1880,3,506868,5.918700726816449,3,0
prostinna,lindesbergsallehanda,1880,0,506868,0.0,0,0
prästfru,lindesbergsallehanda,1880,0,506868,0.0,0,0
quinfolk,lindesbergsallehanda,1880,0,506868,0.0,0,0
quinna,lindesbergsallehanda,1880,0,506868,0.0,0,0
quinnor,lindesbergsallehanda,1880,0,506868,0.0,0,0
qvinfolk,lindesbergsallehanda,1880,0,506868,0.0,0,0
qvinnokön,lindesbergsallehanda,1880,0,506868,0.0,0,0
qvinnor,lindesbergsallehanda,1880,0,506868,0.0,0,0
qvinsperson,lindesbergsallehanda,1880,0,506868,0.0,0,0
ragata,lindesbergsallehanda,1880,0,506868,0.0,0,0
satkärring,lindesbergsallehanda,1880,0,506868,0.0,0,0
sig,lindesbergsallehanda,1880,1486,506868,2931.7297600164147,1485,1
sjuksköterska,lindesbergsallehanda,1880,3,506868,5.918700726816449,3,0
själv,lindesbergsallehanda,1880,0,506868,0.0,0,0
skata,lindesbergsallehanda,1880,7,506868,13.810301695905048,7,0
skollärarinna,lindesbergsallehanda,1880,0,506868,0.0,0,0
skrivbiträde,lindesbergsallehanda,1880,0,506868,0.0,0,0
skådespelerska,lindesbergsallehanda,1880,0,506868,0.0,0,0
sköka,lindesbergsallehanda,1880,0,506868,0.0,0,0
slampa,lindesbergsallehanda,1880,0,506868,0.0,0,0
slinka,lindesbergsallehanda,1880,1,506868,1.9729002422721498,1,0
slyna,lindesbergsallehanda,1880,1,506868,1.9729002422721498,1,0
småflicka,lindesbergsallehanda,1880,1,506868,1.9729002422721498,1,0
sondotter,lindesbergsallehanda,1880,0,506868,0.0,0,0
spinnerska,lindesbergsallehanda,1880,0,506868,0.0,0,0
styvmor,lindesbergsallehanda,1880,0,506868,0.0,0,0
subba,lindesbergsallehanda,1880,0,506868,0.0,0,0
sugga,lindesbergsallehanda,1880,0,506868,0.0,0,0
svärmor,lindesbergsallehanda,1880,1,506868,1.9729002422721498,1,0
syster,lindesbergsallehanda,1880,29,506868,57.214107025892346,29,0
systerdotter,lindesbergsallehanda,1880,0,506868,0.0,0,0
sångerska,lindesbergsallehanda,1880,3,506868,5.918700726816449,3,0
sömmerska,lindesbergsallehanda,1880,2,506868,3.9458004845442995,2,0
tant,lindesbergsallehanda,1880,5,506868,9.864501211360748,5,0
telefonist,lindesbergsallehanda,1880,0,506868,0.0,0,0
tjej,lindesbergsallehanda,1880,0,506868,0.0,0,0
tjänarinna,lindesbergsallehanda,1880,0,506868,0.0,0,0
trollpacka,lindesbergsallehanda,1880,0,506868,0.0,0,0
tvätterska,lindesbergsallehanda,1880,0,506868,0.0,0,0
tös,lindesbergsallehanda,1880,1,506868,1.9729002422721498,1,0
tösabit,lindesbergsallehanda,1880,0,506868,0.0,0,0
ungflicka,lindesbergsallehanda,1880,0,506868,0.0,0,0
värdinna,lindesbergsallehanda,1880,1,506868,1.9729002422721498,1,0
väverska,lindesbergsallehanda,1880,0,506868,0.0,0,0
äkta,lindesbergsallehanda,1880,107,506868,211.10032592312,0,107
äkta maka,lindesbergsallehanda,1880,0,506868,0.0,0,0
änka,lindesbergsallehanda,1880,0,506868,0.0,0,0
amma,lundsweckoblad,1880,199,26475538,7.51637228297306,199,0
barnmorska,lundsweckoblad,1880,161,26475538,6.081085113360114,161,0
baronessa,lundsweckoblad,1880,269,26475538,10.160322332260066,269,0
borgmästarfru,lundsweckoblad,1880,0,26475538,0.0,0,0
dam,lundsweckoblad,1880,6874,26475538,259.63589483998396,6872,2
dotter,lundsweckoblad,1880,5670,26475538,214.1599539922475,5668,2
drottning,lundsweckoblad,1880,3509,26475538,132.53743889925863,3509,0
fabriksarbeterska,lundsweckoblad,1880,0,26475538,0.0,0,0
farmor,lundsweckoblad,1880,195,26475538,7.365289423013802,195,0
feminin,lundsweckoblad,1880,10,26475538,0.3777071498981437,10,0
flicka,lundsweckoblad,1880,6485,26475538,244.9430867089462,6485,0
flickebarn,lundsweckoblad,1880,29,26475538,1.0953507347046167,29,0
fnaska,lundsweckoblad,1880,0,26475538,0.0,0,0
fostermoder,lundsweckoblad,1880,0,26475538,0.0,0,0
fostermor,lundsweckoblad,1880,23,26475538,0.8687264447657306,23,0
friherrinna,lundsweckoblad,1880,0,26475538,0.0,0,0
fru,lundsweckoblad,1880,9604,26475538,362.7499467621772,9604,0
fruntimmer,lundsweckoblad,1880,1356,26475538,51.21708952618829,1356,0
fröken,lundsweckoblad,1880,3998,26475538,151.00731852927785,3995,3
författarinna,lundsweckoblad,1880,138,26475538,5.2123586685943835,137,1
gammal,lundsweckoblad,1880,22781,26475538,860.4546581829612,0,22781
gammal gumma,lundsweckoblad,1880,74,26475538,2.7950329092462636,74,0
gammelmor,lundsweckoblad,1880,0,26475538,0.0,0,0
gemål,lundsweckoblad,1880,463,26475538,17.487841040284053,463,0
grevinna,lundsweckoblad,1880,3,26475538,0.11331214496944311,3,0
gumma,lundsweckoblad,1880,640,26475538,24.173257593481196,640,0
guvernant,lundsweckoblad,1880,99,26475538,3.739300783991623,99,0
hennes,lundsweckoblad,1880,0,26475538,0.0,0,0
hertiginna,lundsweckoblad,1880,296,26475538,11.180131636985054,296,0
hjältinna,lundsweckoblad,1880,0,26475538,0.0,0,0
hjärtevän,lundsweckoblad,1880,0,26475538,0.0,0,0
hona,lundsweckoblad,1880,53,26475538,2.0018478944601616,53,0
honkön,lundsweckoblad,1880,1,26475538,0.03777071498981437,1,0
hora,lundsweckoblad,1880,11,26475538,0.41547786488795807,11,0
husfru,lundsweckoblad,1880,18,26475538,0.6798728698166587,18,0
hushållerska,lundsweckoblad,1880,325,26475538,12.275482371689671,325,0
husmoder,lundsweckoblad,1880,0,26475538,0.0,0,0
husmor,lundsweckoblad,1880,228,26475538,8.611723017677676,228,0
hustru,lundsweckoblad,1880,5657,26475538,213.6689346973799,5657,0
häxa,lundsweckoblad,1880,1,26475538,0.03777071498981437,1,0
jungfru,lundsweckoblad,1880,505,26475538,19.074211069856258,504,1
jänta,lundsweckoblad,1880,15,26475538,0.5665607248472155,15,0
jäntunge,lundsweckoblad,1880,0,26475538,0.0,0,0
kassörska,lundsweckoblad,1880,58,26475538,2.1907014694092335,58,0
kejsarinna,lundsweckoblad,1880,727,26475538,27.459309797595047,726,1
kokerska,lundsweckoblad,1880,318,26475538,12.01108736676097,318,0
kokfru,lundsweckoblad,1880,0,26475538,0.0,0,0
konstnärinna,lundsweckoblad,1880,0,26475538,0.0,0,0
kontorist,lundsweckoblad,1880,109,26475538,4.1170079338897665,109,0
kontorsfröken,lundsweckoblad,1880,0,26475538,0.0,0,0
kviga,lundsweckoblad,1880,8,26475538,0.302165719918515,8,0
kvinna,lundsweckoblad,1880,19,26475538,0.7176435848064731,19,0
kvinnfolk,lundsweckoblad,1880,0,26475538,0.0,0,0
kvinnlig,lundsweckoblad,1880,0,26475538,0.0,0,0
kvinnlighet,lundsweckoblad,1880,0,26475538,0.0,0,0
kvinnokön,lundsweckoblad,1880,0,26475538,0.0,0,0
kvinnsperson,lundsweckoblad,1880,0,26475538,0.0,0,0
käring,lundsweckoblad,1880,25,26475538,0.9442678747453593,25,0
kärring,lundsweckoblad,1880,0,26475538,0.0,0,0
landshövdingska,lundsweckoblad,1880,0,26475538,0.0,0,0
lillflicka,lundsweckoblad,1880,0,26475538,0.0,0,0
liten,lundsweckoblad,1880,38074,26475538,1438.0822025221923,0,38074
liten flicka,lundsweckoblad,1880,331,26475538,12.502106661628558,330,1
livskamrat,lundsweckoblad,1880,0,26475538,0.0,0,0
lärarinna,lundsweckoblad,1880,1200,26475538,45.32485798777724,1200,0
madam,lundsweckoblad,1880,94,26475538,3.550447209042551,94,0
madame,lundsweckoblad,1880,127,26475538,4.796880803706425,127,0
maka,lundsweckoblad,1880,1052,26475538,39.73479216928472,1052,0
mamma,lundsweckoblad,1880,708,26475538,26.741666212788576,708,0
mamsell,lundsweckoblad,1880,354,26475538,13.370833106394288,354,0
matmor,lundsweckoblad,1880,75,26475538,2.8328036242360777,75,0
moder,lundsweckoblad,1880,2251,26475538,85.02187944207215,2251,0
moderlig,lundsweckoblad,1880,119,26475538,4.49471508378791,119,0
moderlighet,lundsweckoblad,1880,2,26475538,0.07554142997962875,2,0
mor,lundsweckoblad,1880,3754,26475538,141.79126407176315,3754,0
mormor,lundsweckoblad,1880,228,26475538,8.611723017677676,228,0
mö,lundsweckoblad,1880,51,26475538,1.926306464480533,51,0
piga,lundsweckoblad,1880,1154,26475538,43.58740509824578,1153,1
poetissa,lundsweckoblad,1880,0,26475538,0.0,0,0
prinsessa,lundsweckoblad,1880,1299,26475538,49.06415877176887,1299,0
prostinna,lundsweckoblad,1880,0,26475538,0.0,0,0
prästfru,lundsweckoblad,1880,0,26475538,0.0,0,0
quinfolk,lundsweckoblad,1880,0,26475538,0.0,0,0
quinna,lundsweckoblad,1880,0,26475538,0.0,0,0
quinnor,lundsweckoblad,1880,0,26475538,0.0,0,0
qvinfolk,lundsweckoblad,1880,0,26475538,0.0,0,0
qvinnokön,lundsweckoblad,1880,0,26475538,0.0,0,0
qvinnor,lundsweckoblad,1880,0,26475538,0.0,0,0
qvinsperson,lundsweckoblad,1880,0,26475538,0.0,0,0
ragata,lundsweckoblad,1880,1,26475538,0.03777071498981437,1,0
satkärring,lundsweckoblad,1880,0,26475538,0.0,0,0
sig,lundsweckoblad,1880,94140,26475538,3555.735109141125,94126,14
sjuksköterska,lundsweckoblad,1880,118,26475538,4.456944368798096,118,0
själv,lundsweckoblad,1880,0,26475538,0.0,0,0
skata,lundsweckoblad,1880,32,26475538,1.20866287967406,32,0
skollärarinna,lundsweckoblad,1880,0,26475538,0.0,0,0
skrivbiträde,lundsweckoblad,1880,0,26475538,0.0,0,0
skådespelerska,lundsweckoblad,1880,196,26475538,7.4030601380036165,196,0
sköka,lundsweckoblad,1880,5,26475538,0.18885357494907185,5,0
slampa,lundsweckoblad,1880,0,26475538,0.0,0,0
slinka,lundsweckoblad,1880,15,26475538,0.5665607248472155,15,0
slyna,lundsweckoblad,1880,11,26475538,0.41547786488795807,11,0
småflicka,lundsweckoblad,1880,19,26475538,0.7176435848064731,19,0
sondotter,lundsweckoblad,1880,43,26475538,1.624140744562018,43,0
spinnerska,lundsweckoblad,1880,0,26475538,0.0,0,0
styvmor,lundsweckoblad,1880,0,26475538,0.0,0,0
subba,lundsweckoblad,1880,0,26475538,0.0,0,0
sugga,lundsweckoblad,1880,37,26475538,1.3975164546231318,37,0
svärmor,lundsweckoblad,1880,141,26475538,5.325670813563827,141,0
syster,lundsweckoblad,1880,1663,26475538,62.8126990280613,1663,0
systerdotter,lundsweckoblad,1880,61,26475538,2.3040136143786767,61,0
sångerska,lundsweckoblad,1880,342,26475538,12.917584526516515,342,0
sömmerska,lundsweckoblad,1880,209,26475538,7.894079432871203,209,0
tant,lundsweckoblad,1880,597,26475538,22.54911684891918,597,0
telefonist,lundsweckoblad,1880,12,26475538,0.45324857987777245,12,0
tjej,lundsweckoblad,1880,0,26475538,0.0,0,0
tjänarinna,lundsweckoblad,1880,0,26475538,0.0,0,0
trollpacka,lundsweckoblad,1880,3,26475538,0.11331214496944311,3,0
tvätterska,lundsweckoblad,1880,73,26475538,2.757262194256449,73,0
tös,lundsweckoblad,1880,43,26475538,1.624140744562018,43,0
tösabit,lundsweckoblad,1880,0,26475538,0.0,0,0
ungflicka,lundsweckoblad,1880,0,26475538,0.0,0,0
värdinna,lundsweckoblad,1880,291,26475538,10.991278062035983,291,0
väverska,lundsweckoblad,1880,0,26475538,0.0,0,0
äkta,lundsweckoblad,1880,3057,26475538,115.46507572386253,0,3057
äkta maka,lundsweckoblad,1880,4,26475538,0.1510828599592575,4,0
änka,lundsweckoblad,1880,8,26475538,0.302165719918515,8,0
amma,lundsweckoblad,1890,96,20782902,4.619181671549045,96,0
barnmorska,lundsweckoblad,1890,140,20782902,6.736306604342358,140,0
baronessa,lundsweckoblad,1890,145,20782902,6.9768889830688705,145,0
borgmästarfru,lundsweckoblad,1890,0,20782902,0.0,0,0
dam,lundsweckoblad,1890,5404,20782902,260.021434927615,5403,1
dotter,lundsweckoblad,1890,3760,20782902,180.9179488023376,3759,1
drottning,lundsweckoblad,1890,2078,20782902,99.9860365987387,2078,0
fabriksarbeterska,lundsweckoblad,1890,0,20782902,0.0,0,0
farmor,lundsweckoblad,1890,87,20782902,4.186133389841323,87,0
feminin,lundsweckoblad,1890,6,20782902,0.2886988544718153,6,0
flicka,lundsweckoblad,1890,4642,20782902,223.35668040969446,4641,1
flickebarn,lundsweckoblad,1890,13,20782902,0.6255141846889333,13,0
fnaska,lundsweckoblad,1890,0,20782902,0.0,0,0
fostermoder,lundsweckoblad,1890,0,20782902,0.0,0,0
fostermor,lundsweckoblad,1890,17,20782902,0.8179800876701435,17,0
friherrinna,lundsweckoblad,1890,0,20782902,0.0,0,0
fru,lundsweckoblad,1890,7410,20782902,356.54308527269194,7409,1
fruntimmer,lundsweckoblad,1890,503,20782902,24.202587299887185,503,0
fröken,lundsweckoblad,1890,3761,20782902,180.9660652780829,3760,1
författarinna,lundsweckoblad,1890,176,20782902,8.46849973117325,176,0
gammal,lundsweckoblad,1890,17054,20782902,820.5783773603898,0,17054
gammal gumma,lundsweckoblad,1890,61,20782902,2.935105020463456,61,0
gammelmor,lundsweckoblad,1890,0,20782902,0.0,0,0
gemål,lundsweckoblad,1890,321,20782902,15.445388714242121,321,0
grevinna,lundsweckoblad,1890,0,20782902,0.0,0,0
gumma,lundsweckoblad,1890,530,20782902,25.501732145010354,530,0
guvernant,lundsweckoblad,1890,64,20782902,3.0794544476993635,64,0
hennes,lundsweckoblad,1890,0,20782902,0.0,0,0
hertiginna,lundsweckoblad,1890,237,20782902,11.403604751636706,237,0
hjältinna,lundsweckoblad,1890,1,20782902,0.048116475745302555,1,0
hjärtevän,lundsweckoblad,1890,1,20782902,0.048116475745302555,1,0
hona,lundsweckoblad,1890,63,20782902,3.031337971954061,63,0
honkön,lundsweckoblad,1890,0,20782902,0.0,0,0
hora,lundsweckoblad,1890,15,20782902,0.7217471361795383,15,0
husfru,lundsweckoblad,1890,9,20782902,0.433048281707723,9,0
hushållerska,lundsweckoblad,1890,182,20782902,8.757198585645066,182,0
husmoder,lundsweckoblad,1890,0,20782902,0.0,0,0
husmor,lundsweckoblad,1890,256,20782902,12.317817790797454,256,0
hustru,lundsweckoblad,1890,4398,20782902,211.61626032784065,4398,0
häxa,lundsweckoblad,1890,4,20782902,0.19246590298121022,4,0
jungfru,lundsweckoblad,1890,454,20782902,21.84487998836736,454,0
jänta,lundsweckoblad,1890,8,20782902,0.38493180596242044,8,0
jäntunge,lundsweckoblad,1890,0,20782902,0.0,0,0
kassörska,lundsweckoblad,1890,45,20782902,2.165241408538615,45,0
kejsarinna,lundsweckoblad,1890,586,20782902,28.1962547867473,586,0
kokerska,lundsweckoblad,1890,203,20782902,9.76764457629642,203,0
kokfru,lundsweckoblad,1890,0,20782902,0.0,0,0
konstnärinna,lundsweckoblad,1890,0,20782902,0.0,0,0
kontorist,lundsweckoblad,1890,201,20782902,9.671411624805813,201,0
kontorsfröken,lundsweckoblad,1890,0,20782902,0.0,0,0
kviga,lundsweckoblad,1890,0,20782902,0.0,0,0
kvinna,lundsweckoblad,1890,43,20782902,2.06900845704801,43,0
kvinnfolk,lundsweckoblad,1890,0,20782902,0.0,0,0
kvinnlig,lundsweckoblad,1890,8,20782902,0.38493180596242044,8,0
kvinnlighet,lundsweckoblad,1890,0,20782902,0.0,0,0
kvinnokön,lundsweckoblad,1890,1,20782902,0.048116475745302555,1,0
kvinnsperson,lundsweckoblad,1890,0,20782902,0.0,0,0
käring,lundsweckoblad,1890,42,20782902,2.0208919813027073,42,0
kärring,lundsweckoblad,1890,0,20782902,0.0,0,0
landshövdingska,lundsweckoblad,1890,0,20782902,0.0,0,0
lillflicka,lundsweckoblad,1890,0,20782902,0.0,0,0
liten,lundsweckoblad,1890,27202,20782902,1308.8643732237201,0,27202
liten flicka,lundsweckoblad,1890,269,20782902,12.943331975486387,269,0
livskamrat,lundsweckoblad,1890,0,20782902,0.0,0,0
lärarinna,lundsweckoblad,1890,858,20782902,41.28393618946959,856,2
madam,lundsweckoblad,1890,46,20782902,2.2133578842839174,46,0
madame,lundsweckoblad,1890,85,20782902,4.089900438350718,85,0
maka,lundsweckoblad,1890,762,20782902,36.66475451792055,762,0
mamma,lundsweckoblad,1890,503,20782902,24.202587299887185,503,0
mamsell,lundsweckoblad,1890,38,20782902,1.8284260783214972,38,0
matmor,lundsweckoblad,1890,21,20782902,1.0104459906513537,21,0
moder,lundsweckoblad,1890,1885,20782902,90.69955677989532,1885,0
moderlig,lundsweckoblad,1890,63,20782902,3.031337971954061,63,0
moderlighet,lundsweckoblad,1890,1,20782902,0.048116475745302555,1,0
mor,lundsweckoblad,1890,3175,20782902,152.76981049133562,3175,0
mormor,lundsweckoblad,1890,118,20782902,5.677744137945702,118,0
mö,lundsweckoblad,1890,45,20782902,2.165241408538615,45,0
piga,lundsweckoblad,1890,414,20782902,19.92022095855526,414,0
poetissa,lundsweckoblad,1890,0,20782902,0.0,0,0
prinsessa,lundsweckoblad,1890,715,20782902,34.40328015789133,714,1
prostinna,lundsweckoblad,1890,0,20782902,0.0,0,0
prästfru,lundsweckoblad,1890,0,20782902,0.0,0,0
quinfolk,lundsweckoblad,1890,0,20782902,0.0,0,0
quinna,lundsweckoblad,1890,0,20782902,0.0,0,0
quinnor,lundsweckoblad,1890,0,20782902,0.0,0,0
qvinfolk,lundsweckoblad,1890,0,20782902,0.0,0,0
qvinnokön,lundsweckoblad,1890,0,20782902,0.0,0,0
qvinnor,lundsweckoblad,1890,0,20782902,0.0,0,0
qvinsperson,lundsweckoblad,1890,0,20782902,0.0,0,0
ragata,lundsweckoblad,1890,1,20782902,0.048116475745302555,1,0
satkärring,lundsweckoblad,1890,0,20782902,0.0,0,0
sig,lundsweckoblad,1890,73930,20782902,3557.251051850218,73923,7
sjuksköterska,lundsweckoblad,1890,417,20782902,20.064570385791168,417,0
själv,lundsweckoblad,1890,1,20782902,0.048116475745302555,1,0
skata,lundsweckoblad,1890,27,20782902,1.299144845123169,27,0
skollärarinna,lundsweckoblad,1890,0,20782902,0.0,0,0
skrivbiträde,lundsweckoblad,1890,0,20782902,0.0,0,0
skådespelerska,lundsweckoblad,1890,96,20782902,4.619181671549045,96,0
sköka,lundsweckoblad,1890,17,20782902,0.8179800876701435,17,0
slampa,lundsweckoblad,1890,1,20782902,0.048116475745302555,1,0
slinka,lundsweckoblad,1890,13,20782902,0.6255141846889333,13,0
slyna,lundsweckoblad,1890,2,20782902,0.09623295149060511,2,0
småflicka,lundsweckoblad,1890,32,20782902,1.5397272238496817,32,0
sondotter,lundsweckoblad,1890,28,20782902,1.3472613208684716,28,0
spinnerska,lundsweckoblad,1890,0,20782902,0.0,0,0
styvmor,lundsweckoblad,1890,0,20782902,0.0,0,0
subba,lundsweckoblad,1890,0,20782902,0.0,0,0
sugga,lundsweckoblad,1890,20,20782902,0.9623295149060511,20,0
svärmor,lundsweckoblad,1890,175,20782902,8.420383255427948,175,0
syster,lundsweckoblad,1890,1701,20782902,81.84612524275965,1701,0
systerdotter,lundsweckoblad,1890,38,20782902,1.8284260783214972,38,0
sångerska,lundsweckoblad,1890,230,20782902,11.066789421419587,230,0
sömmerska,lundsweckoblad,1890,116,20782902,5.581511186455097,116,0
tant,lundsweckoblad,1890,530,20782902,25.501732145010354,530,0
telefonist,lundsweckoblad,1890,28,20782902,1.3472613208684716,28,0
tjej,lundsweckoblad,1890,0,20782902,0.0,0,0
tjänarinna,lundsweckoblad,1890,3,20782902,0.14434942723590766,3,0
trollpacka,lundsweckoblad,1890,3,20782902,0.14434942723590766,3,0
tvätterska,lundsweckoblad,1890,29,20782902,1.3953777966137741,29,0
tös,lundsweckoblad,1890,56,20782902,2.6945226417369432,56,0
tösabit,lundsweckoblad,1890,0,20782902,0.0,0,0
ungflicka,lundsweckoblad,1890,0,20782902,0.0,0,0
värdinna,lundsweckoblad,1890,215,20782902,10.34504228524005,215,0
väverska,lundsweckoblad,1890,0,20782902,0.0,0,0
äkta,lundsweckoblad,1890,2300,20782902,110.66789421419588,0,2300
äkta maka,lundsweckoblad,1890,3,20782902,0.14434942723590766,3,0
änka,lundsweckoblad,1890,13,20782902,0.6255141846889333,13,0
amma,malmoallehanda,1880,581,23683386,24.53196515059122,581,0
barnmorska,malmoallehanda,1880,197,23683386,8.318067357429381,197,0
baronessa,malmoallehanda,1880,130,23683386,5.489079982059998,130,0
borgmästarfru,malmoallehanda,1880,0,23683386,0.0,0,0
dam,malmoallehanda,1880,4823,23683386,203.64486733442592,4821,2
dotter,malmoallehanda,1880,5157,23683386,217.74758051910314,5157,0
drottning,malmoallehanda,1880,2973,23683386,125.53103682049517,2973,0
fabriksarbeterska,malmoallehanda,1880,0,23683386,0.0,0,0
farmor,malmoallehanda,1880,73,23683386,3.082329528387537,73,0
feminin,malmoallehanda,1880,7,23683386,0.295565845187846,7,0
flicka,malmoallehanda,1880,6829,23683386,288.34559382682863,6825,4
flickebarn,malmoallehanda,1880,128,23683386,5.404632597720613,128,0
fnaska,malmoallehanda,1880,1,23683386,0.04222369216969229,1,0
fostermoder,malmoallehanda,1880,0,23683386,0.0,0,0
fostermor,malmoallehanda,1880,26,23683386,1.0978159964119996,26,0
friherrinna,malmoallehanda,1880,0,23683386,0.0,0,0
fru,malmoallehanda,1880,7324,23683386,309.2463214508263,7324,0
fruntimmer,malmoallehanda,1880,2048,23683386,86.4741215635298,2048,0
fröken,malmoallehanda,1880,2921,23683386,123.33540482767118,2920,1
författarinna,malmoallehanda,1880,139,23683386,5.869093211587228,138,1
gammal,malmoallehanda,1880,20995,23683386,886.4864171026896,0,20995
gammal gumma,malmoallehanda,1880,67,23683386,2.8289873753693833,67,0
gammelmor,malmoallehanda,1880,0,23683386,0.0,0,0
gemål,malmoallehanda,1880,192,23683386,8.106948896580919,192,0
grevinna,malmoallehanda,1880,0,23683386,0.0,0,0
gumma,malmoallehanda,1880,940,23683386,39.69027063951075,939,1
guvernant,malmoallehanda,1880,69,23683386,2.913434759708768,69,0
hennes,malmoallehanda,1880,0,23683386,0.0,0,0
hertiginna,malmoallehanda,1880,343,23683386,14.482726414204455,343,0
hjältinna,malmoallehanda,1880,0,23683386,0.0,0,0
hjärtevän,malmoallehanda,1880,1,23683386,0.04222369216969229,1,0
hona,malmoallehanda,1880,72,23683386,3.040105836217845,72,0
honkön,malmoallehanda,1880,2,23683386,0.08444738433938458,2,0
hora,malmoallehanda,1880,84,23683386,3.546790142254152,84,0
husfru,malmoallehanda,1880,41,23683386,1.731171378957384,41,0
hushållerska,malmoallehanda,1880,78,23683386,3.2934479892359985,78,0
husmoder,malmoallehanda,1880,0,23683386,0.0,0,0
husmor,malmoallehanda,1880,189,23683386,7.9802778200718425,189,0
hustru,malmoallehanda,1880,7865,23683386,332.0893389146299,7861,4
häxa,malmoallehanda,1880,0,23683386,0.0,0,0
jungfru,malmoallehanda,1880,566,23683386,23.898609768045837,566,0
jänta,malmoallehanda,1880,18,23683386,0.7600264590544612,18,0
jäntunge,malmoallehanda,1880,0,23683386,0.0,0,0
kassörska,malmoallehanda,1880,5,23683386,0.21111846084846145,5,0
kejsarinna,malmoallehanda,1880,1644,23683386,69.41574992697413,1643,1
kokerska,malmoallehanda,1880,250,23683386,10.555923042423073,250,0
kokfru,malmoallehanda,1880,0,23683386,0.0,0,0
konstnärinna,malmoallehanda,1880,0,23683386,0.0,0,0
kontorist,malmoallehanda,1880,231,23683386,9.753672891198919,231,0
kontorsfröken,malmoallehanda,1880,0,23683386,0.0,0,0
kviga,malmoallehanda,1880,0,23683386,0.0,0,0
kvinna,malmoallehanda,1880,1,23683386,0.04222369216969229,1,0
kvinnfolk,malmoallehanda,1880,0,23683386,0.0,0,0
kvinnlig,malmoallehanda,1880,0,23683386,0.0,0,0
kvinnlighet,malmoallehanda,1880,0,23683386,0.0,0,0
kvinnokön,malmoallehanda,1880,0,23683386,0.0,0,0
kvinnsperson,malmoallehanda,1880,0,23683386,0.0,0,0
käring,malmoallehanda,1880,63,23683386,2.6600926066906143,63,0
kärring,malmoallehanda,1880,6,23683386,0.2533421530181537,6,0
landshövdingska,malmoallehanda,1880,0,23683386,0.0,0,0
lillflicka,malmoallehanda,1880,0,23683386,0.0,0,0
liten,malmoallehanda,1880,31097,23683386,1313.030155400921,0,31097
liten flicka,malmoallehanda,1880,149,23683386,6.291330133284151,149,0
livskamrat,malmoallehanda,1880,0,23683386,0.0,0,0
lärarinna,malmoallehanda,1880,645,23683386,27.234281449451526,645,0
madam,malmoallehanda,1880,96,23683386,4.053474448290459,96,0
madame,malmoallehanda,1880,215,23683386,9.078093816483843,215,0
maka,malmoallehanda,1880,1221,23683386,51.55512813919429,1221,0
mamma,malmoallehanda,1880,630,23683386,26.600926066906144,630,0
mamsell,malmoallehanda,1880,450,23683386,19.00066147636153,450,0
matmor,malmoallehanda,1880,65,23683386,2.744539991029999,65,0
moder,malmoallehanda,1880,2254,23683386,95.17220215048643,2254,0
moderlig,malmoallehanda,1880,82,23683386,3.462342757914768,82,0
moderlighet,malmoallehanda,1880,0,23683386,0.0,0,0
mor,malmoallehanda,1880,4004,23683386,169.06366344744794,4004,0
mormor,malmoallehanda,1880,191,23683386,8.064725204411227,191,0
mö,malmoallehanda,1880,127,23683386,5.362408905550921,127,0
piga,malmoallehanda,1880,3077,23683386,129.92230080614317,3077,0
poetissa,malmoallehanda,1880,4,23683386,0.16889476867876915,4,0
prinsessa,malmoallehanda,1880,1372,23683386,57.93090565681782,1370,2
prostinna,malmoallehanda,1880,0,23683386,0.0,0,0
prästfru,malmoallehanda,1880,0,23683386,0.0,0,0
quinfolk,malmoallehanda,1880,0,23683386,0.0,0,0
quinna,malmoallehanda,1880,0,23683386,0.0,0,0
quinnor,malmoallehanda,1880,0,23683386,0.0,0,0
qvinfolk,malmoallehanda,1880,0,23683386,0.0,0,0
qvinnokön,malmoallehanda,1880,0,23683386,0.0,0,0
qvinnor,malmoallehanda,1880,0,23683386,0.0,0,0
qvinsperson,malmoallehanda,1880,0,23683386,0.0,0,0
ragata,malmoallehanda,1880,3,23683386,0.12667107650907686,3,0
satkärring,malmoallehanda,1880,0,23683386,0.0,0,0
sig,malmoallehanda,1880,68598,23683386,2896.4608354565516,68589,9
sjuksköterska,malmoallehanda,1880,56,23683386,2.364526761502768,56,0
själv,malmoallehanda,1880,4,23683386,0.16889476867876915,4,0
skata,malmoallehanda,1880,20,23683386,0.8444738433938458,20,0
skollärarinna,malmoallehanda,1880,0,23683386,0.0,0,0
skrivbiträde,malmoallehanda,1880,0,23683386,0.0,0,0
skådespelerska,malmoallehanda,1880,28,23683386,1.182263380751384,28,0
sköka,malmoallehanda,1880,3,23683386,0.12667107650907686,3,0
slampa,malmoallehanda,1880,0,23683386,0.0,0,0
slinka,malmoallehanda,1880,6,23683386,0.2533421530181537,6,0
slyna,malmoallehanda,1880,1,23683386,0.04222369216969229,1,0
småflicka,malmoallehanda,1880,3,23683386,0.12667107650907686,3,0
sondotter,malmoallehanda,1880,26,23683386,1.0978159964119996,26,0
spinnerska,malmoallehanda,1880,0,23683386,0.0,0,0
styvmor,malmoallehanda,1880,2,23683386,0.08444738433938458,2,0
subba,malmoallehanda,1880,0,23683386,0.0,0,0
sugga,malmoallehanda,1880,444,23683386,18.747319323343376,444,0
svärmor,malmoallehanda,1880,9,23683386,0.3800132295272306,9,0
syster,malmoallehanda,1880,1690,23683386,71.35803976677997,1690,0
systerdotter,malmoallehanda,1880,42,23683386,1.773395071127076,41,1
sångerska,malmoallehanda,1880,85,23683386,3.5890138344238447,85,0
sömmerska,malmoallehanda,1880,173,23683386,7.304698745356766,173,0
tant,malmoallehanda,1880,515,23683386,21.745201467391528,514,1
telefonist,malmoallehanda,1880,10,23683386,0.4222369216969229,10,0
tjej,malmoallehanda,1880,1,23683386,0.04222369216969229,1,0
tjänarinna,malmoallehanda,1880,0,23683386,0.0,0,0
trollpacka,malmoallehanda,1880,12,23683386,0.5066843060363074,12,0
tvätterska,malmoallehanda,1880,9,23683386,0.3800132295272306,9,0
tös,malmoallehanda,1880,63,23683386,2.6600926066906143,63,0
tösabit,malmoallehanda,1880,0,23683386,0.0,0,0
ungflicka,malmoallehanda,1880,0,23683386,0.0,0,0
värdinna,malmoallehanda,1880,49,23683386,2.0689609163149223,49,0
väverska,malmoallehanda,1880,0,23683386,0.0,0,0
äkta,malmoallehanda,1880,2943,23683386,124.26432605540441,0,2943
äkta maka,malmoallehanda,1880,2,23683386,0.08444738433938458,2,0
änka,malmoallehanda,1880,15,23683386,0.6333553825453844,15,0
amma,malmoallehanda,1890,111,11588787,9.578224192057375,111,0
barnmorska,malmoallehanda,1890,187,11588787,16.136287602835395,187,0
baronessa,malmoallehanda,1890,56,11588787,4.832257250046964,55,1
borgmästarfru,malmoallehanda,1890,0,11588787,0.0,0,0
dam,malmoallehanda,1890,2119,11588787,182.84916272945563,2117,2
dotter,malmoallehanda,1890,2348,11588787,202.60964326982625,2347,1
drottning,malmoallehanda,1890,1023,11588787,88.27498512139364,1023,0
fabriksarbeterska,malmoallehanda,1890,0,11588787,0.0,0,0
farmor,malmoallehanda,1890,40,11588787,3.451612321462117,40,0
feminin,malmoallehanda,1890,1,11588787,0.08629030803655292,1,0
flicka,malmoallehanda,1890,2392,11588787,206.4064168234346,2392,0
flickebarn,malmoallehanda,1890,34,11588787,2.9338704732427994,34,0
fnaska,malmoallehanda,1890,0,11588787,0.0,0,0
fostermoder,malmoallehanda,1890,0,11588787,0.0,0,0
fostermor,malmoallehanda,1890,38,11588787,3.279031705389011,37,1
friherrinna,malmoallehanda,1890,0,11588787,0.0,0,0
fru,malmoallehanda,1890,4736,11588787,408.6708988611146,4736,0
fruntimmer,malmoallehanda,1890,613,11588787,52.89595882640694,613,0
fröken,malmoallehanda,1890,3187,11588787,275.00721171249415,3187,0
författarinna,malmoallehanda,1890,142,11588787,12.253223741190515,142,0
gammal,malmoallehanda,1890,9577,11588787,826.4022800660673,0,9577
gammal gumma,malmoallehanda,1890,17,11588787,1.4669352366213997,17,0
gammelmor,malmoallehanda,1890,0,11588787,0.0,0,0
gemål,malmoallehanda,1890,168,11588787,14.49677175014089,167,1
grevinna,malmoallehanda,1890,1,11588787,0.08629030803655292,1,0
gumma,malmoallehanda,1890,343,11588787,29.59757565653765,343,0
guvernant,malmoallehanda,1890,75,11588787,6.471773102741469,75,0
hennes,malmoallehanda,1890,0,11588787,0.0,0,0
hertiginna,malmoallehanda,1890,125,11588787,10.786288504569114,125,0
hjältinna,malmoallehanda,1890,1,11588787,0.08629030803655292,1,0
hjärtevän,malmoallehanda,1890,1,11588787,0.08629030803655292,1,0
hona,malmoallehanda,1890,56,11588787,4.832257250046964,56,0
honkön,malmoallehanda,1890,2,11588787,0.17258061607310585,2,0
hora,malmoallehanda,1890,16,11588787,1.3806449285848468,16,0
husfru,malmoallehanda,1890,22,11588787,1.8983867768041642,22,0
hushållerska,malmoallehanda,1890,71,11588787,6.126611870595258,71,0
husmoder,malmoallehanda,1890,0,11588787,0.0,0,0
husmor,malmoallehanda,1890,387,11588787,33.39434921014598,387,0
hustru,malmoallehanda,1890,4025,11588787,347.3184898471255,4023,2
häxa,malmoallehanda,1890,0,11588787,0.0,0,0
jungfru,malmoallehanda,1890,221,11588787,19.070158076078194,221,0
jänta,malmoallehanda,1890,11,11588787,0.9491933884020821,11,0
jäntunge,malmoallehanda,1890,0,11588787,0.0,0,0
kassörska,malmoallehanda,1890,15,11588787,1.2943546205482939,15,0
kejsarinna,malmoallehanda,1890,380,11588787,32.79031705389011,380,0
kokerska,malmoallehanda,1890,39,11588787,3.3653220134255637,39,0
kokfru,malmoallehanda,1890,0,11588787,0.0,0,0
konstnärinna,malmoallehanda,1890,0,11588787,0.0,0,0
kontorist,malmoallehanda,1890,187,11588787,16.136287602835395,187,0
kontorsfröken,malmoallehanda,1890,0,11588787,0.0,0,0
kviga,malmoallehanda,1890,0,11588787,0.0,0,0
kvinna,malmoallehanda,1890,6,11588787,0.5177418482193176,6,0
kvinnfolk,malmoallehanda,1890,0,11588787,0.0,0,0
kvinnlig,malmoallehanda,1890,0,11588787,0.0,0,0
kvinnlighet,malmoallehanda,1890,0,11588787,0.0,0,0
kvinnokön,malmoallehanda,1890,0,11588787,0.0,0,0
kvinnsperson,malmoallehanda,1890,0,11588787,0.0,0,0
käring,malmoallehanda,1890,28,11588787,2.416128625023482,28,0
kärring,malmoallehanda,1890,3,11588787,0.2588709241096588,3,0
landshövdingska,malmoallehanda,1890,0,11588787,0.0,0,0
lillflicka,malmoallehanda,1890,0,11588787,0.0,0,0
liten,malmoallehanda,1890,12686,11588787,1094.6788477517102,0,12686
liten flicka,malmoallehanda,1890,89,11588787,7.67983741525321,89,0
livskamrat,malmoallehanda,1890,0,11588787,0.0,0,0
lärarinna,malmoallehanda,1890,285,11588787,24.592737790417583,285,0
madam,malmoallehanda,1890,35,11588787,3.020160781279352,35,0
madame,malmoallehanda,1890,111,11588787,9.578224192057375,111,0
maka,malmoallehanda,1890,368,11588787,31.754833357451474,368,0
mamma,malmoallehanda,1890,396,11588787,34.17096198247496,396,0
mamsell,malmoallehanda,1890,267,11588787,23.039512245759628,267,0
matmor,malmoallehanda,1890,21,11588787,1.8120964687676113,21,0
moder,malmoallehanda,1890,1274,11588787,109.93385243856842,1274,0
moderlig,malmoallehanda,1890,23,11588787,1.9846770848407171,23,0
moderlighet,malmoallehanda,1890,0,11588787,0.0,0,0
mor,malmoallehanda,1890,1979,11588787,170.76851960433822,1979,0
mormor,malmoallehanda,1890,42,11588787,3.6241929375352226,42,0
mö,malmoallehanda,1890,66,11588787,5.6951603304124925,66,0
piga,malmoallehanda,1890,598,11588787,51.60160420585865,598,0
poetissa,malmoallehanda,1890,1,11588787,0.08629030803655292,1,0
prinsessa,malmoallehanda,1890,974,11588787,84.04676002760255,974,0
prostinna,malmoallehanda,1890,0,11588787,0.0,0,0
prästfru,malmoallehanda,1890,0,11588787,0.0,0,0
quinfolk,malmoallehanda,1890,0,11588787,0.0,0,0
quinna,malmoallehanda,1890,0,11588787,0.0,0,0
quinnor,malmoallehanda,1890,0,11588787,0.0,0,0
qvinfolk,malmoallehanda,1890,0,11588787,0.0,0,0
qvinnokön,malmoallehanda,1890,0,11588787,0.0,0,0
qvinnor,malmoallehanda,1890,0,11588787,0.0,0,0
qvinsperson,malmoallehanda,1890,0,11588787,0.0,0,0
ragata,malmoallehanda,1890,0,11588787,0.0,0,0
satkärring,malmoallehanda,1890,0,11588787,0.0,0,0
sig,malmoallehanda,1890,37118,11588787,3202.9236537007714,37114,4
sjuksköterska,malmoallehanda,1890,68,11588787,5.867740946485599,68,0
själv,malmoallehanda,1890,0,11588787,0.0,0,0
skata,malmoallehanda,1890,14,11588787,1.208064312511741,14,0
skollärarinna,malmoallehanda,1890,0,11588787,0.0,0,0
skrivbiträde,malmoallehanda,1890,0,11588787,0.0,0,0
skådespelerska,malmoallehanda,1890,141,11588787,12.166933433153961,141,0
sköka,malmoallehanda,1890,1,11588787,0.08629030803655292,1,0
slampa,malmoallehanda,1890,0,11588787,0.0,0,0
slinka,malmoallehanda,1890,9,11588787,0.7766127723289763,9,0
slyna,malmoallehanda,1890,0,11588787,0.0,0,0
småflicka,malmoallehanda,1890,6,11588787,0.5177418482193176,6,0
sondotter,malmoallehanda,1890,7,11588787,0.6040321562558705,7,0
spinnerska,malmoallehanda,1890,0,11588787,0.0,0,0
styvmor,malmoallehanda,1890,0,11588787,0.0,0,0
subba,malmoallehanda,1890,0,11588787,0.0,0,0
sugga,malmoallehanda,1890,92,11588787,7.938708339362869,92,0
svärmor,malmoallehanda,1890,74,11588787,6.385482794704916,74,0
syster,malmoallehanda,1890,755,11588787,65.14918256759745,755,0
systerdotter,malmoallehanda,1890,27,11588787,2.329838316986929,27,0
sångerska,malmoallehanda,1890,124,11588787,10.699998196532562,124,0
sömmerska,malmoallehanda,1890,90,11588787,7.766127723289763,90,0
tant,malmoallehanda,1890,135,11588787,11.649191584934645,135,0
telefonist,malmoallehanda,1890,6,11588787,0.5177418482193176,6,0
tjej,malmoallehanda,1890,0,11588787,0.0,0,0
tjänarinna,malmoallehanda,1890,0,11588787,0.0,0,0
trollpacka,malmoallehanda,1890,1,11588787,0.08629030803655292,1,0
tvätterska,malmoallehanda,1890,19,11588787,1.6395158526945055,19,0
tös,malmoallehanda,1890,25,11588787,2.157257700913823,25,0
tösabit,malmoallehanda,1890,0,11588787,0.0,0,0
ungflicka,malmoallehanda,1890,0,11588787,0.0,0,0
värdinna,malmoallehanda,1890,87,11588787,7.507256799180104,87,0
väverska,malmoallehanda,1890,0,11588787,0.0,0,0
äkta,malmoallehanda,1890,1347,11588787,116.23304492523678,0,1347
äkta maka,malmoallehanda,1890,4,11588787,0.3451612321462117,4,0
änka,malmoallehanda,1890,10,11588787,0.8629030803655292,10,0
amma,nerikesallehanda,1880,436,40030978,10.89156502746448,436,0
barnmorska,nerikesallehanda,1880,418,40030978,10.44191326027558,418,0
baronessa,nerikesallehanda,1880,113,40030978,2.8228138717969866,113,0
borgmästarfru,nerikesallehanda,1880,0,40030978,0.0,0,0
dam,nerikesallehanda,1880,6273,40030978,156.70364086533183,6271,2
dotter,nerikesallehanda,1880,7365,40030978,183.9825147414585,7363,2
drottning,nerikesallehanda,1880,2787,40030978,69.62108195308143,2786,1
fabriksarbeterska,nerikesallehanda,1880,0,40030978,0.0,0,0
farmor,nerikesallehanda,1880,165,40030978,4.121807865898255,165,0
feminin,nerikesallehanda,1880,17,40030978,0.42467111345618386,17,0
flicka,nerikesallehanda,1880,9862,40030978,246.35920711205208,9859,3
flickebarn,nerikesallehanda,1880,58,40030978,1.4488779164975685,58,0
fnaska,nerikesallehanda,1880,4,40030978,0.0999226149308668,4,0
fostermoder,nerikesallehanda,1880,0,40030978,0.0,0,0
fostermor,nerikesallehanda,1880,39,40030978,0.9742454955759512,39,0
friherrinna,nerikesallehanda,1880,0,40030978,0.0,0,0
fru,nerikesallehanda,1880,16758,40030978,418.6257952528664,16758,0
fruntimmer,nerikesallehanda,1880,3212,40030978,80.23785978948604,3211,1
fröken,nerikesallehanda,1880,8869,40030978,221.5534179554644,8867,2
författarinna,nerikesallehanda,1880,224,40030978,5.59566643612854,224,0
gammal,nerikesallehanda,1880,29723,40030978,742.4999708975384,0,29723
gammal gumma,nerikesallehanda,1880,63,40030978,1.5737811851611518,63,0
gammelmor,nerikesallehanda,1880,0,40030978,0.0,0,0
gemål,nerikesallehanda,1880,526,40030978,13.139823863408983,526,0
grevinna,nerikesallehanda,1880,1,40030978,0.0249806537327167,1,0
gumma,nerikesallehanda,1880,1553,40030978,38.79495524690903,1552,1
guvernant,nerikesallehanda,1880,226,40030978,5.645627743593973,225,1
hennes,nerikesallehanda,1880,0,40030978,0.0,0,0
hertiginna,nerikesallehanda,1880,173,40030978,4.321653095759989,173,0
hjältinna,nerikesallehanda,1880,4,40030978,0.0999226149308668,4,0
hjärtevän,nerikesallehanda,1880,1,40030978,0.0249806537327167,1,0
hona,nerikesallehanda,1880,142,40030978,3.547252830045771,142,0
honkön,nerikesallehanda,1880,1,40030978,0.0249806537327167,1,0
hora,nerikesallehanda,1880,260,40030978,6.494969970506341,260,0
husfru,nerikesallehanda,1880,54,40030978,1.3489553015667017,54,0
hushållerska,nerikesallehanda,1880,1011,40030978,25.255440923776582,1011,0
husmoder,nerikesallehanda,1880,0,40030978,0.0,0,0
husmor,nerikesallehanda,1880,490,40030978,12.240520329031181,490,0
hustru,nerikesallehanda,1880,7773,40030978,194.1746214644069,7771,2
häxa,nerikesallehanda,1880,9,40030978,0.22482588359445027,9,0
jungfru,nerikesallehanda,1880,1592,40030978,39.76920074248498,1592,0
jänta,nerikesallehanda,1880,56,40030978,1.398916609032135,56,0
jäntunge,nerikesallehanda,1880,0,40030978,0.0,0,0
kassörska,nerikesallehanda,1880,43,40030978,1.074168110506818,43,0
kejsarinna,nerikesallehanda,1880,1437,40030978,35.897199413913896,1437,0
kokerska,nerikesallehanda,1880,791,40030978,19.759697102578908,791,0
kokfru,nerikesallehanda,1880,0,40030978,0.0,0,0
konstnärinna,nerikesallehanda,1880,0,40030978,0.0,0,0
kontorist,nerikesallehanda,1880,207,40030978,5.170995322672356,207,0
kontorsfröken,nerikesallehanda,1880,0,40030978,0.0,0,0
kviga,nerikesallehanda,1880,1609,40030978,40.19387185594117,1609,0
kvinna,nerikesallehanda,1880,7017,40030978,175.28924724247307,7015,2
kvinnfolk,nerikesallehanda,1880,0,40030978,0.0,0,0
kvinnlig,nerikesallehanda,1880,0,40030978,0.0,0,0
kvinnlighet,nerikesallehanda,1880,0,40030978,0.0,0,0
kvinnokön,nerikesallehanda,1880,12,40030978,0.2997678447926004,12,0
kvinnsperson,nerikesallehanda,1880,0,40030978,0.0,0,0
käring,nerikesallehanda,1880,160,40030978,3.9969045972346717,160,0
kärring,nerikesallehanda,1880,1,40030978,0.0249806537327167,1,0
landshövdingska,nerikesallehanda,1880,0,40030978,0.0,0,0
lillflicka,nerikesallehanda,1880,0,40030978,0.0,0,0
liten,nerikesallehanda,1880,59015,40030978,1474.2332800362758,0,59015
liten flicka,nerikesallehanda,1880,241,40030978,6.020337549584724,241,0
livskamrat,nerikesallehanda,1880,0,40030978,0.0,0,0
lärarinna,nerikesallehanda,1880,2502,40030978,62.501595639257175,2501,1
madam,nerikesallehanda,1880,334,40030978,8.343538346727376,333,1
madame,nerikesallehanda,1880,94,40030978,2.34818145087537,94,0
maka,nerikesallehanda,1880,1725,40030978,43.091627688936306,1725,0
mamma,nerikesallehanda,1880,1251,40030978,31.250797819628588,1251,0
mamsell,nerikesallehanda,1880,424,40030978,10.591797182671879,424,0
matmor,nerikesallehanda,1880,94,40030978,2.34818145087537,94,0
moder,nerikesallehanda,1880,2513,40030978,62.77638283031706,2512,1
moderlig,nerikesallehanda,1880,210,40030978,5.245937283870506,210,0
moderlighet,nerikesallehanda,1880,0,40030978,0.0,0,0
mor,nerikesallehanda,1880,5601,40030978,139.91664155694622,5600,1
mormor,nerikesallehanda,1880,194,40030978,4.846246824147039,194,0
mö,nerikesallehanda,1880,126,40030978,3.1475623703223037,126,0
piga,nerikesallehanda,1880,1202,40030978,30.02674578672547,1202,0
poetissa,nerikesallehanda,1880,6,40030978,0.1498839223963002,6,0
prinsessa,nerikesallehanda,1880,1232,40030978,30.776165398706972,1231,1
prostinna,nerikesallehanda,1880,0,40030978,0.0,0,0
prästfru,nerikesallehanda,1880,0,40030978,0.0,0,0
quinfolk,nerikesallehanda,1880,0,40030978,0.0,0,0
quinna,nerikesallehanda,1880,0,40030978,0.0,0,0
quinnor,nerikesallehanda,1880,0,40030978,0.0,0,0
qvinfolk,nerikesallehanda,1880,0,40030978,0.0,0,0
qvinnokön,nerikesallehanda,1880,0,40030978,0.0,0,0
qvinnor,nerikesallehanda,1880,0,40030978,0.0,0,0
qvinsperson,nerikesallehanda,1880,0,40030978,0.0,0,0
ragata,nerikesallehanda,1880,0,40030978,0.0,0,0
satkärring,nerikesallehanda,1880,0,40030978,0.0,0,0
sig,nerikesallehanda,1880,128482,40030978,3209.564352886907,128460,22
sjuksköterska,nerikesallehanda,1880,96,40030978,2.398142758340803,96,0
själv,nerikesallehanda,1880,8,40030978,0.1998452298617336,8,0
skata,nerikesallehanda,1880,106,40030978,2.6479492956679698,106,0
skollärarinna,nerikesallehanda,1880,0,40030978,0.0,0,0
skrivbiträde,nerikesallehanda,1880,0,40030978,0.0,0,0
skådespelerska,nerikesallehanda,1880,391,40030978,9.767435609492228,391,0
sköka,nerikesallehanda,1880,20,40030978,0.49961307465433397,20,0
slampa,nerikesallehanda,1880,3,40030978,0.0749419611981501,3,0
slinka,nerikesallehanda,1880,73,40030978,1.823587722488319,73,0
slyna,nerikesallehanda,1880,13,40030978,0.32474849852531706,13,0
småflicka,nerikesallehanda,1880,14,40030978,0.34972915225803375,14,0
sondotter,nerikesallehanda,1880,38,40030978,0.9492648418432345,38,0
spinnerska,nerikesallehanda,1880,0,40030978,0.0,0,0
styvmor,nerikesallehanda,1880,0,40030978,0.0,0,0
subba,nerikesallehanda,1880,6,40030978,0.1498839223963002,6,0
sugga,nerikesallehanda,1880,242,40030978,6.045318203317441,242,0
svärmor,nerikesallehanda,1880,226,40030978,5.645627743593973,226,0
syster,nerikesallehanda,1880,1975,40030978,49.33679112211548,1975,0
systerdotter,nerikesallehanda,1880,86,40030978,2.148336221013636,86,0
sångerska,nerikesallehanda,1880,610,40030978,15.238198776957185,610,0
sömmerska,nerikesallehanda,1880,415,40030978,10.366971299077429,415,0
tant,nerikesallehanda,1880,604,40030978,15.088314854560885,604,0
telefonist,nerikesallehanda,1880,19,40030978,0.4746324209216172,19,0
tjej,nerikesallehanda,1880,0,40030978,0.0,0,0
tjänarinna,nerikesallehanda,1880,7,40030978,0.17486457612901687,7,0
trollpacka,nerikesallehanda,1880,22,40030978,0.5495743821197674,22,0
tvätterska,nerikesallehanda,1880,122,40030978,3.047639755391437,122,0
tös,nerikesallehanda,1880,99,40030978,2.473084719538953,99,0
tösabit,nerikesallehanda,1880,0,40030978,0.0,0,0
ungflicka,nerikesallehanda,1880,0,40030978,0.0,0,0
värdinna,nerikesallehanda,1880,484,40030978,12.090636406634882,484,0
väverska,nerikesallehanda,1880,0,40030978,0.0,0,0
äkta,nerikesallehanda,1880,4836,40030978,120.80644145141795,0,4836
äkta maka,nerikesallehanda,1880,11,40030978,0.2747871910598837,11,0
änka,nerikesallehanda,1880,158,40030978,3.946943289769238,158,0
amma,nerikesallehanda,1890,219,28330520,7.730179326041315,219,0
barnmorska,nerikesallehanda,1890,421,28330520,14.860299069695861,421,0
baronessa,nerikesallehanda,1890,137,28330520,4.835774281587489,137,0
borgmästarfru,nerikesallehanda,1890,0,28330520,0.0,0,0
dam,nerikesallehanda,1890,5176,28330520,182.70049402552442,5176,0
dotter,nerikesallehanda,1890,10333,28330520,364.73033322367536,10332,1
drottning,nerikesallehanda,1890,1560,28330520,55.06429108960937,1560,0
fabriksarbeterska,nerikesallehanda,1890,0,28330520,0.0,0,0
farmor,nerikesallehanda,1890,75,28330520,2.6473216870004506,75,0
feminin,nerikesallehanda,1890,16,28330520,0.5647619598934294,16,0
flicka,nerikesallehanda,1890,7860,28330520,277.4393127976472,7860,0
flickebarn,nerikesallehanda,1890,39,28330520,1.3766072772402342,39,0
fnaska,nerikesallehanda,1890,0,28330520,0.0,0,0
fostermoder,nerikesallehanda,1890,0,28330520,0.0,0,0
fostermor,nerikesallehanda,1890,53,28330520,1.870773992146985,53,0
friherrinna,nerikesallehanda,1890,0,28330520,0.0,0,0
fru,nerikesallehanda,1890,13364,28330520,471.7174270009869,13361,3
fruntimmer,nerikesallehanda,1890,1898,28330520,66.99488749235806,1896,2
fröken,nerikesallehanda,1890,7883,28330520,278.251158114994,7882,1
författarinna,nerikesallehanda,1890,205,28330520,7.236012611134565,205,0
gammal,nerikesallehanda,1890,24227,28330520,855.1555001461321,0,24227
gammal gumma,nerikesallehanda,1890,45,28330520,1.5883930122002703,45,0
gammelmor,nerikesallehanda,1890,0,28330520,0.0,0,0
gemål,nerikesallehanda,1890,296,28330520,10.448096258028444,296,0
grevinna,nerikesallehanda,1890,1,28330520,0.035297622493339335,1,0
gumma,nerikesallehanda,1890,998,28330520,35.22702724835266,998,0
guvernant,nerikesallehanda,1890,152,28330520,5.365238618987579,152,0
hennes,nerikesallehanda,1890,0,28330520,0.0,0,0
hertiginna,nerikesallehanda,1890,309,28330520,10.906965350441856,309,0
hjältinna,nerikesallehanda,1890,69,28330520,2.4355359520404143,69,0
hjärtevän,nerikesallehanda,1890,12,28330520,0.42357146992007205,12,0
hona,nerikesallehanda,1890,99,28330520,3.4944646268405943,99,0
honkön,nerikesallehanda,1890,1,28330520,0.035297622493339335,1,0
hora,nerikesallehanda,1890,43,28330520,1.5177977672135916,43,0
husfru,nerikesallehanda,1890,29,28330520,1.0236310523068408,29,0
hushållerska,nerikesallehanda,1890,877,28330520,30.9560149266586,877,0
husmoder,nerikesallehanda,1890,0,28330520,0.0,0,0
husmor,nerikesallehanda,1890,392,28330520,13.836668017389021,392,0
hustru,nerikesallehanda,1890,7983,28330520,281.7809203643279,7982,1
häxa,nerikesallehanda,1890,42,28330520,1.4825001447202522,42,0
jungfru,nerikesallehanda,1890,1519,28330520,53.61708856738245,1519,0
jänta,nerikesallehanda,1890,63,28330520,2.2237502170803785,63,0
jäntunge,nerikesallehanda,1890,0,28330520,0.0,0,0
kassörska,nerikesallehanda,1890,109,28330520,3.847440851773988,109,0
kejsarinna,nerikesallehanda,1890,291,28330520,10.271608145561748,291,0
kokerska,nerikesallehanda,1890,616,28330520,21.743335455897032,616,0
kokfru,nerikesallehanda,1890,0,28330520,0.0,0,0
konstnärinna,nerikesallehanda,1890,0,28330520,0.0,0,0
kontorist,nerikesallehanda,1890,222,28330520,7.836072193521333,222,0
kontorsfröken,nerikesallehanda,1890,0,28330520,0.0,0,0
kviga,nerikesallehanda,1890,1389,28330520,49.02839764324834,1388,1
kvinna,nerikesallehanda,1890,6071,28330520,214.2918661570631,6070,1
kvinnfolk,nerikesallehanda,1890,19,28330520,0.6706548273734474,19,0
kvinnlig,nerikesallehanda,1890,1130,28330520,39.88631341747345,1129,1
kvinnlighet,nerikesallehanda,1890,16,28330520,0.5647619598934294,16,0
kvinnokön,nerikesallehanda,1890,7,28330520,0.24708335745337537,7,0
kvinnsperson,nerikesallehanda,1890,9,28330520,0.317678602440054,9,0
käring,nerikesallehanda,1890,146,28330520,5.153452884027543,146,0
kärring,nerikesallehanda,1890,5,28330520,0.17648811246669668,5,0
landshövdingska,nerikesallehanda,1890,0,28330520,0.0,0,0
lillflicka,nerikesallehanda,1890,0,28330520,0.0,0,0
liten,nerikesallehanda,1890,41299,28330520,1457.7565113524213,0,41299
liten flicka,nerikesallehanda,1890,200,28330520,7.059524498667868,200,0
livskamrat,nerikesallehanda,1890,0,28330520,0.0,0,0
lärarinna,nerikesallehanda,1890,1378,28330520,48.64012379582161,1378,0
madam,nerikesallehanda,1890,65,28330520,2.294345462067057,65,0
madame,nerikesallehanda,1890,75,28330520,2.6473216870004506,75,0
maka,nerikesallehanda,1890,2500,28330520,88.24405623334835,2499,1
mamma,nerikesallehanda,1890,946,28330520,33.391550878699015,946,0
mamsell,nerikesallehanda,1890,246,28330520,8.683215133361477,246,0
matmor,nerikesallehanda,1890,72,28330520,2.541428819520432,72,0
moder,nerikesallehanda,1890,2430,28330520,85.77322265881459,2428,2
moderlig,nerikesallehanda,1890,126,28330520,4.447500434160757,126,0
moderlighet,nerikesallehanda,1890,1,28330520,0.035297622493339335,1,0
mor,nerikesallehanda,1890,4351,28330520,153.57995546851947,4349,2
mormor,nerikesallehanda,1890,128,28330520,4.518095679147435,128,0
mö,nerikesallehanda,1890,109,28330520,3.847440851773988,109,0
piga,nerikesallehanda,1890,791,28330520,27.920419392231416,791,0
poetissa,nerikesallehanda,1890,2,28330520,0.07059524498667867,2,0
prinsessa,nerikesallehanda,1890,602,28330520,21.24916874099028,602,0
prostinna,nerikesallehanda,1890,0,28330520,0.0,0,0
prästfru,nerikesallehanda,1890,0,28330520,0.0,0,0
quinfolk,nerikesallehanda,1890,0,28330520,0.0,0,0
quinna,nerikesallehanda,1890,0,28330520,0.0,0,0
quinnor,nerikesallehanda,1890,0,28330520,0.0,0,0
qvinfolk,nerikesallehanda,1890,0,28330520,0.0,0,0
qvinnokön,nerikesallehanda,1890,0,28330520,0.0,0,0
qvinnor,nerikesallehanda,1890,0,28330520,0.0,0,0
qvinsperson,nerikesallehanda,1890,0,28330520,0.0,0,0
ragata,nerikesallehanda,1890,0,28330520,0.0,0,0
satkärring,nerikesallehanda,1890,0,28330520,0.0,0,0
sig,nerikesallehanda,1890,96311,28330520,3399.549319956005,96296,15
sjuksköterska,nerikesallehanda,1890,144,28330520,5.082857639040864,144,0
själv,nerikesallehanda,1890,1,28330520,0.035297622493339335,1,0
skata,nerikesallehanda,1890,53,28330520,1.870773992146985,53,0
skollärarinna,nerikesallehanda,1890,0,28330520,0.0,0,0
skrivbiträde,nerikesallehanda,1890,0,28330520,0.0,0,0
skådespelerska,nerikesallehanda,1890,224,28330520,7.906667438508012,224,0
sköka,nerikesallehanda,1890,10,28330520,0.35297622493339337,10,0
slampa,nerikesallehanda,1890,2,28330520,0.07059524498667867,2,0
slinka,nerikesallehanda,1890,51,28330520,1.8001787471603063,51,0
slyna,nerikesallehanda,1890,17,28330520,0.6000595823867687,17,0
småflicka,nerikesallehanda,1890,17,28330520,0.6000595823867687,17,0
sondotter,nerikesallehanda,1890,19,28330520,0.6706548273734474,19,0
spinnerska,nerikesallehanda,1890,0,28330520,0.0,0,0
styvmor,nerikesallehanda,1890,0,28330520,0.0,0,0
subba,nerikesallehanda,1890,0,28330520,0.0,0,0
sugga,nerikesallehanda,1890,190,28330520,6.706548273734474,190,0
svärmor,nerikesallehanda,1890,201,28330520,7.094822121161207,201,0
syster,nerikesallehanda,1890,1815,28330520,64.0651848254109,1815,0
systerdotter,nerikesallehanda,1890,56,28330520,1.976666859627003,56,0
sångerska,nerikesallehanda,1890,447,28330520,15.778037254522685,447,0
sömmerska,nerikesallehanda,1890,306,28330520,10.801072482961837,306,0
tant,nerikesallehanda,1890,610,28330520,21.531549720936997,610,0
telefonist,nerikesallehanda,1890,17,28330520,0.6000595823867687,17,0
tjej,nerikesallehanda,1890,0,28330520,0.0,0,0
tjänarinna,nerikesallehanda,1890,244,28330520,8.612619888374798,244,0
trollpacka,nerikesallehanda,1890,10,28330520,0.35297622493339337,10,0
tvätterska,nerikesallehanda,1890,141,28330520,4.976964771560847,141,0
tös,nerikesallehanda,1890,189,28330520,6.671250651241135,189,0
tösabit,nerikesallehanda,1890,0,28330520,0.0,0,0
ungflicka,nerikesallehanda,1890,0,28330520,0.0,0,0
värdinna,nerikesallehanda,1890,355,28330520,12.530655985135466,355,0
väverska,nerikesallehanda,1890,0,28330520,0.0,0,0
äkta,nerikesallehanda,1890,3915,28330520,138.19019206142352,0,3915
äkta maka,nerikesallehanda,1890,12,28330520,0.42357146992007205,12,0
änka,nerikesallehanda,1890,3207,28330520,113.19947533613926,3206,1
amma,norraskane,1880,138,15762436,8.75499193145019,138,0
barnmorska,norraskane,1880,111,15762436,7.042058727470804,111,0
baronessa,norraskane,1880,168,15762436,10.658251046982839,168,0
borgmästarfru,norraskane,1880,0,15762436,0.0,0,0
dam,norraskane,1880,2821,15762436,178.96979883058685,2821,0
dotter,norraskane,1880,2562,15762436,162.5383284664883,2560,2
drottning,norraskane,1880,1274,15762436,80.82507043961986,1274,0
fabriksarbeterska,norraskane,1880,0,15762436,0.0,0,0
farmor,norraskane,1880,30,15762436,1.90325911553265,30,0
feminin,norraskane,1880,7,15762436,0.44409379362428497,7,0
flicka,norraskane,1880,3707,15762436,235.17938470931776,3707,0
flickebarn,norraskane,1880,40,15762436,2.5376788207102,40,0
fnaska,norraskane,1880,0,15762436,0.0,0,0
fostermoder,norraskane,1880,0,15762436,0.0,0,0
fostermor,norraskane,1880,20,15762436,1.2688394103551,20,0
friherrinna,norraskane,1880,0,15762436,0.0,0,0
fru,norraskane,1880,4346,15762436,275.71880387016324,4346,0
fruntimmer,norraskane,1880,937,15762436,59.44512637513643,936,1
fröken,norraskane,1880,2499,15762436,158.54148432386972,2498,1
författarinna,norraskane,1880,108,15762436,6.85173281591754,108,0
gammal,norraskane,1880,13199,15762436,837.3705688638482,0,13199
gammal gumma,norraskane,1880,40,15762436,2.5376788207102,40,0
gammelmor,norraskane,1880,0,15762436,0.0,0,0
gemål,norraskane,1880,221,15762436,14.020675484423855,221,0
grevinna,norraskane,1880,4,15762436,0.25376788207101997,4,0
gumma,norraskane,1880,602,15762436,38.19206625168851,602,0
guvernant,norraskane,1880,51,15762436,3.235540496405505,51,0
hennes,norraskane,1880,0,15762436,0.0,0,0
hertiginna,norraskane,1880,191,15762436,12.117416368891204,191,0
hjältinna,norraskane,1880,1,15762436,0.06344197051775499,1,0
hjärtevän,norraskane,1880,0,15762436,0.0,0,0
hona,norraskane,1880,80,15762436,5.0753576414204,80,0
honkön,norraskane,1880,1,15762436,0.06344197051775499,1,0
hora,norraskane,1880,46,15762436,2.91833064381673,46,0
husfru,norraskane,1880,27,15762436,1.712933203979385,27,0
hushållerska,norraskane,1880,74,15762436,4.69470581831387,74,0
husmoder,norraskane,1880,0,15762436,0.0,0,0
husmor,norraskane,1880,148,15762436,9.38941163662774,148,0
hustru,norraskane,1880,4493,15762436,285.0447735362732,4490,3
häxa,norraskane,1880,1,15762436,0.06344197051775499,1,0
jungfru,norraskane,1880,321,15762436,20.364872536199353,321,0
jänta,norraskane,1880,27,15762436,1.712933203979385,27,0
jäntunge,norraskane,1880,0,15762436,0.0,0,0
kassörska,norraskane,1880,15,15762436,0.951629557766325,15,0
kejsarinna,norraskane,1880,395,15762436,25.059578354513224,395,0
kokerska,norraskane,1880,52,15762436,3.2989824669232597,52,0
kokfru,norraskane,1880,0,15762436,0.0,0,0
konstnärinna,norraskane,1880,0,15762436,0.0,0,0
kontorist,norraskane,1880,68,15762436,4.31405399520734,68,0
kontorsfröken,norraskane,1880,0,15762436,0.0,0,0
kviga,norraskane,1880,0,15762436,0.0,0,0
kvinna,norraskane,1880,191,15762436,12.117416368891204,191,0
kvinnfolk,norraskane,1880,0,15762436,0.0,0,0
kvinnlig,norraskane,1880,0,15762436,0.0,0,0
kvinnlighet,norraskane,1880,0,15762436,0.0,0,0
kvinnokön,norraskane,1880,1,15762436,0.06344197051775499,1,0
kvinnsperson,norraskane,1880,0,15762436,0.0,0,0
käring,norraskane,1880,83,15762436,5.265683552973664,83,0
kärring,norraskane,1880,4,15762436,0.25376788207101997,4,0
landshövdingska,norraskane,1880,0,15762436,0.0,0,0
lillflicka,norraskane,1880,0,15762436,0.0,0,0
liten,norraskane,1880,21657,15762436,1373.96275550302,0,21657
liten flicka,norraskane,1880,124,15762436,7.866804344201619,124,0
livskamrat,norraskane,1880,0,15762436,0.0,0,0
lärarinna,norraskane,1880,379,15762436,24.044506826229142,379,0
madam,norraskane,1880,65,15762436,4.123728083654075,65,0
madame,norraskane,1880,121,15762436,7.676478432648355,121,0
maka,norraskane,1880,521,15762436,33.053266639750355,521,0
mamma,norraskane,1880,492,15762436,31.213449494735457,492,0
mamsell,norraskane,1880,302,15762436,19.15947509636201,302,0
matmor,norraskane,1880,37,15762436,2.347352909156935,37,0
moder,norraskane,1880,1331,15762436,84.4412627591319,1331,0
moderlig,norraskane,1880,54,15762436,3.42586640795877,54,0
moderlighet,norraskane,1880,0,15762436,0.0,0,0
mor,norraskane,1880,2400,15762436,152.260729242612,2400,0
mormor,norraskane,1880,127,15762436,8.057130255754885,127,0
mö,norraskane,1880,47,15762436,2.981772614334485,47,0
piga,norraskane,1880,714,15762436,45.29756694967707,714,0
poetissa,norraskane,1880,1,15762436,0.06344197051775499,1,0
prinsessa,norraskane,1880,577,15762436,36.606016988744635,577,0
prostinna,norraskane,1880,0,15762436,0.0,0,0
prästfru,norraskane,1880,0,15762436,0.0,0,0
quinfolk,norraskane,1880,0,15762436,0.0,0,0
quinna,norraskane,1880,0,15762436,0.0,0,0
quinnor,norraskane,1880,0,15762436,0.0,0,0
qvinfolk,norraskane,1880,0,15762436,0.0,0,0
qvinnokön,norraskane,1880,0,15762436,0.0,0,0
qvinnor,norraskane,1880,0,15762436,0.0,0,0
qvinsperson,norraskane,1880,0,15762436,0.0,0,0
ragata,norraskane,1880,0,15762436,0.0,0,0
satkärring,norraskane,1880,0,15762436,0.0,0,0
sig,norraskane,1880,60350,15762436,3828.722920746514,60345,5
sjuksköterska,norraskane,1880,50,15762436,3.17209852588775,50,0
själv,norraskane,1880,3,15762436,0.190325911553265,3,0
skata,norraskane,1880,23,15762436,1.459165321908365,23,0
skollärarinna,norraskane,1880,0,15762436,0.0,0,0
skrivbiträde,norraskane,1880,0,15762436,0.0,0,0
skådespelerska,norraskane,1880,53,15762436,3.362424437441015,53,0
sköka,norraskane,1880,2,15762436,0.12688394103550998,2,0
slampa,norraskane,1880,0,15762436,0.0,0,0
slinka,norraskane,1880,7,15762436,0.44409379362428497,7,0
slyna,norraskane,1880,5,15762436,0.317209852588775,5,0
småflicka,norraskane,1880,7,15762436,0.44409379362428497,7,0
sondotter,norraskane,1880,18,15762436,1.14195546931959,18,0
spinnerska,norraskane,1880,0,15762436,0.0,0,0
styvmor,norraskane,1880,0,15762436,0.0,0,0
subba,norraskane,1880,0,15762436,0.0,0,0
sugga,norraskane,1880,81,15762436,5.138799611938155,81,0
svärmor,norraskane,1880,50,15762436,3.17209852588775,50,0
syster,norraskane,1880,951,15762436,60.333313962385,951,0
systerdotter,norraskane,1880,30,15762436,1.90325911553265,30,0
sångerska,norraskane,1880,157,15762436,9.960389371287535,157,0
sömmerska,norraskane,1880,174,15762436,11.03890287008937,174,0
tant,norraskane,1880,280,15762436,17.763751744971398,280,0
telefonist,norraskane,1880,4,15762436,0.25376788207101997,4,0
tjej,norraskane,1880,0,15762436,0.0,0,0
tjänarinna,norraskane,1880,0,15762436,0.0,0,0
trollpacka,norraskane,1880,3,15762436,0.190325911553265,3,0
tvätterska,norraskane,1880,18,15762436,1.14195546931959,18,0
tös,norraskane,1880,56,15762436,3.5527503489942798,56,0
tösabit,norraskane,1880,0,15762436,0.0,0,0
ungflicka,norraskane,1880,0,15762436,0.0,0,0
värdinna,norraskane,1880,156,15762436,9.896947400769779,156,0
väverska,norraskane,1880,0,15762436,0.0,0,0
äkta,norraskane,1880,2778,15762436,176.24179409832337,0,2778
äkta maka,norraskane,1880,9,15762436,0.570977734659795,9,0
änka,norraskane,1880,17,15762436,1.078513498801835,17,0
amma,norraskane,1890,135,15049749,8.970249271266916,135,0
barnmorska,norraskane,1890,116,15049749,7.70776974419972,116,0
baronessa,norraskane,1890,79,15049749,5.249256980963603,79,0
borgmästarfru,norraskane,1890,0,15049749,0.0,0,0
dam,norraskane,1890,2937,15049749,195.15275636822912,2937,0
dotter,norraskane,1890,2926,15049749,194.42184716834814,2926,0
drottning,norraskane,1890,1199,15049749,79.66910278702987,1199,0
fabriksarbeterska,norraskane,1890,0,15049749,0.0,0,0
farmor,norraskane,1890,106,15049749,7.043306835216986,106,0
feminin,norraskane,1890,6,15049749,0.39867774538964074,6,0
flicka,norraskane,1890,3878,15049749,257.6787161035044,3876,2
flickebarn,norraskane,1890,50,15049749,3.322314544913673,50,0
fnaska,norraskane,1890,0,15049749,0.0,0,0
fostermoder,norraskane,1890,0,15049749,0.0,0,0
fostermor,norraskane,1890,35,15049749,2.3256201814395707,35,0
friherrinna,norraskane,1890,0,15049749,0.0,0,0
fru,norraskane,1890,4286,15049749,284.78880279000003,4285,1
fruntimmer,norraskane,1890,568,15049749,37.74149323021932,568,0
fröken,norraskane,1890,3429,15049749,227.84433149017968,3429,0
författarinna,norraskane,1890,113,15049749,7.5084308715049,113,0
gammal,norraskane,1890,12737,15049749,846.3264071713089,0,12737
gammal gumma,norraskane,1890,31,15049749,2.059835017846477,31,0
gammelmor,norraskane,1890,0,15049749,0.0,0,0
gemål,norraskane,1890,209,15049749,13.88727479773915,208,1
grevinna,norraskane,1890,4,15049749,0.2657851635930938,4,0
gumma,norraskane,1890,483,15049749,32.09355850386608,483,0
guvernant,norraskane,1890,64,15049749,4.252562617489501,64,0
hennes,norraskane,1890,0,15049749,0.0,0,0
hertiginna,norraskane,1890,222,15049749,14.751076579416706,222,0
hjältinna,norraskane,1890,3,15049749,0.19933887269482037,3,0
hjärtevän,norraskane,1890,1,15049749,0.06644629089827345,1,0
hona,norraskane,1890,63,15049749,4.186116326591227,63,0
honkön,norraskane,1890,0,15049749,0.0,0,0
hora,norraskane,1890,45,15049749,2.9900830904223055,45,0
husfru,norraskane,1890,32,15049749,2.1262813087447503,32,0
hushållerska,norraskane,1890,112,15049749,7.4419845806066265,112,0
husmoder,norraskane,1890,0,15049749,0.0,0,0
husmor,norraskane,1890,174,15049749,11.561654616299581,174,0
hustru,norraskane,1890,3928,15049749,261.0010306484181,3927,1
häxa,norraskane,1890,3,15049749,0.19933887269482037,3,0
jungfru,norraskane,1890,230,15049749,15.282646906602894,230,0
jänta,norraskane,1890,32,15049749,2.1262813087447503,32,0
jäntunge,norraskane,1890,0,15049749,0.0,0,0
kassörska,norraskane,1890,38,15049749,2.524959054134391,38,0
kejsarinna,norraskane,1890,297,15049749,19.734548396787215,297,0
kokerska,norraskane,1890,67,15049749,4.451901490184321,67,0
kokfru,norraskane,1890,0,15049749,0.0,0,0
konstnärinna,norraskane,1890,0,15049749,0.0,0,0
kontorist,norraskane,1890,100,15049749,6.644629089827346,100,0
kontorsfröken,norraskane,1890,0,15049749,0.0,0,0
kviga,norraskane,1890,14,15049749,0.9302480725758283,14,0
kvinna,norraskane,1890,655,15049749,43.522320538369115,655,0
kvinnfolk,norraskane,1890,1,15049749,0.06644629089827345,1,0
kvinnlig,norraskane,1890,25,15049749,1.6611572724568364,25,0
kvinnlighet,norraskane,1890,0,15049749,0.0,0,0
kvinnokön,norraskane,1890,1,15049749,0.06644629089827345,1,0
kvinnsperson,norraskane,1890,0,15049749,0.0,0,0
käring,norraskane,1890,37,15049749,2.4585127632361177,37,0
kärring,norraskane,1890,4,15049749,0.2657851635930938,4,0
landshövdingska,norraskane,1890,0,15049749,0.0,0,0
lillflicka,norraskane,1890,0,15049749,0.0,0,0
liten,norraskane,1890,20576,15049749,1367.1988815228747,0,20576
liten flicka,norraskane,1890,172,15049749,11.428762034503034,172,0
livskamrat,norraskane,1890,0,15049749,0.0,0,0
lärarinna,norraskane,1890,347,15049749,23.05686294170089,347,0
madam,norraskane,1890,62,15049749,4.119670035692954,62,0
madame,norraskane,1890,138,15049749,9.169588143961736,138,0
maka,norraskane,1890,640,15049749,42.52562617489501,640,0
mamma,norraskane,1890,579,15049749,38.47240243010033,578,1
mamsell,norraskane,1890,118,15049749,7.840662325996267,118,0
matmor,norraskane,1890,58,15049749,3.85388487209986,58,0
moder,norraskane,1890,1627,15049749,108.1081152914909,1627,0
moderlig,norraskane,1890,81,15049749,5.38214956276015,81,0
moderlighet,norraskane,1890,1,15049749,0.06644629089827345,1,0
mor,norraskane,1890,2684,15049749,178.34184477096593,2683,1
mormor,norraskane,1890,106,15049749,7.043306835216986,106,0
mö,norraskane,1890,64,15049749,4.252562617489501,64,0
piga,norraskane,1890,474,15049749,31.495541885781616,474,0
poetissa,norraskane,1890,2,15049749,0.1328925817965469,2,0
prinsessa,norraskane,1890,411,15049749,27.309425559190387,411,0
prostinna,norraskane,1890,0,15049749,0.0,0,0
prästfru,norraskane,1890,0,15049749,0.0,0,0
quinfolk,norraskane,1890,0,15049749,0.0,0,0
quinna,norraskane,1890,0,15049749,0.0,0,0
quinnor,norraskane,1890,0,15049749,0.0,0,0
qvinfolk,norraskane,1890,0,15049749,0.0,0,0
qvinnokön,norraskane,1890,0,15049749,0.0,0,0
qvinnor,norraskane,1890,0,15049749,0.0,0,0
qvinsperson,norraskane,1890,0,15049749,0.0,0,0
ragata,norraskane,1890,0,15049749,0.0,0,0
satkärring,norraskane,1890,0,15049749,0.0,0,0
sig,norraskane,1890,56513,15049749,3755.0792375341275,56505,8
sjuksköterska,norraskane,1890,193,15049749,12.824134143366777,193,0
själv,norraskane,1890,1,15049749,0.06644629089827345,1,0
skata,norraskane,1890,56,15049749,3.7209922903033132,56,0
skollärarinna,norraskane,1890,0,15049749,0.0,0,0
skrivbiträde,norraskane,1890,0,15049749,0.0,0,0
skådespelerska,norraskane,1890,82,15049749,5.448595853658423,82,0
sköka,norraskane,1890,3,15049749,0.19933887269482037,3,0
slampa,norraskane,1890,0,15049749,0.0,0,0
slinka,norraskane,1890,11,15049749,0.730909199881008,11,0
slyna,norraskane,1890,8,15049749,0.5315703271861876,8,0
småflicka,norraskane,1890,10,15049749,0.6644629089827345,10,0
sondotter,norraskane,1890,27,15049749,1.7940498542533831,27,0
spinnerska,norraskane,1890,0,15049749,0.0,0,0
styvmor,norraskane,1890,0,15049749,0.0,0,0
subba,norraskane,1890,0,15049749,0.0,0,0
sugga,norraskane,1890,50,15049749,3.322314544913673,50,0
svärmor,norraskane,1890,71,15049749,4.717686653777415,71,0
syster,norraskane,1890,1127,15049749,74.88496984235418,1125,2
systerdotter,norraskane,1890,62,15049749,4.119670035692954,62,0
sångerska,norraskane,1890,118,15049749,7.840662325996267,118,0
sömmerska,norraskane,1890,114,15049749,7.574877162403173,114,0
tant,norraskane,1890,507,15049749,33.68826948542464,507,0
telefonist,norraskane,1890,40,15049749,2.657851635930938,40,0
tjej,norraskane,1890,0,15049749,0.0,0,0
tjänarinna,norraskane,1890,3,15049749,0.19933887269482037,3,0
trollpacka,norraskane,1890,12,15049749,0.7973554907792815,12,0
tvätterska,norraskane,1890,16,15049749,1.0631406543723751,16,0
tös,norraskane,1890,67,15049749,4.451901490184321,67,0
tösabit,norraskane,1890,0,15049749,0.0,0,0
ungflicka,norraskane,1890,0,15049749,0.0,0,0
värdinna,norraskane,1890,153,15049749,10.166282507435838,153,0
väverska,norraskane,1890,0,15049749,0.0,0,0
äkta,norraskane,1890,2229,15049749,148.10878241225151,0,2229
äkta maka,norraskane,1890,4,15049749,0.2657851635930938,4,0
änka,norraskane,1890,78,15049749,5.182810690065329,78,0
amma,norrbottenskuriren,1880,153,14174058,10.794368133670682,153,0
barnmorska,norrbottenskuriren,1880,66,14174058,4.656394096877549,66,0
baronessa,norrbottenskuriren,1880,109,14174058,7.6901054024189825,109,0
borgmästarfru,norrbottenskuriren,1880,0,14174058,0.0,0,0
dam,norrbottenskuriren,1880,2090,14174058,147.45247973445572,2090,0
dotter,norrbottenskuriren,1880,3266,14174058,230.4209563697284,3266,0
drottning,norrbottenskuriren,1880,990,14174058,69.84591145316324,990,0
fabriksarbeterska,norrbottenskuriren,1880,0,14174058,0.0,0,0
farmor,norrbottenskuriren,1880,37,14174058,2.610402751279838,37,0
feminin,norrbottenskuriren,1880,3,14174058,0.21165427713079768,3,0
flicka,norrbottenskuriren,1880,2837,14174058,200.15439474002434,2836,1
flickebarn,norrbottenskuriren,1880,32,14174058,2.2576456227285084,32,0
fnaska,norrbottenskuriren,1880,0,14174058,0.0,0,0
fostermoder,norrbottenskuriren,1880,0,14174058,0.0,0,0
fostermor,norrbottenskuriren,1880,6,14174058,0.42330855426159536,6,0
friherrinna,norrbottenskuriren,1880,0,14174058,0.0,0,0
fru,norrbottenskuriren,1880,2760,14174058,194.72193496033387,2760,0
fruntimmer,norrbottenskuriren,1880,769,14174058,54.25404637119448,769,0
fröken,norrbottenskuriren,1880,1237,14174058,87.27211360359891,1237,0
författarinna,norrbottenskuriren,1880,62,14174058,4.374188394036485,62,0
gammal,norrbottenskuriren,1880,11431,14174058,806.4733472940494,0,11431
gammal gumma,norrbottenskuriren,1880,28,14174058,1.975439919887445,28,0
gammelmor,norrbottenskuriren,1880,0,14174058,0.0,0,0
gemål,norrbottenskuriren,1880,71,14174058,5.009151225428878,71,0
grevinna,norrbottenskuriren,1880,0,14174058,0.0,0,0
gumma,norrbottenskuriren,1880,478,14174058,33.7235814895071,478,0
guvernant,norrbottenskuriren,1880,37,14174058,2.610402751279838,37,0
hennes,norrbottenskuriren,1880,0,14174058,0.0,0,0
hertiginna,norrbottenskuriren,1880,50,14174058,3.527571285513295,50,0
hjältinna,norrbottenskuriren,1880,5,14174058,0.35275712855132946,5,0
hjärtevän,norrbottenskuriren,1880,0,14174058,0.0,0,0
hona,norrbottenskuriren,1880,101,14174058,7.125693996736856,101,0
honkön,norrbottenskuriren,1880,1,14174058,0.07055142571026589,1,0
hora,norrbottenskuriren,1880,9,14174058,0.6349628313923931,9,0
husfru,norrbottenskuriren,1880,4,14174058,0.28220570284106355,4,0
hushållerska,norrbottenskuriren,1880,35,14174058,2.4692998998593065,35,0
husmoder,norrbottenskuriren,1880,0,14174058,0.0,0,0
husmor,norrbottenskuriren,1880,173,14174058,12.205396647876,173,0
hustru,norrbottenskuriren,1880,2817,14174058,198.74336622581902,2816,1
häxa,norrbottenskuriren,1880,2,14174058,0.14110285142053178,2,0
jungfru,norrbottenskuriren,1880,308,14174058,21.729839118761895,308,0
jänta,norrbottenskuriren,1880,14,14174058,0.9877199599437225,14,0
jäntunge,norrbottenskuriren,1880,0,14174058,0.0,0,0
kassörska,norrbottenskuriren,1880,2,14174058,0.14110285142053178,2,0
kejsarinna,norrbottenskuriren,1880,176,14174058,12.417050925006798,176,0
kokerska,norrbottenskuriren,1880,40,14174058,2.8220570284106357,40,0
kokfru,norrbottenskuriren,1880,0,14174058,0.0,0,0
konstnärinna,norrbottenskuriren,1880,0,14174058,0.0,0,0
kontorist,norrbottenskuriren,1880,48,14174058,3.386468434092763,48,0
kontorsfröken,norrbottenskuriren,1880,0,14174058,0.0,0,0
kviga,norrbottenskuriren,1880,0,14174058,0.0,0,0
kvinna,norrbottenskuriren,1880,31,14174058,2.1870941970182427,31,0
kvinnfolk,norrbottenskuriren,1880,0,14174058,0.0,0,0
kvinnlig,norrbottenskuriren,1880,0,14174058,0.0,0,0
kvinnlighet,norrbottenskuriren,1880,0,14174058,0.0,0,0
kvinnokön,norrbottenskuriren,1880,0,14174058,0.0,0,0
kvinnsperson,norrbottenskuriren,1880,0,14174058,0.0,0,0
käring,norrbottenskuriren,1880,46,14174058,3.2453655826722314,46,0
kärring,norrbottenskuriren,1880,1,14174058,0.07055142571026589,1,0
landshövdingska,norrbottenskuriren,1880,0,14174058,0.0,0,0
lillflicka,norrbottenskuriren,1880,0,14174058,0.0,0,0
liten,norrbottenskuriren,1880,21078,14174058,1487.0829511209845,0,21078
liten flicka,norrbottenskuriren,1880,79,14174058,5.573562631111006,78,1
livskamrat,norrbottenskuriren,1880,0,14174058,0.0,0,0
lärarinna,norrbottenskuriren,1880,757,14174058,53.407429262671286,757,0
madam,norrbottenskuriren,1880,46,14174058,3.2453655826722314,46,0
madame,norrbottenskuriren,1880,36,14174058,2.5398513255695723,36,0
maka,norrbottenskuriren,1880,632,14174058,44.58850104888805,632,0
mamma,norrbottenskuriren,1880,305,14174058,21.518184841631097,305,0
mamsell,norrbottenskuriren,1880,118,14174058,8.325068233811376,118,0
matmor,norrbottenskuriren,1880,35,14174058,2.4692998998593065,35,0
moder,norrbottenskuriren,1880,987,14174058,69.63425717603243,987,0
moderlig,norrbottenskuriren,1880,30,14174058,2.116542771307977,30,0
moderlighet,norrbottenskuriren,1880,1,14174058,0.07055142571026589,1,0
mor,norrbottenskuriren,1880,1558,14174058,109.91912125659427,1558,0
mormor,norrbottenskuriren,1880,63,14174058,4.444739819746752,63,0
mö,norrbottenskuriren,1880,44,14174058,3.1042627312516995,44,0
piga,norrbottenskuriren,1880,522,14174058,36.8278442207588,522,0
poetissa,norrbottenskuriren,1880,1,14174058,0.07055142571026589,1,0
prinsessa,norrbottenskuriren,1880,454,14174058,32.030347272460716,454,0
prostinna,norrbottenskuriren,1880,0,14174058,0.0,0,0
prästfru,norrbottenskuriren,1880,0,14174058,0.0,0,0
quinfolk,norrbottenskuriren,1880,0,14174058,0.0,0,0
quinna,norrbottenskuriren,1880,0,14174058,0.0,0,0
quinnor,norrbottenskuriren,1880,0,14174058,0.0,0,0
qvinfolk,norrbottenskuriren,1880,0,14174058,0.0,0,0
qvinnokön,norrbottenskuriren,1880,0,14174058,0.0,0,0
qvinnor,norrbottenskuriren,1880,0,14174058,0.0,0,0
qvinsperson,norrbottenskuriren,1880,0,14174058,0.0,0,0
ragata,norrbottenskuriren,1880,0,14174058,0.0,0,0
satkärring,norrbottenskuriren,1880,0,14174058,0.0,0,0
sig,norrbottenskuriren,1880,47793,14174058,3371.864288970738,47785,8
sjuksköterska,norrbottenskuriren,1880,28,14174058,1.975439919887445,28,0
själv,norrbottenskuriren,1880,0,14174058,0.0,0,0
skata,norrbottenskuriren,1880,475,14174058,33.5119272123763,475,0
skollärarinna,norrbottenskuriren,1880,0,14174058,0.0,0,0
skrivbiträde,norrbottenskuriren,1880,0,14174058,0.0,0,0
skådespelerska,norrbottenskuriren,1880,17,14174058,1.1993742370745202,17,0
sköka,norrbottenskuriren,1880,4,14174058,0.28220570284106355,4,0
slampa,norrbottenskuriren,1880,0,14174058,0.0,0,0
slinka,norrbottenskuriren,1880,7,14174058,0.49385997997186126,7,0
slyna,norrbottenskuriren,1880,3,14174058,0.21165427713079768,3,0
småflicka,norrbottenskuriren,1880,7,14174058,0.49385997997186126,7,0
sondotter,norrbottenskuriren,1880,14,14174058,0.9877199599437225,14,0
spinnerska,norrbottenskuriren,1880,0,14174058,0.0,0,0
styvmor,norrbottenskuriren,1880,0,14174058,0.0,0,0
subba,norrbottenskuriren,1880,0,14174058,0.0,0,0
sugga,norrbottenskuriren,1880,45,14174058,3.1748141569619652,45,0
svärmor,norrbottenskuriren,1880,39,14174058,2.75150560270037,39,0
syster,norrbottenskuriren,1880,648,14174058,45.7173238602523,647,1
systerdotter,norrbottenskuriren,1880,20,14174058,1.4110285142053178,20,0
sångerska,norrbottenskuriren,1880,36,14174058,2.5398513255695723,36,0
sömmerska,norrbottenskuriren,1880,51,14174058,3.5981227112235605,50,1
tant,norrbottenskuriren,1880,158,14174058,11.147125262222012,158,0
telefonist,norrbottenskuriren,1880,6,14174058,0.42330855426159536,6,0
tjej,norrbottenskuriren,1880,0,14174058,0.0,0,0
tjänarinna,norrbottenskuriren,1880,0,14174058,0.0,0,0
trollpacka,norrbottenskuriren,1880,25,14174058,1.7637856427566474,25,0
tvätterska,norrbottenskuriren,1880,7,14174058,0.49385997997186126,7,0
tös,norrbottenskuriren,1880,46,14174058,3.2453655826722314,46,0
tösabit,norrbottenskuriren,1880,0,14174058,0.0,0,0
ungflicka,norrbottenskuriren,1880,0,14174058,0.0,0,0
värdinna,norrbottenskuriren,1880,71,14174058,5.009151225428878,71,0
väverska,norrbottenskuriren,1880,0,14174058,0.0,0,0
äkta,norrbottenskuriren,1880,2097,14174058,147.94633971442758,0,2097
äkta maka,norrbottenskuriren,1880,5,14174058,0.35275712855132946,5,0
änka,norrbottenskuriren,1880,8,14174058,0.5644114056821271,8,0
amma,norrbottenskuriren,1890,312,17126811,18.217051615738622,312,0
barnmorska,norrbottenskuriren,1890,155,17126811,9.05013782192143,155,0
baronessa,norrbottenskuriren,1890,20,17126811,1.1677597189576039,20,0
borgmästarfru,norrbottenskuriren,1890,0,17126811,0.0,0,0
dam,norrbottenskuriren,1890,2304,17126811,134.52591962391597,2304,0
dotter,norrbottenskuriren,1890,3884,17126811,226.7789374215667,3882,2
drottning,norrbottenskuriren,1890,659,17126811,38.47768273965305,659,0
fabriksarbeterska,norrbottenskuriren,1890,0,17126811,0.0,0,0
farmor,norrbottenskuriren,1890,33,17126811,1.9268035362800466,33,0
feminin,norrbottenskuriren,1890,5,17126811,0.29193992973940097,5,0
flicka,norrbottenskuriren,1890,3171,17126811,185.1483034407281,3170,1
flickebarn,norrbottenskuriren,1890,86,17126811,5.021366791517697,86,0
fnaska,norrbottenskuriren,1890,0,17126811,0.0,0,0
fostermoder,norrbottenskuriren,1890,0,17126811,0.0,0,0
fostermor,norrbottenskuriren,1890,21,17126811,1.226147704905484,21,0
friherrinna,norrbottenskuriren,1890,0,17126811,0.0,0,0
fru,norrbottenskuriren,1890,4183,17126811,244.23694521998286,4183,0
fruntimmer,norrbottenskuriren,1890,729,17126811,42.56484175600466,729,0
fröken,norrbottenskuriren,1890,1834,17126811,107.08356622841228,1834,0
författarinna,norrbottenskuriren,1890,62,17126811,3.620055128768572,62,0
gammal,norrbottenskuriren,1890,13692,17126811,799.4483035983757,0,13692
gammal gumma,norrbottenskuriren,1890,36,17126811,2.101967494123687,36,0
gammelmor,norrbottenskuriren,1890,0,17126811,0.0,0,0
gemål,norrbottenskuriren,1890,106,17126811,6.189126510475301,106,0
grevinna,norrbottenskuriren,1890,0,17126811,0.0,0,0
gumma,norrbottenskuriren,1890,667,17126811,38.94478662723609,667,0
guvernant,norrbottenskuriren,1890,22,17126811,1.2845356908533643,22,0
hennes,norrbottenskuriren,1890,0,17126811,0.0,0,0
hertiginna,norrbottenskuriren,1890,71,17126811,4.1455470022994945,71,0
hjältinna,norrbottenskuriren,1890,5,17126811,0.29193992973940097,5,0
hjärtevän,norrbottenskuriren,1890,0,17126811,0.0,0,0
hona,norrbottenskuriren,1890,122,17126811,7.123334285641384,122,0
honkön,norrbottenskuriren,1890,0,17126811,0.0,0,0
hora,norrbottenskuriren,1890,37,17126811,2.1603554800715674,37,0
husfru,norrbottenskuriren,1890,12,17126811,0.7006558313745623,12,0
hushållerska,norrbottenskuriren,1890,46,17126811,2.685847353602489,46,0
husmoder,norrbottenskuriren,1890,0,17126811,0.0,0,0
husmor,norrbottenskuriren,1890,169,17126811,9.867569625191754,169,0
hustru,norrbottenskuriren,1890,2807,17126811,163.89507655569972,2805,2
häxa,norrbottenskuriren,1890,2,17126811,0.1167759718957604,2,0
jungfru,norrbottenskuriren,1890,556,17126811,32.46372018702139,556,0
jänta,norrbottenskuriren,1890,20,17126811,1.1677597189576039,20,0
jäntunge,norrbottenskuriren,1890,0,17126811,0.0,0,0
kassörska,norrbottenskuriren,1890,9,17126811,0.5254918735309217,9,0
kejsarinna,norrbottenskuriren,1890,193,17126811,11.268881287940879,193,0
kokerska,norrbottenskuriren,1890,40,17126811,2.3355194379152078,40,0
kokfru,norrbottenskuriren,1890,0,17126811,0.0,0,0
konstnärinna,norrbottenskuriren,1890,0,17126811,0.0,0,0
kontorist,norrbottenskuriren,1890,37,17126811,2.1603554800715674,37,0
kontorsfröken,norrbottenskuriren,1890,0,17126811,0.0,0,0
kviga,norrbottenskuriren,1890,3,17126811,0.17516395784364058,3,0
kvinna,norrbottenskuriren,1890,51,17126811,2.97778728334189,51,0
kvinnfolk,norrbottenskuriren,1890,0,17126811,0.0,0,0
kvinnlig,norrbottenskuriren,1890,0,17126811,0.0,0,0
kvinnlighet,norrbottenskuriren,1890,0,17126811,0.0,0,0
kvinnokön,norrbottenskuriren,1890,0,17126811,0.0,0,0
kvinnsperson,norrbottenskuriren,1890,0,17126811,0.0,0,0
käring,norrbottenskuriren,1890,78,17126811,4.554262903934656,78,0
kärring,norrbottenskuriren,1890,11,17126811,0.6422678454266821,11,0
landshövdingska,norrbottenskuriren,1890,0,17126811,0.0,0,0
lillflicka,norrbottenskuriren,1890,0,17126811,0.0,0,0
liten,norrbottenskuriren,1890,22186,17126811,1295.3958562396701,0,22186
liten flicka,norrbottenskuriren,1890,137,17126811,7.999154074859587,137,0
livskamrat,norrbottenskuriren,1890,0,17126811,0.0,0,0
lärarinna,norrbottenskuriren,1890,1051,17126811,61.365773231222086,1051,0
madam,norrbottenskuriren,1890,42,17126811,2.452295409810968,42,0
madame,norrbottenskuriren,1890,20,17126811,1.1677597189576039,20,0
maka,norrbottenskuriren,1890,695,17126811,40.57965023377674,695,0
mamma,norrbottenskuriren,1890,424,17126811,24.756506041901204,424,0
mamsell,norrbottenskuriren,1890,50,17126811,2.9193992973940097,50,0
matmor,norrbottenskuriren,1890,37,17126811,2.1603554800715674,37,0
moder,norrbottenskuriren,1890,1248,17126811,72.86820646295449,1247,1
moderlig,norrbottenskuriren,1890,22,17126811,1.2845356908533643,22,0
moderlighet,norrbottenskuriren,1890,1,17126811,0.0583879859478802,1,0
mor,norrbottenskuriren,1890,2172,17126811,126.81870547879579,2171,1
mormor,norrbottenskuriren,1890,280,17126811,16.348636065406456,280,0
mö,norrbottenskuriren,1890,68,17126811,3.9703830444558537,68,0
piga,norrbottenskuriren,1890,721,17126811,42.097737868421625,721,0
poetissa,norrbottenskuriren,1890,0,17126811,0.0,0,0
prinsessa,norrbottenskuriren,1890,330,17126811,19.268035362800465,330,0
prostinna,norrbottenskuriren,1890,0,17126811,0.0,0,0
prästfru,norrbottenskuriren,1890,0,17126811,0.0,0,0
quinfolk,norrbottenskuriren,1890,0,17126811,0.0,0,0
quinna,norrbottenskuriren,1890,0,17126811,0.0,0,0
quinnor,norrbottenskuriren,1890,0,17126811,0.0,0,0
qvinfolk,norrbottenskuriren,1890,0,17126811,0.0,0,0
qvinnokön,norrbottenskuriren,1890,0,17126811,0.0,0,0
qvinnor,norrbottenskuriren,1890,0,17126811,0.0,0,0
qvinsperson,norrbottenskuriren,1890,0,17126811,0.0,0,0
ragata,norrbottenskuriren,1890,1,17126811,0.0583879859478802,1,0
satkärring,norrbottenskuriren,1890,0,17126811,0.0,0,0
sig,norrbottenskuriren,1890,47362,17126811,2765.371790463502,47356,6
sjuksköterska,norrbottenskuriren,1890,30,17126811,1.7516395784364058,30,0
själv,norrbottenskuriren,1890,0,17126811,0.0,0,0
skata,norrbottenskuriren,1890,501,17126811,29.25238095988798,501,0
skollärarinna,norrbottenskuriren,1890,0,17126811,0.0,0,0
skrivbiträde,norrbottenskuriren,1890,0,17126811,0.0,0,0
skådespelerska,norrbottenskuriren,1890,21,17126811,1.226147704905484,21,0
sköka,norrbottenskuriren,1890,0,17126811,0.0,0,0
slampa,norrbottenskuriren,1890,0,17126811,0.0,0,0
slinka,norrbottenskuriren,1890,11,17126811,0.6422678454266821,11,0
slyna,norrbottenskuriren,1890,3,17126811,0.17516395784364058,3,0
småflicka,norrbottenskuriren,1890,10,17126811,0.5838798594788019,10,0
sondotter,norrbottenskuriren,1890,13,17126811,0.7590438173224425,13,0
spinnerska,norrbottenskuriren,1890,0,17126811,0.0,0,0
styvmor,norrbottenskuriren,1890,0,17126811,0.0,0,0
subba,norrbottenskuriren,1890,1,17126811,0.0583879859478802,1,0
sugga,norrbottenskuriren,1890,35,17126811,2.043579508175807,35,0
svärmor,norrbottenskuriren,1890,40,17126811,2.3355194379152078,40,0
syster,norrbottenskuriren,1890,743,17126811,43.382273559274985,743,0
systerdotter,norrbottenskuriren,1890,13,17126811,0.7590438173224425,13,0
sångerska,norrbottenskuriren,1890,31,17126811,1.810027564384286,31,0
sömmerska,norrbottenskuriren,1890,135,17126811,7.882378102963827,135,0
tant,norrbottenskuriren,1890,296,17126811,17.28284384057254,296,0
telefonist,norrbottenskuriren,1890,9,17126811,0.5254918735309217,9,0
tjej,norrbottenskuriren,1890,0,17126811,0.0,0,0
tjänarinna,norrbottenskuriren,1890,2,17126811,0.1167759718957604,2,0
trollpacka,norrbottenskuriren,1890,4,17126811,0.2335519437915208,4,0
tvätterska,norrbottenskuriren,1890,25,17126811,1.4596996486970049,25,0
tös,norrbottenskuriren,1890,132,17126811,7.7072141451201865,132,0
tösabit,norrbottenskuriren,1890,0,17126811,0.0,0,0
ungflicka,norrbottenskuriren,1890,0,17126811,0.0,0,0
värdinna,norrbottenskuriren,1890,62,17126811,3.620055128768572,62,0
väverska,norrbottenskuriren,1890,0,17126811,0.0,0,0
äkta,norrbottenskuriren,1890,2081,17126811,121.50539875753869,0,2081
äkta maka,norrbottenskuriren,1890,10,17126811,0.5838798594788019,10,0
änka,norrbottenskuriren,1890,9,17126811,0.5254918735309217,9,0
amma,norrbottensposten,1880,55,7259972,7.575786793668075,55,0
barnmorska,norrbottensposten,1880,85,7259972,11.708034135668843,85,0
baronessa,norrbottensposten,1880,41,7259972,5.647404700734383,41,0
borgmästarfru,norrbottensposten,1880,0,7259972,0.0,0,0
dam,norrbottensposten,1880,954,7259972,131.40546547562442,953,1
dotter,norrbottensposten,1880,2063,7259972,284.1608755515862,2063,0
drottning,norrbottensposten,1880,532,7259972,73.27851953148028,532,0
fabriksarbeterska,norrbottensposten,1880,0,7259972,0.0,0,0
farmor,norrbottensposten,1880,25,7259972,3.4435394516673066,25,0
feminin,norrbottensposten,1880,3,7259972,0.4132247342000768,3,0
flicka,norrbottensposten,1880,1476,7259972,203.3065692264378,1476,0
flickebarn,norrbottensposten,1880,22,7259972,3.03031471746723,22,0
fnaska,norrbottensposten,1880,0,7259972,0.0,0,0
fostermoder,norrbottensposten,1880,0,7259972,0.0,0,0
fostermor,norrbottensposten,1880,5,7259972,0.6887078903334614,5,0
friherrinna,norrbottensposten,1880,0,7259972,0.0,0,0
fru,norrbottensposten,1880,1148,7259972,158.12733162056273,1148,0
fruntimmer,norrbottensposten,1880,487,7259972,67.08014851847913,487,0
fröken,norrbottensposten,1880,669,7259972,92.14911572661713,669,0
författarinna,norrbottensposten,1880,32,7259972,4.4077304981341525,32,0
gammal,norrbottensposten,1880,7043,7259972,970.1139343237137,0,7043
gammal gumma,norrbottensposten,1880,13,7259972,1.7906405148669995,13,0
gammelmor,norrbottensposten,1880,0,7259972,0.0,0,0
gemål,norrbottensposten,1880,55,7259972,7.575786793668075,55,0
grevinna,norrbottensposten,1880,0,7259972,0.0,0,0
gumma,norrbottensposten,1880,249,7259972,34.297652938606376,249,0
guvernant,norrbottensposten,1880,16,7259972,2.2038652490670763,16,0
hennes,norrbottensposten,1880,0,7259972,0.0,0,0
hertiginna,norrbottensposten,1880,46,7259972,6.336112591067844,46,0
hjältinna,norrbottensposten,1880,0,7259972,0.0,0,0
hjärtevän,norrbottensposten,1880,0,7259972,0.0,0,0
hona,norrbottensposten,1880,36,7259972,4.958696810400921,36,0
honkön,norrbottensposten,1880,1,7259972,0.13774157806669227,1,0
hora,norrbottensposten,1880,14,7259972,1.9283820929336917,14,0
husfru,norrbottensposten,1880,1,7259972,0.13774157806669227,1,0
hushållerska,norrbottensposten,1880,27,7259972,3.7190226078006914,27,0
husmoder,norrbottensposten,1880,0,7259972,0.0,0,0
husmor,norrbottensposten,1880,85,7259972,11.708034135668843,85,0
hustru,norrbottensposten,1880,2296,7259972,316.25466324112546,2296,0
häxa,norrbottensposten,1880,0,7259972,0.0,0,0
jungfru,norrbottensposten,1880,83,7259972,11.432550979535458,83,0
jänta,norrbottensposten,1880,7,7259972,0.9641910464668458,7,0
jäntunge,norrbottensposten,1880,0,7259972,0.0,0,0
kassörska,norrbottensposten,1880,2,7259972,0.27548315613338453,2,0
kejsarinna,norrbottensposten,1880,127,7259972,17.49318041446992,127,0
kokerska,norrbottensposten,1880,28,7259972,3.8567641858673833,28,0
kokfru,norrbottensposten,1880,0,7259972,0.0,0,0
konstnärinna,norrbottensposten,1880,0,7259972,0.0,0,0
kontorist,norrbottensposten,1880,24,7259972,3.3057978736006146,24,0
kontorsfröken,norrbottensposten,1880,0,7259972,0.0,0,0
kviga,norrbottensposten,1880,0,7259972,0.0,0,0
kvinna,norrbottensposten,1880,61,7259972,8.402236262068229,61,0
kvinnfolk,norrbottensposten,1880,0,7259972,0.0,0,0
kvinnlig,norrbottensposten,1880,0,7259972,0.0,0,0
kvinnlighet,norrbottensposten,1880,0,7259972,0.0,0,0
kvinnokön,norrbottensposten,1880,1,7259972,0.13774157806669227,1,0
kvinnsperson,norrbottensposten,1880,0,7259972,0.0,0,0
käring,norrbottensposten,1880,24,7259972,3.3057978736006146,24,0
kärring,norrbottensposten,1880,2,7259972,0.27548315613338453,2,0
landshövdingska,norrbottensposten,1880,0,7259972,0.0,0,0
lillflicka,norrbottensposten,1880,0,7259972,0.0,0,0
liten,norrbottensposten,1880,9840,7259972,1355.377128176252,0,9840
liten flicka,norrbottensposten,1880,45,7259972,6.198371013001152,45,0
livskamrat,norrbottensposten,1880,0,7259972,0.0,0,0
lärarinna,norrbottensposten,1880,391,7259972,53.85695702407668,391,0
madam,norrbottensposten,1880,110,7259972,15.15157358733615,110,0
madame,norrbottensposten,1880,21,7259972,2.892573139400538,21,0
maka,norrbottensposten,1880,471,7259972,64.87628326941206,471,0
mamma,norrbottensposten,1880,198,7259972,27.27283245720507,198,0
mamsell,norrbottensposten,1880,132,7259972,18.18188830480338,132,0
matmor,norrbottensposten,1880,11,7259972,1.515157358733615,11,0
moder,norrbottensposten,1880,956,7259972,131.68094863175781,956,0
moderlig,norrbottensposten,1880,23,7259972,3.168056295533922,23,0
moderlighet,norrbottensposten,1880,0,7259972,0.0,0,0
mor,norrbottensposten,1880,1424,7259972,196.1440071669698,1424,0
mormor,norrbottensposten,1880,57,7259972,7.851269949801459,57,0
mö,norrbottensposten,1880,25,7259972,3.4435394516673066,25,0
piga,norrbottensposten,1880,556,7259972,76.5843174050809,555,1
poetissa,norrbottensposten,1880,1,7259972,0.13774157806669227,1,0
prinsessa,norrbottensposten,1880,269,7259972,37.05248449994022,269,0
prostinna,norrbottensposten,1880,0,7259972,0.0,0,0
prästfru,norrbottensposten,1880,0,7259972,0.0,0,0
quinfolk,norrbottensposten,1880,0,7259972,0.0,0,0
quinna,norrbottensposten,1880,0,7259972,0.0,0,0
quinnor,norrbottensposten,1880,0,7259972,0.0,0,0
qvinfolk,norrbottensposten,1880,0,7259972,0.0,0,0
qvinnokön,norrbottensposten,1880,0,7259972,0.0,0,0
qvinnor,norrbottensposten,1880,0,7259972,0.0,0,0
qvinsperson,norrbottensposten,1880,0,7259972,0.0,0,0
ragata,norrbottensposten,1880,0,7259972,0.0,0,0
satkärring,norrbottensposten,1880,0,7259972,0.0,0,0
sig,norrbottensposten,1880,22927,7259972,3158.0011603350536,22924,3
sjuksköterska,norrbottensposten,1880,31,7259972,4.26998892006746,31,0
själv,norrbottensposten,1880,3,7259972,0.4132247342000768,3,0
skata,norrbottensposten,1880,25,7259972,3.4435394516673066,25,0
skollärarinna,norrbottensposten,1880,0,7259972,0.0,0,0
skrivbiträde,norrbottensposten,1880,0,7259972,0.0,0,0
skådespelerska,norrbottensposten,1880,26,7259972,3.581281029733999,26,0
sköka,norrbottensposten,1880,4,7259972,0.5509663122667691,4,0
slampa,norrbottensposten,1880,1,7259972,0.13774157806669227,1,0
slinka,norrbottensposten,1880,3,7259972,0.4132247342000768,3,0
slyna,norrbottensposten,1880,2,7259972,0.27548315613338453,2,0
småflicka,norrbottensposten,1880,1,7259972,0.13774157806669227,1,0
sondotter,norrbottensposten,1880,7,7259972,0.9641910464668458,7,0
spinnerska,norrbottensposten,1880,0,7259972,0.0,0,0
styvmor,norrbottensposten,1880,0,7259972,0.0,0,0
subba,norrbottensposten,1880,0,7259972,0.0,0,0
sugga,norrbottensposten,1880,49,7259972,6.749337325267921,49,0
svärmor,norrbottensposten,1880,26,7259972,3.581281029733999,26,0
syster,norrbottensposten,1880,440,7259972,60.6062943493446,440,0
systerdotter,norrbottensposten,1880,15,7259972,2.066123671000384,15,0
sångerska,norrbottensposten,1880,24,7259972,3.3057978736006146,24,0
sömmerska,norrbottensposten,1880,40,7259972,5.509663122667691,40,0
tant,norrbottensposten,1880,90,7259972,12.396742026002304,90,0
telefonist,norrbottensposten,1880,5,7259972,0.6887078903334614,5,0
tjej,norrbottensposten,1880,0,7259972,0.0,0,0
tjänarinna,norrbottensposten,1880,0,7259972,0.0,0,0
trollpacka,norrbottensposten,1880,0,7259972,0.0,0,0
tvätterska,norrbottensposten,1880,2,7259972,0.27548315613338453,2,0
tös,norrbottensposten,1880,29,7259972,3.9945057639340757,29,0
tösabit,norrbottensposten,1880,0,7259972,0.0,0,0
ungflicka,norrbottensposten,1880,0,7259972,0.0,0,0
värdinna,norrbottensposten,1880,23,7259972,3.168056295533922,23,0
väverska,norrbottensposten,1880,0,7259972,0.0,0,0
äkta,norrbottensposten,1880,1098,7259972,151.24025271722812,0,1098
äkta maka,norrbottensposten,1880,2,7259972,0.27548315613338453,2,0
änka,norrbottensposten,1880,3,7259972,0.4132247342000768,3,0
amma,norrbottensposten,1890,88,10366517,8.488868537040936,88,0
barnmorska,norrbottensposten,1890,57,10366517,5.498471666037879,57,0
baronessa,norrbottensposten,1890,40,10366517,3.8585766077458805,40,0
borgmästarfru,norrbottensposten,1890,0,10366517,0.0,0,0
dam,norrbottensposten,1890,1779,10366517,171.61019462949804,1779,0
dotter,norrbottensposten,1890,2565,10366517,247.43122497170458,2564,1
drottning,norrbottensposten,1890,726,10366517,70.03316543058773,725,1
fabriksarbeterska,norrbottensposten,1890,0,10366517,0.0,0,0
farmor,norrbottensposten,1890,64,10366517,6.173722572393409,64,0
feminin,norrbottensposten,1890,5,10366517,0.48232207596823506,5,0
flicka,norrbottensposten,1890,3119,10366517,300.872510988985,3118,1
flickebarn,norrbottensposten,1890,29,10366517,2.797468040615763,29,0
fnaska,norrbottensposten,1890,0,10366517,0.0,0,0
fostermoder,norrbottensposten,1890,0,10366517,0.0,0,0
fostermor,norrbottensposten,1890,26,10366517,2.508074795034822,26,0
friherrinna,norrbottensposten,1890,0,10366517,0.0,0,0
fru,norrbottensposten,1890,2830,10366517,272.994294998021,2829,1
fruntimmer,norrbottensposten,1890,528,10366517,50.93321122224562,528,0
fröken,norrbottensposten,1890,1366,10366517,131.7703911545218,1366,0
författarinna,norrbottensposten,1890,84,10366517,8.10301087626635,84,0
gammal,norrbottensposten,1890,9638,10366517,929.7240336363699,0,9638
gammal gumma,norrbottensposten,1890,31,10366517,2.9903968710030573,31,0
gammelmor,norrbottensposten,1890,0,10366517,0.0,0,0
gemål,norrbottensposten,1890,68,10366517,6.559580233167996,68,0
grevinna,norrbottensposten,1890,0,10366517,0.0,0,0
gumma,norrbottensposten,1890,477,10366517,46.01352604736962,477,0
guvernant,norrbottensposten,1890,129,10366517,12.443909559980463,129,0
hennes,norrbottensposten,1890,0,10366517,0.0,0,0
hertiginna,norrbottensposten,1890,73,10366517,7.041902309136232,73,0
hjältinna,norrbottensposten,1890,0,10366517,0.0,0,0
hjärtevän,norrbottensposten,1890,0,10366517,0.0,0,0
hona,norrbottensposten,1890,55,10366517,5.305542835650585,55,0
honkön,norrbottensposten,1890,2,10366517,0.19292883038729403,2,0
hora,norrbottensposten,1890,26,10366517,2.508074795034822,26,0
husfru,norrbottensposten,1890,10,10366517,0.9646441519364701,10,0
hushållerska,norrbottensposten,1890,57,10366517,5.498471666037879,57,0
husmoder,norrbottensposten,1890,0,10366517,0.0,0,0
husmor,norrbottensposten,1890,151,10366517,14.566126694240698,151,0
hustru,norrbottensposten,1890,3056,10366517,294.79525283178526,3055,1
häxa,norrbottensposten,1890,0,10366517,0.0,0,0
jungfru,norrbottensposten,1890,157,10366517,15.144913185402581,157,0
jänta,norrbottensposten,1890,16,10366517,1.5434306430983522,16,0
jäntunge,norrbottensposten,1890,0,10366517,0.0,0,0
kassörska,norrbottensposten,1890,15,10366517,1.446966227904705,15,0
kejsarinna,norrbottensposten,1890,236,10366517,22.765601985700695,236,0
kokerska,norrbottensposten,1890,54,10366517,5.2090784204569385,54,0
kokfru,norrbottensposten,1890,0,10366517,0.0,0,0
konstnärinna,norrbottensposten,1890,0,10366517,0.0,0,0
kontorist,norrbottensposten,1890,32,10366517,3.0868612861967044,32,0
kontorsfröken,norrbottensposten,1890,0,10366517,0.0,0,0
kviga,norrbottensposten,1890,2,10366517,0.19292883038729403,2,0
kvinna,norrbottensposten,1890,1068,10366517,103.023995426815,1068,0
kvinnfolk,norrbottensposten,1890,1,10366517,0.09646441519364701,1,0
kvinnlig,norrbottensposten,1890,5,10366517,0.48232207596823506,5,0
kvinnlighet,norrbottensposten,1890,1,10366517,0.09646441519364701,1,0
kvinnokön,norrbottensposten,1890,3,10366517,0.28939324558094104,3,0
kvinnsperson,norrbottensposten,1890,2,10366517,0.19292883038729403,2,0
käring,norrbottensposten,1890,53,10366517,5.112614005263292,53,0
kärring,norrbottensposten,1890,6,10366517,0.5787864911618821,6,0
landshövdingska,norrbottensposten,1890,0,10366517,0.0,0,0
lillflicka,norrbottensposten,1890,0,10366517,0.0,0,0
liten,norrbottensposten,1890,15868,10366517,1530.6973402927906,0,15868
liten flicka,norrbottensposten,1890,180,10366517,17.363594734856463,180,0
livskamrat,norrbottensposten,1890,0,10366517,0.0,0,0
lärarinna,norrbottensposten,1890,716,10366517,69.06852127865126,716,0
madam,norrbottensposten,1890,32,10366517,3.0868612861967044,32,0
madame,norrbottensposten,1890,53,10366517,5.112614005263292,53,0
maka,norrbottensposten,1890,721,10366517,69.55084335461949,721,0
mamma,norrbottensposten,1890,453,10366517,43.698380082722096,452,1
mamsell,norrbottensposten,1890,34,10366517,3.279790116583998,34,0
matmor,norrbottensposten,1890,29,10366517,2.797468040615763,29,0
moder,norrbottensposten,1890,1380,10366517,133.12089296723286,1380,0
moderlig,norrbottensposten,1890,47,10366517,4.533827514101409,47,0
moderlighet,norrbottensposten,1890,2,10366517,0.19292883038729403,2,0
mor,norrbottensposten,1890,2377,10366517,229.29591491529894,2377,0
mormor,norrbottensposten,1890,102,10366517,9.839370349751995,102,0
mö,norrbottensposten,1890,17,10366517,1.639895058291999,17,0
piga,norrbottensposten,1890,258,10366517,24.887819119960927,258,0
poetissa,norrbottensposten,1890,0,10366517,0.0,0,0
prinsessa,norrbottensposten,1890,314,10366517,30.289826370805162,314,0
prostinna,norrbottensposten,1890,0,10366517,0.0,0,0
prästfru,norrbottensposten,1890,0,10366517,0.0,0,0
quinfolk,norrbottensposten,1890,0,10366517,0.0,0,0
quinna,norrbottensposten,1890,0,10366517,0.0,0,0
quinnor,norrbottensposten,1890,0,10366517,0.0,0,0
qvinfolk,norrbottensposten,1890,0,10366517,0.0,0,0
qvinnokön,norrbottensposten,1890,0,10366517,0.0,0,0
qvinnor,norrbottensposten,1890,0,10366517,0.0,0,0
qvinsperson,norrbottensposten,1890,0,10366517,0.0,0,0
ragata,norrbottensposten,1890,0,10366517,0.0,0,0
satkärring,norrbottensposten,1890,0,10366517,0.0,0,0
sig,norrbottensposten,1890,42218,10366517,4072.5346806453895,42215,3
sjuksköterska,norrbottensposten,1890,33,10366517,3.183325701390351,33,0
själv,norrbottensposten,1890,0,10366517,0.0,0,0
skata,norrbottensposten,1890,17,10366517,1.639895058291999,17,0
skollärarinna,norrbottensposten,1890,0,10366517,0.0,0,0
skrivbiträde,norrbottensposten,1890,0,10366517,0.0,0,0
skådespelerska,norrbottensposten,1890,18,10366517,1.7363594734856462,18,0
sköka,norrbottensposten,1890,7,10366517,0.6752509063555291,7,0
slampa,norrbottensposten,1890,0,10366517,0.0,0,0
slinka,norrbottensposten,1890,9,10366517,0.8681797367428231,9,0
slyna,norrbottensposten,1890,3,10366517,0.28939324558094104,3,0
småflicka,norrbottensposten,1890,8,10366517,0.7717153215491761,8,0
sondotter,norrbottensposten,1890,17,10366517,1.639895058291999,17,0
spinnerska,norrbottensposten,1890,0,10366517,0.0,0,0
styvmor,norrbottensposten,1890,0,10366517,0.0,0,0
subba,norrbottensposten,1890,1,10366517,0.09646441519364701,1,0
sugga,norrbottensposten,1890,40,10366517,3.8585766077458805,40,0
svärmor,norrbottensposten,1890,43,10366517,4.147969853326821,43,0
syster,norrbottensposten,1890,867,10366517,83.63464797289195,867,0
systerdotter,norrbottensposten,1890,19,10366517,1.8328238886792931,19,0
sångerska,norrbottensposten,1890,29,10366517,2.797468040615763,29,0
sömmerska,norrbottensposten,1890,76,10366517,7.3312955547171725,76,0
tant,norrbottensposten,1890,428,10366517,41.28676970288092,428,0
telefonist,norrbottensposten,1890,18,10366517,1.7363594734856462,18,0
tjej,norrbottensposten,1890,0,10366517,0.0,0,0
tjänarinna,norrbottensposten,1890,0,10366517,0.0,0,0
trollpacka,norrbottensposten,1890,4,10366517,0.38585766077458805,4,0
tvätterska,norrbottensposten,1890,5,10366517,0.48232207596823506,5,0
tös,norrbottensposten,1890,40,10366517,3.8585766077458805,40,0
tösabit,norrbottensposten,1890,0,10366517,0.0,0,0
ungflicka,norrbottensposten,1890,0,10366517,0.0,0,0
värdinna,norrbottensposten,1890,77,10366517,7.427759969910819,77,0
väverska,norrbottensposten,1890,0,10366517,0.0,0,0
äkta,norrbottensposten,1890,1308,10366517,126.17545507329028,0,1308
äkta maka,norrbottensposten,1890,4,10366517,0.38585766077458805,4,0
änka,norrbottensposten,1890,5,10366517,0.48232207596823506,5,0
amma,norrkopingstidningar,1880,625,67358103,9.278764872579622,625,0
barnmorska,norrkopingstidningar,1880,312,67358103,4.631959424391747,312,0
baronessa,norrkopingstidningar,1880,346,67358103,5.136724233460078,346,0
borgmästarfru,norrkopingstidningar,1880,0,67358103,0.0,0,0
dam,norrkopingstidningar,1880,10726,67358103,159.23845123726244,10724,2
dotter,norrkopingstidningar,1880,16096,67358103,238.96159902246654,16089,7
drottning,norrkopingstidningar,1880,8015,67358103,118.99088072596106,8011,4
fabriksarbeterska,norrkopingstidningar,1880,0,67358103,0.0,0,0
farmor,norrkopingstidningar,1880,484,67358103,7.185475517325659,484,0
feminin,norrkopingstidningar,1880,53,67358103,0.7868392611947519,53,0
flicka,norrkopingstidningar,1880,14669,67358103,217.77632306539275,14661,8
flickebarn,norrkopingstidningar,1880,349,67358103,5.1812623048484605,349,0
fnaska,norrkopingstidningar,1880,0,67358103,0.0,0,0
fostermoder,norrkopingstidningar,1880,0,67358103,0.0,0,0
fostermor,norrkopingstidningar,1880,95,67358103,1.4103722606321025,95,0
friherrinna,norrkopingstidningar,1880,0,67358103,0.0,0,0
fru,norrkopingstidningar,1880,21614,67358103,320.8819583294975,21612,2
fruntimmer,norrkopingstidningar,1880,6158,67358103,91.42181453655249,6157,1
fröken,norrkopingstidningar,1880,12502,67358103,185.60498949918468,12498,4
författarinna,norrkopingstidningar,1880,340,67358103,5.047648090683314,340,0
gammal,norrkopingstidningar,1880,59744,67358103,886.960845675835,0,59744
gammal gumma,norrkopingstidningar,1880,85,67358103,1.2619120226708285,85,0
gammelmor,norrkopingstidningar,1880,0,67358103,0.0,0,0
gemål,norrkopingstidningar,1880,745,67358103,11.060287728114908,745,0
grevinna,norrkopingstidningar,1880,1,67358103,0.014846023796127395,1,0
gumma,norrkopingstidningar,1880,1385,67358103,20.56174295763644,1385,0
guvernant,norrkopingstidningar,1880,354,67358103,5.255492423829097,354,0
hennes,norrkopingstidningar,1880,0,67358103,0.0,0,0
hertiginna,norrkopingstidningar,1880,962,67358103,14.281874891874553,962,0
hjältinna,norrkopingstidningar,1880,2,67358103,0.02969204759225479,2,0
hjärtevän,norrkopingstidningar,1880,1,67358103,0.014846023796127395,1,0
hona,norrkopingstidningar,1880,242,67358103,3.5927377586628295,242,0
honkön,norrkopingstidningar,1880,0,67358103,0.0,0,0
hora,norrkopingstidningar,1880,241,67358103,3.577891734866702,241,0
husfru,norrkopingstidningar,1880,59,67358103,0.8759154039715162,59,0
hushållerska,norrkopingstidningar,1880,708,67358103,10.510984847658195,708,0
husmoder,norrkopingstidningar,1880,0,67358103,0.0,0,0
husmor,norrkopingstidningar,1880,788,67358103,11.698666751348386,788,0
hustru,norrkopingstidningar,1880,14806,67358103,219.8102283254622,14800,6
häxa,norrkopingstidningar,1880,0,67358103,0.0,0,0
jungfru,norrkopingstidningar,1880,3552,67358103,52.7330765238445,3551,1
jänta,norrkopingstidningar,1880,66,67358103,0.979837570544408,66,0
jäntunge,norrkopingstidningar,1880,0,67358103,0.0,0,0
kassörska,norrkopingstidningar,1880,101,67358103,1.4994484034088669,101,0
kejsarinna,norrkopingstidningar,1880,2076,67358103,30.82034540076047,2075,1
kokerska,norrkopingstidningar,1880,738,67358103,10.956365561542016,738,0
kokfru,norrkopingstidningar,1880,0,67358103,0.0,0,0
konstnärinna,norrkopingstidningar,1880,0,67358103,0.0,0,0
kontorist,norrkopingstidningar,1880,387,67358103,5.745411209101301,387,0
kontorsfröken,norrkopingstidningar,1880,0,67358103,0.0,0,0
kviga,norrkopingstidningar,1880,1,67358103,0.014846023796127395,1,0
kvinna,norrkopingstidningar,1880,15,67358103,0.22269035694191092,15,0
kvinnfolk,norrkopingstidningar,1880,0,67358103,0.0,0,0
kvinnlig,norrkopingstidningar,1880,0,67358103,0.0,0,0
kvinnlighet,norrkopingstidningar,1880,0,67358103,0.0,0,0
kvinnokön,norrkopingstidningar,1880,0,67358103,0.0,0,0
kvinnsperson,norrkopingstidningar,1880,0,67358103,0.0,0,0
käring,norrkopingstidningar,1880,95,67358103,1.4103722606321025,95,0
kärring,norrkopingstidningar,1880,1,67358103,0.014846023796127395,1,0
landshövdingska,norrkopingstidningar,1880,0,67358103,0.0,0,0
lillflicka,norrkopingstidningar,1880,0,67358103,0.0,0,0
liten,norrkopingstidningar,1880,91654,67358103,1360.6974650102602,0,91654
liten flicka,norrkopingstidningar,1880,504,67358103,7.482395993248207,504,0
livskamrat,norrkopingstidningar,1880,0,67358103,0.0,0,0
lärarinna,norrkopingstidningar,1880,2012,67358103,29.870199877808318,2012,0
madam,norrkopingstidningar,1880,1371,67358103,20.353898624490657,1371,0
madame,norrkopingstidningar,1880,415,67358103,6.1610998753928685,415,0
maka,norrkopingstidningar,1880,3094,67358103,45.933597625218155,3094,0
mamma,norrkopingstidningar,1880,1662,67358103,24.67409154916373,1662,0
mamsell,norrkopingstidningar,1880,967,67358103,14.35610501085519,967,0
matmor,norrkopingstidningar,1880,133,67358103,1.9745211648849434,133,0
moder,norrkopingstidningar,1880,6238,67358103,92.60949644024268,6237,1
moderlig,norrkopingstidningar,1880,362,67358103,5.374260614198117,362,0
moderlighet,norrkopingstidningar,1880,1,67358103,0.014846023796127395,1,0
mor,norrkopingstidningar,1880,9753,67358103,144.79327008363046,9752,1
mormor,norrkopingstidningar,1880,417,67358103,6.190791922985123,417,0
mö,norrkopingstidningar,1880,390,67358103,5.789949280489684,390,0
piga,norrkopingstidningar,1880,2211,67358103,32.82455861323767,2210,1
poetissa,norrkopingstidningar,1880,3,67358103,0.04453807138838218,3,0
prinsessa,norrkopingstidningar,1880,3493,67358103,51.857161119872984,3490,3
prostinna,norrkopingstidningar,1880,0,67358103,0.0,0,0
prästfru,norrkopingstidningar,1880,0,67358103,0.0,0,0
quinfolk,norrkopingstidningar,1880,0,67358103,0.0,0,0
quinna,norrkopingstidningar,1880,0,67358103,0.0,0,0
quinnor,norrkopingstidningar,1880,0,67358103,0.0,0,0
qvinfolk,norrkopingstidningar,1880,0,67358103,0.0,0,0
qvinnokön,norrkopingstidningar,1880,0,67358103,0.0,0,0
qvinnor,norrkopingstidningar,1880,0,67358103,0.0,0,0
qvinsperson,norrkopingstidningar,1880,0,67358103,0.0,0,0
ragata,norrkopingstidningar,1880,1,67358103,0.014846023796127395,1,0
satkärring,norrkopingstidningar,1880,0,67358103,0.0,0,0
sig,norrkopingstidningar,1880,219502,67358103,3258.731915297555,219472,30
sjuksköterska,norrkopingstidningar,1880,234,67358103,3.47396956829381,234,0
själv,norrkopingstidningar,1880,2,67358103,0.02969204759225479,2,0
skata,norrkopingstidningar,1880,92,67358103,1.3658341892437202,92,0
skollärarinna,norrkopingstidningar,1880,0,67358103,0.0,0,0
skrivbiträde,norrkopingstidningar,1880,0,67358103,0.0,0,0
skådespelerska,norrkopingstidningar,1880,405,67358103,6.012639637431595,404,1
sköka,norrkopingstidningar,1880,9,67358103,0.13361421416514654,9,0
slampa,norrkopingstidningar,1880,2,67358103,0.02969204759225479,2,0
slinka,norrkopingstidningar,1880,38,67358103,0.5641489042528409,38,0
slyna,norrkopingstidningar,1880,12,67358103,0.17815228555352872,12,0
småflicka,norrkopingstidningar,1880,20,67358103,0.2969204759225479,20,0
sondotter,norrkopingstidningar,1880,114,67358103,1.692446712758523,114,0
spinnerska,norrkopingstidningar,1880,0,67358103,0.0,0,0
styvmor,norrkopingstidningar,1880,0,67358103,0.0,0,0
subba,norrkopingstidningar,1880,6,67358103,0.08907614277676436,6,0
sugga,norrkopingstidningar,1880,243,67358103,3.6075837824589567,243,0
svärmor,norrkopingstidningar,1880,180,67358103,2.6722842833029308,180,0
syster,norrkopingstidningar,1880,3714,67358103,55.13813237881714,3713,1
systerdotter,norrkopingstidningar,1880,117,67358103,1.736984784146905,117,0
sångerska,norrkopingstidningar,1880,804,67358103,11.936203132086424,804,0
sömmerska,norrkopingstidningar,1880,710,67358103,10.54067689525045,710,0
tant,norrkopingstidningar,1880,1497,67358103,22.22449762280271,1497,0
telefonist,norrkopingstidningar,1880,26,67358103,0.38599661869931223,26,0
tjej,norrkopingstidningar,1880,0,67358103,0.0,0,0
tjänarinna,norrkopingstidningar,1880,2,67358103,0.02969204759225479,2,0
trollpacka,norrkopingstidningar,1880,11,67358103,0.16330626175740134,11,0
tvätterska,norrkopingstidningar,1880,121,67358103,1.7963688793314148,121,0
tös,norrkopingstidningar,1880,125,67358103,1.8557529745159242,125,0
tösabit,norrkopingstidningar,1880,0,67358103,0.0,0,0
ungflicka,norrkopingstidningar,1880,0,67358103,0.0,0,0
värdinna,norrkopingstidningar,1880,478,67358103,7.096399374548894,478,0
väverska,norrkopingstidningar,1880,0,67358103,0.0,0,0
äkta,norrkopingstidningar,1880,10610,67358103,157.51631247691165,0,10610
äkta maka,norrkopingstidningar,1880,8,67358103,0.11876819036901916,8,0
änka,norrkopingstidningar,1880,55,67358103,0.8165313087870066,55,0
amma,norrkopingstidningar,1890,474,46195195,10.260807428131866,474,0
barnmorska,norrkopingstidningar,1890,356,46195195,7.706429207626464,356,0
baronessa,norrkopingstidningar,1890,299,46195195,6.472534643484025,299,0
borgmästarfru,norrkopingstidningar,1890,0,46195195,0.0,0,0
dam,norrkopingstidningar,1890,9729,46195195,210.6063195533648,9727,2
dotter,norrkopingstidningar,1890,10289,46195195,222.7287924642379,10283,6
drottning,norrkopingstidningar,1890,4671,46195195,101.11441244051464,4670,1
fabriksarbeterska,norrkopingstidningar,1890,0,46195195,0.0,0,0
farmor,norrkopingstidningar,1890,168,46195195,3.636741873261927,168,0
feminin,norrkopingstidningar,1890,21,46195195,0.4545927341577409,21,0
flicka,norrkopingstidningar,1890,11291,46195195,244.41936006547868,11289,2
flickebarn,norrkopingstidningar,1890,327,46195195,7.078658289027679,327,0
fnaska,norrkopingstidningar,1890,1,46195195,0.021647273055130516,1,0
fostermoder,norrkopingstidningar,1890,0,46195195,0.0,0,0
fostermor,norrkopingstidningar,1890,66,46195195,1.4287200216386142,66,0
friherrinna,norrkopingstidningar,1890,0,46195195,0.0,0,0
fru,norrkopingstidningar,1890,20916,46195195,452.7743632211099,20915,1
fruntimmer,norrkopingstidningar,1890,3875,46195195,83.88318308863076,3873,2
fröken,norrkopingstidningar,1890,13342,46195195,288.81791710155136,13339,3
författarinna,norrkopingstidningar,1890,227,46195195,4.913930983514628,226,1
gammal,norrkopingstidningar,1890,40666,46195195,880.3080060599376,0,40666
gammal gumma,norrkopingstidningar,1890,41,46195195,0.8875381952603512,41,0
gammelmor,norrkopingstidningar,1890,0,46195195,0.0,0,0
gemål,norrkopingstidningar,1890,752,46195195,16.278749337458148,751,1
grevinna,norrkopingstidningar,1890,0,46195195,0.0,0,0
gumma,norrkopingstidningar,1890,1192,46195195,25.803549481715578,1192,0
guvernant,norrkopingstidningar,1890,138,46195195,2.9873236816080113,138,0
hennes,norrkopingstidningar,1890,0,46195195,0.0,0,0
hertiginna,norrkopingstidningar,1890,552,46195195,11.949294726432045,552,0
hjältinna,norrkopingstidningar,1890,8,46195195,0.17317818444104413,8,0
hjärtevän,norrkopingstidningar,1890,2,46195195,0.04329454611026103,2,0
hona,norrkopingstidningar,1890,146,46195195,3.1605018660490556,146,0
honkön,norrkopingstidningar,1890,1,46195195,0.021647273055130516,1,0
hora,norrkopingstidningar,1890,66,46195195,1.4287200216386142,66,0
husfru,norrkopingstidningar,1890,39,46195195,0.8442436491500902,39,0
hushållerska,norrkopingstidningar,1890,702,46195195,15.196385684701623,701,1
husmoder,norrkopingstidningar,1890,0,46195195,0.0,0,0
husmor,norrkopingstidningar,1890,445,46195195,9.63303650953308,444,1
hustru,norrkopingstidningar,1890,8903,46195195,192.725672009827,8898,5
häxa,norrkopingstidningar,1890,3,46195195,0.06494181916539155,3,0
jungfru,norrkopingstidningar,1890,2649,46195195,57.34362632304074,2649,0
jänta,norrkopingstidningar,1890,80,46195195,1.7317818444104414,80,0
jäntunge,norrkopingstidningar,1890,0,46195195,0.0,0,0
kassörska,norrkopingstidningar,1890,208,46195195,4.5026327954671475,208,0
kejsarinna,norrkopingstidningar,1890,1693,46195195,36.648833282335964,1693,0
kokerska,norrkopingstidningar,1890,629,46195195,13.616134751677096,629,0
kokfru,norrkopingstidningar,1890,0,46195195,0.0,0,0
konstnärinna,norrkopingstidningar,1890,0,46195195,0.0,0,0
kontorist,norrkopingstidningar,1890,330,46195195,7.143600108193071,329,1
kontorsfröken,norrkopingstidningar,1890,0,46195195,0.0,0,0
kviga,norrkopingstidningar,1890,16,46195195,0.34635636888208826,16,0
kvinna,norrkopingstidningar,1890,102,46195195,2.2080218516233128,101,1
kvinnfolk,norrkopingstidningar,1890,1,46195195,0.021647273055130516,1,0
kvinnlig,norrkopingstidningar,1890,131,46195195,2.8357927702220977,131,0
kvinnlighet,norrkopingstidningar,1890,0,46195195,0.0,0,0
kvinnokön,norrkopingstidningar,1890,0,46195195,0.0,0,0
kvinnsperson,norrkopingstidningar,1890,0,46195195,0.0,0,0
käring,norrkopingstidningar,1890,90,46195195,1.9482545749617466,90,0
kärring,norrkopingstidningar,1890,5,46195195,0.10823636527565259,5,0
landshövdingska,norrkopingstidningar,1890,0,46195195,0.0,0,0
lillflicka,norrkopingstidningar,1890,0,46195195,0.0,0,0
liten,norrkopingstidningar,1890,62889,46195195,1361.3753551641032,0,62889
liten flicka,norrkopingstidningar,1890,328,46195195,7.100305562082809,328,0
livskamrat,norrkopingstidningar,1890,0,46195195,0.0,0,0
lärarinna,norrkopingstidningar,1890,1096,46195195,23.72541126842305,1096,0
madam,norrkopingstidningar,1890,518,46195195,11.213287442557608,518,0
madame,norrkopingstidningar,1890,448,46195195,9.697978328698472,448,0
maka,norrkopingstidningar,1890,3223,46195195,69.76916105668566,3223,0
mamma,norrkopingstidningar,1890,910,46195195,19.69901848016877,909,1
mamsell,norrkopingstidningar,1890,183,46195195,3.961450969088885,182,1
matmor,norrkopingstidningar,1890,140,46195195,3.0306182277182723,140,0
moder,norrkopingstidningar,1890,4206,46195195,91.04843046987895,4206,0
moderlig,norrkopingstidningar,1890,142,46195195,3.0739127738285337,142,0
moderlighet,norrkopingstidningar,1890,1,46195195,0.021647273055130516,1,0
mor,norrkopingstidningar,1890,6206,46195195,134.34297658014,6206,0
mormor,norrkopingstidningar,1890,239,46195195,5.173698260176193,239,0
mö,norrkopingstidningar,1890,145,46195195,3.138854592993925,145,0
piga,norrkopingstidningar,1890,932,46195195,20.175258487381644,932,0
poetissa,norrkopingstidningar,1890,0,46195195,0.0,0,0
prinsessa,norrkopingstidningar,1890,2023,46195195,43.792433390529034,2023,0
prostinna,norrkopingstidningar,1890,0,46195195,0.0,0,0
prästfru,norrkopingstidningar,1890,0,46195195,0.0,0,0
quinfolk,norrkopingstidningar,1890,0,46195195,0.0,0,0
quinna,norrkopingstidningar,1890,0,46195195,0.0,0,0
quinnor,norrkopingstidningar,1890,0,46195195,0.0,0,0
qvinfolk,norrkopingstidningar,1890,0,46195195,0.0,0,0
qvinnokön,norrkopingstidningar,1890,0,46195195,0.0,0,0
qvinnor,norrkopingstidningar,1890,0,46195195,0.0,0,0
qvinsperson,norrkopingstidningar,1890,0,46195195,0.0,0,0
ragata,norrkopingstidningar,1890,0,46195195,0.0,0,0
satkärring,norrkopingstidningar,1890,0,46195195,0.0,0,0
sig,norrkopingstidningar,1890,143225,46195195,3100.4306833210685,143205,20
sjuksköterska,norrkopingstidningar,1890,240,46195195,5.1953455332313245,240,0
själv,norrkopingstidningar,1890,0,46195195,0.0,0,0
skata,norrkopingstidningar,1890,74,46195195,1.6018982060796583,74,0
skollärarinna,norrkopingstidningar,1890,0,46195195,0.0,0,0
skrivbiträde,norrkopingstidningar,1890,0,46195195,0.0,0,0
skådespelerska,norrkopingstidningar,1890,488,46195195,10.563869250903693,488,0
sköka,norrkopingstidningar,1890,7,46195195,0.15153091138591362,7,0
slampa,norrkopingstidningar,1890,2,46195195,0.04329454611026103,2,0
slinka,norrkopingstidningar,1890,29,46195195,0.627770918598785,29,0
slyna,norrkopingstidningar,1890,13,46195195,0.2814145497166967,13,0
småflicka,norrkopingstidningar,1890,56,46195195,1.212247291087309,56,0
sondotter,norrkopingstidningar,1890,48,46195195,1.0390691066462647,48,0
spinnerska,norrkopingstidningar,1890,0,46195195,0.0,0,0
styvmor,norrkopingstidningar,1890,0,46195195,0.0,0,0
subba,norrkopingstidningar,1890,0,46195195,0.0,0,0
sugga,norrkopingstidningar,1890,141,46195195,3.052265500773403,141,0
svärmor,norrkopingstidningar,1890,243,46195195,5.260287352396715,243,0
syster,norrkopingstidningar,1890,2728,46195195,59.05376089439605,2728,0
systerdotter,norrkopingstidningar,1890,85,46195195,1.840018209686094,85,0
sångerska,norrkopingstidningar,1890,1035,46195195,22.404927612060085,1033,2
sömmerska,norrkopingstidningar,1890,366,46195195,7.92290193817777,366,0
tant,norrkopingstidningar,1890,804,46195195,17.404407536324936,804,0
telefonist,norrkopingstidningar,1890,48,46195195,1.0390691066462647,48,0
tjej,norrkopingstidningar,1890,0,46195195,0.0,0,0
tjänarinna,norrkopingstidningar,1890,11,46195195,0.2381200036064357,11,0
trollpacka,norrkopingstidningar,1890,9,46195195,0.19482545749617466,9,0
tvätterska,norrkopingstidningar,1890,127,46195195,2.749203678001576,127,0
tös,norrkopingstidningar,1890,91,46195195,1.969901848016877,91,0
tösabit,norrkopingstidningar,1890,0,46195195,0.0,0,0
ungflicka,norrkopingstidningar,1890,0,46195195,0.0,0,0
värdinna,norrkopingstidningar,1890,584,46195195,12.642007464196222,584,0
väverska,norrkopingstidningar,1890,0,46195195,0.0,0,0
äkta,norrkopingstidningar,1890,5520,46195195,119.49294726432045,0,5520
äkta maka,norrkopingstidningar,1890,11,46195195,0.2381200036064357,11,0
änka,norrkopingstidningar,1890,60,46195195,1.2988363833078311,60,0
amma,norrlandsposten,1880,12,1979114,6.063319242853115,12,0
barnmorska,norrlandsposten,1880,5,1979114,2.5263830178554647,5,0
baronessa,norrlandsposten,1880,2,1979114,1.0105532071421859,2,0
borgmästarfru,norrlandsposten,1880,0,1979114,0.0,0,0
dam,norrlandsposten,1880,299,1979114,151.07770446775677,299,0
dotter,norrlandsposten,1880,310,1979114,156.6357471070388,310,0
drottning,norrlandsposten,1880,116,1979114,58.61208601424678,116,0
fabriksarbeterska,norrlandsposten,1880,0,1979114,0.0,0,0
farmor,norrlandsposten,1880,1,1979114,0.5052766035710929,1,0
feminin,norrlandsposten,1880,0,1979114,0.0,0,0
flicka,norrlandsposten,1880,325,1979114,164.2148961606052,325,0
flickebarn,norrlandsposten,1880,2,1979114,1.0105532071421859,2,0
fnaska,norrlandsposten,1880,0,1979114,0.0,0,0
fostermoder,norrlandsposten,1880,0,1979114,0.0,0,0
fostermor,norrlandsposten,1880,0,1979114,0.0,0,0
friherrinna,norrlandsposten,1880,0,1979114,0.0,0,0
fru,norrlandsposten,1880,712,1979114,359.75694174261815,711,1
fruntimmer,norrlandsposten,1880,104,1979114,52.548766771393666,103,1
fröken,norrlandsposten,1880,402,1979114,203.12119463557934,402,0
författarinna,norrlandsposten,1880,13,1979114,6.568595846424208,13,0
gammal,norrlandsposten,1880,1251,1979114,632.1010310674372,0,1251
gammal gumma,norrlandsposten,1880,2,1979114,1.0105532071421859,2,0
gammelmor,norrlandsposten,1880,0,1979114,0.0,0,0
gemål,norrlandsposten,1880,12,1979114,6.063319242853115,12,0
grevinna,norrlandsposten,1880,0,1979114,0.0,0,0
gumma,norrlandsposten,1880,25,1979114,12.631915089277323,25,0
guvernant,norrlandsposten,1880,6,1979114,3.0316596214265576,6,0
hennes,norrlandsposten,1880,0,1979114,0.0,0,0
hertiginna,norrlandsposten,1880,14,1979114,7.073872449995301,14,0
hjältinna,norrlandsposten,1880,0,1979114,0.0,0,0
hjärtevän,norrlandsposten,1880,1,1979114,0.5052766035710929,1,0
hona,norrlandsposten,1880,11,1979114,5.558042639282022,11,0
honkön,norrlandsposten,1880,0,1979114,0.0,0,0
hora,norrlandsposten,1880,5,1979114,2.5263830178554647,5,0
husfru,norrlandsposten,1880,4,1979114,2.0211064142843718,4,0
hushållerska,norrlandsposten,1880,50,1979114,25.263830178554645,50,0
husmoder,norrlandsposten,1880,0,1979114,0.0,0,0
husmor,norrlandsposten,1880,20,1979114,10.105532071421859,20,0
hustru,norrlandsposten,1880,244,1979114,123.28749127134667,244,0
häxa,norrlandsposten,1880,0,1979114,0.0,0,0
jungfru,norrlandsposten,1880,56,1979114,28.295489799981205,56,0
jänta,norrlandsposten,1880,3,1979114,1.5158298107132788,3,0
jäntunge,norrlandsposten,1880,0,1979114,0.0,0,0
kassörska,norrlandsposten,1880,2,1979114,1.0105532071421859,2,0
kejsarinna,norrlandsposten,1880,39,1979114,19.705787539272624,39,0
kokerska,norrlandsposten,1880,2,1979114,1.0105532071421859,2,0
kokfru,norrlandsposten,1880,0,1979114,0.0,0,0
konstnärinna,norrlandsposten,1880,0,1979114,0.0,0,0
kontorist,norrlandsposten,1880,28,1979114,14.147744899990602,28,0
kontorsfröken,norrlandsposten,1880,0,1979114,0.0,0,0
kviga,norrlandsposten,1880,4,1979114,2.0211064142843718,4,0
kvinna,norrlandsposten,1880,333,1979114,168.25710898917396,333,0
kvinnfolk,norrlandsposten,1880,0,1979114,0.0,0,0
kvinnlig,norrlandsposten,1880,0,1979114,0.0,0,0
kvinnlighet,norrlandsposten,1880,0,1979114,0.0,0,0
kvinnokön,norrlandsposten,1880,0,1979114,0.0,0,0
kvinnsperson,norrlandsposten,1880,0,1979114,0.0,0,0
käring,norrlandsposten,1880,6,1979114,3.0316596214265576,6,0
kärring,norrlandsposten,1880,0,1979114,0.0,0,0
landshövdingska,norrlandsposten,1880,0,1979114,0.0,0,0
lillflicka,norrlandsposten,1880,0,1979114,0.0,0,0
liten,norrlandsposten,1880,2334,1979114,1179.315592734931,0,2334
liten flicka,norrlandsposten,1880,5,1979114,2.5263830178554647,5,0
livskamrat,norrlandsposten,1880,0,1979114,0.0,0,0
lärarinna,norrlandsposten,1880,119,1979114,60.127915824960056,119,0
madam,norrlandsposten,1880,10,1979114,5.052766035710929,10,0
madame,norrlandsposten,1880,101,1979114,51.03293696068039,101,0
maka,norrlandsposten,1880,49,1979114,24.75855357498355,49,0
mamma,norrlandsposten,1880,110,1979114,55.58042639282022,110,0
mamsell,norrlandsposten,1880,34,1979114,17.17940452141716,34,0
matmor,norrlandsposten,1880,3,1979114,1.5158298107132788,3,0
moder,norrlandsposten,1880,92,1979114,46.48544752854055,92,0
moderlig,norrlandsposten,1880,8,1979114,4.0422128285687435,8,0
moderlighet,norrlandsposten,1880,0,1979114,0.0,0,0
mor,norrlandsposten,1880,255,1979114,128.8455339106287,255,0
mormor,norrlandsposten,1880,10,1979114,5.052766035710929,10,0
mö,norrlandsposten,1880,10,1979114,5.052766035710929,10,0
piga,norrlandsposten,1880,39,1979114,19.705787539272624,39,0
poetissa,norrlandsposten,1880,0,1979114,0.0,0,0
prinsessa,norrlandsposten,1880,50,1979114,25.263830178554645,50,0
prostinna,norrlandsposten,1880,0,1979114,0.0,0,0
prästfru,norrlandsposten,1880,0,1979114,0.0,0,0
quinfolk,norrlandsposten,1880,0,1979114,0.0,0,0
quinna,norrlandsposten,1880,0,1979114,0.0,0,0
quinnor,norrlandsposten,1880,0,1979114,0.0,0,0
qvinfolk,norrlandsposten,1880,0,1979114,0.0,0,0
qvinnokön,norrlandsposten,1880,0,1979114,0.0,0,0
qvinnor,norrlandsposten,1880,0,1979114,0.0,0,0
qvinsperson,norrlandsposten,1880,0,1979114,0.0,0,0
ragata,norrlandsposten,1880,0,1979114,0.0,0,0
satkärring,norrlandsposten,1880,0,1979114,0.0,0,0
sig,norrlandsposten,1880,5828,1979114,2944.7520456123298,5827,1
sjuksköterska,norrlandsposten,1880,7,1979114,3.5369362249976506,7,0
själv,norrlandsposten,1880,2,1979114,1.0105532071421859,2,0
skata,norrlandsposten,1880,7,1979114,3.5369362249976506,7,0
skollärarinna,norrlandsposten,1880,0,1979114,0.0,0,0
skrivbiträde,norrlandsposten,1880,0,1979114,0.0,0,0
skådespelerska,norrlandsposten,1880,30,1979114,15.158298107132788,30,0
sköka,norrlandsposten,1880,1,1979114,0.5052766035710929,1,0
slampa,norrlandsposten,1880,0,1979114,0.0,0,0
slinka,norrlandsposten,1880,2,1979114,1.0105532071421859,2,0
slyna,norrlandsposten,1880,1,1979114,0.5052766035710929,1,0
småflicka,norrlandsposten,1880,0,1979114,0.0,0,0
sondotter,norrlandsposten,1880,1,1979114,0.5052766035710929,1,0
spinnerska,norrlandsposten,1880,0,1979114,0.0,0,0
styvmor,norrlandsposten,1880,0,1979114,0.0,0,0
subba,norrlandsposten,1880,0,1979114,0.0,0,0
sugga,norrlandsposten,1880,1,1979114,0.5052766035710929,1,0
svärmor,norrlandsposten,1880,7,1979114,3.5369362249976506,7,0
syster,norrlandsposten,1880,104,1979114,52.548766771393666,104,0
systerdotter,norrlandsposten,1880,3,1979114,1.5158298107132788,3,0
sångerska,norrlandsposten,1880,42,1979114,21.2216173499859,42,0
sömmerska,norrlandsposten,1880,26,1979114,13.137191692848416,26,0
tant,norrlandsposten,1880,183,1979114,92.46561845351,183,0
telefonist,norrlandsposten,1880,0,1979114,0.0,0,0
tjej,norrlandsposten,1880,0,1979114,0.0,0,0
tjänarinna,norrlandsposten,1880,0,1979114,0.0,0,0
trollpacka,norrlandsposten,1880,2,1979114,1.0105532071421859,2,0
tvätterska,norrlandsposten,1880,2,1979114,1.0105532071421859,2,0
tös,norrlandsposten,1880,0,1979114,0.0,0,0
tösabit,norrlandsposten,1880,0,1979114,0.0,0,0
ungflicka,norrlandsposten,1880,0,1979114,0.0,0,0
värdinna,norrlandsposten,1880,44,1979114,22.23217055712809,44,0
väverska,norrlandsposten,1880,0,1979114,0.0,0,0
äkta,norrlandsposten,1880,245,1979114,123.79276787491777,0,245
äkta maka,norrlandsposten,1880,0,1979114,0.0,0,0
änka,norrlandsposten,1880,3,1979114,1.5158298107132788,3,0
amma,nyadagligtallehanda,1880,640,127689132,5.0121728449058605,640,0
barnmorska,nyadagligtallehanda,1880,320,127689132,2.5060864224529302,320,0
baronessa,nyadagligtallehanda,1880,730,127689132,5.717009651220748,730,0
borgmästarfru,nyadagligtallehanda,1880,0,127689132,0.0,0,0
dam,nyadagligtallehanda,1880,12033,127689132,94.23668100430035,12029,4
dotter,nyadagligtallehanda,1880,22275,127689132,174.44710956293446,22270,5
drottning,nyadagligtallehanda,1880,12107,127689132,94.8162134894926,12099,8
fabriksarbeterska,nyadagligtallehanda,1880,0,127689132,0.0,0,0
farmor,nyadagligtallehanda,1880,341,127689132,2.670548343926404,341,0
feminin,nyadagligtallehanda,1880,15,127689132,0.11747280105248112,15,0
flicka,nyadagligtallehanda,1880,14300,127689132,111.99073700336533,14298,2
flickebarn,nyadagligtallehanda,1880,54,127689132,0.422902083788932,54,0
fnaska,nyadagligtallehanda,1880,3,127689132,0.023494560210496222,3,0
fostermoder,nyadagligtallehanda,1880,0,127689132,0.0,0,0
fostermor,nyadagligtallehanda,1880,99,127689132,0.7753204869463753,99,0
friherrinna,nyadagligtallehanda,1880,0,127689132,0.0,0,0
fru,nyadagligtallehanda,1880,46886,127689132,367.1886500097753,46879,7
fruntimmer,nyadagligtallehanda,1880,4195,127689132,32.85322669434389,4193,2
fröken,nyadagligtallehanda,1880,25673,127689132,201.05861476135652,25665,8
författarinna,nyadagligtallehanda,1880,1207,127689132,9.452644724689646,1206,1
gammal,nyadagligtallehanda,1880,64118,127689132,502.1414038588656,0,64118
gammal gumma,nyadagligtallehanda,1880,78,127689132,0.6108585654729018,78,0
gammelmor,nyadagligtallehanda,1880,0,127689132,0.0,0,0
gemål,nyadagligtallehanda,1880,1755,127689132,13.744317723140291,1755,0
grevinna,nyadagligtallehanda,1880,3,127689132,0.023494560210496222,3,0
gumma,nyadagligtallehanda,1880,1089,127689132,8.528525356410128,1089,0
guvernant,nyadagligtallehanda,1880,455,127689132,3.5633416319252604,455,0
hennes,nyadagligtallehanda,1880,0,127689132,0.0,0,0
hertiginna,nyadagligtallehanda,1880,1703,127689132,13.33707867949169,1702,1
hjältinna,nyadagligtallehanda,1880,1,127689132,0.007831520070165408,1,0
hjärtevän,nyadagligtallehanda,1880,0,127689132,0.0,0,0
hona,nyadagligtallehanda,1880,345,127689132,2.7018744242070656,345,0
honkön,nyadagligtallehanda,1880,1,127689132,0.007831520070165408,1,0
hora,nyadagligtallehanda,1880,142,127689132,1.112075849963488,142,0
husfru,nyadagligtallehanda,1880,153,127689132,1.1982225707353074,153,0
hushållerska,nyadagligtallehanda,1880,469,127689132,3.6729829129075764,469,0
husmoder,nyadagligtallehanda,1880,0,127689132,0.0,0,0
husmor,nyadagligtallehanda,1880,804,127689132,6.296542136412988,804,0
hustru,nyadagligtallehanda,1880,13561,127689132,106.20324367151309,13557,4
häxa,nyadagligtallehanda,1880,9,127689132,0.07048368063148867,9,0
jungfru,nyadagligtallehanda,1880,1202,127689132,9.41348712433882,1202,0
jänta,nyadagligtallehanda,1880,45,127689132,0.3524184031574433,45,0
jäntunge,nyadagligtallehanda,1880,0,127689132,0.0,0,0
kassörska,nyadagligtallehanda,1880,79,127689132,0.6186900855430673,79,0
kejsarinna,nyadagligtallehanda,1880,3841,127689132,30.080868589505332,3839,2
kokerska,nyadagligtallehanda,1880,238,127689132,1.863901776699367,238,0
kokfru,nyadagligtallehanda,1880,0,127689132,0.0,0,0
konstnärinna,nyadagligtallehanda,1880,0,127689132,0.0,0,0
kontorist,nyadagligtallehanda,1880,593,127689132,4.644091401608087,593,0
kontorsfröken,nyadagligtallehanda,1880,0,127689132,0.0,0,0
kviga,nyadagligtallehanda,1880,0,127689132,0.0,0,0
kvinna,nyadagligtallehanda,1880,137,127689132,1.0729182496126608,137,0
kvinnfolk,nyadagligtallehanda,1880,2,127689132,0.015663040140330816,2,0
kvinnlig,nyadagligtallehanda,1880,2,127689132,0.015663040140330816,2,0
kvinnlighet,nyadagligtallehanda,1880,0,127689132,0.0,0,0
kvinnokön,nyadagligtallehanda,1880,0,127689132,0.0,0,0
kvinnsperson,nyadagligtallehanda,1880,1,127689132,0.007831520070165408,1,0
käring,nyadagligtallehanda,1880,66,127689132,0.5168803246309169,66,0
kärring,nyadagligtallehanda,1880,11,127689132,0.08614672077181948,11,0
landshövdingska,nyadagligtallehanda,1880,0,127689132,0.0,0,0
lillflicka,nyadagligtallehanda,1880,0,127689132,0.0,0,0
liten,nyadagligtallehanda,1880,138817,127689132,1087.1481215801514,0,138817
liten flicka,nyadagligtallehanda,1880,498,127689132,3.900096994942373,498,0
livskamrat,nyadagligtallehanda,1880,0,127689132,0.0,0,0
lärarinna,nyadagligtallehanda,1880,3543,127689132,27.747075608596038,3542,1
madam,nyadagligtallehanda,1880,114,127689132,0.8927932879988565,114,0
madame,nyadagligtallehanda,1880,618,127689132,4.839879403362222,618,0
maka,nyadagligtallehanda,1880,4903,127689132,38.397942904020994,4903,0
mamma,nyadagligtallehanda,1880,1395,127689132,10.924970497880743,1395,0
mamsell,nyadagligtallehanda,1880,1479,127689132,11.582818183774638,1479,0
matmor,nyadagligtallehanda,1880,189,127689132,1.480157293261262,188,1
moder,nyadagligtallehanda,1880,6604,127689132,51.71935854337235,6602,2
moderlig,nyadagligtallehanda,1880,317,127689132,2.482591862242434,317,0
moderlighet,nyadagligtallehanda,1880,1,127689132,0.007831520070165408,1,0
mor,nyadagligtallehanda,1880,10099,127689132,79.09052118860045,10097,2
mormor,nyadagligtallehanda,1880,386,127689132,3.0229667470838475,386,0
mö,nyadagligtallehanda,1880,392,127689132,3.0699558675048397,392,0
piga,nyadagligtallehanda,1880,1366,127689132,10.697856415845948,1365,1
poetissa,nyadagligtallehanda,1880,1,127689132,0.007831520070165408,1,0
prinsessa,nyadagligtallehanda,1880,4997,127689132,39.134105790616545,4993,4
prostinna,nyadagligtallehanda,1880,0,127689132,0.0,0,0
prästfru,nyadagligtallehanda,1880,0,127689132,0.0,0,0
quinfolk,nyadagligtallehanda,1880,0,127689132,0.0,0,0
quinna,nyadagligtallehanda,1880,0,127689132,0.0,0,0
quinnor,nyadagligtallehanda,1880,0,127689132,0.0,0,0
qvinfolk,nyadagligtallehanda,1880,0,127689132,0.0,0,0
qvinnokön,nyadagligtallehanda,1880,0,127689132,0.0,0,0
qvinnor,nyadagligtallehanda,1880,0,127689132,0.0,0,0
qvinsperson,nyadagligtallehanda,1880,0,127689132,0.0,0,0
ragata,nyadagligtallehanda,1880,0,127689132,0.0,0,0
satkärring,nyadagligtallehanda,1880,0,127689132,0.0,0,0
sig,nyadagligtallehanda,1880,327890,127689132,2567.8771158065356,327837,53
sjuksköterska,nyadagligtallehanda,1880,449,127689132,3.516352511504268,449,0
själv,nyadagligtallehanda,1880,1,127689132,0.007831520070165408,1,0
skata,nyadagligtallehanda,1880,178,127689132,1.3940105724894425,178,0
skollärarinna,nyadagligtallehanda,1880,0,127689132,0.0,0,0
skrivbiträde,nyadagligtallehanda,1880,0,127689132,0.0,0,0
skådespelerska,nyadagligtallehanda,1880,1101,127689132,8.622503597252114,1100,1
sköka,nyadagligtallehanda,1880,14,127689132,0.10964128098231571,14,0
slampa,nyadagligtallehanda,1880,2,127689132,0.015663040140330816,2,0
slinka,nyadagligtallehanda,1880,72,127689132,0.5638694450519094,72,0
slyna,nyadagligtallehanda,1880,17,127689132,0.13313584119281194,17,0
småflicka,nyadagligtallehanda,1880,43,127689132,0.3367553630171125,43,0
sondotter,nyadagligtallehanda,1880,63,127689132,0.4933857644204207,63,0
spinnerska,nyadagligtallehanda,1880,0,127689132,0.0,0,0
styvmor,nyadagligtallehanda,1880,0,127689132,0.0,0,0
subba,nyadagligtallehanda,1880,1,127689132,0.007831520070165408,1,0
sugga,nyadagligtallehanda,1880,103,127689132,0.806646567227037,103,0
svärmor,nyadagligtallehanda,1880,556,127689132,4.3543251590119665,556,0
syster,nyadagligtallehanda,1880,5325,127689132,41.702844373630796,5325,0
systerdotter,nyadagligtallehanda,1880,110,127689132,0.8614672077181948,110,0
sångerska,nyadagligtallehanda,1880,1674,127689132,13.109964597456893,1673,1
sömmerska,nyadagligtallehanda,1880,393,127689132,3.0777873875750053,393,0
tant,nyadagligtallehanda,1880,1463,127689132,11.457513862651991,1463,0
telefonist,nyadagligtallehanda,1880,34,127689132,0.2662716823856239,34,0
tjej,nyadagligtallehanda,1880,6,127689132,0.046989120420992445,6,0
tjänarinna,nyadagligtallehanda,1880,1,127689132,0.007831520070165408,1,0
trollpacka,nyadagligtallehanda,1880,41,127689132,0.3210923228767817,41,0
tvätterska,nyadagligtallehanda,1880,172,127689132,1.34702145206845,172,0
tös,nyadagligtallehanda,1880,59,127689132,0.46205968413975906,59,0
tösabit,nyadagligtallehanda,1880,0,127689132,0.0,0,0
ungflicka,nyadagligtallehanda,1880,0,127689132,0.0,0,0
värdinna,nyadagligtallehanda,1880,910,127689132,7.126683263850521,910,0
väverska,nyadagligtallehanda,1880,0,127689132,0.0,0,0
äkta,nyadagligtallehanda,1880,8256,127689132,64.6570296992856,0,8256
äkta maka,nyadagligtallehanda,1880,11,127689132,0.08614672077181948,11,0
änka,nyadagligtallehanda,1880,68,127689132,0.5325433647712478,68,0
amma,nyadagligtallehanda,1890,400,82878309,4.826353298303903,400,0
barnmorska,nyadagligtallehanda,1890,200,82878309,2.4131766491519513,200,0
baronessa,nyadagligtallehanda,1890,354,82878309,4.271322668998954,354,0
borgmästarfru,nyadagligtallehanda,1890,0,82878309,0.0,0,0
dam,nyadagligtallehanda,1890,9074,82878309,109.48582457202403,9069,5
dotter,nyadagligtallehanda,1890,14086,82878309,169.96003139977194,14081,5
drottning,nyadagligtallehanda,1890,6606,82878309,79.70722472148894,6605,1
fabriksarbeterska,nyadagligtallehanda,1890,0,82878309,0.0,0,0
farmor,nyadagligtallehanda,1890,246,82878309,2.9682072784569,246,0
feminin,nyadagligtallehanda,1890,15,82878309,0.18098824868639635,15,0
flicka,nyadagligtallehanda,1890,9363,82878309,112.9728648300486,9360,3
flickebarn,nyadagligtallehanda,1890,12,82878309,0.14479059894911708,12,0
fnaska,nyadagligtallehanda,1890,0,82878309,0.0,0,0
fostermoder,nyadagligtallehanda,1890,0,82878309,0.0,0,0
fostermor,nyadagligtallehanda,1890,60,82878309,0.7239529947455854,60,0
friherrinna,nyadagligtallehanda,1890,0,82878309,0.0,0,0
fru,nyadagligtallehanda,1890,35330,82878309,426.2876550726922,35329,1
fruntimmer,nyadagligtallehanda,1890,1422,82878309,17.157685975470372,1422,0
fröken,nyadagligtallehanda,1890,20777,82878309,250.69285619715046,20773,4
författarinna,nyadagligtallehanda,1890,868,82878309,10.473186657319468,867,1
gammal,nyadagligtallehanda,1890,41570,82878309,501.57876652623304,0,41570
gammal gumma,nyadagligtallehanda,1890,44,82878309,0.5308988628134292,44,0
gammelmor,nyadagligtallehanda,1890,0,82878309,0.0,0,0
gemål,nyadagligtallehanda,1890,925,82878309,11.160942002327774,924,1
grevinna,nyadagligtallehanda,1890,3,82878309,0.03619764973727927,3,0
gumma,nyadagligtallehanda,1890,604,82878309,7.287793480438893,604,0
guvernant,nyadagligtallehanda,1890,128,82878309,1.5444330554572487,128,0
hennes,nyadagligtallehanda,1890,0,82878309,0.0,0,0
hertiginna,nyadagligtallehanda,1890,961,82878309,11.595313799175125,960,1
hjältinna,nyadagligtallehanda,1890,6,82878309,0.07239529947455854,6,0
hjärtevän,nyadagligtallehanda,1890,0,82878309,0.0,0,0
hona,nyadagligtallehanda,1890,189,82878309,2.2804519334485938,189,0
honkön,nyadagligtallehanda,1890,4,82878309,0.04826353298303902,4,0
hora,nyadagligtallehanda,1890,152,82878309,1.8340142533554828,152,0
husfru,nyadagligtallehanda,1890,71,82878309,0.8566777104489427,71,0
hushållerska,nyadagligtallehanda,1890,234,82878309,2.823416679507783,234,0
husmoder,nyadagligtallehanda,1890,0,82878309,0.0,0,0
husmor,nyadagligtallehanda,1890,669,82878309,8.072075891413277,669,0
hustru,nyadagligtallehanda,1890,8322,82878309,100.41228037121269,8318,4
häxa,nyadagligtallehanda,1890,3,82878309,0.03619764973727927,3,0
jungfru,nyadagligtallehanda,1890,634,82878309,7.649769977811685,634,0
jänta,nyadagligtallehanda,1890,43,82878309,0.5188329795676695,43,0
jäntunge,nyadagligtallehanda,1890,0,82878309,0.0,0,0
kassörska,nyadagligtallehanda,1890,44,82878309,0.5308988628134292,44,0
kejsarinna,nyadagligtallehanda,1890,1271,82878309,15.33573760536065,1270,1
kokerska,nyadagligtallehanda,1890,183,82878309,2.2080566339740355,183,0
kokfru,nyadagligtallehanda,1890,0,82878309,0.0,0,0
konstnärinna,nyadagligtallehanda,1890,0,82878309,0.0,0,0
kontorist,nyadagligtallehanda,1890,381,82878309,4.597101516634467,381,0
kontorsfröken,nyadagligtallehanda,1890,0,82878309,0.0,0,0
kviga,nyadagligtallehanda,1890,0,82878309,0.0,0,0
kvinna,nyadagligtallehanda,1890,369,82878309,4.45231091768535,369,0
kvinnfolk,nyadagligtallehanda,1890,0,82878309,0.0,0,0
kvinnlig,nyadagligtallehanda,1890,47,82878309,0.5670965125507086,47,0
kvinnlighet,nyadagligtallehanda,1890,7,82878309,0.08446118272031829,7,0
kvinnokön,nyadagligtallehanda,1890,2,82878309,0.02413176649151951,2,0
kvinnsperson,nyadagligtallehanda,1890,0,82878309,0.0,0,0
käring,nyadagligtallehanda,1890,86,82878309,1.037665959135339,86,0
kärring,nyadagligtallehanda,1890,2,82878309,0.02413176649151951,2,0
landshövdingska,nyadagligtallehanda,1890,0,82878309,0.0,0,0
lillflicka,nyadagligtallehanda,1890,0,82878309,0.0,0,0
liten,nyadagligtallehanda,1890,87488,82878309,1055.6199934050296,0,87488
liten flicka,nyadagligtallehanda,1890,344,82878309,4.150663836541356,344,0
livskamrat,nyadagligtallehanda,1890,0,82878309,0.0,0,0
lärarinna,nyadagligtallehanda,1890,1833,82878309,22.116763989477633,1833,0
madam,nyadagligtallehanda,1890,110,82878309,1.327247157033573,110,0
madame,nyadagligtallehanda,1890,242,82878309,2.919943745473861,242,0
maka,nyadagligtallehanda,1890,5774,82878309,69.66840986101683,5773,1
mamma,nyadagligtallehanda,1890,1214,82878309,14.647982260352343,1214,0
mamsell,nyadagligtallehanda,1890,370,82878309,4.46437680093111,370,0
matmor,nyadagligtallehanda,1890,126,82878309,1.5203012889657292,126,0
moder,nyadagligtallehanda,1890,3683,82878309,44.438647994133184,3683,0
moderlig,nyadagligtallehanda,1890,126,82878309,1.5203012889657292,126,0
moderlighet,nyadagligtallehanda,1890,2,82878309,0.02413176649151951,2,0
mor,nyadagligtallehanda,1890,6199,82878309,74.79641024046472,6199,0
mormor,nyadagligtallehanda,1890,253,82878309,3.0526684611772184,253,0
mö,nyadagligtallehanda,1890,260,82878309,3.1371296438975365,260,0
piga,nyadagligtallehanda,1890,634,82878309,7.649769977811685,634,0
poetissa,nyadagligtallehanda,1890,3,82878309,0.03619764973727927,3,0
prinsessa,nyadagligtallehanda,1890,2313,82878309,27.908387947442314,2312,1
prostinna,nyadagligtallehanda,1890,0,82878309,0.0,0,0
prästfru,nyadagligtallehanda,1890,0,82878309,0.0,0,0
quinfolk,nyadagligtallehanda,1890,0,82878309,0.0,0,0
quinna,nyadagligtallehanda,1890,0,82878309,0.0,0,0
quinnor,nyadagligtallehanda,1890,0,82878309,0.0,0,0
qvinfolk,nyadagligtallehanda,1890,0,82878309,0.0,0,0
qvinnokön,nyadagligtallehanda,1890,0,82878309,0.0,0,0
qvinnor,nyadagligtallehanda,1890,0,82878309,0.0,0,0
qvinsperson,nyadagligtallehanda,1890,0,82878309,0.0,0,0
ragata,nyadagligtallehanda,1890,2,82878309,0.02413176649151951,2,0
satkärring,nyadagligtallehanda,1890,0,82878309,0.0,0,0
sig,nyadagligtallehanda,1890,214179,82878309,2584.258807693579,214142,37
sjuksköterska,nyadagligtallehanda,1890,395,82878309,4.766023882075103,395,0
själv,nyadagligtallehanda,1890,3,82878309,0.03619764973727927,3,0
skata,nyadagligtallehanda,1890,91,82878309,1.0979953753641378,91,0
skollärarinna,nyadagligtallehanda,1890,0,82878309,0.0,0,0
skrivbiträde,nyadagligtallehanda,1890,0,82878309,0.0,0,0
skådespelerska,nyadagligtallehanda,1890,706,82878309,8.518513571506388,706,0
sköka,nyadagligtallehanda,1890,16,82878309,0.1930541319321561,16,0
slampa,nyadagligtallehanda,1890,2,82878309,0.02413176649151951,2,0
slinka,nyadagligtallehanda,1890,29,82878309,0.34991061412703295,29,0
slyna,nyadagligtallehanda,1890,11,82878309,0.1327247157033573,11,0
småflicka,nyadagligtallehanda,1890,69,82878309,0.8325459439574232,69,0
sondotter,nyadagligtallehanda,1890,65,82878309,0.7842824109743841,65,0
spinnerska,nyadagligtallehanda,1890,0,82878309,0.0,0,0
styvmor,nyadagligtallehanda,1890,0,82878309,0.0,0,0
subba,nyadagligtallehanda,1890,1,82878309,0.012065883245759756,1,0
sugga,nyadagligtallehanda,1890,42,82878309,0.5067670963219097,42,0
svärmor,nyadagligtallehanda,1890,308,82878309,3.7162920396940047,308,0
syster,nyadagligtallehanda,1890,3666,82878309,44.233527978955266,3665,1
systerdotter,nyadagligtallehanda,1890,97,82878309,1.1703906748386963,97,0
sångerska,nyadagligtallehanda,1890,1164,82878309,14.044688098064356,1164,0
sömmerska,nyadagligtallehanda,1890,267,82878309,3.221590826617855,267,0
tant,nyadagligtallehanda,1890,1527,82878309,18.424603716275147,1527,0
telefonist,nyadagligtallehanda,1890,52,82878309,0.6274259287795073,52,0
tjej,nyadagligtallehanda,1890,3,82878309,0.03619764973727927,3,0
tjänarinna,nyadagligtallehanda,1890,9,82878309,0.1085929492118378,9,0
trollpacka,nyadagligtallehanda,1890,10,82878309,0.12065883245759756,10,0
tvätterska,nyadagligtallehanda,1890,93,82878309,1.1221271418556573,93,0
tös,nyadagligtallehanda,1890,55,82878309,0.6636235785167865,55,0
tösabit,nyadagligtallehanda,1890,0,82878309,0.0,0,0
ungflicka,nyadagligtallehanda,1890,0,82878309,0.0,0,0
värdinna,nyadagligtallehanda,1890,609,82878309,7.348122896667691,609,0
väverska,nyadagligtallehanda,1890,0,82878309,0.0,0,0
äkta,nyadagligtallehanda,1890,6060,82878309,73.11925246930412,0,6060
äkta maka,nyadagligtallehanda,1890,7,82878309,0.08446118272031829,7,0
änka,nyadagligtallehanda,1890,41,82878309,0.49470121307615,41,0
amma,nyawermlandstidningen,1880,377,36339856,10.374284367004647,377,0
barnmorska,nyawermlandstidningen,1880,187,36339856,5.145865189999652,187,0
baronessa,nyawermlandstidningen,1880,449,36339856,12.355580055132855,449,0
borgmästarfru,nyawermlandstidningen,1880,0,36339856,0.0,0,0
dam,nyawermlandstidningen,1880,5325,36339856,146.53332693448206,5324,1
dotter,nyawermlandstidningen,1880,11632,36339856,320.08932561537944,11628,4
drottning,nyawermlandstidningen,1880,2859,36339856,78.67394961609094,2857,2
fabriksarbeterska,nyawermlandstidningen,1880,0,36339856,0.0,0,0
farmor,nyawermlandstidningen,1880,465,36339856,12.795867985828012,465,0
feminin,nyawermlandstidningen,1880,10,36339856,0.27517995668447337,10,0
flicka,nyawermlandstidningen,1880,9522,36339856,262.02635475495555,9520,2
flickebarn,nyawermlandstidningen,1880,73,36339856,2.0088136837966557,73,0
fnaska,nyawermlandstidningen,1880,1,36339856,0.02751799566844734,1,0
fostermoder,nyawermlandstidningen,1880,0,36339856,0.0,0,0
fostermor,nyawermlandstidningen,1880,19,36339856,0.5228419177004994,19,0
friherrinna,nyawermlandstidningen,1880,0,36339856,0.0,0,0
fru,nyawermlandstidningen,1880,12754,36339856,350.96451675537736,12751,3
fruntimmer,nyawermlandstidningen,1880,2023,36339856,55.668905237268966,2021,2
fröken,nyawermlandstidningen,1880,5701,36339856,156.88009330581826,5699,2
författarinna,nyawermlandstidningen,1880,196,36339856,5.393527151015678,196,0
gammal,nyawermlandstidningen,1880,24021,36339856,661.0097739517735,0,24021
gammal gumma,nyawermlandstidningen,1880,55,36339856,1.5134897617646035,55,0
gammelmor,nyawermlandstidningen,1880,0,36339856,0.0,0,0
gemål,nyawermlandstidningen,1880,383,36339856,10.539392341015331,383,0
grevinna,nyawermlandstidningen,1880,9,36339856,0.24766196101602603,9,0
gumma,nyawermlandstidningen,1880,1114,36339856,30.655047174650335,1114,0
guvernant,nyawermlandstidningen,1880,144,36339856,3.9625913762564164,144,0
hennes,nyawermlandstidningen,1880,0,36339856,0.0,0,0
hertiginna,nyawermlandstidningen,1880,217,36339856,5.971405060053073,217,0
hjältinna,nyawermlandstidningen,1880,33,36339856,0.9080938570587621,33,0
hjärtevän,nyawermlandstidningen,1880,7,36339856,0.19262596967913137,7,0
hona,nyawermlandstidningen,1880,161,36339856,4.430397302620022,161,0
honkön,nyawermlandstidningen,1880,1,36339856,0.02751799566844734,1,0
hora,nyawermlandstidningen,1880,89,36339856,2.449101614491813,89,0
husfru,nyawermlandstidningen,1880,26,36339856,0.7154678873796307,26,0
hushållerska,nyawermlandstidningen,1880,768,36339856,21.133820673367556,767,1
husmoder,nyawermlandstidningen,1880,0,36339856,0.0,0,0
husmor,nyawermlandstidningen,1880,924,36339856,25.42662799764534,924,0
hustru,nyawermlandstidningen,1880,6175,36339856,169.9236232526623,6174,1
häxa,nyawermlandstidningen,1880,4,36339856,0.11007198267378936,4,0
jungfru,nyawermlandstidningen,1880,879,36339856,24.18831819256521,878,1
jänta,nyawermlandstidningen,1880,45,36339856,1.2383098050801302,45,0
jäntunge,nyawermlandstidningen,1880,0,36339856,0.0,0,0
kassörska,nyawermlandstidningen,1880,34,36339856,0.9356118527272095,34,0
kejsarinna,nyawermlandstidningen,1880,1615,36339856,44.44156300454245,1614,1
kokerska,nyawermlandstidningen,1880,223,36339856,6.136513034063756,223,0
kokfru,nyawermlandstidningen,1880,0,36339856,0.0,0,0
konstnärinna,nyawermlandstidningen,1880,0,36339856,0.0,0,0
kontorist,nyawermlandstidningen,1880,138,36339856,3.7974834022457324,137,1
kontorsfröken,nyawermlandstidningen,1880,0,36339856,0.0,0,0
kviga,nyawermlandstidningen,1880,2,36339856,0.05503599133689468,2,0
kvinna,nyawermlandstidningen,1880,152,36339856,4.182735341603995,151,1
kvinnfolk,nyawermlandstidningen,1880,0,36339856,0.0,0,0
kvinnlig,nyawermlandstidningen,1880,0,36339856,0.0,0,0
kvinnlighet,nyawermlandstidningen,1880,0,36339856,0.0,0,0
kvinnokön,nyawermlandstidningen,1880,0,36339856,0.0,0,0
kvinnsperson,nyawermlandstidningen,1880,0,36339856,0.0,0,0
käring,nyawermlandstidningen,1880,84,36339856,2.3115116361495764,84,0
kärring,nyawermlandstidningen,1880,7,36339856,0.19262596967913137,7,0
landshövdingska,nyawermlandstidningen,1880,0,36339856,0.0,0,0
lillflicka,nyawermlandstidningen,1880,0,36339856,0.0,0,0
liten,nyawermlandstidningen,1880,52362,36339856,1440.8972891912395,0,52362
liten flicka,nyawermlandstidningen,1880,230,36339856,6.329139003742887,230,0
livskamrat,nyawermlandstidningen,1880,0,36339856,0.0,0,0
lärarinna,nyawermlandstidningen,1880,1881,36339856,51.76134985234944,1881,0
madam,nyawermlandstidningen,1880,126,36339856,3.4672674542243644,126,0
madame,nyawermlandstidningen,1880,323,36339856,8.88831260090849,323,0
maka,nyawermlandstidningen,1880,1186,36339856,32.63634286277854,1186,0
mamma,nyawermlandstidningen,1880,1298,36339856,35.71835837764464,1298,0
mamsell,nyawermlandstidningen,1880,410,36339856,11.28237822406341,410,0
matmor,nyawermlandstidningen,1880,70,36339856,1.9262596967913137,70,0
moder,nyawermlandstidningen,1880,2469,36339856,67.94193130539648,2469,0
moderlig,nyawermlandstidningen,1880,179,36339856,4.925721224652073,179,0
moderlighet,nyawermlandstidningen,1880,0,36339856,0.0,0,0
mor,nyawermlandstidningen,1880,4571,36339856,125.78475820047278,4571,0
mormor,nyawermlandstidningen,1880,167,36339856,4.595505276630705,167,0
mö,nyawermlandstidningen,1880,133,36339856,3.659893423903496,133,0
piga,nyawermlandstidningen,1880,1489,36339856,40.97429555031809,1489,0
poetissa,nyawermlandstidningen,1880,4,36339856,0.11007198267378936,4,0
prinsessa,nyawermlandstidningen,1880,1308,36339856,35.993538334329116,1308,0
prostinna,nyawermlandstidningen,1880,0,36339856,0.0,0,0
prästfru,nyawermlandstidningen,1880,0,36339856,0.0,0,0
quinfolk,nyawermlandstidningen,1880,0,36339856,0.0,0,0
quinna,nyawermlandstidningen,1880,0,36339856,0.0,0,0
quinnor,nyawermlandstidningen,1880,0,36339856,0.0,0,0
qvinfolk,nyawermlandstidningen,1880,0,36339856,0.0,0,0
qvinnokön,nyawermlandstidningen,1880,0,36339856,0.0,0,0
qvinnor,nyawermlandstidningen,1880,0,36339856,0.0,0,0
qvinsperson,nyawermlandstidningen,1880,0,36339856,0.0,0,0
ragata,nyawermlandstidningen,1880,1,36339856,0.02751799566844734,1,0
satkärring,nyawermlandstidningen,1880,0,36339856,0.0,0,0
sig,nyawermlandstidningen,1880,118552,36339856,3262.3134224857686,118535,17
sjuksköterska,nyawermlandstidningen,1880,119,36339856,3.274641484545233,119,0
själv,nyawermlandstidningen,1880,4,36339856,0.11007198267378936,4,0
skata,nyawermlandstidningen,1880,45,36339856,1.2383098050801302,45,0
skollärarinna,nyawermlandstidningen,1880,0,36339856,0.0,0,0
skrivbiträde,nyawermlandstidningen,1880,0,36339856,0.0,0,0
skådespelerska,nyawermlandstidningen,1880,216,36339856,5.943887064384625,216,0
sköka,nyawermlandstidningen,1880,12,36339856,0.33021594802136806,12,0
slampa,nyawermlandstidningen,1880,3,36339856,0.08255398700534201,3,0
slinka,nyawermlandstidningen,1880,38,36339856,1.0456838354009987,38,0
slyna,nyawermlandstidningen,1880,9,36339856,0.24766196101602603,9,0
småflicka,nyawermlandstidningen,1880,10,36339856,0.27517995668447337,10,0
sondotter,nyawermlandstidningen,1880,104,36339856,2.861871549518523,104,0
spinnerska,nyawermlandstidningen,1880,0,36339856,0.0,0,0
styvmor,nyawermlandstidningen,1880,0,36339856,0.0,0,0
subba,nyawermlandstidningen,1880,1,36339856,0.02751799566844734,1,0
sugga,nyawermlandstidningen,1880,121,36339856,3.3296774758821277,121,0
svärmor,nyawermlandstidningen,1880,150,36339856,4.1276993502671,150,0
syster,nyawermlandstidningen,1880,1603,36339856,44.11134705652108,1603,0
systerdotter,nyawermlandstidningen,1880,51,36339856,1.4034177790908142,51,0
sångerska,nyawermlandstidningen,1880,450,36339856,12.383098050801301,450,0
sömmerska,nyawermlandstidningen,1880,246,36339856,6.769426934438045,245,1
tant,nyawermlandstidningen,1880,504,36339856,13.869069816897458,504,0
telefonist,nyawermlandstidningen,1880,15,36339856,0.41276993502671006,15,0
tjej,nyawermlandstidningen,1880,1,36339856,0.02751799566844734,1,0
tjänarinna,nyawermlandstidningen,1880,57,36339856,1.5685257531014982,57,0
trollpacka,nyawermlandstidningen,1880,24,36339856,0.6604318960427361,24,0
tvätterska,nyawermlandstidningen,1880,62,36339856,1.706115731443735,62,0
tös,nyawermlandstidningen,1880,78,36339856,2.1464036621388924,78,0
tösabit,nyawermlandstidningen,1880,0,36339856,0.0,0,0
ungflicka,nyawermlandstidningen,1880,0,36339856,0.0,0,0
värdinna,nyawermlandstidningen,1880,340,36339856,9.356118527272095,340,0
väverska,nyawermlandstidningen,1880,0,36339856,0.0,0,0
äkta,nyawermlandstidningen,1880,4073,36339856,112.08079635758601,0,4073
äkta maka,nyawermlandstidningen,1880,6,36339856,0.16510797401068403,6,0
änka,nyawermlandstidningen,1880,43,36339856,1.1832738137432355,43,0
amma,nyawermlandstidningen,1890,98,23100257,4.242377043683973,98,0
barnmorska,nyawermlandstidningen,1890,196,23100257,8.484754087367946,196,0
baronessa,nyawermlandstidningen,1890,89,23100257,3.852770988651771,89,0
borgmästarfru,nyawermlandstidningen,1890,0,23100257,0.0,0,0
dam,nyawermlandstidningen,1890,3534,23100257,152.9853109426445,3533,1
dotter,nyawermlandstidningen,1890,6151,23100257,266.27409383367467,6150,1
drottning,nyawermlandstidningen,1890,1337,23100257,57.87814395311706,1337,0
fabriksarbeterska,nyawermlandstidningen,1890,0,23100257,0.0,0,0
farmor,nyawermlandstidningen,1890,48,23100257,2.077898960171742,48,0
feminin,nyawermlandstidningen,1890,10,23100257,0.4328956167024462,10,0
flicka,nyawermlandstidningen,1890,5688,23100257,246.2310267803514,5686,2
flickebarn,nyawermlandstidningen,1890,67,23100257,2.9004006319063897,67,0
fnaska,nyawermlandstidningen,1890,0,23100257,0.0,0,0
fostermoder,nyawermlandstidningen,1890,0,23100257,0.0,0,0
fostermor,nyawermlandstidningen,1890,49,23100257,2.1211885218419866,49,0
friherrinna,nyawermlandstidningen,1890,0,23100257,0.0,0,0
fru,nyawermlandstidningen,1890,9162,23100257,396.6189640227812,9162,0
fruntimmer,nyawermlandstidningen,1890,937,23100257,40.56231928501921,937,0
fröken,nyawermlandstidningen,1890,4320,23100257,187.01090641545676,4318,2
författarinna,nyawermlandstidningen,1890,155,23100257,6.709882058887916,155,0
gammal,nyawermlandstidningen,1890,16439,23100257,711.6371042971514,0,16439
gammal gumma,nyawermlandstidningen,1890,35,23100257,1.5151346584585617,35,0
gammelmor,nyawermlandstidningen,1890,0,23100257,0.0,0,0
gemål,nyawermlandstidningen,1890,290,23100257,12.55397288437094,290,0
grevinna,nyawermlandstidningen,1890,9,23100257,0.3896060550322016,9,0
gumma,nyawermlandstidningen,1890,550,23100257,23.80925891863454,550,0
guvernant,nyawermlandstidningen,1890,131,23100257,5.670932578802045,131,0
hennes,nyawermlandstidningen,1890,0,23100257,0.0,0,0
hertiginna,nyawermlandstidningen,1890,138,23100257,5.973959510493757,138,0
hjältinna,nyawermlandstidningen,1890,65,23100257,2.8138215085659004,65,0
hjärtevän,nyawermlandstidningen,1890,18,23100257,0.7792121100644032,18,0
hona,nyawermlandstidningen,1890,53,23100257,2.294346768522965,53,0
honkön,nyawermlandstidningen,1890,2,23100257,0.08657912334048924,2,0
hora,nyawermlandstidningen,1890,8,23100257,0.34631649336195697,8,0
husfru,nyawermlandstidningen,1890,14,23100257,0.6060538633834247,14,0
hushållerska,nyawermlandstidningen,1890,434,23100257,18.787669764886164,434,0
husmoder,nyawermlandstidningen,1890,0,23100257,0.0,0,0
husmor,nyawermlandstidningen,1890,471,23100257,20.389383546685217,471,0
hustru,nyawermlandstidningen,1890,4013,23100257,173.72101098269167,4012,1
häxa,nyawermlandstidningen,1890,13,23100257,0.56276430171318,13,0
jungfru,nyawermlandstidningen,1890,478,23100257,20.692410478376928,478,0
jänta,nyawermlandstidningen,1890,30,23100257,1.2986868501073385,30,0
jäntunge,nyawermlandstidningen,1890,0,23100257,0.0,0,0
kassörska,nyawermlandstidningen,1890,39,23100257,1.6882929051395401,39,0
kejsarinna,nyawermlandstidningen,1890,315,23100257,13.636211926127055,315,0
kokerska,nyawermlandstidningen,1890,276,23100257,11.947919020987515,276,0
kokfru,nyawermlandstidningen,1890,0,23100257,0.0,0,0
konstnärinna,nyawermlandstidningen,1890,0,23100257,0.0,0,0
kontorist,nyawermlandstidningen,1890,97,23100257,4.199087482013728,97,0
kontorsfröken,nyawermlandstidningen,1890,0,23100257,0.0,0,0
kviga,nyawermlandstidningen,1890,25,23100257,1.0822390417561156,25,0
kvinna,nyawermlandstidningen,1890,103,23100257,4.458824852035196,103,0
kvinnfolk,nyawermlandstidningen,1890,0,23100257,0.0,0,0
kvinnlig,nyawermlandstidningen,1890,38,23100257,1.6450033434692957,38,0
kvinnlighet,nyawermlandstidningen,1890,0,23100257,0.0,0,0
kvinnokön,nyawermlandstidningen,1890,0,23100257,0.0,0,0
kvinnsperson,nyawermlandstidningen,1890,0,23100257,0.0,0,0
käring,nyawermlandstidningen,1890,72,23100257,3.1168484402576127,72,0
kärring,nyawermlandstidningen,1890,3,23100257,0.12986868501073387,3,0
landshövdingska,nyawermlandstidningen,1890,0,23100257,0.0,0,0
lillflicka,nyawermlandstidningen,1890,0,23100257,0.0,0,0
liten,nyawermlandstidningen,1890,31984,23100257,1384.573340461104,0,31984
liten flicka,nyawermlandstidningen,1890,157,23100257,6.796461182228406,157,0
livskamrat,nyawermlandstidningen,1890,0,23100257,0.0,0,0
lärarinna,nyawermlandstidningen,1890,1380,23100257,59.73959510493758,1380,0
madam,nyawermlandstidningen,1890,77,23100257,3.333296248608836,77,0
madame,nyawermlandstidningen,1890,58,23100257,2.510794576874188,58,0
maka,nyawermlandstidningen,1890,1499,23100257,64.89105294369669,1499,0
mamma,nyawermlandstidningen,1890,1074,23100257,46.49298923384272,1074,0
mamsell,nyawermlandstidningen,1890,169,23100257,7.315935922271341,169,0
matmor,nyawermlandstidningen,1890,49,23100257,2.1211885218419866,49,0
moder,nyawermlandstidningen,1890,1731,23100257,74.93423125119344,1730,1
moderlig,nyawermlandstidningen,1890,115,23100257,4.978299592078131,115,0
moderlighet,nyawermlandstidningen,1890,2,23100257,0.08657912334048924,2,0
mor,nyawermlandstidningen,1890,3046,23100257,131.8600048475651,3045,1
mormor,nyawermlandstidningen,1890,164,23100257,7.099488113920118,164,0
mö,nyawermlandstidningen,1890,76,23100257,3.2900066869385913,76,0
piga,nyawermlandstidningen,1890,464,23100257,20.086356614993505,463,1
poetissa,nyawermlandstidningen,1890,0,23100257,0.0,0,0
prinsessa,nyawermlandstidningen,1890,582,23100257,25.19452489208237,582,0
prostinna,nyawermlandstidningen,1890,0,23100257,0.0,0,0
prästfru,nyawermlandstidningen,1890,0,23100257,0.0,0,0
quinfolk,nyawermlandstidningen,1890,0,23100257,0.0,0,0
quinna,nyawermlandstidningen,1890,0,23100257,0.0,0,0
quinnor,nyawermlandstidningen,1890,0,23100257,0.0,0,0
qvinfolk,nyawermlandstidningen,1890,0,23100257,0.0,0,0
qvinnokön,nyawermlandstidningen,1890,0,23100257,0.0,0,0
qvinnor,nyawermlandstidningen,1890,0,23100257,0.0,0,0
qvinsperson,nyawermlandstidningen,1890,0,23100257,0.0,0,0
ragata,nyawermlandstidningen,1890,0,23100257,0.0,0,0
satkärring,nyawermlandstidningen,1890,0,23100257,0.0,0,0
sig,nyawermlandstidningen,1890,80143,23100257,3469.355340938415,80135,8
sjuksköterska,nyawermlandstidningen,1890,108,23100257,4.675272660386419,108,0
själv,nyawermlandstidningen,1890,1,23100257,0.04328956167024462,1,0
skata,nyawermlandstidningen,1890,32,23100257,1.3852659734478279,32,0
skollärarinna,nyawermlandstidningen,1890,0,23100257,0.0,0,0
skrivbiträde,nyawermlandstidningen,1890,0,23100257,0.0,0,0
skådespelerska,nyawermlandstidningen,1890,97,23100257,4.199087482013728,97,0
sköka,nyawermlandstidningen,1890,9,23100257,0.3896060550322016,9,0
slampa,nyawermlandstidningen,1890,0,23100257,0.0,0,0
slinka,nyawermlandstidningen,1890,19,23100257,0.8225016717346478,19,0
slyna,nyawermlandstidningen,1890,7,23100257,0.30302693169171235,7,0
småflicka,nyawermlandstidningen,1890,19,23100257,0.8225016717346478,19,0
sondotter,nyawermlandstidningen,1890,23,23100257,0.9956599184156263,23,0
spinnerska,nyawermlandstidningen,1890,0,23100257,0.0,0,0
styvmor,nyawermlandstidningen,1890,0,23100257,0.0,0,0
subba,nyawermlandstidningen,1890,0,23100257,0.0,0,0
sugga,nyawermlandstidningen,1890,105,23100257,4.545403975375685,105,0
svärmor,nyawermlandstidningen,1890,140,23100257,6.060538633834247,139,1
syster,nyawermlandstidningen,1890,1241,23100257,53.72234603277357,1241,0
systerdotter,nyawermlandstidningen,1890,29,23100257,1.255397288437094,29,0
sångerska,nyawermlandstidningen,1890,316,23100257,13.6795014877973,316,0
sömmerska,nyawermlandstidningen,1890,154,23100257,6.666592497217672,154,0
tant,nyawermlandstidningen,1890,603,23100257,26.103605687157508,603,0
telefonist,nyawermlandstidningen,1890,7,23100257,0.30302693169171235,7,0
tjej,nyawermlandstidningen,1890,0,23100257,0.0,0,0
tjänarinna,nyawermlandstidningen,1890,86,23100257,3.7229023036410376,86,0
trollpacka,nyawermlandstidningen,1890,3,23100257,0.12986868501073387,3,0
tvätterska,nyawermlandstidningen,1890,81,23100257,3.5064544952898142,81,0
tös,nyawermlandstidningen,1890,47,23100257,2.0346093985014972,47,0
tösabit,nyawermlandstidningen,1890,0,23100257,0.0,0,0
ungflicka,nyawermlandstidningen,1890,0,23100257,0.0,0,0
värdinna,nyawermlandstidningen,1890,344,23100257,14.89160921456415,344,0
väverska,nyawermlandstidningen,1890,0,23100257,0.0,0,0
äkta,nyawermlandstidningen,1890,2805,23100257,121.42722048503616,0,2805
äkta maka,nyawermlandstidningen,1890,5,23100257,0.2164478083512231,5,0
änka,nyawermlandstidningen,1890,348,23100257,15.064767461245129,348,0
amma,nyawexjobladet,1880,308,19205333,16.03721216393384,308,0
barnmorska,nyawexjobladet,1880,215,19205333,11.194807192356414,215,0
baronessa,nyawexjobladet,1880,155,19205333,8.070674952629043,155,0
borgmästarfru,nyawexjobladet,1880,0,19205333,0.0,0,0
dam,nyawexjobladet,1880,3991,19205333,207.80686281253233,3990,1
dotter,nyawexjobladet,1880,5235,19205333,272.5805379162132,5234,1
drottning,nyawexjobladet,1880,1660,19205333,86.43432529912394,1660,0
fabriksarbeterska,nyawexjobladet,1880,0,19205333,0.0,0,0
farmor,nyawexjobladet,1880,289,19205333,15.047903621353507,289,0
feminin,nyawexjobladet,1880,11,19205333,0.5727575772833514,11,0
flicka,nyawexjobladet,1880,7269,19205333,378.48862084297105,7268,1
flickebarn,nyawexjobladet,1880,77,19205333,4.00930304098346,77,0
fnaska,nyawexjobladet,1880,2,19205333,0.10413774132424572,2,0
fostermoder,nyawexjobladet,1880,0,19205333,0.0,0,0
fostermor,nyawexjobladet,1880,42,19205333,2.18689256780916,42,0
friherrinna,nyawexjobladet,1880,0,19205333,0.0,0,0
fru,nyawexjobladet,1880,8037,19205333,418.47751351148145,8036,1
fruntimmer,nyawexjobladet,1880,1307,19205333,68.05401395539458,1306,1
fröken,nyawexjobladet,1880,4075,19205333,212.18064794815066,4075,0
författarinna,nyawexjobladet,1880,111,19205333,5.7796446434956374,111,0
gammal,nyawexjobladet,1880,16531,19205333,860.750500915553,0,16531
gammal gumma,nyawexjobladet,1880,72,19205333,3.748958687672846,72,0
gammelmor,nyawexjobladet,1880,0,19205333,0.0,0,0
gemål,nyawexjobladet,1880,451,19205333,23.48306066861741,451,0
grevinna,nyawexjobladet,1880,0,19205333,0.0,0,0
gumma,nyawexjobladet,1880,1187,19205333,61.805749475939834,1187,0
guvernant,nyawexjobladet,1880,100,19205333,5.206887066212286,100,0
hennes,nyawexjobladet,1880,0,19205333,0.0,0,0
hertiginna,nyawexjobladet,1880,165,19205333,8.591363659250272,165,0
hjältinna,nyawexjobladet,1880,1,19205333,0.05206887066212286,1,0
hjärtevän,nyawexjobladet,1880,0,19205333,0.0,0,0
hona,nyawexjobladet,1880,99,19205333,5.154818195550163,99,0
honkön,nyawexjobladet,1880,2,19205333,0.10413774132424572,2,0
hora,nyawexjobladet,1880,42,19205333,2.18689256780916,42,0
husfru,nyawexjobladet,1880,24,19205333,1.2496528958909485,24,0
hushållerska,nyawexjobladet,1880,282,19205333,14.683421526718647,282,0
husmoder,nyawexjobladet,1880,0,19205333,0.0,0,0
husmor,nyawexjobladet,1880,228,19205333,11.871702510964012,228,0
hustru,nyawexjobladet,1880,6925,19205333,360.5769293352008,6922,3
häxa,nyawexjobladet,1880,1,19205333,0.05206887066212286,1,0
jungfru,nyawexjobladet,1880,406,19205333,21.139961488821882,406,0
jänta,nyawexjobladet,1880,48,19205333,2.499305791781897,48,0
jäntunge,nyawexjobladet,1880,0,19205333,0.0,0,0
kassörska,nyawexjobladet,1880,13,19205333,0.6768953186075972,13,0
kejsarinna,nyawexjobladet,1880,409,19205333,21.29616810080825,409,0
kokerska,nyawexjobladet,1880,63,19205333,3.28033885171374,63,0
kokfru,nyawexjobladet,1880,0,19205333,0.0,0,0
konstnärinna,nyawexjobladet,1880,0,19205333,0.0,0,0
kontorist,nyawexjobladet,1880,189,19205333,9.84101655514122,189,0
kontorsfröken,nyawexjobladet,1880,0,19205333,0.0,0,0
kviga,nyawexjobladet,1880,24,19205333,1.2496528958909485,24,0
kvinna,nyawexjobladet,1880,455,19205333,23.6913361512659,454,1
kvinnfolk,nyawexjobladet,1880,1,19205333,0.05206887066212286,1,0
kvinnlig,nyawexjobladet,1880,0,19205333,0.0,0,0
kvinnlighet,nyawexjobladet,1880,0,19205333,0.0,0,0
kvinnokön,nyawexjobladet,1880,0,19205333,0.0,0,0
kvinnsperson,nyawexjobladet,1880,0,19205333,0.0,0,0
käring,nyawexjobladet,1880,96,19205333,4.998611583563794,96,0
kärring,nyawexjobladet,1880,19,19205333,0.9893085425803343,19,0
landshövdingska,nyawexjobladet,1880,0,19205333,0.0,0,0
lillflicka,nyawexjobladet,1880,0,19205333,0.0,0,0
liten,nyawexjobladet,1880,28684,19205333,1493.5434860723321,0,28684
liten flicka,nyawexjobladet,1880,258,19205333,13.433768630827698,257,1
livskamrat,nyawexjobladet,1880,0,19205333,0.0,0,0
lärarinna,nyawexjobladet,1880,679,19205333,35.35476317958142,678,1
madam,nyawexjobladet,1880,190,19205333,9.893085425803344,190,0
madame,nyawexjobladet,1880,144,19205333,7.497917375345692,144,0
maka,nyawexjobladet,1880,833,19205333,43.37336926154834,833,0
mamma,nyawexjobladet,1880,624,19205333,32.49097529316467,624,0
mamsell,nyawexjobladet,1880,576,19205333,29.991669501382766,575,1
matmor,nyawexjobladet,1880,93,19205333,4.842404971577426,93,0
moder,nyawexjobladet,1880,2189,19205333,113.97875787938693,2187,2
moderlig,nyawexjobladet,1880,56,19205333,2.9158567570788803,56,0
moderlighet,nyawexjobladet,1880,0,19205333,0.0,0,0
mor,nyawexjobladet,1880,3896,19205333,202.86032009963066,3893,3
mormor,nyawexjobladet,1880,154,19205333,8.01860608196692,154,0
mö,nyawexjobladet,1880,55,19205333,2.863787886416757,55,0
piga,nyawexjobladet,1880,1781,19205333,92.73465864924081,1779,2
poetissa,nyawexjobladet,1880,2,19205333,0.10413774132424572,2,0
prinsessa,nyawexjobladet,1880,1059,19205333,55.14093403118811,1059,0
prostinna,nyawexjobladet,1880,0,19205333,0.0,0,0
prästfru,nyawexjobladet,1880,0,19205333,0.0,0,0
quinfolk,nyawexjobladet,1880,0,19205333,0.0,0,0
quinna,nyawexjobladet,1880,0,19205333,0.0,0,0
quinnor,nyawexjobladet,1880,0,19205333,0.0,0,0
qvinfolk,nyawexjobladet,1880,0,19205333,0.0,0,0
qvinnokön,nyawexjobladet,1880,0,19205333,0.0,0,0
qvinnor,nyawexjobladet,1880,0,19205333,0.0,0,0
qvinsperson,nyawexjobladet,1880,0,19205333,0.0,0,0
ragata,nyawexjobladet,1880,1,19205333,0.05206887066212286,1,0
satkärring,nyawexjobladet,1880,0,19205333,0.0,0,0
sig,nyawexjobladet,1880,80456,19205333,4189.253057991757,80444,12
sjuksköterska,nyawexjobladet,1880,84,19205333,4.37378513561832,84,0
själv,nyawexjobladet,1880,2,19205333,0.10413774132424572,2,0
skata,nyawexjobladet,1880,93,19205333,4.842404971577426,93,0
skollärarinna,nyawexjobladet,1880,0,19205333,0.0,0,0
skrivbiträde,nyawexjobladet,1880,0,19205333,0.0,0,0
skådespelerska,nyawexjobladet,1880,205,19205333,10.674118485735185,205,0
sköka,nyawexjobladet,1880,16,19205333,0.8331019305939658,16,0
slampa,nyawexjobladet,1880,1,19205333,0.05206887066212286,1,0
slinka,nyawexjobladet,1880,23,19205333,1.1975840252288257,23,0
slyna,nyawexjobladet,1880,7,19205333,0.36448209463486003,7,0
småflicka,nyawexjobladet,1880,12,19205333,0.6248264479454743,12,0
sondotter,nyawexjobladet,1880,99,19205333,5.154818195550163,99,0
spinnerska,nyawexjobladet,1880,0,19205333,0.0,0,0
styvmor,nyawexjobladet,1880,0,19205333,0.0,0,0
subba,nyawexjobladet,1880,0,19205333,0.0,0,0
sugga,nyawexjobladet,1880,78,19205333,4.061371911645583,77,1
svärmor,nyawexjobladet,1880,157,19205333,8.174812693953289,157,0
syster,nyawexjobladet,1880,1949,19205333,101.48222892047745,1948,1
systerdotter,nyawexjobladet,1880,62,19205333,3.2282699810516173,62,0
sångerska,nyawexjobladet,1880,249,19205333,12.965148794868592,249,0
sömmerska,nyawexjobladet,1880,203,19205333,10.569980744410941,202,1
tant,nyawexjobladet,1880,565,19205333,29.418911924099415,565,0
telefonist,nyawexjobladet,1880,0,19205333,0.0,0,0
tjej,nyawexjobladet,1880,0,19205333,0.0,0,0
tjänarinna,nyawexjobladet,1880,0,19205333,0.0,0,0
trollpacka,nyawexjobladet,1880,7,19205333,0.36448209463486003,7,0
tvätterska,nyawexjobladet,1880,49,19205333,2.55137466244402,49,0
tös,nyawexjobladet,1880,75,19205333,3.9051652996592146,75,0
tösabit,nyawexjobladet,1880,0,19205333,0.0,0,0
ungflicka,nyawexjobladet,1880,0,19205333,0.0,0,0
värdinna,nyawexjobladet,1880,323,19205333,16.818245223865684,323,0
väverska,nyawexjobladet,1880,0,19205333,0.0,0,0
äkta,nyawexjobladet,1880,2915,19205333,151.78075798008814,0,2915
äkta maka,nyawexjobladet,1880,8,19205333,0.4165509652969829,8,0
änka,nyawexjobladet,1880,26,19205333,1.3537906372151944,26,0
amma,nyawexjobladet,1890,148,14706831,10.063350833364442,148,0
barnmorska,nyawexjobladet,1890,109,14706831,7.411521897545433,109,0
baronessa,nyawexjobladet,1890,81,14706831,5.507644712854863,81,0
borgmästarfru,nyawexjobladet,1890,0,14706831,0.0,0,0
dam,nyawexjobladet,1890,3234,14706831,219.89781483176083,3234,0
dotter,nyawexjobladet,1890,3594,14706831,244.37623577778245,3591,3
drottning,nyawexjobladet,1890,800,14706831,54.39649099115914,800,0
fabriksarbeterska,nyawexjobladet,1890,0,14706831,0.0,0,0
farmor,nyawexjobladet,1890,36,14706831,2.4478420946021613,36,0
feminin,nyawexjobladet,1890,7,14706831,0.4759692961726425,7,0
flicka,nyawexjobladet,1890,5025,14706831,341.6779590382184,5024,1
flickebarn,nyawexjobladet,1890,24,14706831,1.6318947297347743,24,0
fnaska,nyawexjobladet,1890,0,14706831,0.0,0,0
fostermoder,nyawexjobladet,1890,0,14706831,0.0,0,0
fostermor,nyawexjobladet,1890,47,14706831,3.1957938457305994,47,0
friherrinna,nyawexjobladet,1890,0,14706831,0.0,0,0
fru,nyawexjobladet,1890,6725,14706831,457.27050239443156,6723,2
fruntimmer,nyawexjobladet,1890,730,14706831,49.63679802943272,730,0
fröken,nyawexjobladet,1890,3974,14706831,270.21456899858305,3972,2
författarinna,nyawexjobladet,1890,90,14706831,6.119605236505404,90,0
gammal,nyawexjobladet,1890,12032,14706831,818.1232245070335,0,12032
gammal gumma,nyawexjobladet,1890,45,14706831,3.059802618252702,45,0
gammelmor,nyawexjobladet,1890,0,14706831,0.0,0,0
gemål,nyawexjobladet,1890,169,14706831,11.49125872188237,169,0
grevinna,nyawexjobladet,1890,1,14706831,0.06799561373894893,1,0
gumma,nyawexjobladet,1890,661,14706831,44.94510068144524,661,0
guvernant,nyawexjobladet,1890,147,14706831,9.995355219625493,147,0
hennes,nyawexjobladet,1890,0,14706831,0.0,0,0
hertiginna,nyawexjobladet,1890,80,14706831,5.439649099115914,80,0
hjältinna,nyawexjobladet,1890,34,14706831,2.3118508671242637,34,0
hjärtevän,nyawexjobladet,1890,6,14706831,0.4079736824336936,6,0
hona,nyawexjobladet,1890,40,14706831,2.719824549557957,40,0
honkön,nyawexjobladet,1890,1,14706831,0.06799561373894893,1,0
hora,nyawexjobladet,1890,11,14706831,0.7479517511284383,11,0
husfru,nyawexjobladet,1890,21,14706831,1.4279078885179275,21,0
hushållerska,nyawexjobladet,1890,129,14706831,8.771434172324412,129,0
husmoder,nyawexjobladet,1890,0,14706831,0.0,0,0
husmor,nyawexjobladet,1890,188,14706831,12.783175382922398,188,0
hustru,nyawexjobladet,1890,4548,14706831,309.2440512847397,4547,1
häxa,nyawexjobladet,1890,19,14706831,1.2919166610400297,19,0
jungfru,nyawexjobladet,1890,305,14706831,20.738662190379422,305,0
jänta,nyawexjobladet,1890,61,14706831,4.147732438075884,61,0
jäntunge,nyawexjobladet,1890,0,14706831,0.0,0,0
kassörska,nyawexjobladet,1890,15,14706831,1.019934206084234,15,0
kejsarinna,nyawexjobladet,1890,243,14706831,16.52293413856459,243,0
kokerska,nyawexjobladet,1890,113,14706831,7.683504352501229,113,0
kokfru,nyawexjobladet,1890,0,14706831,0.0,0,0
konstnärinna,nyawexjobladet,1890,0,14706831,0.0,0,0
kontorist,nyawexjobladet,1890,102,14706831,6.935552601372791,101,1
kontorsfröken,nyawexjobladet,1890,0,14706831,0.0,0,0
kviga,nyawexjobladet,1890,172,14706831,11.695245563099215,172,0
kvinna,nyawexjobladet,1890,4286,14706831,291.4292004851351,4285,1
kvinnfolk,nyawexjobladet,1890,10,14706831,0.6799561373894892,10,0
kvinnlig,nyawexjobladet,1890,88,14706831,5.983614009027506,88,0
kvinnlighet,nyawexjobladet,1890,1,14706831,0.06799561373894893,1,0
kvinnokön,nyawexjobladet,1890,6,14706831,0.4079736824336936,6,0
kvinnsperson,nyawexjobladet,1890,4,14706831,0.2719824549557957,4,0
käring,nyawexjobladet,1890,60,14706831,4.079736824336936,60,0
kärring,nyawexjobladet,1890,33,14706831,2.2438552533853144,33,0
landshövdingska,nyawexjobladet,1890,0,14706831,0.0,0,0
lillflicka,nyawexjobladet,1890,0,14706831,0.0,0,0
liten,nyawexjobladet,1890,21967,14706831,1493.659647003491,0,21967
liten flicka,nyawexjobladet,1890,199,14706831,13.531127134050836,199,0
livskamrat,nyawexjobladet,1890,0,14706831,0.0,0,0
lärarinna,nyawexjobladet,1890,487,14706831,33.113863890868124,487,0
madam,nyawexjobladet,1890,40,14706831,2.719824549557957,40,0
madame,nyawexjobladet,1890,197,14706831,13.39513590657294,197,0
maka,nyawexjobladet,1890,705,14706831,47.93690768595899,705,0
mamma,nyawexjobladet,1890,623,14706831,42.36126735936518,623,0
mamsell,nyawexjobladet,1890,146,14706831,9.927359605886544,146,0
matmor,nyawexjobladet,1890,46,14706831,3.1277982319916506,46,0
moder,nyawexjobladet,1890,1732,14706831,117.76840299585955,1732,0
moderlig,nyawexjobladet,1890,38,14706831,2.5838333220800593,38,0
moderlighet,nyawexjobladet,1890,0,14706831,0.0,0,0
mor,nyawexjobladet,1890,3018,14706831,205.21076226414786,3018,0
mormor,nyawexjobladet,1890,71,14706831,4.827688575465374,71,0
mö,nyawexjobladet,1890,55,14706831,3.739758755642191,55,0
piga,nyawexjobladet,1890,800,14706831,54.39649099115914,800,0
poetissa,nyawexjobladet,1890,1,14706831,0.06799561373894893,1,0
prinsessa,nyawexjobladet,1890,410,14706831,27.87820163296906,410,0
prostinna,nyawexjobladet,1890,0,14706831,0.0,0,0
prästfru,nyawexjobladet,1890,0,14706831,0.0,0,0
quinfolk,nyawexjobladet,1890,0,14706831,0.0,0,0
quinna,nyawexjobladet,1890,0,14706831,0.0,0,0
quinnor,nyawexjobladet,1890,0,14706831,0.0,0,0
qvinfolk,nyawexjobladet,1890,0,14706831,0.0,0,0
qvinnokön,nyawexjobladet,1890,0,14706831,0.0,0,0
qvinnor,nyawexjobladet,1890,0,14706831,0.0,0,0
qvinsperson,nyawexjobladet,1890,0,14706831,0.0,0,0
ragata,nyawexjobladet,1890,0,14706831,0.0,0,0
satkärring,nyawexjobladet,1890,0,14706831,0.0,0,0
sig,nyawexjobladet,1890,58485,14706831,3976.723469522428,58476,9
sjuksköterska,nyawexjobladet,1890,144,14706831,9.791368378408645,144,0
själv,nyawexjobladet,1890,3,14706831,0.2039868412168468,3,0
skata,nyawexjobladet,1890,52,14706831,3.5357719144253443,52,0
skollärarinna,nyawexjobladet,1890,0,14706831,0.0,0,0
skrivbiträde,nyawexjobladet,1890,0,14706831,0.0,0,0
skådespelerska,nyawexjobladet,1890,149,14706831,10.13134644710339,148,1
sköka,nyawexjobladet,1890,8,14706831,0.5439649099115914,8,0
slampa,nyawexjobladet,1890,1,14706831,0.06799561373894893,1,0
slinka,nyawexjobladet,1890,31,14706831,2.107864025907417,31,0
slyna,nyawexjobladet,1890,4,14706831,0.2719824549557957,4,0
småflicka,nyawexjobladet,1890,16,14706831,1.0879298198231828,16,0
sondotter,nyawexjobladet,1890,15,14706831,1.019934206084234,15,0
spinnerska,nyawexjobladet,1890,0,14706831,0.0,0,0
styvmor,nyawexjobladet,1890,1,14706831,0.06799561373894893,1,0
subba,nyawexjobladet,1890,0,14706831,0.0,0,0
sugga,nyawexjobladet,1890,59,14706831,4.011741210597987,59,0
svärmor,nyawexjobladet,1890,125,14706831,8.499451717368617,125,0
syster,nyawexjobladet,1890,1025,14706831,69.69550408242264,1024,1
systerdotter,nyawexjobladet,1890,46,14706831,3.1277982319916506,46,0
sångerska,nyawexjobladet,1890,245,14706831,16.65892536604249,245,0
sömmerska,nyawexjobladet,1890,113,14706831,7.683504352501229,113,0
tant,nyawexjobladet,1890,239,14706831,16.250951683608793,239,0
telefonist,nyawexjobladet,1890,19,14706831,1.2919166610400297,19,0
tjej,nyawexjobladet,1890,0,14706831,0.0,0,0
tjänarinna,nyawexjobladet,1890,44,14706831,2.991807004513753,44,0
trollpacka,nyawexjobladet,1890,7,14706831,0.4759692961726425,7,0
tvätterska,nyawexjobladet,1890,30,14706831,2.039868412168468,30,0
tös,nyawexjobladet,1890,94,14706831,6.391587691461199,94,0
tösabit,nyawexjobladet,1890,0,14706831,0.0,0,0
ungflicka,nyawexjobladet,1890,0,14706831,0.0,0,0
värdinna,nyawexjobladet,1890,227,14706831,15.435004318741406,227,0
väverska,nyawexjobladet,1890,0,14706831,0.0,0,0
äkta,nyawexjobladet,1890,1794,14706831,121.98413104767438,0,1794
äkta maka,nyawexjobladet,1890,3,14706831,0.2039868412168468,3,0
änka,nyawexjobladet,1890,567,14706831,38.55351298998404,566,1
amma,ostergotlandsveckoblad,1880,30,5665006,5.295669589758599,30,0
barnmorska,ostergotlandsveckoblad,1880,78,5665006,13.768740933372356,78,0
baronessa,ostergotlandsveckoblad,1880,31,5665006,5.4721919094172184,31,0
borgmästarfru,ostergotlandsveckoblad,1880,0,5665006,0.0,0,0
dam,ostergotlandsveckoblad,1880,333,5665006,58.78193244632045,333,0
dotter,ostergotlandsveckoblad,1880,980,5665006,172.99187326544757,980,0
drottning,ostergotlandsveckoblad,1880,454,5665006,80.14113312501345,454,0
fabriksarbeterska,ostergotlandsveckoblad,1880,0,5665006,0.0,0,0
farmor,ostergotlandsveckoblad,1880,6,5665006,1.0591339179517196,6,0
feminin,ostergotlandsveckoblad,1880,1,5665006,0.17652231965861995,1,0
flicka,ostergotlandsveckoblad,1880,1152,5665006,203.3537122467302,1152,0
flickebarn,ostergotlandsveckoblad,1880,24,5665006,4.2365356718068785,24,0
fnaska,ostergotlandsveckoblad,1880,0,5665006,0.0,0,0
fostermoder,ostergotlandsveckoblad,1880,0,5665006,0.0,0,0
fostermor,ostergotlandsveckoblad,1880,6,5665006,1.0591339179517196,6,0
friherrinna,ostergotlandsveckoblad,1880,0,5665006,0.0,0,0
fru,ostergotlandsveckoblad,1880,958,5665006,169.10838223295792,958,0
fruntimmer,ostergotlandsveckoblad,1880,255,5665006,45.01319151294809,255,0
fröken,ostergotlandsveckoblad,1880,779,5665006,137.51088701406493,779,0
författarinna,ostergotlandsveckoblad,1880,22,5665006,3.8834910324896392,22,0
gammal,ostergotlandsveckoblad,1880,4520,5665006,797.8808848569622,0,4520
gammal gumma,ostergotlandsveckoblad,1880,25,5665006,4.413057991465499,25,0
gammelmor,ostergotlandsveckoblad,1880,0,5665006,0.0,0,0
gemål,ostergotlandsveckoblad,1880,61,5665006,10.767861499175817,61,0
grevinna,ostergotlandsveckoblad,1880,0,5665006,0.0,0,0
gumma,ostergotlandsveckoblad,1880,295,5665006,52.074084299292885,295,0
guvernant,ostergotlandsveckoblad,1880,9,5665006,1.5887008769275797,9,0
hennes,ostergotlandsveckoblad,1880,0,5665006,0.0,0,0
hertiginna,ostergotlandsveckoblad,1880,21,5665006,3.706968712831019,21,0
hjältinna,ostergotlandsveckoblad,1880,0,5665006,0.0,0,0
hjärtevän,ostergotlandsveckoblad,1880,0,5665006,0.0,0,0
hona,ostergotlandsveckoblad,1880,16,5665006,2.824357114537919,16,0
honkön,ostergotlandsveckoblad,1880,0,5665006,0.0,0,0
hora,ostergotlandsveckoblad,1880,15,5665006,2.6478347948792993,15,0
husfru,ostergotlandsveckoblad,1880,10,5665006,1.7652231965861995,10,0
hushållerska,ostergotlandsveckoblad,1880,24,5665006,4.2365356718068785,24,0
husmoder,ostergotlandsveckoblad,1880,0,5665006,0.0,0,0
husmor,ostergotlandsveckoblad,1880,40,5665006,7.060892786344798,40,0
hustru,ostergotlandsveckoblad,1880,2039,5665006,359.92900978392606,2038,1
häxa,ostergotlandsveckoblad,1880,0,5665006,0.0,0,0
jungfru,ostergotlandsveckoblad,1880,147,5665006,25.948780989817134,147,0
jänta,ostergotlandsveckoblad,1880,3,5665006,0.5295669589758598,3,0
jäntunge,ostergotlandsveckoblad,1880,0,5665006,0.0,0,0
kassörska,ostergotlandsveckoblad,1880,12,5665006,2.1182678359034393,12,0
kejsarinna,ostergotlandsveckoblad,1880,147,5665006,25.948780989817134,147,0
kokerska,ostergotlandsveckoblad,1880,8,5665006,1.4121785572689596,8,0
kokfru,ostergotlandsveckoblad,1880,0,5665006,0.0,0,0
konstnärinna,ostergotlandsveckoblad,1880,0,5665006,0.0,0,0
kontorist,ostergotlandsveckoblad,1880,23,5665006,4.060013352148259,23,0
kontorsfröken,ostergotlandsveckoblad,1880,0,5665006,0.0,0,0
kviga,ostergotlandsveckoblad,1880,1,5665006,0.17652231965861995,1,0
kvinna,ostergotlandsveckoblad,1880,3,5665006,0.5295669589758598,3,0
kvinnfolk,ostergotlandsveckoblad,1880,0,5665006,0.0,0,0
kvinnlig,ostergotlandsveckoblad,1880,0,5665006,0.0,0,0
kvinnlighet,ostergotlandsveckoblad,1880,0,5665006,0.0,0,0
kvinnokön,ostergotlandsveckoblad,1880,0,5665006,0.0,0,0
kvinnsperson,ostergotlandsveckoblad,1880,0,5665006,0.0,0,0
käring,ostergotlandsveckoblad,1880,10,5665006,1.7652231965861995,10,0
kärring,ostergotlandsveckoblad,1880,0,5665006,0.0,0,0
landshövdingska,ostergotlandsveckoblad,1880,0,5665006,0.0,0,0
lillflicka,ostergotlandsveckoblad,1880,0,5665006,0.0,0,0
liten,ostergotlandsveckoblad,1880,8433,5665006,1488.6127216811421,0,8433
liten flicka,ostergotlandsveckoblad,1880,43,5665006,7.590459745320658,43,0
livskamrat,ostergotlandsveckoblad,1880,0,5665006,0.0,0,0
lärarinna,ostergotlandsveckoblad,1880,276,5665006,48.72016022577911,276,0
madam,ostergotlandsveckoblad,1880,73,5665006,12.886129335079257,73,0
madame,ostergotlandsveckoblad,1880,20,5665006,3.530446393172399,20,0
maka,ostergotlandsveckoblad,1880,783,5665006,138.21697629269943,783,0
mamma,ostergotlandsveckoblad,1880,98,5665006,17.299187326544757,98,0
mamsell,ostergotlandsveckoblad,1880,21,5665006,3.706968712831019,21,0
matmor,ostergotlandsveckoblad,1880,7,5665006,1.2356562376103397,7,0
moder,ostergotlandsveckoblad,1880,528,5665006,93.20378477975133,528,0
moderlig,ostergotlandsveckoblad,1880,9,5665006,1.5887008769275797,9,0
moderlighet,ostergotlandsveckoblad,1880,0,5665006,0.0,0,0
mor,ostergotlandsveckoblad,1880,764,5665006,134.86305221918565,764,0
mormor,ostergotlandsveckoblad,1880,17,5665006,3.0008794341965395,17,0
mö,ostergotlandsveckoblad,1880,12,5665006,2.1182678359034393,12,0
piga,ostergotlandsveckoblad,1880,457,5665006,80.67070008398932,457,0
poetissa,ostergotlandsveckoblad,1880,0,5665006,0.0,0,0
prinsessa,ostergotlandsveckoblad,1880,213,5665006,37.59925408728605,213,0
prostinna,ostergotlandsveckoblad,1880,0,5665006,0.0,0,0
prästfru,ostergotlandsveckoblad,1880,0,5665006,0.0,0,0
quinfolk,ostergotlandsveckoblad,1880,0,5665006,0.0,0,0
quinna,ostergotlandsveckoblad,1880,0,5665006,0.0,0,0
quinnor,ostergotlandsveckoblad,1880,0,5665006,0.0,0,0
qvinfolk,ostergotlandsveckoblad,1880,0,5665006,0.0,0,0
qvinnokön,ostergotlandsveckoblad,1880,0,5665006,0.0,0,0
qvinnor,ostergotlandsveckoblad,1880,0,5665006,0.0,0,0
qvinsperson,ostergotlandsveckoblad,1880,0,5665006,0.0,0,0
ragata,ostergotlandsveckoblad,1880,0,5665006,0.0,0,0
satkärring,ostergotlandsveckoblad,1880,0,5665006,0.0,0,0
sig,ostergotlandsveckoblad,1880,22086,5665006,3898.6719519802805,22083,3
sjuksköterska,ostergotlandsveckoblad,1880,8,5665006,1.4121785572689596,8,0
själv,ostergotlandsveckoblad,1880,0,5665006,0.0,0,0
skata,ostergotlandsveckoblad,1880,27,5665006,4.766102630782739,27,0
skollärarinna,ostergotlandsveckoblad,1880,0,5665006,0.0,0,0
skrivbiträde,ostergotlandsveckoblad,1880,0,5665006,0.0,0,0
skådespelerska,ostergotlandsveckoblad,1880,9,5665006,1.5887008769275797,9,0
sköka,ostergotlandsveckoblad,1880,1,5665006,0.17652231965861995,1,0
slampa,ostergotlandsveckoblad,1880,0,5665006,0.0,0,0
slinka,ostergotlandsveckoblad,1880,5,5665006,0.8826115982930998,5,0
slyna,ostergotlandsveckoblad,1880,1,5665006,0.17652231965861995,1,0
småflicka,ostergotlandsveckoblad,1880,0,5665006,0.0,0,0
sondotter,ostergotlandsveckoblad,1880,4,5665006,0.7060892786344798,4,0
spinnerska,ostergotlandsveckoblad,1880,0,5665006,0.0,0,0
styvmor,ostergotlandsveckoblad,1880,0,5665006,0.0,0,0
subba,ostergotlandsveckoblad,1880,0,5665006,0.0,0,0
sugga,ostergotlandsveckoblad,1880,34,5665006,6.001758868393079,34,0
svärmor,ostergotlandsveckoblad,1880,34,5665006,6.001758868393079,34,0
syster,ostergotlandsveckoblad,1880,313,5665006,55.25148605314805,313,0
systerdotter,ostergotlandsveckoblad,1880,7,5665006,1.2356562376103397,7,0
sångerska,ostergotlandsveckoblad,1880,16,5665006,2.824357114537919,16,0
sömmerska,ostergotlandsveckoblad,1880,32,5665006,5.648714229075838,32,0
tant,ostergotlandsveckoblad,1880,14,5665006,2.4713124752206794,14,0
telefonist,ostergotlandsveckoblad,1880,4,5665006,0.7060892786344798,4,0
tjej,ostergotlandsveckoblad,1880,0,5665006,0.0,0,0
tjänarinna,ostergotlandsveckoblad,1880,0,5665006,0.0,0,0
trollpacka,ostergotlandsveckoblad,1880,4,5665006,0.7060892786344798,4,0
tvätterska,ostergotlandsveckoblad,1880,8,5665006,1.4121785572689596,8,0
tös,ostergotlandsveckoblad,1880,15,5665006,2.6478347948792993,15,0
tösabit,ostergotlandsveckoblad,1880,0,5665006,0.0,0,0
ungflicka,ostergotlandsveckoblad,1880,0,5665006,0.0,0,0
värdinna,ostergotlandsveckoblad,1880,25,5665006,4.413057991465499,25,0
väverska,ostergotlandsveckoblad,1880,0,5665006,0.0,0,0
äkta,ostergotlandsveckoblad,1880,251,5665006,44.30710223431361,0,251
äkta maka,ostergotlandsveckoblad,1880,2,5665006,0.3530446393172399,2,0
änka,ostergotlandsveckoblad,1880,5,5665006,0.8826115982930998,5,0
amma,ostergotlandsveckoblad,1890,28,7022424,3.987227202458866,28,0
barnmorska,ostergotlandsveckoblad,1890,100,7022424,14.240097151638807,100,0
baronessa,ostergotlandsveckoblad,1890,54,7022424,7.689652461884956,54,0
borgmästarfru,ostergotlandsveckoblad,1890,0,7022424,0.0,0,0
dam,ostergotlandsveckoblad,1890,538,7022424,76.61172267581678,538,0
dotter,ostergotlandsveckoblad,1890,1323,7022424,188.3964853161814,1323,0
drottning,ostergotlandsveckoblad,1890,265,7022424,37.73625745184284,265,0
fabriksarbeterska,ostergotlandsveckoblad,1890,0,7022424,0.0,0,0
farmor,ostergotlandsveckoblad,1890,10,7022424,1.4240097151638806,10,0
feminin,ostergotlandsveckoblad,1890,1,7022424,0.1424009715163881,1,0
flicka,ostergotlandsveckoblad,1890,1605,7022424,228.55355928380285,1604,1
flickebarn,ostergotlandsveckoblad,1890,23,7022424,3.2752223448769255,23,0
fnaska,ostergotlandsveckoblad,1890,0,7022424,0.0,0,0
fostermoder,ostergotlandsveckoblad,1890,0,7022424,0.0,0,0
fostermor,ostergotlandsveckoblad,1890,16,7022424,2.2784155442622094,16,0
friherrinna,ostergotlandsveckoblad,1890,0,7022424,0.0,0,0
fru,ostergotlandsveckoblad,1890,1592,7022424,226.7023466540898,1592,0
fruntimmer,ostergotlandsveckoblad,1890,301,7022424,42.86269242643281,301,0
fröken,ostergotlandsveckoblad,1890,870,7022424,123.88884521925762,870,0
författarinna,ostergotlandsveckoblad,1890,12,7022424,1.7088116581966568,12,0
gammal,ostergotlandsveckoblad,1890,6530,7022424,929.8783440020142,0,6530
gammal gumma,ostergotlandsveckoblad,1890,15,7022424,2.1360145727458213,15,0
gammelmor,ostergotlandsveckoblad,1890,0,7022424,0.0,0,0
gemål,ostergotlandsveckoblad,1890,62,7022424,8.82886023401606,62,0
grevinna,ostergotlandsveckoblad,1890,0,7022424,0.0,0,0
gumma,ostergotlandsveckoblad,1890,367,7022424,52.26115654651442,367,0
guvernant,ostergotlandsveckoblad,1890,28,7022424,3.987227202458866,27,1
hennes,ostergotlandsveckoblad,1890,0,7022424,0.0,0,0
hertiginna,ostergotlandsveckoblad,1890,21,7022424,2.9904204018441494,21,0
hjältinna,ostergotlandsveckoblad,1890,0,7022424,0.0,0,0
hjärtevän,ostergotlandsveckoblad,1890,1,7022424,0.1424009715163881,1,0
hona,ostergotlandsveckoblad,1890,39,7022424,5.553637889139135,39,0
honkön,ostergotlandsveckoblad,1890,0,7022424,0.0,0,0
hora,ostergotlandsveckoblad,1890,11,7022424,1.5664106866802687,11,0
husfru,ostergotlandsveckoblad,1890,21,7022424,2.9904204018441494,21,0
hushållerska,ostergotlandsveckoblad,1890,62,7022424,8.82886023401606,62,0
husmoder,ostergotlandsveckoblad,1890,0,7022424,0.0,0,0
husmor,ostergotlandsveckoblad,1890,68,7022424,9.68326606311439,68,0
hustru,ostergotlandsveckoblad,1890,2293,7022424,326.52542768707787,2292,1
häxa,ostergotlandsveckoblad,1890,0,7022424,0.0,0,0
jungfru,ostergotlandsveckoblad,1890,165,7022424,23.496160300204032,165,0
jänta,ostergotlandsveckoblad,1890,11,7022424,1.5664106866802687,11,0
jäntunge,ostergotlandsveckoblad,1890,0,7022424,0.0,0,0
kassörska,ostergotlandsveckoblad,1890,9,7022424,1.2816087436474926,9,0
kejsarinna,ostergotlandsveckoblad,1890,66,7022424,9.398464120081613,66,0
kokerska,ostergotlandsveckoblad,1890,6,7022424,0.8544058290983284,6,0
kokfru,ostergotlandsveckoblad,1890,0,7022424,0.0,0,0
konstnärinna,ostergotlandsveckoblad,1890,0,7022424,0.0,0,0
kontorist,ostergotlandsveckoblad,1890,32,7022424,4.556831088524419,32,0
kontorsfröken,ostergotlandsveckoblad,1890,0,7022424,0.0,0,0
kviga,ostergotlandsveckoblad,1890,0,7022424,0.0,0,0
kvinna,ostergotlandsveckoblad,1890,3,7022424,0.4272029145491642,3,0
kvinnfolk,ostergotlandsveckoblad,1890,0,7022424,0.0,0,0
kvinnlig,ostergotlandsveckoblad,1890,0,7022424,0.0,0,0
kvinnlighet,ostergotlandsveckoblad,1890,0,7022424,0.0,0,0
kvinnokön,ostergotlandsveckoblad,1890,0,7022424,0.0,0,0
kvinnsperson,ostergotlandsveckoblad,1890,0,7022424,0.0,0,0
käring,ostergotlandsveckoblad,1890,29,7022424,4.129628173975254,29,0
kärring,ostergotlandsveckoblad,1890,0,7022424,0.0,0,0
landshövdingska,ostergotlandsveckoblad,1890,0,7022424,0.0,0,0
lillflicka,ostergotlandsveckoblad,1890,0,7022424,0.0,0,0
liten,ostergotlandsveckoblad,1890,10613,7022424,1511.3015107034266,0,10613
liten flicka,ostergotlandsveckoblad,1890,65,7022424,9.256063148565225,65,0
livskamrat,ostergotlandsveckoblad,1890,0,7022424,0.0,0,0
lärarinna,ostergotlandsveckoblad,1890,445,7022424,63.36843232479269,445,0
madam,ostergotlandsveckoblad,1890,32,7022424,4.556831088524419,32,0
madame,ostergotlandsveckoblad,1890,8,7022424,1.1392077721311047,8,0
maka,ostergotlandsveckoblad,1890,1044,7022424,148.66661426310915,1044,0
mamma,ostergotlandsveckoblad,1890,219,7022424,31.18581276208899,219,0
mamsell,ostergotlandsveckoblad,1890,76,7022424,10.822473835245493,76,0
matmor,ostergotlandsveckoblad,1890,7,7022424,0.9968068006147165,7,0
moder,ostergotlandsveckoblad,1890,697,7022424,99.25347714692249,697,0
moderlig,ostergotlandsveckoblad,1890,21,7022424,2.9904204018441494,21,0
moderlighet,ostergotlandsveckoblad,1890,0,7022424,0.0,0,0
mor,ostergotlandsveckoblad,1890,1186,7022424,168.88755221843624,1186,0
mormor,ostergotlandsveckoblad,1890,62,7022424,8.82886023401606,62,0
mö,ostergotlandsveckoblad,1890,17,7022424,2.4208165157785975,17,0
piga,ostergotlandsveckoblad,1890,371,7022424,52.83076043257998,371,0
poetissa,ostergotlandsveckoblad,1890,0,7022424,0.0,0,0
prinsessa,ostergotlandsveckoblad,1890,161,7022424,22.92655641413848,161,0
prostinna,ostergotlandsveckoblad,1890,0,7022424,0.0,0,0
prästfru,ostergotlandsveckoblad,1890,0,7022424,0.0,0,0
quinfolk,ostergotlandsveckoblad,1890,0,7022424,0.0,0,0
quinna,ostergotlandsveckoblad,1890,0,7022424,0.0,0,0
quinnor,ostergotlandsveckoblad,1890,0,7022424,0.0,0,0
qvinfolk,ostergotlandsveckoblad,1890,0,7022424,0.0,0,0
qvinnokön,ostergotlandsveckoblad,1890,0,7022424,0.0,0,0
qvinnor,ostergotlandsveckoblad,1890,0,7022424,0.0,0,0
qvinsperson,ostergotlandsveckoblad,1890,0,7022424,0.0,0,0
ragata,ostergotlandsveckoblad,1890,0,7022424,0.0,0,0
satkärring,ostergotlandsveckoblad,1890,0,7022424,0.0,0,0
sig,ostergotlandsveckoblad,1890,29122,7022424,4147.001092500253,29118,4
sjuksköterska,ostergotlandsveckoblad,1890,29,7022424,4.129628173975254,29,0
själv,ostergotlandsveckoblad,1890,0,7022424,0.0,0,0
skata,ostergotlandsveckoblad,1890,12,7022424,1.7088116581966568,12,0
skollärarinna,ostergotlandsveckoblad,1890,0,7022424,0.0,0,0
skrivbiträde,ostergotlandsveckoblad,1890,0,7022424,0.0,0,0
skådespelerska,ostergotlandsveckoblad,1890,10,7022424,1.4240097151638806,10,0
sköka,ostergotlandsveckoblad,1890,1,7022424,0.1424009715163881,1,0
slampa,ostergotlandsveckoblad,1890,0,7022424,0.0,0,0
slinka,ostergotlandsveckoblad,1890,5,7022424,0.7120048575819403,5,0
slyna,ostergotlandsveckoblad,1890,1,7022424,0.1424009715163881,1,0
småflicka,ostergotlandsveckoblad,1890,7,7022424,0.9968068006147165,7,0
sondotter,ostergotlandsveckoblad,1890,5,7022424,0.7120048575819403,5,0
spinnerska,ostergotlandsveckoblad,1890,0,7022424,0.0,0,0
styvmor,ostergotlandsveckoblad,1890,0,7022424,0.0,0,0
subba,ostergotlandsveckoblad,1890,0,7022424,0.0,0,0
sugga,ostergotlandsveckoblad,1890,53,7022424,7.547251490368568,53,0
svärmor,ostergotlandsveckoblad,1890,35,7022424,4.984034003073583,35,0
syster,ostergotlandsveckoblad,1890,499,7022424,71.05808478667765,499,0
systerdotter,ostergotlandsveckoblad,1890,32,7022424,4.556831088524419,32,0
sångerska,ostergotlandsveckoblad,1890,21,7022424,2.9904204018441494,21,0
sömmerska,ostergotlandsveckoblad,1890,31,7022424,4.41443011700803,31,0
tant,ostergotlandsveckoblad,1890,41,7022424,5.838439832171911,41,0
telefonist,ostergotlandsveckoblad,1890,10,7022424,1.4240097151638806,10,0
tjej,ostergotlandsveckoblad,1890,0,7022424,0.0,0,0
tjänarinna,ostergotlandsveckoblad,1890,0,7022424,0.0,0,0
trollpacka,ostergotlandsveckoblad,1890,5,7022424,0.7120048575819403,5,0
tvätterska,ostergotlandsveckoblad,1890,2,7022424,0.2848019430327762,2,0
tös,ostergotlandsveckoblad,1890,34,7022424,4.841633031557195,34,0
tösabit,ostergotlandsveckoblad,1890,0,7022424,0.0,0,0
ungflicka,ostergotlandsveckoblad,1890,0,7022424,0.0,0,0
värdinna,ostergotlandsveckoblad,1890,82,7022424,11.676879664343822,82,0
väverska,ostergotlandsveckoblad,1890,0,7022424,0.0,0,0
äkta,ostergotlandsveckoblad,1890,370,7022424,52.688359461063584,0,370
äkta maka,ostergotlandsveckoblad,1890,2,7022424,0.2848019430327762,2,0
änka,ostergotlandsveckoblad,1890,11,7022424,1.5664106866802687,11,0
amma,ostgotacorrespondenten,1880,450,51586143,8.723272837048507,450,0
barnmorska,ostgotacorrespondenten,1880,298,51586143,5.776745123201011,298,0
baronessa,ostgotacorrespondenten,1880,287,51586143,5.563509564962048,287,0
borgmästarfru,ostgotacorrespondenten,1880,0,51586143,0.0,0,0
dam,ostgotacorrespondenten,1880,6066,51586143,117.58971784341388,6064,2
dotter,ostgotacorrespondenten,1880,8004,51586143,155.15794619496944,8003,1
drottning,ostgotacorrespondenten,1880,3810,51586143,73.85704335367737,3810,0
fabriksarbeterska,ostgotacorrespondenten,1880,0,51586143,0.0,0,0
farmor,ostgotacorrespondenten,1880,135,51586143,2.616981851114552,135,0
feminin,ostgotacorrespondenten,1880,24,51586143,0.4652412179759204,24,0
flicka,ostgotacorrespondenten,1880,10857,51586143,210.463495981857,10855,2
flickebarn,ostgotacorrespondenten,1880,107,51586143,2.074200430142645,107,0
fnaska,ostgotacorrespondenten,1880,1,51586143,0.01938505074899668,1,0
fostermoder,ostgotacorrespondenten,1880,0,51586143,0.0,0,0
fostermor,ostgotacorrespondenten,1880,36,51586143,0.6978618269638805,36,0
friherrinna,ostgotacorrespondenten,1880,0,51586143,0.0,0,0
fru,ostgotacorrespondenten,1880,18004,51586143,349.0084536849363,18002,2
fruntimmer,ostgotacorrespondenten,1880,3412,51586143,66.14179315557668,3411,1
fröken,ostgotacorrespondenten,1880,9960,51586143,193.07510546000697,9959,1
författarinna,ostgotacorrespondenten,1880,284,51586143,5.505354412715058,284,0
gammal,ostgotacorrespondenten,1880,36806,51586143,713.4861778675719,0,36806
gammal gumma,ostgotacorrespondenten,1880,72,51586143,1.395723653927761,71,1
gammelmor,ostgotacorrespondenten,1880,0,51586143,0.0,0,0
gemål,ostgotacorrespondenten,1880,528,51586143,10.23530679547025,528,0
grevinna,ostgotacorrespondenten,1880,0,51586143,0.0,0,0
gumma,ostgotacorrespondenten,1880,1194,51586143,23.14575059430204,1194,0
guvernant,ostgotacorrespondenten,1880,301,51586143,5.8349002754480015,300,1
hennes,ostgotacorrespondenten,1880,0,51586143,0.0,0,0
hertiginna,ostgotacorrespondenten,1880,356,51586143,6.901078066642819,356,0
hjältinna,ostgotacorrespondenten,1880,3,51586143,0.05815515224699005,3,0
hjärtevän,ostgotacorrespondenten,1880,1,51586143,0.01938505074899668,1,0
hona,ostgotacorrespondenten,1880,126,51586143,2.442516394373582,126,0
honkön,ostgotacorrespondenten,1880,1,51586143,0.01938505074899668,1,0
hora,ostgotacorrespondenten,1880,172,51586143,3.3342287288274295,172,0
husfru,ostgotacorrespondenten,1880,71,51586143,1.3763386031787646,71,0
hushållerska,ostgotacorrespondenten,1880,567,51586143,10.991323774681119,567,0
husmoder,ostgotacorrespondenten,1880,0,51586143,0.0,0,0
husmor,ostgotacorrespondenten,1880,542,51586143,10.506697505956202,542,0
hustru,ostgotacorrespondenten,1880,11014,51586143,213.50694894944948,11013,1
häxa,ostgotacorrespondenten,1880,0,51586143,0.0,0,0
jungfru,ostgotacorrespondenten,1880,1511,51586143,29.290811681733988,1511,0
jänta,ostgotacorrespondenten,1880,45,51586143,0.8723272837048507,45,0
jäntunge,ostgotacorrespondenten,1880,0,51586143,0.0,0,0
kassörska,ostgotacorrespondenten,1880,51,51586143,0.9886375881988309,51,0
kejsarinna,ostgotacorrespondenten,1880,1051,51586143,20.373688337195514,1051,0
kokerska,ostgotacorrespondenten,1880,476,51586143,9.22728415652242,476,0
kokfru,ostgotacorrespondenten,1880,0,51586143,0.0,0,0
konstnärinna,ostgotacorrespondenten,1880,0,51586143,0.0,0,0
kontorist,ostgotacorrespondenten,1880,240,51586143,4.652412179759204,240,0
kontorsfröken,ostgotacorrespondenten,1880,0,51586143,0.0,0,0
kviga,ostgotacorrespondenten,1880,4,51586143,0.07754020299598673,4,0
kvinna,ostgotacorrespondenten,1880,45,51586143,0.8723272837048507,45,0
kvinnfolk,ostgotacorrespondenten,1880,0,51586143,0.0,0,0
kvinnlig,ostgotacorrespondenten,1880,0,51586143,0.0,0,0
kvinnlighet,ostgotacorrespondenten,1880,0,51586143,0.0,0,0
kvinnokön,ostgotacorrespondenten,1880,0,51586143,0.0,0,0
kvinnsperson,ostgotacorrespondenten,1880,0,51586143,0.0,0,0
käring,ostgotacorrespondenten,1880,94,51586143,1.8221947704056882,94,0
kärring,ostgotacorrespondenten,1880,2,51586143,0.03877010149799336,2,0
landshövdingska,ostgotacorrespondenten,1880,0,51586143,0.0,0,0
lillflicka,ostgotacorrespondenten,1880,0,51586143,0.0,0,0
liten,ostgotacorrespondenten,1880,75634,51586143,1466.168928349615,0,75634
liten flicka,ostgotacorrespondenten,1880,318,51586143,6.164446138180945,317,1
livskamrat,ostgotacorrespondenten,1880,0,51586143,0.0,0,0
lärarinna,ostgotacorrespondenten,1880,2439,51586143,47.28013877680291,2438,1
madam,ostgotacorrespondenten,1880,504,51586143,9.770065577494329,504,0
madame,ostgotacorrespondenten,1880,356,51586143,6.901078066642819,356,0
maka,ostgotacorrespondenten,1880,7622,51586143,147.75285680885273,7622,0
mamma,ostgotacorrespondenten,1880,1427,51586143,27.662467418818267,1427,0
mamsell,ostgotacorrespondenten,1880,948,51586143,18.377028110048855,948,0
matmor,ostgotacorrespondenten,1880,93,51586143,1.8028097196566915,93,0
moder,ostgotacorrespondenten,1880,3425,51586143,66.39379881531364,3425,0
moderlig,ostgotacorrespondenten,1880,301,51586143,5.8349002754480015,301,0
moderlighet,ostgotacorrespondenten,1880,1,51586143,0.01938505074899668,1,0
mor,ostgotacorrespondenten,1880,6083,51586143,117.91926370614682,6082,1
mormor,ostgotacorrespondenten,1880,359,51586143,6.95923321888981,359,0
mö,ostgotacorrespondenten,1880,97,51586143,1.8803499226526783,97,0
piga,ostgotacorrespondenten,1880,1466,51586143,28.418484398029136,1466,0
poetissa,ostgotacorrespondenten,1880,5,51586143,0.09692525374498341,5,0
prinsessa,ostgotacorrespondenten,1880,1653,51586143,32.04348888809152,1652,1
prostinna,ostgotacorrespondenten,1880,0,51586143,0.0,0,0
prästfru,ostgotacorrespondenten,1880,0,51586143,0.0,0,0
quinfolk,ostgotacorrespondenten,1880,0,51586143,0.0,0,0
quinna,ostgotacorrespondenten,1880,0,51586143,0.0,0,0
quinnor,ostgotacorrespondenten,1880,0,51586143,0.0,0,0
qvinfolk,ostgotacorrespondenten,1880,0,51586143,0.0,0,0
qvinnokön,ostgotacorrespondenten,1880,0,51586143,0.0,0,0
qvinnor,ostgotacorrespondenten,1880,0,51586143,0.0,0,0
qvinsperson,ostgotacorrespondenten,1880,0,51586143,0.0,0,0
ragata,ostgotacorrespondenten,1880,3,51586143,0.05815515224699005,3,0
satkärring,ostgotacorrespondenten,1880,0,51586143,0.0,0,0
sig,ostgotacorrespondenten,1880,169621,51586143,3288.1116930955664,169597,24
sjuksköterska,ostgotacorrespondenten,1880,147,51586143,2.8496024601025125,147,0
själv,ostgotacorrespondenten,1880,1,51586143,0.01938505074899668,1,0
skata,ostgotacorrespondenten,1880,85,51586143,1.647729313664718,85,0
skollärarinna,ostgotacorrespondenten,1880,0,51586143,0.0,0,0
skrivbiträde,ostgotacorrespondenten,1880,0,51586143,0.0,0,0
skådespelerska,ostgotacorrespondenten,1880,312,51586143,6.048135833686965,312,0
sköka,ostgotacorrespondenten,1880,19,51586143,0.368315964230937,19,0
slampa,ostgotacorrespondenten,1880,1,51586143,0.01938505074899668,1,0
slinka,ostgotacorrespondenten,1880,36,51586143,0.6978618269638805,36,0
slyna,ostgotacorrespondenten,1880,10,51586143,0.19385050748996682,10,0
småflicka,ostgotacorrespondenten,1880,12,51586143,0.2326206089879602,12,0
sondotter,ostgotacorrespondenten,1880,50,51586143,0.9692525374498342,50,0
spinnerska,ostgotacorrespondenten,1880,0,51586143,0.0,0,0
styvmor,ostgotacorrespondenten,1880,0,51586143,0.0,0,0
subba,ostgotacorrespondenten,1880,0,51586143,0.0,0,0
sugga,ostgotacorrespondenten,1880,543,51586143,10.526082556705198,543,0
svärmor,ostgotacorrespondenten,1880,247,51586143,4.7881075350021804,247,0
syster,ostgotacorrespondenten,1880,2566,51586143,49.742040221925485,2565,1
systerdotter,ostgotacorrespondenten,1880,70,51586143,1.3569535524297678,70,0
sångerska,ostgotacorrespondenten,1880,437,51586143,8.471267177311551,437,0
sömmerska,ostgotacorrespondenten,1880,280,51586143,5.427814209719071,280,0
tant,ostgotacorrespondenten,1880,538,51586143,10.429157302960215,538,0
telefonist,ostgotacorrespondenten,1880,25,51586143,0.4846262687249171,25,0
tjej,ostgotacorrespondenten,1880,0,51586143,0.0,0,0
tjänarinna,ostgotacorrespondenten,1880,0,51586143,0.0,0,0
trollpacka,ostgotacorrespondenten,1880,25,51586143,0.4846262687249171,25,0
tvätterska,ostgotacorrespondenten,1880,80,51586143,1.5508040599197346,80,0
tös,ostgotacorrespondenten,1880,78,51586143,1.5120339584217413,78,0
tösabit,ostgotacorrespondenten,1880,0,51586143,0.0,0,0
ungflicka,ostgotacorrespondenten,1880,0,51586143,0.0,0,0
värdinna,ostgotacorrespondenten,1880,410,51586143,7.94787080708864,410,0
väverska,ostgotacorrespondenten,1880,0,51586143,0.0,0,0
äkta,ostgotacorrespondenten,1880,4580,51586143,88.7835324304048,0,4580
äkta maka,ostgotacorrespondenten,1880,10,51586143,0.19385050748996682,10,0
änka,ostgotacorrespondenten,1880,102,51586143,1.9772751763976617,102,0
amma,ostgotacorrespondenten,1890,249,38477887,6.471249317822468,249,0
barnmorska,ostgotacorrespondenten,1890,311,38477887,8.082564409007178,311,0
baronessa,ostgotacorrespondenten,1890,368,38477887,9.563934734773767,368,0
borgmästarfru,ostgotacorrespondenten,1890,0,38477887,0.0,0,0
dam,ostgotacorrespondenten,1890,4908,38477887,127.5537817344284,4908,0
dotter,ostgotacorrespondenten,1890,6957,38477887,180.80514660277473,6955,2
drottning,ostgotacorrespondenten,1890,2425,38477887,63.02321122778909,2424,1
fabriksarbeterska,ostgotacorrespondenten,1890,0,38477887,0.0,0,0
farmor,ostgotacorrespondenten,1890,112,38477887,2.910762745365929,112,0
feminin,ostgotacorrespondenten,1890,8,38477887,0.20791162466899496,8,0
flicka,ostgotacorrespondenten,1890,7837,38477887,203.67542531636417,7834,3
flickebarn,ostgotacorrespondenten,1890,72,38477887,1.8712046220209546,72,0
fnaska,ostgotacorrespondenten,1890,0,38477887,0.0,0,0
fostermoder,ostgotacorrespondenten,1890,0,38477887,0.0,0,0
fostermor,ostgotacorrespondenten,1890,32,38477887,0.8316464986759798,32,0
friherrinna,ostgotacorrespondenten,1890,0,38477887,0.0,0,0
fru,ostgotacorrespondenten,1890,15693,38477887,407.8446407413172,15691,2
fruntimmer,ostgotacorrespondenten,1890,2270,38477887,58.994923499827316,2270,0
fröken,ostgotacorrespondenten,1890,7993,38477887,207.72970199740956,7992,1
författarinna,ostgotacorrespondenten,1890,188,38477887,4.885923179721381,188,0
gammal,ostgotacorrespondenten,1890,28835,38477887,749.3914621663087,0,28835
gammal gumma,ostgotacorrespondenten,1890,37,38477887,0.9615912640941017,37,0
gammelmor,ostgotacorrespondenten,1890,0,38477887,0.0,0,0
gemål,ostgotacorrespondenten,1890,363,38477887,9.433989969355645,363,0
grevinna,ostgotacorrespondenten,1890,5,38477887,0.12994476541812183,5,0
gumma,ostgotacorrespondenten,1890,881,38477887,22.89626766667307,881,0
guvernant,ostgotacorrespondenten,1890,93,38477887,2.416972636777066,93,0
hennes,ostgotacorrespondenten,1890,0,38477887,0.0,0,0
hertiginna,ostgotacorrespondenten,1890,480,38477887,12.474697480139698,480,0
hjältinna,ostgotacorrespondenten,1890,1,38477887,0.02598895308362437,1,0
hjärtevän,ostgotacorrespondenten,1890,1,38477887,0.02598895308362437,1,0
hona,ostgotacorrespondenten,1890,107,38477887,2.780817979947807,107,0
honkön,ostgotacorrespondenten,1890,3,38477887,0.0779668592508731,3,0
hora,ostgotacorrespondenten,1890,114,38477887,2.962740651533178,114,0
husfru,ostgotacorrespondenten,1890,54,38477887,1.4034034665157158,54,0
hushållerska,ostgotacorrespondenten,1890,893,38477887,23.20813510367656,893,0
husmoder,ostgotacorrespondenten,1890,0,38477887,0.0,0,0
husmor,ostgotacorrespondenten,1890,569,38477887,14.787714304582266,569,0
hustru,ostgotacorrespondenten,1890,8220,38477887,213.6291943473923,8220,0
häxa,ostgotacorrespondenten,1890,2,38477887,0.05197790616724874,2,0
jungfru,ostgotacorrespondenten,1890,1312,38477887,34.09750644571517,1312,0
jänta,ostgotacorrespondenten,1890,59,38477887,1.5333482319338378,59,0
jäntunge,ostgotacorrespondenten,1890,0,38477887,0.0,0,0
kassörska,ostgotacorrespondenten,1890,93,38477887,2.416972636777066,93,0
kejsarinna,ostgotacorrespondenten,1890,588,38477887,15.28150441317113,588,0
kokerska,ostgotacorrespondenten,1890,437,38477887,11.357172497543848,437,0
kokfru,ostgotacorrespondenten,1890,0,38477887,0.0,0,0
konstnärinna,ostgotacorrespondenten,1890,0,38477887,0.0,0,0
kontorist,ostgotacorrespondenten,1890,168,38477887,4.366144118048894,168,0
kontorsfröken,ostgotacorrespondenten,1890,0,38477887,0.0,0,0
kviga,ostgotacorrespondenten,1890,6,38477887,0.1559337185017462,6,0
kvinna,ostgotacorrespondenten,1890,108,38477887,2.8068069330314316,108,0
kvinnfolk,ostgotacorrespondenten,1890,0,38477887,0.0,0,0
kvinnlig,ostgotacorrespondenten,1890,33,38477887,0.8576354517596042,33,0
kvinnlighet,ostgotacorrespondenten,1890,3,38477887,0.0779668592508731,3,0
kvinnokön,ostgotacorrespondenten,1890,0,38477887,0.0,0,0
kvinnsperson,ostgotacorrespondenten,1890,0,38477887,0.0,0,0
käring,ostgotacorrespondenten,1890,80,38477887,2.0791162466899493,80,0
kärring,ostgotacorrespondenten,1890,2,38477887,0.05197790616724874,2,0
landshövdingska,ostgotacorrespondenten,1890,0,38477887,0.0,0,0
lillflicka,ostgotacorrespondenten,1890,0,38477887,0.0,0,0
liten,ostgotacorrespondenten,1890,52456,38477887,1363.2765229545998,0,52456
liten flicka,ostgotacorrespondenten,1890,194,38477887,5.041856898223127,194,0
livskamrat,ostgotacorrespondenten,1890,0,38477887,0.0,0,0
lärarinna,ostgotacorrespondenten,1890,1969,38477887,51.17224862165638,1968,1
madam,ostgotacorrespondenten,1890,148,38477887,3.8463650563764067,148,0
madame,ostgotacorrespondenten,1890,130,38477887,3.378563900871168,130,0
maka,ostgotacorrespondenten,1890,6229,38477887,161.8851887578962,6226,3
mamma,ostgotacorrespondenten,1890,822,38477887,21.36291943473923,822,0
mamsell,ostgotacorrespondenten,1890,311,38477887,8.082564409007178,311,0
matmor,ostgotacorrespondenten,1890,114,38477887,2.962740651533178,114,0
moder,ostgotacorrespondenten,1890,2685,38477887,69.78033902953143,2685,0
moderlig,ostgotacorrespondenten,1890,163,38477887,4.236199352630772,163,0
moderlighet,ostgotacorrespondenten,1890,0,38477887,0.0,0,0
mor,ostgotacorrespondenten,1890,4902,38477887,127.39784801592666,4900,2
mormor,ostgotacorrespondenten,1890,122,38477887,3.170652276202173,122,0
mö,ostgotacorrespondenten,1890,90,38477887,2.339005777526193,90,0
piga,ostgotacorrespondenten,1890,1074,38477887,27.912135611812573,1073,1
poetissa,ostgotacorrespondenten,1890,1,38477887,0.02598895308362437,1,0
prinsessa,ostgotacorrespondenten,1890,1078,38477887,28.01609142414707,1078,0
prostinna,ostgotacorrespondenten,1890,0,38477887,0.0,0,0
prästfru,ostgotacorrespondenten,1890,0,38477887,0.0,0,0
quinfolk,ostgotacorrespondenten,1890,0,38477887,0.0,0,0
quinna,ostgotacorrespondenten,1890,0,38477887,0.0,0,0
quinnor,ostgotacorrespondenten,1890,0,38477887,0.0,0,0
qvinfolk,ostgotacorrespondenten,1890,0,38477887,0.0,0,0
qvinnokön,ostgotacorrespondenten,1890,0,38477887,0.0,0,0
qvinnor,ostgotacorrespondenten,1890,0,38477887,0.0,0,0
qvinsperson,ostgotacorrespondenten,1890,0,38477887,0.0,0,0
ragata,ostgotacorrespondenten,1890,1,38477887,0.02598895308362437,1,0
satkärring,ostgotacorrespondenten,1890,0,38477887,0.0,0,0
sig,ostgotacorrespondenten,1890,126503,38477887,3287.6805319377336,126487,16
sjuksköterska,ostgotacorrespondenten,1890,156,38477887,4.054276681045401,156,0
själv,ostgotacorrespondenten,1890,1,38477887,0.02598895308362437,1,0
skata,ostgotacorrespondenten,1890,32,38477887,0.8316464986759798,32,0
skollärarinna,ostgotacorrespondenten,1890,0,38477887,0.0,0,0
skrivbiträde,ostgotacorrespondenten,1890,0,38477887,0.0,0,0
skådespelerska,ostgotacorrespondenten,1890,194,38477887,5.041856898223127,194,0
sköka,ostgotacorrespondenten,1890,14,38477887,0.36384534317074113,14,0
slampa,ostgotacorrespondenten,1890,1,38477887,0.02598895308362437,1,0
slinka,ostgotacorrespondenten,1890,31,38477887,0.8056575455923555,31,0
slyna,ostgotacorrespondenten,1890,18,38477887,0.46780115550523865,18,0
småflicka,ostgotacorrespondenten,1890,21,38477887,0.5457680147561117,21,0
sondotter,ostgotacorrespondenten,1890,24,38477887,0.6237348740069848,24,0
spinnerska,ostgotacorrespondenten,1890,0,38477887,0.0,0,0
styvmor,ostgotacorrespondenten,1890,0,38477887,0.0,0,0
subba,ostgotacorrespondenten,1890,0,38477887,0.0,0,0
sugga,ostgotacorrespondenten,1890,568,38477887,14.761725351498642,567,1
svärmor,ostgotacorrespondenten,1890,193,38477887,5.015867945139503,193,0
syster,ostgotacorrespondenten,1890,1881,38477887,48.885220750297435,1880,1
systerdotter,ostgotacorrespondenten,1890,65,38477887,1.689281950435584,65,0
sångerska,ostgotacorrespondenten,1890,369,38477887,9.589923687857391,368,1
sömmerska,ostgotacorrespondenten,1890,231,38477887,6.0034481623172296,231,0
tant,ostgotacorrespondenten,1890,349,38477887,9.070144626184904,349,0
telefonist,ostgotacorrespondenten,1890,51,38477887,1.3254366072648427,51,0
tjej,ostgotacorrespondenten,1890,0,38477887,0.0,0,0
tjänarinna,ostgotacorrespondenten,1890,1,38477887,0.02598895308362437,1,0
trollpacka,ostgotacorrespondenten,1890,4,38477887,0.10395581233449748,4,0
tvätterska,ostgotacorrespondenten,1890,93,38477887,2.416972636777066,93,0
tös,ostgotacorrespondenten,1890,81,38477887,2.1051051997735737,81,0
tösabit,ostgotacorrespondenten,1890,0,38477887,0.0,0,0
ungflicka,ostgotacorrespondenten,1890,0,38477887,0.0,0,0
värdinna,ostgotacorrespondenten,1890,450,38477887,11.695028887630965,450,0
väverska,ostgotacorrespondenten,1890,0,38477887,0.0,0,0
äkta,ostgotacorrespondenten,1890,3805,38477887,98.88796648319072,0,3805
äkta maka,ostgotacorrespondenten,1890,8,38477887,0.20791162466899496,8,0
änka,ostgotacorrespondenten,1890,35,38477887,0.9096133579268529,35,0
amma,ostgotaposten,1890,21,6030944,3.482041948988417,21,0
barnmorska,ostgotaposten,1890,79,6030944,13.099110189051665,79,0
baronessa,ostgotaposten,1890,23,6030944,3.813664991749219,23,0
borgmästarfru,ostgotaposten,1890,0,6030944,0.0,0,0
dam,ostgotaposten,1890,500,6030944,82.90576069020041,500,0
dotter,ostgotaposten,1890,852,6030944,141.2714162161015,852,0
drottning,ostgotaposten,1890,1413,6030944,234.29167971050634,1413,0
fabriksarbeterska,ostgotaposten,1890,0,6030944,0.0,0,0
farmor,ostgotaposten,1890,13,6030944,2.1555497779452106,13,0
feminin,ostgotaposten,1890,2,6030944,0.3316230427608016,2,0
flicka,ostgotaposten,1890,1231,6030944,204.1139828192734,1231,0
flickebarn,ostgotaposten,1890,12,6030944,1.9897382565648098,12,0
fnaska,ostgotaposten,1890,1,6030944,0.1658115213804008,1,0
fostermoder,ostgotaposten,1890,0,6030944,0.0,0,0
fostermor,ostgotaposten,1890,12,6030944,1.9897382565648098,12,0
friherrinna,ostgotaposten,1890,0,6030944,0.0,0,0
fru,ostgotaposten,1890,1481,6030944,245.56686316437361,1481,0
fruntimmer,ostgotaposten,1890,567,6030944,94.01513262268726,567,0
fröken,ostgotaposten,1890,1842,6030944,305.4248223826983,1842,0
författarinna,ostgotaposten,1890,9,6030944,1.4923036924236073,9,0
gammal,ostgotaposten,1890,4469,6030944,741.0116890490112,0,4469
gammal gumma,ostgotaposten,1890,20,6030944,3.316230427608016,20,0
gammelmor,ostgotaposten,1890,0,6030944,0.0,0,0
gemål,ostgotaposten,1890,89,6030944,14.757225402855672,89,0
grevinna,ostgotaposten,1890,0,6030944,0.0,0,0
gumma,ostgotaposten,1890,220,6030944,36.478534703688176,220,0
guvernant,ostgotaposten,1890,10,6030944,1.658115213804008,10,0
hennes,ostgotaposten,1890,0,6030944,0.0,0,0
hertiginna,ostgotaposten,1890,134,6030944,22.21874386497371,134,0
hjältinna,ostgotaposten,1890,0,6030944,0.0,0,0
hjärtevän,ostgotaposten,1890,0,6030944,0.0,0,0
hona,ostgotaposten,1890,17,6030944,2.8187958634668138,17,0
honkön,ostgotaposten,1890,0,6030944,0.0,0,0
hora,ostgotaposten,1890,2,6030944,0.3316230427608016,2,0
husfru,ostgotaposten,1890,5,6030944,0.829057606902004,5,0
hushållerska,ostgotaposten,1890,94,6030944,15.586283009757677,94,0
husmoder,ostgotaposten,1890,0,6030944,0.0,0,0
husmor,ostgotaposten,1890,39,6030944,6.4666493338356315,39,0
hustru,ostgotaposten,1890,1468,6030944,243.4113133864284,1467,1
häxa,ostgotaposten,1890,1,6030944,0.1658115213804008,1,0
jungfru,ostgotaposten,1890,90,6030944,14.923036924236072,90,0
jänta,ostgotaposten,1890,7,6030944,1.1606806496628057,7,0
jäntunge,ostgotaposten,1890,0,6030944,0.0,0,0
kassörska,ostgotaposten,1890,15,6030944,2.487172820706012,15,0
kejsarinna,ostgotaposten,1890,649,6030944,107.61167737588013,649,0
kokerska,ostgotaposten,1890,33,6030944,5.471780205553227,33,0
kokfru,ostgotaposten,1890,0,6030944,0.0,0,0
konstnärinna,ostgotaposten,1890,0,6030944,0.0,0,0
kontorist,ostgotaposten,1890,22,6030944,3.6478534703688177,22,0
kontorsfröken,ostgotaposten,1890,0,6030944,0.0,0,0
kviga,ostgotaposten,1890,0,6030944,0.0,0,0
kvinna,ostgotaposten,1890,12,6030944,1.9897382565648098,12,0
kvinnfolk,ostgotaposten,1890,0,6030944,0.0,0,0
kvinnlig,ostgotaposten,1890,4,6030944,0.6632460855216032,4,0
kvinnlighet,ostgotaposten,1890,0,6030944,0.0,0,0
kvinnokön,ostgotaposten,1890,0,6030944,0.0,0,0
kvinnsperson,ostgotaposten,1890,0,6030944,0.0,0,0
käring,ostgotaposten,1890,72,6030944,11.938429539388858,72,0
kärring,ostgotaposten,1890,1,6030944,0.1658115213804008,1,0
landshövdingska,ostgotaposten,1890,0,6030944,0.0,0,0
lillflicka,ostgotaposten,1890,0,6030944,0.0,0,0
liten,ostgotaposten,1890,9600,6030944,1591.7906052518479,0,9600
liten flicka,ostgotaposten,1890,40,6030944,6.632460855216032,40,0
livskamrat,ostgotaposten,1890,0,6030944,0.0,0,0
lärarinna,ostgotaposten,1890,292,6030944,48.41696424307704,292,0
madam,ostgotaposten,1890,2,6030944,0.3316230427608016,2,0
madame,ostgotaposten,1890,8,6030944,1.3264921710432065,8,0
maka,ostgotaposten,1890,355,6030944,58.86309009004229,355,0
mamma,ostgotaposten,1890,92,6030944,15.254659966996876,92,0
mamsell,ostgotaposten,1890,93,6030944,15.420471488377276,93,0
matmor,ostgotaposten,1890,5,6030944,0.829057606902004,5,0
moder,ostgotaposten,1890,436,6030944,72.29382332185476,436,0
moderlig,ostgotaposten,1890,17,6030944,2.8187958634668138,17,0
moderlighet,ostgotaposten,1890,0,6030944,0.0,0,0
mor,ostgotaposten,1890,986,6030944,163.4901600810752,986,0
mormor,ostgotaposten,1890,10,6030944,1.658115213804008,10,0
mö,ostgotaposten,1890,14,6030944,2.3213612993256114,14,0
piga,ostgotaposten,1890,197,6030944,32.66486971193896,197,0
poetissa,ostgotaposten,1890,0,6030944,0.0,0,0
prinsessa,ostgotaposten,1890,528,6030944,87.54848328885163,528,0
prostinna,ostgotaposten,1890,0,6030944,0.0,0,0
prästfru,ostgotaposten,1890,0,6030944,0.0,0,0
quinfolk,ostgotaposten,1890,0,6030944,0.0,0,0
quinna,ostgotaposten,1890,0,6030944,0.0,0,0
quinnor,ostgotaposten,1890,0,6030944,0.0,0,0
qvinfolk,ostgotaposten,1890,0,6030944,0.0,0,0
qvinnokön,ostgotaposten,1890,0,6030944,0.0,0,0
qvinnor,ostgotaposten,1890,0,6030944,0.0,0,0
qvinsperson,ostgotaposten,1890,0,6030944,0.0,0,0
ragata,ostgotaposten,1890,0,6030944,0.0,0,0
satkärring,ostgotaposten,1890,0,6030944,0.0,0,0
sig,ostgotaposten,1890,26819,6030944,4446.8991919009695,26813,6
sjuksköterska,ostgotaposten,1890,90,6030944,14.923036924236072,90,0
själv,ostgotaposten,1890,0,6030944,0.0,0,0
skata,ostgotaposten,1890,3,6030944,0.49743456414120246,3,0
skollärarinna,ostgotaposten,1890,0,6030944,0.0,0,0
skrivbiträde,ostgotaposten,1890,0,6030944,0.0,0,0
skådespelerska,ostgotaposten,1890,11,6030944,1.8239267351844088,11,0
sköka,ostgotaposten,1890,0,6030944,0.0,0,0
slampa,ostgotaposten,1890,0,6030944,0.0,0,0
slinka,ostgotaposten,1890,11,6030944,1.8239267351844088,11,0
slyna,ostgotaposten,1890,2,6030944,0.3316230427608016,2,0
småflicka,ostgotaposten,1890,2,6030944,0.3316230427608016,2,0
sondotter,ostgotaposten,1890,11,6030944,1.8239267351844088,11,0
spinnerska,ostgotaposten,1890,0,6030944,0.0,0,0
styvmor,ostgotaposten,1890,0,6030944,0.0,0,0
subba,ostgotaposten,1890,0,6030944,0.0,0,0
sugga,ostgotaposten,1890,68,6030944,11.275183453867255,68,0
svärmor,ostgotaposten,1890,17,6030944,2.8187958634668138,17,0
syster,ostgotaposten,1890,438,6030944,72.62544636461556,438,0
systerdotter,ostgotaposten,1890,8,6030944,1.3264921710432065,8,0
sångerska,ostgotaposten,1890,12,6030944,1.9897382565648098,12,0
sömmerska,ostgotaposten,1890,14,6030944,2.3213612993256114,14,0
tant,ostgotaposten,1890,81,6030944,13.430733231812466,81,0
telefonist,ostgotaposten,1890,12,6030944,1.9897382565648098,12,0
tjej,ostgotaposten,1890,0,6030944,0.0,0,0
tjänarinna,ostgotaposten,1890,0,6030944,0.0,0,0
trollpacka,ostgotaposten,1890,2,6030944,0.3316230427608016,2,0
tvätterska,ostgotaposten,1890,7,6030944,1.1606806496628057,7,0
tös,ostgotaposten,1890,46,6030944,7.627329983498438,46,0
tösabit,ostgotaposten,1890,0,6030944,0.0,0,0
ungflicka,ostgotaposten,1890,0,6030944,0.0,0,0
värdinna,ostgotaposten,1890,42,6030944,6.964083897976834,42,0
väverska,ostgotaposten,1890,0,6030944,0.0,0,0
äkta,ostgotaposten,1890,341,6030944,56.541728790716675,0,341
äkta maka,ostgotaposten,1890,1,6030944,0.1658115213804008,1,0
änka,ostgotaposten,1890,3,6030944,0.49743456414120246,3,0
amma,ostgotaposten,1900,156,12373702,12.607382980453222,156,0
barnmorska,ostgotaposten,1900,82,12373702,6.626957720494643,82,0
baronessa,ostgotaposten,1900,44,12373702,3.5559285329483448,44,0
borgmästarfru,ostgotaposten,1900,0,12373702,0.0,0,0
dam,ostgotaposten,1900,1284,12373702,103.76845991603807,1284,0
dotter,ostgotaposten,1900,1913,12373702,154.602074625686,1913,0
drottning,ostgotaposten,1900,1092,12373702,88.25168086317255,1091,1
fabriksarbeterska,ostgotaposten,1900,0,12373702,0.0,0,0
farmor,ostgotaposten,1900,176,12373702,14.223714131793379,176,0
feminin,ostgotaposten,1900,3,12373702,0.24244967270102352,3,0
flicka,ostgotaposten,1900,3026,12373702,244.5509031977657,3025,1
flickebarn,ostgotaposten,1900,11,12373702,0.8889821332370862,11,0
fnaska,ostgotaposten,1900,1,12373702,0.08081655756700784,1,0
fostermoder,ostgotaposten,1900,0,12373702,0.0,0,0
fostermor,ostgotaposten,1900,40,12373702,3.2326623026803136,40,0
friherrinna,ostgotaposten,1900,0,12373702,0.0,0,0
fru,ostgotaposten,1900,3092,12373702,249.88479599718823,3091,1
fruntimmer,ostgotaposten,1900,572,12373702,46.22707092832848,572,0
fröken,ostgotaposten,1900,1685,12373702,136.1758995004082,1685,0
författarinna,ostgotaposten,1900,64,12373702,5.172259684288502,64,0
gammal,ostgotaposten,1900,11553,12373702,933.6736895716415,0,11553
gammal gumma,ostgotaposten,1900,49,12373702,3.960011320783384,49,0
gammelmor,ostgotaposten,1900,0,12373702,0.0,0,0
gemål,ostgotaposten,1900,147,12373702,11.880033962350153,147,0
grevinna,ostgotaposten,1900,1,12373702,0.08081655756700784,1,0
gumma,ostgotaposten,1900,526,12373702,42.50950928024612,526,0
guvernant,ostgotaposten,1900,17,12373702,1.3738814786391331,17,0
hennes,ostgotaposten,1900,0,12373702,0.0,0,0
hertiginna,ostgotaposten,1900,146,12373702,11.799217404783144,146,0
hjältinna,ostgotaposten,1900,16,12373702,1.2930649210721255,16,0
hjärtevän,ostgotaposten,1900,5,12373702,0.4040827878350392,5,0
hona,ostgotaposten,1900,113,12373702,9.132271005071885,113,0
honkön,ostgotaposten,1900,2,12373702,0.16163311513401568,2,0
hora,ostgotaposten,1900,18,12373702,1.454698036206141,18,0
husfru,ostgotaposten,1900,27,12373702,2.1820470543092116,27,0
hushållerska,ostgotaposten,1900,108,12373702,8.728188217236847,108,0
husmoder,ostgotaposten,1900,0,12373702,0.0,0,0
husmor,ostgotaposten,1900,77,12373702,6.222874932659604,77,0
hustru,ostgotaposten,1900,2823,12373702,228.14514201166313,2822,1
häxa,ostgotaposten,1900,20,12373702,1.6163311513401568,20,0
jungfru,ostgotaposten,1900,259,12373702,20.931488409855028,258,1
jänta,ostgotaposten,1900,39,12373702,3.1518457451133055,39,0
jäntunge,ostgotaposten,1900,0,12373702,0.0,0,0
kassörska,ostgotaposten,1900,23,12373702,1.8587808240411803,23,0
kejsarinna,ostgotaposten,1900,159,12373702,12.849832653154246,159,0
kokerska,ostgotaposten,1900,49,12373702,3.960011320783384,49,0
kokfru,ostgotaposten,1900,0,12373702,0.0,0,0
konstnärinna,ostgotaposten,1900,0,12373702,0.0,0,0
kontorist,ostgotaposten,1900,61,12373702,4.929810011587478,61,0
kontorsfröken,ostgotaposten,1900,0,12373702,0.0,0,0
kviga,ostgotaposten,1900,233,12373702,18.830257913112828,233,0
kvinna,ostgotaposten,1900,2886,12373702,233.2365851383846,2885,1
kvinnfolk,ostgotaposten,1900,25,12373702,2.020413939175196,25,0
kvinnlig,ostgotaposten,1900,353,12373702,28.528244821153766,353,0
kvinnlighet,ostgotaposten,1900,3,12373702,0.24244967270102352,3,0
kvinnokön,ostgotaposten,1900,2,12373702,0.16163311513401568,2,0
kvinnsperson,ostgotaposten,1900,3,12373702,0.24244967270102352,3,0
käring,ostgotaposten,1900,134,12373702,10.82941871397905,134,0
kärring,ostgotaposten,1900,2,12373702,0.16163311513401568,2,0
landshövdingska,ostgotaposten,1900,0,12373702,0.0,0,0
lillflicka,ostgotaposten,1900,0,12373702,0.0,0,0
liten,ostgotaposten,1900,21552,12373702,1741.7584486841529,0,21552
liten flicka,ostgotaposten,1900,159,12373702,12.849832653154246,158,1
livskamrat,ostgotaposten,1900,0,12373702,0.0,0,0
lärarinna,ostgotaposten,1900,425,12373702,34.34703696597833,425,0
madam,ostgotaposten,1900,58,12373702,4.687360338886455,58,0
madame,ostgotaposten,1900,24,12373702,1.9395973816081882,24,0
maka,ostgotaposten,1900,627,12373702,50.671981594513916,627,0
mamma,ostgotaposten,1900,374,12373702,30.22539253006093,374,0
mamsell,ostgotaposten,1900,98,12373702,7.920022641566768,98,0
matmor,ostgotaposten,1900,34,12373702,2.7477629572782662,34,0
moder,ostgotaposten,1900,970,12373702,78.3920608399976,970,0
moderlig,ostgotaposten,1900,32,12373702,2.586129842144251,32,0
moderlighet,ostgotaposten,1900,0,12373702,0.0,0,0
mor,ostgotaposten,1900,2490,12373702,201.23322834184953,2490,0
mormor,ostgotaposten,1900,78,12373702,6.303691490226611,78,0
mö,ostgotaposten,1900,45,12373702,3.6367450905153524,45,0
piga,ostgotaposten,1900,141,12373702,11.395134616948106,141,0
poetissa,ostgotaposten,1900,1,12373702,0.08081655756700784,1,0
prinsessa,ostgotaposten,1900,502,12373702,40.56991189863793,502,0
prostinna,ostgotaposten,1900,0,12373702,0.0,0,0
prästfru,ostgotaposten,1900,0,12373702,0.0,0,0
quinfolk,ostgotaposten,1900,0,12373702,0.0,0,0
quinna,ostgotaposten,1900,0,12373702,0.0,0,0
quinnor,ostgotaposten,1900,0,12373702,0.0,0,0
qvinfolk,ostgotaposten,1900,0,12373702,0.0,0,0
qvinnokön,ostgotaposten,1900,0,12373702,0.0,0,0
qvinnor,ostgotaposten,1900,0,12373702,0.0,0,0
qvinsperson,ostgotaposten,1900,0,12373702,0.0,0,0
ragata,ostgotaposten,1900,1,12373702,0.08081655756700784,1,0
satkärring,ostgotaposten,1900,0,12373702,0.0,0,0
sig,ostgotaposten,1900,52447,12373702,4238.58599471686,52436,11
sjuksköterska,ostgotaposten,1900,160,12373702,12.930649210721255,160,0
själv,ostgotaposten,1900,0,12373702,0.0,0,0
skata,ostgotaposten,1900,21,12373702,1.6971477089071645,21,0
skollärarinna,ostgotaposten,1900,0,12373702,0.0,0,0
skrivbiträde,ostgotaposten,1900,0,12373702,0.0,0,0
skådespelerska,ostgotaposten,1900,36,12373702,2.909396072412282,36,0
sköka,ostgotaposten,1900,12,12373702,0.9697986908040941,12,0
slampa,ostgotaposten,1900,1,12373702,0.08081655756700784,1,0
slinka,ostgotaposten,1900,25,12373702,2.020413939175196,25,0
slyna,ostgotaposten,1900,6,12373702,0.48489934540204704,6,0
småflicka,ostgotaposten,1900,10,12373702,0.8081655756700784,10,0
sondotter,ostgotaposten,1900,18,12373702,1.454698036206141,18,0
spinnerska,ostgotaposten,1900,0,12373702,0.0,0,0
styvmor,ostgotaposten,1900,0,12373702,0.0,0,0
subba,ostgotaposten,1900,0,12373702,0.0,0,0
sugga,ostgotaposten,1900,60,12373702,4.84899345402047,60,0
svärmor,ostgotaposten,1900,56,12373702,4.525727223752439,56,0
syster,ostgotaposten,1900,792,12373702,64.0067135930702,792,0
systerdotter,ostgotaposten,1900,20,12373702,1.6163311513401568,20,0
sångerska,ostgotaposten,1900,47,12373702,3.7983782056493682,47,0
sömmerska,ostgotaposten,1900,49,12373702,3.960011320783384,49,0
tant,ostgotaposten,1900,303,12373702,24.487416942803375,303,0
telefonist,ostgotaposten,1900,22,12373702,1.7779642664741724,22,0
tjej,ostgotaposten,1900,0,12373702,0.0,0,0
tjänarinna,ostgotaposten,1900,64,12373702,5.172259684288502,64,0
trollpacka,ostgotaposten,1900,16,12373702,1.2930649210721255,16,0
tvätterska,ostgotaposten,1900,7,12373702,0.5657159029690548,7,0
tös,ostgotaposten,1900,147,12373702,11.880033962350153,147,0
tösabit,ostgotaposten,1900,0,12373702,0.0,0,0
ungflicka,ostgotaposten,1900,0,12373702,0.0,0,0
värdinna,ostgotaposten,1900,122,12373702,9.859620023174957,122,0
väverska,ostgotaposten,1900,0,12373702,0.0,0,0
äkta,ostgotaposten,1900,660,12373702,53.33892799422517,0,660
äkta maka,ostgotaposten,1900,2,12373702,0.16163311513401568,2,0
änka,ostgotaposten,1900,52,12373702,4.202460993484408,52,0
amma,post-ochinrikestidningar,1880,181,84999696,2.1294193805116666,181,0
barnmorska,post-ochinrikestidningar,1880,240,84999696,2.8235395100707184,240,0
baronessa,post-ochinrikestidningar,1880,184,84999696,2.164713624387551,184,0
borgmästarfru,post-ochinrikestidningar,1880,0,84999696,0.0,0,0
dam,post-ochinrikestidningar,1880,4071,84999696,47.89428893957456,4070,1
dotter,post-ochinrikestidningar,1880,8186,84999696,96.30622678932875,8186,0
drottning,post-ochinrikestidningar,1880,6506,84999696,76.54145021883373,6505,1
fabriksarbeterska,post-ochinrikestidningar,1880,0,84999696,0.0,0,0
farmor,post-ochinrikestidningar,1880,98,84999696,1.1529452999455434,97,1
feminin,post-ochinrikestidningar,1880,5,84999696,0.05882373979313996,5,0
flicka,post-ochinrikestidningar,1880,4252,84999696,50.02370832008623,4251,1
flickebarn,post-ochinrikestidningar,1880,23,84999696,0.27058920304844386,23,0
fnaska,post-ochinrikestidningar,1880,0,84999696,0.0,0,0
fostermoder,post-ochinrikestidningar,1880,0,84999696,0.0,0,0
fostermor,post-ochinrikestidningar,1880,20,84999696,0.23529495917255985,20,0
friherrinna,post-ochinrikestidningar,1880,0,84999696,0.0,0,0
fru,post-ochinrikestidningar,1880,12116,84999696,142.54168626673678,12115,1
fruntimmer,post-ochinrikestidningar,1880,1126,84999696,13.24710620141512,1126,0
fröken,post-ochinrikestidningar,1880,8023,84999696,94.38857287207239,8019,4
författarinna,post-ochinrikestidningar,1880,382,84999696,4.494133720195894,382,0
gammal,post-ochinrikestidningar,1880,27394,84999696,322.28350557865525,0,27394
gammal gumma,post-ochinrikestidningar,1880,18,84999696,0.21176546325530388,18,0
gammelmor,post-ochinrikestidningar,1880,0,84999696,0.0,0,0
gemål,post-ochinrikestidningar,1880,748,84999696,8.800031473053739,747,1
grevinna,post-ochinrikestidningar,1880,2,84999696,0.023529495917255987,2,0
gumma,post-ochinrikestidningar,1880,179,84999696,2.105889884594411,179,0
guvernant,post-ochinrikestidningar,1880,52,84999696,0.6117668938486557,52,0
hennes,post-ochinrikestidningar,1880,0,84999696,0.0,0,0
hertiginna,post-ochinrikestidningar,1880,606,84999696,7.129437262928564,606,0
hjältinna,post-ochinrikestidningar,1880,8,84999696,0.09411798366902395,8,0
hjärtevän,post-ochinrikestidningar,1880,0,84999696,0.0,0,0
hona,post-ochinrikestidningar,1880,94,84999696,1.1058863081110313,94,0
honkön,post-ochinrikestidningar,1880,0,84999696,0.0,0,0
hora,post-ochinrikestidningar,1880,30,84999696,0.3529424387588398,30,0
husfru,post-ochinrikestidningar,1880,44,84999696,0.5176489101796317,44,0
hushållerska,post-ochinrikestidningar,1880,344,84999696,4.04707329776803,344,0
husmoder,post-ochinrikestidningar,1880,0,84999696,0.0,0,0
husmor,post-ochinrikestidningar,1880,88,84999696,1.0352978203592633,88,0
hustru,post-ochinrikestidningar,1880,54599,84999696,642.3434737931298,54581,18
häxa,post-ochinrikestidningar,1880,1,84999696,0.011764747958627994,1,0
jungfru,post-ochinrikestidningar,1880,651,84999696,7.658850921066824,650,1
jänta,post-ochinrikestidningar,1880,13,84999696,0.15294172346216392,13,0
jäntunge,post-ochinrikestidningar,1880,0,84999696,0.0,0,0
kassörska,post-ochinrikestidningar,1880,6,84999696,0.07058848775176796,6,0
kejsarinna,post-ochinrikestidningar,1880,1494,84999696,17.576533450190222,1494,0
kokerska,post-ochinrikestidningar,1880,41,84999696,0.48235466630374774,41,0
kokfru,post-ochinrikestidningar,1880,0,84999696,0.0,0,0
konstnärinna,post-ochinrikestidningar,1880,0,84999696,0.0,0,0
kontorist,post-ochinrikestidningar,1880,174,84999696,2.047066144801271,174,0
kontorsfröken,post-ochinrikestidningar,1880,0,84999696,0.0,0,0
kviga,post-ochinrikestidningar,1880,0,84999696,0.0,0,0
kvinna,post-ochinrikestidningar,1880,0,84999696,0.0,0,0
kvinnfolk,post-ochinrikestidningar,1880,0,84999696,0.0,0,0
kvinnlig,post-ochinrikestidningar,1880,0,84999696,0.0,0,0
kvinnlighet,post-ochinrikestidningar,1880,0,84999696,0.0,0,0
kvinnokön,post-ochinrikestidningar,1880,0,84999696,0.0,0,0
kvinnsperson,post-ochinrikestidningar,1880,0,84999696,0.0,0,0
käring,post-ochinrikestidningar,1880,7,84999696,0.08235323571039595,7,0
kärring,post-ochinrikestidningar,1880,1,84999696,0.011764747958627994,1,0
landshövdingska,post-ochinrikestidningar,1880,0,84999696,0.0,0,0
lillflicka,post-ochinrikestidningar,1880,0,84999696,0.0,0,0
liten,post-ochinrikestidningar,1880,71811,84999696,844.8383156570349,0,71811
liten flicka,post-ochinrikestidningar,1880,191,84999696,2.247066860097947,191,0
livskamrat,post-ochinrikestidningar,1880,0,84999696,0.0,0,0
lärarinna,post-ochinrikestidningar,1880,1854,84999696,21.8118427152963,1852,2
madam,post-ochinrikestidningar,1880,47,84999696,0.5529431540555156,47,0
madame,post-ochinrikestidningar,1880,128,84999696,1.5058877387043832,128,0
maka,post-ochinrikestidningar,1880,2211,84999696,26.011857736526494,2211,0
mamma,post-ochinrikestidningar,1880,476,84999696,5.600020028306925,476,0
mamsell,post-ochinrikestidningar,1880,843,84999696,9.917682529123399,843,0
matmor,post-ochinrikestidningar,1880,26,84999696,0.30588344692432784,26,0
moder,post-ochinrikestidningar,1880,6477,84999696,76.20027252803351,6477,0
moderlig,post-ochinrikestidningar,1880,92,84999696,1.0823568121937754,92,0
moderlighet,post-ochinrikestidningar,1880,0,84999696,0.0,0,0
mor,post-ochinrikestidningar,1880,8109,84999696,95.4003411965144,8109,0
mormor,post-ochinrikestidningar,1880,111,84999696,1.3058870234077073,111,0
mö,post-ochinrikestidningar,1880,100,84999696,1.1764747958627992,100,0
piga,post-ochinrikestidningar,1880,1847,84999696,21.729489479585904,1846,1
poetissa,post-ochinrikestidningar,1880,0,84999696,0.0,0,0
prinsessa,post-ochinrikestidningar,1880,2686,84999696,31.60011301687479,2685,1
prostinna,post-ochinrikestidningar,1880,0,84999696,0.0,0,0
prästfru,post-ochinrikestidningar,1880,0,84999696,0.0,0,0
quinfolk,post-ochinrikestidningar,1880,0,84999696,0.0,0,0
quinna,post-ochinrikestidningar,1880,0,84999696,0.0,0,0
quinnor,post-ochinrikestidningar,1880,0,84999696,0.0,0,0
qvinfolk,post-ochinrikestidningar,1880,0,84999696,0.0,0,0
qvinnokön,post-ochinrikestidningar,1880,0,84999696,0.0,0,0
qvinnor,post-ochinrikestidningar,1880,0,84999696,0.0,0,0
qvinsperson,post-ochinrikestidningar,1880,0,84999696,0.0,0,0
ragata,post-ochinrikestidningar,1880,0,84999696,0.0,0,0
satkärring,post-ochinrikestidningar,1880,0,84999696,0.0,0,0
sig,post-ochinrikestidningar,1880,241069,84999696,2836.116025638492,241036,33
sjuksköterska,post-ochinrikestidningar,1880,269,84999696,3.16471720087093,269,0
själv,post-ochinrikestidningar,1880,0,84999696,0.0,0,0
skata,post-ochinrikestidningar,1880,25,84999696,0.2941186989656998,25,0
skollärarinna,post-ochinrikestidningar,1880,0,84999696,0.0,0,0
skrivbiträde,post-ochinrikestidningar,1880,0,84999696,0.0,0,0
skådespelerska,post-ochinrikestidningar,1880,426,84999696,5.011782630375525,426,0
sköka,post-ochinrikestidningar,1880,2,84999696,0.023529495917255987,2,0
slampa,post-ochinrikestidningar,1880,1,84999696,0.011764747958627994,1,0
slinka,post-ochinrikestidningar,1880,9,84999696,0.10588273162765194,9,0
slyna,post-ochinrikestidningar,1880,0,84999696,0.0,0,0
småflicka,post-ochinrikestidningar,1880,30,84999696,0.3529424387588398,30,0
sondotter,post-ochinrikestidningar,1880,68,84999696,0.8000028611867035,68,0
spinnerska,post-ochinrikestidningar,1880,0,84999696,0.0,0,0
styvmor,post-ochinrikestidningar,1880,0,84999696,0.0,0,0
subba,post-ochinrikestidningar,1880,1,84999696,0.011764747958627994,1,0
sugga,post-ochinrikestidningar,1880,15,84999696,0.1764712193794199,15,0
svärmor,post-ochinrikestidningar,1880,163,84999696,1.917653917256363,163,0
syster,post-ochinrikestidningar,1880,3914,84999696,46.04722351006996,3914,0
systerdotter,post-ochinrikestidningar,1880,239,84999696,2.8117747621120905,239,0
sångerska,post-ochinrikestidningar,1880,968,84999696,11.388276023951898,968,0
sömmerska,post-ochinrikestidningar,1880,288,84999696,3.388247412084862,287,1
tant,post-ochinrikestidningar,1880,287,84999696,3.376482664126234,287,0
telefonist,post-ochinrikestidningar,1880,7,84999696,0.08235323571039595,7,0
tjej,post-ochinrikestidningar,1880,0,84999696,0.0,0,0
tjänarinna,post-ochinrikestidningar,1880,0,84999696,0.0,0,0
trollpacka,post-ochinrikestidningar,1880,0,84999696,0.0,0,0
tvätterska,post-ochinrikestidningar,1880,43,84999696,0.5058841622210037,42,1
tös,post-ochinrikestidningar,1880,33,84999696,0.3882366826347238,33,0
tösabit,post-ochinrikestidningar,1880,0,84999696,0.0,0,0
ungflicka,post-ochinrikestidningar,1880,0,84999696,0.0,0,0
värdinna,post-ochinrikestidningar,1880,158,84999696,1.858830177463223,158,0
väverska,post-ochinrikestidningar,1880,0,84999696,0.0,0,0
äkta,post-ochinrikestidningar,1880,1965,84999696,23.117729738704007,0,1965
äkta maka,post-ochinrikestidningar,1880,1,84999696,0.011764747958627994,1,0
änka,post-ochinrikestidningar,1880,11,84999696,0.12941222754490792,11,0
amma,post-ochinrikestidningar,1890,61,26068986,2.339945251418678,61,0
barnmorska,post-ochinrikestidningar,1890,90,26068986,3.45237823979805,90,0
baronessa,post-ochinrikestidningar,1890,46,26068986,1.764548878119003,46,0
borgmästarfru,post-ochinrikestidningar,1890,0,26068986,0.0,0,0
dam,post-ochinrikestidningar,1890,1563,26068986,59.95630209782613,1563,0
dotter,post-ochinrikestidningar,1890,3807,26068986,146.0355995434575,3805,2
drottning,post-ochinrikestidningar,1890,2233,26068986,85.65734010521162,2233,0
fabriksarbeterska,post-ochinrikestidningar,1890,0,26068986,0.0,0,0
farmor,post-ochinrikestidningar,1890,79,26068986,3.030420899378288,79,0
feminin,post-ochinrikestidningar,1890,1,26068986,0.03835975821997833,1,0
flicka,post-ochinrikestidningar,1890,2035,26068986,78.0621079776559,2035,0
flickebarn,post-ochinrikestidningar,1890,6,26068986,0.23015854931986998,6,0
fnaska,post-ochinrikestidningar,1890,0,26068986,0.0,0,0
fostermoder,post-ochinrikestidningar,1890,0,26068986,0.0,0,0
fostermor,post-ochinrikestidningar,1890,6,26068986,0.23015854931986998,6,0
friherrinna,post-ochinrikestidningar,1890,0,26068986,0.0,0,0
fru,post-ochinrikestidningar,1890,4380,26068986,168.0157410035051,4379,1
fruntimmer,post-ochinrikestidningar,1890,436,26068986,16.724854583910552,436,0
fröken,post-ochinrikestidningar,1890,2568,26068986,98.50785910890436,2568,0
författarinna,post-ochinrikestidningar,1890,125,26068986,4.7949697774972915,125,0
gammal,post-ochinrikestidningar,1890,9795,26068986,375.73383176468775,0,9795
gammal gumma,post-ochinrikestidningar,1890,1,26068986,0.03835975821997833,1,0
gammelmor,post-ochinrikestidningar,1890,0,26068986,0.0,0,0
gemål,post-ochinrikestidningar,1890,289,26068986,11.085970125573738,289,0
grevinna,post-ochinrikestidningar,1890,0,26068986,0.0,0,0
gumma,post-ochinrikestidningar,1890,51,26068986,1.9563476692188948,51,0
guvernant,post-ochinrikestidningar,1890,35,26068986,1.3425915376992414,35,0
hennes,post-ochinrikestidningar,1890,0,26068986,0.0,0,0
hertiginna,post-ochinrikestidningar,1890,349,26068986,13.387555618772437,349,0
hjältinna,post-ochinrikestidningar,1890,34,26068986,1.3042317794792633,34,0
hjärtevän,post-ochinrikestidningar,1890,0,26068986,0.0,0,0
hona,post-ochinrikestidningar,1890,18,26068986,0.6904756479596099,18,0
honkön,post-ochinrikestidningar,1890,0,26068986,0.0,0,0
hora,post-ochinrikestidningar,1890,18,26068986,0.6904756479596099,18,0
husfru,post-ochinrikestidningar,1890,27,26068986,1.035713471939415,27,0
hushållerska,post-ochinrikestidningar,1890,117,26068986,4.488091711737464,117,0
husmoder,post-ochinrikestidningar,1890,0,26068986,0.0,0,0
husmor,post-ochinrikestidningar,1890,31,26068986,1.1891525048193283,31,0
hustru,post-ochinrikestidningar,1890,18338,26068986,703.4412462379626,18335,3
häxa,post-ochinrikestidningar,1890,0,26068986,0.0,0,0
jungfru,post-ochinrikestidningar,1890,201,26068986,7.710311402215645,201,0
jänta,post-ochinrikestidningar,1890,6,26068986,0.23015854931986998,6,0
jäntunge,post-ochinrikestidningar,1890,0,26068986,0.0,0,0
kassörska,post-ochinrikestidningar,1890,7,26068986,0.2685183075398483,7,0
kejsarinna,post-ochinrikestidningar,1890,714,26068986,27.388867369064528,714,0
kokerska,post-ochinrikestidningar,1890,11,26068986,0.42195734041976163,11,0
kokfru,post-ochinrikestidningar,1890,0,26068986,0.0,0,0
konstnärinna,post-ochinrikestidningar,1890,0,26068986,0.0,0,0
kontorist,post-ochinrikestidningar,1890,80,26068986,3.0687806575982663,80,0
kontorsfröken,post-ochinrikestidningar,1890,0,26068986,0.0,0,0
kviga,post-ochinrikestidningar,1890,0,26068986,0.0,0,0
kvinna,post-ochinrikestidningar,1890,10,26068986,0.3835975821997833,10,0
kvinnfolk,post-ochinrikestidningar,1890,0,26068986,0.0,0,0
kvinnlig,post-ochinrikestidningar,1890,12,26068986,0.46031709863973996,12,0
kvinnlighet,post-ochinrikestidningar,1890,1,26068986,0.03835975821997833,1,0
kvinnokön,post-ochinrikestidningar,1890,0,26068986,0.0,0,0
kvinnsperson,post-ochinrikestidningar,1890,0,26068986,0.0,0,0
käring,post-ochinrikestidningar,1890,5,26068986,0.19179879109989165,5,0
kärring,post-ochinrikestidningar,1890,0,26068986,0.0,0,0
landshövdingska,post-ochinrikestidningar,1890,0,26068986,0.0,0,0
lillflicka,post-ochinrikestidningar,1890,0,26068986,0.0,0,0
liten,post-ochinrikestidningar,1890,24597,26068986,943.534972936807,0,24597
liten flicka,post-ochinrikestidningar,1890,96,26068986,3.6825367891179197,96,0
livskamrat,post-ochinrikestidningar,1890,0,26068986,0.0,0,0
lärarinna,post-ochinrikestidningar,1890,555,26068986,21.28966581208797,554,1
madam,post-ochinrikestidningar,1890,7,26068986,0.2685183075398483,7,0
madame,post-ochinrikestidningar,1890,49,26068986,1.8796281527789382,49,0
maka,post-ochinrikestidningar,1890,942,26068986,36.13489224321959,942,0
mamma,post-ochinrikestidningar,1890,158,26068986,6.060841798756576,158,0
mamsell,post-ochinrikestidningar,1890,65,26068986,2.4933842842985916,65,0
matmor,post-ochinrikestidningar,1890,13,26068986,0.4986768568597183,13,0
moder,post-ochinrikestidningar,1890,3707,26068986,142.19962372145966,3707,0
moderlig,post-ochinrikestidningar,1890,32,26068986,1.2275122630393065,32,0
moderlighet,post-ochinrikestidningar,1890,3,26068986,0.11507927465993499,3,0
mor,post-ochinrikestidningar,1890,4159,26068986,159.53823443688987,4159,0
mormor,post-ochinrikestidningar,1890,70,26068986,2.685183075398483,70,0
mö,post-ochinrikestidningar,1890,26,26068986,0.9973537137194366,26,0
piga,post-ochinrikestidningar,1890,546,26068986,20.944427988108167,546,0
poetissa,post-ochinrikestidningar,1890,0,26068986,0.0,0,0
prinsessa,post-ochinrikestidningar,1890,928,26068986,35.59785562813989,928,0
prostinna,post-ochinrikestidningar,1890,0,26068986,0.0,0,0
prästfru,post-ochinrikestidningar,1890,0,26068986,0.0,0,0
quinfolk,post-ochinrikestidningar,1890,0,26068986,0.0,0,0
quinna,post-ochinrikestidningar,1890,0,26068986,0.0,0,0
quinnor,post-ochinrikestidningar,1890,0,26068986,0.0,0,0
qvinfolk,post-ochinrikestidningar,1890,0,26068986,0.0,0,0
qvinnokön,post-ochinrikestidningar,1890,0,26068986,0.0,0,0
qvinnor,post-ochinrikestidningar,1890,0,26068986,0.0,0,0
qvinsperson,post-ochinrikestidningar,1890,0,26068986,0.0,0,0
ragata,post-ochinrikestidningar,1890,1,26068986,0.03835975821997833,1,0
satkärring,post-ochinrikestidningar,1890,0,26068986,0.0,0,0
sig,post-ochinrikestidningar,1890,72107,26068986,2766.007085967977,72097,10
sjuksköterska,post-ochinrikestidningar,1890,81,26068986,3.1071404158182445,81,0
själv,post-ochinrikestidningar,1890,0,26068986,0.0,0,0
skata,post-ochinrikestidningar,1890,5,26068986,0.19179879109989165,5,0
skollärarinna,post-ochinrikestidningar,1890,0,26068986,0.0,0,0
skrivbiträde,post-ochinrikestidningar,1890,0,26068986,0.0,0,0
skådespelerska,post-ochinrikestidningar,1890,122,26068986,4.679890502837356,122,0
sköka,post-ochinrikestidningar,1890,0,26068986,0.0,0,0
slampa,post-ochinrikestidningar,1890,1,26068986,0.03835975821997833,1,0
slinka,post-ochinrikestidningar,1890,7,26068986,0.2685183075398483,7,0
slyna,post-ochinrikestidningar,1890,3,26068986,0.11507927465993499,3,0
småflicka,post-ochinrikestidningar,1890,26,26068986,0.9973537137194366,26,0
sondotter,post-ochinrikestidningar,1890,26,26068986,0.9973537137194366,26,0
spinnerska,post-ochinrikestidningar,1890,0,26068986,0.0,0,0
styvmor,post-ochinrikestidningar,1890,0,26068986,0.0,0,0
subba,post-ochinrikestidningar,1890,0,26068986,0.0,0,0
sugga,post-ochinrikestidningar,1890,5,26068986,0.19179879109989165,5,0
svärmor,post-ochinrikestidningar,1890,64,26068986,2.455024526078613,64,0
syster,post-ochinrikestidningar,1890,1960,26068986,75.18512611115753,1959,1
systerdotter,post-ochinrikestidningar,1890,78,26068986,2.9920611411583096,78,0
sångerska,post-ochinrikestidningar,1890,299,26068986,11.469567707773521,299,0
sömmerska,post-ochinrikestidningar,1890,54,26068986,2.07142694387883,54,0
tant,post-ochinrikestidningar,1890,91,26068986,3.490737998018028,91,0
telefonist,post-ochinrikestidningar,1890,0,26068986,0.0,0,0
tjej,post-ochinrikestidningar,1890,0,26068986,0.0,0,0
tjänarinna,post-ochinrikestidningar,1890,0,26068986,0.0,0,0
trollpacka,post-ochinrikestidningar,1890,1,26068986,0.03835975821997833,1,0
tvätterska,post-ochinrikestidningar,1890,11,26068986,0.42195734041976163,11,0
tös,post-ochinrikestidningar,1890,5,26068986,0.19179879109989165,5,0
tösabit,post-ochinrikestidningar,1890,0,26068986,0.0,0,0
ungflicka,post-ochinrikestidningar,1890,0,26068986,0.0,0,0
värdinna,post-ochinrikestidningar,1890,104,26068986,3.9894148548777464,104,0
väverska,post-ochinrikestidningar,1890,0,26068986,0.0,0,0
äkta,post-ochinrikestidningar,1890,517,26068986,19.831994999728796,0,517
äkta maka,post-ochinrikestidningar,1890,0,26068986,0.0,0,0
änka,post-ochinrikestidningar,1890,12,26068986,0.46031709863973996,12,0
amma,stockholmsdagblad,1880,3360,172566864,19.47071368232084,3360,0
barnmorska,stockholmsdagblad,1880,1369,172566864,7.933156854493224,1366,3
baronessa,stockholmsdagblad,1880,641,172566864,3.7145022233237084,641,0
borgmästarfru,stockholmsdagblad,1880,0,172566864,0.0,0,0
dam,stockholmsdagblad,1880,19526,172566864,113.15034385743951,19525,1
dotter,stockholmsdagblad,1880,16840,172566864,97.58536262210804,16837,3
drottning,stockholmsdagblad,1880,14502,172566864,84.03699101815978,14498,4
fabriksarbeterska,stockholmsdagblad,1880,0,172566864,0.0,0,0
farmor,stockholmsdagblad,1880,223,172566864,1.292252723558794,223,0
feminin,stockholmsdagblad,1880,30,172566864,0.17384565787786466,30,0
flicka,stockholmsdagblad,1880,125288,172566864,726.0258261400636,125264,24
flickebarn,stockholmsdagblad,1880,289,172566864,1.6747131708900962,289,0
fnaska,stockholmsdagblad,1880,4,172566864,0.023179421050381954,4,0
fostermoder,stockholmsdagblad,1880,0,172566864,0.0,0,0
fostermor,stockholmsdagblad,1880,376,172566864,2.1788655787359037,376,0
friherrinna,stockholmsdagblad,1880,0,172566864,0.0,0,0
fru,stockholmsdagblad,1880,100555,172566864,582.7016709302894,100544,11
fruntimmer,stockholmsdagblad,1880,96752,172566864,560.6638363666387,96720,32
fröken,stockholmsdagblad,1880,35415,172566864,205.22479912481924,35406,9
författarinna,stockholmsdagblad,1880,879,172566864,5.093677775821434,878,1
gammal,stockholmsdagblad,1880,144248,172566864,835.896281918874,0,144248
gammal gumma,stockholmsdagblad,1880,96,172566864,0.5563061052091669,96,0
gammelmor,stockholmsdagblad,1880,0,172566864,0.0,0,0
gemål,stockholmsdagblad,1880,1793,172566864,10.390175485833712,1792,1
grevinna,stockholmsdagblad,1880,2,172566864,0.011589710525190977,2,0
gumma,stockholmsdagblad,1880,1854,172566864,10.743661656852035,1854,0
guvernant,stockholmsdagblad,1880,678,172566864,3.9289118680397412,678,0
hennes,stockholmsdagblad,1880,0,172566864,0.0,0,0
hertiginna,stockholmsdagblad,1880,1659,172566864,9.613664880645915,1658,1
hjältinna,stockholmsdagblad,1880,1,172566864,0.0057948552625954886,1,0
hjärtevän,stockholmsdagblad,1880,1,172566864,0.0057948552625954886,1,0
hona,stockholmsdagblad,1880,805,172566864,4.6648584863893685,805,0
honkön,stockholmsdagblad,1880,2,172566864,0.011589710525190977,2,0
hora,stockholmsdagblad,1880,152,172566864,0.8808179999145143,152,0
husfru,stockholmsdagblad,1880,575,172566864,3.332041775992406,575,0
hushållerska,stockholmsdagblad,1880,5195,172566864,30.104273089183565,5193,2
husmoder,stockholmsdagblad,1880,0,172566864,0.0,0,0
husmor,stockholmsdagblad,1880,1701,172566864,9.857048801674926,1700,1
hustru,stockholmsdagblad,1880,16909,172566864,97.98520763522713,16904,5
häxa,stockholmsdagblad,1880,2,172566864,0.011589710525190977,2,0
jungfru,stockholmsdagblad,1880,40223,172566864,233.08646322737835,40205,18
jänta,stockholmsdagblad,1880,101,172566864,0.5852803815221443,101,0
jäntunge,stockholmsdagblad,1880,0,172566864,0.0,0,0
kassörska,stockholmsdagblad,1880,2671,172566864,15.47805840639255,2670,1
kejsarinna,stockholmsdagblad,1880,3197,172566864,18.526152274517777,3194,3
kokerska,stockholmsdagblad,1880,18563,172566864,107.56989823956006,18559,4
kokfru,stockholmsdagblad,1880,0,172566864,0.0,0,0
konstnärinna,stockholmsdagblad,1880,0,172566864,0.0,0,0
kontorist,stockholmsdagblad,1880,1361,172566864,7.88679801239246,1361,0
kontorsfröken,stockholmsdagblad,1880,0,172566864,0.0,0,0
kviga,stockholmsdagblad,1880,7,172566864,0.04056398683816842,7,0
kvinna,stockholmsdagblad,1880,89,172566864,0.5157421183709985,89,0
kvinnfolk,stockholmsdagblad,1880,1,172566864,0.0057948552625954886,1,0
kvinnlig,stockholmsdagblad,1880,0,172566864,0.0,0,0
kvinnlighet,stockholmsdagblad,1880,0,172566864,0.0,0,0
kvinnokön,stockholmsdagblad,1880,0,172566864,0.0,0,0
kvinnsperson,stockholmsdagblad,1880,0,172566864,0.0,0,0
käring,stockholmsdagblad,1880,135,172566864,0.782305460450391,135,0
kärring,stockholmsdagblad,1880,2,172566864,0.011589710525190977,2,0
landshövdingska,stockholmsdagblad,1880,0,172566864,0.0,0,0
lillflicka,stockholmsdagblad,1880,1,172566864,0.0057948552625954886,1,0
liten,stockholmsdagblad,1880,352190,172566864,2040.8900749335053,0,352190
liten flicka,stockholmsdagblad,1880,1098,172566864,6.362751078329847,1098,0
livskamrat,stockholmsdagblad,1880,0,172566864,0.0,0,0
lärarinna,stockholmsdagblad,1880,9026,172566864,52.30436360018688,9024,2
madam,stockholmsdagblad,1880,3027,172566864,17.541026879876544,3026,1
madame,stockholmsdagblad,1880,840,172566864,4.86767842058021,840,0
maka,stockholmsdagblad,1880,5567,172566864,32.25995924686909,5566,1
mamma,stockholmsdagblad,1880,1735,172566864,10.054073880603173,1735,0
mamsell,stockholmsdagblad,1880,3134,172566864,18.161076392974262,3134,0
matmor,stockholmsdagblad,1880,154,172566864,0.8924077104397052,154,0
moder,stockholmsdagblad,1880,7980,172566864,46.242944995512,7977,3
moderlig,stockholmsdagblad,1880,2185,172566864,12.661758748771144,2185,0
moderlighet,stockholmsdagblad,1880,0,172566864,0.0,0,0
mor,stockholmsdagblad,1880,12367,172566864,71.66497503251841,12363,4
mormor,stockholmsdagblad,1880,382,172566864,2.2136347103114766,382,0
mö,stockholmsdagblad,1880,470,172566864,2.7235819734198796,470,0
piga,stockholmsdagblad,1880,1563,172566864,9.057358775436748,1563,0
poetissa,stockholmsdagblad,1880,0,172566864,0.0,0,0
prinsessa,stockholmsdagblad,1880,5679,172566864,32.90898303627978,5676,3
prostinna,stockholmsdagblad,1880,0,172566864,0.0,0,0
prästfru,stockholmsdagblad,1880,0,172566864,0.0,0,0
quinfolk,stockholmsdagblad,1880,0,172566864,0.0,0,0
quinna,stockholmsdagblad,1880,0,172566864,0.0,0,0
quinnor,stockholmsdagblad,1880,0,172566864,0.0,0,0
qvinfolk,stockholmsdagblad,1880,0,172566864,0.0,0,0
qvinnokön,stockholmsdagblad,1880,0,172566864,0.0,0,0
qvinnor,stockholmsdagblad,1880,0,172566864,0.0,0,0
qvinsperson,stockholmsdagblad,1880,0,172566864,0.0,0,0
ragata,stockholmsdagblad,1880,5,172566864,0.028974276312977443,5,0
satkärring,stockholmsdagblad,1880,0,172566864,0.0,0,0
sig,stockholmsdagblad,1880,365527,172566864,2118.176059570741,365471,56
sjuksköterska,stockholmsdagblad,1880,937,172566864,5.429779381051973,937,0
själv,stockholmsdagblad,1880,2,172566864,0.011589710525190977,2,0
skata,stockholmsdagblad,1880,162,172566864,0.9387665525404691,162,0
skollärarinna,stockholmsdagblad,1880,0,172566864,0.0,0,0
skrivbiträde,stockholmsdagblad,1880,0,172566864,0.0,0,0
skådespelerska,stockholmsdagblad,1880,1030,172566864,5.968700920473354,1029,1
sköka,stockholmsdagblad,1880,24,172566864,0.13907652630229173,24,0
slampa,stockholmsdagblad,1880,9,172566864,0.0521536973633594,9,0
slinka,stockholmsdagblad,1880,73,172566864,0.42302443416947066,73,0
slyna,stockholmsdagblad,1880,39,172566864,0.22599935524122405,39,0
småflicka,stockholmsdagblad,1880,117,172566864,0.6779980657236722,117,0
sondotter,stockholmsdagblad,1880,79,172566864,0.4577935657450436,78,1
spinnerska,stockholmsdagblad,1880,0,172566864,0.0,0,0
styvmor,stockholmsdagblad,1880,0,172566864,0.0,0,0
subba,stockholmsdagblad,1880,5,172566864,0.028974276312977443,5,0
sugga,stockholmsdagblad,1880,171,172566864,0.9909202499038285,171,0
svärmor,stockholmsdagblad,1880,588,172566864,3.4073748944061473,587,1
syster,stockholmsdagblad,1880,6404,172566864,37.11025310166151,6402,2
systerdotter,stockholmsdagblad,1880,159,172566864,0.9213819867526827,159,0
sångerska,stockholmsdagblad,1880,2512,172566864,14.556676419639867,2509,3
sömmerska,stockholmsdagblad,1880,4460,172566864,25.84505447117588,4459,1
tant,stockholmsdagblad,1880,2018,172566864,11.694017919917696,2017,1
telefonist,stockholmsdagblad,1880,50,172566864,0.2897427631297744,50,0
tjej,stockholmsdagblad,1880,0,172566864,0.0,0,0
tjänarinna,stockholmsdagblad,1880,3,172566864,0.017384565787786466,3,0
trollpacka,stockholmsdagblad,1880,15,172566864,0.08692282893893233,15,0
tvätterska,stockholmsdagblad,1880,1899,172566864,11.004430143668833,1898,1
tös,stockholmsdagblad,1880,192,172566864,1.1126122104183338,192,0
tösabit,stockholmsdagblad,1880,0,172566864,0.0,0,0
ungflicka,stockholmsdagblad,1880,0,172566864,0.0,0,0
värdinna,stockholmsdagblad,1880,5762,172566864,33.38995602307521,5761,1
väverska,stockholmsdagblad,1880,0,172566864,0.0,0,0
äkta,stockholmsdagblad,1880,18236,172566864,105.67498056869134,0,18236
äkta maka,stockholmsdagblad,1880,19,172566864,0.11010224998931428,19,0
änka,stockholmsdagblad,1880,215,172566864,1.24589388145803,215,0
amma,stockholmsdagblad,1890,1062,104229980,10.189007040009026,1062,0
barnmorska,stockholmsdagblad,1890,529,104229980,5.075315182829355,529,0
baronessa,stockholmsdagblad,1890,968,104229980,9.28715519277659,966,2
borgmästarfru,stockholmsdagblad,1890,0,104229980,0.0,0,0
dam,stockholmsdagblad,1890,15117,104229980,145.03504653843356,15117,0
dotter,stockholmsdagblad,1890,14684,104229980,140.8807715400118,14682,2
drottning,stockholmsdagblad,1890,9540,104229980,91.52836832550481,9534,6
fabriksarbeterska,stockholmsdagblad,1890,0,104229980,0.0,0,0
farmor,stockholmsdagblad,1890,310,104229980,2.9741922621495274,310,0
feminin,stockholmsdagblad,1890,35,104229980,0.3357959005652692,35,0
flicka,stockholmsdagblad,1890,60034,104229980,575.9763169867249,60022,12
flickebarn,stockholmsdagblad,1890,76,104229980,0.7291568126560132,76,0
fnaska,stockholmsdagblad,1890,1,104229980,0.009594168587579121,1,0
fostermoder,stockholmsdagblad,1890,0,104229980,0.0,0,0
fostermor,stockholmsdagblad,1890,153,104229980,1.4679077938996055,153,0
friherrinna,stockholmsdagblad,1890,0,104229980,0.0,0,0
fru,stockholmsdagblad,1890,72285,104229980,693.5144763531567,72271,14
fruntimmer,stockholmsdagblad,1890,31736,104229980,304.48053429541096,31721,15
fröken,stockholmsdagblad,1890,28780,104229980,276.1201719505271,28769,11
författarinna,stockholmsdagblad,1890,789,104229980,7.569799015599926,787,2
gammal,stockholmsdagblad,1890,74854,104229980,718.1618954546475,0,74854
gammal gumma,stockholmsdagblad,1890,70,104229980,0.6715918011305384,70,0
gammelmor,stockholmsdagblad,1890,0,104229980,0.0,0,0
gemål,stockholmsdagblad,1890,1262,104229980,12.10784075752485,1262,0
grevinna,stockholmsdagblad,1890,6,104229980,0.057565011525474725,6,0
gumma,stockholmsdagblad,1890,1164,104229980,11.167612235942096,1164,0
guvernant,stockholmsdagblad,1890,332,104229980,3.1852639710762682,332,0
hennes,stockholmsdagblad,1890,0,104229980,0.0,0,0
hertiginna,stockholmsdagblad,1890,1267,104229980,12.155811600462746,1267,0
hjältinna,stockholmsdagblad,1890,7,104229980,0.06715918011305384,6,1
hjärtevän,stockholmsdagblad,1890,1,104229980,0.009594168587579121,1,0
hona,stockholmsdagblad,1890,262,104229980,2.5136721699457296,262,0
honkön,stockholmsdagblad,1890,3,104229980,0.028782505762737363,3,0
hora,stockholmsdagblad,1890,85,104229980,0.8155043299442253,85,0
husfru,stockholmsdagblad,1890,192,104229980,1.8420803688151912,192,0
hushållerska,stockholmsdagblad,1890,2486,104229980,23.851103108721695,2484,2
husmoder,stockholmsdagblad,1890,0,104229980,0.0,0,0
husmor,stockholmsdagblad,1890,929,104229980,8.912982617861003,929,0
hustru,stockholmsdagblad,1890,10518,104229980,100.9114652041572,10515,3
häxa,stockholmsdagblad,1890,4,104229980,0.038376674350316484,4,0
jungfru,stockholmsdagblad,1890,23988,104229980,230.14491607884796,23984,4
jänta,stockholmsdagblad,1890,75,104229980,0.7195626440684341,75,0
jäntunge,stockholmsdagblad,1890,0,104229980,0.0,0,0
kassörska,stockholmsdagblad,1890,1519,104229980,14.573542084532685,1519,0
kejsarinna,stockholmsdagblad,1890,2693,104229980,25.83709600635057,2692,1
kokerska,stockholmsdagblad,1890,12170,104229980,116.7610317108379,12164,6
kokfru,stockholmsdagblad,1890,0,104229980,0.0,0,0
konstnärinna,stockholmsdagblad,1890,0,104229980,0.0,0,0
kontorist,stockholmsdagblad,1890,719,104229980,6.898207214469388,719,0
kontorsfröken,stockholmsdagblad,1890,0,104229980,0.0,0,0
kviga,stockholmsdagblad,1890,0,104229980,0.0,0,0
kvinna,stockholmsdagblad,1890,484,104229980,4.643577596388295,484,0
kvinnfolk,stockholmsdagblad,1890,0,104229980,0.0,0,0
kvinnlig,stockholmsdagblad,1890,68,104229980,0.6524034639553802,68,0
kvinnlighet,stockholmsdagblad,1890,8,104229980,0.07675334870063297,8,0
kvinnokön,stockholmsdagblad,1890,0,104229980,0.0,0,0
kvinnsperson,stockholmsdagblad,1890,0,104229980,0.0,0,0
käring,stockholmsdagblad,1890,76,104229980,0.7291568126560132,76,0
kärring,stockholmsdagblad,1890,23,104229980,0.22066587751431976,23,0
landshövdingska,stockholmsdagblad,1890,0,104229980,0.0,0,0
lillflicka,stockholmsdagblad,1890,0,104229980,0.0,0,0
liten,stockholmsdagblad,1890,186923,104229980,1793.370774896052,0,186923
liten flicka,stockholmsdagblad,1890,588,104229980,5.641371129496523,588,0
livskamrat,stockholmsdagblad,1890,0,104229980,0.0,0,0
lärarinna,stockholmsdagblad,1890,4714,104229980,45.22691072184797,4713,1
madam,stockholmsdagblad,1890,422,104229980,4.048739143958389,422,0
madame,stockholmsdagblad,1890,298,104229980,2.859062239098578,298,0
maka,stockholmsdagblad,1890,6385,104229980,61.258766431692685,6383,2
mamma,stockholmsdagblad,1890,1537,104229980,14.746237119109109,1537,0
mamsell,stockholmsdagblad,1890,439,104229980,4.211840009947234,439,0
matmor,stockholmsdagblad,1890,78,104229980,0.7483451498311714,78,0
moder,stockholmsdagblad,1890,5712,104229980,54.80189097225194,5712,0
moderlig,stockholmsdagblad,1890,659,104229980,6.322557099214641,659,0
moderlighet,stockholmsdagblad,1890,2,104229980,0.019188337175158242,2,0
mor,stockholmsdagblad,1890,8961,104229980,85.9733447132965,8961,0
mormor,stockholmsdagblad,1890,392,104229980,3.7609140863310153,392,0
mö,stockholmsdagblad,1890,249,104229980,2.388947978307201,249,0
piga,stockholmsdagblad,1890,518,104229980,4.969779328365984,518,0
poetissa,stockholmsdagblad,1890,1,104229980,0.009594168587579121,1,0
prinsessa,stockholmsdagblad,1890,4156,104229980,39.873364649978825,4154,2
prostinna,stockholmsdagblad,1890,0,104229980,0.0,0,0
prästfru,stockholmsdagblad,1890,0,104229980,0.0,0,0
quinfolk,stockholmsdagblad,1890,0,104229980,0.0,0,0
quinna,stockholmsdagblad,1890,0,104229980,0.0,0,0
quinnor,stockholmsdagblad,1890,0,104229980,0.0,0,0
qvinfolk,stockholmsdagblad,1890,0,104229980,0.0,0,0
qvinnokön,stockholmsdagblad,1890,0,104229980,0.0,0,0
qvinnor,stockholmsdagblad,1890,0,104229980,0.0,0,0
qvinsperson,stockholmsdagblad,1890,0,104229980,0.0,0,0
ragata,stockholmsdagblad,1890,6,104229980,0.057565011525474725,6,0
satkärring,stockholmsdagblad,1890,0,104229980,0.0,0,0
sig,stockholmsdagblad,1890,256474,104229980,2460.6547943307673,256442,32
sjuksköterska,stockholmsdagblad,1890,1487,104229980,14.266528689730153,1486,1
själv,stockholmsdagblad,1890,0,104229980,0.0,0,0
skata,stockholmsdagblad,1890,108,104229980,1.036170207458545,108,0
skollärarinna,stockholmsdagblad,1890,0,104229980,0.0,0,0
skrivbiträde,stockholmsdagblad,1890,0,104229980,0.0,0,0
skådespelerska,stockholmsdagblad,1890,820,104229980,7.867218241814879,820,0
sköka,stockholmsdagblad,1890,13,104229980,0.12472419163852858,13,0
slampa,stockholmsdagblad,1890,6,104229980,0.057565011525474725,6,0
slinka,stockholmsdagblad,1890,44,104229980,0.4221434178534813,44,0
slyna,stockholmsdagblad,1890,13,104229980,0.12472419163852858,13,0
småflicka,stockholmsdagblad,1890,121,104229980,1.1608943990970737,121,0
sondotter,stockholmsdagblad,1890,86,104229980,0.8250984985318044,86,0
spinnerska,stockholmsdagblad,1890,0,104229980,0.0,0,0
styvmor,stockholmsdagblad,1890,0,104229980,0.0,0,0
subba,stockholmsdagblad,1890,1,104229980,0.009594168587579121,1,0
sugga,stockholmsdagblad,1890,68,104229980,0.6524034639553802,68,0
svärmor,stockholmsdagblad,1890,415,104229980,3.981579963845335,414,1
syster,stockholmsdagblad,1890,4639,104229980,44.50734807777954,4637,2
systerdotter,stockholmsdagblad,1890,163,104229980,1.5638494797753966,163,0
sångerska,stockholmsdagblad,1890,1653,104229980,15.859160675268287,1653,0
sömmerska,stockholmsdagblad,1890,2455,104229980,23.553683882506743,2455,0
tant,stockholmsdagblad,1890,1472,104229980,14.122616160916465,1472,0
telefonist,stockholmsdagblad,1890,99,104229980,0.9498226901703329,99,0
tjej,stockholmsdagblad,1890,0,104229980,0.0,0,0
tjänarinna,stockholmsdagblad,1890,9,104229980,0.08634751728821209,9,0
trollpacka,stockholmsdagblad,1890,10,104229980,0.0959416858757912,10,0
tvätterska,stockholmsdagblad,1890,1599,104229980,15.341075571539013,1599,0
tös,stockholmsdagblad,1890,115,104229980,1.1033293875715988,115,0
tösabit,stockholmsdagblad,1890,0,104229980,0.0,0,0
ungflicka,stockholmsdagblad,1890,0,104229980,0.0,0,0
värdinna,stockholmsdagblad,1890,3619,104229980,34.72129611844884,3619,0
väverska,stockholmsdagblad,1890,0,104229980,0.0,0,0
äkta,stockholmsdagblad,1890,8883,104229980,85.22499956346533,0,8883
äkta maka,stockholmsdagblad,1890,4,104229980,0.038376674350316484,4,0
änka,stockholmsdagblad,1890,116,104229980,1.112923556159178,116,0
amma,sundsvallstidning,1880,164,28907711,5.673226773299346,164,0
barnmorska,sundsvallstidning,1880,361,28907711,12.488017470494292,361,0
baronessa,sundsvallstidning,1880,133,28907711,4.600848541761055,133,0
borgmästarfru,sundsvallstidning,1880,0,28907711,0.0,0,0
dam,sundsvallstidning,1880,5630,28907711,194.7577239858251,5629,1
dotter,sundsvallstidning,1880,3603,28907711,124.63802478169234,3603,0
drottning,sundsvallstidning,1880,1486,28907711,51.40496942148066,1486,0
fabriksarbeterska,sundsvallstidning,1880,0,28907711,0.0,0,0
farmor,sundsvallstidning,1880,107,28907711,3.7014345411160363,107,0
feminin,sundsvallstidning,1880,11,28907711,0.3805213079652,11,0
flicka,sundsvallstidning,1880,6890,28907711,238.34471017092983,6887,3
flickebarn,sundsvallstidning,1880,64,28907711,2.213942155433891,64,0
fnaska,sundsvallstidning,1880,0,28907711,0.0,0,0
fostermoder,sundsvallstidning,1880,0,28907711,0.0,0,0
fostermor,sundsvallstidning,1880,21,28907711,0.7264497697517455,21,0
friherrinna,sundsvallstidning,1880,0,28907711,0.0,0,0
fru,sundsvallstidning,1880,7950,28907711,275.01312712030364,7950,0
fruntimmer,sundsvallstidning,1880,1821,28907711,62.993572891329926,1821,0
fröken,sundsvallstidning,1880,3553,28907711,122.9083824727596,3553,0
författarinna,sundsvallstidning,1880,77,28907711,2.6636491557564,77,0
gammal,sundsvallstidning,1880,19408,28907711,671.3779586353274,0,19408
gammal gumma,sundsvallstidning,1880,45,28907711,1.5566780780394547,45,0
gammelmor,sundsvallstidning,1880,0,28907711,0.0,0,0
gemål,sundsvallstidning,1880,223,28907711,7.714204697839964,223,0
grevinna,sundsvallstidning,1880,1,28907711,0.034592846178654546,1,0
gumma,sundsvallstidning,1880,855,28907711,29.576883482749636,855,0
guvernant,sundsvallstidning,1880,197,28907711,6.814790697194946,197,0
hennes,sundsvallstidning,1880,0,28907711,0.0,0,0
hertiginna,sundsvallstidning,1880,163,28907711,5.638633927120691,163,0
hjältinna,sundsvallstidning,1880,10,28907711,0.34592846178654546,10,0
hjärtevän,sundsvallstidning,1880,2,28907711,0.06918569235730909,2,0
hona,sundsvallstidning,1880,107,28907711,3.7014345411160363,107,0
honkön,sundsvallstidning,1880,1,28907711,0.034592846178654546,1,0
hora,sundsvallstidning,1880,15,28907711,0.5188926926798182,15,0
husfru,sundsvallstidning,1880,21,28907711,0.7264497697517455,21,0
hushållerska,sundsvallstidning,1880,252,28907711,8.717397237020945,252,0
husmoder,sundsvallstidning,1880,0,28907711,0.0,0,0
husmor,sundsvallstidning,1880,318,28907711,11.000525084812146,318,0
hustru,sundsvallstidning,1880,6871,28907711,237.68744609353539,6870,1
häxa,sundsvallstidning,1880,8,28907711,0.27674276942923637,8,0
jungfru,sundsvallstidning,1880,648,28907711,22.416164323768147,648,0
jänta,sundsvallstidning,1880,22,28907711,0.7610426159304,22,0
jäntunge,sundsvallstidning,1880,0,28907711,0.0,0,0
kassörska,sundsvallstidning,1880,101,28907711,3.4938774640441093,101,0
kejsarinna,sundsvallstidning,1880,320,28907711,11.069710777169455,320,0
kokerska,sundsvallstidning,1880,145,28907711,5.015962695904909,145,0
kokfru,sundsvallstidning,1880,0,28907711,0.0,0,0
konstnärinna,sundsvallstidning,1880,0,28907711,0.0,0,0
kontorist,sundsvallstidning,1880,182,28907711,6.295898004515127,182,0
kontorsfröken,sundsvallstidning,1880,0,28907711,0.0,0,0
kviga,sundsvallstidning,1880,41,28907711,1.4183066933248365,41,0
kvinna,sundsvallstidning,1880,6495,28907711,224.6805359303613,6494,1
kvinnfolk,sundsvallstidning,1880,4,28907711,0.13837138471461818,3,1
kvinnlig,sundsvallstidning,1880,1,28907711,0.034592846178654546,1,0
kvinnlighet,sundsvallstidning,1880,1,28907711,0.034592846178654546,1,0
kvinnokön,sundsvallstidning,1880,17,28907711,0.5880783850371273,17,0
kvinnsperson,sundsvallstidning,1880,2,28907711,0.06918569235730909,2,0
käring,sundsvallstidning,1880,77,28907711,2.6636491557564,77,0
kärring,sundsvallstidning,1880,47,28907711,1.6258637703967638,46,1
landshövdingska,sundsvallstidning,1880,0,28907711,0.0,0,0
lillflicka,sundsvallstidning,1880,0,28907711,0.0,0,0
liten,sundsvallstidning,1880,38517,28907711,1332.412656263237,0,38517
liten flicka,sundsvallstidning,1880,197,28907711,6.814790697194946,197,0
livskamrat,sundsvallstidning,1880,0,28907711,0.0,0,0
lärarinna,sundsvallstidning,1880,924,28907711,31.963789869076802,924,0
madam,sundsvallstidning,1880,287,28907711,9.928146853273855,287,0
madame,sundsvallstidning,1880,159,28907711,5.500262542406073,159,0
maka,sundsvallstidning,1880,742,28907711,25.667891864561675,741,1
mamma,sundsvallstidning,1880,926,28907711,32.03297556143411,926,0
mamsell,sundsvallstidning,1880,192,28907711,6.641826466301673,192,0
matmor,sundsvallstidning,1880,60,28907711,2.0755707707192728,60,0
moder,sundsvallstidning,1880,2034,28907711,70.36184912738335,2033,1
moderlig,sundsvallstidning,1880,95,28907711,3.2863203869721818,95,0
moderlighet,sundsvallstidning,1880,0,28907711,0.0,0,0
mor,sundsvallstidning,1880,3959,28907711,136.95307802129335,3957,2
mormor,sundsvallstidning,1880,128,28907711,4.427884310867782,128,0
mö,sundsvallstidning,1880,50,28907711,1.7296423089327273,50,0
piga,sundsvallstidning,1880,661,28907711,22.865871324090655,661,0
poetissa,sundsvallstidning,1880,0,28907711,0.0,0,0
prinsessa,sundsvallstidning,1880,495,28907711,17.123458858434,494,1
prostinna,sundsvallstidning,1880,0,28907711,0.0,0,0
prästfru,sundsvallstidning,1880,0,28907711,0.0,0,0
quinfolk,sundsvallstidning,1880,0,28907711,0.0,0,0
quinna,sundsvallstidning,1880,0,28907711,0.0,0,0
quinnor,sundsvallstidning,1880,0,28907711,0.0,0,0
qvinfolk,sundsvallstidning,1880,0,28907711,0.0,0,0
qvinnokön,sundsvallstidning,1880,0,28907711,0.0,0,0
qvinnor,sundsvallstidning,1880,0,28907711,0.0,0,0
qvinsperson,sundsvallstidning,1880,0,28907711,0.0,0,0
ragata,sundsvallstidning,1880,0,28907711,0.0,0,0
satkärring,sundsvallstidning,1880,1,28907711,0.034592846178654546,1,0
sig,sundsvallstidning,1880,96297,28907711,3331.187308465897,96284,13
sjuksköterska,sundsvallstidning,1880,162,28907711,5.604041080942037,162,0
själv,sundsvallstidning,1880,6,28907711,0.20755707707192728,6,0
skata,sundsvallstidning,1880,39,28907711,1.3491210009675274,39,0
skollärarinna,sundsvallstidning,1880,0,28907711,0.0,0,0
skrivbiträde,sundsvallstidning,1880,0,28907711,0.0,0,0
skådespelerska,sundsvallstidning,1880,171,28907711,5.915376696549927,171,0
sköka,sundsvallstidning,1880,24,28907711,0.8302283082877091,24,0
slampa,sundsvallstidning,1880,0,28907711,0.0,0,0
slinka,sundsvallstidning,1880,42,28907711,1.452899539503491,42,0
slyna,sundsvallstidning,1880,7,28907711,0.24214992325058182,7,0
småflicka,sundsvallstidning,1880,9,28907711,0.3113356156078909,9,0
sondotter,sundsvallstidning,1880,24,28907711,0.8302283082877091,24,0
spinnerska,sundsvallstidning,1880,0,28907711,0.0,0,0
styvmor,sundsvallstidning,1880,0,28907711,0.0,0,0
subba,sundsvallstidning,1880,1,28907711,0.034592846178654546,1,0
sugga,sundsvallstidning,1880,20,28907711,0.6918569235730909,20,0
svärmor,sundsvallstidning,1880,157,28907711,5.431076850048764,157,0
syster,sundsvallstidning,1880,1332,28907711,46.07767110996786,1331,1
systerdotter,sundsvallstidning,1880,31,28907711,1.072378231538291,31,0
sångerska,sundsvallstidning,1880,320,28907711,11.069710777169455,320,0
sömmerska,sundsvallstidning,1880,259,28907711,8.959547160271528,259,0
tant,sundsvallstidning,1880,345,28907711,11.934531931635819,345,0
telefonist,sundsvallstidning,1880,21,28907711,0.7264497697517455,21,0
tjej,sundsvallstidning,1880,0,28907711,0.0,0,0
tjänarinna,sundsvallstidning,1880,12,28907711,0.41511415414385455,12,0
trollpacka,sundsvallstidning,1880,10,28907711,0.34592846178654546,10,0
tvätterska,sundsvallstidning,1880,28,28907711,0.9685996930023273,28,0
tös,sundsvallstidning,1880,37,28907711,1.2799353086102183,37,0
tösabit,sundsvallstidning,1880,0,28907711,0.0,0,0
ungflicka,sundsvallstidning,1880,0,28907711,0.0,0,0
värdinna,sundsvallstidning,1880,250,28907711,8.648211544663637,250,0
väverska,sundsvallstidning,1880,0,28907711,0.0,0,0
äkta,sundsvallstidning,1880,3590,28907711,124.18831778136982,0,3590
äkta maka,sundsvallstidning,1880,8,28907711,0.27674276942923637,8,0
änka,sundsvallstidning,1880,27,28907711,0.9340068468236727,27,0
amma,sundsvallstidning,1890,164,25560100,6.416250327659125,164,0
barnmorska,sundsvallstidning,1890,250,25560100,9.780869401919398,250,0
baronessa,sundsvallstidning,1890,223,25560100,8.724535506512103,223,0
borgmästarfru,sundsvallstidning,1890,0,25560100,0.0,0,0
dam,sundsvallstidning,1890,5738,25560100,224.49051451285402,5738,0
dotter,sundsvallstidning,1890,4159,25560100,162.7145433703311,4158,1
drottning,sundsvallstidning,1890,899,25560100,35.17200636930215,898,1
fabriksarbeterska,sundsvallstidning,1890,0,25560100,0.0,0,0
farmor,sundsvallstidning,1890,62,25560100,2.4256556116760106,62,0
feminin,sundsvallstidning,1890,9,25560100,0.35211129846909833,9,0
flicka,sundsvallstidning,1890,6997,25560100,273.7469728209201,6997,0
flickebarn,sundsvallstidning,1890,51,25560100,1.9952973579915572,51,0
fnaska,sundsvallstidning,1890,2,25560100,0.07824695521535519,2,0
fostermoder,sundsvallstidning,1890,0,25560100,0.0,0,0
fostermor,sundsvallstidning,1890,46,25560100,1.7996799699531691,46,0
friherrinna,sundsvallstidning,1890,0,25560100,0.0,0,0
fru,sundsvallstidning,1890,10633,25560100,415.9999374024358,10632,1
fruntimmer,sundsvallstidning,1890,1266,25560100,49.53032265131983,1266,0
fröken,sundsvallstidning,1890,4127,25560100,161.46259208688542,4126,1
författarinna,sundsvallstidning,1890,164,25560100,6.416250327659125,164,0
gammal,sundsvallstidning,1890,18076,25560100,707.1959812363801,0,18076
gammal gumma,sundsvallstidning,1890,72,25560100,2.8168903877527867,72,0
gammelmor,sundsvallstidning,1890,0,25560100,0.0,0,0
gemål,sundsvallstidning,1890,147,25560100,5.751151208328606,147,0
grevinna,sundsvallstidning,1890,2,25560100,0.07824695521535519,2,0
gumma,sundsvallstidning,1890,929,25560100,36.34571069753248,929,0
guvernant,sundsvallstidning,1890,99,25560100,3.8732242831600816,99,0
hennes,sundsvallstidning,1890,0,25560100,0.0,0,0
hertiginna,sundsvallstidning,1890,100,25560100,3.912347760767759,100,0
hjältinna,sundsvallstidning,1890,6,25560100,0.23474086564606556,6,0
hjärtevän,sundsvallstidning,1890,0,25560100,0.0,0,0
hona,sundsvallstidning,1890,56,25560100,2.190914746029945,56,0
honkön,sundsvallstidning,1890,2,25560100,0.07824695521535519,2,0
hora,sundsvallstidning,1890,38,25560100,1.4866921490917484,38,0
husfru,sundsvallstidning,1890,33,25560100,1.2910747610533606,33,0
hushållerska,sundsvallstidning,1890,355,25560100,13.888834550725544,355,0
husmoder,sundsvallstidning,1890,0,25560100,0.0,0,0
husmor,sundsvallstidning,1890,237,25560100,9.27226419301959,237,0
hustru,sundsvallstidning,1890,6857,25560100,268.26968595584526,6857,0
häxa,sundsvallstidning,1890,4,25560100,0.15649391043071037,4,0
jungfru,sundsvallstidning,1890,814,25560100,31.84651077264956,813,1
jänta,sundsvallstidning,1890,39,25560100,1.525815626699426,39,0
jäntunge,sundsvallstidning,1890,0,25560100,0.0,0,0
kassörska,sundsvallstidning,1890,187,25560100,7.316090312635709,187,0
kejsarinna,sundsvallstidning,1890,203,25560100,7.942065954358551,203,0
kokerska,sundsvallstidning,1890,398,25560100,15.571144087855682,398,0
kokfru,sundsvallstidning,1890,0,25560100,0.0,0,0
konstnärinna,sundsvallstidning,1890,0,25560100,0.0,0,0
kontorist,sundsvallstidning,1890,253,25560100,9.89823983474243,253,0
kontorsfröken,sundsvallstidning,1890,0,25560100,0.0,0,0
kviga,sundsvallstidning,1890,58,25560100,2.2691617012453005,58,0
kvinna,sundsvallstidning,1890,6687,25560100,261.61869476254003,6686,1
kvinnfolk,sundsvallstidning,1890,7,25560100,0.27386434325374315,7,0
kvinnlig,sundsvallstidning,1890,68,25560100,2.660396477322076,68,0
kvinnlighet,sundsvallstidning,1890,2,25560100,0.07824695521535519,2,0
kvinnokön,sundsvallstidning,1890,8,25560100,0.31298782086142074,8,0
kvinnsperson,sundsvallstidning,1890,2,25560100,0.07824695521535519,2,0
käring,sundsvallstidning,1890,109,25560100,4.264459059236858,109,0
kärring,sundsvallstidning,1890,9,25560100,0.35211129846909833,9,0
landshövdingska,sundsvallstidning,1890,0,25560100,0.0,0,0
lillflicka,sundsvallstidning,1890,0,25560100,0.0,0,0
liten,sundsvallstidning,1890,34341,25560100,1343.5393445252562,0,34341
liten flicka,sundsvallstidning,1890,309,25560100,12.089154580772375,309,0
livskamrat,sundsvallstidning,1890,0,25560100,0.0,0,0
lärarinna,sundsvallstidning,1890,844,25560100,33.02021510087989,844,0
madam,sundsvallstidning,1890,92,25560100,3.5993599399063383,92,0
madame,sundsvallstidning,1890,194,25560100,7.589954655889453,194,0
maka,sundsvallstidning,1890,848,25560100,33.1767090113106,848,0
mamma,sundsvallstidning,1890,1044,25560100,40.844910622415405,1044,0
mamsell,sundsvallstidning,1890,143,25560100,5.5946572978978955,143,0
matmor,sundsvallstidning,1890,82,25560100,3.2081251638295627,82,0
moder,sundsvallstidning,1890,2292,25560100,89.67101067679704,2291,1
moderlig,sundsvallstidning,1890,84,25560100,3.2863721190449176,84,0
moderlighet,sundsvallstidning,1890,3,25560100,0.11737043282303278,3,0
mor,sundsvallstidning,1890,4122,25560100,161.26697469884704,4121,1
mormor,sundsvallstidning,1890,156,25560100,6.103262506797704,156,0
mö,sundsvallstidning,1890,64,25560100,2.503902566891366,64,0
piga,sundsvallstidning,1890,500,25560100,19.561738803838796,500,0
poetissa,sundsvallstidning,1890,1,25560100,0.03912347760767759,1,0
prinsessa,sundsvallstidning,1890,398,25560100,15.571144087855682,398,0
prostinna,sundsvallstidning,1890,0,25560100,0.0,0,0
prästfru,sundsvallstidning,1890,0,25560100,0.0,0,0
quinfolk,sundsvallstidning,1890,0,25560100,0.0,0,0
quinna,sundsvallstidning,1890,0,25560100,0.0,0,0
quinnor,sundsvallstidning,1890,0,25560100,0.0,0,0
qvinfolk,sundsvallstidning,1890,0,25560100,0.0,0,0
qvinnokön,sundsvallstidning,1890,0,25560100,0.0,0,0
qvinnor,sundsvallstidning,1890,0,25560100,0.0,0,0
qvinsperson,sundsvallstidning,1890,0,25560100,0.0,0,0
ragata,sundsvallstidning,1890,1,25560100,0.03912347760767759,1,0
satkärring,sundsvallstidning,1890,0,25560100,0.0,0,0
sig,sundsvallstidning,1890,87287,25560100,3414.9709899413538,87278,9
sjuksköterska,sundsvallstidning,1890,261,25560100,10.211227655603851,261,0
själv,sundsvallstidning,1890,3,25560100,0.11737043282303278,3,0
skata,sundsvallstidning,1890,65,25560100,2.5430260444990433,65,0
skollärarinna,sundsvallstidning,1890,0,25560100,0.0,0,0
skrivbiträde,sundsvallstidning,1890,0,25560100,0.0,0,0
skådespelerska,sundsvallstidning,1890,181,25560100,7.081349446989644,181,0
sköka,sundsvallstidning,1890,6,25560100,0.23474086564606556,6,0
slampa,sundsvallstidning,1890,3,25560100,0.11737043282303278,3,0
slinka,sundsvallstidning,1890,35,25560100,1.3693217162687157,35,0
slyna,sundsvallstidning,1890,14,25560100,0.5477286865074863,14,0
småflicka,sundsvallstidning,1890,26,25560100,1.0172104177996173,26,0
sondotter,sundsvallstidning,1890,15,25560100,0.5868521641151638,15,0
spinnerska,sundsvallstidning,1890,0,25560100,0.0,0,0
styvmor,sundsvallstidning,1890,0,25560100,0.0,0,0
subba,sundsvallstidning,1890,1,25560100,0.03912347760767759,1,0
sugga,sundsvallstidning,1890,48,25560100,1.8779269251685244,48,0
svärmor,sundsvallstidning,1890,202,25560100,7.902942476750874,202,0
syster,sundsvallstidning,1890,1511,25560100,59.11557466520084,1511,0
systerdotter,sundsvallstidning,1890,39,25560100,1.525815626699426,39,0
sångerska,sundsvallstidning,1890,348,25560100,13.614970207471801,348,0
sömmerska,sundsvallstidning,1890,237,25560100,9.27226419301959,237,0
tant,sundsvallstidning,1890,539,25560100,21.087554430538223,539,0
telefonist,sundsvallstidning,1890,25,25560100,0.9780869401919398,25,0
tjej,sundsvallstidning,1890,0,25560100,0.0,0,0
tjänarinna,sundsvallstidning,1890,25,25560100,0.9780869401919398,25,0
trollpacka,sundsvallstidning,1890,15,25560100,0.5868521641151638,15,0
tvätterska,sundsvallstidning,1890,52,25560100,2.0344208355992346,52,0
tös,sundsvallstidning,1890,72,25560100,2.8168903877527867,72,0
tösabit,sundsvallstidning,1890,0,25560100,0.0,0,0
ungflicka,sundsvallstidning,1890,0,25560100,0.0,0,0
värdinna,sundsvallstidning,1890,431,25560100,16.86221884890904,431,0
väverska,sundsvallstidning,1890,0,25560100,0.0,0,0
äkta,sundsvallstidning,1890,3693,25560100,144.48300280515335,0,3693
äkta maka,sundsvallstidning,1890,4,25560100,0.15649391043071037,4,0
änka,sundsvallstidning,1890,194,25560100,7.589954655889453,194,0
amma,tfwbsol,1880,253,19076006,13.262734348060071,253,0
barnmorska,tfwbsol,1880,74,19076006,3.879218742120337,74,0
baronessa,tfwbsol,1880,285,19076006,14.94023434465265,285,0
borgmästarfru,tfwbsol,1880,0,19076006,0.0,0,0
dam,tfwbsol,1880,2852,19076006,149.50718719631354,2852,0
dotter,tfwbsol,1880,3027,19076006,158.68101530267919,3026,1
drottning,tfwbsol,1880,1404,19076006,73.60031235049937,1404,0
fabriksarbeterska,tfwbsol,1880,0,19076006,0.0,0,0
farmor,tfwbsol,1880,58,19076006,3.040468743824048,58,0
feminin,tfwbsol,1880,10,19076006,0.5242187489351806,10,0
flicka,tfwbsol,1880,4635,19076006,242.97539013145624,4635,0
flickebarn,tfwbsol,1880,46,19076006,2.411406245101831,46,0
fnaska,tfwbsol,1880,2,19076006,0.10484374978703613,2,0
fostermoder,tfwbsol,1880,0,19076006,0.0,0,0
fostermor,tfwbsol,1880,28,19076006,1.4678124970185058,28,0
friherrinna,tfwbsol,1880,0,19076006,0.0,0,0
fru,tfwbsol,1880,6730,19076006,352.7992180333766,6730,0
fruntimmer,tfwbsol,1880,1385,19076006,72.60429672752252,1385,0
fröken,tfwbsol,1880,2942,19076006,154.22515593673015,2942,0
författarinna,tfwbsol,1880,129,19076006,6.762421861263831,129,0
gammal,tfwbsol,1880,15324,19076006,803.3128108682708,0,15324
gammal gumma,tfwbsol,1880,28,19076006,1.4678124970185058,28,0
gammelmor,tfwbsol,1880,0,19076006,0.0,0,0
gemål,tfwbsol,1880,215,19076006,11.270703102106385,215,0
grevinna,tfwbsol,1880,2,19076006,0.10484374978703613,2,0
gumma,tfwbsol,1880,457,19076006,23.956796826337758,457,0
guvernant,tfwbsol,1880,171,19076006,8.96414060679159,171,0
hennes,tfwbsol,1880,0,19076006,0.0,0,0
hertiginna,tfwbsol,1880,173,19076006,9.068984356578625,173,0
hjältinna,tfwbsol,1880,10,19076006,0.5242187489351806,10,0
hjärtevän,tfwbsol,1880,3,19076006,0.1572656246805542,3,0
hona,tfwbsol,1880,54,19076006,2.830781244249976,54,0
honkön,tfwbsol,1880,0,19076006,0.0,0,0
hora,tfwbsol,1880,56,19076006,2.9356249940370116,56,0
husfru,tfwbsol,1880,29,19076006,1.520234371912024,29,0
hushållerska,tfwbsol,1880,150,19076006,7.86328123402771,150,0
husmoder,tfwbsol,1880,0,19076006,0.0,0,0
husmor,tfwbsol,1880,436,19076006,22.855937453573876,436,0
hustru,tfwbsol,1880,3484,19076006,182.63781212901694,3484,0
häxa,tfwbsol,1880,1,19076006,0.052421874893518065,1,0
jungfru,tfwbsol,1880,478,19076006,25.057656199101636,478,0
jänta,tfwbsol,1880,14,19076006,0.7339062485092529,14,0
jäntunge,tfwbsol,1880,0,19076006,0.0,0,0
kassörska,tfwbsol,1880,5,19076006,0.2621093744675903,5,0
kejsarinna,tfwbsol,1880,197,19076006,10.32710935402306,197,0
kokerska,tfwbsol,1880,84,19076006,4.403437491055517,84,0
kokfru,tfwbsol,1880,0,19076006,0.0,0,0
konstnärinna,tfwbsol,1880,0,19076006,0.0,0,0
kontorist,tfwbsol,1880,110,19076006,5.766406238286987,110,0
kontorsfröken,tfwbsol,1880,0,19076006,0.0,0,0
kviga,tfwbsol,1880,104,19076006,5.451874988925879,104,0
kvinna,tfwbsol,1880,2018,19076006,105.78734353511946,2018,0
kvinnfolk,tfwbsol,1880,0,19076006,0.0,0,0
kvinnlig,tfwbsol,1880,1,19076006,0.052421874893518065,1,0
kvinnlighet,tfwbsol,1880,0,19076006,0.0,0,0
kvinnokön,tfwbsol,1880,1,19076006,0.052421874893518065,1,0
kvinnsperson,tfwbsol,1880,0,19076006,0.0,0,0
käring,tfwbsol,1880,38,19076006,1.9920312459536866,38,0
kärring,tfwbsol,1880,0,19076006,0.0,0,0
landshövdingska,tfwbsol,1880,0,19076006,0.0,0,0
lillflicka,tfwbsol,1880,0,19076006,0.0,0,0
liten,tfwbsol,1880,31584,19076006,1655.6924966368747,0,31584
liten flicka,tfwbsol,1880,161,19076006,8.439921857856408,161,0
livskamrat,tfwbsol,1880,0,19076006,0.0,0,0
lärarinna,tfwbsol,1880,982,19076006,51.47828114543474,981,1
madam,tfwbsol,1880,137,19076006,7.181796860411975,137,0
madame,tfwbsol,1880,143,19076006,7.496328109773083,143,0
maka,tfwbsol,1880,1140,19076006,59.7609373786106,1140,0
mamma,tfwbsol,1880,925,19076006,48.49023427650421,925,0
mamsell,tfwbsol,1880,510,19076006,26.735156195694213,510,0
matmor,tfwbsol,1880,86,19076006,4.508281240842554,86,0
moder,tfwbsol,1880,1764,19076006,92.47218731216587,1763,1
moderlig,tfwbsol,1880,129,19076006,6.762421861263831,129,0
moderlighet,tfwbsol,1880,0,19076006,0.0,0,0
mor,tfwbsol,1880,3569,19076006,187.09367149496597,3568,1
mormor,tfwbsol,1880,184,19076006,9.645624980407325,184,0
mö,tfwbsol,1880,22,19076006,1.1532812476573975,22,0
piga,tfwbsol,1880,704,19076006,36.90499992503672,704,0
poetissa,tfwbsol,1880,1,19076006,0.052421874893518065,1,0
prinsessa,tfwbsol,1880,530,19076006,27.783593693564576,530,0
prostinna,tfwbsol,1880,0,19076006,0.0,0,0
prästfru,tfwbsol,1880,0,19076006,0.0,0,0
quinfolk,tfwbsol,1880,0,19076006,0.0,0,0
quinna,tfwbsol,1880,0,19076006,0.0,0,0
quinnor,tfwbsol,1880,0,19076006,0.0,0,0
qvinfolk,tfwbsol,1880,0,19076006,0.0,0,0
qvinnokön,tfwbsol,1880,0,19076006,0.0,0,0
qvinnor,tfwbsol,1880,0,19076006,0.0,0,0
qvinsperson,tfwbsol,1880,0,19076006,0.0,0,0
ragata,tfwbsol,1880,0,19076006,0.0,0,0
satkärring,tfwbsol,1880,0,19076006,0.0,0,0
sig,tfwbsol,1880,69124,19076006,3623.609680139543,69116,8
sjuksköterska,tfwbsol,1880,79,19076006,4.141328116587927,79,0
själv,tfwbsol,1880,3,19076006,0.1572656246805542,3,0
skata,tfwbsol,1880,8,19076006,0.4193749991481445,8,0
skollärarinna,tfwbsol,1880,0,19076006,0.0,0,0
skrivbiträde,tfwbsol,1880,0,19076006,0.0,0,0
skådespelerska,tfwbsol,1880,170,19076006,8.911718731898072,170,0
sköka,tfwbsol,1880,6,19076006,0.3145312493611084,6,0
slampa,tfwbsol,1880,0,19076006,0.0,0,0
slinka,tfwbsol,1880,17,19076006,0.8911718731898072,17,0
slyna,tfwbsol,1880,5,19076006,0.2621093744675903,5,0
småflicka,tfwbsol,1880,9,19076006,0.4717968740416626,9,0
sondotter,tfwbsol,1880,19,19076006,0.9960156229768433,19,0
spinnerska,tfwbsol,1880,0,19076006,0.0,0,0
styvmor,tfwbsol,1880,0,19076006,0.0,0,0
subba,tfwbsol,1880,1,19076006,0.052421874893518065,1,0
sugga,tfwbsol,1880,95,19076006,4.980078114884217,95,0
svärmor,tfwbsol,1880,86,19076006,4.508281240842554,86,0
syster,tfwbsol,1880,1055,19076006,55.30507801266156,1055,0
systerdotter,tfwbsol,1880,71,19076006,3.721953117439783,71,0
sångerska,tfwbsol,1880,208,19076006,10.903749977851758,208,0
sömmerska,tfwbsol,1880,97,19076006,5.084921864671252,97,0
tant,tfwbsol,1880,510,19076006,26.735156195694213,510,0
telefonist,tfwbsol,1880,3,19076006,0.1572656246805542,3,0
tjej,tfwbsol,1880,0,19076006,0.0,0,0
tjänarinna,tfwbsol,1880,74,19076006,3.879218742120337,74,0
trollpacka,tfwbsol,1880,8,19076006,0.4193749991481445,8,0
tvätterska,tfwbsol,1880,26,19076006,1.3629687472314698,26,0
tös,tfwbsol,1880,38,19076006,1.9920312459536866,38,0
tösabit,tfwbsol,1880,0,19076006,0.0,0,0
ungflicka,tfwbsol,1880,0,19076006,0.0,0,0
värdinna,tfwbsol,1880,225,19076006,11.794921851041565,225,0
väverska,tfwbsol,1880,0,19076006,0.0,0,0
äkta,tfwbsol,1880,2571,19076006,134.77664035123496,0,2571
äkta maka,tfwbsol,1880,4,19076006,0.20968749957407226,4,0
änka,tfwbsol,1880,292,19076006,15.307187468907275,292,0
amma,tfwbsol,1890,128,19088057,6.705763713928557,128,0
barnmorska,tfwbsol,1890,165,19088057,8.644148537486032,165,0
baronessa,tfwbsol,1890,511,19088057,26.770666076699165,511,0
borgmästarfru,tfwbsol,1890,0,19088057,0.0,0,0
dam,tfwbsol,1890,3426,19088057,179.48395690561904,3426,0
dotter,tfwbsol,1890,3298,19088057,172.7781931916905,3298,0
drottning,tfwbsol,1890,1319,19088057,69.10079952087318,1318,1
fabriksarbeterska,tfwbsol,1890,0,19088057,0.0,0,0
farmor,tfwbsol,1890,182,19088057,9.534757780742169,182,0
feminin,tfwbsol,1890,7,19088057,0.366721453105468,7,0
flicka,tfwbsol,1890,5542,19088057,290.3386133015005,5541,1
flickebarn,tfwbsol,1890,20,19088057,1.047775580301337,20,0
fnaska,tfwbsol,1890,0,19088057,0.0,0,0
fostermoder,tfwbsol,1890,0,19088057,0.0,0,0
fostermor,tfwbsol,1890,41,19088057,2.147939939617741,41,0
friherrinna,tfwbsol,1890,0,19088057,0.0,0,0
fru,tfwbsol,1890,8245,19088057,431.9454829792262,8244,1
fruntimmer,tfwbsol,1890,887,19088057,46.4688469863643,887,0
fröken,tfwbsol,1890,4275,19088057,223.96203028941082,4274,1
författarinna,tfwbsol,1890,154,19088057,8.067871968320295,154,0
gammal,tfwbsol,1890,15726,19088057,823.8659387909414,0,15726
gammal gumma,tfwbsol,1890,39,19088057,2.0431623815876074,39,0
gammelmor,tfwbsol,1890,0,19088057,0.0,0,0
gemål,tfwbsol,1890,222,19088057,11.630308941344842,222,0
grevinna,tfwbsol,1890,6,19088057,0.3143326740904011,6,0
gumma,tfwbsol,1890,605,19088057,31.695211304115446,605,0
guvernant,tfwbsol,1890,86,19088057,4.50543499529575,86,0
hennes,tfwbsol,1890,0,19088057,0.0,0,0
hertiginna,tfwbsol,1890,198,19088057,10.372978244983237,198,0
hjältinna,tfwbsol,1890,74,19088057,3.8767696471149473,74,0
hjärtevän,tfwbsol,1890,11,19088057,0.5762765691657354,11,0
hona,tfwbsol,1890,33,19088057,1.7288297074972063,33,0
honkön,tfwbsol,1890,1,19088057,0.052388779015066854,1,0
hora,tfwbsol,1890,13,19088057,0.6810541271958691,13,0
husfru,tfwbsol,1890,13,19088057,0.6810541271958691,13,0
hushållerska,tfwbsol,1890,291,19088057,15.245134693384456,291,0
husmoder,tfwbsol,1890,0,19088057,0.0,0,0
husmor,tfwbsol,1890,488,19088057,25.565724159352627,488,0
hustru,tfwbsol,1890,4525,19088057,237.05922504317752,4524,1
häxa,tfwbsol,1890,5,19088057,0.2619438950753343,5,0
jungfru,tfwbsol,1890,818,19088057,42.85402123432469,818,0
jänta,tfwbsol,1890,21,19088057,1.1001643593164039,21,0
jäntunge,tfwbsol,1890,0,19088057,0.0,0,0
kassörska,tfwbsol,1890,26,19088057,1.3621082543917382,26,0
kejsarinna,tfwbsol,1890,156,19088057,8.17264952635043,156,0
kokerska,tfwbsol,1890,127,19088057,6.653374934913491,127,0
kokfru,tfwbsol,1890,0,19088057,0.0,0,0
konstnärinna,tfwbsol,1890,0,19088057,0.0,0,0
kontorist,tfwbsol,1890,130,19088057,6.810541271958691,130,0
kontorsfröken,tfwbsol,1890,0,19088057,0.0,0,0
kviga,tfwbsol,1890,242,19088057,12.678084521646179,242,0
kvinna,tfwbsol,1890,4207,19088057,220.39959331638627,4207,0
kvinnfolk,tfwbsol,1890,6,19088057,0.3143326740904011,6,0
kvinnlig,tfwbsol,1890,105,19088057,5.50082179658202,105,0
kvinnlighet,tfwbsol,1890,3,19088057,0.15716633704520055,3,0
kvinnokön,tfwbsol,1890,9,19088057,0.4714990111356017,9,0
kvinnsperson,tfwbsol,1890,2,19088057,0.10477755803013371,2,0
käring,tfwbsol,1890,98,19088057,5.134100343476552,98,0
kärring,tfwbsol,1890,3,19088057,0.15716633704520055,3,0
landshövdingska,tfwbsol,1890,0,19088057,0.0,0,0
lillflicka,tfwbsol,1890,0,19088057,0.0,0,0
liten,tfwbsol,1890,32188,19088057,1686.290018936972,0,32188
liten flicka,tfwbsol,1890,230,19088057,12.049419173465377,230,0
livskamrat,tfwbsol,1890,0,19088057,0.0,0,0
lärarinna,tfwbsol,1890,888,19088057,46.521235765379366,888,0
madam,tfwbsol,1890,65,19088057,3.4052706359793454,65,0
madame,tfwbsol,1890,232,19088057,12.15419673149551,232,0
maka,tfwbsol,1890,1017,19088057,53.27938825832299,1016,1
mamma,tfwbsol,1890,1087,19088057,56.94660278937767,1087,0
mamsell,tfwbsol,1890,50,19088057,2.619438950753343,50,0
matmor,tfwbsol,1890,111,19088057,5.815154470672421,111,0
moder,tfwbsol,1890,2190,19088057,114.73142604299642,2189,1
moderlig,tfwbsol,1890,92,19088057,4.819767669386151,92,0
moderlighet,tfwbsol,1890,0,19088057,0.0,0,0
mor,tfwbsol,1890,3949,19088057,206.883288330499,3948,1
mormor,tfwbsol,1890,118,19088057,6.181875923777889,118,0
mö,tfwbsol,1890,36,19088057,1.8859960445424069,36,0
piga,tfwbsol,1890,437,19088057,22.893896429584217,437,0
poetissa,tfwbsol,1890,5,19088057,0.2619438950753343,5,0
prinsessa,tfwbsol,1890,610,19088057,31.957155199190783,610,0
prostinna,tfwbsol,1890,0,19088057,0.0,0,0
prästfru,tfwbsol,1890,0,19088057,0.0,0,0
quinfolk,tfwbsol,1890,0,19088057,0.0,0,0
quinna,tfwbsol,1890,0,19088057,0.0,0,0
quinnor,tfwbsol,1890,0,19088057,0.0,0,0
qvinfolk,tfwbsol,1890,0,19088057,0.0,0,0
qvinnokön,tfwbsol,1890,0,19088057,0.0,0,0
qvinnor,tfwbsol,1890,0,19088057,0.0,0,0
qvinsperson,tfwbsol,1890,0,19088057,0.0,0,0
ragata,tfwbsol,1890,1,19088057,0.052388779015066854,1,0
satkärring,tfwbsol,1890,0,19088057,0.0,0,0
sig,tfwbsol,1890,79782,19088057,4179.681567380064,79766,16
sjuksköterska,tfwbsol,1890,688,19088057,36.043479962366,688,0
själv,tfwbsol,1890,2,19088057,0.10477755803013371,2,0
skata,tfwbsol,1890,27,19088057,1.414497033406805,27,0
skollärarinna,tfwbsol,1890,0,19088057,0.0,0,0
skrivbiträde,tfwbsol,1890,0,19088057,0.0,0,0
skådespelerska,tfwbsol,1890,99,19088057,5.1864891224916185,99,0
sköka,tfwbsol,1890,2,19088057,0.10477755803013371,2,0
slampa,tfwbsol,1890,2,19088057,0.10477755803013371,2,0
slinka,tfwbsol,1890,29,19088057,1.5192745914369388,29,0
slyna,tfwbsol,1890,13,19088057,0.6810541271958691,13,0
småflicka,tfwbsol,1890,25,19088057,1.3097194753766714,25,0
sondotter,tfwbsol,1890,45,19088057,2.3574950556780085,45,0
spinnerska,tfwbsol,1890,0,19088057,0.0,0,0
styvmor,tfwbsol,1890,0,19088057,0.0,0,0
subba,tfwbsol,1890,0,19088057,0.0,0,0
sugga,tfwbsol,1890,75,19088057,3.929158426130014,75,0
svärmor,tfwbsol,1890,158,19088057,8.277427084380562,158,0
syster,tfwbsol,1890,1545,19088057,80.94066357827829,1545,0
systerdotter,tfwbsol,1890,46,19088057,2.4098838346930753,46,0
sångerska,tfwbsol,1890,193,19088057,10.111034349907904,193,0
sömmerska,tfwbsol,1890,137,19088057,7.17726272506416,137,0
tant,tfwbsol,1890,661,19088057,34.62898292895919,661,0
telefonist,tfwbsol,1890,11,19088057,0.5762765691657354,11,0
tjej,tfwbsol,1890,0,19088057,0.0,0,0
tjänarinna,tfwbsol,1890,80,19088057,4.191102321205348,80,0
trollpacka,tfwbsol,1890,19,19088057,0.9953868012862702,19,0
tvätterska,tfwbsol,1890,39,19088057,2.0431623815876074,39,0
tös,tfwbsol,1890,161,19088057,8.434593421425763,161,0
tösabit,tfwbsol,1890,0,19088057,0.0,0,0
ungflicka,tfwbsol,1890,0,19088057,0.0,0,0
värdinna,tfwbsol,1890,299,19088057,15.66424492550499,299,0
väverska,tfwbsol,1890,0,19088057,0.0,0,0
äkta,tfwbsol,1890,2332,19088057,122.1706326631359,0,2332
äkta maka,tfwbsol,1890,1,19088057,0.052388779015066854,1,0
änka,tfwbsol,1890,517,19088057,27.084998750789563,517,0
amma,umebladet,1880,84,12731749,6.597679548976343,84,0
barnmorska,umebladet,1880,62,12731749,4.869715857577777,62,0
baronessa,umebladet,1880,45,12731749,3.534471186951612,45,0
borgmästarfru,umebladet,1880,0,12731749,0.0,0,0
dam,umebladet,1880,1670,12731749,131.16815293798206,1669,1
dotter,umebladet,1880,2597,12731749,203.97825938918527,2596,1
drottning,umebladet,1880,906,12731749,71.16068656395912,906,0
fabriksarbeterska,umebladet,1880,0,12731749,0.0,0,0
farmor,umebladet,1880,84,12731749,6.597679548976343,84,0
feminin,umebladet,1880,3,12731749,0.2356314124634408,3,0
flicka,umebladet,1880,2945,12731749,231.31150323494438,2942,3
flickebarn,umebladet,1880,30,12731749,2.356314124634408,30,0
fnaska,umebladet,1880,0,12731749,0.0,0,0
fostermoder,umebladet,1880,0,12731749,0.0,0,0
fostermor,umebladet,1880,33,12731749,2.591945537097849,33,0
friherrinna,umebladet,1880,0,12731749,0.0,0,0
fru,umebladet,1880,2532,12731749,198.87291211914405,2532,0
fruntimmer,umebladet,1880,651,12731749,51.13201650456666,650,1
fröken,umebladet,1880,1037,12731749,81.44992490819604,1035,2
författarinna,umebladet,1880,114,12731749,8.95399367361075,114,0
gammal,umebladet,1880,9224,12731749,724.488049520926,0,9224
gammal gumma,umebladet,1880,23,12731749,1.8065074955530462,23,0
gammelmor,umebladet,1880,0,12731749,0.0,0,0
gemål,umebladet,1880,67,12731749,5.262434878350178,67,0
grevinna,umebladet,1880,0,12731749,0.0,0,0
gumma,umebladet,1880,641,12731749,50.34657846302185,641,0
guvernant,umebladet,1880,38,12731749,2.98466455787025,38,0
hennes,umebladet,1880,0,12731749,0.0,0,0
hertiginna,umebladet,1880,94,12731749,7.383117590521145,94,0
hjältinna,umebladet,1880,0,12731749,0.0,0,0
hjärtevän,umebladet,1880,1,12731749,0.07854380415448027,1,0
hona,umebladet,1880,81,12731749,6.362048136512902,81,0
honkön,umebladet,1880,0,12731749,0.0,0,0
hora,umebladet,1880,28,12731749,2.1992265163254476,28,0
husfru,umebladet,1880,9,12731749,0.7068942373903224,9,0
hushållerska,umebladet,1880,67,12731749,5.262434878350178,67,0
husmoder,umebladet,1880,0,12731749,0.0,0,0
husmor,umebladet,1880,94,12731749,7.383117590521145,94,0
hustru,umebladet,1880,3469,12731749,272.46845661189207,3468,1
häxa,umebladet,1880,4,12731749,0.3141752166179211,4,0
jungfru,umebladet,1880,338,12731749,26.54780580421433,338,0
jänta,umebladet,1880,23,12731749,1.8065074955530462,23,0
jäntunge,umebladet,1880,0,12731749,0.0,0,0
kassörska,umebladet,1880,8,12731749,0.6283504332358422,8,0
kejsarinna,umebladet,1880,181,12731749,14.216428551960929,181,0
kokerska,umebladet,1880,28,12731749,2.1992265163254476,28,0
kokfru,umebladet,1880,0,12731749,0.0,0,0
konstnärinna,umebladet,1880,0,12731749,0.0,0,0
kontorist,umebladet,1880,43,12731749,3.3773835786426516,43,0
kontorsfröken,umebladet,1880,0,12731749,0.0,0,0
kviga,umebladet,1880,0,12731749,0.0,0,0
kvinna,umebladet,1880,11,12731749,0.8639818456992829,11,0
kvinnfolk,umebladet,1880,0,12731749,0.0,0,0
kvinnlig,umebladet,1880,0,12731749,0.0,0,0
kvinnlighet,umebladet,1880,0,12731749,0.0,0,0
kvinnokön,umebladet,1880,0,12731749,0.0,0,0
kvinnsperson,umebladet,1880,0,12731749,0.0,0,0
käring,umebladet,1880,41,12731749,3.220295970333691,41,0
kärring,umebladet,1880,5,12731749,0.39271902077240134,5,0
landshövdingska,umebladet,1880,0,12731749,0.0,0,0
lillflicka,umebladet,1880,0,12731749,0.0,0,0
liten,umebladet,1880,18206,12731749,1429.9684984364678,0,18206
liten flicka,umebladet,1880,85,12731749,6.676223353130823,85,0
livskamrat,umebladet,1880,0,12731749,0.0,0,0
lärarinna,umebladet,1880,675,12731749,53.017067804274184,675,0
madam,umebladet,1880,106,12731749,8.325643240374909,106,0
madame,umebladet,1880,39,12731749,3.0632083620247306,39,0
maka,umebladet,1880,658,12731749,51.68182313364802,658,0
mamma,umebladet,1880,441,12731749,34.637817632125795,440,1
mamsell,umebladet,1880,236,12731749,18.536337780457345,236,0
matmor,umebladet,1880,56,12731749,4.398453032650895,56,0
moder,umebladet,1880,1194,12731749,93.78130216044944,1193,1
moderlig,umebladet,1880,54,12731749,4.241365424341934,54,0
moderlighet,umebladet,1880,0,12731749,0.0,0,0
mor,umebladet,1880,1926,12731749,151.275366801529,1925,1
mormor,umebladet,1880,93,12731749,7.304573786366665,92,1
mö,umebladet,1880,28,12731749,2.1992265163254476,28,0
piga,umebladet,1880,643,12731749,50.50366607133081,643,0
poetissa,umebladet,1880,3,12731749,0.2356314124634408,3,0
prinsessa,umebladet,1880,454,12731749,35.658887086134044,454,0
prostinna,umebladet,1880,0,12731749,0.0,0,0
prästfru,umebladet,1880,0,12731749,0.0,0,0
quinfolk,umebladet,1880,0,12731749,0.0,0,0
quinna,umebladet,1880,0,12731749,0.0,0,0
quinnor,umebladet,1880,0,12731749,0.0,0,0
qvinfolk,umebladet,1880,0,12731749,0.0,0,0
qvinnokön,umebladet,1880,0,12731749,0.0,0,0
qvinnor,umebladet,1880,0,12731749,0.0,0,0
qvinsperson,umebladet,1880,0,12731749,0.0,0,0
ragata,umebladet,1880,0,12731749,0.0,0,0
satkärring,umebladet,1880,0,12731749,0.0,0,0
sig,umebladet,1880,45478,12731749,3572.015125337454,45471,7
sjuksköterska,umebladet,1880,26,12731749,2.042138908016487,26,0
själv,umebladet,1880,2,12731749,0.15708760830896054,2,0
skata,umebladet,1880,44,12731749,3.4559273827971317,44,0
skollärarinna,umebladet,1880,0,12731749,0.0,0,0
skrivbiträde,umebladet,1880,0,12731749,0.0,0,0
skådespelerska,umebladet,1880,56,12731749,4.398453032650895,56,0
sköka,umebladet,1880,0,12731749,0.0,0,0
slampa,umebladet,1880,1,12731749,0.07854380415448027,1,0
slinka,umebladet,1880,7,12731749,0.5498066290813619,7,0
slyna,umebladet,1880,1,12731749,0.07854380415448027,1,0
småflicka,umebladet,1880,1,12731749,0.07854380415448027,1,0
sondotter,umebladet,1880,18,12731749,1.4137884747806448,18,0
spinnerska,umebladet,1880,0,12731749,0.0,0,0
styvmor,umebladet,1880,0,12731749,0.0,0,0
subba,umebladet,1880,0,12731749,0.0,0,0
sugga,umebladet,1880,33,12731749,2.591945537097849,33,0
svärmor,umebladet,1880,41,12731749,3.220295970333691,41,0
syster,umebladet,1880,803,12731749,63.07067473604766,803,0
systerdotter,umebladet,1880,34,12731749,2.670489341252329,34,0
sångerska,umebladet,1880,37,12731749,2.90612075371577,37,0
sömmerska,umebladet,1880,80,12731749,6.283504332358421,80,0
tant,umebladet,1880,225,12731749,17.67235593475806,225,0
telefonist,umebladet,1880,6,12731749,0.4712628249268816,6,0
tjej,umebladet,1880,0,12731749,0.0,0,0
tjänarinna,umebladet,1880,0,12731749,0.0,0,0
trollpacka,umebladet,1880,4,12731749,0.3141752166179211,4,0
tvätterska,umebladet,1880,0,12731749,0.0,0,0
tös,umebladet,1880,28,12731749,2.1992265163254476,28,0
tösabit,umebladet,1880,0,12731749,0.0,0,0
ungflicka,umebladet,1880,0,12731749,0.0,0,0
värdinna,umebladet,1880,63,12731749,4.948259661732257,63,0
väverska,umebladet,1880,0,12731749,0.0,0,0
äkta,umebladet,1880,1605,12731749,126.06280566794084,0,1605
äkta maka,umebladet,1880,2,12731749,0.15708760830896054,2,0
änka,umebladet,1880,7,12731749,0.5498066290813619,7,0
amma,umebladet,1890,49,12505930,3.918141233798686,49,0
barnmorska,umebladet,1890,131,12505930,10.475030645461793,130,1
baronessa,umebladet,1890,287,12505930,22.949112940820875,287,0
borgmästarfru,umebladet,1890,0,12505930,0.0,0,0
dam,umebladet,1890,1680,12505930,134.3362708730978,1680,0
dotter,umebladet,1890,3977,12505930,318.0091364656607,3974,3
drottning,umebladet,1890,503,12505930,40.22091919593345,503,0
fabriksarbeterska,umebladet,1890,0,12505930,0.0,0,0
farmor,umebladet,1890,146,12505930,11.674461635400165,146,0
feminin,umebladet,1890,5,12505930,0.39981032997945776,5,0
flicka,umebladet,1890,3108,12505930,248.52210111523092,3106,2
flickebarn,umebladet,1890,15,12505930,1.1994309899383733,15,0
fnaska,umebladet,1890,0,12505930,0.0,0,0
fostermoder,umebladet,1890,0,12505930,0.0,0,0
fostermor,umebladet,1890,29,12505930,2.318899913880855,29,0
friherrinna,umebladet,1890,0,12505930,0.0,0,0
fru,umebladet,1890,2888,12505930,230.9304465961348,2886,2
fruntimmer,umebladet,1890,401,12505930,32.06478846435251,401,0
fröken,umebladet,1890,1486,12505930,118.82363006989485,1485,1
författarinna,umebladet,1890,94,12505930,7.516434203613805,94,0
gammal,umebladet,1890,9383,12505930,750.2840652394505,0,9383
gammal gumma,umebladet,1890,25,12505930,1.9990516498972888,25,0
gammelmor,umebladet,1890,0,12505930,0.0,0,0
gemål,umebladet,1890,83,12505930,6.636851477658999,83,0
grevinna,umebladet,1890,2,12505930,0.1599241319917831,2,0
gumma,umebladet,1890,505,12505930,40.380843327925234,505,0
guvernant,umebladet,1890,36,12505930,2.8786343758520956,36,0
hennes,umebladet,1890,0,12505930,0.0,0,0
hertiginna,umebladet,1890,280,12505930,22.389378478849633,280,0
hjältinna,umebladet,1890,1,12505930,0.07996206599589155,1,0
hjärtevän,umebladet,1890,0,12505930,0.0,0,0
hona,umebladet,1890,38,12505930,3.038558507843879,38,0
honkön,umebladet,1890,1,12505930,0.07996206599589155,1,0
hora,umebladet,1890,28,12505930,2.2389378478849635,28,0
husfru,umebladet,1890,14,12505930,1.1194689239424818,14,0
hushållerska,umebladet,1890,86,12505930,6.876737675646673,86,0
husmoder,umebladet,1890,0,12505930,0.0,0,0
husmor,umebladet,1890,142,12505930,11.3546133714166,142,0
hustru,umebladet,1890,3659,12505930,292.58119947896716,3657,2
häxa,umebladet,1890,0,12505930,0.0,0,0
jungfru,umebladet,1890,317,12505930,25.34797492069762,317,0
jänta,umebladet,1890,16,12505930,1.2793930559342648,16,0
jäntunge,umebladet,1890,0,12505930,0.0,0,0
kassörska,umebladet,1890,12,12505930,0.9595447919506986,12,0
kejsarinna,umebladet,1890,169,12505930,13.513589153305672,169,0
kokerska,umebladet,1890,21,12505930,1.6792033859137225,21,0
kokfru,umebladet,1890,0,12505930,0.0,0,0
konstnärinna,umebladet,1890,0,12505930,0.0,0,0
kontorist,umebladet,1890,42,12505930,3.358406771827445,42,0
kontorsfröken,umebladet,1890,0,12505930,0.0,0,0
kviga,umebladet,1890,1,12505930,0.07996206599589155,1,0
kvinna,umebladet,1890,28,12505930,2.2389378478849635,28,0
kvinnfolk,umebladet,1890,0,12505930,0.0,0,0
kvinnlig,umebladet,1890,11,12505930,0.879582725954807,11,0
kvinnlighet,umebladet,1890,0,12505930,0.0,0,0
kvinnokön,umebladet,1890,0,12505930,0.0,0,0
kvinnsperson,umebladet,1890,0,12505930,0.0,0,0
käring,umebladet,1890,80,12505930,6.396965279671324,80,0
kärring,umebladet,1890,8,12505930,0.6396965279671324,8,0
landshövdingska,umebladet,1890,0,12505930,0.0,0,0
lillflicka,umebladet,1890,0,12505930,0.0,0,0
liten,umebladet,1890,18320,12505930,1464.9050490447332,0,18320
liten flicka,umebladet,1890,155,12505930,12.39412022936319,155,0
livskamrat,umebladet,1890,0,12505930,0.0,0,0
lärarinna,umebladet,1890,799,12505930,63.88969073071735,799,0
madam,umebladet,1890,99,12505930,7.916244533593264,99,0
madame,umebladet,1890,57,12505930,4.557837761765819,57,0
maka,umebladet,1890,844,12505930,67.48798370053247,844,0
mamma,umebladet,1890,492,12505930,39.34133646997864,492,0
mamsell,umebladet,1890,105,12505930,8.396016929568612,105,0
matmor,umebladet,1890,33,12505930,2.638748177864421,33,0
moder,umebladet,1890,1633,12505930,130.5780537712909,1632,1
moderlig,umebladet,1890,63,12505930,5.037610157741168,63,0
moderlighet,umebladet,1890,0,12505930,0.0,0,0
mor,umebladet,1890,2832,12505930,226.45257090036486,2831,1
mormor,umebladet,1890,80,12505930,6.396965279671324,80,0
mö,umebladet,1890,15,12505930,1.1994309899383733,15,0
piga,umebladet,1890,568,12505930,45.4184534856664,568,0
poetissa,umebladet,1890,0,12505930,0.0,0,0
prinsessa,umebladet,1890,272,12505930,21.7496819508825,272,0
prostinna,umebladet,1890,0,12505930,0.0,0,0
prästfru,umebladet,1890,0,12505930,0.0,0,0
quinfolk,umebladet,1890,0,12505930,0.0,0,0
quinna,umebladet,1890,0,12505930,0.0,0,0
quinnor,umebladet,1890,0,12505930,0.0,0,0
qvinfolk,umebladet,1890,0,12505930,0.0,0,0
qvinnokön,umebladet,1890,0,12505930,0.0,0,0
qvinnor,umebladet,1890,0,12505930,0.0,0,0
qvinsperson,umebladet,1890,0,12505930,0.0,0,0
ragata,umebladet,1890,0,12505930,0.0,0,0
satkärring,umebladet,1890,0,12505930,0.0,0,0
sig,umebladet,1890,43176,12505930,3452.4421614386133,43170,6
sjuksköterska,umebladet,1890,35,12505930,2.798672309856204,35,0
själv,umebladet,1890,0,12505930,0.0,0,0
skata,umebladet,1890,32,12505930,2.5587861118685296,32,0
skollärarinna,umebladet,1890,0,12505930,0.0,0,0
skrivbiträde,umebladet,1890,0,12505930,0.0,0,0
skådespelerska,umebladet,1890,49,12505930,3.918141233798686,49,0
sköka,umebladet,1890,7,12505930,0.5597344619712409,7,0
slampa,umebladet,1890,0,12505930,0.0,0,0
slinka,umebladet,1890,13,12505930,1.03950685794659,13,0
slyna,umebladet,1890,1,12505930,0.07996206599589155,1,0
småflicka,umebladet,1890,11,12505930,0.879582725954807,11,0
sondotter,umebladet,1890,27,12505930,2.158975781889072,27,0
spinnerska,umebladet,1890,0,12505930,0.0,0,0
styvmor,umebladet,1890,0,12505930,0.0,0,0
subba,umebladet,1890,1,12505930,0.07996206599589155,1,0
sugga,umebladet,1890,48,12505930,3.8381791678027946,48,0
svärmor,umebladet,1890,117,12505930,9.355561721519312,117,0
syster,umebladet,1890,881,12505930,70.44658014238045,881,0
systerdotter,umebladet,1890,32,12505930,2.5587861118685296,32,0
sångerska,umebladet,1890,37,12505930,2.9585964418479875,37,0
sömmerska,umebladet,1890,145,12505930,11.594499569404274,145,0
tant,umebladet,1890,448,12505930,35.823005566159416,448,0
telefonist,umebladet,1890,6,12505930,0.4797723959753493,6,0
tjej,umebladet,1890,0,12505930,0.0,0,0
tjänarinna,umebladet,1890,0,12505930,0.0,0,0
trollpacka,umebladet,1890,6,12505930,0.4797723959753493,6,0
tvätterska,umebladet,1890,1,12505930,0.07996206599589155,1,0
tös,umebladet,1890,98,12505930,7.836282467597372,98,0
tösabit,umebladet,1890,0,12505930,0.0,0,0
ungflicka,umebladet,1890,0,12505930,0.0,0,0
värdinna,umebladet,1890,79,12505930,6.317003213675433,79,0
väverska,umebladet,1890,0,12505930,0.0,0,0
äkta,umebladet,1890,1401,12505930,112.02685446024407,0,1401
äkta maka,umebladet,1890,2,12505930,0.1599241319917831,2,0
änka,umebladet,1890,3,12505930,0.23988619798767466,3,0
amma,upsala,1880,505,35599106,14.185749496068805,505,0
barnmorska,upsala,1880,158,35599106,4.438313703720537,158,0
baronessa,upsala,1880,216,35599106,6.067568101288836,216,0
borgmästarfru,upsala,1880,0,35599106,0.0,0,0
dam,upsala,1880,10035,35599106,281.8891013723772,10034,1
dotter,upsala,1880,6163,35599106,173.12232503816247,6163,0
drottning,upsala,1880,1784,35599106,50.11361802175594,1784,0
fabriksarbeterska,upsala,1880,0,35599106,0.0,0,0
farmor,upsala,1880,64,35599106,1.7977979559374329,64,0
feminin,upsala,1880,8,35599106,0.2247247444921791,8,0
flicka,upsala,1880,8640,35599106,242.70272405155342,8636,4
flickebarn,upsala,1880,331,35599106,9.29798630336391,330,1
fnaska,upsala,1880,2,35599106,0.05618118612304478,2,0
fostermoder,upsala,1880,0,35599106,0.0,0,0
fostermor,upsala,1880,35,35599106,0.9831707571532836,35,0
friherrinna,upsala,1880,0,35599106,0.0,0,0
fru,upsala,1880,15502,35599106,435.46037363972005,15498,4
fruntimmer,upsala,1880,4576,35599106,128.54255384952646,4574,2
fröken,upsala,1880,6512,35599106,182.9259420166338,6512,0
författarinna,upsala,1880,148,35599106,4.157407773105313,148,0
gammal,upsala,1880,27878,35599106,783.1095533691212,0,27878
gammal gumma,upsala,1880,41,35599106,1.1517143155224179,41,0
gammelmor,upsala,1880,0,35599106,0.0,0,0
gemål,upsala,1880,315,35599106,8.848536814379552,315,0
grevinna,upsala,1880,14,35599106,0.3932683028613134,14,0
gumma,upsala,1880,833,35599106,23.39946402024815,833,0
guvernant,upsala,1880,75,35599106,2.106794479614179,75,0
hennes,upsala,1880,0,35599106,0.0,0,0
hertiginna,upsala,1880,426,35599106,11.966592644208538,426,0
hjältinna,upsala,1880,0,35599106,0.0,0,0
hjärtevän,upsala,1880,0,35599106,0.0,0,0
hona,upsala,1880,103,35599106,2.893331085336806,103,0
honkön,upsala,1880,0,35599106,0.0,0,0
hora,upsala,1880,45,35599106,1.2640766877685075,45,0
husfru,upsala,1880,21,35599106,0.5899024542919702,21,0
hushållerska,upsala,1880,518,35599106,14.550927205868597,518,0
husmoder,upsala,1880,0,35599106,0.0,0,0
husmor,upsala,1880,311,35599106,8.736174442133462,310,1
hustru,upsala,1880,8674,35599106,243.6578042156452,8674,0
häxa,upsala,1880,1,35599106,0.02809059306152239,1,0
jungfru,upsala,1880,1962,35599106,55.113743586706924,1961,1
jänta,upsala,1880,25,35599106,0.7022648265380597,25,0
jäntunge,upsala,1880,0,35599106,0.0,0,0
kassörska,upsala,1880,78,35599106,2.191066258798746,78,0
kejsarinna,upsala,1880,414,35599106,11.629505527470268,414,0
kokerska,upsala,1880,546,35599106,15.337463811591224,546,0
kokfru,upsala,1880,0,35599106,0.0,0,0
konstnärinna,upsala,1880,0,35599106,0.0,0,0
kontorist,upsala,1880,367,35599106,10.309247653578716,367,0
kontorsfröken,upsala,1880,0,35599106,0.0,0,0
kviga,upsala,1880,0,35599106,0.0,0,0
kvinna,upsala,1880,28,35599106,0.7865366057226268,28,0
kvinnfolk,upsala,1880,2,35599106,0.05618118612304478,2,0
kvinnlig,upsala,1880,1,35599106,0.02809059306152239,1,0
kvinnlighet,upsala,1880,0,35599106,0.0,0,0
kvinnokön,upsala,1880,0,35599106,0.0,0,0
kvinnsperson,upsala,1880,1,35599106,0.02809059306152239,1,0
käring,upsala,1880,46,35599106,1.2921672808300297,46,0
kärring,upsala,1880,6,35599106,0.16854355836913432,6,0
landshövdingska,upsala,1880,0,35599106,0.0,0,0
lillflicka,upsala,1880,0,35599106,0.0,0,0
liten,upsala,1880,47850,35599106,1344.1348779938462,0,47850
liten flicka,upsala,1880,224,35599106,6.292292845781015,224,0
livskamrat,upsala,1880,0,35599106,0.0,0,0
lärarinna,upsala,1880,1442,35599106,40.50663519471528,1441,1
madam,upsala,1880,1377,35599106,38.680746645716326,1377,0
madame,upsala,1880,275,35599106,7.724913091918657,275,0
maka,upsala,1880,1182,35599106,33.203080998719464,1182,0
mamma,upsala,1880,651,35599106,18.286976083051073,651,0
mamsell,upsala,1880,336,35599106,9.438439268671523,336,0
matmor,upsala,1880,67,35599106,1.882069735122,67,0
moder,upsala,1880,2220,35599106,62.3611165965797,2219,1
moderlig,upsala,1880,231,35599106,6.488926997211672,231,0
moderlighet,upsala,1880,0,35599106,0.0,0,0
mor,upsala,1880,3986,35599106,111.96910394322823,3985,1
mormor,upsala,1880,144,35599106,4.045045400859224,144,0
mö,upsala,1880,206,35599106,5.786662170673612,206,0
piga,upsala,1880,884,35599106,24.83208426638579,884,0
poetissa,upsala,1880,2,35599106,0.05618118612304478,2,0
prinsessa,upsala,1880,955,35599106,26.82651637375388,954,1
prostinna,upsala,1880,0,35599106,0.0,0,0
prästfru,upsala,1880,0,35599106,0.0,0,0
quinfolk,upsala,1880,0,35599106,0.0,0,0
quinna,upsala,1880,0,35599106,0.0,0,0
quinnor,upsala,1880,0,35599106,0.0,0,0
qvinfolk,upsala,1880,0,35599106,0.0,0,0
qvinnokön,upsala,1880,0,35599106,0.0,0,0
qvinnor,upsala,1880,0,35599106,0.0,0,0
qvinsperson,upsala,1880,0,35599106,0.0,0,0
ragata,upsala,1880,3,35599106,0.08427177918456716,3,0
satkärring,upsala,1880,0,35599106,0.0,0,0
sig,upsala,1880,87546,35599106,2459.219060164039,87535,11
sjuksköterska,upsala,1880,151,35599106,4.241679552289881,151,0
själv,upsala,1880,8,35599106,0.2247247444921791,8,0
skata,upsala,1880,70,35599106,1.9663415143065672,70,0
skollärarinna,upsala,1880,0,35599106,0.0,0,0
skrivbiträde,upsala,1880,0,35599106,0.0,0,0
skådespelerska,upsala,1880,260,35599106,7.303554195995821,259,1
sköka,upsala,1880,6,35599106,0.16854355836913432,6,0
slampa,upsala,1880,1,35599106,0.02809059306152239,1,0
slinka,upsala,1880,19,35599106,0.5337212681689254,19,0
slyna,upsala,1880,7,35599106,0.1966341514306567,7,0
småflicka,upsala,1880,1,35599106,0.02809059306152239,1,0
sondotter,upsala,1880,27,35599106,0.7584460126611045,27,0
spinnerska,upsala,1880,0,35599106,0.0,0,0
styvmor,upsala,1880,0,35599106,0.0,0,0
subba,upsala,1880,0,35599106,0.0,0,0
sugga,upsala,1880,340,35599106,9.550801640917612,340,0
svärmor,upsala,1880,156,35599106,4.382132517597492,156,0
syster,upsala,1880,1338,35599106,37.585213516316955,1338,0
systerdotter,upsala,1880,45,35599106,1.2640766877685075,45,0
sångerska,upsala,1880,520,35599106,14.607108391991641,520,0
sömmerska,upsala,1880,344,35599106,9.663164013163701,344,0
tant,upsala,1880,421,35599106,11.826139678900924,420,1
telefonist,upsala,1880,6,35599106,0.16854355836913432,6,0
tjej,upsala,1880,0,35599106,0.0,0,0
tjänarinna,upsala,1880,0,35599106,0.0,0,0
trollpacka,upsala,1880,2,35599106,0.05618118612304478,2,0
tvätterska,upsala,1880,177,35599106,4.972034971889463,177,0
tös,upsala,1880,39,35599106,1.095533129399373,39,0
tösabit,upsala,1880,0,35599106,0.0,0,0
ungflicka,upsala,1880,0,35599106,0.0,0,0
värdinna,upsala,1880,1224,35599106,34.382885907303404,1224,0
väverska,upsala,1880,0,35599106,0.0,0,0
äkta,upsala,1880,7533,35599106,211.60643753244815,0,7533
äkta maka,upsala,1880,4,35599106,0.11236237224608955,4,0
änka,upsala,1880,24,35599106,0.6741742334765373,24,0
amma,upsala,1890,159,23441722,6.782778159386073,159,0
barnmorska,upsala,1890,184,23441722,7.849252712748663,184,0
baronessa,upsala,1890,161,23441722,6.8680961236550795,161,0
borgmästarfru,upsala,1890,0,23441722,0.0,0,0
dam,upsala,1890,6079,23441722,259.3239523956474,6078,1
dotter,upsala,1890,4272,23441722,182.23917167859938,4272,0
drottning,upsala,1890,905,23441722,38.606378831725756,904,1
fabriksarbeterska,upsala,1890,0,23441722,0.0,0,0
farmor,upsala,1890,19,23441722,0.8105206605555684,19,0
feminin,upsala,1890,2,23441722,0.0853179642690072,2,0
flicka,upsala,1890,5062,23441722,215.93976756485722,5060,2
flickebarn,upsala,1890,281,23441722,11.98717397979551,281,0
fnaska,upsala,1890,0,23441722,0.0,0,0
fostermoder,upsala,1890,0,23441722,0.0,0,0
fostermor,upsala,1890,29,23441722,1.2371104819006045,29,0
friherrinna,upsala,1890,0,23441722,0.0,0,0
fru,upsala,1890,11519,23441722,491.38881520734697,11518,1
fruntimmer,upsala,1890,3055,23441722,130.3231904209085,3054,1
fröken,upsala,1890,5205,23441722,222.04000201009123,5204,1
författarinna,upsala,1890,100,23441722,4.26589821345036,100,0
gammal,upsala,1890,17118,23441722,730.2364561784326,0,17118
gammal gumma,upsala,1890,16,23441722,0.6825437141520576,16,0
gammelmor,upsala,1890,0,23441722,0.0,0,0
gemål,upsala,1890,123,23441722,5.247054802543943,123,0
grevinna,upsala,1890,1,23441722,0.0426589821345036,1,0
gumma,upsala,1890,342,23441722,14.589371890000232,342,0
guvernant,upsala,1890,119,23441722,5.076418874005928,119,0
hennes,upsala,1890,0,23441722,0.0,0,0
hertiginna,upsala,1890,89,23441722,3.7966494099708203,89,0
hjältinna,upsala,1890,1,23441722,0.0426589821345036,1,0
hjärtevän,upsala,1890,2,23441722,0.0853179642690072,2,0
hona,upsala,1890,41,23441722,1.7490182675146475,41,0
honkön,upsala,1890,1,23441722,0.0426589821345036,1,0
hora,upsala,1890,38,23441722,1.6210413211111367,38,0
husfru,upsala,1890,14,23441722,0.5972257498830504,14,0
hushållerska,upsala,1890,384,23441722,16.38104913964938,384,0
husmoder,upsala,1890,0,23441722,0.0,0,0
husmor,upsala,1890,275,23441722,11.73122008698849,275,0
hustru,upsala,1890,6707,23441722,286.1137931761156,6705,2
häxa,upsala,1890,1,23441722,0.0426589821345036,1,0
jungfru,upsala,1890,1760,23441722,75.07980855672633,1760,0
jänta,upsala,1890,8,23441722,0.3412718570760288,8,0
jäntunge,upsala,1890,0,23441722,0.0,0,0
kassörska,upsala,1890,79,23441722,3.3700595886257845,79,0
kejsarinna,upsala,1890,214,23441722,9.12902217678377,214,0
kokerska,upsala,1890,565,23441722,24.102324905994536,564,1
kokfru,upsala,1890,0,23441722,0.0,0,0
konstnärinna,upsala,1890,0,23441722,0.0,0,0
kontorist,upsala,1890,45,23441722,1.919654196052662,45,0
kontorsfröken,upsala,1890,0,23441722,0.0,0,0
kviga,upsala,1890,7,23441722,0.2986128749415252,7,0
kvinna,upsala,1890,116,23441722,4.948441927602418,116,0
kvinnfolk,upsala,1890,0,23441722,0.0,0,0
kvinnlig,upsala,1890,8,23441722,0.3412718570760288,8,0
kvinnlighet,upsala,1890,0,23441722,0.0,0,0
kvinnokön,upsala,1890,1,23441722,0.0426589821345036,1,0
kvinnsperson,upsala,1890,0,23441722,0.0,0,0
käring,upsala,1890,12,23441722,0.5119077856140432,12,0
kärring,upsala,1890,1,23441722,0.0426589821345036,1,0
landshövdingska,upsala,1890,0,23441722,0.0,0,0
lillflicka,upsala,1890,0,23441722,0.0,0,0
liten,upsala,1890,30179,23441722,1287.4054218371841,0,30179
liten flicka,upsala,1890,82,23441722,3.498036535029295,82,0
livskamrat,upsala,1890,0,23441722,0.0,0,0
lärarinna,upsala,1890,1099,23441722,46.882221365819454,1099,0
madam,upsala,1890,920,23441722,39.24626356374331,920,0
madame,upsala,1890,36,23441722,1.5357233568421296,36,0
maka,upsala,1890,1295,23441722,55.24338186418216,1295,0
mamma,upsala,1890,194,23441722,8.275842534093698,194,0
mamsell,upsala,1890,63,23441722,2.6875158744737266,63,0
matmor,upsala,1890,19,23441722,0.8105206605555684,19,0
moder,upsala,1890,1268,23441722,54.09158934655056,1268,0
moderlig,upsala,1890,105,23441722,4.479193124122878,105,0
moderlighet,upsala,1890,0,23441722,0.0,0,0
mor,upsala,1890,2069,23441722,88.26143403628795,2069,0
mormor,upsala,1890,97,23441722,4.137921267046849,97,0
mö,upsala,1890,97,23441722,4.137921267046849,97,0
piga,upsala,1890,307,23441722,13.096307515292605,307,0
poetissa,upsala,1890,0,23441722,0.0,0,0
prinsessa,upsala,1890,240,23441722,10.238155712280864,240,0
prostinna,upsala,1890,0,23441722,0.0,0,0
prästfru,upsala,1890,0,23441722,0.0,0,0
quinfolk,upsala,1890,0,23441722,0.0,0,0
quinna,upsala,1890,0,23441722,0.0,0,0
quinnor,upsala,1890,0,23441722,0.0,0,0
qvinfolk,upsala,1890,0,23441722,0.0,0,0
qvinnokön,upsala,1890,0,23441722,0.0,0,0
qvinnor,upsala,1890,0,23441722,0.0,0,0
qvinsperson,upsala,1890,0,23441722,0.0,0,0
ragata,upsala,1890,1,23441722,0.0426589821345036,1,0
satkärring,upsala,1890,0,23441722,0.0,0,0
sig,upsala,1890,50908,23441722,2171.6834625033093,50901,7
sjuksköterska,upsala,1890,107,23441722,4.564511088391885,107,0
själv,upsala,1890,0,23441722,0.0,0,0
skata,upsala,1890,42,23441722,1.791677249649151,42,0
skollärarinna,upsala,1890,0,23441722,0.0,0,0
skrivbiträde,upsala,1890,0,23441722,0.0,0,0
skådespelerska,upsala,1890,99,23441722,4.223239231315857,99,0
sköka,upsala,1890,3,23441722,0.1279769464035108,3,0
slampa,upsala,1890,0,23441722,0.0,0,0
slinka,upsala,1890,16,23441722,0.6825437141520576,16,0
slyna,upsala,1890,2,23441722,0.0853179642690072,2,0
småflicka,upsala,1890,11,23441722,0.4692488034795396,11,0
sondotter,upsala,1890,19,23441722,0.8105206605555684,19,0
spinnerska,upsala,1890,0,23441722,0.0,0,0
styvmor,upsala,1890,0,23441722,0.0,0,0
subba,upsala,1890,2,23441722,0.0853179642690072,2,0
sugga,upsala,1890,405,23441722,17.27688776447396,405,0
svärmor,upsala,1890,91,23441722,3.8819673742398275,91,0
syster,upsala,1890,1007,23441722,42.95759500944513,1007,0
systerdotter,upsala,1890,24,23441722,1.0238155712280863,24,0
sångerska,upsala,1890,225,23441722,9.59827098026331,225,0
sömmerska,upsala,1890,379,23441722,16.167754228976865,379,0
tant,upsala,1890,186,23441722,7.934570677017669,186,0
telefonist,upsala,1890,18,23441722,0.7678616784210648,18,0
tjej,upsala,1890,0,23441722,0.0,0,0
tjänarinna,upsala,1890,2,23441722,0.0853179642690072,2,0
trollpacka,upsala,1890,1,23441722,0.0426589821345036,1,0
tvätterska,upsala,1890,71,23441722,3.028787731549756,71,0
tös,upsala,1890,11,23441722,0.4692488034795396,11,0
tösabit,upsala,1890,0,23441722,0.0,0,0
ungflicka,upsala,1890,0,23441722,0.0,0,0
värdinna,upsala,1890,2990,23441722,127.55035658216576,2986,4
väverska,upsala,1890,0,23441722,0.0,0,0
äkta,upsala,1890,5295,23441722,225.87931040219655,0,5295
äkta maka,upsala,1890,1,23441722,0.0426589821345036,1,0
änka,upsala,1890,19,23441722,0.8105206605555684,19,0
amma,vestmanlandslanstidning,1880,222,26157841,8.48693896411405,222,0
barnmorska,vestmanlandslanstidning,1880,197,26157841,7.531202594281386,197,0
baronessa,vestmanlandslanstidning,1880,72,26157841,2.75252074511807,72,0
borgmästarfru,vestmanlandslanstidning,1880,0,26157841,0.0,0,0
dam,vestmanlandslanstidning,1880,3405,26157841,130.17129357120874,3405,0
dotter,vestmanlandslanstidning,1880,3352,26157841,128.14513246716348,3348,4
drottning,vestmanlandslanstidning,1880,1615,26157841,61.740569491190044,1614,1
fabriksarbeterska,vestmanlandslanstidning,1880,0,26157841,0.0,0,0
farmor,vestmanlandslanstidning,1880,137,26157841,5.237435306682994,137,0
feminin,vestmanlandslanstidning,1880,18,26157841,0.6881301862795175,18,0
flicka,vestmanlandslanstidning,1880,6555,26157841,250.59407617012428,6555,0
flickebarn,vestmanlandslanstidning,1880,68,26157841,2.599602925944844,68,0
fnaska,vestmanlandslanstidning,1880,0,26157841,0.0,0,0
fostermoder,vestmanlandslanstidning,1880,0,26157841,0.0,0,0
fostermor,vestmanlandslanstidning,1880,19,26157841,0.726359641072824,19,0
friherrinna,vestmanlandslanstidning,1880,0,26157841,0.0,0,0
fru,vestmanlandslanstidning,1880,8734,26157841,333.8960581647392,8734,0
fruntimmer,vestmanlandslanstidning,1880,1910,26157841,73.01825865521546,1908,2
fröken,vestmanlandslanstidning,1880,3598,26157841,137.54957834631688,3598,0
författarinna,vestmanlandslanstidning,1880,113,26157841,4.3199283916436375,113,0
gammal,vestmanlandslanstidning,1880,20446,26157841,781.6394327039452,0,20446
gammal gumma,vestmanlandslanstidning,1880,34,26157841,1.299801462972422,34,0
gammelmor,vestmanlandslanstidning,1880,0,26157841,0.0,0,0
gemål,vestmanlandslanstidning,1880,267,26157841,10.207264429812843,267,0
grevinna,vestmanlandslanstidning,1880,3,26157841,0.11468836437991958,3,0
gumma,vestmanlandslanstidning,1880,684,26157841,26.148947078621664,684,0
guvernant,vestmanlandslanstidning,1880,61,26157841,2.331996742391698,61,0
hennes,vestmanlandslanstidning,1880,0,26157841,0.0,0,0
hertiginna,vestmanlandslanstidning,1880,122,26157841,4.663993484783396,122,0
hjältinna,vestmanlandslanstidning,1880,4,26157841,0.1529178191732261,4,0
hjärtevän,vestmanlandslanstidning,1880,4,26157841,0.1529178191732261,4,0
hona,vestmanlandslanstidning,1880,117,26157841,4.472846210816864,117,0
honkön,vestmanlandslanstidning,1880,2,26157841,0.07645890958661306,2,0
hora,vestmanlandslanstidning,1880,122,26157841,4.663993484783396,122,0
husfru,vestmanlandslanstidning,1880,39,26157841,1.4909487369389545,39,0
hushållerska,vestmanlandslanstidning,1880,352,26157841,13.456768087243898,352,0
husmoder,vestmanlandslanstidning,1880,0,26157841,0.0,0,0
husmor,vestmanlandslanstidning,1880,426,26157841,16.28574774194858,426,0
hustru,vestmanlandslanstidning,1880,5431,26157841,207.62416898244774,5428,3
häxa,vestmanlandslanstidning,1880,1,26157841,0.03822945479330653,1,0
jungfru,vestmanlandslanstidning,1880,902,26157841,34.48296822356249,902,0
jänta,vestmanlandslanstidning,1880,26,26157841,0.9939658246259697,26,0
jäntunge,vestmanlandslanstidning,1880,0,26157841,0.0,0,0
kassörska,vestmanlandslanstidning,1880,16,26157841,0.6116712766929044,16,0
kejsarinna,vestmanlandslanstidning,1880,170,26157841,6.4990073148621095,170,0
kokerska,vestmanlandslanstidning,1880,174,26157841,6.651925134035336,174,0
kokfru,vestmanlandslanstidning,1880,0,26157841,0.0,0,0
konstnärinna,vestmanlandslanstidning,1880,0,26157841,0.0,0,0
kontorist,vestmanlandslanstidning,1880,131,26157841,5.008058577923155,131,0
kontorsfröken,vestmanlandslanstidning,1880,0,26157841,0.0,0,0
kviga,vestmanlandslanstidning,1880,199,26157841,7.607661503867999,199,0
kvinna,vestmanlandslanstidning,1880,2343,26157841,89.57161258071719,2342,1
kvinnfolk,vestmanlandslanstidning,1880,3,26157841,0.11468836437991958,3,0
kvinnlig,vestmanlandslanstidning,1880,0,26157841,0.0,0,0
kvinnlighet,vestmanlandslanstidning,1880,0,26157841,0.0,0,0
kvinnokön,vestmanlandslanstidning,1880,7,26157841,0.2676061835531457,7,0
kvinnsperson,vestmanlandslanstidning,1880,0,26157841,0.0,0,0
käring,vestmanlandslanstidning,1880,87,26157841,3.325962567017668,87,0
kärring,vestmanlandslanstidning,1880,4,26157841,0.1529178191732261,4,0
landshövdingska,vestmanlandslanstidning,1880,0,26157841,0.0,0,0
lillflicka,vestmanlandslanstidning,1880,0,26157841,0.0,0,0
liten,vestmanlandslanstidning,1880,38487,26157841,1471.3370266299883,0,38487
liten flicka,vestmanlandslanstidning,1880,180,26157841,6.8813018627951745,180,0
livskamrat,vestmanlandslanstidning,1880,0,26157841,0.0,0,0
lärarinna,vestmanlandslanstidning,1880,1608,26157841,61.472963307636896,1607,1
madam,vestmanlandslanstidning,1880,323,26157841,12.348113898238008,323,0
madame,vestmanlandslanstidning,1880,237,26157841,9.060380786013647,237,0
maka,vestmanlandslanstidning,1880,1006,26157841,38.45883152206637,1006,0
mamma,vestmanlandslanstidning,1880,773,26157841,29.551368555225945,773,0
mamsell,vestmanlandslanstidning,1880,304,26157841,11.621754257165184,304,0
matmor,vestmanlandslanstidning,1880,70,26157841,2.6760618355314567,70,0
moder,vestmanlandslanstidning,1880,2359,26157841,90.1832838574101,2358,1
moderlig,vestmanlandslanstidning,1880,106,26157841,4.052322208090492,106,0
moderlighet,vestmanlandslanstidning,1880,0,26157841,0.0,0,0
mor,vestmanlandslanstidning,1880,4112,26157841,157.19951811007644,4111,1
mormor,vestmanlandslanstidning,1880,207,26157841,7.913497142214451,207,0
mö,vestmanlandslanstidning,1880,65,26157841,2.484914561564924,65,0
piga,vestmanlandslanstidning,1880,854,26157841,32.64795439348377,854,0
poetissa,vestmanlandslanstidning,1880,1,26157841,0.03822945479330653,1,0
prinsessa,vestmanlandslanstidning,1880,629,26157841,24.046327064989807,629,0
prostinna,vestmanlandslanstidning,1880,0,26157841,0.0,0,0
prästfru,vestmanlandslanstidning,1880,0,26157841,0.0,0,0
quinfolk,vestmanlandslanstidning,1880,0,26157841,0.0,0,0
quinna,vestmanlandslanstidning,1880,0,26157841,0.0,0,0
quinnor,vestmanlandslanstidning,1880,0,26157841,0.0,0,0
qvinfolk,vestmanlandslanstidning,1880,0,26157841,0.0,0,0
qvinnokön,vestmanlandslanstidning,1880,0,26157841,0.0,0,0
qvinnor,vestmanlandslanstidning,1880,0,26157841,0.0,0,0
qvinsperson,vestmanlandslanstidning,1880,0,26157841,0.0,0,0
ragata,vestmanlandslanstidning,1880,2,26157841,0.07645890958661306,2,0
satkärring,vestmanlandslanstidning,1880,0,26157841,0.0,0,0
sig,vestmanlandslanstidning,1880,81624,26157841,3120.441018048852,81611,13
sjuksköterska,vestmanlandslanstidning,1880,146,26157841,5.581500399822753,146,0
själv,vestmanlandslanstidning,1880,7,26157841,0.2676061835531457,7,0
skata,vestmanlandslanstidning,1880,37,26157841,1.4144898273523414,37,0
skollärarinna,vestmanlandslanstidning,1880,0,26157841,0.0,0,0
skrivbiträde,vestmanlandslanstidning,1880,0,26157841,0.0,0,0
skådespelerska,vestmanlandslanstidning,1880,93,26157841,3.555339295777507,93,0
sköka,vestmanlandslanstidning,1880,8,26157841,0.3058356383464522,8,0
slampa,vestmanlandslanstidning,1880,0,26157841,0.0,0,0
slinka,vestmanlandslanstidning,1880,12,26157841,0.45875345751967833,12,0
slyna,vestmanlandslanstidning,1880,8,26157841,0.3058356383464522,8,0
småflicka,vestmanlandslanstidning,1880,11,26157841,0.4205240027263718,11,0
sondotter,vestmanlandslanstidning,1880,28,26157841,1.0704247342125828,28,0
spinnerska,vestmanlandslanstidning,1880,0,26157841,0.0,0,0
styvmor,vestmanlandslanstidning,1880,0,26157841,0.0,0,0
subba,vestmanlandslanstidning,1880,1,26157841,0.03822945479330653,1,0
sugga,vestmanlandslanstidning,1880,195,26157841,7.4547436846947726,195,0
svärmor,vestmanlandslanstidning,1880,164,26157841,6.26963058610227,164,0
syster,vestmanlandslanstidning,1880,1685,26157841,64.4166313267215,1685,0
systerdotter,vestmanlandslanstidning,1880,30,26157841,1.1468836437991958,30,0
sångerska,vestmanlandslanstidning,1880,247,26157841,9.442675333946712,247,0
sömmerska,vestmanlandslanstidning,1880,189,26157841,7.225366955934934,189,0
tant,vestmanlandslanstidning,1880,382,26157841,14.603651731043094,382,0
telefonist,vestmanlandslanstidning,1880,14,26157841,0.5352123671062914,14,0
tjej,vestmanlandslanstidning,1880,0,26157841,0.0,0,0
tjänarinna,vestmanlandslanstidning,1880,3,26157841,0.11468836437991958,3,0
trollpacka,vestmanlandslanstidning,1880,15,26157841,0.5734418218995979,15,0
tvätterska,vestmanlandslanstidning,1880,33,26157841,1.2615720081791153,33,0
tös,vestmanlandslanstidning,1880,56,26157841,2.1408494684251655,56,0
tösabit,vestmanlandslanstidning,1880,0,26157841,0.0,0,0
ungflicka,vestmanlandslanstidning,1880,0,26157841,0.0,0,0
värdinna,vestmanlandslanstidning,1880,383,26157841,14.6418811858364,383,0
väverska,vestmanlandslanstidning,1880,0,26157841,0.0,0,0
äkta,vestmanlandslanstidning,1880,4116,26157841,157.35243592924968,0,4116
äkta maka,vestmanlandslanstidning,1880,4,26157841,0.1529178191732261,4,0
änka,vestmanlandslanstidning,1880,69,26157841,2.6378323807381503,69,0
amma,vestmanlandslanstidning,1890,110,21534897,5.107988210948954,110,0
barnmorska,vestmanlandslanstidning,1890,413,21534897,19.178173919290163,413,0
baronessa,vestmanlandslanstidning,1890,222,21534897,10.308848934824253,222,0
borgmästarfru,vestmanlandslanstidning,1890,0,21534897,0.0,0,0
dam,vestmanlandslanstidning,1890,3079,21534897,142.97723365010754,3079,0
dotter,vestmanlandslanstidning,1890,2411,21534897,111.95781433270844,2409,2
drottning,vestmanlandslanstidning,1890,828,21534897,38.449220351506675,828,0
fabriksarbeterska,vestmanlandslanstidning,1890,0,21534897,0.0,0,0
farmor,vestmanlandslanstidning,1890,48,21534897,2.2289403102322707,48,0
feminin,vestmanlandslanstidning,1890,9,21534897,0.4179263081685508,9,0
flicka,vestmanlandslanstidning,1890,4564,21534897,211.93507449791844,4563,1
flickebarn,vestmanlandslanstidning,1890,46,21534897,2.1360677973059263,46,0
fnaska,vestmanlandslanstidning,1890,1,21534897,0.04643625646317231,1,0
fostermoder,vestmanlandslanstidning,1890,0,21534897,0.0,0,0
fostermor,vestmanlandslanstidning,1890,32,21534897,1.4859602068215139,32,0
friherrinna,vestmanlandslanstidning,1890,0,21534897,0.0,0,0
fru,vestmanlandslanstidning,1890,6696,21534897,310.93717327740177,6694,2
fruntimmer,vestmanlandslanstidning,1890,1481,21534897,68.77209582195819,1480,1
fröken,vestmanlandslanstidning,1890,3619,21534897,168.0528121402206,3619,0
författarinna,vestmanlandslanstidning,1890,166,21534897,7.708418572886604,166,0
gammal,vestmanlandslanstidning,1890,17792,21534897,826.1938749927617,0,17792
gammal gumma,vestmanlandslanstidning,1890,26,21534897,1.2073426680424801,26,0
gammelmor,vestmanlandslanstidning,1890,0,21534897,0.0,0,0
gemål,vestmanlandslanstidning,1890,175,21534897,8.126344881055154,175,0
grevinna,vestmanlandslanstidning,1890,2,21534897,0.09287251292634462,2,0
gumma,vestmanlandslanstidning,1890,510,21534897,23.682490796217877,510,0
guvernant,vestmanlandslanstidning,1890,126,21534897,5.8509683143597115,126,0
hennes,vestmanlandslanstidning,1890,0,21534897,0.0,0,0
hertiginna,vestmanlandslanstidning,1890,40,21534897,1.8574502585268924,40,0
hjältinna,vestmanlandslanstidning,1890,24,21534897,1.1144701551161353,24,0
hjärtevän,vestmanlandslanstidning,1890,5,21534897,0.23218128231586155,5,0
hona,vestmanlandslanstidning,1890,75,21534897,3.482719234737923,75,0
honkön,vestmanlandslanstidning,1890,0,21534897,0.0,0,0
hora,vestmanlandslanstidning,1890,29,21534897,1.3466514374319971,29,0
husfru,vestmanlandslanstidning,1890,22,21534897,1.0215976421897908,22,0
hushållerska,vestmanlandslanstidning,1890,408,21534897,18.945992636974303,408,0
husmoder,vestmanlandslanstidning,1890,0,21534897,0.0,0,0
husmor,vestmanlandslanstidning,1890,323,21534897,14.998910837604656,323,0
hustru,vestmanlandslanstidning,1890,5072,21534897,235.52469278120995,5072,0
häxa,vestmanlandslanstidning,1890,0,21534897,0.0,0,0
jungfru,vestmanlandslanstidning,1890,771,21534897,35.80235373310585,771,0
jänta,vestmanlandslanstidning,1890,18,21534897,0.8358526163371016,17,1
jäntunge,vestmanlandslanstidning,1890,0,21534897,0.0,0,0
kassörska,vestmanlandslanstidning,1890,44,21534897,2.0431952843795815,44,0
kejsarinna,vestmanlandslanstidning,1890,38,21534897,1.7645777456005478,38,0
kokerska,vestmanlandslanstidning,1890,184,21534897,8.544271189223705,184,0
kokfru,vestmanlandslanstidning,1890,0,21534897,0.0,0,0
konstnärinna,vestmanlandslanstidning,1890,0,21534897,0.0,0,0
kontorist,vestmanlandslanstidning,1890,71,21534897,3.296974208885234,71,0
kontorsfröken,vestmanlandslanstidning,1890,0,21534897,0.0,0,0
kviga,vestmanlandslanstidning,1890,484,21534897,22.475148128175398,484,0
kvinna,vestmanlandslanstidning,1890,3936,21534897,182.77310543904622,3934,2
kvinnfolk,vestmanlandslanstidning,1890,3,21534897,0.13930876938951692,3,0
kvinnlig,vestmanlandslanstidning,1890,47,21534897,2.1825040537690987,47,0
kvinnlighet,vestmanlandslanstidning,1890,2,21534897,0.09287251292634462,2,0
kvinnokön,vestmanlandslanstidning,1890,7,21534897,0.3250537952422062,7,0
kvinnsperson,vestmanlandslanstidning,1890,1,21534897,0.04643625646317231,1,0
käring,vestmanlandslanstidning,1890,71,21534897,3.296974208885234,71,0
kärring,vestmanlandslanstidning,1890,0,21534897,0.0,0,0
landshövdingska,vestmanlandslanstidning,1890,0,21534897,0.0,0,0
lillflicka,vestmanlandslanstidning,1890,0,21534897,0.0,0,0
liten,vestmanlandslanstidning,1890,30741,21534897,1427.49695993438,0,30741
liten flicka,vestmanlandslanstidning,1890,101,21534897,4.690061902780403,101,0
livskamrat,vestmanlandslanstidning,1890,0,21534897,0.0,0,0
lärarinna,vestmanlandslanstidning,1890,1297,21534897,60.22782463273449,1297,0
madam,vestmanlandslanstidning,1890,80,21534897,3.7149005170537848,80,0
madame,vestmanlandslanstidning,1890,113,21534897,5.247296980338471,113,0
maka,vestmanlandslanstidning,1890,934,21534897,43.37146353660294,934,0
mamma,vestmanlandslanstidning,1890,479,21534897,22.242966845859538,479,0
mamsell,vestmanlandslanstidning,1890,100,21534897,4.643625646317231,100,0
matmor,vestmanlandslanstidning,1890,37,21534897,1.7181414891373754,37,0
moder,vestmanlandslanstidning,1890,1614,21534897,74.9481179315601,1614,0
moderlig,vestmanlandslanstidning,1890,44,21534897,2.0431952843795815,44,0
moderlighet,vestmanlandslanstidning,1890,2,21534897,0.09287251292634462,2,0
mor,vestmanlandslanstidning,1890,2707,21534897,125.70294624580744,2707,0
mormor,vestmanlandslanstidning,1890,108,21534897,5.015115698022609,108,0
mö,vestmanlandslanstidning,1890,37,21534897,1.7181414891373754,37,0
piga,vestmanlandslanstidning,1890,309,21534897,14.348803247120244,309,0
poetissa,vestmanlandslanstidning,1890,0,21534897,0.0,0,0
prinsessa,vestmanlandslanstidning,1890,354,21534897,16.438434787962997,353,1
prostinna,vestmanlandslanstidning,1890,0,21534897,0.0,0,0
prästfru,vestmanlandslanstidning,1890,0,21534897,0.0,0,0
quinfolk,vestmanlandslanstidning,1890,0,21534897,0.0,0,0
quinna,vestmanlandslanstidning,1890,0,21534897,0.0,0,0
quinnor,vestmanlandslanstidning,1890,0,21534897,0.0,0,0
qvinfolk,vestmanlandslanstidning,1890,0,21534897,0.0,0,0
qvinnokön,vestmanlandslanstidning,1890,0,21534897,0.0,0,0
qvinnor,vestmanlandslanstidning,1890,0,21534897,0.0,0,0
qvinsperson,vestmanlandslanstidning,1890,0,21534897,0.0,0,0
ragata,vestmanlandslanstidning,1890,1,21534897,0.04643625646317231,1,0
satkärring,vestmanlandslanstidning,1890,1,21534897,0.04643625646317231,1,0
sig,vestmanlandslanstidning,1890,65985,21534897,3064.096382722425,65978,7
sjuksköterska,vestmanlandslanstidning,1890,180,21534897,8.358526163371016,180,0
själv,vestmanlandslanstidning,1890,1,21534897,0.04643625646317231,1,0
skata,vestmanlandslanstidning,1890,35,21534897,1.6252689762110308,35,0
skollärarinna,vestmanlandslanstidning,1890,0,21534897,0.0,0,0
skrivbiträde,vestmanlandslanstidning,1890,0,21534897,0.0,0,0
skådespelerska,vestmanlandslanstidning,1890,124,21534897,5.758095801433367,124,0
sköka,vestmanlandslanstidning,1890,1,21534897,0.04643625646317231,1,0
slampa,vestmanlandslanstidning,1890,2,21534897,0.09287251292634462,2,0
slinka,vestmanlandslanstidning,1890,25,21534897,1.1609064115793077,25,0
slyna,vestmanlandslanstidning,1890,9,21534897,0.4179263081685508,9,0
småflicka,vestmanlandslanstidning,1890,20,21534897,0.9287251292634462,20,0
sondotter,vestmanlandslanstidning,1890,12,21534897,0.5572350775580677,12,0
spinnerska,vestmanlandslanstidning,1890,0,21534897,0.0,0,0
styvmor,vestmanlandslanstidning,1890,0,21534897,0.0,0,0
subba,vestmanlandslanstidning,1890,0,21534897,0.0,0,0
sugga,vestmanlandslanstidning,1890,248,21534897,11.516191602866733,248,0
svärmor,vestmanlandslanstidning,1890,126,21534897,5.8509683143597115,126,0
syster,vestmanlandslanstidning,1890,1915,21534897,88.92543112697497,1914,1
systerdotter,vestmanlandslanstidning,1890,29,21534897,1.3466514374319971,29,0
sångerska,vestmanlandslanstidning,1890,113,21534897,5.247296980338471,113,0
sömmerska,vestmanlandslanstidning,1890,143,21534897,6.6403846742336405,143,0
tant,vestmanlandslanstidning,1890,404,21534897,18.760247611121613,404,0
telefonist,vestmanlandslanstidning,1890,3,21534897,0.13930876938951692,3,0
tjej,vestmanlandslanstidning,1890,1,21534897,0.04643625646317231,1,0
tjänarinna,vestmanlandslanstidning,1890,10,21534897,0.4643625646317231,10,0
trollpacka,vestmanlandslanstidning,1890,3,21534897,0.13930876938951692,3,0
tvätterska,vestmanlandslanstidning,1890,22,21534897,1.0215976421897908,22,0
tös,vestmanlandslanstidning,1890,73,21534897,3.389846721811579,73,0
tösabit,vestmanlandslanstidning,1890,0,21534897,0.0,0,0
ungflicka,vestmanlandslanstidning,1890,0,21534897,0.0,0,0
värdinna,vestmanlandslanstidning,1890,343,21534897,15.927635966868102,343,0
väverska,vestmanlandslanstidning,1890,0,21534897,0.0,0,0
äkta,vestmanlandslanstidning,1890,3094,21534897,143.67377749705514,0,3094
äkta maka,vestmanlandslanstidning,1890,5,21534897,0.23218128231586155,5,0
änka,vestmanlandslanstidning,1890,30,21534897,1.3930876938951693,30,0
amma,wernamotidning,1880,37,3394983,10.898434542971202,37,0
barnmorska,wernamotidning,1880,28,3394983,8.247463978464694,28,0
baronessa,wernamotidning,1880,10,3394983,2.945522849451676,10,0
borgmästarfru,wernamotidning,1880,0,3394983,0.0,0,0
dam,wernamotidning,1880,720,3394983,212.0776451605207,720,0
dotter,wernamotidning,1880,884,3394983,260.3842198915282,884,0
drottning,wernamotidning,1880,374,3394983,110.16255456949268,374,0
fabriksarbeterska,wernamotidning,1880,0,3394983,0.0,0,0
farmor,wernamotidning,1880,9,3394983,2.6509705645065087,9,0
feminin,wernamotidning,1880,2,3394983,0.5891045698903352,2,0
flicka,wernamotidning,1880,1000,3394983,294.5522849451676,1000,0
flickebarn,wernamotidning,1880,11,3394983,3.240075134396844,11,0
fnaska,wernamotidning,1880,0,3394983,0.0,0,0
fostermoder,wernamotidning,1880,0,3394983,0.0,0,0
fostermor,wernamotidning,1880,4,3394983,1.1782091397806704,4,0
friherrinna,wernamotidning,1880,0,3394983,0.0,0,0
fru,wernamotidning,1880,1019,3394983,300.1487783591258,1019,0
fruntimmer,wernamotidning,1880,275,3394983,81.0018783599211,275,0
fröken,wernamotidning,1880,520,3394983,153.16718817148717,519,1
författarinna,wernamotidning,1880,24,3394983,7.069254838684023,24,0
gammal,wernamotidning,1880,3113,3394983,916.9412630343068,0,3113
gammal gumma,wernamotidning,1880,4,3394983,1.1782091397806704,4,0
gammelmor,wernamotidning,1880,0,3394983,0.0,0,0
gemål,wernamotidning,1880,69,3394983,20.324107661216566,69,0
grevinna,wernamotidning,1880,0,3394983,0.0,0,0
gumma,wernamotidning,1880,278,3394983,81.8855352147566,278,0
guvernant,wernamotidning,1880,25,3394983,7.363807123629191,25,0
hennes,wernamotidning,1880,0,3394983,0.0,0,0
hertiginna,wernamotidning,1880,29,3394983,8.542016263409861,29,0
hjältinna,wernamotidning,1880,0,3394983,0.0,0,0
hjärtevän,wernamotidning,1880,0,3394983,0.0,0,0
hona,wernamotidning,1880,24,3394983,7.069254838684023,24,0
honkön,wernamotidning,1880,1,3394983,0.2945522849451676,1,0
hora,wernamotidning,1880,15,3394983,4.418284274177514,15,0
husfru,wernamotidning,1880,2,3394983,0.5891045698903352,2,0
hushållerska,wernamotidning,1880,11,3394983,3.240075134396844,11,0
husmoder,wernamotidning,1880,0,3394983,0.0,0,0
husmor,wernamotidning,1880,36,3394983,10.603882258026035,36,0
hustru,wernamotidning,1880,1289,3394983,379.67789529432105,1288,1
häxa,wernamotidning,1880,0,3394983,0.0,0,0
jungfru,wernamotidning,1880,90,3394983,26.509705645065086,90,0
jänta,wernamotidning,1880,12,3394983,3.5346274193420113,12,0
jäntunge,wernamotidning,1880,0,3394983,0.0,0,0
kassörska,wernamotidning,1880,1,3394983,0.2945522849451676,1,0
kejsarinna,wernamotidning,1880,126,3394983,37.11358790309112,126,0
kokerska,wernamotidning,1880,13,3394983,3.829179704287179,13,0
kokfru,wernamotidning,1880,0,3394983,0.0,0,0
konstnärinna,wernamotidning,1880,0,3394983,0.0,0,0
kontorist,wernamotidning,1880,30,3394983,8.836568548355029,30,0
kontorsfröken,wernamotidning,1880,0,3394983,0.0,0,0
kviga,wernamotidning,1880,0,3394983,0.0,0,0
kvinna,wernamotidning,1880,1,3394983,0.2945522849451676,1,0
kvinnfolk,wernamotidning,1880,0,3394983,0.0,0,0
kvinnlig,wernamotidning,1880,0,3394983,0.0,0,0
kvinnlighet,wernamotidning,1880,0,3394983,0.0,0,0
kvinnokön,wernamotidning,1880,0,3394983,0.0,0,0
kvinnsperson,wernamotidning,1880,0,3394983,0.0,0,0
käring,wernamotidning,1880,53,3394983,15.611271102093884,53,0
kärring,wernamotidning,1880,7,3394983,2.0618659946161735,7,0
landshövdingska,wernamotidning,1880,0,3394983,0.0,0,0
lillflicka,wernamotidning,1880,0,3394983,0.0,0,0
liten,wernamotidning,1880,5310,3394983,1564.07263305884,0,5310
liten flicka,wernamotidning,1880,37,3394983,10.898434542971202,37,0
livskamrat,wernamotidning,1880,0,3394983,0.0,0,0
lärarinna,wernamotidning,1880,105,3394983,30.9279899192426,105,0
madam,wernamotidning,1880,10,3394983,2.945522849451676,10,0
madame,wernamotidning,1880,7,3394983,2.0618659946161735,7,0
maka,wernamotidning,1880,157,3394983,46.24470873639132,157,0
mamma,wernamotidning,1880,194,3394983,57.14314327936252,194,0
mamsell,wernamotidning,1880,67,3394983,19.73500309132623,67,0
matmor,wernamotidning,1880,11,3394983,3.240075134396844,11,0
moder,wernamotidning,1880,418,3394983,123.12285510708007,418,0
moderlig,wernamotidning,1880,16,3394983,4.712836559122682,16,0
moderlighet,wernamotidning,1880,0,3394983,0.0,0,0
mor,wernamotidning,1880,650,3394983,191.45898521435896,650,0
mormor,wernamotidning,1880,35,3394983,10.309329973080867,35,0
mö,wernamotidning,1880,11,3394983,3.240075134396844,11,0
piga,wernamotidning,1880,257,3394983,75.69993723090808,257,0
poetissa,wernamotidning,1880,1,3394983,0.2945522849451676,1,0
prinsessa,wernamotidning,1880,130,3394983,38.29179704287179,130,0
prostinna,wernamotidning,1880,0,3394983,0.0,0,0
prästfru,wernamotidning,1880,0,3394983,0.0,0,0
quinfolk,wernamotidning,1880,0,3394983,0.0,0,0
quinna,wernamotidning,1880,0,3394983,0.0,0,0
quinnor,wernamotidning,1880,0,3394983,0.0,0,0
qvinfolk,wernamotidning,1880,0,3394983,0.0,0,0
qvinnokön,wernamotidning,1880,0,3394983,0.0,0,0
qvinnor,wernamotidning,1880,0,3394983,0.0,0,0
qvinsperson,wernamotidning,1880,0,3394983,0.0,0,0
ragata,wernamotidning,1880,3,3394983,0.8836568548355028,3,0
satkärring,wernamotidning,1880,0,3394983,0.0,0,0
sig,wernamotidning,1880,16445,3394983,4843.912325923281,16445,0
sjuksköterska,wernamotidning,1880,11,3394983,3.240075134396844,11,0
själv,wernamotidning,1880,1,3394983,0.2945522849451676,1,0
skata,wernamotidning,1880,7,3394983,2.0618659946161735,7,0
skollärarinna,wernamotidning,1880,0,3394983,0.0,0,0
skrivbiträde,wernamotidning,1880,0,3394983,0.0,0,0
skådespelerska,wernamotidning,1880,58,3394983,17.084032526819723,58,0
sköka,wernamotidning,1880,1,3394983,0.2945522849451676,1,0
slampa,wernamotidning,1880,0,3394983,0.0,0,0
slinka,wernamotidning,1880,1,3394983,0.2945522849451676,1,0
slyna,wernamotidning,1880,1,3394983,0.2945522849451676,1,0
småflicka,wernamotidning,1880,0,3394983,0.0,0,0
sondotter,wernamotidning,1880,2,3394983,0.5891045698903352,2,0
spinnerska,wernamotidning,1880,0,3394983,0.0,0,0
styvmor,wernamotidning,1880,0,3394983,0.0,0,0
subba,wernamotidning,1880,0,3394983,0.0,0,0
sugga,wernamotidning,1880,14,3394983,4.123731989232347,14,0
svärmor,wernamotidning,1880,43,3394983,12.665748252642208,43,0
syster,wernamotidning,1880,194,3394983,57.14314327936252,194,0
systerdotter,wernamotidning,1880,5,3394983,1.472761424725838,5,0
sångerska,wernamotidning,1880,34,3394983,10.014777688135698,34,0
sömmerska,wernamotidning,1880,26,3394983,7.658359408574358,26,0
tant,wernamotidning,1880,42,3394983,12.37119596769704,42,0
telefonist,wernamotidning,1880,0,3394983,0.0,0,0
tjej,wernamotidning,1880,0,3394983,0.0,0,0
tjänarinna,wernamotidning,1880,0,3394983,0.0,0,0
trollpacka,wernamotidning,1880,0,3394983,0.0,0,0
tvätterska,wernamotidning,1880,5,3394983,1.472761424725838,5,0
tös,wernamotidning,1880,18,3394983,5.301941129013017,18,0
tösabit,wernamotidning,1880,0,3394983,0.0,0,0
ungflicka,wernamotidning,1880,0,3394983,0.0,0,0
värdinna,wernamotidning,1880,55,3394983,16.20037567198422,55,0
väverska,wernamotidning,1880,0,3394983,0.0,0,0
äkta,wernamotidning,1880,366,3394983,107.80613628993135,0,366
äkta maka,wernamotidning,1880,4,3394983,1.1782091397806704,4,0
änka,wernamotidning,1880,3,3394983,0.8836568548355028,3,0
