word,author,decade,api_absolute,author_decade_tokens,api_per_million_author_decade_tokens
attraktion,"Adlersparre, Georg Axel",1880,1,51236,19.517526739011632
attraktion,"Ahlbom, Mathilda",1860,2,395655,5.054908948452566
attraktion,"Ahlin, Johan Olof",1880,1,70471,14.190234280767976
attraktion,"Almqvist, C.J.L.",1830,1,621640,1.6086480921433628
attraktion,"Almqvist, C.J.L.",1840,2,1578875,1.2667247248832239
attraktion,"Amiel, Henri Frédéric",1900,1,79311,12.608591494244179
attraktion,Anonym,1850,1,858377,1.164989276273712
attraktion,"Berger, Henning",1910,2,310908,6.432771109138395
attraktion,"Bergman, Bengt",1930,1,83717,11.94500519607726
attraktion,"Bergman, Hjalmar",1910,2,487777,4.100234328391868
attraktion,"Bjerre, Andreas",1920,1,63395,15.774114677813708
attraktion,"Bremer, Fredrika",1850,2,594294,3.365337694810986
attraktion,"Bremer, Fredrika",1910,1,960521,1.0411016521242118
attraktion,"Bruzelius, Janne",1880,1,88580,11.289230074508918
attraktion,"Böttiger, Carl Wilhelm",1860,4,85664,46.69406051550243
attraktion,"Böttiger, Carl Wilhelm",1870,1,194246,5.148111158016124
attraktion,"Darwin, Charles",1870,3,433182,6.925495519204399
attraktion,"Dickens, Charles",1840,1,473171,2.1134008635355928
attraktion,"Edenberg, Albert Anderson",1880,1,686333,1.4570186775224272
attraktion,"Ekelund, Vilhelm",1920,1,263894,3.789400289510182
attraktion,"Ekermann, Agnes",1880,1,274026,3.649288753621919
attraktion,"Ekman, Ernst",1890,1,18284,54.69262743382192
attraktion,"Eneroth, Carl",1890,1,381701,2.6198516639987846
attraktion,"Eneroth, Carl",1900,1,70816,14.12110257568911
attraktion,"Falk, Hugo",1900,1,26626,37.55727484413731
attraktion,"Flygare, Edvard",1860,1,118842,8.414533582403527
attraktion,"Flygare-Carlén, Emilie",1860,1,814169,1.2282462240640457
attraktion,"Flygare-Carlén, Emilie",1870,2,329761,6.064998589887828
attraktion,"Flygare-Carlén, Emilie",1880,3,515456,5.820089396573131
attraktion,"Fornell, Bror Edvard",1840,2,132348,15.111675280321576
attraktion,"Fornell, Bror Edvard",1850,1,295224,3.3872584884697723
attraktion,"Gadelius, Bror",1910,1,33298,30.031833743768395
attraktion,"Geijer, Erik Gustaf",1850,2,1627119,1.229166397786517
attraktion,"Geijer, Erik Gustaf",1920,1,1937136,0.5162260161392902
attraktion,"Goethe, Johann Wolfgang von",1900,2,105706,18.920401869335706
attraktion,"Granath, Wilhelm",1890,1,4062759,0.24613815389984983
attraktion,"Gräf, Hans Gerhard",1920,1,35604,28.086731827884506
attraktion,"Gustafsson, Richard",1860,1,122031,8.194639067122289
attraktion,"Hallenborg, Carl",1890,1,36757,27.20570231520527
attraktion,"Hansson, Ola",1890,1,285053,3.5081195426815364
attraktion,"Hansson, Ola",1910,2,96845,20.65155661107956
attraktion,"Hasselblad & Co., Fritz W.",1890,4,203553,19.65090173075317
attraktion,"Hasselskog, Nils",1920,1,97366,10.270525645502536
attraktion,"Hasselskog, Nils",1930,1,157959,6.330756715350186
attraktion,"Hedberg, Frans",1860,1,75621,13.223839938641383
attraktion,"Hedin, Sven",1910,1,851315,1.174653330435855
attraktion,"Hjelm, Runo",1890,1,223295,4.478380617568687
attraktion,"Hofberg, Herman",1900,1,1537883,0.6502445244534207
attraktion,"Holmgren, Ann Margret",1890,1,122587,8.157471836328485
attraktion,"Hultgren, Olof Johan",1880,1,6696,149.34289127837516
attraktion,"Höggren, Fanchette",1840,1,117916,8.480613317955154
attraktion,"Idström, Ellen",1890,1,240165,4.163804051381342
attraktion,"Ingelius, Axel Gabriel",1850,1,364678,2.742145125288611
attraktion,"Johanson, Klara",1920,2,80164,24.948854847562497
attraktion,"Johanson, Klara",1940,2,104609,19.11881386878758
attraktion,"Jolin, Johan",1890,1,451682,2.2139469803977136
attraktion,"Jonsson, Thorsten",1950,1,90936,10.996744963490807
attraktion,"Josephson, Ludvig",1890,1,93878,10.652122968107545
attraktion,"Kjellgren, Josef",1930,1,289746,3.451298723709732
attraktion,"Kullberg, Karl Anders af",1840,1,708355,1.4117215238122127
attraktion,"Larsson, Carl",1930,1,81129,12.326048638587928
attraktion,"Levertin, Oscar",1890,1,282783,3.536280469476595
attraktion,"Levertin, Oscar",1900,2,151708,13.183220397078598
attraktion,"Lindberg, Per",1930,1,101976,9.806228916607829
attraktion,"Lindberg, Per",1940,1,328375,3.0452988199467073
attraktion,"Linder, Sten",1930,1,185504,5.390719337588408
attraktion,"Ling, Per Henrik",1860,1,492118,2.032032967702868
attraktion,"Ljunggren, Gustaf",1870,1,582220,1.7175638074954485
attraktion,"Ljunggren, Gustaf",1890,1,508881,1.9650959654614732
attraktion,"Ljungstedt, Aurora",1870,2,1582446,1.263866191958525
attraktion,"Lundin, Anders",1880,1,117497,8.510855596313098
attraktion,"Lundquist, Ernst",1890,1,302445,3.3063862851096895
attraktion,"Malling, Mathilda",1890,1,295955,3.378892061293102
attraktion,"Malmström, Karl Robert",1870,1,65405,15.28935096705145
attraktion,"Myrberg, Anna",1920,1,73330,13.636983499249967
attraktion,"Norlander, Emil",1920,1,161050,6.209251785159888
attraktion,"Norström, Vitalis",1900,1,109692,9.116435109214892
attraktion,"Norström, Vitalis",1910,1,130954,7.636269224307772
attraktion,"Nyblom, Lennart",1950,1,24080,41.52823920265781
attraktion,"Nylén, Pehr Gustaf",1920,1,65897,15.175197656949482
attraktion,"Ohlson, Carl Otto",1880,1,30264,33.042558815754695
attraktion,"Persson, Fredrik",1900,1,172315,5.803325305399994
attraktion,"Pettersson, Maria Louisa",1870,1,319,3134.796238244514
attraktion,"Ridderstad, Carl Fredrik",1840,1,771553,1.2960872422244487
attraktion,"Ridderstad, Carl Fredrik",1880,2,559564,3.5742113502655637
attraktion,"Rosén, Johan Magnus",1840,1,288053,3.471583354452132
attraktion,"Rydberg, Carl Henrik",1860,1,344263,2.9047559569282786
attraktion,"Rydberg, Viktor",1860,1,140367,7.124181609637593
attraktion,"Rydberg, Viktor",1900,1,80283,12.455937122429406
attraktion,"Sandberg, Eric",1890,1,135478,7.381272236082611
attraktion,"Santesson, Frithiof",1880,1,36705,27.244244653316986
attraktion,"Schildt, Runar",1910,1,54474,18.3573815031024
attraktion,"Schöldström, Birger",1870,1,58816,17.002176278563656
attraktion,"Schück, Henrik",1910,1,165913,6.027255248232508
attraktion,"Sjöberg, Birger",1920,3,566955,5.291425245389846
attraktion,"Sjögren, Lennart",1980,1,48769,20.504828887202937
attraktion,"Stockenstrand, Ina",1890,1,78099,12.804261258146711
attraktion,"Strindberg, August",1900,1,155151,6.445333900522717
attraktion,"Strömer, Hjalmar",1880,1,40024,24.985008994603238
attraktion,Svenska Litteratursällskapet,1930,4,599463,6.672638678283731
attraktion,Svenska Litteratursällskapet,1980,1,392946,2.544878940108819
attraktion,"Thomander, Johan Henrik",1870,1,94572,10.573954235926067
attraktion,"Tjörner, Olof",1880,1,100662,9.934235361904195
attraktion,"Topelius, Zacharias",1860,1,408043,2.4507221052683175
attraktion,"Topelius, Zacharias",1870,1,270386,3.6984163381240154
attraktion,"Topelius, Zacharias",1890,5,155883,32.07533855519845
attraktion,"Wadström, Gustaf Adolf Sebastian",1860,2,43734,45.73101019801528
attraktion,"Wetterbergh, Carl Anton",1880,1,923099,1.0833074242307705
attraktion,"Wettergrund, Josefina",1860,1,404417,2.4726952625631466
attraktion,"Wirsén, Carl David af",1900,1,137790,7.257420712678714
attraktion,"Witt, Otto",1910,2,530862,3.7674574559866785
attraktion,"Wägner, Elin",1930,2,611590,3.270164652790268
attraktion,"Wägner, Elin",1940,1,474886,2.1057685423448995
attraktion,"Wærnér, Ninian",1890,2,97174,20.581637063412025
attraktion,"Zachrisson, Waldemar",1890,1,223780,4.468674591116275
attraktion,"Ågren, Lars Petter",1850,1,8487,117.82726522917403
elektricitet,"Adlersparre, Carl August",1840,1,163802,6.10493156371717
elektricitet,"Ahnfelt, Arvid",1870,1,834238,1.1986986926992058
elektricitet,"Ahrenberg, Jac",1890,1,379201,2.6371238472472385
elektricitet,"Alin, Johan",1910,6,26936,222.75022275022275
elektricitet,"Almqvist, C.J.L.",1830,1,621640,1.6086480921433628
elektricitet,"Almqvist, C.J.L.",1840,3,1578875,1.9000870873248357
elektricitet,"Amiel, Henri Frédéric",1900,1,79311,12.608591494244179
elektricitet,"Andersson, Hilma",1900,4,78576,50.90612909794339
elektricitet,"Andrée, Andreas",1830,1,18924,52.8429507503699
elektricitet,"Andrén, Olof",1890,1,258552,3.8676939261734584
elektricitet,Anonym,1850,1,858377,1.164989276273712
elektricitet,Anonym,1860,18,1427646,12.608167570952464
elektricitet,Anonym,1870,5,1872242,2.670594933774587
elektricitet,Anonym,1880,3,1657613,1.8098313659460923
elektricitet,Anonym,1890,5,1991534,2.510627486148868
elektricitet,"Anrep, Gabriel",1870,1,701580,1.4253542005188289
elektricitet,"Arosenius, Ivar",1900,1,15220,65.7030223390276
elektricitet,"Beckman, Edvard",1850,1,57597,17.36201538274563
elektricitet,"Benedictsson, Victoria",1890,1,210958,4.740280055745694
elektricitet,"Benzon, Karl",1900,1,224255,4.45920938217654
elektricitet,"Berg, Daniel",1910,1,62030,16.121231662098985
elektricitet,"Berg, Per Gustaf",1870,1,490594,2.0383453527764304
elektricitet,"Berg, Wilhelm",1890,1,980146,1.0202561659181388
elektricitet,"Berg, Wilhelm",1900,1,183354,5.453930647817883
elektricitet,"Berger, Henning",1900,1,187588,5.330831396464593
elektricitet,"Berger, Henning",1910,4,310908,12.86554221827679
elektricitet,"Bergh, Richard",1900,2,82704,24.182627200619077
elektricitet,"Bergman, Hjalmar",1920,1,660281,1.5145067024494117
elektricitet,"Bergstrand, Per Emanuel",1880,1,42232,23.67872703163478
elektricitet,"Beskow, Bernhard von",1840,1,5568,179.5977011494253
elektricitet,"Bjursten, Herman",1860,1,393956,2.5383545370548997
elektricitet,"Blomberg, Harry",1920,1,267112,3.7437479409386323
elektricitet,"Bondeson, August",1890,1,148263,6.744771116192172
elektricitet,"Boye, Karin",1930,3,221708,13.53131145470619
elektricitet,"Boye, Karin",1940,1,194585,5.139142277153943
elektricitet,"Branting, Anna",1900,1,106584,9.382271260226675
elektricitet,"Branting, Anna",1910,1,112594,8.881467929019308
elektricitet,"Branting, Anna",1940,1,57078,17.519885069553943
elektricitet,"Bremer, Fredrika",1910,2,960521,2.0822033042484236
elektricitet,"Bruzelius, Janne",1870,3,153969,19.48444167332385
elektricitet,"Bäckmann, Ida",1920,1,36562,27.35080137848039
elektricitet,"Bäckmann, Ida",1940,1,240134,4.164341575953426
elektricitet,"Carlberg, Frigga",1910,1,75942,13.167943957230518
elektricitet,"Danielsson, Axel",1900,3,252369,11.887355420039704
elektricitet,"Darwin, Charles",1870,8,433182,18.46798805121173
elektricitet,"Dickens, Charles",1840,1,473171,2.1134008635355928
elektricitet,"Dietrichson, Lorentz",1870,1,20253,49.37540117513455
elektricitet,"Edelfelt, Johanna Catharina, f. Benzelstjerna",1830,1,57416,17.416747944823744
elektricitet,"Edenberg, Albert Anderson",1880,6,686333,8.742112065134563
elektricitet,"Ehrenborg-Posse, Betty",1840,1,89411,11.184306181566027
elektricitet,"Ehrnrooth, Adelaide",1870,1,119632,8.358967500334359
elektricitet,"Elgenstierna, Gustaf",1920,4,4397617,0.9095835312624997
elektricitet,"Elgenstierna, Gustaf",1930,3,5073413,0.5913179155728107
elektricitet,"Elgström, Ossian",1920,1,244964,4.082232491304845
elektricitet,"Elkan, Sophie",1890,1,421908,2.370184969234999
elektricitet,"Eneroth, Carl",1880,2,409038,4.889521266972751
elektricitet,"Eneroth, Carl",1890,4,381701,10.479406655995138
elektricitet,"Engström, Albert",1900,3,133509,22.470395254252523
elektricitet,"Feuk, Carl Gustaf Theodor",1890,4,11233,356.0936526306419
elektricitet,"Fitzgerald, F. Scott",1940,1,61859,16.165796407960038
elektricitet,"Flygare-Carlén, Emilie",1850,2,723308,2.7650737998197172
elektricitet,"Franzén, Frans Michael",1830,1,287355,3.4800160080736373
elektricitet,"Frykholm, Maria Barbara",1860,1,114913,8.702235604326752
elektricitet,"Fryxell, Olof",1830,2,117242,17.058733218471197
elektricitet,"Gadelius, Bror",1920,1,107081,9.338724890503451
elektricitet,"Geijer, Erik Gustaf",1850,1,1627119,0.6145831988932585
elektricitet,"Geijer, Erik Gustaf",1920,2,1937136,1.0324520322785804
elektricitet,"Geijerstam, Gustaf af",1880,2,580180,3.447206039504981
elektricitet,"Geijerstam, Gustaf af",1890,6,967087,6.2041987949377875
elektricitet,"Govenius, Lars Johan",1870,1,236954,4.220228398760941
elektricitet,"Govenius, Lars Johan",1880,1,257372,3.8854265421257947
elektricitet,"Granath, Wilhelm",1890,2,4062759,0.49227630779969966
elektricitet,"Grebst, William A:son",1910,1,52944,18.88788153520701
elektricitet,"Hansson, Ola",1890,2,285053,7.016239085363073
elektricitet,"Harrison, Mary St. Leger Kingsley",1900,3,185623,16.161790295383653
elektricitet,"Hasselblad & Co., Fritz W.",1890,3,203553,14.738176298064877
elektricitet,"Hasselskog, Nils",1920,1,97366,10.270525645502536
elektricitet,"Hebbe, Wendela",1840,1,82219,12.162638806115375
elektricitet,"Hedberg, Frans",1870,1,470045,2.1274558818836495
elektricitet,"Hedberg, Frans",1890,4,782051,5.114755943026734
elektricitet,"Hedberg, Frans",1910,1,74225,13.472549680026946
elektricitet,"Hedberg, Tor",1890,2,250637,7.979667806429219
elektricitet,"Hedenstierna, Alfred",1880,7,469833,14.898910889613969
elektricitet,"Hedenstierna, Alfred",1890,6,880308,6.8157962894805
elektricitet,"Hedenstierna, Alfred",1900,2,87712,22.801897117840205
elektricitet,"Hedin, Sven",1900,1,790072,1.2657074291963264
elektricitet,"Hedin, Sven",1910,3,851315,3.5239599913075654
elektricitet,"Heidenstam, Verner von",1890,2,358205,5.583394983319607
elektricitet,"Heller, Frank",1910,6,548425,10.940420294479646
elektricitet,"Hofberg, Herman",1900,11,1537883,7.152689768987628
elektricitet,"Holmberg, Teodor",1890,1,91248,10.959144310012274
elektricitet,"Holmgren, Ann Margret",1890,1,122587,8.157471836328485
elektricitet,"Hultin, Måns",1870,1,104686,9.552375675830579
elektricitet,"Hvalgren, Emanuel",1880,1,26650,37.5234521575985
elektricitet,"Häthén, Johan Anselm",1890,1,100609,9.939468636006719
elektricitet,"Ingelius, Axel Gabriel",1850,3,364678,8.226435375865833
elektricitet,"Janson, Betty",1900,1,69266,14.43709756590535
elektricitet,"Janson, Gustaf",1890,1,218309,4.580663188416419
elektricitet,"Johnson, John",1880,2,222048,9.007061536244416
elektricitet,"Johnson, John",1890,1,394527,2.534680769630469
elektricitet,"Johnson, John",1900,3,78583,38.17619586933561
elektricitet,"Jolin, Ellen",1910,2,82543,24.22979537937802
elektricitet,"Jolin, Johan",1870,2,380713,5.253301043042922
elektricitet,"Jolin, Johan",1880,2,261141,7.658697791614491
elektricitet,"Jonsson, Thorsten",1950,1,90936,10.996744963490807
elektricitet,"Kantzow, Edvard Bosanquet S:t George de",1890,2,18050,110.80332409972299
elektricitet,"Kerfve, Axel",1890,2,948369,2.1088837783605325
elektricitet,"Key, Ellen",1890,3,267625,11.20971508640822
elektricitet,"Key, Ellen",1900,4,187000,21.390374331550802
elektricitet,"Kiellman-Göranson, Julius Axel",1840,1,519605,1.9245388323822903
elektricitet,"Kléen, Emil",1890,2,91873,21.769181369934582
elektricitet,"Koch, Martin",1910,1,442498,2.25989721987444
elektricitet,"Koch, Richert von",1890,2,423042,4.727662974361884
elektricitet,"Krok, Johan Peter",1830,2,155292,12.878963501017438
elektricitet,"Krusenstjerna, Agnes von",1910,1,64716,15.452129303418012
elektricitet,"Krusenstjerna, Agnes von",1920,3,447382,6.705678815866531
elektricitet,"Kræmer, Anders Robert von",1850,1,50978,19.61630507277649
elektricitet,"Kullberg, Karl Anders af",1830,1,512752,1.9502605548101226
elektricitet,"Kullberg, Karl Anders af",1840,1,708355,1.4117215238122127
elektricitet,"Landquist, Ellen",1910,1,44571,22.43611316775482
elektricitet,"Langlet, Mathilda",1890,1,538116,1.8583353775022486
elektricitet,"Levertin, Oscar",1890,2,282783,7.07256093895319
elektricitet,"Lilja, Nils",1830,1,41689,23.987142891410205
elektricitet,"Limborg, Ossian",1880,1,129747,7.7073072980492805
elektricitet,"Linck, Emma Elisabeth",1870,1,182760,5.471656817684395
elektricitet,"Lindqvist, Josef",1880,3,479767,6.2530353275652555
elektricitet,"Lloyd, Llewellyn",1870,1,136804,7.309727785737259
elektricitet,"Lundegård, Axel",1880,1,97327,10.274641158157552
elektricitet,"Lundegård, Axel",1890,9,663851,13.557259083740176
elektricitet,"Lundin, Claës",1870,3,282340,10.625487001487569
elektricitet,"Lundquist, Aurora",1890,2,198157,10.093007060058438
elektricitet,"Lundquist, Ernst",1880,3,702213,4.27220800526336
elektricitet,"Lybeck, Mikael",1900,1,64352,15.539532570860269
elektricitet,"Magnell, Carl Jakob",1890,9,33616,267.7296525464065
elektricitet,"Malmgren, V. E.",1890,1,12451,80.31483414986748
elektricitet,"Meijer, Bernhard",1880,7,543470,12.88019577897584
elektricitet,"Melander, Emil",1890,1,29322,34.1040856694632
elektricitet,"Melander, Richard",1880,1,201808,4.955204947276619
elektricitet,"Meyer, Ernst",1890,1,462563,2.1618676807267336
elektricitet,"Molander, Harald",1880,4,78420,51.0073960724305
elektricitet,"Molander, Harald",1890,1,175885,5.68553316087216
elektricitet,"Möller, Arthur",1910,1,24062,41.55930512841825
elektricitet,"Nerman, Gustaf",1890,7,8002,874.7813046738315
elektricitet,"Nervander, Johan Jakob",1850,3,84887,35.34110052187025
elektricitet,"Nordström, Ester Blenda",1920,1,124260,8.047642040882021
elektricitet,"Nordström, Ludvig",1900,2,128299,15.588586037303486
elektricitet,"Nordström, Ludvig",1930,1,141431,7.070585656609937
elektricitet,"Norström, Vitalis",1900,7,109692,63.81504576450425
elektricitet,"Norström, Vitalis",1910,2,130954,15.272538448615544
elektricitet,"Odén, Klas",1900,1,645415,1.5493907021063966
elektricitet,"Oswald, Gösta",1940,1,43590,22.941041523285158
elektricitet,"Paul, Adolf",1890,1,277706,3.6009304804361446
elektricitet,"Pereswetoff-Morath, Fredrik",1880,1,78901,12.674110594289045
elektricitet,"Persson, Per",1890,1,29878,33.46944239908963
elektricitet,"Pettersson, Victor",1880,5,351595,14.220907578321649
elektricitet,"Pettersson-Olin, Jonas",1890,1,24852,40.23821020441011
elektricitet,"Philipsson, Jonas",1850,1,125155,7.990092285565899
elektricitet,"Pihlstrand, Ragnar",1880,12,2387801,5.025544423509329
elektricitet,"Pihlstrand, Ragnar",1890,1,1299301,0.7696446012124981
elektricitet,"Regis, Julius",1920,1,73780,13.553808620222282
elektricitet,"Ridderstad, Carl Fredrik",1880,6,559564,10.722634050796692
elektricitet,"Roos, Mathilda",1890,1,429737,2.3270046563363174
elektricitet,"Roos, Mathilda",1900,1,323439,3.0917731009556673
elektricitet,"Rubenson, Olof",1880,1,158589,6.305607576818065
elektricitet,"Ruin, Hans",1930,1,163282,6.124373782780711
elektricitet,"Ruin, Hans",1940,1,79133,12.63695297789797
elektricitet,"Ryberg, Klas",1870,2,71186,28.09541201921726
elektricitet,"Rådberg, Fredrik",1840,2,47462,42.13897433736463
elektricitet,"Sandberg, Algot",1910,1,78774,12.694543885038211
elektricitet,"Santesson, Frithiof",1880,2,36705,54.48848930663397
elektricitet,"Schildt, Runar",1920,1,51308,19.49013799017697
elektricitet,"Schreiner, Olive",1910,1,61056,16.37840670859539
elektricitet,"Schwartz, Marie Sophie",1850,1,1085153,0.9215290378407469
elektricitet,"Schwartz, Marie Sophie",1870,1,884820,1.1301733685947424
elektricitet,"Schéele, Adolf August",1870,1,56299,17.762304836675607
elektricitet,"Sefbom, Augusta",1870,1,81444,12.278375325376945
elektricitet,"Silverstolpe, Gustaf Abraham",1790,1,512118,1.9526749694406367
elektricitet,"Sjöberg, Birger",1920,1,566955,1.7638084151299487
elektricitet,"Sjöstrand, Anna",1900,1,34152,29.28086202857812
elektricitet,"Skarstedt, Ernst",1890,1,171111,5.844159639064701
elektricitet,"Smith, Carl",1890,1,57316,17.44713518040338
elektricitet,"Snellman, Johan Vilhelm",1840,5,182971,27.326734837761176
elektricitet,"Sparre, Pehr",1850,1,227066,4.404005883751861
elektricitet,"Sparre, Pehr",1860,1,206709,4.83771872535787
elektricitet,"Sparre, Pehr",1870,1,385654,2.592997868555752
elektricitet,"Stam, Per",1990,3,238205,12.59419407653072
elektricitet,"Starbäck, Carl Georg",1860,1,304015,3.2893113826620395
elektricitet,"Starnberg, Märta",1900,1,27647,36.17028972402069
elektricitet,"Stenhammar, Jakob Axel",1810,1,411692,2.429000320628042
elektricitet,"Stjernström, Louise",1880,3,1077607,2.7839462809725624
elektricitet,"Stoker, Bram",1900,1,120550,8.29531314807134
elektricitet,"Strindberg, August",1880,8,793035,10.087827145081869
elektricitet,"Strindberg, August",1890,9,428523,21.002373268179305
elektricitet,"Ström, Fredrik",1940,1,275415,3.630884301871721
elektricitet,"Sturzen-Becker, Oscar Patric",1860,3,277888,10.795716259788117
elektricitet,"Sturzen-Becker, Oscar Patric",1880,4,631009,6.339053801134374
elektricitet,"Stuxberg, Anton",1890,1,103928,9.622046031868216
elektricitet,"Ståhle, Artur",1910,1,28970,34.51846738004833
elektricitet,"Sundler, Anders",1880,2,94962,21.061056001347907
elektricitet,"Sätherberg, Herman",1840,1,143112,6.987534238917771
elektricitet,"Sörman, Py",1930,1,206149,4.850860300074218
elektricitet,"Tavaststjerna, Karl August",1890,4,435795,9.178627565713237
elektricitet,"Tersmeden, Carl",1910,1,627992,1.5923769729550694
elektricitet,"Thomasson, Nils",1890,2,707538,2.8267033007414444
elektricitet,"Thomasson, Pehr",1860,1,613096,1.6310659342093246
elektricitet,"Topelius, Zacharias",1880,3,1225979,2.447023970231138
elektricitet,"Topelius, Zacharias",1890,2,155883,12.83013542207938
elektricitet,"Torén, Rudolf Wilhelm",1880,1,85669,11.672833813864992
elektricitet,"Trolle, Henrik af",1860,2,322782,6.196132374172042
elektricitet,"Trolle, Henrik af",1870,2,1614288,1.2389362988512582
elektricitet,"Tureson, Torsten",1890,1,20091,49.77353043651386
elektricitet,"Törnblom, Johan August",1910,1,599083,1.6692177878524346
elektricitet,"Törnblom, Johan August",1920,1,120756,8.281162012653615
elektricitet,"Virdestam, Gotthard",1930,1,906231,1.1034714107109556
elektricitet,"Värnlund, Rudolf",1920,1,140336,7.125755330064987
elektricitet,"Värnlund, Rudolf",1930,1,148105,6.751966510246109
elektricitet,"Wadström, Gustaf Adolf Sebastian",1860,1,43734,22.86550509900764
elektricitet,"Wahlenberg, Anna",1880,2,343965,5.814545084528949
elektricitet,"Wallmark, Ernst",1880,2,64632,30.944423814828568
elektricitet,"Wallmo, Uno",1900,10,105865,94.45992537665896
elektricitet,"Wernberg, Hjalmar",1890,1,491632,2.034041722263807
elektricitet,"Wernberg, Hjalmar",1900,1,298542,3.3496124498395536
elektricitet,"Westermark, Ottilia",1890,1,160024,6.24906264060391
elektricitet,"Wetterbergh, Carl Anton",1840,1,912252,1.096188333925275
elektricitet,"Wetterbergh, Carl Anton",1850,2,959464,2.0844971775908214
elektricitet,"Wetterbergh, Carl Anton",1880,2,923099,2.166614848461541
elektricitet,"Wettergrund, Josefina",1850,3,168649,17.788424479243872
elektricitet,"Wickström, Victor Hugo",1880,1,221642,4.511780258254302
elektricitet,"Wijkander, Oscar",1880,1,98180,10.185373803218578
elektricitet,"Wiklund, Karl Bernhard",1900,1,41691,23.985992180566548
elektricitet,"Wikner, Pontus",1860,4,124054,32.244022764280075
elektricitet,"Winter, Reinhold",1890,1,55474,18.02646284746007
elektricitet,"Wirsén, Carl David af",1900,1,137790,7.257420712678714
elektricitet,"Witt, Otto",1910,26,530862,48.976946927826816
elektricitet,"Witt, Otto",1920,1,8489,117.79950524207798
elektricitet,"Wägner, Elin",1920,1,608843,1.6424595503274244
elektricitet,"Wågman, Frans Oskar",1900,1,70243,14.236294007943853
elektricitet,"Zachrisson, Waldemar",1890,2,223780,8.93734918223255
elektricitet,"Zachrisson, Waldemar",1900,2,217780,9.183579759390211
elektricitet,"Zachrisson, Waldemar",1910,1,70119,14.261469787076257
elektricitet,"Zilliacus, Konni, d. ä.",1890,1,157875,6.334125098970705
elektricitet,"Åberg, Jon Olof",1880,1,2320133,0.4310097740086452
elektricitet,"Öberg, Ludvig Teodor",1850,2,360523,5.547496276243124
elektriker,"Berger, Henning",1900,1,187588,5.330831396464593
elektriker,"Berger, Henning",1910,1,310908,3.2163855545691975
elektriker,"Bygdén, Leonard",1920,1,936869,1.0673850879898896
elektriker,"Elgenstierna, Gustaf",1920,2,4397617,0.45479176563124984
elektriker,"Elgenstierna, Gustaf",1930,6,5073413,1.1826358311456213
elektriker,"Heller, Frank",1920,2,86463,23.13128158865642
elektriker,"Kjellgren, Josef",1930,1,289746,3.451298723709732
elektriker,"Kræmer, Vera von",1930,1,269227,3.7143377150137247
elektriker,"Lindberg, Per",1930,1,101976,9.806228916607829
elektriker,"Nyblom, Lennart",1950,2,24080,83.05647840531562
elektriker,"Schreiner, Olive",1910,1,61056,16.37840670859539
elektriker,"Strindberg, August",1890,4,428523,9.334388119190802
elektriker,"Ström, Fredrik",1900,1,77975,12.824623276691247
elektriker,"Ström, Fredrik",1940,1,275415,3.630884301871721
elektriker,"Virdestam, Gotthard",1920,2,316868,6.311776512617241
elektriker,"Virdestam, Gotthard",1930,1,906231,1.1034714107109556
elektriker,"Värnlund, Rudolf",1930,3,148105,20.25589953073833
elektriker,"Witt, Otto",1910,1,530862,1.8837287279933392
elektrisk,"Adlersparre, Carl August",1840,3,163802,18.314794691151512
elektrisk,"Afzelius, Anders Johan",1850,1,85174,11.740672036067345
elektrisk,"Afzelius, Arvid August",1840,1,62722,15.943369152769364
elektrisk,"Agrell, Alfhild",1880,1,251326,3.978895935955691
elektrisk,"Agrell, Alfhild",1890,4,302899,13.205722039359655
elektrisk,"Ahlbom, Mathilda",1860,8,395655,20.219635793810266
elektrisk,"Ahrenberg, Jac",1870,3,87463,34.300218378057004
elektrisk,"Ahrenberg, Jac",1880,2,146333,13.667457101269024
elektrisk,"Ahrenberg, Jac",1890,5,379201,13.18561923623619
elektrisk,"Aikio, Matti",1900,1,32848,30.44325377496347
elektrisk,"Alfredson, Cai",2010,3,24371,123.0971236305445
elektrisk,"Alfthan, Georg Edvard von",1880,3,95134,31.534467172619674
elektrisk,"Alfthan, Johannes",1870,1,128378,7.789496642726947
elektrisk,"Allardt, Anders",1880,1,63688,15.701545032031152
elektrisk,"Almquist, Viktor",1880,1,20444,48.91410682840932
elektrisk,"Almqvist, C.J.L.",1830,3,621640,4.825944276430088
elektrisk,"Almqvist, C.J.L.",1840,4,1578875,2.5334494497664477
elektrisk,"Almqvist, Gertrud",1890,3,65623,45.715678954025265
elektrisk,"Althén, Gustaf",1870,1,41569,24.056388173879572
elektrisk,"Altén, Victor August",1830,1,73223,13.656911079851959
elektrisk,"Amiel, Henri Frédéric",1900,2,79311,25.217182988488357
elektrisk,"Anderson, Hedda",1900,1,138746,7.207414988540211
elektrisk,"Andersson, Dan",1910,1,187950,5.3205639797818565
elektrisk,"Andersson, Dan",1920,5,132920,37.61661149563648
elektrisk,"Andersson, F. A.",1860,1,3490,286.5329512893983
elektrisk,"Andersson, Hilma",1900,3,78576,38.179596823457544
elektrisk,"Andersson, Johan",1840,1,20092,49.77105315548477
elektrisk,"Andrén, Olof",1890,5,258552,19.33846963086729
elektrisk,"Angered Strandberg, Hilma",1890,13,185465,70.09408783328391
elektrisk,"Angered Strandberg, Hilma",1900,4,160957,24.851357816062674
elektrisk,"Angered Strandberg, Hilma",1910,13,140462,92.55172217396876
elektrisk,"Anholm, Maria",1890,1,154652,6.466130408918087
elektrisk,Anonym,1840,2,731519,2.734036983318273
elektrisk,Anonym,1850,13,858377,15.144860591558254
elektrisk,Anonym,1860,94,1427646,65.84265287052953
elektrisk,Anonym,1870,17,1872242,9.080022774833596
elektrisk,Anonym,1880,8,1657613,4.826216975856246
elektrisk,Anonym,1890,42,1991534,21.089270883650492
elektrisk,"Anrep, Gabriel",1870,2,701580,2.8507084010376578
elektrisk,"Arfwedson, Carl David",1840,4,317219,12.609585176171667
elektrisk,"Arfwedson, Carl David",1870,1,176118,5.6780113333106215
elektrisk,"Arfwidsson, Alvar",1880,1,26904,37.16919417187035
elektrisk,"Arfwidsson, Nils",1840,1,176017,5.681269422839839
elektrisk,"Arosenius, Fredrik Reinhold",1860,2,66932,29.881073328153946
elektrisk,"Arosenius, Ivar",1900,1,15220,65.7030223390276
elektrisk,"Atterbom, P.D.A.",1830,1,122714,8.149029450592435
elektrisk,"Atterbom, P.D.A.",1910,1,115202,8.680404854082395
elektrisk,"Aurell, Wilhelm",1860,1,194453,5.14263086709899
elektrisk,"Aurell, Wilhelm",1890,1,17631,56.71828030174125
elektrisk,"Axelson, Maximilian",1880,1,3334,299.9400119976005
elektrisk,"Axelsson, Arvid",1880,3,53918,55.64004599577136
elektrisk,"Backman, Anders",1900,1,45133,22.156736755810606
elektrisk,"Barthelson, Fredrik",1870,1,22986,43.50474201687984
elektrisk,"Bechman, H.",1880,2,37309,53.606368436570264
elektrisk,"Beckman, Ernst",1890,1,53013,18.863297681700715
elektrisk,"Benedictsson, Victoria",1880,5,449815,11.11568089103298
elektrisk,"Benedictsson, Victoria",1890,1,210958,4.740280055745694
elektrisk,"Benzon, Karl",1900,3,224255,13.37762814652962
elektrisk,"Berg, Carl Oscar",1880,2,84676,23.61944352591053
elektrisk,"Berg, Carl Oscar",1890,4,210534,18.999306525311827
elektrisk,"Berg, Daniel",1910,2,62030,32.24246332419797
elektrisk,"Berg, Daniel",1930,1,83127,12.029785749515801
elektrisk,"Berg, Johan August",1860,1,133607,7.484637780954591
elektrisk,"Berg, Per Gustaf",1860,1,406783,2.458313154679522
elektrisk,"Berg, Wilhelm",1890,3,980146,3.0607684977544163
elektrisk,"Berger, Henning",1900,36,187588,191.90993027272535
elektrisk,"Berger, Henning",1910,58,310908,186.55036216501344
elektrisk,"Bergman, Bengt",1930,3,83717,35.835015588231784
elektrisk,"Bergman, Carl Johan",1880,6,180845,33.177583013077495
elektrisk,"Bergman, Dan",1890,3,48251,62.17487720461752
elektrisk,"Bergman, Hjalmar",1910,4,487777,8.200468656783736
elektrisk,"Bergman, Hjalmar",1920,5,660281,7.572533512247058
elektrisk,"Bergman, Hjalmar",1930,2,100439,19.91258375730543
elektrisk,"Bergman, Johan Magnus",1870,3,202066,14.846634268011442
elektrisk,"Bergström, Richard",1880,1,223858,4.467117547731151
elektrisk,"Bergström, Richard",1890,1,26928,37.136066547831255
elektrisk,"Bergsøe, Vilhelm",1870,1,82959,12.054147229354259
elektrisk,"Berlin, Anna Catharina",1840,1,97974,10.206789556412925
elektrisk,"Berndtson, Charlotta",1860,5,200987,24.87723086567788
elektrisk,"Berndtson, Fredrik",1850,2,61138,32.71287906048612
elektrisk,"Beskow, Elisabeth",1890,4,153995,25.974869313938765
elektrisk,"Bjarke, Fredrik Constantin",1890,1,114160,8.759635599159076
elektrisk,"Bjursten, Herman",1840,3,114487,26.203848471878903
elektrisk,"Bjursten, Herman",1850,4,1007894,3.9686713086892076
elektrisk,"Bjursten, Herman",1860,3,393956,7.6150636111646985
elektrisk,"Bjurström, Gustaf",1870,3,221120,13.567293777134587
elektrisk,"Bjurström, Per Gustaf",1890,1,17210,58.10575246949448
elektrisk,"Björck, Ernst Daniel",1860,1,46536,21.48873990029225
elektrisk,"Björk, Charlotte",1890,1,12685,78.83326763894364
elektrisk,"Björklund, Ulrik",1870,1,3242,308.45157310302284
elektrisk,"Björkstén, Emilie",1860,1,30348,32.95110056675893
elektrisk,"Björlin, Gustaf",1890,5,189304,26.412542788319318
elektrisk,"Björlin, Gustaf",1910,2,148514,13.466743875998223
elektrisk,"Björling, Fridolf",1860,1,10695,93.50163627863488
elektrisk,"Björling, Fridolf",1870,4,155334,25.75096244222128
elektrisk,"Björling, Fridolf",1880,1,244028,4.097890406018982
elektrisk,"Blanche, August",1840,2,1028385,1.9447969388896182
elektrisk,"Blanche, August",1850,5,306375,16.31986944104447
elektrisk,"Blom, Lydia",1890,1,37775,26.472534745201852
elektrisk,"Blomberg, Harry",1920,11,267112,41.18122735032496
elektrisk,"Bohman, John G.",1880,4,151148,26.46412787466589
elektrisk,"Bolander, Sophie",1840,2,153009,13.071126535040422
elektrisk,"Bolander, Sophie",1850,2,280366,7.133532596677201
elektrisk,"Bolander, Sophie",1860,4,532782,7.507761148086835
elektrisk,"Bonaparte, Napoleon",1830,1,82500,12.121212121212121
elektrisk,"Bondeson, August",1880,1,429341,2.3291509546025186
elektrisk,"Boye, Karin",1930,4,221708,18.041748606274922
elektrisk,"Boye, Karin",1940,7,194585,35.9739959400776
elektrisk,"Branting, Anna",1890,1,140671,7.108785748306332
elektrisk,"Branting, Anna",1900,5,106584,46.91135630113338
elektrisk,"Branting, Anna",1910,3,112594,26.644403787057925
elektrisk,"Braun, Wilhelm von",1830,2,73189,27.326510814466655
elektrisk,"Braun, Wilhelm von",1850,2,264070,7.573749384632863
elektrisk,"Braun, Wilhelm von",1880,1,89403,11.185306980750086
elektrisk,"Bredberg, Henrik Wilhelm",1870,2,25162,79.48493760432397
elektrisk,"Bremer, Fredrika",1820,1,34142,29.289438228574777
elektrisk,"Bremer, Fredrika",1850,10,594294,16.82668847405493
elektrisk,"Bremer, Fredrika",1910,5,960521,5.205508260621059
elektrisk,"Bremer, Fredrika",1920,3,342503,8.759047366008472
elektrisk,"Brontë, Charlotte",1850,4,440109,9.088657582553413
elektrisk,"Bruhn, Johan Niklas",1850,1,40203,24.873765639380146
elektrisk,"Bruzelius, Janne",1870,7,153969,45.46369723775565
elektrisk,"Burghausen, Carl Fredrik von",1850,1,63141,15.83756988327711
elektrisk,"Busch, Oscar",1910,2,51393,38.91580565446656
elektrisk,"Butenschön, Andrea",1890,1,27834,35.92728317884602
elektrisk,"Bygdén, Leonard",1890,1,721125,1.3867221355520887
elektrisk,"Bäckman, Wilhelm",1850,3,195807,15.321209149826105
elektrisk,"Bäckmann, Ida",1900,8,184784,43.29379167027448
elektrisk,"Bäckmann, Ida",1910,1,114895,8.70359893816093
elektrisk,"Bäckmann, Ida",1920,1,36562,27.35080137848039
elektrisk,"Bäckmann, Ida",1940,4,240134,16.657366303813703
elektrisk,"Bååth, Albert Ulrik",1900,1,19123,52.293050253621296
elektrisk,"Bååth-Holmberg, Cecilia",1880,1,42428,23.569341001225606
elektrisk,"Bååth-Holmberg, Cecilia",1890,4,244561,16.355837602888442
elektrisk,"Börjesson, Johan",1840,2,40332,49.5884161459883
elektrisk,"Böttiger, Carl Wilhelm",1830,2,73615,27.168376010323982
elektrisk,"Böttiger, Carl Wilhelm",1850,5,134044,37.301184685625614
elektrisk,"Böttiger, Carl Wilhelm",1870,1,194246,5.148111158016124
elektrisk,"Böttiger, Carl Wilhelm",1880,5,198597,25.17661394683706
elektrisk,"Böttiger, Carl Wilhelm",1890,2,67941,29.437305897764237
elektrisk,"Carlberg, Frigga",1910,3,75942,39.50383187169155
elektrisk,"Carlén, Johan Gabriel",1830,1,29955,33.383408446002335
elektrisk,"Carlén, Johan Gabriel",1860,2,52742,37.9204429107732
elektrisk,"Carlén, Octavia",1870,1,35946,27.81950703833528
elektrisk,"Carlén, Rosa",1860,1,437108,2.2877641223679275
elektrisk,"Carlén, Rosa",1870,1,197792,5.055816210969099
elektrisk,"Carstens, Fredrika Vilhelmina",1840,1,119145,8.393134416047673
elektrisk,"Carter, Chichering",1900,4,33114,120.7948299812768
elektrisk,"Cavallin, Christian",1890,1,227529,4.395044148218469
elektrisk,"Cederberg, Björn",1880,3,160355,18.70849053662187
elektrisk,"Cederblad, Albert",1890,1,46493,21.508614199987093
elektrisk,"Cederborg, Carl August",1890,1,23468,42.61121527185956
elektrisk,"Cederborg, Carl August",1910,6,76385,78.54945342671991
elektrisk,"Chronwall, Johan Henrik",1890,1,27036,36.98772007693446
elektrisk,"Cleve, Alma",1890,1,117475,8.512449457331346
elektrisk,"Colling, Frithiof",1890,2,31120,64.26735218508998
elektrisk,"Cramær, Mauritz",1840,1,64975,15.390534821085033
elektrisk,"Cramær, Mauritz",1880,1,52389,19.087976483612973
elektrisk,"Cronhamn, Anders Fredrik",1830,1,40444,24.725546434576206
elektrisk,"Cronholm, Bernhard",1850,3,105235,28.5076257898988
elektrisk,"Cronstrand, Baltzar",1870,3,139436,21.51524713847213
elektrisk,"Crusenstolpe, Magnus Jacob",1840,14,1801700,7.770439029805184
elektrisk,"Cöster, Fredrik",1850,1,109641,9.120675659652868
elektrisk,"Dahl, Mattis",1890,8,412666,19.386137942064526
elektrisk,"Dahlgren, Carl Fredric",1830,3,287156,10.447283009931883
elektrisk,"Dahlgren, Carl Fredric",1900,2,45408,44.04510218463707
elektrisk,"Damm, Carl Ad.",1850,1,7229,138.33171946327292
elektrisk,"Danielsson, Axel",1880,1,22001,45.45247943275306
elektrisk,"Danielsson, Axel",1890,2,7117,281.0172825628776
elektrisk,"Danielsson, Axel",1900,6,252369,23.774710840079408
elektrisk,"Dardel, Fritz von",1910,2,161009,12.421665869609773
elektrisk,"Dardel, Fritz von",1920,2,84703,23.611914572093077
elektrisk,"Darwin, Charles",1870,21,433182,48.47846863443079
elektrisk,"De Geer, Louis",1840,3,235626,12.732041455526979
elektrisk,"De Geer, Louis",1890,2,214224,9.336022107700352
elektrisk,"Dickens, Charles",1840,2,473171,4.2268017270711855
elektrisk,"Dickens, Charles",1910,1,33301,30.029128254406775
elektrisk,"Didring, Ernst",1890,1,35523,28.15077555386651
elektrisk,"Douglass, Frederick",1890,3,246238,12.18333482240759
elektrisk,"Doyle, Arthur Conan",1890,3,255586,11.737732113652548
elektrisk,"Doyle, Arthur Conan",1910,1,62000,16.129032258064516
elektrisk,"Dunckel, Dorothea",1840,1,218035,4.586419611530259
elektrisk,"Duse, Samuel August",1900,1,107643,9.289967763811859
elektrisk,"Duse, Samuel August",1910,2,75808,26.382439848037148
elektrisk,"Düben, Gustaf von",1870,2,280522,7.129565595568262
elektrisk,"Eberstein, Carl Christian",1850,3,89661,33.459363602904276
elektrisk,"Edelfelt, Johanna Catharina, f. Benzelstjerna",1830,1,57416,17.416747944823744
elektrisk,"Edenberg, Albert Anderson",1880,20,686333,29.140373550448544
elektrisk,"Edgren, Hjalmar",1890,2,14573,137.24010155767516
elektrisk,"Ehrenborg, Anna Fredrika",1840,1,199937,5.001575496281329
elektrisk,"Ehrenborg-Posse, Betty",1840,2,89411,22.368612363132055
elektrisk,"Ehrnrooth, Adelaide",1860,1,72381,13.81578038435501
elektrisk,"Ehrnrooth, Adelaide",1870,4,119632,33.435870001337435
elektrisk,"Ehrnrooth, Adelaide",1880,4,232129,17.23179783654778
elektrisk,"Ehrnrooth, Adelaide",1890,1,41863,23.88744237154528
elektrisk,"Ek, Karin",1910,1,126778,7.887803877644386
elektrisk,"Ek, Karl",1880,1,3641,274.64982147761606
elektrisk,"Ekbohrn, Carl Magnus",1850,2,191154,10.462768239220733
elektrisk,"Ekbohrn, Carl Magnus",1860,4,53121,75.29978727810094
elektrisk,"Ekeblad, Karl Johan",1840,1,13971,71.57683773530886
elektrisk,"Ekeblad, Karl Johan",1870,5,32612,153.31779712989083
elektrisk,"Ekeblad, Karl Johan",1880,2,15193,131.63957085499902
elektrisk,"Ekelund, Vilhelm",1900,3,172242,17.417354652175426
elektrisk,"Ekelund, Vilhelm",1910,10,272156,36.74363232851747
elektrisk,"Ekelund, Vilhelm",1920,2,263894,7.578800579020364
elektrisk,"Ekelund, Vilhelm",1930,1,309651,3.229442178452516
elektrisk,"Ekermann, Agnes",1880,1,274026,3.649288753621919
elektrisk,"Ekerot, Hjalmar",1890,1,62175,16.083634901487738
elektrisk,"Ekevall, Anders Fredrik",1890,1,13913,71.87522461007691
elektrisk,"Ekman, Ernst",1890,1,18284,54.69262743382192
elektrisk,"Ekman, Lotten",1910,1,28567,35.005425841005355
elektrisk,"Ekmarck, Carl Eric",1830,1,64051,15.612558742252268
elektrisk,"Ekström, Hedvig Aurora",1840,1,104352,9.58295001533272
elektrisk,"Elgenstierna, Gustaf",1920,32,4397617,7.2766682500999975
elektrisk,"Elgenstierna, Gustaf",1930,40,5073413,7.884238874304142
elektrisk,"Elgström, Ossian",1910,2,36335,55.04334663547544
elektrisk,"Elgström, Ossian",1920,11,244964,44.90455740435329
elektrisk,"Elgström, Per",1860,10,104945,95.28800800419268
elektrisk,"Elkan, Sophie",1890,5,421908,11.850924846174996
elektrisk,"Elmblad, Sigrid",1890,4,83538,47.88240082357729
elektrisk,"Enander, Johan Alfred",1880,1,29755,33.60779700890607
elektrisk,"Eneroth, Carl",1880,4,409038,9.779042533945502
elektrisk,"Eneroth, Carl",1890,13,381701,34.0580716319842
elektrisk,"Engdahl, Axel",1910,4,66822,59.860524976804044
elektrisk,"Engelbert, Rolf",1880,1,41955,23.83506137528304
elektrisk,"Engström, Albert",1900,2,133509,14.980263502835015
elektrisk,"Engström, Albert",1910,4,152861,26.1675639960487
elektrisk,"Engström, Albert",1920,1,59442,16.823121698462366
elektrisk,"Engström, Jon",1830,1,224901,4.446400860823207
elektrisk,"Fahlstedt, Amalia",1880,2,34324,58.26826710173639
elektrisk,"Falck, August",1930,1,78704,12.705834519211221
elektrisk,"Fallström, Daniel",1880,3,128556,23.33613366937366
elektrisk,"Feilitzen, Urban von",1870,2,50455,39.63928252898623
elektrisk,"Feuk, Carl Gustaf Theodor",1890,3,11233,267.07023947298137
elektrisk,"Fitinghoff, Laura",1910,1,33449,29.896259977876767
elektrisk,"Fitzgerald, F. Scott",1940,3,61859,48.49738922388011
elektrisk,"Flodman, Anders",1860,3,269192,11.144461945377277
elektrisk,"Flodman, Anders",1870,5,458721,10.899871599512558
elektrisk,"Flygare, Edvard",1860,1,118842,8.414533582403527
elektrisk,"Flygare-Carlén, Emilie",1830,1,386704,2.5859572179237866
elektrisk,"Flygare-Carlén, Emilie",1840,15,2724568,5.505459948145908
elektrisk,"Flygare-Carlén, Emilie",1850,7,723308,9.67775829936901
elektrisk,"Flygare-Carlén, Emilie",1860,2,814169,2.4564924481280914
elektrisk,"Flygare-Carlén, Emilie",1870,3,329761,9.097497884831741
elektrisk,"Flygare-Carlén, Emilie",1880,2,515456,3.880059597715421
elektrisk,"Fogelholm, Axel",1890,3,27503,109.07900956259317
elektrisk,"Fornell, Bror Edvard",1840,3,132348,22.667512920482366
elektrisk,"Fornell, Bror Edvard",1850,2,295224,6.774516976939545
elektrisk,"Forsslund, Karl-Erik",1900,3,122634,24.46303635207202
elektrisk,"Forssman, Edith",1890,1,548028,1.8247242841606632
elektrisk,"Forssman, Edith",1900,2,72959,27.412656423470718
elektrisk,"Franzén, Frans Michael",1830,2,287355,6.960032016147275
elektrisk,"Franzén, Frans Michael",1840,1,39980,25.012506253126563
elektrisk,"Fredberg, Carl Rudolf A:son",1910,1,31647,31.598571744557145
elektrisk,"Frick-Meijer, Anders Ludvig",1880,1,25176,39.72036860502065
elektrisk,"Frunck, Gudmund",1880,1,189241,5.2842671514101065
elektrisk,"Frykholm, Maria Barbara",1860,1,114913,8.702235604326752
elektrisk,"Frykholm, Sunny",1890,1,98036,10.200334570973927
elektrisk,"Fröding, Gustaf",1890,9,178104,50.53227327853389
elektrisk,"Furuhjelm, Maria",1890,1,62460,16.01024655779699
elektrisk,"Gadelius, Bror",1900,1,56919,17.56882587536675
elektrisk,"Geijer, Erik Gustaf",1840,1,131671,7.594686757144702
elektrisk,"Geijer, Erik Gustaf",1850,1,1627119,0.6145831988932585
elektrisk,"Geijer, Erik Gustaf",1920,1,1937136,0.5162260161392902
elektrisk,"Geijerstam, Gustaf af",1880,6,580180,10.341618118514944
elektrisk,"Geijerstam, Gustaf af",1890,10,967087,10.340331324896312
elektrisk,"Gernandt-Claine, Jane",1890,2,201394,9.930782446348948
elektrisk,"Gernandt-Claine, Jane",1900,1,42438,23.563787171874264
elektrisk,"Giertz, Theodor",1890,1,37772,26.474637297469023
elektrisk,"Gille, Elsa",1910,2,45578,43.88081969371188
elektrisk,"Goncourt, Edmond de",1920,7,157664,44.39821392327988
elektrisk,"Govenius, Lars Johan",1850,1,144240,6.932889628397116
elektrisk,"Govenius, Lars Johan",1860,1,126293,7.918095223013152
elektrisk,"Govenius, Lars Johan",1870,4,236954,16.880913595043765
elektrisk,"Govenius, Lars Johan",1880,5,257372,19.427132710628975
elektrisk,"Granath, Wilhelm",1890,17,4062759,4.184348616297447
elektrisk,"Gravallius, Wilhelmina",1870,1,129250,7.7369439071566735
elektrisk,"Gravallius, Wilhelmina",1880,2,185954,10.755348096841153
elektrisk,"Gravallius, Wilhelmina",1890,2,193001,10.36264060807975
elektrisk,"Grebst, William A:son",1910,3,52944,56.66364460562103
elektrisk,"Grimm, Jacob",1890,11,312708,35.17658646404953
elektrisk,"Gripenberg, Alexandra",1880,2,115264,17.351471404775126
elektrisk,"Gräf, Hans Gerhard",1920,1,35604,28.086731827884506
elektrisk,"Grönstedt, Johan",1880,1,162390,6.158014656074881
elektrisk,"Gullberg, Gustaf Teodor ",1880,1,20048,49.88028731045491
elektrisk,"Gumælius, Gustaf Wilhelm",1870,1,66354,15.07068149621726
elektrisk,"Gustafsson, Richard",1870,1,177930,5.620187714269656
elektrisk,"Gylander, Ebba Karolina",1840,1,42516,23.520556966788973
elektrisk,"Gyllenhaal, Aurore",1880,2,199328,10.033713276609408
elektrisk,"Gérard, Jean Ignace Isidore",1870,1,99295,10.07100055390503
elektrisk,"Gödecke, Peter August",1860,1,32587,30.687083806425875
elektrisk,"Götberg, Reinhold",1860,1,38405,26.038276266111183
elektrisk,"Hackzell, Emilie",1860,3,222573,13.478723834427356
elektrisk,"Hackzell, Emilie",1890,1,102813,9.726396467372803
elektrisk,"Hagström, K. A.",1900,1,305808,3.270025637000994
elektrisk,"Hall, Wilhelm",1890,2,8480,235.8490566037736
elektrisk,"Hallenborg, Carl",1890,1,36757,27.20570231520527
elektrisk,"Hallman, Axel",1860,2,82887,24.129236189028436
elektrisk,"Hallén, Birger",1890,1,59542,16.794867488495516
elektrisk,"Hansson, Ola",1890,5,285053,17.54059771340768
elektrisk,"Hansson, Ola",1900,2,116294,17.197791803532425
elektrisk,"Hansson, Ola",1910,2,96845,20.65155661107956
elektrisk,"Harrison, Mary St. Leger Kingsley",1900,5,185623,26.936317158972756
elektrisk,"Hasselblad & Co., Fritz W.",1890,17,203553,83.51633235570097
elektrisk,"Hasselgren, Andreas",1880,2,69844,28.635244258633527
elektrisk,"Hasselskog, Nils",1920,2,97366,20.541051291005072
elektrisk,"Hasselskog, Nils",1930,5,157959,31.65378357675093
elektrisk,"Hebbe, Wendela",1840,1,82219,12.162638806115375
elektrisk,"Hebbe, Wendela",1850,1,113835,8.78464444151623
elektrisk,"Hebbe, Wendela",1870,1,71145,14.055801532082366
elektrisk,"Hedberg, Frans",1850,3,181657,16.51464022856262
elektrisk,"Hedberg, Frans",1880,3,397363,7.549771871059963
elektrisk,"Hedberg, Frans",1890,10,782051,12.786889857566834
elektrisk,"Hedberg, Frans",1910,1,74225,13.472549680026946
elektrisk,"Hedberg, Tor",1890,2,250637,7.979667806429219
elektrisk,"Hedenstierna, Alfred",1880,14,469833,29.797821779227938
elektrisk,"Hedenstierna, Alfred",1890,19,880308,21.58335491668825
elektrisk,"Hedin, Greta",1920,1,161322,6.198782559105392
elektrisk,"Hedin, Sven",1890,3,509247,5.891050904570866
elektrisk,"Hedin, Sven",1900,13,790072,16.454196579552242
elektrisk,"Hedin, Sven",1910,37,851315,43.46217322612664
elektrisk,"Hedlund, Sven Adolf",1850,1,49090,20.370747606437156
elektrisk,"Hedvall, Yngve",1910,1,59400,16.835016835016834
elektrisk,"Hedvall, Yngve",1920,1,71320,14.021312394840157
elektrisk,"Hedvall, Yngve",1930,4,77482,51.62489352365711
elektrisk,"Hedvall, Yngve",1940,1,58997,16.950014407512246
elektrisk,"Heidenstam, Verner von",1880,1,140250,7.1301247771836005
elektrisk,"Heidenstam, Verner von",1890,3,358205,8.375092474979411
elektrisk,"Heidenstam, Verner von",1900,1,415213,2.4084024344131807
elektrisk,"Heidenstam, Verner von",1910,1,146544,6.8238890708592645
elektrisk,"Heller, Frank",1910,53,548425,96.64037926790354
elektrisk,"Heller, Frank",1920,5,86463,57.82820397164105
elektrisk,"Heller, Frank",1930,5,50506,98.9981388349899
elektrisk,"Hemmer, Jarl",1920,1,13940,71.73601147776183
elektrisk,"Hertzberg, Rafaël",1870,1,61905,16.1537840239076
elektrisk,"Hertzberg, Rafaël",1880,2,134808,14.835914782505489
elektrisk,"Hjelm, Runo",1890,3,223295,13.435141852706062
elektrisk,"Hjärne, Rudolf",1850,2,128403,15.575960063238398
elektrisk,"Hjärne, Rudolf",1880,1,41664,24.001536098310293
elektrisk,"Hodell, Frans",1870,1,24103,41.48861137617724
elektrisk,"Hofberg, Herman",1900,18,1537883,11.704401440161572
elektrisk,"Hofsten, Johanna Christina von",1860,1,122729,8.148033472121503
elektrisk,"Hofsten, Johanna Christina von",1870,1,58804,17.00564587443031
elektrisk,"Hofsten, Johanna Christina von",1880,5,388457,12.871437507883755
elektrisk,"Hollertz, Johan Peter",1850,1,27149,36.833769199602195
elektrisk,"Holmberg, Teodor",1890,1,91248,10.959144310012274
elektrisk,"Holmes, Ludvig",1890,1,57410,17.41856819369448
elektrisk,"Holmgren, Ann Margret",1890,2,122587,16.31494367265697
elektrisk,"Holmgren, Frithiof",1890,1,64314,15.548714121342165
elektrisk,"Holmkvist, Albert",1890,2,78188,25.579372793779097
elektrisk,"Hult, Oscar Walfrid",1880,1,1208,827.8145695364238
elektrisk,"Hultin, Constance",1840,2,211848,9.440731090215627
elektrisk,"Hultin, Måns",1870,2,104686,19.104751351661157
elektrisk,"Hvalgren, Emanuel",1880,2,26650,75.046904315197
elektrisk,"Häthén, Johan Anselm",1890,2,100609,19.878937272013438
elektrisk,"Höggren, Fanchette",1840,1,117916,8.480613317955154
elektrisk,"Höglund, Hjalmar",1900,1,52771,18.949801974569365
elektrisk,"Högman, August",1890,3,82592,36.323130569546684
elektrisk,"Höijer, Johan Leonard",1840,1,52050,19.21229586935639
elektrisk,"Idström, Ellen",1890,1,240165,4.163804051381342
elektrisk,"Indebetou, Johan Govert",1830,1,39103,25.573485410326573
elektrisk,"Ingelius, Axel Gabriel",1850,5,364678,13.710725626443054
elektrisk,"Ingelman, Georg Gabriel",1830,2,88369,22.632371080356233
elektrisk,"Ingelman, Georg Gabriel",1840,1,55592,17.988199740969925
elektrisk,"Ivendorff, Carl Johan",1840,1,78318,12.768456804310631
elektrisk,"Jacobson, Harald",1890,2,68191,29.329383643002743
elektrisk,"Jacobsson, Christoffer Fritz",1830,1,83746,11.94086881761517
elektrisk,"James, D.",1880,5,311224,16.06559905405753
elektrisk,"Janson, Betty",1880,1,54576,18.323072412782174
elektrisk,"Janson, Betty",1890,8,177288,45.12431749469789
elektrisk,"Janson, Gustaf",1890,3,218309,13.741989565249257
elektrisk,"Jensen, Alfred",1890,4,26471,151.10876053039175
elektrisk,"Johanson, Klara",1900,3,75519,39.7251022921384
elektrisk,"Johanson, Klara",1920,3,80164,37.423282271343744
elektrisk,"Johanson, Klara",1940,1,104609,9.55940693439379
elektrisk,"Johansson-Dickens, Sven Johan Julius",1870,2,79768,25.072710861498344
elektrisk,"Johnson, John",1880,4,222048,18.014123072488832
elektrisk,"Johnson, John",1890,19,394527,48.15893462297891
elektrisk,"Johnson, John",1900,7,78583,89.07779036178309
elektrisk,"Johnsson, Harald",1910,5,47347,105.60331171985554
elektrisk,"Jolin, Johan",1860,9,247825,36.315948754161205
elektrisk,"Jolin, Johan",1870,13,380713,34.146456779778994
elektrisk,"Jolin, Johan",1880,8,261141,30.634791166457966
elektrisk,"Jolin, Johan",1890,4,451682,8.855787921590855
elektrisk,"Jolin, Johan",1920,1,87109,11.479870047871058
elektrisk,"Jonsson, Thorsten",1930,1,73758,13.55785135171778
elektrisk,"Jonsson, Thorsten",1940,2,146692,13.634008671229514
elektrisk,"Josephson, Ludvig",1890,7,93878,74.56486077675281
elektrisk,"Jouvin, Maria",1890,7,27905,250.851101953055
elektrisk,"Jäderin, Axel",1890,1,61888,16.158221302998967
elektrisk,"Jænisch, Alexander",1890,1,97007,10.308534435659283
elektrisk,"Kamke, Hanna",1890,1,76341,13.099121048977613
elektrisk,"Kantzow, Edvard Bosanquet S:t George de",1890,1,18050,55.40166204986149
elektrisk,"Karadja, Mary",1890,2,19192,104.21008753647354
elektrisk,"Karlfeldt, Erik Axel",1920,1,50763,19.699387349053445
elektrisk,"Kellmodin, Frithiof",1870,1,32799,30.488734412634532
elektrisk,"Kerfstedt, Amanda",1890,2,240721,8.308373594327042
elektrisk,"Kerfve, Axel",1890,38,948369,40.06879178885012
elektrisk,"Kerfve, Axel",1900,8,445915,17.94063891100322
elektrisk,"Key, Ellen",1890,8,267625,29.892573563755256
elektrisk,"Key, Ellen",1900,1,187000,5.347593582887701
elektrisk,"Keyser, Hilda Fredrika",1850,2,124385,16.07910921734936
elektrisk,"Kiellman-Göranson, Julius Axel",1840,4,519605,7.698155329529161
elektrisk,"Kiellman-Göranson, Julius Axel",1850,11,810772,13.567316088863453
elektrisk,"Kiellman-Göranson, Julius Axel",1860,7,607184,11.52863053044876
elektrisk,"Kipling, Rudyard",1900,1,172746,5.788846051428108
elektrisk,"Kjellgren, Josef",1930,18,289746,62.123377026775174
elektrisk,"Kleen, Tyra",1900,1,48825,20.48131080389145
elektrisk,"Klemming, Gustaf Edvard",1880,1,373934,2.674268721218183
elektrisk,"Knorring, Sophie von",1830,4,396920,10.07759750075582
elektrisk,"Knorring, Sophie von",1840,3,899110,3.3366328925270548
elektrisk,"Knös, Thekla",1860,1,84970,11.768859597505001
elektrisk,"Koch, Ebba von",1890,1,57178,17.489244114869354
elektrisk,"Koch, Martin",1910,3,442498,6.77969165962332
elektrisk,"Koch, Richert von",1890,9,423042,21.274483384628475
elektrisk,"Krok, Johan Peter",1830,3,155292,19.318445251526157
elektrisk,"Krook, Axel",1850,1,75928,13.17037193130334
elektrisk,"Krook, Herman Salomon",1860,5,73168,68.33588453968949
elektrisk,"Krusenstjerna, Agnes von",1910,1,64716,15.452129303418012
elektrisk,"Krusenstjerna, Agnes von",1920,32,447382,71.52724070257632
elektrisk,"Krusenstjerna, Agnes von",1930,42,760190,55.24934555834726
elektrisk,"Kræmer, Anders Robert von",1850,6,50978,117.69783043665895
elektrisk,"Kræmer, Anders Robert von",1860,3,22460,133.5707925200356
elektrisk,"Kræmer, Lotten von",1880,6,79117,75.83705145543941
elektrisk,"Kræmer, Lotten von",1890,2,78946,25.333772452055836
elektrisk,"Kræmer, Vera von",1930,5,269227,18.571688575068624
elektrisk,"Kullberg, Carl A.",1850,2,49463,40.43426399530963
elektrisk,"Kullberg, Karl Anders af",1830,5,512752,9.751302774050613
elektrisk,"Kullberg, Karl Anders af",1840,5,708355,7.058607619061064
elektrisk,"Kullberg, Karl Anders af",1870,1,99840,10.01602564102564
elektrisk,"Kämpe, Alfred",1900,3,75362,39.80786072556461
elektrisk,"Kämpe, Alfred",1910,3,146622,20.460776691083193
elektrisk,"Köhler, Emmy",1890,1,28008,35.70408454727221
elektrisk,"Lagerbring, Gustaf",1880,4,103862,38.512641774662534
elektrisk,"Lagergren, Claes",1890,1,19250,51.94805194805195
elektrisk,"Lagerhjelm, Agnes",1870,1,47239,21.16894938504202
elektrisk,"Lagerlöf, Selma",1900,2,1232026,1.6233423645280214
elektrisk,"Lagerlöf, Selma",1910,2,705812,2.8336157503697867
elektrisk,"Lagerlöf, Selma",1940,5,311149,16.069471539358958
elektrisk,"Lagervall, Gustaf Fredrik",1850,1,34850,28.694404591104735
elektrisk,"Lamm, Martin",1940,3,213547,14.04842961970901
elektrisk,"Landahl, Martin",1900,3,58151,51.58982648621692
elektrisk,"Landquist, Ellen",1910,3,44571,67.30833950326445
elektrisk,"Landqvist, Rudolf",1890,1,38814,25.763899623847067
elektrisk,"Lange, Ina",1880,2,120439,16.605916688115975
elektrisk,"Langlet, Mathilda",1890,4,538116,7.433341510008995
elektrisk,"Larsson, Carl",1910,1,25360,39.43217665615142
elektrisk,"Levart, Johan",1890,1,74990,13.335111348179757
elektrisk,"Levertin, Oscar",1880,4,129322,30.93054546016919
elektrisk,"Levertin, Oscar",1890,3,282783,10.608841408429786
elektrisk,"Levertin, Oscar",1900,2,151708,13.183220397078598
elektrisk,"Lewald, August",1880,1,91769,10.896925977181837
elektrisk,"Lidback, Paul Gustaf Andreios",1840,1,90611,11.03618765933496
elektrisk,"Lilja, Nils",1830,4,41689,95.94857156564082
elektrisk,"Limborg, Ossian",1880,3,129747,23.121921894147842
elektrisk,"Linck, Emma Elisabeth",1870,3,182760,16.414970453053183
elektrisk,"Lindberg, Per",1920,1,49918,20.032853880363795
elektrisk,"Lindberg, Per",1940,1,328375,3.0452988199467073
elektrisk,"Lindblad, Adolf",1890,1,27336,36.581796897863626
elektrisk,"Lindblad, Elis Wilhelm",1860,1,64657,15.466229487913141
elektrisk,"Lindeblad, Assar",1840,1,28312,35.32071206555524
elektrisk,"Lindgren, Ida",1910,1,41886,23.874325550303205
elektrisk,"Lindgren, Martin",1870,1,105917,9.44135502327294
elektrisk,"Lindholm, Per August",1880,1,178880,5.590339892665474
elektrisk,"Lindholm, Per August",1890,1,252561,3.959439501744133
elektrisk,"Lindholm, Valdemar",1920,1,32968,30.33244358165494
elektrisk,"Lindhé, Wilma",1890,5,216303,23.115721927111505
elektrisk,"Lindhé, Wilma",1900,10,131308,76.15682212812624
elektrisk,"Lindkvist, Alfred",1880,1,141703,7.05701361297926
elektrisk,"Lindman, Elof M.",1870,1,14871,67.24497343823549
elektrisk,"Lindorm, Erik",1940,1,30602,32.67760277106071
elektrisk,"Lindqvist, Gustaf",1890,1,44200,22.624434389140273
elektrisk,"Lindqvist, Gustaf",1900,2,43779,45.68400374608831
elektrisk,"Lindqvist, Josef",1870,1,253336,3.947326870243471
elektrisk,"Lindqvist, Uno Leopold",1840,2,90064,22.206430982412506
elektrisk,"Lindström, Sigfrid",1930,2,53703,37.241867307226784
elektrisk,"Ling, Per Henrik",1860,3,492118,6.096098903108604
elektrisk,"Linnarsson, Linnar",1950,1,276292,3.619359228642161
elektrisk,"Linnarsson, Linnar",1960,1,72719,13.75156424043235
elektrisk,"Ljungberg, Eva",1880,1,93279,10.720526592266213
elektrisk,"Ljunggren, Albert Gustaf",1890,1,71879,13.912269230234143
elektrisk,"Ljunggren, Gustaf",1870,1,582220,1.7175638074954485
elektrisk,"Ljunggren, Gustaf",1880,3,589132,5.092237393317626
elektrisk,"Ljunggren, Gustaf",1890,4,508881,7.860383861845893
elektrisk,"Ljunglöf, Emanuel",1890,3,15564,192.75250578257518
elektrisk,"Ljungstedt, Aurora",1850,1,98506,10.151665888372282
elektrisk,"Ljungstedt, Aurora",1860,2,448769,4.456635819319071
elektrisk,"Ljungstedt, Aurora",1870,6,1582446,3.791598575875575
elektrisk,"Lund, Sigurd",1880,1,19330,51.733057423693744
elektrisk,"Lundegård, Axel",1880,1,97327,10.274641158157552
elektrisk,"Lundegård, Axel",1890,13,663851,19.582707565402476
elektrisk,"Lundegård, Axel",1900,4,168216,23.778950872687496
elektrisk,"Lundegård, Axel",1910,5,42428,117.84670500612803
elektrisk,"Lundin, Claës",1870,5,282340,17.709145002479282
elektrisk,"Lundin, Claës",1880,4,223768,17.875656930392193
elektrisk,"Lundin, Claës",1890,2,69707,28.691523089503207
elektrisk,"Lundquist, Ernst",1880,8,702213,11.392554680702293
elektrisk,"Lundquist, Ernst",1890,5,302445,16.531931425548446
elektrisk,"Lundquist, Ernst",1900,2,54560,36.65689149560117
elektrisk,"Lundström, Mathilda",1860,2,273179,7.321206974181764
elektrisk,"Lundström, Vilhelm",1900,1,23072,43.342579750346744
elektrisk,"Lybeck, Mikael",1910,5,94744,52.773790424723465
elektrisk,"Lybeck, Mikael",1920,1,47287,21.147461247277263
elektrisk,"Lyckow, Gustaf",1890,1,43595,22.938410368161488
elektrisk,"Lénström, Carl Julius",1840,2,232710,8.594387864724334
elektrisk,"Löhman, Lars Vilhelm",1830,1,26119,38.28630498870554
elektrisk,"Lönnberg, Mathilda",1880,1,323522,3.0909799024486744
elektrisk,"Lönnegren, August Valfrid",1880,1,12558,79.63051441312311
elektrisk,"Magnell, Carl Jakob",1890,19,33616,565.2070442646359
elektrisk,"Mallander, Gustaf Richard",1880,4,83270,48.03650774588687
elektrisk,"Malling, Mathilda",1880,2,91411,21.87920490969358
elektrisk,"Malling, Mathilda",1900,1,70420,14.200511218403863
elektrisk,"Malling, Mathilda",1920,1,43203,23.146540749484988
elektrisk,"Marholm, Laura",1890,1,42138,23.731548720869522
elektrisk,"Marin, Otto Ulrik",1840,6,174931,34.299237985262764
elektrisk,"Marx, Karl",1900,1,32207,31.049150805725464
elektrisk,"Mattsson, Sven",1900,1,7282,137.32491073880803
elektrisk,"Meijer, Bernhard",1880,4,543470,7.36011187370048
elektrisk,"Melander, Emil",1890,2,29322,68.2081713389264
elektrisk,"Melander, Richard",1880,3,201808,14.865614841829858
elektrisk,"Melander, Richard",1890,6,382060,15.704339632518453
elektrisk,"Mellin, Gustaf Henrik",1830,3,157305,19.071231047964147
elektrisk,"Mellin, Gustaf Henrik",1840,6,559527,10.723343109447802
elektrisk,"Mellin, Gustaf Henrik",1850,2,213613,9.362726051317102
elektrisk,"Mellin, Gustaf Henrik",1860,2,732670,2.7297419029030805
elektrisk,"Mellin, Gustaf Henrik",1870,4,765675,5.2241486270284385
elektrisk,"Meyer, Albertine",1880,4,335249,11.931430071379781
elektrisk,"Mickwitz, Gerda von",1880,1,128866,7.759998758400199
elektrisk,"Moberg, Nenne",1890,6,49321,121.65203463027919
elektrisk,"Modin, Johan Engelbrekt",1860,3,178617,16.79571373385512
elektrisk,"Modin, Johan Engelbrekt",1880,1,135473,7.381544662035978
elektrisk,"Molander, Harald",1890,1,175885,5.68553316087216
elektrisk,"Molin, Pelle",1890,1,59495,16.808135137406506
elektrisk,"Montell, Hilma",1880,1,12811,78.0579189758801
elektrisk,"Montgomery, Lucy Maud",1900,2,125473,15.939684234855308
elektrisk,"Montgomery, Lucy Maud",1910,1,221285,4.519059131888741
elektrisk,"Mortensen, Johan",1900,1,233086,4.290261963395485
elektrisk,"Mortensen, Johan",1910,1,159369,6.27474602965445
elektrisk,"Myrberg, Anna",1930,1,17853,56.01299501484344
elektrisk,"Möller, Arthur",1910,3,24062,124.67791538525476
elektrisk,"Mörner, J.C.A.",1870,2,149517,13.376405358587986
elektrisk,"Nerman, Gustaf",1890,1,8002,124.96875781054736
elektrisk,"Nervander, Johan Jakob",1850,1,84887,11.780366840623417
elektrisk,"Nettelbladt, Lovisa Mathilda",1840,1,121172,8.252731654177532
elektrisk,"Nicander, Karl August",1830,3,385016,7.791883973653043
elektrisk,"Nilsson, Albert",1910,1,135571,7.376208776213202
elektrisk,"Nordenskiöld, Adolf Erik",1880,3,297785,10.074382524304449
elektrisk,"Nordenskiöld, Gustaf",1890,1,171081,5.845184444795155
elektrisk,"Nordensvan, Georg",1880,5,513177,9.743226995753902
elektrisk,"Nordensvan, Georg",1890,5,130737,38.24472031636033
elektrisk,"Nordin, Albert",1880,1,141167,7.0838085388228125
elektrisk,"Nordin, Jonas",2020,1,186173,5.371348154673341
elektrisk,"Nordling, Johan",1880,2,130951,15.272888332276958
elektrisk,"Nordling, Johan",1890,4,49151,81.3818640515961
elektrisk,"Nordström, Ester Blenda",1920,2,124260,16.095284081764042
elektrisk,"Nordström, Ester Blenda",1930,1,139817,7.152206097970919
elektrisk,"Nordström, Ludvig",1900,1,128299,7.794293018651743
elektrisk,"Nordström, Ludvig",1910,1,73855,13.540044682147451
elektrisk,"Nordström, Ludvig",1930,17,141431,120.19995616236893
elektrisk,"Norlander, Emil",1920,6,161050,37.25551071095933
elektrisk,"Norström, Vitalis",1900,8,109692,72.93148087371914
elektrisk,"Norström, Vitalis",1910,6,130954,45.81761534584663
elektrisk,"Numers, Hedvig von",1860,1,270661,3.694658632015695
elektrisk,"Nyberg, Julia Christina",1830,1,108344,9.229860444510079
elektrisk,"Nyblom, Carl Rupert",1860,1,38750,25.806451612903224
elektrisk,"Nyblom, Helena",1880,1,251590,3.9747207758654954
elektrisk,"Nyblom, Helena",1910,14,229507,61.000318073087094
elektrisk,"Nyblom, Lennart",1950,4,24080,166.11295681063123
elektrisk,"Nybom, Johan",1850,2,14498,137.95006207752795
elektrisk,"Nycander, Fredrik",1890,1,108038,9.256002517632686
elektrisk,"Nygren, Anders Johan",1900,2,27643,72.3510472814094
elektrisk,"Nèlson, Johannes Fredrik",1880,10,299170,33.42581141157201
elektrisk,"Olivecrona, Rosalie",1880,1,46519,21.49659279004278
elektrisk,"Oswald, Gösta",1940,1,43590,22.941041523285158
elektrisk,"Oxenstierna, Mårten Gabriel Leijonsköld",1890,4,548427,7.293586931350936
elektrisk,"Paban, August Theodor",1850,1,31656,31.589588071771544
elektrisk,"Palm, Amy",1890,2,139390,14.348231580457709
elektrisk,"Palm, August",1900,1,17899,55.86904296329404
elektrisk,"Palmblad, Vilhelm Fredrik",1840,9,931946,9.657211898543478
elektrisk,"Palme, Christian Adolph",1860,1,22087,45.275501426178295
elektrisk,"Palmstjerna, Carl Otto",1830,1,328303,3.045966683216419
elektrisk,"Paul, Adolf",1890,9,277706,32.4083743239253
elektrisk,"Pereswetoff-Morath, Fredrik",1860,2,63661,31.41640879031118
elektrisk,"Person, Johan",1900,3,49994,60.007200864103694
elektrisk,"Persson, Fredrik",1900,9,172315,52.22992774859995
elektrisk,"Persson, Fredrik",1910,3,324667,9.24023691967462
elektrisk,"Peterson, Maria",1860,2,104909,19.06414130341534
elektrisk,"Petersson, Therèse",1880,2,167213,11.960792522112515
elektrisk,"Pettersson, Carl",1850,1,30587,32.69362801190048
elektrisk,"Pettersson, Victor",1880,9,351595,25.597633640978966
elektrisk,"Pettersson-Olin, Jonas",1890,5,24852,201.19105102205054
elektrisk,"Pfeiffer, Sara",1870,1,549531,1.8197335546129336
elektrisk,"Pfeiffer, Sara",1880,2,394170,5.073952862977903
elektrisk,"Philipsson, Jonas",1850,1,125155,7.990092285565899
elektrisk,"Pihl, Otto",1890,1,5403,185.08236165093467
elektrisk,"Pihlstrand, Ragnar",1880,27,2387801,11.30747495289599
elektrisk,"Pihlstrand, Ragnar",1890,28,1299301,21.550048833949948
elektrisk,"Pontin, Constans",1840,2,229104,8.72965989245059
elektrisk,"Poulsson, Karl",1870,1,11156,89.63786303334528
elektrisk,"Procopé, Hjalmar",1900,1,18224,54.87269534679543
elektrisk,"Prytz, Harald Oscar",1860,2,90977,21.983578267034524
elektrisk,"Quennerstedt, August",1910,1,1140005,0.8771891351353722
elektrisk,"Qvanten, Aurora von",1860,1,112043,8.92514481047455
elektrisk,"Qvanten, Aurora von",1880,1,113536,8.807779030439685
elektrisk,"Qvanten, Aurora von",1890,2,172335,11.605303623756056
elektrisk,"Regis, Julius",1910,10,76539,130.65234716941688
elektrisk,"Regis, Julius",1920,4,73780,54.21523448088913
elektrisk,"Regnér, Gustaf",1800,1,10032,99.68102073365232
elektrisk,"Reuter, Jonatan",1890,1,9372,106.70081092616304
elektrisk,"Ridderstad, Carl Fredrik",1840,12,771553,15.553046906693384
elektrisk,"Ridderstad, Carl Fredrik",1850,8,951883,8.404394237527091
elektrisk,"Ridderstad, Carl Fredrik",1870,1,5922,168.86187098953056
elektrisk,"Ridderstad, Carl Fredrik",1880,19,559564,33.955007827522856
elektrisk,"Ripa, Ernst",1880,1,51842,19.289379267775164
elektrisk,"Risberg, Emilie",1860,2,297099,6.731762813069044
elektrisk,"Rollin, Carl Gustaf",1840,1,9930,100.70493454179255
elektrisk,"Roos, Mathilda",1890,2,429737,4.654009312672635
elektrisk,"Roos, Mathilda",1900,2,323439,6.1835462019113345
elektrisk,"Rosenberg, Carl Martin",1880,2,1933426,1.0344331771684048
elektrisk,"Rosenius, Josef",1890,1,14634,68.33401667350007
elektrisk,"Rosén, Johan Magnus",1840,4,288053,13.886333417808528
elektrisk,"Roth, Sven Olof",1880,2,224664,8.902182815226293
elektrisk,"Rubenson, Olof",1880,4,158589,25.22243030727226
elektrisk,"Ruin, Hans",1930,2,163282,12.248747565561422
elektrisk,"Ruin, Hans",1940,3,79133,37.91085893369391
elektrisk,"Rusén, Lars Erik",1850,1,21042,47.523999619808
elektrisk,"Ryberg, Klas",1870,6,71186,84.28623605765179
elektrisk,"Rydberg, Carl Henrik",1860,5,344263,14.523779784641393
elektrisk,"Rydberg, Viktor",1850,2,350514,5.705906183490531
elektrisk,"Sand, Arne",1950,2,74376,26.890394750994943
elektrisk,"Sandahl, Anton Gustaf",1870,1,50738,19.709093775868187
elektrisk,"Sandberg, Algot",1890,1,296810,3.3691587210673495
elektrisk,"Sandberg, Algot",1910,5,78774,63.47271942519105
elektrisk,"Sandberg, Eric",1890,1,135478,7.381272236082611
elektrisk,"Sandel, Maria",1920,1,144864,6.9030262867241
elektrisk,"Sandströmer, Clara",1870,1,257887,3.877667350428676
elektrisk,"Saxon, Johan Lindström",1890,1,270284,3.699812049547883
elektrisk,"Schantz, Otto von",1870,2,54939,36.404011722091774
elektrisk,"Scherini, Pehr Hampus",1850,1,31660,31.585596967782692
elektrisk,"Scherini, Pehr Hampus",1880,2,47576,42.03800235412813
elektrisk,"Schildt, Runar",1910,5,54474,91.78690751551198
elektrisk,"Schildt, Runar",1920,2,51308,38.98027598035394
elektrisk,"Scholander, Fredrik Wilhelm",1880,1,242074,4.130968216330544
elektrisk,"Schreiner, Olive",1910,1,61056,16.37840670859539
elektrisk,"Schwartz, Marie Sophie",1850,4,1085153,3.6861161513629876
elektrisk,"Schwartz, Marie Sophie",1860,4,2579411,1.5507416227968323
elektrisk,"Schwartz, Marie Sophie",1870,1,884820,1.1301733685947424
elektrisk,"Schéele, Georg von",1880,4,104047,38.44416465635722
elektrisk,"Schöldström, Birger",1870,3,58816,51.00652883569097
elektrisk,"Schöldström, Birger",1890,1,123441,8.101036122520071
elektrisk,"Schöldström, Karl Wilhelm",1880,1,54619,18.308647174060308
elektrisk,"Schönberg, Gustaf",1880,1,21111,47.36867036142296
elektrisk,"Segerstedt, Albrekt",1880,1,149770,6.676904587033452
elektrisk,"Segerstedt, Torgny",1940,2,117457,17.027507939075576
elektrisk,"Segerstéen, Gustaf",1890,1,59500,16.80672268907563
elektrisk,"Sehlstedt, Elias",1850,2,64206,31.14973678472417
elektrisk,"Silfverstolpe, Gudmund Leonhard",1850,1,51620,19.37233630375823
elektrisk,"Silfverstolpe, Malla",1900,1,301691,3.3146497575333704
elektrisk,"Sjöberg, Birger",1920,18,566955,31.748551472339074
elektrisk,"Sjöström, Carl",1900,1,312159,3.2034956544581448
elektrisk,"Skarstedt, Carl Wilhelm",1880,1,788956,1.2674978072287935
elektrisk,"Skarstedt, Ernst",1890,3,171111,17.5324789171941
elektrisk,"Snellman, Johan Vilhelm",1840,3,182971,16.396040902656704
elektrisk,"Snoilsky, Carl",1890,4,46597,85.84243620833959
elektrisk,"Snoilsky, Ebba",1880,1,36014,27.766979507969122
elektrisk,"Sparre, Pehr",1830,1,225896,4.426815879873924
elektrisk,"Sparre, Pehr",1840,1,167601,5.96655151222248
elektrisk,"Sparre, Pehr",1860,5,206709,24.188593626789352
elektrisk,"Sparre, Pehr",1870,1,385654,2.592997868555752
elektrisk,"Stackelberg, Oskar",1870,1,21739,46.00027600165601
elektrisk,"Stackelberg, Oskar",1890,1,31199,32.05230936889003
elektrisk,"Stagnelius, Erik Johan",1880,1,14304,69.91051454138703
elektrisk,"Stam, Per",1990,7,238205,29.386452845238345
elektrisk,"Starbäck, Carl Georg",1850,1,210114,4.759321130433955
elektrisk,"Starbäck, Carl Georg",1860,1,304015,3.2893113826620395
elektrisk,"Starbäck, Carl Georg",1870,3,1094880,2.740026304252521
elektrisk,"Starnberg, Märta",1890,1,240932,4.150548702538476
elektrisk,"Stenberg, Elis Oscar",1870,1,11575,86.39308855291577
elektrisk,"Stenhammar, Jakob Axel",1810,1,411692,2.429000320628042
elektrisk,"Stjernstolpe, Jonas Magnus",1840,1,10168,98.3477576711251
elektrisk,"Stjernström, Louise",1880,3,1077607,2.7839462809725624
elektrisk,"Stjernström, Louise",1890,4,1662749,2.40565473201307
elektrisk,"Stockenstrand, Ina",1890,3,78099,38.412783774440136
elektrisk,"Stoker, Bram",1900,6,120550,49.77187888842804
elektrisk,"Stowe, Harriet Beecher",1890,2,222597,8.984847055441
elektrisk,"Strandberg, Carl Vilhelm August",1870,4,415407,9.629110727551534
elektrisk,"Strindberg, August",1870,1,139512,7.167842192786283
elektrisk,"Strindberg, August",1880,8,793035,10.087827145081869
elektrisk,"Strindberg, August",1890,20,428523,46.67194059595401
elektrisk,"Strindberg, August",1900,1,155151,6.445333900522717
elektrisk,"Strindberg, August",1910,1,58975,16.95633743111488
elektrisk,"Strindberg, Oskar",1880,2,18140,110.25358324145535
elektrisk,"Strussenfelt, Constantia Carolina Amalia von",1830,5,255803,19.5462914821171
elektrisk,"Strussenfelt, Constantia Carolina Amalia von",1840,1,45230,22.109219544550076
elektrisk,"Strussenfelt, Ulrika Sophia von",1850,12,1623357,7.39208935557613
elektrisk,"Strussenfelt, Ulrika Sophia von",1860,7,1181849,5.922922471483243
elektrisk,"Ström, Fredrik",1910,2,44657,44.7858118548044
elektrisk,"Ström, Fredrik",1940,2,275415,7.261768603743442
elektrisk,"Ström, Ulrika",1860,1,106489,9.390641286893482
elektrisk,"Sturzen-Becker, Oscar Patric",1840,1,236021,4.236911122315387
elektrisk,"Sturzen-Becker, Oscar Patric",1860,4,277888,14.394288346384155
elektrisk,"Sturzen-Becker, Oscar Patric",1880,8,631009,12.678107602268748
elektrisk,"Stålberg, Wilhelmina",1830,1,245663,4.070617064840859
elektrisk,"Stålberg, Wilhelmina",1840,5,1308174,3.822121522060521
elektrisk,"Stålberg, Wilhelmina",1850,4,687670,5.816743496153679
elektrisk,"Stålberg, Wilhelmina",1860,7,899125,7.7853468650076465
elektrisk,"Stålberg, Wilhelmina",1870,2,181855,10.997772950977428
elektrisk,"Stålhandske, Gustaf",1890,1,10008,99.92006394884093
elektrisk,"Stéenhoff, Frida",1900,1,116367,8.593501594094546
elektrisk,"Stéenhoff, Frida",1910,2,139598,14.326852820240978
elektrisk,"Stéenhoff, Frida",1930,1,23249,43.01260269258893
elektrisk,"Sundeborg, Lars Ture",1860,1,4493,222.56843979523703
elektrisk,"Sundgren, Fritz",1890,2,26992,74.09602845287493
elektrisk,"Sundler, Anders",1880,1,94962,10.530528000673954
elektrisk,"Sundman, Gösta",1890,1,25717,38.88478438387059
elektrisk,"Sundqvist, E. W.",1890,5,516249,9.68524878498554
elektrisk,"Sundström, Karin",1860,1,137850,7.254261878853827
elektrisk,"Suttner, Bertha von",1890,1,75529,13.239947569807624
elektrisk,"Svanlund, Yngve Fredrik",1890,1,38238,26.15199539724881
elektrisk,"Svartengren, Teodor",1880,1,10927,91.51642719868217
elektrisk,Svenska Litteratursällskapet,1980,2,392946,5.089757880217638
elektrisk,"Svenson, Frey",1890,1,34719,28.80267288804401
elektrisk,"Sydow, Julius Leonard von",1860,1,15811,63.247106444880146
elektrisk,"Sällberg, Thure",1890,1,491737,2.033607395823377
elektrisk,"Sällberg, Thure",1900,1,51725,19.33301111648139
elektrisk,"Sätherberg, Herman",1840,3,143112,20.962602716753313
elektrisk,"Sätherberg, Herman",1860,1,88183,11.340054205459102
elektrisk,"Sätherberg, Herman",1870,3,76188,39.376279729091195
elektrisk,"Söderberg, Hjalmar",1890,4,70340,56.86664771111743
elektrisk,"Söderberg, Hjalmar",1900,15,304715,49.226326239272765
elektrisk,"Söderberg, Hjalmar",1910,5,147353,33.932122182785555
elektrisk,"Söderberg, Hjalmar",1920,8,172010,46.50892389977327
elektrisk,"Söderberg, Mikael",1920,3,35552,84.38343834383438
elektrisk,"Söderberg, Mikael",1930,1,27834,35.92728317884602
elektrisk,"Södergran, Edith",1920,4,20266,197.37491364847529
elektrisk,"Söderhjelm, Alma",1920,1,102308,9.774406693513704
elektrisk,"Söderholm, Kerstin",1920,1,11316,88.37044892188052
elektrisk,"Söderholm, Kerstin",1930,1,28308,35.32570298148933
elektrisk,"Tammelin, Filip",1880,1,29240,34.19972640218878
elektrisk,"Tammelin, Filip",1890,1,46995,21.27885945313331
elektrisk,"Tavaststjerna, Karl August",1890,12,435795,27.53588269713971
elektrisk,"Tegnér, Esaias",1830,1,58510,17.091095539224064
elektrisk,"Tegnér, Esaias",1880,2,231963,8.622064725839897
elektrisk,"Tenow, Elna",1880,1,54332,18.40535964072738
elektrisk,"Tersmeden, Carl",1910,2,627992,3.184753945910139
elektrisk,"Tersmeden, Minna",1850,1,43375,23.054755043227665
elektrisk,"Tersmeden, Minna",1860,2,92228,21.68538838530598
elektrisk,"Tersmeden, Minna",1870,1,83327,12.000912069317268
elektrisk,"Thomasson, Nils",1890,31,707538,43.81390116149239
elektrisk,"Thomasson, Pehr",1850,4,216282,18.494373086988283
elektrisk,"Thomasson, Pehr",1870,1,315954,3.1650176924489006
elektrisk,"Thomasson, Pehr",1880,1,259784,3.849351769162073
elektrisk,"Thomson, Niclas Hans",1830,1,185354,5.395081843391564
elektrisk,"Thorsander, Gustaf",1880,4,123553,32.37477034147289
elektrisk,"Thorsander, Gustaf",1890,1,250882,3.9859376121044954
elektrisk,"Tibell, Charlotta Cecilia af",1870,1,97673,10.238243936400028
elektrisk,"Tiselius, Carl August",1920,5,266673,18.749554698075922
elektrisk,"Tollstorp, Jacob Philip",1830,1,45173,22.137117304584596
elektrisk,"Topelius, Zacharias",1860,1,408043,2.4507221052683175
elektrisk,"Topelius, Zacharias",1870,1,270386,3.6984163381240154
elektrisk,"Topelius, Zacharias",1880,3,1225979,2.447023970231138
elektrisk,"Topelius, Zacharias",1890,4,155883,25.66027084415876
elektrisk,"Torckell, Olga",1890,1,85119,11.748258320703956
elektrisk,"Trolle, Henrik af",1860,2,322782,6.196132374172042
elektrisk,"Trolle, Henrik af",1870,11,1614288,6.814149643681921
elektrisk,"Trolle, Henrik af",1880,4,832850,4.802785615657081
elektrisk,"Törnberg, Carl Ludvig",1880,1,34617,28.887540803651387
elektrisk,"Törnblom, Johan August",1910,8,599083,13.353742302819477
elektrisk,"Törnblom, Johan August",1920,3,120756,24.843486037960847
elektrisk,"Uddgren, Gustaf",1900,2,69812,28.648369907752247
elektrisk,"Uddgren, Gustaf",1910,8,244634,32.701913879509796
elektrisk,"Ulfsson, Sten",1890,3,425150,7.056333058920381
elektrisk,"Ullman, Gustaf",1900,2,85560,23.37540906965872
elektrisk,"Undset, Sigrid",1910,4,69510,57.54567688102431
elektrisk,"Undset, Sigrid",1920,2,124115,16.11408774120775
elektrisk,"Unge, Otto Sebastian von",1820,1,56635,17.656925929195726
elektrisk,"Unge, Otto Sebastian von",1830,1,109485,9.133671279170663
elektrisk,"Utterström, Olof Philip",1870,1,57762,17.312419930057825
elektrisk,"Valentin, Guido",1910,1,13299,75.19362358072036
elektrisk,"Valerius, Johan David",1830,1,28756,34.77535123104743
elektrisk,"Vallentin, Hugo",1890,1,46617,21.45140184911084
elektrisk,"Vester, A. B.",1890,1,142413,7.021830872181613
elektrisk,"Virdestam, Gotthard",1920,1,316868,3.1558882563086206
elektrisk,"Virdestam, Gotthard",1930,2,906231,2.206942821421911
elektrisk,"Virgin, Axel Gustaf",1860,1,48881,20.45784660706614
elektrisk,"Virgin, Axel Gustaf",1870,2,29267,68.33635152219223
elektrisk,"Virgin, Axel Gustaf",1880,1,30166,33.14990386527879
elektrisk,"Värnlund, Rudolf",1920,5,140336,35.62877665032494
elektrisk,"Värnlund, Rudolf",1930,3,148105,20.25589953073833
elektrisk,"Wadström, Gustaf Adolf Sebastian",1860,2,43734,45.73101019801528
elektrisk,"Wahlenberg, Anna",1880,3,343965,8.721817626793424
elektrisk,"Wahlenberg, Anna",1890,3,523166,5.734317597091554
elektrisk,"Wahlenberg, Anna",1900,1,66873,14.953718242040884
elektrisk,"Wahlenberg, Anna",1910,2,58907,33.95182236406539
elektrisk,"Wahlgren, Vilhelmina",1890,2,3088,647.6683937823834
elektrisk,"Wahlström, Oscar Frithiof",1880,1,14679,68.12453164384495
elektrisk,"Wallin, Johan Olof",1820,2,39127,51.11559792470673
elektrisk,"Wallin, Johan Peter",1880,2,263442,7.591803888521952
elektrisk,"Wallmo, Uno",1900,10,105865,94.45992537665896
elektrisk,"Warburg, Karl",1900,4,453357,8.823068795673167
elektrisk,"Weiland, Per",1880,2,99440,20.11263073209976
elektrisk,"Weman, Adèle",1890,2,56305,35.520824083118725
elektrisk,"Wennberg, Fredrik Wilhelm",1850,2,56848,35.181536729524346
elektrisk,"Wennerberg, Ingrid",1890,1,35614,28.078845397877238
elektrisk,"Wernberg, Hjalmar",1890,13,491632,26.44254238942949
elektrisk,"Wernberg, Hjalmar",1900,6,298542,20.09767469903732
elektrisk,"Westdahl, Pauline",1870,1,55517,18.012500675468775
elektrisk,"Westerstrand, Pehr",1850,1,13021,76.79901697258275
elektrisk,"Westholm, Erik",1850,1,18755,53.31911490269262
elektrisk,"Wetterbergh, Carl Anton",1840,9,912252,9.865695005327476
elektrisk,"Wetterbergh, Carl Anton",1850,11,959464,11.464734476749518
elektrisk,"Wetterbergh, Carl Anton",1860,1,66094,15.129966411474566
elektrisk,"Wetterbergh, Carl Anton",1880,12,923099,12.999689090769246
elektrisk,"Wettergrund, Josefina",1850,1,168649,5.929474826414625
elektrisk,"Wettergrund, Josefina",1880,3,507018,5.9169496940937005
elektrisk,"Wicksell, Knut",1870,1,11133,89.8230485942693
elektrisk,"Wickström, Victor Hugo",1880,1,221642,4.511780258254302
elektrisk,"Wickström, Victor Hugo",1890,2,213549,9.365532032460933
elektrisk,"Wickström, Victor Hugo",1900,3,62978,47.63568230175617
elektrisk,"Wigström, Eva",1870,2,383015,5.2217276085792985
elektrisk,"Wijkander, Oscar",1860,1,12665,78.95775759968417
elektrisk,"Wijkander, Oscar",1880,3,98180,30.556121409655734
elektrisk,"Wiklund, Karl Bernhard",1900,3,41691,71.95797654169965
elektrisk,"Wilén, Fritz",1880,1,60454,16.54150263009892
elektrisk,"Winter, Reinhold",1880,3,150214,19.97150731622885
elektrisk,"Winter, Reinhold",1890,7,55474,126.1852399322205
elektrisk,"Wipperling, Nils Fredrik",1830,1,37057,26.985454839841324
elektrisk,"Wipperling, Nils Fredrik",1840,1,50292,19.883878151594686
elektrisk,"Wirsén, Carl David af",1890,1,27350,36.56307129798903
elektrisk,"Witt, Otto",1910,172,530862,324.00134121485434
elektrisk,"Wranér, Henrik",1880,2,276476,7.2339009534281455
elektrisk,"Wranér, Henrik",1890,2,280678,7.125603004154226
elektrisk,"Wägner, Elin",1900,1,74246,13.468739056649516
elektrisk,"Wägner, Elin",1910,18,601051,29.947541889124217
elektrisk,"Wägner, Elin",1920,20,608843,32.84919100654849
elektrisk,"Wägner, Elin",1930,21,611590,34.33672885429782
elektrisk,"Wägner, Elin",1940,15,474886,31.586528135173495
elektrisk,"Wästberg, Efraim",1890,2,40886,48.916499535293255
elektrisk,"Wågman, Frans Oskar",1900,5,70243,71.18147003971926
elektrisk,"Wærnér, Ninian",1890,3,97174,30.872455595118037
elektrisk,"Wærnér, Ninian",1900,5,67609,73.95465100800189
elektrisk,"Zaar, Ludvig Christofer Gustaf",1830,4,61577,64.95931922633451
elektrisk,"Zachrisson, Waldemar",1890,17,223780,75.96746804897667
elektrisk,"Zachrisson, Waldemar",1900,13,217780,59.69326843603637
elektrisk,"Zachrisson, Waldemar",1910,10,70119,142.61469787076257
elektrisk,"Zachrisson, Waldemar",1920,5,73614,67.92186268916238
elektrisk,"Zeipel, Carl von",1840,3,881480,3.4033670644824614
elektrisk,"Zethraeus, August Gerhard",1880,1,25848,38.687712782420306
elektrisk,"Zetterström, Hasse",1910,9,32644,275.7015071682392
elektrisk,"Åberg, Jon Olof",1870,1,389810,2.56535235114543
elektrisk,"Åberg, Jon Olof",1880,13,2320133,5.603127062112388
elektrisk,"Åberg, Jon Olof",1890,4,1280352,3.1241408612631525
elektrisk,"Åberg, Jon Olof",1900,1,65020,15.379883112888342
elektrisk,"Åberg, Katie",1880,1,282619,3.538332525414073
elektrisk,"Åkerberg, Sven",1890,1,36123,27.68319353320599
elektrisk,"Åslund, Daniel",1850,2,141374,14.146872833760098
elektrisk,"Öberg, Ludvig Teodor",1850,4,360523,11.094992552486248
elektrisk,"Ödman, Pelle",1880,3,295814,10.141507839385559
elektrisk,"Ödmann, Jenny Maria",1880,1,700126,1.42831433199167
elektrisk,"Ödmann, Jenny Maria",1900,2,218431,9.156209512386063
emanation,"Ahnfelt, Arvid",1870,1,834238,1.1986986926992058
emanation,"Ahrenberg, Jac",1880,1,146333,6.833728550634512
emanation,"Appelberg, Henrik Adolf",1890,1,10795,92.63547938860583
emanation,"Heller, Frank",1930,1,50506,19.79962776699798
emanation,"James, D.",1880,2,311224,6.426239621623011
emanation,"Jolin, Johan",1860,1,247825,4.035105417129023
emanation,"Jolin, Johan",1880,1,261141,3.8293488958072457
emanation,"Kiellman-Göranson, Julius Axel",1840,3,519605,5.773616497146871
emanation,"Kierkegaard, Søren",1910,1,64948,15.396932930960153
emanation,"Kjellander, Ernst Jonas Fredrik",1840,1,82121,12.177153225119032
emanation,"Landberg, Carlo",1900,2,10740,186.21973929236498
emanation,"Ljunggren, Gustaf",1890,1,508881,1.9650959654614732
emanation,"Ruin, Hans",1930,2,163282,12.248747565561422
emanation,"Sillén, Abraham Wilhelm af",1860,3,129959,23.084203479558937
emanation,"Wikner, Pontus",1860,2,124054,16.122011382140037
emanation,"Witt, Otto",1910,2,530862,3.7674574559866785
emanation,"Åberg, Katie",1880,2,282619,7.076665050828146
emanera,"Ahrenberg, Jac",1890,1,379201,2.6371238472472385
emanera,"Alfthan, Georg Edvard von",1880,1,95134,10.51148905753989
emanera,Anonym,1870,1,1872242,0.5341189867549173
emanera,Anonym,1930,1,267697,3.7355667041468528
emanera,"Atterbom, P.D.A.",1840,3,628322,4.774621929520214
emanera,"Bergman, Carl Wilhelm",1840,2,128252,15.594298724386364
emanera,"Berndtson, Fredrik",1850,1,61138,16.35643953024306
emanera,"Bolander, Sophie",1860,1,532782,1.8769402870217087
emanera,"Braun, Wilhelm von",1850,1,264070,3.7868746923164314
emanera,"Bygdén, Leonard",1890,1,721125,1.3867221355520887
emanera,"Bygdén, Leonard",1920,1,936869,1.0673850879898896
emanera,"Bäckmann, Ida",1910,1,114895,8.70359893816093
emanera,"Bäckmann, Ida",1940,1,240134,4.164341575953426
emanera,"Ehrnrooth, Adelaide",1880,2,232129,8.61589891827389
emanera,"Elkan, Sophie",1900,1,363242,2.752985612897187
emanera,"Flygare-Carlén, Emilie",1840,1,2724568,0.3670306632097272
emanera,"Fredberg, Carl Rudolf A:son",1910,1,31647,31.598571744557145
emanera,"Fryxell, Olof",1830,1,117242,8.529366609235598
emanera,"Furuhjelm, August Leonhard",1870,1,36425,27.45367192862045
emanera,"Gadelius, Bror",1920,1,107081,9.338724890503451
emanera,"Geijer, Erik Gustaf",1850,2,1627119,1.229166397786517
emanera,"Geijer, Erik Gustaf",1920,1,1937136,0.5162260161392902
emanera,"Geijer, Erik Gustaf",1930,1,426699,2.343572401153975
emanera,"Gernandt-Claine, Jane",1890,1,201394,4.965391223174474
emanera,"Hagström, K. A.",1890,2,720270,2.7767365015896814
emanera,"Hasselskog, Nils",1920,1,97366,10.270525645502536
emanera,"Hebbe, Wendela",1850,1,113835,8.78464444151623
emanera,"Hedberg, Frans",1850,1,181657,5.50488007618754
emanera,"Hofberg, Herman",1900,1,1537883,0.6502445244534207
emanera,"Höpken, Anders Johan von",1890,1,464542,2.1526578866926993
emanera,"Jacobsson, Christoffer Fritz",1830,1,83746,11.94086881761517
emanera,"Johanson, Klara",1940,1,104609,9.55940693439379
emanera,"Jolin, Johan",1870,2,380713,5.253301043042922
emanera,"Klemming, Gustaf Edvard",1880,1,373934,2.674268721218183
emanera,"Knorring, Sophie von",1830,2,396920,5.03879875037791
emanera,"Knorring, Sophie von",1840,1,899110,1.1122109641756848
emanera,"Larsson, Hans",1890,1,56630,17.658484901995408
emanera,"Lidback, Paul Gustaf Andreios",1840,3,90611,33.108562978004876
emanera,"Lindberg, Per",1940,1,328375,3.0452988199467073
emanera,"Ling, Per Henrik",1860,1,492118,2.032032967702868
emanera,"Ljunggren, Gustaf",1890,2,508881,3.9301919309229465
emanera,"Lybeck, Mikael",1920,1,47287,21.147461247277263
emanera,"Læstadius, Petrus",1830,2,150434,13.294866851908479
emanera,"Mortensen, Johan",1910,1,159369,6.27474602965445
emanera,"Nilsson, Albert",1910,3,135571,22.128626328639605
emanera,"Nordin, Jonas",2020,1,186173,5.371348154673341
emanera,"Schwerin, Martina von, d. y.",1830,1,51992,19.23372826588706
emanera,"Siljeström, Per Adam",1850,2,64936,30.799556486386596
emanera,"Stam, Per",1990,2,238205,8.396129384353813
emanera,"Strindberg, August",1890,1,428523,2.3335970297977005
emanera,"Thomander, Johan Henrik",1870,1,94572,10.573954235926067
emanera,"Upmark, Gustaf, d. y.",1920,1,138103,7.24097231776283
emanera,"Virdestam, Gotthard",1930,1,906231,1.1034714107109556
emanera,"Värnlund, Rudolf",1930,1,148105,6.751966510246109
emanera,"Ödmann, Samuel",1920,1,247519,4.040093891782045
fluidum,"Ahlbom, Mathilda",1860,1,395655,2.527454474226283
fluidum,"Ahnfelt, Arvid",1870,2,834238,2.3973973853984116
fluidum,"Alfredson, Cai",2010,1,24371,41.032374543514834
fluidum,"Almqvist, C.J.L.",1840,1,1578875,0.6333623624416119
fluidum,"Andrée, Andreas",1830,1,18924,52.8429507503699
fluidum,Anonym,1840,1,731519,1.3670184916591366
fluidum,Anonym,1850,3,858377,3.4949678288211357
fluidum,Anonym,1870,1,1872242,0.5341189867549173
fluidum,Anonym,1880,3,1657613,1.8098313659460923
fluidum,Anonym,1890,2,1991534,1.0042509944595472
fluidum,"Arfwedson, Carl David",1840,1,317219,3.1523962940429167
fluidum,"Arfwidsson, Nils",1840,2,176017,11.362538845679678
fluidum,"Atterbom, P.D.A.",1840,1,628322,1.5915406431734047
fluidum,"Atterbom, P.D.A.",1850,1,244343,4.092607523031149
fluidum,"Bellman, Carl Michael",1870,8,134584,59.442430006538665
fluidum,"Bellman, Carl Michael",2000,6,104933,57.17934300934882
fluidum,"Benzon, Karl",1900,1,224255,4.45920938217654
fluidum,"Berg, Per Gustaf",1870,1,490594,2.0383453527764304
fluidum,"Berger, Henning",1900,1,187588,5.330831396464593
fluidum,"Berger, Henning",1910,4,310908,12.86554221827679
fluidum,"Berger, Napoleon",1830,1,7186,139.15947676036737
fluidum,"Bergh, Richard",1900,2,82704,24.182627200619077
fluidum,"Bergman, Hjalmar",1910,1,487777,2.050117164195934
fluidum,"Bergman, Hjalmar",1920,1,660281,1.5145067024494117
fluidum,"Bergstedt, Anna Elisabet Matilda",1860,1,120779,8.279585027198436
fluidum,"Bjursten, Herman",1850,1,1007894,0.9921678271723019
fluidum,"Bjurström, Gustaf",1870,1,221120,4.522431259044862
fluidum,"Björlin, Gustaf",1910,1,148514,6.733371937999111
fluidum,"Blanche, August",1840,2,1028385,1.9447969388896182
fluidum,"Bolander, Sophie",1840,1,153009,6.535563267520211
fluidum,"Bolander, Sophie",1860,1,532782,1.8769402870217087
fluidum,"Bondeson, August",1890,1,148263,6.744771116192172
fluidum,"Brag, Eva",1880,1,104257,9.5916820932887
fluidum,"Braun, Wilhelm von",1840,1,407518,2.4538793378451995
fluidum,"Bruzelius, Janne",1870,1,153969,6.494813891107951
fluidum,"Bruzelius, Janne",1880,1,88580,11.289230074508918
fluidum,"Butenschön, Andrea",1890,1,27834,35.92728317884602
fluidum,"Böttiger, Carl Wilhelm",1860,1,85664,11.673515128875607
fluidum,"Cardon, O. B.",1860,1,37300,26.80965147453083
fluidum,"Carter, Chichering",1900,1,33114,30.1987074953192
fluidum,"Cederberg, Björn",1880,2,160355,12.47232702441458
fluidum,"Cederborgh, Fredrik",1880,1,216297,4.623272629763704
fluidum,"Cramær, Mauritz",1880,1,52389,19.087976483612973
fluidum,"Cronstrand, Baltzar",1870,1,139436,7.171749046157377
fluidum,"Crusenstolpe, Magnus Jacob",1840,1,1801700,0.5550313592717988
fluidum,"Dahl, Mattis",1890,1,412666,2.4232672427580657
fluidum,"Dahlgren, Carl Fredric",1830,5,287156,17.412138349886472
fluidum,"Danielsson, Johan",1890,1,49644,20.143421158649584
fluidum,"Darwin, Charles",1870,1,433182,2.3084985064014663
fluidum,"Edenberg, Albert Anderson",1880,3,686333,4.371056032567282
fluidum,"Elgström, Per",1860,1,104945,9.528800800419267
fluidum,"Elmblad, Magnus",1870,1,61665,16.21665450417579
fluidum,"Elmblad, Magnus",1880,1,37009,27.02045448404442
fluidum,"Eneroth, Carl",1880,2,409038,4.889521266972751
fluidum,"Eneroth, Carl",1890,3,381701,7.859554991996353
fluidum,"Engdahl, Axel",1910,1,66822,14.965131244201011
fluidum,"Engström, Albert",1920,1,59442,16.823121698462366
fluidum,"Falkman, Charlotta",1850,1,141207,7.081801893673826
fluidum,"Fornell, Bror Edvard",1840,1,132348,7.555837640160788
fluidum,"Gernandt-Claine, Jane",1900,1,42438,23.563787171874264
fluidum,"Gleerup, Nils",1880,1,6097,164.0150893882237
fluidum,"Granath, Wilhelm",1890,2,4062759,0.49227630779969966
fluidum,"Granath, Wilhelm",1900,1,255329,3.9165155544415247
fluidum,"Gravallius, Wilhelmina",1890,1,193001,5.181320304039875
fluidum,"Götberg, Reinhold",1850,1,10536,94.91268033409264
fluidum,"Hallenborg, Carl",1890,1,36757,27.20570231520527
fluidum,"Hallman, Axel",1860,1,82887,12.064618094514218
fluidum,"Hallén, Birger",1890,1,59542,16.794867488495516
fluidum,"Hansson, Ola",1890,1,285053,3.5081195426815364
fluidum,"Hansson, Ola",1910,1,96845,10.32577830553978
fluidum,"Hedberg, Frans",1850,1,181657,5.50488007618754
fluidum,"Hedberg, Frans",1860,1,75621,13.223839938641383
fluidum,"Hedberg, Frans",1890,1,782051,1.2786889857566834
fluidum,"Hedenstierna, Alfred",1890,1,880308,1.13596604824675
fluidum,"Hedenstierna, Alfred",1900,1,87712,11.400948558920103
fluidum,"Hedin, Sven",1910,2,851315,2.34930666087171
fluidum,"Heller, Frank",1910,3,548425,5.470210147239823
fluidum,"Heller, Frank",1930,1,50506,19.79962776699798
fluidum,"Hofberg, Herman",1900,1,1537883,0.6502445244534207
fluidum,"Hoff, Johan Otto",1880,1,34340,29.120559114735002
fluidum,"Huldberg, Pehr Ulric",1830,1,16638,60.103377809832914
fluidum,"Hultgren, Gustaf",1890,1,48208,20.743445071357453
fluidum,"Hwasser, Daniel",1840,1,3417,292.654375182909
fluidum,"Hærén, Mortimer",1860,1,41076,24.345116369656246
fluidum,"Jacobson, Harald",1890,1,68191,14.664691821501371
fluidum,"Johanson, Klara",1900,3,75519,39.7251022921384
fluidum,"Johanson, Klara",1920,2,80164,24.948854847562497
fluidum,"Johnson, John",1880,1,222048,4.503530768122208
fluidum,"Johnson, John",1890,1,394527,2.534680769630469
fluidum,"Johnson, John",1900,1,78583,12.72539862311187
fluidum,"Jolin, Johan",1860,1,247825,4.035105417129023
fluidum,"Jonsson, Thorsten",1930,1,73758,13.55785135171778
fluidum,"Kerfve, Axel",1890,1,948369,1.0544418891802663
fluidum,"Kiellman-Göranson, Julius Axel",1850,1,810772,1.2333923717148594
fluidum,"Knorring, Sophie von",1830,2,396920,5.03879875037791
fluidum,"Knorring, Sophie von",1840,6,899110,6.6732657850541095
fluidum,"Krook, Axel",1860,1,332147,3.010715135166056
fluidum,"Krook, Axel",1880,1,97407,10.266202634307596
fluidum,"Krook, Max",1880,1,27655,36.15982643283312
fluidum,"Krusenstjerna, Agnes von",1920,2,447382,4.47045254391102
fluidum,"Krusenstjerna, Agnes von",1930,1,760190,1.3154606085320775
fluidum,"Kullberg, Karl Anders af",1840,6,708355,8.470329142873277
fluidum,"Kullberg, Karl Anders af",1870,1,99840,10.01602564102564
fluidum,"Lagerlöf, Selma",1940,1,311149,3.2138943078717914
fluidum,"Lannerstjerna, Johan Magnus",1860,1,42628,23.458759500797598
fluidum,"Leistenius, Jacob Gabriel",1840,1,28665,34.88574917146346
fluidum,"Leistenius, Jacob Gabriel",1880,2,104877,19.06995814144188
fluidum,"Levertin, Oscar",1890,2,282783,7.07256093895319
fluidum,"Levertin, Oscar",1900,1,151708,6.591610198539299
fluidum,"Lilliestierna, August Edvard",1870,1,83278,12.007973294267394
fluidum,"Ljunggren, Albert Gustaf",1890,1,71879,13.912269230234143
fluidum,"Ljunggren, Gustaf",1890,1,508881,1.9650959654614732
fluidum,"Ljungstedt, Aurora",1870,4,1582446,2.52773238391705
fluidum,"Lundeblom, Richard",1870,1,10847,92.19138932423712
fluidum,"Lundin, Claës",1860,7,54382,128.71906145415764
fluidum,"Lundquist, Ernst",1890,1,302445,3.3063862851096895
fluidum,"Lybeck, Mikael",1920,1,47287,21.147461247277263
fluidum,"Löfgren, Eliel",1930,1,103123,9.697157763059646
fluidum,"Meyer, Ernst",1890,2,462563,4.323735361453467
fluidum,"Montgomery, Lucy Maud",1910,1,221285,4.519059131888741
fluidum,"Munthe, Axel",1930,2,156115,12.811068763411587
fluidum,"Nicander, Karl August",1830,1,385016,2.5972946578843477
fluidum,"Nordström, Ester Blenda",1910,1,144545,6.918260749247639
fluidum,"Norlander, Emil",1890,1,46333,21.58288908553299
fluidum,"Norlin, Mauritz",1880,1,146496,6.826124945391
fluidum,"Nyblom, Carl Rupert",1870,1,55002,18.18115704883459
fluidum,"Nylén, Pehr Gustaf",1920,1,65897,15.175197656949482
fluidum,"Nèlson, Johannes Fredrik",1880,1,299170,3.3425811411572015
fluidum,"Oxenstierna, Mårten Gabriel Leijonsköld",1890,2,548427,3.646793465675468
fluidum,"Palmær, Henrik Bernhard",1870,1,100059,9.994103478947421
fluidum,"Paul, Adolf",1890,2,277706,7.201860960872289
fluidum,"Persson, Fredrik",1900,1,172315,5.803325305399994
fluidum,"Persson, Fredrik",1910,2,324667,6.160157946449747
fluidum,"Petersson, Therèse",1880,1,167213,5.980396261056257
fluidum,"Pfeiffer, Sara",1870,1,549531,1.8197335546129336
fluidum,"Pfeiffer, Sara",1880,1,394170,2.5369764314889514
fluidum,"Philipsson, Jonas",1850,1,125155,7.990092285565899
fluidum,"Philipsson, Jonas",1870,7,3330,2102.102102102102
fluidum,"Pihlstrand, Ragnar",1890,2,1299301,1.5392892024249962
fluidum,"Platen, Henrica Carolina von",1860,2,76150,26.263952724885094
fluidum,"Roos, Mathilda",1880,1,225894,4.4268550736186
fluidum,"Ruin, Hans",1930,3,163282,18.37312134834213
fluidum,"Ruin, Hans",1940,1,79133,12.63695297789797
fluidum,"Rydberg, Carl Henrik",1860,1,344263,2.9047559569282786
fluidum,"Rydberg, Viktor",1850,1,350514,2.8529530917452655
fluidum,"Saxon, Johan Lindström",1890,1,270284,3.699812049547883
fluidum,"Schenfelt, Inga",1870,1,173997,5.747225526876901
fluidum,"Schéele, Adolf August",1870,3,56299,53.28691451002682
fluidum,"Schöldström, Birger",1880,1,51955,19.2474256568184
fluidum,"Schöldström, Birger",1890,1,123441,8.101036122520071
fluidum,"Silfverstolpe, Gudmund Leonhard",1850,1,51620,19.37233630375823
fluidum,"Silverstolpe, Gustaf Abraham",1790,1,512118,1.9526749694406367
fluidum,"Strindberg, August",1890,5,428523,11.667985148988503
fluidum,"Strindberg, Oskar",1880,2,18140,110.25358324145535
fluidum,"Strussenfelt, Ulrika Sophia von",1850,1,1623357,0.6160074462980109
fluidum,"Stråle, Gustaf Holdo",1860,1,6395,156.3721657544957
fluidum,"Stråle, Gustaf Holdo",1880,1,9749,102.57462303826034
fluidum,"Sturzen-Becker, Oscar Patric",1860,1,277888,3.5985720865960387
fluidum,"Sturzen-Becker, Oscar Patric",1880,1,631009,1.5847634502835934
fluidum,"Stéenhoff, Frida",1910,1,139598,7.163426410120489
fluidum,"Sundler, Anders",1840,2,69783,28.660275425246837
fluidum,"Sundler, Anders",1880,2,94962,21.061056001347907
fluidum,"Sällberg, Thure",1890,1,491737,2.033607395823377
fluidum,"Sätherberg, Herman",1880,2,60617,32.99404457495422
fluidum,"Söderhjelm, Alma",1920,1,102308,9.774406693513704
fluidum,"Söderling, Johan Niklas",1840,1,32610,30.665440049064703
fluidum,"Thomander, Johan Henrik",1870,1,94572,10.573954235926067
fluidum,"Thomasson, Nils",1890,2,707538,2.8267033007414444
fluidum,"Thomasson, Pehr",1850,2,216282,9.247186543494141
fluidum,"Thorsander, Gustaf",1880,1,123553,8.093692585368222
fluidum,"Torén, Rudolf Wilhelm",1880,1,85669,11.672833813864992
fluidum,"Trolle, Henrik af",1860,1,322782,3.098066187086021
fluidum,"Trolle, Henrik af",1870,2,1614288,1.2389362988512582
fluidum,"Trolle, Henrik af",1880,1,832850,1.2006964039142702
fluidum,"Törnblom, Johan August",1900,2,136863,14.613153299284686
fluidum,"Törnblom, Johan August",1910,4,599083,6.676871151409738
fluidum,"Ulfsson, Sten",1890,1,425150,2.352111019640127
fluidum,"Unge, Otto Sebastian von",1830,3,109485,27.40101383751199
fluidum,"Vegesack, Anna Helena von",1840,1,18779,53.250971830235905
fluidum,"Wadman, Johan Anders",1850,4,95994,41.669270996103926
fluidum,"Wallmark, Ernst",1880,1,64632,15.472211907414284
fluidum,"Wetterstedt, Niklas Joakim af",1830,1,77158,12.960418880738226
fluidum,"Widmark, Per Fredrik",1850,7,22405,312.4302611024325
fluidum,"Widmark, Per Fredrik",1860,5,13802,362.26633821185334
fluidum,"Wigström, Eva",1870,1,383015,2.6108638042896493
fluidum,"Wigström, Eva",1890,2,156657,12.766745182149537
fluidum,"Winter, Reinhold",1880,1,150214,6.657169105409616
fluidum,"Wipperling, Nils Fredrik",1850,1,28519,35.06434306953259
fluidum,"Wägner, Elin",1920,1,608843,1.6424595503274244
fluidum,"Zedritz, Carl Edvard",1830,1,62621,15.969083853659315
fluidum,"Åberg, Jon Olof",1890,1,1280352,0.7810352153157881
fluidum,"Åslund, Daniel",1850,1,141374,7.073436416880049
fluidum,"Öberg, Ludvig Teodor",1850,1,360523,2.773748138121562
fluidum,"Ödmann, Jenny Maria",1880,1,700126,1.42831433199167
induktion,"Ahnfelt, Arvid",1870,1,834238,1.1986986926992058
induktion,Anonym,1870,1,1872242,0.5341189867549173
induktion,"Bäckmann, Ida",1920,6,36562,164.10480827088233
induktion,"Cavallin, Christian",1890,3,227529,13.185132444655407
induktion,"Cederborg, Carl August",1890,1,23468,42.61121527185956
induktion,"Danielsson, Axel",1900,2,252369,7.9249036133598025
induktion,"Koch, Richert von",1890,1,423042,2.363831487180942
induktion,"Larsson, Hans",1890,2,56630,35.316969803990816
induktion,"Levertin, Oscar",1890,1,282783,3.536280469476595
induktion,"Lundegård, Axel",1900,1,168216,5.944737718171874
induktion,"Nordling, Johan",1890,1,49151,20.345466012899024
induktion,"Norström, Vitalis",1900,1,109692,9.116435109214892
induktion,"Norström, Vitalis",1910,1,130954,7.636269224307772
induktion,"Ruin, Hans",1930,1,163282,6.124373782780711
induktion,"Ruin, Hans",1940,1,79133,12.63695297789797
induktion,"Rydberg, Viktor",1860,2,140367,14.248363219275186
induktion,"Schreiner, Olive",1910,1,61056,16.37840670859539
induktion,"Stam, Per",1990,3,238205,12.59419407653072
induktion,"Strindberg, August",1890,1,428523,2.3335970297977005
induktion,"Sturzen-Becker, Oscar Patric",1880,1,631009,1.5847634502835934
induktion,Svenska Litteratursällskapet,1980,1,392946,2.544878940108819
induktion,"Wikner, Pontus",1880,35,114897,304.6206602435225
induktion,"Zetterqvist, Edvard Alexander",1920,1,145786,6.859369212407227
influens,Anonym,1940,2,146139,13.685600695228516
influens,"Bergman, Carl Wilhelm",1840,4,128252,31.18859744877273
influens,"Cavallin, Severin",1850,1,186485,5.362361584041612
influens,"Geijer, Erik Gustaf",1920,1,1937136,0.5162260161392902
influens,"Hagström, Tore",1960,2,647980,3.0865150158955523
influens,"Hasselblad & Co., Fritz W.",1890,2,203553,9.825450865376585
influens,"Högberg, Olof",1900,1,342748,2.917595434546664
influens,"Lamm, Martin",1940,2,213547,9.365619746472673
influens,"Levertin, Oscar",1890,1,282783,3.536280469476595
influens,"Nordin, Jonas",2020,9,186173,48.34213339206007
influens,"Stam, Per",1990,5,238205,20.990323460884532
influens,"Strindberg, August",1890,2,428523,4.667194059595401
influens,"Strindberg, August",1900,2,155151,12.890667801045433
influens,"Swedenborg, Emanuel",1920,1,48101,20.78958857404212
influens,"Westerlund, Johan Alfred",1910,1,910029,1.0988660800919532
influera,"Ahrenberg, Jac",1890,1,379201,2.6371238472472385
influera,"Amiel, Henri Frédéric",1900,1,79311,12.608591494244179
influera,Anonym,1930,1,267697,3.7355667041468528
influera,"Berg, Wilhelm",1890,1,980146,1.0202561659181388
influera,"Bergman, Carl Wilhelm",1840,1,128252,7.797149362193182
influera,"Bergman, Hjalmar",1910,1,487777,2.050117164195934
influera,"Bergman, Hjalmar",1930,3,100439,29.868875635958144
influera,"Bjerre, Andreas",1920,1,63395,15.774114677813708
influera,"Branting, Anna",1910,1,112594,8.881467929019308
influera,"Bremer, Fredrika",1920,1,342503,2.9196824553361576
influera,"Brinkman, Carl Gustaf von",1860,2,195382,10.23635749454914
influera,"Bäckmann, Ida",1900,2,184784,10.82344791756862
influera,"Bäckmann, Ida",1940,1,240134,4.164341575953426
influera,"Dahlgren, Carl Fredric",1840,1,48551,20.596898107145066
influera,"Dahlin, C. S.",1910,1,44288,22.579479768786126
influera,"Danielsson, Axel",1900,2,252369,7.9249036133598025
influera,"Drake, Sigrid",1910,1,217327,4.601361082608236
influera,"Ehrenborg-Posse, Betty",1870,1,183364,5.453633210444798
influera,"Elgström, Ossian",1920,3,244964,12.246697473914534
influera,"Eneroth, Carl",1890,1,381701,2.6198516639987846
influera,"Fersen, Axel von",1920,3,585424,5.124490967230589
influera,"Fersen, Axel von",1930,1,227972,4.386503605705964
influera,"Gadelius, Bror",1920,1,107081,9.338724890503451
influera,"Geijer, Erik Gustaf",1850,1,1627119,0.6145831988932585
influera,"Geijer, Erik Gustaf",1920,2,1937136,1.0324520322785804
influera,"Geijer, Erik Gustaf",1930,1,426699,2.343572401153975
influera,"Hasselskog, Nils",1930,1,157959,6.330756715350186
influera,"Hedin, Sven",1900,3,790072,3.797122287588979
influera,"Hofberg, Herman",1900,1,1537883,0.6502445244534207
influera,"Hägerström, Axel",1890,1,63718,15.694152358831099
influera,"Höpken, Anders Johan von",1890,9,464542,19.373920980234296
influera,"Jonsson, Thorsten",1940,2,146692,13.634008671229514
influera,"Järta, Hans",1890,1,118096,8.467687305243192
influera,"Kerfve, Axel",1890,1,948369,1.0544418891802663
influera,"Knorring, Sophie von",1840,1,899110,1.1122109641756848
influera,"Kullberg, Carl A.",1850,1,49463,20.217131997654814
influera,"Lamm, Martin",1940,7,213547,32.779669112654354
influera,"Larsson, Hans",1890,1,56630,17.658484901995408
influera,"Leistenius, Jacob Gabriel",1880,1,104877,9.53497907072094
influera,"Levertin, Oscar",1890,2,282783,7.07256093895319
influera,"Lindberg, Per",1930,2,101976,19.612457833215657
influera,"Lindeberg, Anders",1830,2,408679,4.893816418264701
influera,"Linder, Sten",1930,4,185504,21.56287735035363
influera,"Lindqvist, Märta",1930,2,63252,31.61955353190413
influera,"Ljunggren, Gustaf",1890,1,508881,1.9650959654614732
influera,"Lundegård, Axel",1900,1,168216,5.944737718171874
influera,"Lénström, Carl Julius",1840,1,232710,4.297193932362167
influera,"Löfgren, Eliel",1930,1,103123,9.697157763059646
influera,"Meyer, Ernst",1890,1,462563,2.1618676807267336
influera,"Mortensen, Johan",1900,2,233086,8.58052392679097
influera,"Mortensen, Johan",1910,1,159369,6.27474602965445
influera,"Nilsson, Albert",1910,1,135571,7.376208776213202
influera,"Nordin, Jonas",2020,4,186173,21.485392618693364
influera,"Norström, Vitalis",1900,1,109692,9.116435109214892
influera,"Norström, Vitalis",1910,1,130954,7.636269224307772
influera,"Odén, Klas",1900,1,645415,1.5493907021063966
influera,Omar Khayyam,1920,1,44187,22.631090592255642
influera,"Pauli, Georg",1910,1,50904,19.644821625019645
influera,"Reuterskiöld, Edgar",1910,1,133056,7.515632515632515
influera,"Ruin, Hans",1930,1,163282,6.124373782780711
influera,"Rydberg, Viktor",1860,1,140367,7.124181609637593
influera,"Schreiner, Olive",1910,1,61056,16.37840670859539
influera,"Sederholm, Theodor",1860,1,181673,5.504395259614802
influera,"Silfverstolpe, Gunnar Mascoll",1950,1,19875,50.314465408805034
influera,"Stam, Per",1990,4,238205,16.792258768707626
influera,"Steffen, Richard",1890,1,22626,44.196941571643244
influera,"Stenhammar, Jakob Axel",1810,1,411692,2.429000320628042
influera,"Strindberg, August",1880,1,793035,1.2609783931352336
influera,"Ström, Fredrik",1920,1,156422,6.392962626740484
influera,"Ström, Fredrik",1940,2,275415,7.261768603743442
influera,"Stålberg, Wilhelmina",1850,1,687670,1.4541858740384197
influera,"Söderberg, Hjalmar",1920,1,172010,5.813615487471659
influera,"Söderhjelm, Werner",1900,1,124684,8.02027525584678
influera,"Sörman, Py",1930,1,206149,4.850860300074218
influera,"Tersmeden, Carl",1910,4,627992,6.369507891820278
influera,"Topelius, Zacharias",1860,1,408043,2.4507221052683175
influera,"Topelius, Zacharias",1880,2,1225979,1.631349313487425
influera,"Uddgren, Gustaf",1910,1,244634,4.0877392349387245
influera,"Upmark, Gustaf, d. y.",1920,2,138103,14.48194463552566
influera,"Wahlenberg, Anna",1890,2,523166,3.822878398061036
influera,"Wallmark, Peter Adam",1810,1,399034,2.5060521158598013
influera,"Warburg, Karl",1900,2,453357,4.411534397836584
influera,"Wigström, Eva",1890,2,156657,12.766745182149537
influera,"Witt, Otto",1910,9,530862,16.953558551940052
influera,"Zachrisson, Waldemar",1890,2,223780,8.93734918223255
influera,"Zachrisson, Waldemar",1900,2,217780,9.183579759390211
kondensation,"Strindberg, August",1890,1,428523,2.3335970297977005
kondensation,"Witt, Otto",1910,2,530862,3.7674574559866785
kraft,"Aberstén, Simon",1910,1,24082,41.524790299808984
kraft,"Adelborg, Ottilia",1900,2,31386,63.72267890142101
kraft,"Adelborg, Ottilia",1910,1,39721,25.175599808665442
kraft,"Adelborg, Ottilia",1920,4,14026,285.18465706544987
kraft,"Adlerbeth, Gudmund Jöran",1800,1,972,1028.80658436214
kraft,"Adlersparre, Carl August",1830,9,19080,471.6981132075472
kraft,"Adlersparre, Carl August",1840,59,163802,360.1909622593131
kraft,"Adlersparre, Carl August",1850,7,16862,415.13462222749376
kraft,"Adlersparre, Georg Axel",1880,21,51236,409.8680615192443
kraft,"Adlersparre, Karin Alcyone",1880,25,12368,2021.3454075032341
kraft,"Afzelius, Anders Johan",1840,5,18889,264.7043252686749
kraft,"Afzelius, Anders Johan",1850,15,85174,176.11008054101018
kraft,"Afzelius, Arvid August",1840,17,62722,271.0372755970792
kraft,"Afzelius, Arvid August",1850,12,16961,707.5054536878722
kraft,"Agardh, Carl Adolph",1830,9,10371,867.8044547295343
kraft,"Agrell, Alfhild",1880,36,251326,143.24025369440488
kraft,"Agrell, Alfhild",1890,43,302899,141.9615119231163
kraft,"Agrell, Alfhild",1900,25,73698,339.2222312681484
kraft,"Agrell, Alfhild",1910,21,76114,275.901936568831
kraft,"Ahlberg, Axel Viktor Heribert",1860,1,2458,406.83482506102524
kraft,"Ahlbom, Mathilda",1860,60,395655,151.64726845357697
kraft,"Ahlbom, Sophia",1830,2,12389,161.43352974412787
kraft,"Ahlborg, Georg",1880,4,18847,212.2353690242479
kraft,"Ahlin, Johan Olof",1880,21,70471,297.9949198961275
kraft,"Ahlin, Johan Olof",1890,11,9564,1150.146382266834
kraft,"Ahlin, Johan Olof",1900,5,1192,4194.6308724832215
kraft,"Ahlqvist, Abraham",1840,2,165083,12.115117849808884
kraft,"Ahlstrand, J.E.",1850,66,99847,661.0113473614631
kraft,"Ahlstrand, J.E.",1860,1,1588,629.7229219143577
kraft,"Ahlstrand, J.E.",1870,3,10601,282.9921705499481
kraft,"Ahlström, Olof Crispin",1890,1,151393,6.605325213186871
kraft,"Ahnfelt, Arvid",1870,278,834238,333.2382365703792
kraft,"Ahnfelt, Paul Gabriel",1850,10,11640,859.106529209622
kraft,"Ahnfelt-Laurin, Emilia",1880,22,14138,1556.0899702928277
kraft,"Ahrenberg, Jac",1870,15,87463,171.50109189028504
kraft,"Ahrenberg, Jac",1880,26,146333,177.6769423164973
kraft,"Ahrenberg, Jac",1890,97,379201,255.8010131829821
kraft,"Aikio, Matti",1900,2,32848,60.88650754992694
kraft,"Alcenius, Maria Charlotta",1860,1,14053,71.1591830925781
kraft,"Alcott, Louisa May",1870,68,411350,165.30934727118026
kraft,"Alfredson, Cai",2010,2,24371,82.06474908702967
kraft,"Alfthan, Georg Edvard von",1880,14,95134,147.16084680555846
kraft,"Alfthan, Johannes",1870,64,128378,498.5277851345246
kraft,"Alfthan, Johannes",1880,12,30151,397.99674969321086
kraft,"Alin, Johan",1910,6,26936,222.75022275022275
kraft,"Allardt, Anders",1880,20,63688,314.03090064062303
kraft,"Allardt, Anders",1890,19,41247,460.6395616650908
kraft,"Allvarsson, Anders",1890,1,5759,173.64125716270186
kraft,"Alm, Leopold",1850,3,17961,167.02856188408217
kraft,"Almkvist, Johan Alfred",1870,20,34984,571.6899153898926
kraft,"Almquist, C. A.",1840,5,22152,225.71325388226796
kraft,"Almquist, C. A.",1850,4,10844,368.8675765400221
kraft,"Almquist, Johan Axel",1900,2,46635,42.88624423716093
kraft,"Almquist, Johan Axel",1930,1,663728,1.5066412747390496
kraft,"Almquist, Viktor",1880,3,20444,146.74232048522794
kraft,"Almquist, Viktor",1890,19,36774,516.6693859792244
kraft,"Almqvist, C.J.L.",1810,9,12936,695.7328385899815
kraft,"Almqvist, C.J.L.",1830,138,621640,221.99343671578404
kraft,"Almqvist, C.J.L.",1840,251,1578875,158.9739529728446
kraft,"Almqvist, C.J.L.",1850,26,252499,102.97070483447459
kraft,"Almqvist, C.J.L.",1870,5,63352,78.92410657911353
kraft,"Almqvist, Carolina",1860,62,186124,333.11125916055965
kraft,"Almqvist, Gertrud",1890,11,65623,167.6241561647593
kraft,"Almén, Ruth",1890,7,5438,1287.2379551305628
kraft,"Almén, Ruth",1900,3,7021,427.2895598917533
kraft,"Alströmer, Jonas, d. y.",1880,1,10370,96.43201542912247
kraft,"Althén, Gustaf",1870,10,41569,240.56388173879574
kraft,"Altén, Victor August",1830,54,73223,737.4731983120058
kraft,"Ameen, Georg",1830,4,77692,51.485352417237294
kraft,"Ameen, Georg",1840,21,78816,266.4433617539586
kraft,"Amiel, Henri Frédéric",1900,39,79311,491.73506827552296
kraft,"Aminoff, Ivan",1900,2,34559,57.87204490870685
kraft,"Améen, Elin",1880,3,41119,72.95897273766386
kraft,"Améen, Elin",1890,25,139222,179.56932094065593
kraft,"Andelin, Karl August",1860,8,11466,697.7149834292692
kraft,"Anders, Ludwig",1890,6,42039,142.72461285948762
kraft,"Anderson, Alfred",1860,13,165183,78.70059267600176
kraft,"Anderson, August",1880,10,53800,185.87360594795538
kraft,"Anderson, Hedda",1890,81,365673,221.509381332502
kraft,"Anderson, Hedda",1900,23,138746,165.77054473642482
kraft,"Anderson, William",1900,2,12007,166.56950112434413
kraft,"Andersson, Anders",1880,9,12120,742.5742574257425
kraft,"Andersson, Carl Gustaf",1850,1,14294,69.95942353435008
kraft,"Andersson, Carl Gustaf",1860,9,22821,394.3736032601551
kraft,"Andersson, Christen",1880,3,10873,275.91281155154974
kraft,"Andersson, Dan",1910,31,187950,164.93748337323757
kraft,"Andersson, Dan",1920,16,132920,120.37315678603672
kraft,"Andersson, F. A.",1860,2,3490,573.0659025787966
kraft,"Andersson, Hilding",1900,6,35557,168.7431448097421
kraft,"Andersson, Hilma",1900,6,78576,76.35919364691509
kraft,"Andersson, J.",1880,1,20115,49.71414367387522
kraft,"Andersson, Johan",1840,12,20092,597.2526378658173
kraft,"Andersson, Magnus Ernhold",1880,3,27858,107.68899418479431
kraft,"Andræ, Tor",1930,5,8066,619.8859409868584
kraft,"Andrée, Andreas",1830,3,18924,158.5288522511097
kraft,"Andrén, Olof",1890,41,258552,158.5754509731118
kraft,"Angered Strandberg, Hilma",1880,26,86852,299.35983051628057
kraft,"Angered Strandberg, Hilma",1890,43,185465,231.84967514086216
kraft,"Angered Strandberg, Hilma",1900,46,160957,285.79061488472075
kraft,"Angered Strandberg, Hilma",1910,33,140462,234.93898705699763
kraft,"Angered Strandberg, Hilma",1920,18,44573,403.8319161824423
kraft,"Angerstein, Uno",1840,1,9300,107.52688172043011
kraft,"Anholm, Maria",1890,65,154652,420.29847657967565
kraft,Anonym,1700,312,1796708,173.65092157434597
kraft,Anonym,1830,97,334683,289.826492531739
kraft,Anonym,1840,134,731519,183.1804778823243
kraft,Anonym,1850,201,858377,234.1628445310161
kraft,Anonym,1860,539,1427646,377.5445733746321
kraft,Anonym,1870,357,1872242,190.6804782715055
kraft,Anonym,1880,318,1657613,191.8421247902858
kraft,Anonym,1890,447,1991534,224.4500972617088
kraft,Anonym,1900,28,280356,99.87301859064902
kraft,Anonym,1910,14,81024,172.78830963665087
kraft,Anonym,1930,123,267697,459.4747046100629
kraft,Anonym,1940,54,146139,369.5112187711699
kraft,Anonym,1990,11,51306,214.39987525825438
kraft,"Anrep, Gabriel",1870,3,701580,4.276062601556487
kraft,"Antell, G. W.",1860,3,9442,317.7292946409659
kraft,"Appelberg, Henrik Adolf",1890,5,10795,463.1773969430292
kraft,"Arbman, Eva",1900,1,12270,81.49959250203749
kraft,"Arckenholtz, Johan",1750,3,976901,3.070935540039369
kraft,"Arfvidsson, Mathilda Katarina Johanna",1850,26,104045,249.89187370849152
kraft,"Arfvidsson, Nils",1880,2,18882,105.92098294672175
kraft,"Arfwedson, Carl David",1830,2,12333,162.1665450417579
kraft,"Arfwedson, Carl David",1840,89,317219,280.5632701698196
kraft,"Arfwedson, Carl David",1870,33,176118,187.3743739992505
kraft,"Arfwidsson, Alvar",1880,3,26904,111.50758251561106
kraft,"Arfwidsson, Nils",1840,40,176017,227.25077691359357
kraft,"Arfwidsson, Nils",1860,4,30721,130.2040949187852
kraft,"Armfelt, Gustaf Johan Philip",1870,12,56603,212.00289737293076
kraft,"Armfelt, Gustaf Mauritz",1800,1,2316,431.77892918825563
kraft,"Arneson, Rolf",1870,1,10100,99.00990099009901
kraft,"Arnoldson, K. P.",1860,33,68739,480.07681228996637
kraft,"Arosenius, Fredrik Reinhold",1860,77,66932,1150.421323133927
kraft,"Arosenius, Ivar",1900,3,15220,197.1090670170828
kraft,"Arrhén von Kapfelman, Erik Jakob",1830,2,2907,687.9944960440316
kraft,"Arvidson, Bernt",1840,1,2040,490.19607843137254
kraft,"Arvidson, Bernt",1860,3,18310,163.8448935008192
kraft,"Arvidsson, Adolf Ivar",1830,41,219944,186.41108645837122
kraft,"Arvidsson, Adolf Ivar",1840,1,117644,8.50022100574615
kraft,"Asp, Pehr Olof von",1800,2,45124,44.32231185178619
kraft,"Asteropherus, Magnus Olai",1900,4,30045,133.1336328840073
kraft,"Atterbom, P.D.A.",1830,57,122714,464.49467868376877
kraft,"Atterbom, P.D.A.",1840,336,628322,534.757656106264
kraft,"Atterbom, P.D.A.",1850,64,244343,261.92688147399355
kraft,"Atterbom, P.D.A.",1910,27,115202,234.37093106022465
kraft,"Atterling, Carl Henrik",1860,1,16544,60.44487427466151
kraft,"Aurelius, Hedvig",1890,5,18591,268.9473401108063
kraft,"Aurell, Fr.",1880,1,3729,268.1684097613301
kraft,"Aurell, Wilhelm",1860,14,194453,71.99683213938587
kraft,"Aurell, Wilhelm",1890,13,17631,737.3376439226363
kraft,"Austen, Jane",1830,8,163429,48.950920583250216
kraft,"Avellan, Herman",1840,3,26807,111.91106800462566
kraft,"Avellan, Herman",1880,3,11093,270.4408185342108
kraft,"Axelson, Maximilian",1840,9,76978,116.91652160357505
kraft,"Axelson, Maximilian",1850,6,96418,62.22904436930864
kraft,"Axelson, Maximilian",1860,46,164196,280.1529878925187
kraft,"Axelson, Maximilian",1870,7,90952,76.96367314627496
kraft,"Axelson, Maximilian",1880,3,3334,899.8200359928014
kraft,"Axelsson, Arvid",1880,7,53918,129.82677399013318
kraft,"Backlund, A.",1870,13,27412,474.2448562673282
kraft,"Backlund, Gusten",1870,2,15642,127.86088735455824
kraft,"Backman, Anders",1890,6,40393,148.54058871586662
kraft,"Backman, Anders",1900,10,45133,221.56736755810604
kraft,"Bagge, Peter",1880,120,239146,501.7855201425071
kraft,"Bagger, Alban Agathon",1890,15,46140,325.0975292587776
kraft,"Bahr, Johan Fredrik",1830,5,7485,668.002672010688
kraft,"Barkstedt, Zacharias Ludvig",1840,2,11745,170.28522775649213
kraft,"Barnekow, Eva Agatha Stanislas",1860,1,922,1084.5986984815618
kraft,"Barnekow, Kjell Christoffer",1910,2,41861,47.77716729175127
kraft,"Barthelson, Fredrik",1860,1,5609,178.2848992690319
kraft,"Barthelson, Fredrik",1870,3,22986,130.5142260506395
kraft,"Bechman, H.",1880,4,37309,107.21273687314053
kraft,"Becker, Hugo von",1870,2,36568,54.69262743382192
kraft,"Becker, Hugo von",1880,6,55566,107.9796998164345
kraft,"Beckman, Edvard",1850,36,57597,625.0325537788426
kraft,"Beckman, Ernst",1870,2,20152,99.24573243350535
kraft,"Beckman, Ernst",1890,8,53013,150.90638145360572
kraft,"Beckman, Susen",1880,2,17920,111.60714285714286
kraft,"Behm, Oscar",1880,15,76639,195.72280431634024
kraft,"Behm, Oscar",1890,5,28540,175.1927119831815
kraft,"Bellander, Gustaf",1880,1,3535,282.88543140028287
kraft,"Bellman, Carl Michael",1850,2,8431,237.21978412999644
kraft,"Bellman, Carl Michael",1870,21,134584,156.036378767164
kraft,"Bellman, Carl Michael",1890,12,13992,857.6329331046312
kraft,"Bellman, Carl Michael",2000,4,104933,38.11956200623255
kraft,"Benedictsson, Victoria",1880,61,449815,135.61130687060236
kraft,"Benedictsson, Victoria",1890,66,210958,312.8584836792158
kraft,"Benedictsson, Victoria",1900,12,33442,358.83021350397706
kraft,"Benedictsson, Victoria",1910,13,21049,617.6065371276545
kraft,"Bengtsson, Jakob",1890,4,10085,396.62865642042635
kraft,"Bensow, Oscar",1880,1,38463,25.999012037542574
kraft,"Bensow, Oscar",1890,28,37816,740.4273323460969
kraft,"Benzelstierna, Gustaf",1880,2,92912,21.52574479076976
kraft,"Benzon, Karl",1900,18,224255,80.26576887917773
kraft,"Berg, Anders Henrik",1880,8,34619,231.08697536035126
kraft,"Berg, Carl Oscar",1880,17,84676,200.7652699702395
kraft,"Berg, Carl Oscar",1890,38,210534,180.49341199046233
kraft,"Berg, Daniel",1910,3,62030,48.363694986296956
kraft,"Berg, Daniel",1930,6,83127,72.1787144970948
kraft,"Berg, Johan August",1860,61,133607,456.56290463823
kraft,"Berg, Per Gustaf",1860,63,406783,154.87372874480988
kraft,"Berg, Per Gustaf",1870,68,490594,138.60748398879724
kraft,"Berg, Ruben G:son",1890,14,81889,170.96313302152913
kraft,"Berg, Ruben G:son",1900,7,12704,551.007556675063
kraft,"Berg, Wilhelm",1880,28,380111,73.66269326591443
kraft,"Berg, Wilhelm",1890,95,980146,96.92433576222318
kraft,"Berg, Wilhelm",1900,42,183354,229.06508720835106
kraft,"Berg, Wilhelm",1930,20,1534868,13.03043649356166
kraft,"Bergenström, A. J.",1840,11,23494,468.20464799523285
kraft,"Berger, Henning",1900,9,187588,47.97748256818134
kraft,"Berger, Henning",1910,16,310908,51.46216887310716
kraft,"Berger, Lars",1880,35,149277,234.46344714858952
kraft,"Berggren, August",1850,1,1143,874.8906386701663
kraft,"Berggren, August J.",1860,2,13072,152.99877600979192
kraft,"Bergh, Richard",1900,42,82704,507.8351712130006
kraft,"Berghman, Nils",1840,3,10716,279.9552071668533
kraft,"Bergklint, Olof",1830,38,87150,436.02983362019506
kraft,"Berglind, Anders Georg",1840,1,2302,434.4048653344918
kraft,"Berglund, Alrik",1880,5,25581,195.45756616238614
kraft,"Berglund, Erik Wilhelm",1890,11,6580,1671.7325227963527
kraft,"Berglund, Victoria",1850,11,60959,180.44915434964486
kraft,"Bergman, Bengt",1930,3,83717,35.835015588231784
kraft,"Bergman, Carl Johan",1840,4,1958,2042.9009193054137
kraft,"Bergman, Carl Johan",1880,50,180845,276.4798584423125
kraft,"Bergman, Carl Wilhelm",1840,15,128252,116.95724043289773
kraft,"Bergman, Dan",1890,3,48251,62.17487720461752
kraft,"Bergman, Daniel Fredrik",1860,12,20406,588.0623346074684
kraft,"Bergman, Hjalmar",1900,36,221296,162.6780420793869
kraft,"Bergman, Hjalmar",1910,52,487777,106.60609253818856
kraft,"Bergman, Hjalmar",1920,96,660281,145.39264343514353
kraft,"Bergman, Hjalmar",1930,7,100439,69.694043150569
kraft,"Bergman, Johan",1880,6,13478,445.1699065143196
kraft,"Bergman, Johan",1890,12,15742,762.291957819845
kraft,"Bergman, Johan Magnus",1870,33,202066,163.31297694812585
kraft,"Bergstedt, Anna Elisabet Matilda",1860,16,120779,132.47336043517498
kraft,"Bergsten, Richard",1880,10,17597,568.2786838665681
kraft,"Bergstrand, Erik",2020,2,289651,6.904861367645891
kraft,"Bergstrand, Per Emanuel",1860,6,35553,168.7621297780778
kraft,"Bergstrand, Per Emanuel",1880,2,42232,47.35745406326956
kraft,"Bergström, Adil",1880,1,26750,37.38317757009346
kraft,"Bergström, E. O.",1890,9,12110,743.1874483897606
kraft,"Bergström, Frans Frode Theodor",1880,11,19449,565.5817779834439
kraft,"Bergström, Ottilia E:a",1840,9,19206,468.6035613870665
kraft,"Bergström, Richard",1880,43,223858,192.0860545524395
kraft,"Bergström, Richard",1890,8,26928,297.08853238265004
kraft,"Bergsøe, Vilhelm",1870,22,82959,265.1912390457937
kraft,"Berlin, Anna Catharina",1830,6,26948,222.6510316164465
kraft,"Berlin, Anna Catharina",1840,31,97974,316.4104762488007
kraft,"Berndes, Anton Ulric",1830,1,1210,826.4462809917355
kraft,"Berndtson, Charlotta",1860,13,200987,64.68080025076249
kraft,"Berndtson, Fredrik",1840,37,69987,528.6696100704416
kraft,"Berndtson, Fredrik",1850,11,61138,179.92083483267362
kraft,"Berndtson, Fredrik",1860,11,15837,694.5759929279535
kraft,"Berndtson, Fredrik",1880,19,16908,1123.7284125857582
kraft,"Bernhardt, Gustaf",1850,6,3953,1517.8345560333923
kraft,"Bernhardt, Gustaf",1860,35,13299,2631.7768253252125
kraft,"Beskow, Bernhard von",1830,10,53780,185.9427296392711
kraft,"Beskow, Bernhard von",1840,4,5568,718.3908045977012
kraft,"Beskow, Bernhard von",1870,22,104308,210.91383211258963
kraft,"Beskow, Carl Adolf",1880,4,31438,127.23455690565558
kraft,"Beskow, Carl Adolf",1890,2,22683,88.17175858572499
kraft,"Beskow, Elisabeth",1890,23,153995,149.3554985551479
kraft,"Beskow, Elisabeth",1900,35,92751,377.35442205474874
kraft,"Beskow, Elisabeth",1920,8,44482,179.8480284159885
kraft,"Beskow, Eugenie",1890,3,23777,126.17235143205619
kraft,"Biberg, Jacob Fredrik",1870,3,3499,857.3878250928836
kraft,"Billing, Lars Theodor",1860,3,14021,213.96476713501175
kraft,"Billmark, Carl Johan",1840,5,43905,113.88224575788635
kraft,"Bjarke, Fredrik Constantin",1890,19,114160,166.43307638402243
kraft,"Bjelkengren, Conrad",1860,22,22008,999.636495819702
kraft,"Bjerre, Andreas",1920,53,63395,836.0280779241265
kraft,"Bjursten, Herman",1840,7,114487,61.142313101050775
kraft,"Bjursten, Herman",1850,195,1007894,193.47272629859887
kraft,"Bjursten, Herman",1860,111,393956,281.75735361309387
kraft,"Bjurström, Gustaf",1850,1,6581,151.952590791673
kraft,"Bjurström, Gustaf",1870,46,221120,208.03183791606367
kraft,"Bjurström, Gustaf",1880,11,31921,344.60073305974123
kraft,"Bjurström, Per Gustaf",1890,5,17210,290.5287623474724
kraft,"Björck, Ernst Daniel",1860,30,46536,644.6621970087674
kraft,"Björck, Johan Henrik",1870,2,3408,586.8544600938967
kraft,"Björck, Theodor",1840,3,31335,95.73958831977022
kraft,"Björck, Theodor",1850,40,139177,287.4038095374954
kraft,"Björk, Charlotte",1850,3,7818,383.7298541826554
kraft,"Björk, Charlotte",1890,4,12685,315.33307055577455
kraft,"Björklund, Carl Peter",1850,2,13905,143.83315354189142
kraft,"Björklund, Ulrik",1870,2,3242,616.9031462060457
kraft,"Björkman, Carl Gustaf",1880,65,266330,244.05812338076822
kraft,"Björkman, Göran",1880,2,39312,50.875050875050874
kraft,"Björkstén, Emilie",1860,8,30348,263.60880453407145
kraft,"Björkstén, Emilie",1870,7,29767,235.1597406524003
kraft,"Björkstén, Emilie",1880,3,8263,363.06426237444026
kraft,"Björlin, Gustaf",1870,74,247102,299.4714733187105
kraft,"Björlin, Gustaf",1880,21,130906,160.42045437183933
kraft,"Björlin, Gustaf",1890,43,189304,227.14786797954613
kraft,"Björlin, Gustaf",1900,40,147723,270.7770624750377
kraft,"Björlin, Gustaf",1910,23,148514,154.86755457397956
kraft,"Björlin, Knut Salomon",1880,9,9937,905.705947469055
kraft,"Björling, Fridolf",1860,2,10695,187.00327255726975
kraft,"Björling, Fridolf",1870,40,155334,257.50962442221277
kraft,"Björling, Fridolf",1880,43,244028,176.2092874588162
kraft,"Björndal, Maria",1890,1,6186,161.65535079211122
kraft,"Blachet, Gustaf",1890,6,17198,348.87777648563787
kraft,"Blanche, August",1830,3,17681,169.67366099202533
kraft,"Blanche, August",1840,127,1028385,123.49460561949076
kraft,"Blanche, August",1850,32,306375,104.44716442268462
kraft,"Blanche, August",1870,1,29969,33.36781340718743
kraft,"Blanche, Thore",1880,6,39472,152.0064856100527
kraft,"Blanche, Thore",1890,6,48511,123.68328832635898
kraft,"Blicher-Clausen, Jenny",1890,9,31237,288.1198578608701
kraft,"Blixén, Amalia",1860,11,101428,108.4513152186773
kraft,"Blom, Lydia",1890,5,37775,132.36267372600926
kraft,"Blomberg, Harry",1910,2,28562,70.02310762551642
kraft,"Blomberg, Harry",1920,36,267112,134.77492587379078
kraft,"Blomgren, E. G.",1860,4,8061,496.2163503287433
kraft,"Blomgren, Joseph C.",1850,3,42011,71.40986884387422
kraft,"Blomqvist, Petter",1830,8,29051,275.3777838972841
kraft,"Blum, Fredrique",1830,1,1260,793.6507936507936
kraft,"Blumauer, Karl",1830,5,17434,286.7959160261558
kraft,"Blumenberg, Henrik Germund",1870,4,50080,79.87220447284345
kraft,"Boberg, Carl",1890,50,57148,874.9212570868622
kraft,"Boberg, Carl",1900,44,37596,1170.337269922332
kraft,"Bohlin, S. A. T.",1870,4,10166,393.4684241589612
kraft,"Bohman, John G.",1880,24,151148,158.78476724799535
kraft,"Boije, Gustaf Adolf",1880,2,3341,598.623166716552
kraft,"Boisman, Alexander Wilhelm",1890,4,34257,116.76445689931985
kraft,"Bolander, Sophie",1840,71,153009,464.024991993935
kraft,"Bolander, Sophie",1850,143,280366,510.0475806624198
kraft,"Bolander, Sophie",1860,222,532782,416.6807437188193
kraft,"Bollsten, Johan Christian",1840,34,107829,315.31406207977443
kraft,"Bolm, Jonas Adolf",1850,17,57596,295.159386068477
kraft,"Bolm, Jonas Adolf",1860,20,37796,529.1565244999471
kraft,"Bonaparte, Napoleon",1830,37,82500,448.4848484848485
kraft,"Bonde, Krister",1880,4,29334,136.3605372605168
kraft,"Bondeson, August",1880,26,429341,60.55792481966549
kraft,"Bondeson, August",1890,14,148263,94.4267956266904
kraft,"Bondeson, August",1900,19,177147,107.25555612005849
kraft,"Bonggren, Jakob",1880,5,29060,172.0578114246387
kraft,"Bore, Erik",1900,5,28857,173.26818449596286
kraft,"Borelius, Hilma",1900,17,70927,239.68305440805335
kraft,"Borgström, Ferdinand Ludvig",1870,4,37312,107.2041166380789
kraft,"Borgström, Gustaf",1890,15,64685,231.8930200200974
kraft,"Bothén, Gustaf",1870,1,11068,90.35056017347307
kraft,"Botin, Anders",1800,1,581,1721.170395869191
kraft,"Boye, Karin",1920,9,15389,584.8333225030866
kraft,"Boye, Karin",1930,60,221708,270.6262290941238
kraft,"Boye, Karin",1940,37,194585,190.1482642546959
kraft,"Brag, Eva",1880,35,104257,335.7088732651045
kraft,"Brag, Hanna",1840,2,23418,85.40438978563498
kraft,"Brager, Martin H.",1880,7,3600,1944.4444444444443
kraft,"Brahe, Per, d. ä.",1890,1,72820,13.732491073880801
kraft,"Brandt, Erastus",1890,15,56132,267.22725005344546
kraft,"Brandt, G. J. W.",1860,42,79180,530.4369790351099
kraft,"Branting, Anna",1890,35,140671,248.8075011907216
kraft,"Branting, Anna",1900,20,106584,187.64542520453352
kraft,"Branting, Anna",1910,16,112594,142.10348686430893
kraft,"Branting, Anna",1930,6,70911,84.61310657020772
kraft,"Branting, Anna",1940,7,57078,122.63919548687761
kraft,"Bratt, Erland Axel",1890,6,14394,416.84035014589415
kraft,"Bratt, Iwan",1940,4,6487,616.617851086789
kraft,"Braun, Wilhelm von",1830,23,73189,314.25487436636655
kraft,"Braun, Wilhelm von",1840,54,407518,132.50948424364077
kraft,"Braun, Wilhelm von",1850,41,264070,155.26186238497368
kraft,"Braun, Wilhelm von",1860,4,24937,160.40421863095
kraft,"Braun, Wilhelm von",1880,15,89403,167.7796047112513
kraft,"Braunerhjelm, Augusta",1880,6,93500,64.1711229946524
kraft,"Braunerhjelm, Augusta",1900,19,88617,214.40581378290847
kraft,"Bredberg, Henrik Wilhelm",1870,15,25162,596.1370320324298
kraft,"Bremer, Fredrika",1820,15,34142,439.34157342862164
kraft,"Bremer, Fredrika",1840,58,233642,248.24303849479116
kraft,"Bremer, Fredrika",1850,188,594294,316.34174331223267
kraft,"Bremer, Fredrika",1860,1,9312,107.38831615120274
kraft,"Bremer, Fredrika",1910,545,960521,567.4004004076954
kraft,"Bremer, Fredrika",1920,60,342503,175.18094732016945
kraft,"Brenner, Sophia Elisabeth",1710,15,64639,232.05804545243583
kraft,"Brenner, Sophia Elisabeth",1730,3,33381,89.87148377819717
kraft,"Brinkman, Carl Gustaf von",1830,17,13265,1281.5680361854504
kraft,"Brinkman, Carl Gustaf von",1840,50,67372,742.1480733836015
kraft,"Brinkman, Carl Gustaf von",1850,5,138346,36.14126899223685
kraft,"Brinkman, Carl Gustaf von",1860,19,195382,97.24539619821682
kraft,"Brinkman, Carl Gustaf von",1890,5,23772,210.33148241628808
kraft,"Broberg, Johan Valentin",1870,14,32291,433.5573379579449
kraft,"Broman, Pehr Gustaf",1860,3,16469,182.16042261218047
kraft,"Brontë, Charlotte",1850,85,440109,193.13397362926003
kraft,"Bruce, Robert Edward",1840,1,492,2032.520325203252
kraft,"Bruhn, August",1910,1,5266,189.89745537409797
kraft,"Bruhn, Johan Niklas",1850,13,40203,323.3589533119419
kraft,"Brunius, Carl Georg",1830,8,111909,71.48665433521879
kraft,"Brunius, Louise",1840,91,710272,128.11993151919265
kraft,"Brunius, Louise",1850,32,152928,209.2487968194183
kraft,"Brunius, Louise",1870,52,241064,215.71035077821657
kraft,"Bruzelius, Janne",1870,34,153969,220.8236722976703
kraft,"Bruzelius, Janne",1880,9,88580,101.60307067058027
kraft,"Bruzelius, Viktor",1880,11,12887,853.5733685109025
kraft,"Bruzelius, Viktor",1890,5,17092,292.53451907325064
kraft,"Bråkenhielm, Malvina",1880,7,37607,186.13555986917328
kraft,"Bråkenhielm, Malvina",1890,16,101923,156.9812505518872
kraft,"Bugge Wicksell, Anna",1910,1,8276,120.8313194780087
kraft,"Burghausen, Carl Fredrik von",1850,4,63141,63.35027953310844
kraft,"Burnett, Frances Hodgson",1880,2,71418,28.004144613402783
kraft,"Bursell, Bernhard Salomon",1860,5,27180,183.95879323031642
kraft,"Busch, Oscar",1910,17,51393,330.78434806296576
kraft,"Butenschön, Andrea",1890,3,27834,107.78184953653805
kraft,"Bygdén, Leonard",1890,30,721125,41.60166406656266
kraft,"Bygdén, Leonard",1920,76,936869,81.12126668723162
kraft,"Byron, George Gordon",1820,12,13628,880.540064572938
kraft,"Bäcklund, C. M.",1850,13,21187,613.5838013876433
kraft,"Bäckman, Jonas",1890,9,37740,238.4737678855326
kraft,"Bäckman, Nils P.",1850,2,2523,792.7070947284979
kraft,"Bäckman, Wilhelm",1850,19,195807,97.03432461556532
kraft,"Bäckmann, Ida",1900,46,184784,248.93930210407828
kraft,"Bäckmann, Ida",1910,41,114895,356.8475564645981
kraft,"Bäckmann, Ida",1920,9,36562,246.1572124063235
kraft,"Bäckmann, Ida",1930,25,175857,142.1609603257192
kraft,"Bäckmann, Ida",1940,85,240134,353.9690339560412
kraft,"Bäckström, Edvard",1860,12,16360,733.4963325183375
kraft,"Bäckström, Edvard",1870,16,85956,186.14174694029504
kraft,"Bäckström, Edvard",1890,35,140319,249.43165216399774
kraft,"Bäckström, Per Olof",1840,28,413463,67.7206908477905
kraft,"Bååth, Albert Ulrik",1870,8,17998,444.493832648072
kraft,"Bååth, Albert Ulrik",1880,45,101015,445.47839429787655
kraft,"Bååth, Albert Ulrik",1890,35,85886,407.51694106140695
kraft,"Bååth, Albert Ulrik",1900,11,19123,575.2235527898342
kraft,"Bååth-Holmberg, Cecilia",1880,1,42428,23.569341001225606
kraft,"Bååth-Holmberg, Cecilia",1890,48,244561,196.27005123466128
kraft,"Bååth-Holmberg, Cecilia",1900,18,48651,369.982117530986
kraft,"Böhme, Jakob",1920,495,247997,1995.991886998633
kraft,"Börjeson, Hjalmar",1940,4,150570,26.56571694228598
kraft,"Börjesson, Johan",1840,5,40332,123.97104036497075
kraft,"Börjesson, Johan",1850,2,44593,44.85008857892495
kraft,"Börjesson, Johan",1860,1,20744,48.206710374084075
kraft,"Börk, Isak",1870,3,59872,50.10689470871192
kraft,"Böttiger, Carl Wilhelm",1830,34,73615,461.8623921755077
kraft,"Böttiger, Carl Wilhelm",1840,5,25919,192.9086770322929
kraft,"Böttiger, Carl Wilhelm",1850,47,134044,350.6311360448808
kraft,"Böttiger, Carl Wilhelm",1860,50,85664,583.6757564437803
kraft,"Böttiger, Carl Wilhelm",1870,69,194246,355.21966990311256
kraft,"Böttiger, Carl Wilhelm",1880,51,198597,256.801462257738
kraft,"Böttiger, Carl Wilhelm",1890,27,67941,397.4036296198172
kraft,"Böös, Erik Kristian",1870,1,1160,862.0689655172414
kraft,"Bützow Runquist, Johan Gustaf",1890,24,58722,408.7054255645244
kraft,"Cajander, Zacharias",1840,2,6976,286.697247706422
kraft,"Cardon, O. B.",1860,1,37300,26.80965147453083
kraft,"Carlander, Marta",1890,2,3808,525.2100840336135
kraft,"Carlberg, Frigga",1900,4,42656,93.7734433608402
kraft,"Carlberg, Frigga",1910,15,75942,197.51915935845778
kraft,"Carlgren, Wilhelm Mauritz",1880,1,2486,402.2526146419952
kraft,"Carlquist, Gustaf",1890,1,3549,281.7695125387433
kraft,"Carlsson, Carl Adolf",1830,10,13150,760.4562737642585
kraft,"Carlstedt, Fredrik",1830,13,54952,236.570097539671
kraft,"Carlström, Anna",1840,1,17514,57.09717939933767
kraft,"Carlén, Christina Serafia",1860,2,24721,80.90287609724525
kraft,"Carlén, Johan Gabriel",1830,7,29955,233.68385912201634
kraft,"Carlén, Johan Gabriel",1860,22,52742,417.1248720185052
kraft,"Carlén, Octavia",1850,7,28688,244.00446179587283
kraft,"Carlén, Octavia",1860,44,226481,194.2767825998649
kraft,"Carlén, Octavia",1870,4,35946,111.27802815334113
kraft,"Carlén, Octavia",1880,9,41325,217.7858439201452
kraft,"Carlén, Rosa",1860,74,437108,169.29454505522662
kraft,"Carlén, Rosa",1870,37,197792,187.06519980585665
kraft,"Carroll, Lewis",1870,3,56083,53.49214556995881
kraft,"Carroll, Lewis",1890,2,37785,52.93105729786952
kraft,"Carstens, Fredrika Vilhelmina",1840,33,119145,276.9734357295732
kraft,"Carter, Chichering",1900,2,33114,60.3974149906384
kraft,"Cassel, Hjalmar",1890,3,26241,114.32491139819366
kraft,"Cassirer, Ernst",1940,11,53043,207.3789189902532
kraft,"Cavallin, Christian",1890,141,227529,619.7012248988041
kraft,"Cavallin, Severin",1850,20,186485,107.24723168083224
kraft,"Cederberg, Björn",1880,10,160355,62.3616351220729
kraft,"Cederblad, Albert",1870,20,20940,955.1098376313277
kraft,"Cederblad, Albert",1890,13,46493,279.6119845998322
kraft,"Cederborg, Carl August",1890,3,23468,127.83364581557866
kraft,"Cederborg, Carl August",1910,7,76385,91.6410289978399
kraft,"Cederborgh, Fredrik",1800,5,31570,158.37820715869498
kraft,"Cederborgh, Fredrik",1810,10,92168,108.49752625640136
kraft,"Cederborgh, Fredrik",1830,25,184060,135.82527436705422
kraft,"Cederborgh, Fredrik",1850,17,120148,141.49215966974066
kraft,"Cederborgh, Fredrik",1880,28,216297,129.45163363338372
kraft,"Cederlund, Anna",1910,5,4392,1138.4335154826958
kraft,"Cederman, Rosalba",1870,25,61197,408.5167573573868
kraft,"Cederman, Rosalba",1880,10,20284,492.9994084007099
kraft,"Cederqvist, August",1870,12,142601,84.15088253238056
kraft,"Cederqvist, August",1880,1,19024,52.56518082422203
kraft,"Cederström, Claes Henrik",1870,6,24960,240.3846153846154
kraft,"Cederström, Rudolf",1840,10,27826,359.37612305038454
kraft,"Celsius, Olof",1800,1,2696,370.919881305638
kraft,"Centervall, Frans Jonas Gustaf",1860,2,7733,258.631837579206
kraft,"Christiernsson, Henrik",1880,7,52290,133.86880856760374
kraft,"Christoffersson, Olof",1910,4,15923,251.20894303837215
kraft,"Chronwall, Johan Henrik",1870,1,7183,139.21759710427398
kraft,"Chronwall, Johan Henrik",1880,3,16897,177.54630999585726
kraft,"Chronwall, Johan Henrik",1890,8,27036,295.90176061547567
kraft,"Chydenius, Karl",1860,20,149994,133.33866688000853
kraft,"Chytræus, Betty",1860,3,30807,97.38046547862498
kraft,"Cleve, Alma",1890,16,117475,136.19919131730154
kraft,"Colliander, Harald",1890,3,14545,206.2564455139223
kraft,"Collijn, Isak",1940,2,24690,81.00445524503847
kraft,"Collin, August Zacharias",1870,1,4304,232.34200743494424
kraft,"Collin, August Zacharias",1880,2,3869,516.9294391315585
kraft,"Columbus, Samuel",1880,2,50848,39.33291378225299
kraft,"Cramær, Mauritz",1840,9,64975,138.5148133897653
kraft,"Cramær, Mauritz",1880,4,52389,76.35190593445189
kraft,"Cramér, Catharina Christina",1830,5,13009,384.34929664078714
kraft,"Cramér, Johan Niclas",1830,3,4737,633.3122229259025
kraft,"Creutz, Gustaf Philip",1860,8,21302,375.5515913998686
kraft,"Cronhamn, Anders Fredrik",1830,6,40444,148.3532786074572
kraft,"Cronholm, Bernhard",1830,14,34705,403.40008644287565
kraft,"Cronholm, Bernhard",1850,34,105235,323.08642561885307
kraft,"Cronstrand, Baltzar",1870,66,139436,473.33543704638686
kraft,"Crusenstolpe, Fredrik",1840,16,321176,49.81692280867811
kraft,"Crusenstolpe, Magnus Jacob",1840,280,1801700,155.40878059610367
kraft,"Cygnæus, Fredrik",1830,4,30147,132.68318572328923
kraft,"Cygnæus, Fredrik",1840,25,34257,729.777855620749
kraft,"Cygnæus, Fredrik",1850,131,184039,711.8056498894256
kraft,"Cygnæus, Fredrik",1860,44,42121,1044.6095771705325
kraft,"Cygnæus, Fredrik",1870,23,32251,713.1561812036836
kraft,"Cöster, Fredrik",1850,23,109641,209.77554017201595
kraft,"Daguerre, Louis Jacques Mandé",1830,4,22310,179.29179740026893
kraft,"Dahl, Mattis",1890,138,412666,334.4108795006131
kraft,"Dahlander, Gustaf Robert",1870,24,20051,1196.94778315296
kraft,"Dahlander, Gustaf Robert",1880,15,24735,606.4281382656155
kraft,"Dahlberg, Johan",1890,10,15117,661.5069127472382
kraft,"Dahlbergh, Erik",1910,3,148587,20.19019160491833
kraft,"Dahlgren, Alta",1890,3,32465,92.40720776220545
kraft,"Dahlgren, Carl Fredric",1830,62,287156,215.91051553859225
kraft,"Dahlgren, Carl Fredric",1840,17,48551,350.1472678214661
kraft,"Dahlgren, Carl Fredric",1900,3,45408,66.0676532769556
kraft,"Dahlgren, Erik Wilhelm",1910,3,18610,161.20365394948954
kraft,"Dahlgren, Fredrik August",1910,71,1254446,56.59868978018982
kraft,"Dahlgren, Lotten",1900,18,122195,147.3055362330701
kraft,"Dahlin, C. S.",1910,3,44288,67.73843930635839
kraft,"Dahlqvist, J. P.",1870,19,37595,505.38635456842667
kraft,"Dahlström, Carl Andreas",1850,6,38470,155.96568754873928
kraft,"Dahlström, Johan Albert",1840,20,9202,2173.4405564007825
kraft,"Dalström, Kata",1880,58,118771,488.3346944961312
kraft,"Dalström, Kata",1890,51,130398,391.11029310265496
kraft,"Dalström, Kata",1900,11,84771,129.7613570678652
kraft,"Dalström, Kata",1910,15,48502,309.26559729495693
kraft,"Damm, Carl Ad.",1850,2,7229,276.66343892654584
kraft,"Damm, Ivar",1890,2,11443,174.77934108188413
kraft,"Damm, Janne",1850,14,48104,291.0360884749709
kraft,"Damm, Janne",1870,54,222425,242.77846465100595
kraft,"Dammert, Anna Johanna Natalia",1870,4,24840,161.0305958132045
kraft,"Danielsson, Axel",1880,11,22001,499.97727376028365
kraft,"Danielsson, Axel",1890,3,7117,421.5259238443164
kraft,"Danielsson, Axel",1900,111,252369,439.83215054146905
kraft,"Danielsson, Eleonore",1860,8,43491,183.94610379158905
kraft,"Danielsson, Johan",1890,8,49644,161.14736926919667
kraft,"Dardel, Fritz von",1910,15,161009,93.1624940220733
kraft,"Dardel, Fritz von",1920,6,84703,70.83574371627924
kraft,"Darwin, Charles",1870,91,433182,210.07336408253343
kraft,"De Bèsche, Jean Wathier",1840,15,56529,265.3505280475508
kraft,"De Geer, Louis",1840,53,235626,224.93273238097663
kraft,"De Geer, Louis",1880,12,37723,318.10831588155764
kraft,"De Geer, Louis",1890,107,214224,499.4771827619688
kraft,"De Vylder, Gustaf",1850,4,48639,82.2385328645737
kraft,"Dehlgren, Alfred",1860,3,11794,254.36662709852467
kraft,"Dehn, Ida",1860,10,33342,299.9220202747286
kraft,"Dehn, Ida",1870,3,4154,722.1954742416948
kraft,"Dickens, Charles",1840,23,473171,48.60821986131864
kraft,"Dickens, Charles",1860,1,34016,29.397930385700846
kraft,"Dickens, Charles",1910,5,33301,150.14564127203388
kraft,"Didring, Ernst",1890,3,35523,84.45232666159953
kraft,"Dietrichson, Lorentz",1870,9,20253,444.3786105762109
kraft,"Djurklou, Nils Gabriel",1880,4,89057,44.91505440335965
kraft,"Djurström, H.",1850,1,1164,859.106529209622
kraft,"Donner, Otto",1860,1,12491,80.05764150188135
kraft,"Douglas, Ludvig",1880,5,11552,432.8254847645429
kraft,"Douglass, Frederick",1890,89,246238,361.4389330647585
kraft,"Douglass, Frederick",1900,29,89854,322.74578761101344
kraft,"Doyle, Arthur Conan",1890,19,255586,74.3389700531328
kraft,"Doyle, Arthur Conan",1910,4,62000,64.51612903225806
kraft,"Drake, Sigrid",1910,30,217327,138.04083247824707
kraft,"Dufva, Elias Walfrid",1860,9,9681,929.6560272699102
kraft,"Dunckel, Dorothea",1840,48,218035,220.14814135345242
kraft,"Dunckel, Dorothea",1860,12,22883,524.4067648472666
kraft,"Durling, Maria",1890,11,55831,197.0231591768014
kraft,"Duse, Samuel August",1900,12,107643,111.47961316574232
kraft,"Duse, Samuel August",1910,6,75808,79.14731954411144
kraft,"Dybeck, Richard",1850,2,65058,30.741799624950044
kraft,"Düben, Gustaf von",1870,30,280522,106.94348393352394
kraft,"Eberstein, Carl Christian",1850,24,89661,267.6749088232342
kraft,"Edelcrantz, Abraham Niclas",1800,3,8250,363.6363636363636
kraft,"Edelfelt, Johanna Catharina, f. Benzelstjerna",1830,19,57416,330.91821095165113
kraft,"Edenberg, Albert Anderson",1880,188,686333,273.9195113742163
kraft,"Edgren, Hjalmar",1880,6,22706,264.24733550603366
kraft,"Edgren, Hjalmar",1890,11,14573,754.8205585672133
kraft,"Edwards, Amelia",1870,9,64911,138.65138420298564
kraft,"Egge, Oscar David",1850,11,25581,430.0066455572495
kraft,"Ehrenborg, Anna Fredrika",1840,86,199937,430.13549268019426
kraft,"Ehrenborg-Posse, Betty",1840,28,89411,313.16057308384876
kraft,"Ehrenborg-Posse, Betty",1850,1,3331,300.2101471029721
kraft,"Ehrenborg-Posse, Betty",1870,96,183364,523.5487882027006
kraft,"Ehrenström, Marianne",1820,1,96371,10.376565564329518
kraft,"Ehrnrooth, Adelaide",1860,20,72381,276.3156076871002
kraft,"Ehrnrooth, Adelaide",1870,24,119632,200.6152200080246
kraft,"Ehrnrooth, Adelaide",1880,36,232129,155.08618052893004
kraft,"Ehrnrooth, Adelaide",1890,7,41863,167.21209660081695
kraft,"Eichhorn, Christoffer",1860,19,59856,317.4284950547982
kraft,"Eichhorn, Christoffer",1870,16,39274,407.39420481743645
kraft,"Eichhorn, Christoffer",1880,1,14065,71.09847138286527
kraft,"Ejserman, Jakob Samuel",1840,35,49576,705.9867677908666
kraft,"Ek, Johan Gustaf",1860,1,1706,586.1664712778429
kraft,"Ek, Karin",1900,1,6744,148.27995255041517
kraft,"Ek, Karin",1910,42,126778,331.2877628610642
kraft,"Ek, Karin",1920,2,13122,152.41579027587258
kraft,"Ek, Karl",1880,1,3641,274.64982147761606
kraft,"Ekbohrn, Carl Magnus",1850,56,191154,292.9575106981805
kraft,"Ekbohrn, Carl Magnus",1860,31,53121,583.5733514052823
kraft,"Ekeblad, Karl Johan",1840,8,13971,572.6147018824709
kraft,"Ekeblad, Karl Johan",1850,5,2447,2043.318348998774
kraft,"Ekeblad, Karl Johan",1860,3,3479,862.3167576889911
kraft,"Ekeblad, Karl Johan",1870,26,32612,797.2525450754324
kraft,"Ekeblad, Karl Johan",1880,13,15193,855.6572105574936
kraft,"Ekebohm, David",1870,8,21175,377.8040141676505
kraft,"Ekelund, Jacob",1830,5,31652,157.96790092253255
kraft,"Ekelund, Jacob",1840,9,15043,598.2849165724922
kraft,"Ekelund, Vilhelm",1900,81,172242,470.26857560873657
kraft,"Ekelund, Vilhelm",1910,244,272156,896.5446288158262
kraft,"Ekelund, Vilhelm",1920,404,263894,1530.9177169621137
kraft,"Ekelund, Vilhelm",1930,614,309651,1982.8774975698448
kraft,"Ekelund, Vilhelm",1940,532,284044,1872.9492613820394
kraft,"Ekermann, Agnes",1880,142,274026,518.1990030143126
kraft,"Ekerot, Hjalmar",1880,4,32775,122.04424103737605
kraft,"Ekerot, Hjalmar",1890,8,62175,128.6690792119019
kraft,"Ekevall, Anders Fredrik",1890,16,13913,1150.0035937612306
kraft,"Eklund, R. R.",1910,3,5260,570.3422053231939
kraft,"Ekman, Ernst",1890,12,18284,656.311529205863
kraft,"Ekman, Lotten",1910,4,28567,140.02170336402142
kraft,"Ekmarck, Carl Eric",1830,79,64051,1233.392140637929
kraft,"Ekmarck, Lars August",1850,15,39190,382.7507017096198
kraft,"Ekström, Carl Otto",1860,17,76800,221.35416666666666
kraft,"Ekström, Carl Otto",1870,36,216094,166.59416735309634
kraft,"Ekström, Fredrik August",1870,3,7028,426.86397268070573
kraft,"Ekström, Hedvig Aurora",1840,23,104352,220.40785035265256
kraft,"Ekström, Hedvig Aurora",1850,8,29716,269.2152375824472
kraft,"Ekström, Hedvig Aurora",1860,3,9933,302.0235578375113
kraft,"Ekström, Hedvig Aurora",1880,17,45155,376.4810098549441
kraft,"Elfving, Lars",1880,3,11316,265.11134676564154
kraft,"Elgenstierna, Gustaf",1920,18,4397617,4.093125890681248
kraft,"Elgenstierna, Gustaf",1930,21,5073413,4.139225409009675
kraft,"Elgström, Ossian",1910,6,36335,165.1300399064263
kraft,"Elgström, Ossian",1920,31,244964,126.5492072304502
kraft,"Elgström, Per",1860,33,104945,314.4504264138358
kraft,"Elkan, Sophie",1890,30,421908,71.10554907704997
kraft,"Elkan, Sophie",1900,31,363242,85.3425539998128
kraft,"Elkan, Sophie",1910,5,140163,35.67275243823263
kraft,"Elliot, Hilda Maria",1840,4,8160,490.19607843137254
kraft,"Ellmin, Johannes",1830,2,13289,150.50041387613817
kraft,"Elmblad, Magnus",1870,18,61665,291.8997810751642
kraft,"Elmblad, Magnus",1880,20,37009,540.4090896808884
kraft,"Elmblad, Magnus",1890,1,206,4854.368932038835
kraft,"Elmblad, Sigrid",1890,11,83538,131.67660226483756
kraft,"Elster, Otto",1890,17,53951,315.1007395599711
kraft,"Emanuelsson, Vendela",1890,98,423245,231.54437737008115
kraft,"Emanuelsson, Vendela",1900,19,39775,477.68698931489627
kraft,"Enander, Johan Alfred",1880,23,29755,772.9793312048395
kraft,"Enander, Johan Alfred",1890,26,35873,724.7790817606557
kraft,"Enander, Samuel",1830,3,12949,231.6781218626921
kraft,"Enbom, Per Ulrik",1790,3,26947,111.32964708501873
kraft,"Eneberg, Karl Fredrik",1860,6,24235,247.57582009490406
kraft,"Eneroth, Carl",1880,55,409038,134.46183484175066
kraft,"Eneroth, Carl",1890,54,381701,141.47198985593437
kraft,"Eneroth, Carl",1900,5,70816,70.60551287844555
kraft,"Eneroth, Olof",1860,3,848,3537.735849056604
kraft,"Eneroth, Olof",1870,4,2555,1565.5577299412917
kraft,"Eneroth, Olof",1880,24,35865,669.1760769552488
kraft,"Engdahl, Axel",1910,10,66822,149.65131244201012
kraft,"Engelbert, Rolf",1880,4,41955,95.34024550113216
kraft,"Engelke, Wilhelm",1890,4,30904,129.43308309603935
kraft,"Engström, Agnes",1840,6,23155,259.123299503347
kraft,"Engström, Albert",1890,2,8632,231.69601482854495
kraft,"Engström, Albert",1900,11,133509,82.39144926559258
kraft,"Engström, Albert",1910,24,152861,157.0053839762922
kraft,"Engström, Albert",1920,5,59442,84.11560849231184
kraft,"Engström, C. A.",1880,2,19960,100.20040080160321
kraft,"Engström, Gustaf",1860,1,4326,231.16042533518262
kraft,"Engström, Jon",1830,83,224901,369.05127144832613
kraft,"Engström, Jon",1840,45,121961,368.9704085732324
kraft,"Engström, Thekla",1870,1,8083,123.71644191513052
kraft,"Ennes, Barthold Anders",1810,18,253114,71.11420150604076
kraft,"Erdeman, C. G.",1860,4,5361,746.1294534601753
kraft,"Ericson, Alfred",1900,7,8097,864.5177226133136
kraft,"Ericsson, Olof Abraham",1850,39,25139,1551.374358566371
kraft,"Erikson, Anders Peter",1870,3,11081,270.7336882952802
kraft,"Eriksson, E. W.",1860,2,10992,181.9505094614265
kraft,"Eriksson, Erik Gustaf",1880,20,47606,420.1151115405621
kraft,"Esselin, Hedvig",1880,8,28153,284.1615458388094
kraft,"Essen, Gustaf von",1870,13,39673,327.67877397726414
kraft,"Essen, Johan August von",1840,9,60413,148.97455845596147
kraft,"Essén, Ludvig",1890,9,14230,632.4666198172874
kraft,Eugénie,1860,1,8391,119.1753068764152
kraft,Eugénie,1880,10,33606,297.5659108492531
kraft,"Evers, Edvard",1880,10,39964,250.22520268241416
kraft,"Fagerlund, Gustaf Wilhelm",1860,15,19514,768.6788972020088
kraft,"Fagerström, Victor",1870,4,20256,197.47235387045814
kraft,"Fahlcrantz, Axel Magnus",1850,13,40294,322.62867920782253
kraft,"Fahlcrantz, Christian Eric",1830,18,17965,1001.9482326746452
kraft,"Fahlcrantz, Christian Eric",1840,40,28939,1382.2177684094129
kraft,"Fahlstedt, Amalia",1880,3,34324,87.4024006526046
kraft,"Fahlstedt, Amalia",1890,43,110659,388.58113664500854
kraft,"Falck, Alberta",1880,4,4888,818.3306055646481
kraft,"Falck, August",1930,14,78704,177.88168326895712
kraft,"Falk, Hugo",1890,27,87835,307.3945465930438
kraft,"Falk, Hugo",1900,7,26626,262.90092390896115
kraft,"Falkman, Charlotta",1850,9,141207,63.736217043064435
kraft,"Falkman, Charlotta",1860,10,64501,155.03635602548798
kraft,"Fallström, Daniel",1880,25,128556,194.46778057811383
kraft,"Fallström, Daniel",1890,14,33920,412.7358490566038
kraft,"Fant, Johan Eric",1840,40,597435,66.95289027258195
kraft,"Fehr, Fredrik",1870,1,6139,162.89297931259162
kraft,"Feilitzen, Otto von",1840,36,58053,620.1229910598936
kraft,"Feilitzen, Otto von",1870,11,17400,632.183908045977
kraft,"Feilitzen, Urban von",1870,11,50455,218.01605390942424
kraft,"Fersen, Axel von",1920,46,585424,78.57552816420235
kraft,"Fersen, Axel von",1930,12,227972,52.63804326847157
kraft,"Feuk, Carl Gustaf Theodor",1890,3,11233,267.07023947298137
kraft,"Feuk, Lars",1860,1,14194,70.45230379033394
kraft,"Feuk, Lars",1880,5,8508,587.6821814762576
kraft,"Fischer, Theodor",1890,38,17013,2233.586081231999
kraft,"Fitinghoff, Laura",1880,6,24146,248.48836246169137
kraft,"Fitinghoff, Laura",1890,23,160821,143.0161483885811
kraft,"Fitinghoff, Laura",1900,9,80183,112.24324358031004
kraft,"Fitinghoff, Laura",1910,8,33449,239.17007982301413
kraft,"Fitzgerald, F. Scott",1940,2,61859,32.331592815920075
kraft,"Fjetterström, Rudolf",1880,9,8506,1058.0766517752174
kraft,"Flink, August",1890,4,24673,162.12053661897622
kraft,"Flodin, Sigfrid",1850,5,25910,192.97568506368196
kraft,"Flodin, Sigfrid",1860,4,26411,151.45204649577826
kraft,"Flodman, Anders",1860,48,269192,178.31139112603643
kraft,"Flodman, Anders",1870,114,458721,248.5170724688863
kraft,"Flygare, Edvard",1850,18,76479,235.35872592476366
kraft,"Flygare, Edvard",1860,16,118842,134.63253731845643
kraft,"Flygare-Carlén, Emilie",1830,67,386704,173.2591336008937
kraft,"Flygare-Carlén, Emilie",1840,678,2724568,248.84678965619503
kraft,"Flygare-Carlén, Emilie",1850,136,723308,188.02501838774077
kraft,"Flygare-Carlén, Emilie",1860,189,814169,232.13853634810462
kraft,"Flygare-Carlén, Emilie",1870,105,329761,318.412425969111
kraft,"Flygare-Carlén, Emilie",1880,116,515456,225.0434566674944
kraft,"Fogelholm, Axel",1880,1,10253,97.53242953281966
kraft,"Fogelholm, Axel",1890,2,27503,72.71933970839545
kraft,"Fogelqvist, Torsten",1920,4,20150,198.51116625310175
kraft,"Fornell, Bror Edvard",1840,33,132348,249.342642125306
kraft,"Fornell, Bror Edvard",1850,142,295224,480.9907053627076
kraft,"Forsman, Karl Fredrik",1880,22,36871,596.6748935477747
kraft,"Forsman, Karl Fredrik",1890,9,16022,561.7276245162901
kraft,"Forssberg, Edvard August",1880,1,10545,94.8316737790422
kraft,"Forssell, Didrik Christian",1820,9,46466,193.6900098997116
kraft,"Forssell, Emil",1890,15,68581,218.71947040725564
kraft,"Forsslund, Karl-Erik",1890,19,108588,174.97329354993184
kraft,"Forsslund, Karl-Erik",1900,56,122634,456.6433452386777
kraft,"Forssman, Edith",1880,17,95706,177.62731699162018
kraft,"Forssman, Edith",1890,118,548028,215.31746553095826
kraft,"Forssman, Edith",1900,25,72959,342.65820529338396
kraft,"Frank, Sten",1890,15,95110,157.71212280517295
kraft,"Franzén, Frans Michael",1810,7,15141,462.32085067036525
kraft,"Franzén, Frans Michael",1820,2,10109,197.84350578692255
kraft,"Franzén, Frans Michael",1830,103,287355,358.44164883158464
kraft,"Franzén, Frans Michael",1840,9,39980,225.11255627813907
kraft,"Franzén, Frans Michael",1850,35,75020,466.54225539856037
kraft,"Fredberg, Carl Rudolf A:son",1910,6,31647,189.5914304673429
kraft,"Fredin, Edvard",1880,11,20155,545.7702803274622
kraft,"Fredin, Edvard",1890,17,47570,357.36808913180573
kraft,"Frese, Jacob",1860,3,25844,116.08110199659495
kraft,"Frey, J. M.",1830,2,9849,203.0663011473246
kraft,"Frick-Meijer, Anders Ludvig",1880,16,25176,635.5258976803304
kraft,"Fridlund, Anders",1860,3,6106,491.320013101867
kraft,"Friman, Jeanette Charlotta",1850,23,158833,144.8061800759288
kraft,"Friman, Jeanette Charlotta",1860,29,108442,267.4240607882555
kraft,"Frosterus-Segerstråle, Hanna",1890,6,36965,162.3157040443663
kraft,"Frunck, Gudmund",1880,38,189241,200.80215175358404
kraft,"Frykholm, Maria Barbara",1860,29,114913,252.3648325254758
kraft,"Frykholm, Sunny",1890,32,98036,326.4107062711657
kraft,"Fryxell, Anders",1880,27,52461,514.668039114771
kraft,"Fryxell, Fredrik",1840,7,15353,455.9369504331401
kraft,"Fryxell, Olof",1830,59,117242,503.2326299449003
kraft,"Fryxell, Olof",1840,13,82208,158.13546126897626
kraft,"Fröding, Gustaf",1890,115,178104,645.6901585590441
kraft,"Fröléen, Johan Fredrik",1830,1,5341,187.2308556450103
kraft,"Furuhjelm, August Leonhard",1870,15,36425,411.8050789293068
kraft,"Furuhjelm, Maria",1870,41,243430,168.4262416300374
kraft,"Furuhjelm, Maria",1890,5,62460,80.05123278898495
kraft,"Fåhræus, Klas",1890,6,9979,601.2626515682934
kraft,"Fåhræus, Olof Immanuel",1860,2,8157,245.18818192963099
kraft,"Gadelius, Bror",1900,5,56919,87.84412937683375
kraft,"Gadelius, Bror",1910,2,33298,60.06366748753679
kraft,"Gadelius, Bror",1920,32,107081,298.83919649611045
kraft,"Gadolin, Sara Carolina",1850,5,24254,206.15156262884472
kraft,"Geijer, Erik Gustaf",1810,9,20793,432.8379743182802
kraft,"Geijer, Erik Gustaf",1830,33,112391,293.6178163731971
kraft,"Geijer, Erik Gustaf",1840,75,131671,569.6015067858526
kraft,"Geijer, Erik Gustaf",1850,610,1627119,374.8957513248877
kraft,"Geijer, Erik Gustaf",1920,501,1937136,258.6292340857844
kraft,"Geijer, Erik Gustaf",1930,108,426699,253.1058193246293
kraft,"Geijerstam, Gustaf af",1880,187,580180,322.31376469371577
kraft,"Geijerstam, Gustaf af",1890,195,967087,201.6364608354781
kraft,"Geijerstam, Gustaf af",1900,12,86787,138.26955650039753
kraft,"Gellerstedt, Albert Theodor",1870,2,4460,448.4304932735426
kraft,"Gellerstedt, Albert Theodor",1880,2,11321,176.66283897182228
kraft,"Gellerstedt, Albert Theodor",1900,1,16281,61.42128861863522
kraft,"Gernandt-Claine, Jane",1890,29,201394,143.99634547205974
kraft,"Gernandt-Claine, Jane",1900,1,42438,23.563787171874264
kraft,"Gestrin, Mathilda",1860,25,142930,174.9107954942979
kraft,"Gestrin, Mathilda",1870,20,114421,174.79308868127353
kraft,"Gethe, Carl",1850,25,16285,1535.1550506601168
kraft,"Giertz, Theodor",1890,12,37772,317.6956475696283
kraft,"Gille, Elsa",1910,12,45578,263.28491816227125
kraft,"Goethe, Johann Wolfgang von",1900,18,105706,170.28361682402135
kraft,"Goncourt, Edmond de",1920,11,157664,69.76862187943982
kraft,"Gottman, Georg August",1860,2,14798,135.15339910798755
kraft,"Govenius, Lars Johan",1850,21,144240,145.59068219633943
kraft,"Govenius, Lars Johan",1860,29,126293,229.6247614673814
kraft,"Govenius, Lars Johan",1870,55,236954,232.11256193185176
kraft,"Govenius, Lars Johan",1880,48,257372,186.50047402203813
kraft,"Govenius, Lars Johan",1890,11,131071,83.92398013290507
kraft,"Grafström, Frithiof",1880,31,56253,551.0817200860398
kraft,"Granath, Wilhelm",1890,1227,4062759,302.01151483511575
kraft,"Granath, Wilhelm",1900,111,255329,434.7332265430092
kraft,"Granberg, Johan",1890,4,35561,112.48277607491353
kraft,"Granberg, Per Adolf",1800,4,16672,239.9232245681382
kraft,"Granberg, Robert",1890,4,6621,604.138347681619
kraft,"Granfelt, Axel Fredrik",1870,17,38718,439.07226612944885
kraft,"Granfelt, George",1890,3,13641,219.92522542335607
kraft,"Granholm, J.",1890,25,70485,354.6853940554728
kraft,"Granlund, O. F.",1860,3,4430,677.2009029345372
kraft,"Gravallius, Daniel Ehrenfried",1840,2,30212,66.19886137958427
kraft,"Gravallius, Wilhelmina",1840,52,246396,211.04238705173785
kraft,"Gravallius, Wilhelmina",1860,50,203121,246.1586935865814
kraft,"Gravallius, Wilhelmina",1870,24,129250,185.68665377176015
kraft,"Gravallius, Wilhelmina",1880,55,185954,295.7720726631317
kraft,"Gravallius, Wilhelmina",1890,45,193001,233.1594136817944
kraft,"Gravander, Lars Fredric",1830,8,27033,295.9345984537417
kraft,"Grebst, William A:son",1900,3,2623,1143.728555089592
kraft,"Grebst, William A:son",1910,33,52944,623.3000906618314
kraft,"Grimm, Jacob",1890,38,312708,121.51911687580747
kraft,"Gripenberg, Alexandra",1870,6,46048,130.2988186240445
kraft,"Gripenberg, Alexandra",1880,23,115264,199.54192115491395
kraft,"Gross, Amalie von",1850,3,15772,190.210499619579
kraft,"Grubbe, Samuel",1830,9,4553,1976.7186470459037
kraft,"Gräf, Hans Gerhard",1920,7,35604,196.60712279519154
kraft,"Gråbergh, Otto",1860,3,27803,107.9020249613351
kraft,"Grönlund, Karl",1880,4,9206,434.4992396263307
kraft,"Grönstedt, Johan",1880,11,162390,67.7381612168237
kraft,"Grönstedt, Johan",1890,7,90631,77.23626573688914
kraft,"Grönwall, Wilhelmina",1840,23,107919,213.12280506676302
kraft,"Gullberg, Gustaf Teodor ",1880,3,20048,149.64086193136473
kraft,"Gullberg, Gustaf Teodor ",1890,5,32570,153.51550506601166
kraft,"Gullbrandssen, Emilia",1860,10,140190,71.33176403452457
kraft,"Gumælius, Gustaf Wilhelm",1850,12,32373,370.67926976183855
kraft,"Gumælius, Gustaf Wilhelm",1860,11,7760,1417.5257731958764
kraft,"Gumælius, Gustaf Wilhelm",1870,22,66354,331.5549929167797
kraft,"Gustafsson, Richard",1860,34,122031,278.6177282821578
kraft,"Gustafsson, Richard",1870,42,177930,236.04788399932556
kraft,"Gustafsson, Richard",1880,17,93091,182.617009163077
kraft,"Gustav III, kung av Sverige",1800,1,6553,152.60186174271325
kraft,"Gylander, Ebba Karolina",1840,11,42516,258.72612663467874
kraft,"Gyllenborg, Gustaf Fredrik",1880,2,50773,39.39101490949914
kraft,"Gyllenhaal, Aurore",1880,48,199328,240.8091186386258
kraft,"Gyllenhaal, Mathilda",1850,3,8527,351.8236190922951
kraft,"Gyllensvärd, Sven",1890,2,1569,1274.6972594008923
kraft,"Gyllensvärd, Vilhelm",1870,1,289,3460.2076124567475
kraft,"Gynther, Otto Fredrik",1830,3,12590,238.28435266084193
kraft,"Gällstedt, Per Johan",1840,17,47846,355.3066087029219
kraft,"Gällstedt, Per Johan",1850,9,34636,259.8452477191362
kraft,"Gérard, Jean Ignace Isidore",1870,15,99295,151.06500830857544
kraft,"Gödecke, Peter August",1860,9,32587,276.1837542578329
kraft,"Gödecke, Peter August",1870,11,40770,269.80623007113076
kraft,"Göransson, Zacharias",1850,5,9180,544.6623093681917
kraft,"Götberg, Reinhold",1850,7,10536,664.3887623386485
kraft,"Götberg, Reinhold",1860,6,38405,156.2296575966671
kraft,"Götberg, Reinhold",1870,2,13355,149.7566454511419
kraft,"Göthe, Georg",1870,11,73561,149.53575943774555
kraft,"Götlind, Johan",1920,9,133720,67.30481603350285
kraft,"Hackzell, Emilie",1830,2,15960,125.31328320802005
kraft,"Hackzell, Emilie",1840,4,38858,102.93890575943178
kraft,"Hackzell, Emilie",1860,46,222573,206.67376546121946
kraft,"Hackzell, Emilie",1880,4,33786,118.3922334694844
kraft,"Hackzell, Emilie",1890,8,102813,77.81117173898242
kraft,"Hagberg, Carl August",1830,12,44710,268.3963319167971
kraft,"Hagberg, Fredrik Theodor",1870,8,6564,1218.769043266301
kraft,"Hagberg, Louise",1930,26,307039,84.67979637765886
kraft,"Hagberg, Theodor",1860,6,32331,185.58040270947387
kraft,"Haglöf, Karl",1890,1,3873,258.1977794990963
kraft,"Hagström, K. A.",1890,126,720270,174.93439960014993
kraft,"Hagström, K. A.",1900,57,305808,186.39146130905667
kraft,"Hagström, Per Adolf",1860,2,7568,264.2706131078224
kraft,"Hagström, Tore",1960,2,647980,3.0865150158955523
kraft,"Hahn, C. von",1890,10,47419,210.88593179948967
kraft,"Hall, Wilhelm",1890,8,8480,943.3962264150944
kraft,"Hallbäck, Henric",1870,6,41343,145.12734924896597
kraft,"Hallbäck, Henric",1880,5,32547,153.62398992226625
kraft,"Hallenborg, Carl",1890,3,36757,81.6171069456158
kraft,"Hallenborg, Eleonora Charlotta Filippina Fredrika Lovisa",1850,1,42335,23.62111727884729
kraft,"Hallgrén, Gustaf",1850,10,6983,1432.0492624946298
kraft,"Hallgrén, Gustaf",1860,16,8754,1827.7358921635823
kraft,"Hallin, Anders Herman",1850,1,10021,99.79044007584073
kraft,"Hallman, Axel",1860,24,82887,289.55083426834125
kraft,"Hallonlöf, Axel",1880,16,31567,506.8584281052998
kraft,"Hallonlöf, Axel",1890,3,14236,210.73335206518686
kraft,"Hallén, Birger",1890,4,59542,67.17946995398206
kraft,"Hamilton, Knut",1880,1,6337,157.80337699226763
kraft,"Hammargren, Tullius",1890,7,59915,116.83217892013685
kraft,"Hammarin, Johan",1840,9,415181,21.677292554331725
kraft,"Hammarsköld, Carin",1890,4,11361,352.08168295044453
kraft,"Hammarsköld, Lorenzo",1830,31,508812,60.926236016446154
kraft,"Hammarström, Anders August",1830,1,6874,145.47570555717195
kraft,"Hamsun, Knut",1900,1,48503,20.6172814052739
kraft,"Hanselli, Per",1840,24,54515,440.2458039071815
kraft,"Hanselli, Per",1860,19,62219,305.372956813835
kraft,"Hanselli, Per",1870,7,23686,295.5332263784514
kraft,"Hansson, Ola",1880,26,67109,387.4294058919072
kraft,"Hansson, Ola",1890,28,285053,98.22734719508301
kraft,"Hansson, Ola",1900,11,116294,94.58785491942835
kraft,"Hansson, Ola",1910,19,96845,196.18978780525583
kraft,"Hansson, Stina",1970,7,88498,79.09783271938349
kraft,"Hansén, M.",1880,4,13448,297.441998810232
kraft,"Harrison, Mary St. Leger Kingsley",1900,40,185623,215.49053727178205
kraft,"Hartelius, Truls Johan",1890,25,27321,915.0470334175177
kraft,"Hasselberg, Sofia",1860,8,9378,853.0603540200469
kraft,"Hasselgren, Andreas",1880,4,69844,57.270488517267054
kraft,"Hasselskog, Nils",1920,9,97366,92.43473080952283
kraft,"Hasselskog, Nils",1930,18,157959,113.95362087630335
kraft,"Hauptmann, Gerhart",1910,3,26163,114.66574934067194
kraft,"Hazelius, Artur",1870,14,77745,180.07588912470254
kraft,"Hebbe, Wendela",1840,11,82219,133.78902686726911
kraft,"Hebbe, Wendela",1850,31,113835,272.3239776870031
kraft,"Hebbe, Wendela",1870,9,71145,126.5022137887413
kraft,"Hebbe, Wendela",1880,7,20296,344.8955459203784
kraft,"Hedberg, Frans",1850,36,181657,198.17568274275146
kraft,"Hedberg, Frans",1860,35,75621,462.8343978524484
kraft,"Hedberg, Frans",1870,35,470045,74.46095586592773
kraft,"Hedberg, Frans",1880,36,397363,90.59726245271955
kraft,"Hedberg, Frans",1890,87,782051,111.24594176083146
kraft,"Hedberg, Frans",1910,3,74225,40.41764904008083
kraft,"Hedberg, John",1890,12,30794,389.6863025264662
kraft,"Hedberg, Tor",1880,47,214965,218.64024376061218
kraft,"Hedberg, Tor",1890,84,250637,335.1460478700272
kraft,"Hedborn, Samuel",1830,21,62846,334.15014479839607
kraft,"Hedenstierna, Alfred",1880,57,469833,121.31970295828518
kraft,"Hedenstierna, Alfred",1890,182,880308,206.7458207809085
kraft,"Hedenstierna, Alfred",1900,18,87712,205.21707406056183
kraft,"Hedin, Greta",1920,90,161322,557.8904303194853
kraft,"Hedin, Sven",1880,27,147501,183.04960644334614
kraft,"Hedin, Sven",1890,92,509247,180.6588944068399
kraft,"Hedin, Sven",1900,158,790072,199.98177381301957
kraft,"Hedin, Sven",1910,156,851315,183.2459195479934
kraft,"Hedin, Sven",1920,2,33907,58.98487038074734
kraft,"Hedlund, Henrik",1870,1,4983,200.6823198876179
kraft,"Hedlund, Sven Adolf",1850,11,49090,224.0782236708087
kraft,"Hedvall, Yngve",1910,25,59400,420.8754208754209
kraft,"Hedvall, Yngve",1920,32,71320,448.681996634885
kraft,"Hedvall, Yngve",1930,7,77482,90.34356366639994
kraft,"Hedvall, Yngve",1940,9,58997,152.5501296676102
kraft,"Hedvig Elisabet Charlotta, hertiginna och drottning av Sverige",1890,4,40241,99.4011083223578
kraft,"Hedvig Elisabet Charlotta, hertiginna och drottning av Sverige",1900,36,842659,42.72190767558407
kraft,"Heidenstam, Verner von",1880,7,140250,49.91087344028521
kraft,"Heidenstam, Verner von",1890,39,358205,108.87620217473234
kraft,"Heidenstam, Verner von",1900,71,415213,170.99657284333583
kraft,"Heidenstam, Verner von",1910,14,146544,95.5344469920297
kraft,"Helgeson, Paulina",2010,2,17088,117.04119850187266
kraft,"Hellberg, Johan Carl",1830,11,13714,802.1000437509115
kraft,"Hellberg, Johan Carl",1860,3,16193,185.2652380658309
kraft,"Hellborg, Ernst",1890,16,10532,1519.1796429927838
kraft,"Heller, Frank",1910,30,548425,54.70210147239823
kraft,"Heller, Frank",1920,3,86463,34.69692238298463
kraft,"Heller, Frank",1930,5,50506,98.9981388349899
kraft,"Helvig, Amalia von",1910,31,77907,397.91032898199137
kraft,"Hemgren, Karl",1880,6,21800,275.22935779816515
kraft,"Hemmer, Jarl",1910,8,37201,215.04798258111342
kraft,"Hemmer, Jarl",1920,9,13940,645.6241032998565
kraft,"Henricsson, John August Wilhelm",1860,6,17862,335.9086328518643
kraft,"Henriksson, Johannes",1880,3,37053,80.96510404015869
kraft,"Henriksson, Johannes",1910,12,38117,314.8201589841803
kraft,"Hermelin, Eric",1930,23,18325,1255.1159618008185
kraft,"Hermelin, Eric",1940,2,16326,122.50398137939483
kraft,"Hermelin, Olof, d. y.",1880,4,22059,181.3318826782719
kraft,"Hermelin, Olof, d. y.",1890,2,20552,97.31413001167769
kraft,"Hernlund, Hugo",1880,91,139274,653.3882849634533
kraft,"Herslow, G. A.",1870,38,60794,625.061683718788
kraft,"Hertzberg, Rafaël",1870,6,61905,96.9227041434456
kraft,"Hertzberg, Rafaël",1880,22,134808,163.19506260756037
kraft,"Hertzberg, Rafaël",1890,32,80979,395.164178367231
kraft,"Hessling, Carl Fredrik",1860,3,13779,217.72262138036143
kraft,"Heurgren, Paul",1920,13,92804,140.08016895823457
kraft,"Hildebrand, Albin",1880,27,88952,303.5344905117367
kraft,"Hildebrand, Hans",1870,8,38520,207.68431983385256
kraft,"Hjelm, Runo",1890,35,223295,156.74332161490406
kraft,"Hjelmqvist, Theodor",1890,7,8288,844.5945945945946
kraft,"Hjerta, Gustaf",1830,3,7944,377.64350453172204
kraft,"Hjohlman, Hjalmar",1880,7,55038,127.18485410080308
kraft,"Hjorth, Ellis",1890,17,52329,324.8676642014944
kraft,"Hjärne, Christina Charlotta",1880,1,12731,78.54842510407666
kraft,"Hjärne, Rudolf",1850,64,128403,498.43072202362873
kraft,"Hjärne, Rudolf",1880,26,41664,624.0399385560676
kraft,"Hodell, Frans",1870,3,24103,124.46583412853172
kraft,"Hofberg, Herman",1880,6,45866,130.81585488161164
kraft,"Hofberg, Herman",1900,299,1537883,194.4231128115728
kraft,"Hoff, Johan Otto",1880,12,34340,349.44670937682
kraft,"Hoffmann, Franz",1870,30,154897,193.67708864600348
kraft,"Hofsten, Johanna Christina von",1860,40,122729,325.9213388848601
kraft,"Hofsten, Johanna Christina von",1870,15,58804,255.08468811645466
kraft,"Hofsten, Johanna Christina von",1880,80,388457,205.94300012614008
kraft,"Hofsten, Johanna Christina von",1890,70,231568,302.2870172044497
kraft,"Hollander, Sven August",1840,10,45539,219.59199806759042
kraft,"Hollertz, Johan Peter",1850,8,27149,294.67015359681756
kraft,"Hollgren, Carl Axel",1880,13,49840,260.8346709470305
kraft,"Holm, Nils",1890,2,5661,353.29447094152977
kraft,"Holmberg, Axel Emanuel",1840,9,96806,92.96944404272462
kraft,"Holmberg, Fredrik",1850,1,5279,189.42981625307823
kraft,"Holmberg, Hulda",1890,2,20994,95.2653138992093
kraft,"Holmberg, Teodor",1890,75,91248,821.9358232509205
kraft,"Holmes, Ludvig",1890,29,57410,505.13847761713987
kraft,"Holmgren, Ann Margret",1890,27,122587,220.2517395808691
kraft,"Holmgren, Ann Margret",1910,1,1805,554.016620498615
kraft,"Holmgren, Frithiof",1870,1,300,3333.3333333333335
kraft,"Holmgren, Frithiof",1880,54,42676,1265.3482050801388
kraft,"Holmgren, Frithiof",1890,132,64314,2052.430264017166
kraft,"Holmkvist, Albert",1890,9,78188,115.10717757200594
kraft,"Holmström, C. F. A.",1840,10,34162,292.7229084948188
kraft,"Holmström, C. F. A.",1850,22,65921,333.73280138347417
kraft,"Holtz, Hildegard",1880,4,11791,339.2417945890934
kraft,"Hortling, Ivar",1920,11,31979,343.975734075487
kraft,"Hoving, Folke",1910,2,19414,103.01844030081385
kraft,"Hoving, Isac Wilhelm",1830,1,17466,57.25409366769724
kraft,"Huldberg, Pehr Ulric",1830,2,16638,120.20675561966583
kraft,"Hultgren, Gustaf",1880,1,8277,120.81672103419113
kraft,"Hultgren, Gustaf",1890,10,48208,207.4344507135745
kraft,"Hultgren, Gustaf Mikael",1880,11,3771,2916.998143728454
kraft,"Hultgren, Johan Enoch",1880,5,19571,255.48004700832865
kraft,"Hulth, Johan",1880,11,14759,745.3079476929331
kraft,"Hulthén, Joh.",1890,1,1443,693.000693000693
kraft,"Hultin, Constance",1840,72,211848,339.86631924776253
kraft,"Hultin, Måns",1870,24,104686,229.2570162199339
kraft,"Humble, Julius",1870,24,29616,810.3727714748784
kraft,"Huss, Elvira",1870,4,43491,91.97305189579453
kraft,"Hvalgren, Emanuel",1880,30,26650,1125.703564727955
kraft,"Hwasser, Daniel",1840,4,3417,1170.617500731636
kraft,"Hwasser, Daniel",1860,3,5750,521.7391304347826
kraft,"Hwasser, Israel",1840,177,91310,1938.4514291972403
kraft,"Hwasser, Israel",1850,174,59854,2907.073879774117
kraft,"Hydén, Nils",1890,56,324254,172.70411467553214
kraft,"Hydén, Nils",1900,50,276435,180.87434659142295
kraft,"Hyltén-Cavallius, Gunnar Olof",1850,2,70910,28.20476660555634
kraft,"Hyltén-Cavallius, Gunnar Olof",1870,1,52589,19.015383445207174
kraft,"Hyltén-Cavallius, Gunnar Olof",1920,44,324027,135.7911532063686
kraft,"Hyvönen, Kristina",1880,5,7239,690.7031357922365
kraft,"Hägerström, Axel",1890,19,63718,298.18889481779087
kraft,"Hällgren, Andreas Gustaf",1860,1,2090,478.4688995215311
kraft,"Hässler, Otto",1880,70,401643,174.2841279444681
kraft,"Hässler, Wiktor",1890,2,3191,626.7627702914447
kraft,"Häthén, Johan Anselm",1890,13,100609,129.21309226808734
kraft,"Håhl, Johan Isaac",1840,35,366984,95.37200531903298
kraft,"Hård af Segerstad, Carl Gustaf Albrekt",1870,6,17574,341.4134516899966
kraft,"Hærén, Mortimer",1860,12,41076,292.141396435875
kraft,"Högberg, Johan Daniel",1840,4,17699,226.00146900954857
kraft,"Högberg, Olof",1900,30,342748,87.52786303639992
kraft,"Höggren, Fanchette",1840,12,117916,101.76735981546186
kraft,"Höglund, Hjalmar",1900,24,52771,454.7952473896648
kraft,"Högman, August",1890,52,82592,629.6009298721426
kraft,"Högström, Erik",1850,3,10157,295.3628039775524
kraft,"Högström, Erik",1900,4,11663,342.9649318357198
kraft,"Höijer, Benjamin",1790,24,41778,574.4650294413327
kraft,"Höijer, Johan Leonard",1840,12,52050,230.54755043227667
kraft,"Höijer, Johan Leonard",1870,6,6841,877.06475661453
kraft,"Höpken, Anders Johan von",1890,49,464542,105.48023644794227
kraft,"Hörlin, Hugo",1890,5,27886,179.30144158359033
kraft,"Hülphers, Abraham Abrahamsson",1880,1,59439,16.823970793586703
kraft,"Ibsen, Henrik",1870,26,72335,359.4387226100781
kraft,"Ibsen, Henrik",1880,15,60874,246.41061865492657
kraft,"Ibsen, Henrik",1900,3,39593,75.77096961584118
kraft,"Idman, Carl Johan",1850,6,12060,497.5124378109453
kraft,"Idström, Ellen",1890,20,240165,83.27608102762684
kraft,"Indebetou, Axel",1870,3,3649,822.1430528912031
kraft,"Indebetou, Hedvig",1880,2,22076,90.59612248595761
kraft,"Indebetou, Hedvig",1890,21,50169,418.5851820845542
kraft,"Indebetou, Johan Govert",1830,12,39103,306.8818249239189
kraft,"Ingelius, Axel Gabriel",1840,16,41837,382.4365991825418
kraft,"Ingelius, Axel Gabriel",1850,81,364678,222.11375514837746
kraft,"Ingelman, Georg Gabriel",1820,10,22895,436.7765887748417
kraft,"Ingelman, Georg Gabriel",1830,66,88369,746.8682456517557
kraft,"Ingelman, Georg Gabriel",1840,49,55592,881.4217873075263
kraft,"Iser, Carl",1800,2,13308,150.28554253080853
kraft,"Ivendorff, Carl Johan",1840,10,78318,127.68456804310631
kraft,"Jacobson, Harald",1890,62,68191,909.210892933085
kraft,"Jacobsson, Christoffer Fritz",1820,11,11054,995.114890537362
kraft,"Jacobsson, Christoffer Fritz",1830,24,83746,286.58085162276404
kraft,"Jacobsson, Jacob Thimoteus",1870,1,854,1170.96018735363
kraft,"Jacobsson, Jacob Thimoteus",1880,50,49694,1006.1576850323983
kraft,"Jaenzon, Anders Peter",1890,1,5584,179.0830945558739
kraft,"Jahnsson, Evald Ferdinand",1870,25,87315,286.3196472541946
kraft,"Jahnsson, Evald Ferdinand",1880,13,51233,253.7427048972342
kraft,"Jakobsson, Aug.",1890,3,4632,647.6683937823834
kraft,"James, D.",1880,75,311224,240.98398581086292
kraft,"Janson, Betty",1880,13,54576,238.19994136616828
kraft,"Janson, Betty",1890,55,177288,310.22968277604804
kraft,"Janson, Betty",1900,29,69266,418.67582941125517
kraft,"Janson, Gustaf",1890,50,218309,229.03315942082094
kraft,"Janzon, Gustaf",1850,17,37302,455.7396386252748
kraft,"Jensen, Alfred",1890,6,26471,226.66314079558762
kraft,"Johanson, Klara",1890,3,8881,337.7997973201216
kraft,"Johanson, Klara",1900,13,75519,172.14210993259974
kraft,"Johanson, Klara",1920,11,80164,137.21870166159374
kraft,"Johanson, Klara",1940,25,104609,238.98517335984477
kraft,"Johanson, Olle",1880,5,9165,545.5537370430987
kraft,"Johanson, Per Johan",1850,1,9878,101.23506782749544
kraft,"Johansson, Anna Mathilda Cecilia Johannesdotter",1900,3,13703,218.93016127855213
kraft,"Johansson, Johannes",1860,5,5347,935.1037965214139
kraft,"Johansson, Johannes",1870,23,31074,740.1686297225976
kraft,"Johansson, Johannes",1900,89,41303,2154.807156865119
kraft,"Johansson, Konrad",1900,19,13105,1449.8283098054178
kraft,"Johansson, Strickert",1870,1,19789,50.53312446308555
kraft,"Johansson-Dickens, Sven Johan Julius",1870,10,79768,125.36355430749173
kraft,"Johnson, Charles Fredrick",1870,1,14374,69.57005704744678
kraft,"Johnson, John",1880,29,222048,130.60239227554402
kraft,"Johnson, John",1890,78,394527,197.70510003117658
kraft,"Johnson, John",1900,21,78583,267.23337108534923
kraft,"Jolin, Ellen",1910,16,82543,193.83836303502417
kraft,"Jolin, Johan",1860,48,247825,193.68506002219308
kraft,"Jolin, Johan",1870,66,380713,173.35893442041643
kraft,"Jolin, Johan",1880,52,261141,199.12614258197678
kraft,"Jolin, Johan",1890,55,451682,121.76708392187425
kraft,"Jolin, Johan",1920,15,87109,172.19805071806587
kraft,"Jonsson, Hans Jonas Bernhard",1890,9,6420,1401.8691588785048
kraft,"Jonsson, Thorsten",1930,20,73758,271.1570270343556
kraft,"Jonsson, Thorsten",1940,13,146692,88.62105636299185
kraft,"Jonsson, Thorsten",1950,15,90936,164.9511744523621
kraft,"Josephson, Ernst",1880,1,6079,164.50074025333114
kraft,"Josephson, Ernst",1890,2,16595,120.51822838204278
kraft,"Josephson, Ludvig",1870,18,40868,440.4423999216991
kraft,"Josephson, Ludvig",1890,33,93878,351.52005794754893
kraft,"Juhler, Charlotta Amalia",1860,4,27035,147.95635287590162
kraft,"Junghans, Sofie",1870,13,95748,135.77307097798388
kraft,"Juringius, Johan Paul",1850,4,9676,413.39396444811905
kraft,"Juringius, Sofia Maria",1860,34,123470,275.37053535271724
kraft,"Jäderin, Axel",1870,10,19157,522.0024012110456
kraft,"Jäderin, Axel",1890,4,61888,64.63288521199587
kraft,"Jändel, Ragnar",1910,8,15252,524.5213742460005
kraft,"Jändel, Ragnar",1920,46,154340,298.04328106777245
kraft,"Jändel, Ragnar",1930,5,70595,70.82654578936186
kraft,"Järta, Hans",1840,2,11475,174.29193899782135
kraft,"Järta, Hans",1890,29,118096,245.56293185205257
kraft,"Jænisch, Alexander",1890,20,97007,206.17068871318565
kraft,"Kahlson, Gustaf",1850,1,857,1166.8611435239206
kraft,"Kahlson, Gustaf",1860,4,4962,806.1265618702137
kraft,"Kahlson, Gustaf",1880,11,13414,820.0387654689131
kraft,"Kamke, Hanna",1890,7,76341,91.6938473428433
kraft,"Kantzow, Edvard Bosanquet S:t George de",1890,5,18050,277.0083102493075
kraft,"Karadja, Mary",1890,8,19192,416.84035014589415
kraft,"Karadja, Mary",1900,8,15322,522.1250489492234
kraft,"Karl XI, kung av Sverige",1900,1,40516,24.68160726626518
kraft,"Karl XV, kung av Sverige",1850,31,22435,1381.7695564965456
kraft,"Karl XV, kung av Sverige",1860,38,44780,848.5931219294328
kraft,"Karlfeldt, Erik Axel",1890,4,20897,191.4150356510504
kraft,"Karlfeldt, Erik Axel",1900,3,22250,134.8314606741573
kraft,"Karlfeldt, Erik Axel",1910,12,48090,249.53212726138491
kraft,"Karlfeldt, Erik Axel",1920,12,50763,236.39264818864135
kraft,"Karlfeldt, Erik Axel",1930,20,51894,385.4010097506455
kraft,"Kellgren, Johan Henric",1780,5,19480,256.6735112936345
kraft,"Kellgren, Johan Henric",1790,2,12799,156.26220798499884
kraft,"Kellmodin, Frithiof",1860,16,16083,994.8392712802338
kraft,"Kellmodin, Frithiof",1870,14,32799,426.84228177688345
kraft,"Kerfstedt, Amanda",1880,72,368134,195.58095693415984
kraft,"Kerfstedt, Amanda",1890,43,240721,178.63003227803142
kraft,"Kerfstedt, Amanda",1900,17,63300,268.56240126382306
kraft,"Kerfve, Axel",1890,186,948369,196.12619138752953
kraft,"Kerfve, Axel",1900,64,445915,143.52511128802576
kraft,"Kernell, Samuel Erik",1830,10,14234,702.543206407194
kraft,"Key, Ellen",1880,32,45847,697.9736951163653
kraft,"Key, Ellen",1890,187,267625,698.738907052779
kraft,"Key, Ellen",1900,109,187000,582.8877005347593
kraft,"Key, Ellen",1910,27,17168,1572.6933830382106
kraft,"Key, Emil",1840,1,6775,147.60147601476015
kraft,"Key, Gustaf",1870,6,11058,542.5935973955508
kraft,"Key, Gustaf",1880,2,9867,202.6958548697679
kraft,"Key, Helmer",1890,6,27372,219.20210434020166
kraft,"Key-Rasmussen, Hedda",1880,9,27816,323.55478861087147
kraft,"Key-Åberg, Karl",1890,4,5354,747.1049682480389
kraft,"Keyland, Nils",1910,30,313867,95.58188659527762
kraft,"Keyser, Hilda Fredrika",1850,35,124385,281.3844113036138
kraft,"Keyser, Hilda Fredrika",1870,48,178910,268.29131965792857
kraft,"Keyser, Hilda Fredrika",1890,21,75365,278.64393286008095
kraft,"Kiellman-Göranson, Julius Axel",1830,2,9099,219.80437410704474
kraft,"Kiellman-Göranson, Julius Axel",1840,139,519605,267.5108977011384
kraft,"Kiellman-Göranson, Julius Axel",1850,157,810772,193.64260235923294
kraft,"Kiellman-Göranson, Julius Axel",1860,101,607184,166.34166908218924
kraft,"Kiellman-Göranson, Julius Axel",1870,1,13598,73.54022650389763
kraft,"Kiellman-Göranson, Julius Axel",1880,2,24696,80.98477486232588
kraft,"Kierkegaard, Søren",1910,17,64948,261.7478598263226
kraft,"Kinberg, August",1870,3,7480,401.06951871657753
kraft,"Kinninmundt, Sophie Henriette",1840,1,14650,68.25938566552901
kraft,"Kipling, Rudyard",1890,34,136202,249.6292271772808
kraft,"Kipling, Rudyard",1900,13,172746,75.2549986685654
kraft,"Kipling, Rudyard",1910,6,25625,234.14634146341464
kraft,"Kjellander, Ernst Jonas Fredrik",1840,43,82121,523.6175886801184
kraft,"Kjellberg, Isidor",1860,10,26936,371.25037125037124
kraft,"Kjellberg, Isidor",1890,7,29378,238.27353802164885
kraft,"Kjellenberg, Matthias",1830,36,48016,749.7500833055648
kraft,"Kjellenberg, Matthias",1840,28,27576,1015.3756890049318
kraft,"Kjellgren, Josef",1930,71,289746,245.04220938339097
kraft,"Kjellin, Mårten Gustaf",1880,7,36119,193.80381516653284
kraft,"Kjellstedt, Harald",1880,2,12270,162.99918500407497
kraft,"Kjellstrand, Johan Fredrik",1850,1,12113,82.5559316436886
kraft,"Kjellén, Rudolf",1900,6,5302,1131.6484345529989
kraft,"Kjersén, Elis",1880,5,5723,873.6676568233444
kraft,"Kleen, Tyra",1900,15,48825,307.21966205837174
kraft,"Kleman, Anna",1900,2,6494,307.9765937788728
kraft,"Kleman, Ellen",1900,3,37650,79.6812749003984
kraft,"Klemming, Gustaf Edvard",1860,2,299847,6.6700684015514575
kraft,"Klemming, Gustaf Edvard",1880,39,373934,104.29648012750913
kraft,"Klinckowström, Axel",1890,21,50191,418.4017054850471
kraft,"Klinckowström, Rudolf Mauritz",1880,3,7751,387.04683266675266
kraft,"Klockhoff, Daniel",1870,70,161786,432.6703175800131
kraft,"Kléen, Emil",1890,15,91873,163.26886027450936
kraft,"Kléen, Emil",1900,6,17550,341.88034188034186
kraft,"Knorring, Sophie von",1830,62,396920,156.2027612617152
kraft,"Knorring, Sophie von",1840,103,899110,114.55772931009554
kraft,"Knutsson, Albertina",1890,8,10887,734.8213465601176
kraft,"Knutsson, Klas",1870,1,12371,80.83420903726457
kraft,"Knös, Thekla",1850,17,89603,189.72579043112395
kraft,"Knös, Thekla",1860,16,84970,188.30175356008002
kraft,"Koch, Ebba von",1890,8,57178,139.91395291895483
kraft,"Koch, Martin",1910,89,442498,201.13085256882516
kraft,"Koch, Richert von",1860,21,86347,243.204743650619
kraft,"Koch, Richert von",1870,17,43985,386.49539615778104
kraft,"Koch, Richert von",1890,54,423042,127.64690030777086
kraft,"Kock, Carl Anton",1830,9,8177,1100.6481594716888
kraft,"Kollander, Per M.",1870,9,12912,697.0260223048327
kraft,"Krok, Johan Peter",1830,20,155292,128.78963501017438
kraft,"Krona, Ola",1860,1,13911,71.88555819135935
kraft,"Kronqvist, Olivia",1880,15,12486,1201.3455069678039
kraft,"Krook, Axel",1850,7,75928,92.19260351912338
kraft,"Krook, Axel",1860,119,332147,358.27510108476065
kraft,"Krook, Axel",1880,15,97407,153.99303951461394
kraft,"Krook, Herman Salomon",1860,17,73168,232.34200743494424
kraft,"Krook, Max",1880,15,27655,542.3973964924968
kraft,"Krook, Nathalia",1890,1,6256,159.846547314578
kraft,"Kruse, Sigrid",1900,12,31330,383.0194701563996
kraft,"Krusenstjerna, Agnes von",1910,5,64716,77.26064651709005
kraft,"Krusenstjerna, Agnes von",1920,42,447382,93.87950342213142
kraft,"Krusenstjerna, Agnes von",1930,56,760190,73.66579407779633
kraft,"Krusenstjerna, Fredrik von",1870,21,31371,669.4080520225687
kraft,"Kræmer, Anders Robert von",1850,38,50978,745.4195927655066
kraft,"Kræmer, Anders Robert von",1860,6,22460,267.1415850400712
kraft,"Kræmer, Lotten von",1860,6,37797,158.74275736169537
kraft,"Kræmer, Lotten von",1870,15,44291,338.6692556049762
kraft,"Kræmer, Lotten von",1880,34,79117,429.7432915808233
kraft,"Kræmer, Lotten von",1890,32,78946,405.3403592328934
kraft,"Kræmer, Vera von",1930,14,269227,52.00072801019214
kraft,"Kröningssvärd, Gustaf Carl",1840,2,66986,29.856985041650493
kraft,"Kröningssvärd, Gustaf Carl",1850,3,5459,549.551199853453
kraft,"Kullberg, Carl A.",1850,30,49463,606.5139599296443
kraft,"Kullberg, Karl Anders af",1830,101,512752,196.97631603582238
kraft,"Kullberg, Karl Anders af",1840,143,708355,201.87617790514642
kraft,"Kullberg, Karl Anders af",1870,24,99840,240.3846153846154
kraft,"Kullgren, Karl E.",1860,3,10694,280.5311389564242
kraft,"Kullgren, Olga",1880,19,18644,1019.0946148895086
kraft,"Kuylenstierna-Wenster, Elisabeth",1890,12,86540,138.66420152530623
kraft,"Kuylenstierna-Wenster, Elisabeth",1900,8,45227,176.88548875671611
kraft,"Källström, Axel",1890,1,2723,367.2420124862284
kraft,"Kämpe, Alfred",1900,12,75362,159.23144290225844
kraft,"Kämpe, Alfred",1910,22,146622,150.0456957346101
kraft,"Kärrström, E. J.",1890,3,27653,108.48732506418834
kraft,"Kåhlman, Viktor",1900,4,12270,325.99837000814995
kraft,"Köhler, Emmy",1890,3,28008,107.11225364181662
kraft,"Lagerberg, Swen",1890,3,122556,24.478605698619408
kraft,"Lagerbring, Gustaf",1880,14,103862,134.79424621131886
kraft,"Lagerfelt, Märta",1900,3,1118,2683.3631484794278
kraft,"Lagergren, Carl",1880,1,16540,60.45949214026602
kraft,"Lagergren, Claes",1880,3,15498,193.57336430507164
kraft,"Lagergren, Claes",1890,4,19250,207.7922077922078
kraft,"Lagerheim, Gustaf Adolf",1830,5,2539,1969.2792437967703
kraft,"Lagerhjelm, Agnes",1870,7,47239,148.18264569529416
kraft,"Lagerlöf, Erland",1890,1,15250,65.57377049180327
kraft,"Lagerlöf, Hedvig",1890,5,54809,91.2258935576274
kraft,"Lagerlöf, Hedvig",1900,4,30089,132.93894778822826
kraft,"Lagerlöf, Selma",1890,117,695774,168.15805132126238
kraft,"Lagerlöf, Selma",1900,103,1232026,83.6021317731931
kraft,"Lagerlöf, Selma",1910,103,705812,145.93121114404403
kraft,"Lagerlöf, Selma",1920,52,391795,132.72246965887774
kraft,"Lagerlöf, Selma",1930,107,650198,164.5652555067841
kraft,"Lagerlöf, Selma",1940,52,311149,167.12250400933314
kraft,"Lagerlöf, Selma",2010,70,232916,300.53753284445895
kraft,"Lagerlöw, Emil",1870,1,11005,90.86778736937755
kraft,"Lagerman, J.",1870,3,22871,131.17047789777448
kraft,"Lagerström, Selma",1890,6,15092,397.56162205141794
kraft,"Lagervall, Gustaf Fredrik",1850,2,34850,57.38880918220947
kraft,"Lagervall, Jacob Fredrik",1830,16,21288,751.597143930853
kraft,"Lagus, Aina",1880,15,9653,1553.921060810111
kraft,"Lagus, Aina",1890,7,8797,795.7258156189611
kraft,"Lagus, Gabriel",1860,21,45573,460.79915739582646
kraft,"Lagus, Gabriel",1870,20,18033,1109.0778018077967
kraft,"Lagus, Gabriel",1890,6,18098,331.52834567355507
kraft,"Lallerstedt, Anders",1740,2,13495,148.20303816228233
kraft,"Lamberg, Adalbert",1870,2,1754,1140.2508551881415
kraft,"Lamm, Gustaf M.",1890,4,10267,389.59774033310606
kraft,"Lamm, Martin",1940,33,213547,154.53272581679911
kraft,"Landahl, Martin",1890,12,88594,135.44935322933833
kraft,"Landahl, Martin",1900,16,58151,275.1457412598236
kraft,"Landberg, Carlo",1900,9,10740,837.9888268156425
kraft,"Landquist, Ellen",1910,12,44571,269.2333580130578
kraft,"Landqvist, Rudolf",1890,5,38814,128.81949811923533
kraft,"Lange, Ina",1880,18,120439,149.45325019304377
kraft,"Langlet, Mathilda",1870,2,24016,83.27781479013991
kraft,"Langlet, Mathilda",1890,61,538116,113.35845802763717
kraft,"Langlet, Mathilda",1900,11,168555,65.26059743110558
kraft,"Lannerstjerna, Johan Magnus",1860,8,42628,187.67007600638078
kraft,"Larsson, Carl",1910,2,25360,78.86435331230284
kraft,"Larsson, Carl",1930,13,81129,160.23863230164307
kraft,"Larsson, Gustaf",1840,1,742,1347.7088948787061
kraft,"Larsson, Hans",1890,10,56630,176.58484901995408
kraft,"Larsson, Hans",1910,8,75570,105.86211459573904
kraft,"Larsson, Leon",1900,6,11555,519.2557334487235
kraft,"Laula, Elsa",1900,1,4859,205.80366330520684
kraft,"Laurin, Carl G.",1920,12,33112,362.406378352259
kraft,"Laurén, Ludvig Leonard",1860,7,31155,224.68303643074947
kraft,"Laurén, Ludvig Leonard",1880,10,33260,300.6614552014432
kraft,"Laurén, Ludvig Leonard",1890,6,7660,783.289817232376
kraft,"Lavater, Johann Caspar",1800,3,11540,259.96533795493934
kraft,"Leczinsky, Sigismund Septimus Stanislaus",1870,3,8685,345.4231433506045
kraft,"Leffler, Anne Charlotte",1860,2,31293,63.91205700955485
kraft,"Leffler, Anne Charlotte",1880,26,282798,91.93841540604954
kraft,"Leffler, Anne Charlotte",1890,29,169179,171.4160740990312
kraft,"Leijonhufvud, Gustaf Carlsson",1880,7,7804,896.9759097898514
kraft,"Leijonhufvud, Sigrid",1890,4,114591,34.9067553298252
kraft,"Leijonstedt, Anders",1880,1,8069,123.93109431156277
kraft,"Leistenius, Jacob Gabriel",1840,3,28665,104.65724751439038
kraft,"Leistenius, Jacob Gabriel",1850,5,17555,284.8191398461977
kraft,"Leistenius, Jacob Gabriel",1880,17,104877,162.09464420225598
kraft,"Lenngren, Anna Maria",1840,7,51166,136.80960012508305
kraft,"Lennstrand, Viktor E.",1880,66,72489,910.4829698299052
kraft,"Leopold, Carl Gustaf af",1800,4,5628,710.7320540156361
kraft,"Leufstedt, Gustaf Joakim",1870,23,99897,230.23714425858634
kraft,"Levart, Johan",1890,15,74990,200.02667022269637
kraft,"Levedal, Anton",1880,1,5630,177.61989342806393
kraft,"Levertin, Oscar",1880,32,129322,247.4443636813535
kraft,"Levertin, Oscar",1890,74,282783,261.684754741268
kraft,"Levertin, Oscar",1900,28,151708,184.56508555910037
kraft,"Levin, August Henrik",1830,7,21888,319.8099415204678
kraft,"Levin, August Henrik",1840,8,17464,458.0852038479157
kraft,"Levin, Carl Herman",1840,17,48113,353.33485752291483
kraft,"Lewald, August",1880,34,91769,370.49548322418246
kraft,"Lewenhaupt, Adam",1920,6,1160323,5.170973944324124
kraft,"Lidback, Paul Gustaf Andreios",1840,76,90611,838.7502621094569
kraft,"Lidforss, Bengt",1910,9,19597,459.25396744399654
kraft,"Lidholm, Alfred",1880,2,11631,171.95426016679562
kraft,"Lidholm, Alfred",1890,1,24597,40.65536447534252
kraft,"Liebesheim, J. R.",1870,2,10913,183.26766242096582
kraft,"Liedbeck, Carl Harald",1880,6,18771,319.642000958926
kraft,"Liedbeck, Jetta",1840,15,25121,597.1099876597269
kraft,"Liefde, Jan de",1850,6,25889,231.7586619799915
kraft,"Lilja, Nils",1830,36,41689,863.5371440907674
kraft,"Lilja, Nils",1840,11,39650,277.42749054224464
kraft,"Lilja, Nils",1860,7,22208,315.20172910662825
kraft,"Lilliecrona, Casper Henning",1890,9,9556,941.816659690247
kraft,"Lilliestierna, August Edvard",1870,9,83278,108.07175964840654
kraft,"Lilljebjörn, Elisabeth",1890,6,48109,124.71678895840695
kraft,"Limborg, Ossian",1870,1,12632,79.16402786573781
kraft,"Limborg, Ossian",1880,26,129747,200.38998974928128
kraft,"Linck, Emma Elisabeth",1870,63,182760,344.7143795141169
kraft,"Linck, Josef",1880,7,34819,201.03966225336742
kraft,"Lind, Carl",1900,34,116442,291.9908624036001
kraft,"Lind, Erik Henrik",1920,2,224146,8.922755703871584
kraft,"Lindahl, Sven Peter August",1880,5,21318,234.54357819682897
kraft,"Lindberg, Erik Magnus",1860,4,17659,226.51339260433772
kraft,"Lindberg, Otto Emil",1890,6,29295,204.8131080389145
kraft,"Lindberg, Per",1910,26,44435,585.1243389220209
kraft,"Lindberg, Per",1920,15,49918,300.4928082054569
kraft,"Lindberg, Per",1930,53,101976,519.7301325802149
kraft,"Lindberg, Per",1940,136,328375,414.1606395127522
kraft,"Lindblad, Adolf",1890,22,27336,804.7995317529997
kraft,"Lindblad, Elis Wilhelm",1860,37,64657,572.2504910527863
kraft,"Lindblad, Elis Wilhelm",1870,7,14439,484.7981162130341
kraft,"Lindblad, Johan Michael",1840,10,33137,301.7774692941425
kraft,"Lindblad, Johan Michael",1850,28,73287,382.059574003575
kraft,"Lindblom, Edel",1880,9,45315,198.60973187686196
kraft,"Lindblom, Edel",1890,9,48673,184.90744355186655
kraft,"Lindbäck, Olof",1870,31,26587,1165.9833753338098
kraft,"Lindeberg, Anders",1810,15,11780,1273.3446519524618
kraft,"Lindeberg, Anders",1830,256,408679,626.4085015378818
kraft,"Lindeberg, Maria",1840,1,778,1285.3470437017995
kraft,"Lindeblad, Assar",1820,2,8245,242.5712553062462
kraft,"Lindeblad, Assar",1830,19,44913,423.04009974840244
kraft,"Lindeblad, Assar",1840,18,28312,635.7728171799944
kraft,"Lindeblad, Assar",1850,14,34538,405.35062829347385
kraft,"Lindell, Olof",1870,1,7718,129.5672454003628
kraft,"Linder, Marie",1860,26,52998,490.58455036039095
kraft,"Linder, Nils",1900,1,19886,50.286633812732575
kraft,"Linder, Sten",1930,74,185504,398.9132309815422
kraft,"Linderman, Zenaida",1890,13,37390,347.68654720513507
kraft,"Lindfors, Otto",1880,25,55970,446.6678577809541
kraft,"Lindfors, Otto",1890,2,12723,157.19562996148707
kraft,"Lindgren, Hellen",1890,14,42817,326.9729313123292
kraft,"Lindgren, Ida",1910,6,41886,143.2459533018192
kraft,"Lindgren, Martin",1870,21,105917,198.26845548873175
kraft,"Lindgren, Selma Theodora",1880,3,13633,220.05428005574709
kraft,"Lindh, Theodor",1860,14,48038,291.43594654232066
kraft,"Lindh, Theodor",1870,9,43175,208.45396641574985
kraft,"Lindholm, Charlotte",1880,10,12619,792.4558205880022
kraft,"Lindholm, Charlotte",1890,5,9804,509.99592003263973
kraft,"Lindholm, Fredrik",1880,22,183182,120.0991363780284
kraft,"Lindholm, Fredrik",1890,19,105945,179.33833592901976
kraft,"Lindholm, Per August",1880,7,178880,39.13237924865832
kraft,"Lindholm, Per August",1890,27,252561,106.9048665470916
kraft,"Lindholm, Per August",1900,7,47581,147.11754691998908
kraft,"Lindholm, Valdemar",1900,54,52482,1028.924202583743
kraft,"Lindholm, Valdemar",1920,10,32968,303.3244358165494
kraft,"Lindhé, Wilma",1880,95,278057,341.6565668190335
kraft,"Lindhé, Wilma",1890,73,216303,337.489540135828
kraft,"Lindhé, Wilma",1900,35,131308,266.54887744844183
kraft,"Lindkvist, Alfred",1880,15,141703,105.8552041946889
kraft,"Lindman, Elof M.",1870,2,14871,134.48994687647098
kraft,"Lindman, Volmar",1880,3,16852,178.02041300735817
kraft,"Lindman, Volmar",1890,36,85663,420.2514504511866
kraft,"Lindorm, Erik",1910,2,10337,193.47973299796845
kraft,"Lindorm, Erik",1930,8,39877,200.6168969581463
kraft,"Lindorm, Erik",1940,5,30602,163.38801385530357
kraft,"Lindqvist, Fredrika Lovisa",1830,4,20239,197.63822323237315
kraft,"Lindqvist, Gustaf",1890,8,44200,180.99547511312218
kraft,"Lindqvist, Gustaf",1900,7,43779,159.89401311130908
kraft,"Lindqvist, Josef",1870,48,253336,189.4716897716866
kraft,"Lindqvist, Josef",1880,83,479767,173.00064406263874
kraft,"Lindqvist, Märta",1930,15,63252,237.14665148928097
kraft,"Lindqvist, Thure",1880,2,9924,201.53164046755342
kraft,"Lindqvist, Thure",1890,4,6579,607.9951360389117
kraft,"Lindqvist, Uno Leopold",1840,170,90064,1887.546633505063
kraft,"Lindskoug, Anders",1880,3,28229,106.27369017676857
kraft,"Lindstedt, Sofi",1900,4,2511,1592.9908403026682
kraft,"Lindström, Johan Gabriel",1860,1,2032,492.12598425196853
kraft,"Lindström, Lars",1860,3,2181,1375.515818431912
kraft,"Lindström, Sigfrid",1920,13,61228,212.3211602534788
kraft,"Lindström, Sigfrid",1930,6,53703,111.72560192168035
kraft,"Ling, Per Henrik",1860,346,492118,703.0834068251924
kraft,"Linnarsson, Linnar",1940,12,151108,79.41339968764063
kraft,"Linnarsson, Linnar",1950,29,276292,104.96141763062268
kraft,"Linnarsson, Linnar",1960,15,72719,206.27346360648525
kraft,"Linnerhielm, Jonas Carl",1790,9,102948,87.42277654738315
kraft,"Linnerhielm, Jonas Carl",1800,4,76006,52.62742415072494
kraft,"Linnerhielm, Jonas Carl",1810,3,77357,38.78123505306566
kraft,"Lipmanson, Leopold",1870,1,2912,343.4065934065934
kraft,"Lithander, Johan Georg",1860,4,14842,269.50545748551406
kraft,"Ljungberg, Eva",1880,32,93279,343.0568509525188
kraft,"Ljungberg, Eva",1890,23,53793,427.5649248043426
kraft,"Ljungberg, Per Adolf",1880,27,171664,157.28399664460807
kraft,"Ljunggren, Albert Gustaf",1890,13,71879,180.85949999304387
kraft,"Ljunggren, Albert Gustaf",1900,4,27013,148.0768518861289
kraft,"Ljunggren, Algot",1880,4,5844,684.4626967830253
kraft,"Ljunggren, C. Aug.",1850,21,47444,442.6270972093415
kraft,"Ljunggren, Gustaf",1840,2,3762,531.632110579479
kraft,"Ljunggren, Gustaf",1860,24,225853,106.2638087605655
kraft,"Ljunggren, Gustaf",1870,213,582220,365.8410909965305
kraft,"Ljunggren, Gustaf",1880,126,589132,213.8739705193403
kraft,"Ljunggren, Gustaf",1890,150,508881,294.764394819221
kraft,"Ljunglöf, Emanuel",1890,8,15564,514.0066820868672
kraft,"Ljungqvist, K. O.",1860,8,12633,633.2620913480566
kraft,"Ljungstedt, Aurora",1850,21,98506,213.18498365581792
kraft,"Ljungstedt, Aurora",1860,72,448769,160.43888949548653
kraft,"Ljungstedt, Aurora",1870,279,1582446,176.30933377821424
kraft,"Ljungstedt, Aurora",1880,27,180889,149.26280757812802
kraft,"Lloyd, Llewellyn",1870,12,136804,87.7167334288471
kraft,"Londen, Lilly",1890,18,70211,256.3700844597
kraft,"Lovisin, Carl G. G.",1800,7,42096,166.28658304827061
kraft,"Lovén, Nils",1830,10,19487,513.1626212346692
kraft,"Lund, Sigurd",1880,22,19330,1138.1272633212623
kraft,"Lundberg, A. G.",1880,1,2144,466.4179104477612
kraft,"Lundberg, Emilie",1880,5,93190,53.653825517759415
kraft,"Lundberg, Johan Fredrik",1900,4,7065,566.1712668082095
kraft,"Lundberg, Theo",1900,12,10154,1181.8002757533977
kraft,"Lundberg-Nyblom, Ellen",1890,17,9358,1816.6274845052362
kraft,"Lundblad, Ernst",1880,5,19086,261.972126165776
kraft,"Lundeberg, Amalia",1840,2,1930,1036.2694300518135
kraft,"Lundeblom, Richard",1870,8,10847,737.531114593897
kraft,"Lundeblom, Richard",1880,13,26248,495.27583053946967
kraft,"Lundeblom, Richard",1890,38,84549,449.44351795999955
kraft,"Lundegård, Axel",1880,32,97327,328.78851706104166
kraft,"Lundegård, Axel",1890,234,663851,352.4887361772446
kraft,"Lundegård, Axel",1900,63,168216,374.5184762448281
kraft,"Lundegård, Axel",1910,16,42428,377.1094560196097
kraft,"Lundegård, Axel",1920,7,26090,268.30203142966656
kraft,"Lundegård, Karl",1890,9,24607,365.7495834518633
kraft,"Lundequist, Nils Wilhelm",1830,27,65002,415.3718347127781
kraft,"Lundequist, Sophie",1890,21,33250,631.578947368421
kraft,"Lundgren, Alfred",1880,1,730,1369.86301369863
kraft,"Lundgren, Johan Erik",1840,2,12967,154.23768026528882
kraft,"Lundgren, Nils August",1890,6,13398,447.82803403493057
kraft,"Lundin, Anders",1880,25,117497,212.77138990782743
kraft,"Lundin, August",1890,12,59923,200.25699647881447
kraft,"Lundin, August",1900,7,71561,97.81864423359092
kraft,"Lundin, August",1910,6,68724,87.30574471800244
kraft,"Lundin, Claës",1860,3,54382,55.16531205178184
kraft,"Lundin, Claës",1870,56,282340,198.34242402776795
kraft,"Lundin, Claës",1880,33,223768,147.4741696757356
kraft,"Lundin, Claës",1890,10,69707,143.45761544751602
kraft,"Lundmark, Janne",1840,3,11704,256.32262474367735
kraft,"Lundquist, Aurora",1880,13,102112,127.3111877154497
kraft,"Lundquist, Aurora",1890,31,198157,156.4416094309058
kraft,"Lundquist, Ernst",1860,14,74630,187.5921211309125
kraft,"Lundquist, Ernst",1880,148,702213,210.76226159299245
kraft,"Lundquist, Ernst",1890,43,302445,142.17461025971664
kraft,"Lundquist, Ernst",1900,5,54560,91.64222873900293
kraft,"Lundqvist, Johan",1890,12,66266,181.0883409289832
kraft,"Lundstedt, Bernhard",1890,8,320955,24.925612624822794
kraft,"Lundstedt, Bernhard",1900,8,463808,17.24851662757003
kraft,"Lundström, A.",1870,1,11579,86.36324380343726
kraft,"Lundström, Enni",1910,3,31551,95.08414947228297
kraft,"Lundström, Georg",1880,4,72582,55.11008238957317
kraft,"Lundström, Ingeborg",1890,6,72982,82.21205228686526
kraft,"Lundström, Isidor",1870,2,31253,63.99385658976738
kraft,"Lundström, Mathilda",1860,112,273179,409.9875905541788
kraft,"Lundström, Mathilda",1870,10,86905,115.06817789540302
kraft,"Lundström, Vilhelm",1900,5,23072,216.7128987517337
kraft,"Lunell, Lars",1880,10,78551,127.30582678769207
kraft,"Lunell, Lars",1890,22,62226,353.54996303795843
kraft,"Lunell, Lars",1900,5,15275,327.33224222585926
kraft,"Lybeck, Mikael",1890,32,148910,214.8949029615204
kraft,"Lybeck, Mikael",1900,14,64352,217.55345599204375
kraft,"Lybeck, Mikael",1910,8,94744,84.43806467955754
kraft,"Lybeck, Mikael",1920,9,47287,190.32715122549538
kraft,"Lyckow, Gustaf",1890,5,43595,114.69205184080744
kraft,"Lydrikson, Albin",1890,6,6264,957.8544061302682
kraft,"Lysander, Albert Theodor",1850,1,542,1845.018450184502
kraft,"Lysander, Albert Theodor",1870,6,41900,143.1980906921241
kraft,"Läffler, Frits",1880,3,2263,1325.6738842244808
kraft,"Läffler, Frits",1890,9,4059,2217.2949002217297
kraft,"Långström, Erland",1920,1,46840,21.34927412467976
kraft,"Læstadius, Petrus",1830,12,150434,79.76920111145087
kraft,"Lénström, Carl Julius",1830,109,204893,531.9849872860468
kraft,"Lénström, Carl Julius",1840,166,232710,713.3341927721198
kraft,"Lénström, Carl Julius",1850,25,40181,622.1846146188497
kraft,"Lénström, Carl Julius",1860,52,116806,445.18261048233825
kraft,"Löfgren, Eliel",1930,11,103123,106.66873539365612
kraft,"Löfgren, Nils Isak",1830,14,302305,46.310845007525515
kraft,"Löfving, Concordia",1870,8,35133,227.7061452195941
kraft,"Löfving, Concordia",1880,48,68653,699.168281065649
kraft,"Löhman, Lars Vilhelm",1830,11,26119,421.14935487576093
kraft,"Löhman, Lars Vilhelm",1870,29,40833,710.2098792643205
kraft,"Lönegren, Johan Georg",1840,8,28009,285.6224784890571
kraft,"Lönnbeck, Gustaf Ferdinand",1870,4,11177,357.87778473651247
kraft,"Lönnberg, Mathilda",1870,30,254456,117.89857578520451
kraft,"Lönnberg, Mathilda",1880,47,323522,145.27605541508768
kraft,"Lönnberg, Mathilda",1890,31,238922,129.74945798210294
kraft,"Lönnegren, August Valfrid",1880,9,12558,716.674629718108
kraft,"Löwenhjelm, Harriet",1920,4,10265,389.6736483195324
kraft,"Magalotti, Lorenzo",1910,5,61692,81.04778577449264
kraft,"Magnell, Carl Jakob",1890,6,33616,178.48643503093766
kraft,"Magnell, Ernst",1890,2,20809,96.11225911865058
kraft,"Magnussen, Johan Peter",1830,2,9533,209.7975453687192
kraft,"Mallander, Gustaf Richard",1880,11,83270,132.1003963011889
kraft,"Malling, Mathilda",1880,8,91411,87.51681963877432
kraft,"Malling, Mathilda",1890,23,295955,77.71451740974135
kraft,"Malling, Mathilda",1900,3,70420,42.60153365521159
kraft,"Malling, Mathilda",1920,10,43203,231.4654074948499
kraft,"Mallén, Elias Emanuel",1830,3,25148,119.29378081756005
kraft,"Malmgren, Thure",1870,22,97568,225.48376516890784
kraft,"Malmgren, V. E.",1890,3,12451,240.94450244960245
kraft,"Malmquist, Frithiof",1890,35,25594,1367.5080096897711
kraft,"Malmqvist, Anna Elisabeth",1890,19,28818,659.310153376362
kraft,"Malmström, Bernhard Elis",1830,11,26034,422.52439118076364
kraft,"Malmström, Bernhard Elis",1840,48,84639,567.114450785099
kraft,"Malmström, Bernhard Elis",1850,34,52947,642.1515855478119
kraft,"Malmström, Karl Robert",1850,1,17374,57.55726948313572
kraft,"Malmström, Karl Robert",1870,10,65405,152.89350967051448
kraft,"Mankell, Julius",1870,2,13717,145.80447619741926
kraft,"Mannegard, Vilhelm",1890,38,51409,739.1701842089907
kraft,"Mannerfelt, Otto",1900,3,28214,106.3301906854753
kraft,"Marckhl, Theodor",1880,1,3030,330.03300330033005
kraft,"Marholm, Laura",1890,4,42138,94.92619488347809
kraft,"Marin, Otto Ulrik",1840,97,174931,554.5043474284146
kraft,"Martinelle, Algot",1880,2,3157,633.5128286347799
kraft,"Martinsson, Herman",1860,2,5114,391.08330074305826
kraft,"Marx, Karl",1900,5,32207,155.24575402862732
kraft,"Matsson, John Sigfrid",1880,1,2072,482.6254826254826
kraft,"Mattsson, Sven",1850,4,8295,482.21820373719106
kraft,"Mattsson, Sven",1870,5,46978,106.43279833113372
kraft,"Meijer, Bernhard",1880,65,543470,119.60181794763281
kraft,"Melander, Emil",1890,13,29322,443.3531137030216
kraft,"Melander, Richard",1880,47,201808,232.8946325220011
kraft,"Melander, Richard",1890,149,382060,389.99110087420826
kraft,"Melefors, Evert",2010,1,70716,14.141071327563775
kraft,"Melin, Karl Alfred",1880,4,13331,300.0525091891081
kraft,"Melin, Karl Alfred",1890,2,25115,79.63368504877563
kraft,"Melin, Per-Erik",1880,1,11512,86.86587908269631
kraft,"Mellin, Gustaf Henrik",1830,44,157305,279.71138870347414
kraft,"Mellin, Gustaf Henrik",1840,95,559527,169.78626589959018
kraft,"Mellin, Gustaf Henrik",1850,74,213613,346.42086389873276
kraft,"Mellin, Gustaf Henrik",1860,132,732670,180.16296559160332
kraft,"Mellin, Gustaf Henrik",1870,128,765675,167.17275606491003
kraft,"Mellin, Gustaf Henrik",1880,30,140049,214.21074052653
kraft,"Mellin, Gustaf Henrik",1890,30,161052,186.27524029505997
kraft,"Melsted, Ingemar von",1890,1,13130,76.16146230007617
kraft,"Meyer, Albertine",1880,48,335249,143.17716085655738
kraft,"Meyer, Ernst",1880,92,356598,257.9935950285756
kraft,"Meyer, Ernst",1890,128,462563,276.7190631330219
kraft,"Meyer, Gustaf",1870,40,81574,490.35231814058403
kraft,"Meyer, Gustaf",1880,45,77897,577.6859185847978
kraft,"Meyer, Philipp Joel",1850,9,30894,291.3187026607108
kraft,"Meyerson, Gerda",1890,6,97420,61.588996099363584
kraft,"Michaelson, Knut",1880,6,47153,127.24535024282655
kraft,"Michaelson, Knut",1890,6,112357,53.40121220751711
kraft,"Michaelson, Knut",1900,1,25673,38.95142756982043
kraft,"Michelsen, Albert Christian",1880,2,6545,305.57677616501144
kraft,"Mickwitz, Gerda von",1880,20,128866,155.19997516800396
kraft,"Mickwitz, Gerda von",1890,6,39797,150.7651330502299
kraft,"Milow, Cecilia",1890,11,87317,125.97775919923956
kraft,"Moberg, Nenne",1890,13,49321,263.57940836560493
kraft,"Modin, Johan Engelbrekt",1860,75,178617,419.892843346378
kraft,"Modin, Johan Engelbrekt",1880,46,135473,339.55105445365496
kraft,"Modin, Victor",1860,2,3302,605.6935190793458
kraft,"Modin, Victor",1870,15,21265,705.3844345168117
kraft,"Molander, Harald",1880,14,78420,178.52588625350677
kraft,"Molander, Harald",1890,14,175885,79.59746425221024
kraft,"Molin, Lars",1910,7,53819,130.06559021906762
kraft,"Molin, Pelle",1890,12,59495,201.69762164887806
kraft,"Moll, Viktor",1880,16,22511,710.7636266714051
kraft,"Moll, Viktor",1890,1,1927,518.9413596263622
kraft,"Montell, Hilma",1880,2,12811,156.1158379517602
kraft,"Montgomery, Lucy Maud",1900,9,125473,71.72857905684889
kraft,"Montgomery, Lucy Maud",1910,24,221285,108.45741916532978
kraft,"Montgomery-Cederhielm, Hugo",1870,1,16244,61.56119182467373
kraft,"Montgomery-Cederhielm, Robert",1880,16,18867,848.0415540361478
kraft,"Montgomery-Cederhielm, Robert",1890,22,14676,1499.0460615971654
kraft,"Montén, R. A.",1880,15,73222,204.85646390429105
kraft,"Mortensen, Johan",1900,54,233086,231.67414602335617
kraft,"Mortensen, Johan",1910,41,159369,257.2645872158324
kraft,"Munck af Rosenschöld, Nils Rudolf",1860,4,28706,139.34369121438027
kraft,"Munthe, Axel",1880,15,97397,154.00885037526822
kraft,"Munthe, Axel",1900,19,96220,197.4641446684681
kraft,"Munthe, Axel",1930,12,156115,76.86641258046953
kraft,"Möller, Albert Wilhelm",1890,1,13880,72.04610951008645
kraft,"Möller, Andreas",1830,3,6943,432.08987469393634
kraft,"Möller, Arthur",1910,1,24062,41.55930512841825
kraft,"Möller, Fredrika",1860,1,34778,28.753809879809076
kraft,"Möller, Peter von",1870,14,31149,449.4526309030787
kraft,"Möller, Vilhelm",1880,4,754,5305.039787798409
kraft,"Mörne, Arvid",1920,34,92118,369.09181701730387
kraft,"Mörner, Birger",1890,3,37170,80.71025020177562
kraft,"Mörner, J.C.A.",1870,67,149517,448.10957951269756
kraft,"Mörtengren, Frans",1860,2,11394,175.53098121818502
kraft,"Nathorst, Anita",1920,1,5497,181.91740949608877
kraft,"Naumann, Mathilda",1870,7,65704,106.53841470838914
kraft,"Naumann, Mathilda",1880,21,68190,307.96304443466784
kraft,"Neander, John",1860,5,18882,264.8024573668044
kraft,"Neander, John",1870,2,13093,152.75337966852516
kraft,"Nerman, Charlotte",1890,4,47085,84.95274503557397
kraft,"Nerman, Gustaf",1890,2,8002,249.93751562109472
kraft,"Nervander, Emil",1860,36,60377,596.2535402553953
kraft,"Nervander, Emil",1870,23,74168,310.10678459713085
kraft,"Nervander, Emil",1880,19,69177,274.65776197291007
kraft,"Nervander, Johan Jakob",1840,2,11107,180.06662465112092
kraft,"Nervander, Johan Jakob",1850,29,84887,341.6306383780791
kraft,"Nettelbladt, Fredrik",1830,14,37435,373.9815680512889
kraft,"Nettelbladt, Lovisa Mathilda",1840,41,121172,338.36199782127886
kraft,"Nicander, Karl August",1820,16,19664,813.6696501220505
kraft,"Nicander, Karl August",1830,84,385016,218.1727512622852
kraft,"Nicander, Karl August",1840,75,212547,352.8631314485737
kraft,"Nietzsche, Friedrich",1900,1,4324,231.26734505087882
kraft,"Nilsdorff, Heddi",1890,2,7904,253.03643724696357
kraft,"Nilsson, Albert",1910,51,135571,376.1866475868733
kraft,"Nilsson, Alexander",1860,6,15290,392.41334205362983
kraft,"Nilsson, Ernst",1860,2,11290,177.14791851195747
kraft,"Nilsson, Karl",1870,4,60946,65.6318708364782
kraft,"Nilsson, Lars",1880,4,25117,159.25468805987975
kraft,"Nilsson, Nils August",1890,2,19058,104.942806170637
kraft,"Nilsson, Nils Christer",1880,2,6551,305.29690123645247
kraft,"Nilsson, Nils Peter",1840,3,18411,162.94606485253382
kraft,"Nilsson, Ola",1840,1,2942,339.9048266485384
kraft,"Nissen, Carl",1890,22,84972,258.90881702207787
kraft,"Niurenius, Olaus Petri",1900,3,9763,307.28259756222474
kraft,"Nonnen, Emily",1850,28,75026,373.2039559619332
kraft,"Nonnen, Emily",1860,47,167782,280.1254008177278
kraft,"Nonnen, Emily",1870,9,47094,191.10714740731302
kraft,"Nonnen, Emily",1880,7,37741,185.47468270581066
kraft,"Nonnen, Emily",1890,5,28367,176.26114851764373
kraft,"Norberg, Augusta",1840,3,72363,41.4576510094938
kraft,"Nordenadler, Ebba",1900,3,58095,51.639555899819264
kraft,"Nordenberg, Anders",1880,2,5800,344.82758620689657
kraft,"Nordenhielm, Sven",1900,5,13856,360.8545034642032
kraft,"Nordenskiöld, Adolf Erik",1880,15,297785,50.37191262152224
kraft,"Nordenskiöld, Gustaf",1890,2,171081,11.69036888959031
kraft,"Nordensvan, Georg",1870,72,202089,356.2786692991702
kraft,"Nordensvan, Georg",1880,123,513177,239.683384095546
kraft,"Nordensvan, Georg",1890,22,130737,168.27676939198543
kraft,"Nordin, Albert",1880,21,141167,148.75997931527905
kraft,"Nordin, Carl Gustaf",1800,2,3683,543.0355688297584
kraft,"Nordin, Jonas",2010,6,10586,566.7863215567731
kraft,"Nordin, Jonas",2020,5,186173,26.856740773366706
kraft,"Nordin, Vilhelm",1890,7,12893,542.9302722407508
kraft,"Nordlindh, Hans Magnus",1890,1,14198,70.4324552753909
kraft,"Nordling, Johan",1880,17,130951,129.81955082435414
kraft,"Nordling, Johan",1890,15,49151,305.1819901934854
kraft,"Nordlund, Johan",1900,60,239575,250.44349368673693
kraft,"Nordlund, Sigrid",1890,5,21761,229.76885253435043
kraft,"Nordmann, Petrus",1880,3,39451,76.04369977947327
kraft,"Nordmann, Petrus",1890,5,39330,127.12941774726671
kraft,"Nordmann, Petrus",1900,11,17198,639.609256890336
kraft,"Nordström, Ester Blenda",1910,29,144545,200.62956172818153
kraft,"Nordström, Ester Blenda",1920,8,124260,64.38113632705617
kraft,"Nordström, Ester Blenda",1930,12,139817,85.82647317565103
kraft,"Nordström, Ludvig",1900,6,128299,46.76575811191046
kraft,"Nordström, Ludvig",1910,4,73855,54.160178728589806
kraft,"Nordström, Ludvig",1930,12,141431,84.84702787931924
kraft,"Nordström, Wilhelmina",1860,12,37324,321.5089486657379
kraft,"Nordwall, Johan",1860,9,16579,542.8554195066048
kraft,"Noreen, Adolf",1880,1,99692,10.030895157083819
kraft,"Noreen, Adolf",1900,1,75888,13.177313936327218
kraft,"Noreen, Erik Adolf",1870,9,24378,369.1853310361802
kraft,"Norlander, Emil",1890,11,46333,237.41177994086289
kraft,"Norlander, Emil",1920,14,161050,86.92952499223844
kraft,"Norlin, Mauritz",1880,25,146496,170.653123634775
kraft,"Norlin, Mauritz",1890,6,68728,87.30066348504249
kraft,"Norling, Börje",1880,20,120941,165.3698911039267
kraft,"Norling, Carl Gustaf",1840,11,8262,1331.3967562333576
kraft,"Norléen, Wilhelm",1890,6,9551,628.2064705266464
kraft,"Norman, Carl",1890,20,54946,363.9937393076839
kraft,"Norrby, Carl",1870,4,17883,223.6761169826092
kraft,"Norström, Vitalis",1900,99,109692,902.5270758122743
kraft,"Norström, Vitalis",1910,120,130954,916.3523069169327
kraft,"Norén, Victor",1880,5,6258,798.9773090444231
kraft,"Numers, Gustaf von",1890,2,45336,44.115052055761424
kraft,"Numers, Hedvig von",1850,2,16049,124.61835628388062
kraft,"Numers, Hedvig von",1860,69,270661,254.93144560908294
kraft,"Nyberg, Johan Peter",1850,7,46385,150.910854802199
kraft,"Nyberg, Johan Peter",1860,8,75464,106.0108131029365
kraft,"Nyberg, Johan Peter",1880,7,44942,155.75630813047928
kraft,"Nyberg, Julia Christina",1830,36,108344,332.27497600236285
kraft,"Nyberg, Julia Christina",1840,12,39188,306.2161886291722
kraft,"Nyberg, Sigfrid",1850,21,53569,392.0177714723067
kraft,"Nyberg, Sigfrid",1860,33,98687,334.3905478938462
kraft,"Nyblom, Carl Rupert",1860,26,38750,670.9677419354839
kraft,"Nyblom, Carl Rupert",1870,30,55002,545.4347114650376
kraft,"Nyblom, Helena",1870,52,325596,159.7071217091119
kraft,"Nyblom, Helena",1880,46,251590,182.8371556898128
kraft,"Nyblom, Helena",1890,55,249189,220.71600271280033
kraft,"Nyblom, Helena",1910,32,229507,139.4292984527705
kraft,"Nyblæus, Gustaf",1840,10,14136,707.4136955291455
kraft,"Nyblæus, Gustaf",1890,95,80703,1177.1557439004746
kraft,"Nybom, Johan",1830,1,5156,193.9487975174554
kraft,"Nybom, Johan",1840,54,130610,413.444606079167
kraft,"Nybom, Johan",1850,7,14498,482.82521727134775
kraft,"Nycander, Fredrik",1890,10,108038,92.56002517632685
kraft,"Nycander, Fredrik",1900,2,23631,84.63459015699716
kraft,"Nygren, Anders Johan",1900,3,27643,108.5265709221141
kraft,"Nygren, Julius August",1830,5,21740,229.9908003679853
kraft,"Nyholm, C. A. G.",1880,19,58679,323.795565704937
kraft,"Nyholm, C. A. G.",1890,8,22642,353.32567794364456
kraft,"Nylander, Conrad Wilhelm",1830,1,4917,203.3760423022168
kraft,"Nylander, Conrad Wilhelm",1850,6,65749,91.25614077780651
kraft,"Nylén, Pehr Gustaf",1920,5,65897,75.87598828474741
kraft,"Nyström, Erik",1860,1,8102,123.42631449024933
kraft,"Nyström, Ludvig",1890,68,278010,244.59551814682925
kraft,"Nèlson, Johannes Fredrik",1880,73,299170,244.0084233044757
kraft,"Odel, Anders",1860,4,5315,752.5870178739417
kraft,"Odhner, Clas Theodor",1870,20,79891,250.3410897347636
kraft,"Odén, Klas",1900,69,645415,106.90795844534136
kraft,"Ofvandahl, Erik",1900,13,42491,305.9471417476642
kraft,"Ohlson, Carl Otto",1880,2,30264,66.08511763150939
kraft,"Ohlsson, Johan",1880,6,20113,298.3145229453587
kraft,"Oldberg, Anders Fredrik Nathanael",1850,1,12591,79.42180922881423
kraft,"Olivecrona, Rosalie",1850,28,42307,661.829011747465
kraft,"Olivecrona, Rosalie",1880,20,46519,429.93185580085554
kraft,"Olofsson, Klas",1920,11,142734,77.06643126374935
kraft,"Olofsson, Klas",1930,14,115673,121.03083692823736
kraft,"Olsson Oberlin, Conrad",1840,1,1413,707.7140835102618
kraft,"Olsson, August",1880,4,8372,477.78308647873865
kraft,"Olsson, August",1890,4,5727,698.4459577440196
kraft,"Olsson, Helmer",1940,7,125676,55.69878099239314
kraft,"Olsson, Johannes",1890,42,108979,385.39535139797573
kraft,"Olsson, Paul",1880,6,11507,521.421743286695
kraft,"Olséni, Nils",1880,2,41550,48.13477737665463
kraft,"Olzon, Johan",1840,3,4847,618.9395502372602
kraft,"Olán, Olivus",1890,17,13252,1282.8252339269545
kraft,Omar Khayyam,1920,5,44187,113.1554529612782
kraft,"Omberg, Johan Martin",1890,14,22583,619.935349599256
kraft,"Ongelin, Hanna",1870,29,62982,460.4490171795116
kraft,"Ongelin, Hanna",1880,23,106270,216.42984849910604
kraft,"Ongelin, Hanna",1890,19,84763,224.1544069936175
kraft,"Orczy, Emmuska",1900,14,102234,136.94074378386838
kraft,"Oskar II, kung av Sverige och Norge",1850,10,20924,477.9200917606576
kraft,"Oskar II, kung av Sverige och Norge",1860,16,22456,712.5044531528322
kraft,"Oskar II, kung av Sverige och Norge",1870,32,63432,504.47723546474964
kraft,"Oskar II, kung av Sverige och Norge",1890,16,33261,481.0438651874568
kraft,"Oswald, Gösta",1940,1,43590,22.941041523285158
kraft,"Oterdahl, Jeanna",1900,1,6637,150.67048365225253
kraft,"Oterdahl, Jeanna",1910,59,250468,235.559033489308
kraft,Ovidius,1820,117,155332,753.2253495738161
kraft,"Oxenstierna, Johan Gabriel",1770,1,1859,537.9236148466917
kraft,"Oxenstierna, Johan Gabriel",1790,28,39449,709.7771806636416
kraft,"Oxenstierna, Johan Gabriel",1880,14,99527,140.66534709174394
kraft,"Oxenstierna, Mårten Gabriel Leijonsköld",1860,3,43186,69.46695688417543
kraft,"Oxenstierna, Mårten Gabriel Leijonsköld",1870,8,58039,137.8383500749496
kraft,"Oxenstierna, Mårten Gabriel Leijonsköld",1880,7,26816,261.0381861575179
kraft,"Oxenstierna, Mårten Gabriel Leijonsköld",1890,67,548427,122.16758110012819
kraft,"Paban, August Theodor",1850,2,31656,63.17917614354309
kraft,"Paban, August Theodor",1870,2,27603,72.45589247545557
kraft,"Palm, Amy",1890,10,139390,71.74115790228855
kraft,"Palm, August",1890,3,6272,478.31632653061223
kraft,"Palm, August",1900,5,17899,279.3452148164702
kraft,"Palmblad, Vilhelm Fredrik",1840,166,931946,178.12190835091303
kraft,"Palmblad, Vilhelm Fredrik",1850,6,86860,69.07667510937141
kraft,"Palme, Christian Adolph",1860,5,22087,226.37750713089147
kraft,"Palmkvist, Nanny",1880,1,17769,56.27778715740897
kraft,"Palmstjerna, Carl Otto",1830,103,328303,313.7345683712912
kraft,"Palmær, Henrik Bernhard",1870,12,100059,119.92924174736905
kraft,"Panknin, Carl Ludwig",1910,2,6955,287.56290438533426
kraft,"Paterson, Emil",1870,10,10594,943.9305267132339
kraft,"Paul, Adolf",1890,88,277706,316.8818822783807
kraft,"Pauli, Georg",1910,13,50904,255.38268112525537
kraft,"Paykull, Lars Gustaf von",1880,5,13181,379.3338896897049
kraft,"Pereswetoff-Morath, Anders Wilhelm",1850,3,18455,162.5575724735844
kraft,"Pereswetoff-Morath, Fredrik",1860,38,63661,596.9117670159125
kraft,"Pereswetoff-Morath, Fredrik",1880,14,78901,177.43754832004663
kraft,"Perrault, Charles",1870,2,36220,55.21811154058531
kraft,"Person, Johan",1900,9,49994,180.02160259231107
kraft,"Personne, Johan Wilhelm",1880,12,36404,329.6341061421822
kraft,"Persson, Fredrik",1900,99,172315,574.5292052345994
kraft,"Persson, Fredrik",1910,142,324667,437.37121419793203
kraft,"Persson, Jöns",1870,5,12640,395.56962025316454
kraft,"Persson, Per",1890,7,29878,234.28609679362742
kraft,"Peterson, Gottfrid",1880,8,40161,199.1982271357785
kraft,"Peterson, Gustaf Reinhold",1870,11,17404,632.0386118133763
kraft,"Peterson, Gustaf Reinhold",1880,6,9790,612.8702757916241
kraft,"Peterson, Maria",1860,62,104909,590.9883804058755
kraft,"Petersson, Svante",1890,6,7104,844.5945945945946
kraft,"Petersson, Therèse",1880,7,167213,41.8627738273938
kraft,"Petrini, Gulli",1910,21,46643,450.2283300816843
kraft,"Pettersson, Carl",1850,15,30587,490.4044201785072
kraft,"Pettersson, Gustaf",1890,20,33551,596.107418556824
kraft,"Pettersson, Sven",1870,8,296432,26.987639661035246
kraft,"Pettersson, Victor",1880,40,351595,113.76726062657319
kraft,"Pettersson, Victor",1890,1,11799,84.75294516484448
kraft,"Pettersson-Olin, Jonas",1890,6,24852,241.42926122646065
kraft,"Pfeiffer, Sara",1860,19,269215,70.57556228293372
kraft,"Pfeiffer, Sara",1870,85,549531,154.67735214209935
kraft,"Pfeiffer, Sara",1880,65,394170,164.90346804678185
kraft,"Pfeiffer, Sara",1890,24,149398,160.6447208128623
kraft,"Philipsson, Jonas",1850,19,125155,151.81175342575207
kraft,"Pihl, Otto",1890,1,5403,185.08236165093467
kraft,"Pihlstrand, Hjalmar",1890,4,9599,416.7100739660381
kraft,"Pihlstrand, Ragnar",1880,638,2387801,267.191445183246
kraft,"Pihlstrand, Ragnar",1890,316,1299301,243.2076939831494
kraft,"Pinello, Nils Henrik",1860,17,118141,143.89585326008753
kraft,"Pinello, Nils Henrik",1870,28,93469,299.5645615123731
kraft,"Platen, Henrica Carolina von",1840,2,35461,56.399988720002256
kraft,"Platen, Henrica Carolina von",1860,1,76150,13.131976362442547
kraft,"Pontin, Constans",1840,90,229104,392.83469516027657
kraft,"Pontin, Constans",1850,3,36620,81.9224467504096
kraft,"Pontoppidan, Henrik",1890,4,36980,108.1665765278529
kraft,"Porter, Eleanor H.",1910,4,63020,63.471913678197396
kraft,"Post, Tom von",1880,1,13868,72.10845111047014
kraft,"Poulsson, Karl",1870,5,11156,448.18931516672643
kraft,"Preinitz, Anna",1890,4,15448,258.9331952356292
kraft,"Procopé, Hjalmar",1900,9,18224,493.8542581211589
kraft,"Prytz, Harald Oscar",1860,15,90977,164.87683700275895
kraft,"Pålman, Elin",1910,1,1168,856.1643835616438
kraft,"Quennerstedt, August",1900,11,699795,15.718889103237377
kraft,"Quennerstedt, August",1910,59,1140005,51.75415897298696
kraft,"Qvanten, Aurora von",1850,7,34509,202.8456344721667
kraft,"Qvanten, Aurora von",1860,14,112043,124.9520273466437
kraft,"Qvanten, Aurora von",1880,25,113536,220.1944757609921
kraft,"Qvanten, Aurora von",1890,28,172335,162.47425073258478
kraft,"Qvanten, Emil von",1840,18,38222,470.9329705405264
kraft,"Qvanten, Emil von",1850,11,54141,203.17319591437175
kraft,"Qvanten, Emil von",1880,14,73808,189.6813353566009
kraft,"Qvist, O.",1900,5,22868,218.64614308203602
kraft,"Rahm, Gustaf Verner Ambrosius",1860,10,11748,851.2087163772557
kraft,"Ramsay, Ebba",1850,17,85664,198.44975719088532
kraft,"Randel, Rolf Ane",1910,1,27236,36.71611102951975
kraft,"Randelin, Wendela",1840,6,64659,92.79450656521134
kraft,"Randelin, Wendela",1850,2,17023,117.48810432943664
kraft,"Redwitz, Oskar von",1850,7,38390,182.33915082052619
kraft,"Reenstierna, Märta Helena",1940,7,394989,17.722012511740832
kraft,"Reenstierna, Märta Helena",1950,30,210559,142.47788030908202
kraft,"Regis, Julius",1910,6,76539,78.39140830165015
kraft,"Regis, Julius",1920,19,73780,257.5223637842234
kraft,"Regnér, Gustaf",1800,8,10032,797.4481658692185
kraft,"Reuter, Jonatan",1880,6,10222,586.9692819409117
kraft,"Reuter, Jonatan",1890,8,9372,853.6064874093043
kraft,"Reuter, Odo Morannal",1880,8,29248,273.52297592997814
kraft,"Reuter, Odo Morannal",1890,18,28128,639.9317406143344
kraft,"Reuterskiöld, Edgar",1910,21,133056,157.82828282828282
kraft,"Richter, Ludwig",1870,1,1023,977.5171065493646
kraft,"Ridderstad, Carl Fredrik",1840,185,771553,239.776139811523
kraft,"Ridderstad, Carl Fredrik",1850,221,951883,232.17139081168588
kraft,"Ridderstad, Carl Fredrik",1870,6,5922,1013.1712259371834
kraft,"Ridderstad, Carl Fredrik",1880,184,559564,328.8274442244319
kraft,"Rietz, Johan Ernst",1860,101,1483948,68.06168410213834
kraft,"Rignell, Karl Alfred",1890,2,15350,130.29315960912052
kraft,Rimbert,1900,7,28958,241.72940120174044
kraft,"Ring, Herman Anakreon",1880,14,30032,466.1694192860948
kraft,"Ringbom, Oskar Evald",1880,14,58665,238.64314327111566
kraft,"Ripa, Ernst",1880,7,51842,135.02565487442615
kraft,"Risberg, Emilie",1850,7,24688,283.53856124432923
kraft,"Risberg, Emilie",1860,78,297099,262.53874970969275
kraft,"Robertsson, Seb.",1870,1,39754,25.15470141369422
kraft,"Rodhe, Bengt Carl",1860,4,28898,138.4178835905599
kraft,"Rodhe, Bengt Carl",1880,22,116643,188.60968939413425
kraft,"Rollin, Carl Gustaf",1840,11,9930,1107.7542799597181
kraft,"Rollin, Catharina Fredrika",1860,5,7153,699.0074094785405
kraft,"Roman, Alfred",1840,2,8346,239.63575365444524
kraft,"Romdahl, Clara",1880,12,58470,205.2334530528476
kraft,"Roos, Anna Maria",1890,14,92042,152.10447404445796
kraft,"Roos, Anna Maria",1900,17,78217,217.34405564007824
kraft,"Roos, Mathilda",1880,56,225894,247.90388412264159
kraft,"Roos, Mathilda",1890,196,429737,456.0929126419182
kraft,"Roos, Mathilda",1900,84,323439,259.70894048027606
kraft,"Rosander, Carl",1830,21,27671,758.9172780166962
kraft,"Roselius, Jonas Erik",1850,18,47328,380.32454361054766
kraft,"Roselius, Jonas Erik",1860,9,4582,1964.2077695329551
kraft,"Rosenberg, Carl Martin",1880,4,1933426,2.0688663543368095
kraft,"Rosendahl, Carl-Gustaf",1860,12,18519,647.9831524380367
kraft,"Rosenius, Carl Olof",1890,46,101527,453.0814463147734
kraft,"Rosenius, Josef",1880,6,35474,169.13796019620003
kraft,"Rosenius, Josef",1890,3,14634,205.0020500205002
kraft,"Rosenqvist, Peter",1840,5,23972,208.57667278491573
kraft,"Rosén, Johan Magnus",1830,5,28889,173.07625739901002
kraft,"Rosén, Johan Magnus",1840,35,288053,121.50541740582462
kraft,"Rosén, Johan Magnus",1850,2,44612,44.830987178337665
kraft,"Rosén, Johan Magnus",1860,9,43191,208.37674515524068
kraft,"Roth, Sven Olof",1880,60,224664,267.0654844567888
kraft,"Roth, Sven Olof",1890,16,33176,482.27634434530984
kraft,"Roth, Sven Olof",1900,1,10504,95.2018278750952
kraft,"Rubenson, Olof",1880,68,158589,428.7813152236284
kraft,"Ruda, Elias Wilhelm",1830,15,44525,336.88938798427847
kraft,"Rudbeck, Olof, den yngste",1770,15,7683,1952.362358453729
kraft,"Rudbeck, Thure Gustaf",1830,9,31628,284.55798659415706
kraft,"Rudbeck, Thure Gustaf",1840,65,277325,234.38204272964933
kraft,"Rudebeck, Sophia",1830,7,28279,247.53350542805615
kraft,"Ruin, Hans",1930,119,163282,728.8004801509046
kraft,"Ruin, Hans",1940,55,79133,695.0324137843883
kraft,"Ruin, Hans",1960,22,82352,267.1459102389742
kraft,"Runeberg, Fredrika Charlotta",1850,9,63400,141.9558359621451
kraft,"Runeberg, Fredrika Charlotta",1860,34,181538,187.28861175070784
kraft,"Runeberg, Johan Ludvig",1830,4,22903,174.64960922149936
kraft,"Runeberg, Johan Ludvig",1840,28,55719,502.5215815072058
kraft,"Runeberg, Johan Ludvig",1850,22,124794,176.29052678814688
kraft,"Runeberg, Johan Ludvig",1870,97,285250,340.0525854513585
kraft,"Runeberg, Johan Ludvig",1890,3,3772,795.3340402969247
kraft,"Runeberg, Nino",1890,1,8352,119.73180076628353
kraft,"Runfeldt, Emil",1890,10,9611,1040.4744563520965
kraft,"Runnqvist, Ernst",1880,3,68182,43.99988266697955
kraft,"Runstedt, Johan Ulrik",1840,3,15469,193.9362596160062
kraft,"Russberg, Johan Albert",1870,12,66670,179.9910004499775
kraft,"Rusén, Lars Erik",1850,8,21042,380.191996958464
kraft,"Ryberg, Klas",1870,22,71186,309.0495322113899
kraft,"Ryberg, Klas",1880,4,22078,181.17583114412537
kraft,"Rydberg, Carl August",1840,5,3332,1500.6002400960383
kraft,"Rydberg, Carl Henrik",1850,3,49827,60.20832078993317
kraft,"Rydberg, Carl Henrik",1860,27,344263,78.42841083706352
kraft,"Rydberg, Viktor",1850,139,350514,396.5604797525919
kraft,"Rydberg, Viktor",1860,145,140367,1033.006333397451
kraft,"Rydberg, Viktor",1870,21,80367,261.30128037627384
kraft,"Rydberg, Viktor",1880,51,138811,367.4060413079655
kraft,"Rydberg, Viktor",1890,13,50224,258.8403950302644
kraft,"Rydberg, Viktor",1900,53,80283,660.1646674887585
kraft,"Rydeberg, Olof Anton Arcadius",1840,1,6979,143.2870038687491
kraft,"Rydelius, Gustaf",1890,5,19934,250.82773151399618
kraft,"Rydforss, Karl",1890,10,25233,396.3064241271351
kraft,"Rydqvist, Johan Erik",1830,3,17660,169.8754246885617
kraft,"Rydqvist, Johan Erik",1920,3,22835,131.37727173199036
kraft,"Rydqvist, Johan Erik",1930,10,36344,275.148580233326
kraft,"Rydström, Carl",1840,5,8427,593.3309600094933
kraft,"Rydström, Carl",1870,5,3296,1516.990291262136
kraft,"Rådberg, Fredrik",1830,16,44019,363.4794066198687
kraft,"Rådberg, Fredrik",1840,77,47462,1622.3505119885383
kraft,"Rönnberg, Hanna",1890,11,19458,565.320176791037
kraft,"Sachs, Hilda",1890,16,20821,768.4549253157869
kraft,"Sachs, Hilda",1900,8,37646,212.50597673059553
kraft,Sadi,1910,17,112480,151.13798008534852
kraft,"Sager, Sophie",1850,1,30736,32.535137948984904
kraft,"Salomonsson, Salomon",1890,4,25665,155.85427625170465
kraft,"Saltza, Christina Gustafva von",1860,26,180186,144.29533926054188
kraft,"Saltza, Edvard Fredrik von",1830,20,178492,112.04983976872913
kraft,"Saltza, Edvard Fredrik von",1850,1,2225,449.438202247191
kraft,"Samzelius, Hugo",1890,29,77418,374.5898886563848
kraft,"Sand, Arne",1950,5,74376,67.22598687748736
kraft,"Sandahl, Anton Gustaf",1870,38,50738,748.945563482991
kraft,"Sandberg, Algot",1880,41,141322,290.11760377011365
kraft,"Sandberg, Algot",1890,36,296810,121.28971395842458
kraft,"Sandberg, Algot",1910,10,78774,126.9454388503821
kraft,"Sandberg, Eric",1890,37,135478,273.1070727350566
kraft,"Sandberg, Fredrik",1870,6,72150,83.16008316008316
kraft,"Sandberg, Sven",1860,1,6547,152.7417137620284
kraft,"Sandel, Maria",1900,22,107898,203.89627240541992
kraft,"Sandel, Maria",1910,42,207358,202.54824988666942
kraft,"Sandel, Maria",1920,34,144864,234.7028937486194
kraft,"Sandell-Berg, Lina",1890,2,7353,271.9978240174079
kraft,"Sander, Fredrik",1850,52,103238,503.6905015595033
kraft,"Sander, Fredrik",1870,19,67161,282.9022795967898
kraft,"Sander, Fredrik",1890,3,3196,938.6733416770963
kraft,"Sandströmer, Clara",1870,52,257887,201.63870222229116
kraft,"Santesson, Frithiof",1880,9,36705,245.1982018798529
kraft,"Saxon, Johan Lindström",1880,30,109786,273.25888546809244
kraft,"Saxon, Johan Lindström",1890,58,270284,214.5890988737772
kraft,"Saxon, Johan Lindström",1900,5,33209,150.56159474841158
kraft,"Saxén, Lily",1890,5,8975,557.1030640668523
kraft,"Schaar, Hermania Fredrica",1870,14,95475,146.63524482848914
kraft,"Schantz, Otto von",1860,20,90045,222.11116663890277
kraft,"Schantz, Otto von",1870,20,54939,364.04011722091775
kraft,"Schartau, Gustaf Johan",1830,3,14861,201.8706681919117
kraft,"Schartau, Ivar Ejlert",1860,3,1220,2459.0163934426228
kraft,"Schenfelt, Inga",1870,47,173997,270.1195997632143
kraft,"Schenfelt, Inga",1880,77,288911,266.51806265597367
kraft,"Scherini, Pehr Hampus",1850,10,31660,315.8559696778269
kraft,"Scherini, Pehr Hampus",1880,15,47576,315.285017655961
kraft,"Schildt, Runar",1910,11,54474,201.93119653412637
kraft,"Schildt, Runar",1920,5,51308,97.45068995088485
kraft,"Schillander, Hugo",1870,2,7273,274.98968788670425
kraft,"Schirmer, Adolf",1870,42,249159,168.56705958845558
kraft,"Schiött, Emil",1890,2,8610,232.28803716608596
kraft,"Schlegel, Bernhard",1870,2,419796,4.7642188110415535
kraft,"Schmiterlöw, Adam Bonaparte",1830,10,40815,245.00796275878966
kraft,"Scholander, Fredrik Wilhelm",1860,37,66301,558.0609643896773
kraft,"Scholander, Fredrik Wilhelm",1880,132,242074,545.2878045556317
kraft,"Schreiner, Olive",1910,34,61056,556.8658280922432
kraft,"Schröder, Gustaf",1890,68,450001,151.1107753093882
kraft,"Schultz, Adolf Fredrik Joelsson",1880,2,12654,158.052789631737
kraft,"Schultz, Johan Gustaf",1880,11,41456,265.3415669625627
kraft,"Schunck, Anna Maria",1840,2,14962,133.6719689881032
kraft,"Schwartz, Marie Sophie",1850,155,1085153,142.83700086531576
kraft,"Schwartz, Marie Sophie",1860,326,2579411,126.38544225794183
kraft,"Schwartz, Marie Sophie",1870,140,884820,158.22427160326393
kraft,"Schwartz, Marie Sophie",1880,19,72495,262.08704048555074
kraft,"Schwartz, Marie Sophie",1890,11,75915,144.89890008562207
kraft,"Schwartz, Marie Sophie",1910,25,207231,120.63832148665017
kraft,"Schwerin, Martina von, d. y.",1830,16,51992,307.73965225419295
kraft,"Schwerin, Martina von, d. y.",1840,9,83035,108.38802914433673
kraft,"Schéele, Adolf August",1870,21,56299,373.00840157018774
kraft,"Schéele, Adolf August",1880,3,27736,108.16267666570522
kraft,"Schéele, Frans von",1880,22,31480,698.856416772554
kraft,"Schéele, Georg von",1880,16,104047,153.7766586254289
kraft,"Schöldström, Birger",1870,16,58816,272.0348204570185
kraft,"Schöldström, Birger",1880,9,51955,173.2268309113656
kraft,"Schöldström, Birger",1890,16,123441,129.61657796032114
kraft,"Schöldström, Karl Wilhelm",1880,17,54619,311.2470019590252
kraft,"Schön, Alfred",1860,3,9572,313.4141245298788
kraft,"Schön, Alfred",1870,2,12879,155.29155990371925
kraft,"Schön, Alfred",1880,2,4757,420.43304603741853
kraft,"Schön, August",1890,13,42095,308.82527616106427
kraft,"Schönberg, Gustaf",1880,2,21111,94.73734072284591
kraft,"Schück, Henrik",1890,46,239653,191.94418596888
kraft,"Schück, Henrik",1900,3,33377,89.88225424693651
kraft,"Schück, Henrik",1910,22,165913,132.59961546111515
kraft,"Schüssler, George Christian",1840,2,18688,107.02054794520548
kraft,"Sederholm, Theodor",1850,4,35796,111.7443289753045
kraft,"Sederholm, Theodor",1860,15,181673,82.56592889422204
kraft,"Sedgwick, Catharine",1850,11,39871,275.88974442577313
kraft,"Seelhorst, Bertha",1890,12,43548,275.5580049600441
kraft,"Sefbom, Augusta",1870,31,81444,380.6296350866853
kraft,"Segerstedt, Albrekt",1870,14,134331,104.22017255882857
kraft,"Segerstedt, Albrekt",1880,10,149770,66.76904587033451
kraft,"Segerstedt, Albrekt",1890,4,35744,111.90689346463742
kraft,"Segerstedt, Torgny",1930,93,70915,1311.4291757738138
kraft,"Segerstedt, Torgny",1940,117,117457,996.1092144359212
kraft,"Segersteen, Anders Peter",1840,1,2696,370.919881305638
kraft,"Segerstéen, Gustaf",1890,5,59500,84.03361344537815
kraft,"Sehlstedt, Elias",1850,8,64206,124.59894713889668
kraft,"Selin, Gustaf",1860,2,4215,474.4958481613286
kraft,"Settervall, Hedvig Beata",1840,5,37612,132.93629692651282
kraft,"Shierman, Jeanna",1830,5,37075,134.86176668914362
kraft,"Sigurdh, Sigurd P.",1900,3,34278,87.5196919306844
kraft,"Silfverhjelm, Anna Charlotta Sophia",1860,6,12939,463.71435195919315
kraft,"Silfverskjöld, Aurore",1870,13,70463,184.49398975348765
kraft,"Silfversparre, Gustaf Georg",1870,7,7260,964.1873278236915
kraft,"Silfverstolpe, Carl",1880,2,8549,233.94549070066674
kraft,"Silfverstolpe, Carl",1890,1,70945,14.095426034251885
kraft,"Silfverstolpe, Gudmund Leonhard",1850,25,51620,484.30840759395585
kraft,"Silfverstolpe, Gunnar Mascoll",1910,2,5214,383.5826620636747
kraft,"Silfverstolpe, Gunnar Mascoll",1920,4,11940,335.00837520938023
kraft,"Silfverstolpe, Gunnar Mascoll",1930,6,7083,847.0986869970352
kraft,"Silfverstolpe, Gunnar Mascoll",1940,4,10656,375.37537537537537
kraft,"Silfverstolpe, Gunnar Mascoll",1950,3,19875,150.9433962264151
kraft,"Silfverstolpe, Malla",1900,37,301691,122.6420410287347
kraft,"Silfverstolpe, Malla",1910,27,245873,109.81278952955388
kraft,"Siljeström, Per Adam",1840,4,13955,286.6356144750985
kraft,"Siljeström, Per Adam",1850,12,64936,184.79733891831958
kraft,"Sillén, Abraham Wilhelm af",1860,15,129959,115.42101739779469
kraft,"Sillén, Abraham Wilhelm af",1870,6,31181,192.4248741220615
kraft,"Silverstolpe, Gustaf Abraham",1790,134,512118,261.6584459050453
kraft,"Silverstolpe, Gustaf Abraham",1800,46,366346,125.56435719238097
kraft,"Sjöbeck, Anders Conrad",1860,2,7425,269.36026936026934
kraft,"Sjöbeck, Pontus",1870,1,3781,264.48029621793177
kraft,"Sjöberg, Birger",1920,87,566955,153.45133211630554
kraft,"Sjöberg, Edvard Daniel",1840,15,140639,106.65604846450842
kraft,"Sjöberg, Erik",1840,1,793,1261.034047919294
kraft,"Sjögren, Arthur",1900,1,9017,110.90163025396474
kraft,"Sjögren, Lennart",1980,7,48769,143.53380221042056
kraft,"Sjöstedt, Helen",1890,3,9281,323.2410300614158
kraft,"Sjöstedt, Helen",1900,1,809,1236.0939431396787
kraft,"Sjöstrand, Anna",1900,5,34152,146.4043101428906
kraft,"Sjöstrand, Nils",1880,3,24736,121.28072445019404
kraft,"Sjöström, Carl",1900,9,312159,28.831460890123303
kraft,"Skarstedt, Carl Wilhelm",1880,64,788956,81.11985966264278
kraft,"Skarstedt, Ernst",1890,52,171111,303.8963012313644
kraft,"Skoglund, Daniel Carl Alexander",1850,1,2320,431.0344827586207
kraft,"Skytte, Nils",1900,1,30506,32.78043663541598
kraft,"Sköldström, sjökapten",1840,3,7427,403.9316009155783
kraft,"Smirnoff, Georg",1880,2,2918,685.4009595613434
kraft,"Smith, Carl",1890,3,57316,52.341405541210136
kraft,"Smith, Elsa",1900,6,34514,173.84249869618125
kraft,"Snellman, Johan Vilhelm",1840,46,182971,251.40596050740282
kraft,"Snoilsky, Carl",1860,7,31847,219.8009231638773
kraft,"Snoilsky, Carl",1880,33,103980,317.36872475476054
kraft,"Snoilsky, Carl",1890,15,46597,321.90913578127345
kraft,"Snoilsky, Carl",1910,7,85606,81.76996939466859
kraft,"Snoilsky, Ebba",1880,5,36014,138.83489753984563
kraft,"Sohlman, August",1840,8,14122,566.491998300524
kraft,"Sommelius, Gustaf Lorentz",1840,13,40806,318.5806008920257
kraft,"Sparre, Pehr",1830,58,225896,256.7553210326876
kraft,"Sparre, Pehr",1840,28,167601,167.06344234222945
kraft,"Sparre, Pehr",1850,58,227066,255.43234125760793
kraft,"Sparre, Pehr",1860,97,206709,469.2587163597134
kraft,"Sparre, Pehr",1870,81,385654,210.0328273530159
kraft,"Sparre, Sixten",1880,4,11569,345.7515774915723
kraft,"Sparrman, Gustaf Leonard",1840,2,14293,139.92863639543833
kraft,"Sprengtporten, Jakob Wilhelm",1870,9,21246,423.6091499576391
kraft,"Staaff, Albert Wilhelm",1890,31,18128,1710.0617828773168
kraft,"Staaff, Karl",1900,9,8058,1116.9024571854059
kraft,"Stackelberg, Oskar",1870,6,21739,276.0016560099361
kraft,"Stackelberg, Oskar",1890,12,31199,384.6277124266803
kraft,"Stagnelius, Erik Johan",1850,1,7024,142.36902050113895
kraft,"Stagnelius, Erik Johan",1880,2,14304,139.82102908277406
kraft,"Stahre, Gustaf Wilhelm",1870,9,27204,330.83370092633436
kraft,"Stam, Per",1990,19,238205,79.76322915136122
kraft,"Starbäck, Carl Georg",1850,37,210114,176.09488182605634
kraft,"Starbäck, Carl Georg",1860,99,304015,325.6418268835419
kraft,"Starbäck, Carl Georg",1870,401,1094880,366.2501826684203
kraft,"Starck, Waldemar August",1890,2,30268,66.07638430025109
kraft,"Starnberg, Märta",1890,119,240932,493.9152956020786
kraft,"Starnberg, Märta",1900,17,27647,614.8949253083517
kraft,"Steffen, Richard",1890,4,22626,176.78776628657297
kraft,"Steffen, Richard",1900,7,77655,90.14229605305518
kraft,"Steijer, Anders",1890,3,19160,156.57620041753654
kraft,"Stenberg, August",1880,2,37493,53.34329074760622
kraft,"Stenberg, Elis Oscar",1870,11,11575,950.3239740820734
kraft,"Stenborg, Gustaf Göran",1860,3,3662,819.2244675040961
kraft,"Stenbäck, Lars",1840,12,15612,768.6395080707148
kraft,"Stenbäck, Lars",1850,18,18629,966.2354393687261
kraft,"Stengård, Per",1860,23,40180,572.4240915878546
kraft,"Stenhammar, Jakob Axel",1810,39,411692,94.73101250449365
kraft,"Stenman, Isak Georg",1840,1,3644,274.423710208562
kraft,"Sterne, Laurence",1790,6,52170,115.00862564692352
kraft,"Sterner, Mauritz",1910,1,268,3731.3432835820895
kraft,"Stiernhielm, Georg",1870,23,61481,374.09931523560124
kraft,"Stiernstedt, August Wilhelm",1870,2,3261,613.3088009812941
kraft,"Stjerngranat, August Wilhelm",1840,4,9413,424.9442260703283
kraft,"Stjernstolpe, Jonas Magnus",1820,3,77038,38.941820919546196
kraft,"Stjernstolpe, Jonas Magnus",1840,1,10168,98.3477576711251
kraft,"Stjernström, Jeanette",1850,2,18529,107.93890657887636
kraft,"Stjernström, Louise",1880,359,1077607,333.14557162305
kraft,"Stjernström, Louise",1890,483,1662749,290.4828088905782
kraft,"Stockenstrand, Ina",1890,19,78099,243.2809639047875
kraft,"Stoker, Bram",1900,50,120550,414.765657403567
kraft,"Stolpe, Mats",1870,3,26743,112.17888793329095
kraft,"Storckenfeldt, Sigrid",1890,31,43224,717.1941513973718
kraft,"Stowe, Harriet Beecher",1850,9,42096,213.7970353477765
kraft,"Stowe, Harriet Beecher",1890,55,222597,247.08329402462746
kraft,"Strandberg, Carl",1890,21,19516,1076.0401721664275
kraft,"Strandberg, Carl Henric",1830,5,404704,12.354708626551751
kraft,"Strandberg, Carl Vilhelm August",1840,1,2359,423.908435777872
kraft,"Strandberg, Carl Vilhelm August",1850,5,22108,226.16247512212774
kraft,"Strandberg, Carl Vilhelm August",1860,8,26344,303.67446097783176
kraft,"Strandberg, Carl Vilhelm August",1870,110,415407,264.80054500766715
kraft,"Strindberg, August",1870,6,139512,43.0070531567177
kraft,"Strindberg, August",1880,125,793035,157.6222991419042
kraft,"Strindberg, August",1890,122,428523,284.6988376353195
kraft,"Strindberg, August",1900,22,155151,141.79734581149975
kraft,"Strindberg, August",1910,10,58975,169.5633743111488
kraft,"Strindberg, Oskar",1880,8,18140,441.0143329658214
kraft,"Strussenfelt, Constantia Carolina Amalia von",1820,14,84408,165.86105582409252
kraft,"Strussenfelt, Constantia Carolina Amalia von",1830,75,255803,293.19437223175646
kraft,"Strussenfelt, Constantia Carolina Amalia von",1840,26,45230,574.839708158302
kraft,"Strussenfelt, Ulrika Sophia von",1840,59,243871,241.93118492973744
kraft,"Strussenfelt, Ulrika Sophia von",1850,226,1623357,139.21768286335046
kraft,"Strussenfelt, Ulrika Sophia von",1860,190,1181849,160.76503851168803
kraft,"Strussenfelt, Ulrika Sophia von",1870,3,42150,71.17437722419929
kraft,"Stråle, Gustaf Holdo",1860,2,6395,312.7443315089914
kraft,"Stråle, Gustaf Holdo",1880,2,9749,205.14924607652068
kraft,"Ström, Erik",1880,3,4150,722.8915662650602
kraft,"Ström, Fredrik",1900,19,77975,243.66784225713369
kraft,"Ström, Fredrik",1910,14,44657,313.5006829836308
kraft,"Ström, Fredrik",1920,18,156422,115.07332728132872
kraft,"Ström, Fredrik",1940,166,275415,602.7267941107057
kraft,"Ström, Ulrika",1860,33,106489,309.8911624674849
kraft,"Strömberg, Bengt Johan Gustaf Lorenz",1850,12,34041,352.5160835463118
kraft,"Strömberg, Leonard",1890,67,260839,256.86342916511717
kraft,"Strömberg, Leonard",1900,21,82764,253.73350732202408
kraft,"Strömberg, Theodor",1850,8,7354,1087.8433505575197
kraft,"Strömberg, Theodor",1880,30,26411,1135.890348718337
kraft,"Strömbäck, Karl August",1870,1,2798,357.39814152966403
kraft,"Strömer, Hjalmar",1880,15,40024,374.7751349190486
kraft,"Strömsten, Lars Magnus",1880,13,21372,608.272506082725
kraft,"Sturlasson, Snorre",1810,13,58335,222.85077569212308
kraft,"Sturzen-Becker, Oscar Patric",1830,13,74241,175.10539998114248
kraft,"Sturzen-Becker, Oscar Patric",1840,29,236021,122.87042254714623
kraft,"Sturzen-Becker, Oscar Patric",1860,61,277888,219.51289728235835
kraft,"Sturzen-Becker, Oscar Patric",1880,120,631009,190.17161403403122
kraft,"Stuxberg, Anton",1890,14,103928,134.70864444615503
kraft,"Styffe, Carl Gustaf",1850,4,108247,36.952525243193804
kraft,"Styffe, Carl Gustaf",1860,7,149716,46.75518982607069
kraft,"Styffe, Carl Gustaf",1870,24,498168,48.17651876475406
kraft,"Styffe, Carl Gustaf",1880,4,394393,10.142167837664461
kraft,"Ståhle, Artur",1910,2,28970,69.03693476009666
kraft,"Stålberg, Wilhelmina",1830,18,245663,73.27110716713547
kraft,"Stålberg, Wilhelmina",1840,186,1308174,142.18292062065137
kraft,"Stålberg, Wilhelmina",1850,61,687670,88.7053383163436
kraft,"Stålberg, Wilhelmina",1860,113,899125,125.67774224940915
kraft,"Stålberg, Wilhelmina",1870,21,181855,115.47661598526298
kraft,"Stéenhoff, Frida",1890,13,47919,271.2911371272355
kraft,"Stéenhoff, Frida",1900,26,116367,223.43104144645818
kraft,"Stéenhoff, Frida",1910,32,139598,229.22964512385565
kraft,"Stéenhoff, Frida",1930,2,23249,86.02520538517786
kraft,"Sundbeck, Carl",1890,1,28330,35.29827038475115
kraft,"Sundblad, Johannes",1870,37,132502,279.24106805935
kraft,"Sundblad, Johannes",1880,14,143971,97.24180564141389
kraft,"Sundblad, Johannes",1890,60,392680,152.79616990934093
kraft,"Sundeborg, Lars Ture",1860,1,4493,222.56843979523703
kraft,"Sundelin, Fredrik",1830,1,9575,104.43864229765013
kraft,"Sundelius, Anna Sara",1860,13,64919,200.24954173662564
kraft,"Sundelius, Carl Herman",1840,2,22041,90.73998457420262
kraft,"Sundgren, Fritz",1890,2,26992,74.09602845287493
kraft,"Sundler, Anders",1840,12,69783,171.96165255148102
kraft,"Sundler, Anders",1880,18,94962,189.54950401213117
kraft,"Sundler, Anders",1890,3,13483,222.5024104427798
kraft,"Sundman, Gösta",1890,5,25717,194.42392191935295
kraft,"Sundqvist, E. W.",1890,60,516249,116.22298541982649
kraft,"Sundström, Gustaf",1850,2,8710,229.6211251435132
kraft,"Sundström, Karin",1860,38,137850,275.66195139644543
kraft,"Suttner, Bertha von",1890,19,75529,251.55900382634485
kraft,"Svahn, Accacia",1870,6,24610,243.80333197887037
kraft,"Svahn, Oscar",1880,9,98574,91.30196603566864
kraft,"Svanlund, Yngve Fredrik",1890,15,38238,392.27993095873217
kraft,"Svartengren, Jakob",1840,11,14995,733.5778592864289
kraft,"Svartengren, Teodor",1880,2,10927,183.03285439736433
kraft,"Svedberg, Eduard",1850,2,14450,138.4083044982699
kraft,"Svedbom, Per Erik",1840,45,127104,354.0407854984894
kraft,"Svedelius, Wilhelm Erik",1850,4,2893,1382.6477704804702
kraft,"Svedelius, Wilhelm Erik",1860,4,7667,521.7164471109952
kraft,"Svedelius, Wilhelm Erik",1870,104,149429,695.982707506575
kraft,"Svedelius, Wilhelm Erik",1880,8,9899,808.1624406505707
kraft,Svenska Litteratursällskapet,1930,12,599463,20.017916034851194
kraft,Svenska Litteratursällskapet,1980,4,392946,10.179515760435276
kraft,"Svenson, Axel",1890,6,26048,230.34398034398035
kraft,"Svenson, Frey",1890,12,34719,345.6320746565281
kraft,"Svenson-Graner, Hilma",1900,17,21208,801.5843078083742
kraft,"Svenson-Graner, Hilma",1910,20,25669,779.1499474073786
kraft,"Svensson, Nils Peter",1900,3,13249,226.43218356102346
kraft,"Swahn, Carl Wilhelm",1880,5,6077,822.7743952608195
kraft,"Swedenborg, Emanuel",1850,16,34413,464.9405747827856
kraft,"Swedenborg, Emanuel",1920,16,48101,332.63341718467393
kraft,"Swift, Jonathan",1860,3,15234,196.92792437967705
kraft,"Swärd, Axel August",1880,5,20874,239.53243269138642
kraft,"Sydow, Julius Leonard von",1860,2,15811,126.49421288976029
kraft,"Sällberg, Thure",1890,41,491737,83.37790322875846
kraft,"Sällberg, Thure",1900,7,51725,135.33107781536975
kraft,"Sätherberg, Herman",1830,1,6215,160.90104585679808
kraft,"Sätherberg, Herman",1840,30,143112,209.62602716753312
kraft,"Sätherberg, Herman",1860,51,88183,578.3427644784142
kraft,"Sätherberg, Herman",1870,30,76188,393.762797290912
kraft,"Sätherberg, Herman",1880,13,60617,214.46128973720243
kraft,"Såltin, Alexandra Theodora",1870,1,2691,371.6090672612412
kraft,"Söderberg, Christian Johannes",1880,16,44904,356.31569570639584
kraft,"Söderberg, Hjalmar",1890,5,70340,71.0833096388968
kraft,"Söderberg, Hjalmar",1900,26,304715,85.32563214807278
kraft,"Söderberg, Hjalmar",1910,16,147353,108.58279098491379
kraft,"Söderberg, Hjalmar",1920,22,172010,127.8995407243765
kraft,"Söderberg, Hjalmar",1930,11,88865,123.78326675293985
kraft,"Söderberg, Mikael",1920,2,35552,56.255625562556254
kraft,"Söderberg, Mikael",1930,6,27834,215.5636990730761
kraft,"Söderberg, Natan",1890,14,19828,706.0722211014727
kraft,"Söderblom, Nathan",1920,49,150276,326.0667039314328
kraft,"Söderbom, Anton Samuel Ernst",1890,14,304113,46.03551969169355
kraft,"Södergran, Edith",1910,26,32091,810.1960051104671
kraft,"Södergran, Edith",1920,16,20266,789.4996545939011
kraft,"Söderhjelm, Alma",1910,1,27915,35.82303421099767
kraft,"Söderhjelm, Alma",1920,10,102308,97.74406693513704
kraft,"Söderhjelm, Werner",1900,39,124684,312.79073497802443
kraft,"Söderholm, Kerstin",1920,1,11316,88.37044892188052
kraft,"Söderholm, Kerstin",1930,9,28308,317.931326833404
kraft,"Söderholm, Kerstin",1940,3,8051,372.62451869333
kraft,"Söderling, Johan Niklas",1840,5,32610,153.32720024532352
kraft,"Söderman, Sven",1880,4,6836,585.1375073142189
kraft,"Södling, Carl Erik",1880,6,8121,738.8252678241596
kraft,"Sörensen, Sophia",1890,47,125863,373.4218952352955
kraft,"Sörman, Py",1920,16,65260,245.1731535396874
kraft,"Sörman, Py",1930,24,206149,116.42064720178124
kraft,"Tamm, Hugo",1910,47,28751,1634.7257486696114
kraft,"Tammelin, Filip",1880,19,29240,649.7948016415869
kraft,"Tammelin, Filip",1890,24,46995,510.6926268751995
kraft,Tankebyggarorden,1750,42,93902,447.2748184277225
kraft,"Tavaststjerna, Karl August",1880,19,64532,294.4275708175789
kraft,"Tavaststjerna, Karl August",1890,120,435795,275.3588269713971
kraft,"Tegnér, Alice",1910,15,47124,318.3091418385536
kraft,"Tegnér, Esaias",1820,20,31612,632.6711375427053
kraft,"Tegnér, Esaias",1830,37,58510,632.3705349512903
kraft,"Tegnér, Esaias",1840,12,40334,297.51574354142906
kraft,"Tegnér, Esaias",1880,66,231963,284.5281359527166
kraft,"Tengberg, John",1890,4,23080,173.3102253032929
kraft,"Tenggren, Johan Fredrik",1860,11,10057,1093.765536442279
kraft,"Tengström, Jacob",1890,37,129638,285.41014208796804
kraft,"Tengwall, Carl Johan",1830,2,6703,298.37386244964944
kraft,"Tenow, Elna",1880,14,54332,257.67503497018333
kraft,"Ternaux-Compans, Henri",1840,1,16129,62.000124000248
kraft,"Tersmeden, Carl",1910,25,627992,39.80942432387674
kraft,"Tersmeden, Minna",1850,15,43375,345.821325648415
kraft,"Tersmeden, Minna",1860,18,92228,195.16849546775381
kraft,"Tersmeden, Minna",1870,6,83327,72.00547241590361
kraft,"Tessin, Carl Gustaf",1880,2,56240,35.56187766714083
kraft,"Teuchler, Anton",1890,15,26127,574.1187277528993
kraft,"Thelander, Curt",1890,3,16393,183.0049411334106
kraft,"Thiesen, Sofia Albertina",1870,13,9980,1302.6052104208418
kraft,"Thomander, Johan Henrik",1870,16,94572,169.18326777481707
kraft,"Thomasson, Nils",1890,140,707538,197.8692310519011
kraft,"Thomasson, Pehr",1830,6,9430,636.2672322375398
kraft,"Thomasson, Pehr",1840,20,37092,539.1998274560552
kraft,"Thomasson, Pehr",1850,32,216282,147.95498469590626
kraft,"Thomasson, Pehr",1860,115,613096,187.5725824340723
kraft,"Thomasson, Pehr",1870,51,315954,161.41590231489394
kraft,"Thomasson, Pehr",1880,73,259784,281.00267914883136
kraft,"Thomson, Niclas Hans",1830,53,185354,285.9393376997529
kraft,"Thomée, Gustaf",1830,9,7940,1133.5012594458437
kraft,"Thorell, Per",1860,7,15965,438.45912934544316
kraft,"Thorild, Thomas",1900,7,43963,159.22480267497667
kraft,"Thorsander, Gustaf",1880,5,123553,40.46846292684111
kraft,"Thorsander, Gustaf",1890,17,250882,67.76093940577643
kraft,"Thorsén, Alfred",1890,7,17596,397.81768583769036
kraft,"Thörnberg, Carl Henrik",1880,14,19742,709.1480093202309
kraft,"Tibell, Charlotta Cecilia af",1850,31,47302,655.3634095809903
kraft,"Tibell, Charlotta Cecilia af",1870,22,97673,225.24136660080063
kraft,"Tigerschiöld, Carl Wickman",1860,9,112340,80.11393982552964
kraft,"Tigerschiöld, Hugo",1880,11,13688,803.6236119228521
kraft,"Tigerschiöld, Hugo",1890,8,18949,422.1858673280912
kraft,"Tilas, Daniel",1890,1,15706,63.66993505666624
kraft,"Tiselius, Carl August",1920,10,266673,37.499109396151844
kraft,"Tjörner, Olof",1880,36,100662,357.632473028551
kraft,"Tollstorp, Jacob Philip",1830,4,45173,88.54846921833838
kraft,"Topelius, Zacharias",1850,51,247138,206.36243718084634
kraft,"Topelius, Zacharias",1860,62,408043,151.94477052663566
kraft,"Topelius, Zacharias",1870,63,270386,233.00022930181296
kraft,"Topelius, Zacharias",1880,268,1225979,218.60080800731498
kraft,"Topelius, Zacharias",1890,51,155883,327.1684532630242
kraft,"Torckell, Olga",1890,2,85119,23.49651664140791
kraft,"Tornberg, Carl Johan",1870,28,239217,117.04853752032673
kraft,"Torpadius, Johan Israel",1800,1,4458,224.31583669807088
kraft,"Torén, Rudolf Wilhelm",1880,12,85669,140.0740057663799
kraft,"Trolle, Henrik af",1850,23,60045,383.04604879673576
kraft,"Trolle, Henrik af",1860,83,322782,257.1394935281397
kraft,"Trolle, Henrik af",1870,427,1614288,264.51289980474365
kraft,"Trolle, Henrik af",1880,221,832850,265.35390526505375
kraft,"Tureson, Torsten",1890,2,20091,99.54706087302772
kraft,"Turi, Johan",1910,36,240734,149.54264873262605
kraft,"Tärnström, Samuel Fredrik",1850,22,88974,247.26324544248882
kraft,"Törnberg, Carl Ludvig",1880,8,34617,231.1003264292111
kraft,"Törnblom, Johan August",1900,23,136863,168.0512629417739
kraft,"Törnblom, Johan August",1910,65,599083,108.49915621040824
kraft,"Törnblom, Johan August",1920,16,120756,132.49859220245784
kraft,"Törnebladh, Ragnar",1880,60,187908,319.30519190242035
kraft,"Törnegren, Carl Wilhelm",1860,7,10356,675.9366550791812
kraft,"Törnqvist, Johan Peter",1870,10,94956,105.31193394835503
kraft,"Uddgren, Gustaf",1890,24,21335,1124.9121162409187
kraft,"Uddgren, Gustaf",1900,14,69812,200.53858935426575
kraft,"Uddgren, Gustaf",1910,52,244634,212.56244021681368
kraft,"Uddman, Ulrik",1880,1,21512,46.48568240981778
kraft,"Ulfsson, Sten",1890,103,425150,242.26743502293309
kraft,"Ulin, U.",1880,2,4379,456.72527974423383
kraft,"Ullman, Gustaf",1900,14,85560,163.62786348761102
kraft,"Ullner, Constance",1880,5,54437,91.84929367893162
kraft,"Undset, Sigrid",1910,3,69510,43.15925766076823
kraft,"Undset, Sigrid",1920,8,124115,64.456350964831
kraft,"Unge, Otto Sebastian von",1820,7,56635,123.59848150437008
kraft,"Unge, Otto Sebastian von",1830,15,109485,137.00506918755994
kraft,"Unonius, Gustaf",1830,5,17886,279.54825002795485
kraft,"Upmark, Gustaf, d. y.",1920,11,138103,79.65069549539112
kraft,Utile Dulci,1760,6,20803,288.41993943181274
kraft,Utile Dulci,1770,21,41238,509.23905136039576
kraft,Utile Dulci,1780,14,22978,609.278440247193
kraft,"Utterström, Olof Philip",1870,15,57762,259.68629895086735
kraft,"Valentin, Guido",1910,2,13299,150.3872471614407
kraft,"Valerius, Johan David",1830,33,28756,1147.5865906245654
kraft,"Vallentin, Hugo",1890,5,46617,107.2570092455542
kraft,"Vegesack, Anna Helena von",1830,1,23236,43.036667240488896
kraft,"Vegesack, Anna Helena von",1840,1,18779,53.250971830235905
kraft,"Vegesack, Ernst von",1840,9,60967,147.62084406318172
kraft,"Vendell, Herman",1880,7,8607,813.2915069129778
kraft,"Vest, Eliel",1890,6,24020,249.7918401332223
kraft,"Vester, A. B.",1890,23,142413,161.5021100601771
kraft,"Vestlinger, Johanna Leontina",1840,6,14502,413.7360364087712
kraft,"Victorin, Alfred",1880,1,2063,484.7309743092584
kraft,"Vikström, Arvid",1870,3,9415,318.6404673393521
kraft,"Vikström, Arvid",1880,2,795,2515.723270440252
kraft,"Vikström, Arvid",1890,6,8891,674.8397255651782
kraft,"Vinell, Sigrid",1880,4,40304,99.24573243350535
kraft,"Virdestam, Gotthard",1920,51,316868,160.95030107173966
kraft,"Virdestam, Gotthard",1930,153,906231,168.83112583877622
kraft,"Virgin, Axel Gustaf",1850,7,15383,455.04778001690175
kraft,"Virgin, Axel Gustaf",1860,37,48881,756.9403244614472
kraft,"Virgin, Axel Gustaf",1870,26,29267,888.3725697884989
kraft,"Virgin, Axel Gustaf",1880,19,30166,629.848173440297
kraft,"Virgin, Robert Wilhelm Urban",1840,2,13901,143.8745413998993
kraft,"Visén, Karl",1880,20,81564,245.2062184296994
kraft,"Väpling, Karl",1880,2,17103,116.93854879260948
kraft,"Värnlund, Rudolf",1920,47,140336,334.9105005130544
kraft,"Värnlund, Rudolf",1930,28,148105,189.05506228689106
kraft,"Wachtmeister, Hans",1880,1,51989,19.234838138837063
kraft,"Wadman, Johan Anders",1850,43,95994,447.94466320811716
kraft,"Wadström, Carl Gustaf",1830,11,27880,394.5480631276901
kraft,"Wadström, Gustaf Adolf Sebastian",1860,9,43734,205.78954589106874
kraft,"Wahlberg, Ferdinand von",1880,45,144025,312.4457559451484
kraft,"Wahlenberg, Anna",1880,35,343965,101.75453897925661
kraft,"Wahlenberg, Anna",1890,58,523166,110.86347354377004
kraft,"Wahlenberg, Anna",1900,9,66873,134.58346417836796
kraft,"Wahlenberg, Anna",1910,5,58907,84.87955591016348
kraft,"Wahlin, Olof Fredrik",1830,15,10764,1393.5340022296543
kraft,"Wahlström, Oscar Frithiof",1880,4,14679,272.4981265753798
kraft,"Wahlström, Pehr",1800,22,32010,687.2852233676975
kraft,"Walanger, Augusta",1840,11,30394,361.91353556623017
kraft,"Walde, Otto",1910,7,151473,46.212856416655114
kraft,"Walde, Otto",1920,7,242344,28.884560789621364
kraft,"Wall, Wilhelm August",1840,8,8702,919.3288899103654
kraft,"Wallenberg, Jacob",1880,1,79294,12.611294675511388
kraft,"Wallengren, Axel",1890,2,57623,34.708362980060045
kraft,"Wallensteen, Nanna",1900,18,71755,250.85359905233085
kraft,"Wallin, Johan Olof",1820,42,39127,1073.4275564188413
kraft,"Wallin, Johan Olof",1830,3,4180,717.7033492822967
kraft,"Wallin, Johan Olof",1840,6,5634,1064.9627263045793
kraft,"Wallin, Johan Peter",1870,6,11755,510.42109740535943
kraft,"Wallin, Johan Peter",1880,50,263442,189.7950972130488
kraft,"Wallin, Johan Peter",1890,1,4054,246.66995559940798
kraft,"Wallin, R. W.",1890,3,28377,105.7194206575748
kraft,"Wallin, William",1880,9,9253,972.6575164811412
kraft,"Wallmark, Ernst",1870,6,31041,193.29274185754326
kraft,"Wallmark, Ernst",1880,12,64632,185.6665428889714
kraft,"Wallmark, Peter Adam",1810,1,399034,2.5060521158598013
kraft,"Wallmo, Uno",1900,15,105865,141.68988806498842
kraft,"Wallén, Anders",1840,5,7862,635.970490969219
kraft,"Wallén, Nils Jacob",1860,4,15010,266.4890073284477
kraft,"Warburg, Karl",1900,217,453357,478.65148216526933
kraft,"Warburg, Karl",1910,18,104648,172.0051983793288
kraft,"Warholm, Johan Wilhelm",1870,25,572587,43.661487249972495
kraft,"Wavrinsky, Edvard",1870,12,8707,1378.2014471115194
kraft,"Waxberg, Harald",1890,31,30098,1029.9687686889495
kraft,"Wecksell, Josef Julius",1860,31,54387,569.9891518193685
kraft,"Weiland, Per",1880,13,99440,130.73209975864845
kraft,"Weiland, Per",1890,21,49835,421.3905889435136
kraft,"Wejdling, Eva",1880,3,5869,511.16033395808483
kraft,"Welin, Carl",1850,5,15000,333.3333333333333
kraft,"Weman, Adèle",1890,10,56305,177.60412041559366
kraft,"Wendel, Johan",1860,45,68237,659.4662719638906
kraft,"Wennberg, Fredrik Wilhelm",1850,20,56848,351.81536729524345
kraft,"Wennberg, Fredrika",1860,8,105195,76.04924188411997
kraft,"Wennberg, Fredrika",1880,15,59011,254.1898967989019
kraft,"Wennerberg, Edvard",1880,2,6179,323.6769703835572
kraft,"Wennerberg, Gunnar",1880,29,145887,198.78399034869454
kraft,"Wennerberg, Ingrid",1890,10,35614,280.7884539787724
kraft,"Wenström, Carl Edmund",1830,1,4609,216.9668040789759
kraft,"Wenström, Carl Edmund",1840,8,25271,316.5683985596138
kraft,"Wernberg, Hjalmar",1890,79,491632,160.68929605884077
kraft,"Wernberg, Hjalmar",1900,45,298542,150.7325602427799
kraft,"Weser, Lars August",1850,2,2166,923.3610341643582
kraft,"Westdahl, Pauline",1870,10,55517,180.12500675468775
kraft,"Wester, Anders Magnus",1890,2,13073,152.98707259236593
kraft,"Wester, Ellen",1900,12,51024,235.18344308560677
kraft,"Westerberg, Ernst",1890,13,47751,272.2456074218341
kraft,"Westerberg, Ernst",1900,3,51307,58.47155358917887
kraft,"Westerdahl, Alfred",1880,9,2955,3045.6852791878173
kraft,"Westergren, Georg",1870,4,20389,196.18421697974398
kraft,"Westerlund, Carl Agardh",1850,8,17232,464.2525533890436
kraft,"Westerlund, Johan Alfred",1910,253,910029,278.0131182632641
kraft,"Westermarck, Helena",1890,21,104885,200.21928779139057
kraft,"Westermarck, Helena",1900,23,59655,385.5502472550499
kraft,"Westermark, Ottilia",1890,40,160024,249.96250562415636
kraft,"Westerstrand, Adolf",1880,4,41823,95.64115438873347
kraft,"Westholm, Erik",1850,9,18755,479.87203412423355
kraft,"Westin, Carl Emanuel",1880,13,51378,253.02658725524543
kraft,"Wetter, Gustaf",1880,3,752,3989.3617021276596
kraft,"Wetterbergh, Carl Anton",1840,217,912252,237.8728684617847
kraft,"Wetterbergh, Carl Anton",1850,221,959464,230.33693812378579
kraft,"Wetterbergh, Carl Anton",1860,25,66094,378.24916028686414
kraft,"Wetterbergh, Carl Anton",1880,187,923099,202.5784883311541
kraft,"Wetterbergh, Carl Anton",1890,28,120957,231.48722273204527
kraft,"Wettergrund, Josefina",1850,24,168649,142.30739583395098
kraft,"Wettergrund, Josefina",1860,60,404417,148.3617157537888
kraft,"Wettergrund, Josefina",1870,13,152526,85.23137038931067
kraft,"Wettergrund, Josefina",1880,85,507018,167.6469079993215
kraft,"Wetterhoff, Karl",1880,12,38054,315.34135701897304
kraft,"Wetterhoff, Onni",1860,9,45046,199.7957643297962
kraft,"Wetterstedt, Niklas Joakim af",1830,4,77158,51.841675522952904
kraft,"Whitlock, Anna",1880,10,36900,271.00271002710025
kraft,"Whitlock, Ellen",1890,10,9299,1075.3844499408538
kraft,"Wichmann, Karl Emil",1880,24,74028,324.2016534284325
kraft,"Wichmann, Karl Emil",1890,11,29810,369.00369003690037
kraft,"Wickman, Fredrika",1870,7,30601,228.75069442175092
kraft,"Wickström, Victor Hugo",1870,1,21494,46.52461151949381
kraft,"Wickström, Victor Hugo",1880,77,221642,347.40707988558125
kraft,"Wickström, Victor Hugo",1890,87,213549,407.4006434120506
kraft,"Wickström, Victor Hugo",1900,31,62978,492.23538378481373
kraft,"Widmark, Per Fredrik",1850,8,22405,357.06315554563713
kraft,"Widmark, Per Fredrik",1860,8,13802,579.6261411389654
kraft,"Widmark, Per Fredrik",1870,7,16046,436.2457933441356
kraft,"Wieselgren, Sigfrid",1860,21,70218,299.0686148850722
kraft,"Wieselgren, Sigfrid",1870,10,46486,215.11853031020092
kraft,"Wieselgren, Sigfrid",1880,38,114362,332.27820429863067
kraft,"Wieselgren, Sigfrid",1890,20,53095,376.6833035125718
kraft,"Wigert, Inèz",1890,13,61951,209.84326322416103
kraft,"Wigforss, John",1890,3,20931,143.32807797047442
kraft,"Wigström, Eva",1870,44,383015,114.87800738874456
kraft,"Wigström, Eva",1880,55,277212,198.40410949020966
kraft,"Wigström, Eva",1890,15,156657,95.75058886612153
kraft,"Wijkander, Oscar",1860,1,12665,78.95775759968417
kraft,"Wijkander, Oscar",1880,11,98180,112.03911183540436
kraft,"Wiklund, Karl Bernhard",1890,7,45943,152.36271031495548
kraft,"Wiklund, Karl Bernhard",1900,4,41691,95.94396872226619
kraft,"Wikner, Pontus",1860,41,124054,330.50123333387074
kraft,"Wikner, Pontus",1880,80,114897,696.2757948423371
kraft,"Wilde, Oscar",1900,1,3771,265.1816494298595
kraft,"Willasson, Helge",1890,2,11651,171.65908505707665
kraft,"Wilén, Fritz",1880,10,60454,165.41502630098918
kraft,"Wingård, Johan",1800,1,3257,307.0310101320233
kraft,"Winter, Reinhold",1870,10,33261,300.6524157421605
kraft,"Winter, Reinhold",1880,34,150214,226.34374958392692
kraft,"Winter, Reinhold",1890,15,55474,270.3969427119011
kraft,"Wipperling, Nils Fredrik",1830,3,37057,80.95636451952397
kraft,"Wipperling, Nils Fredrik",1840,16,50292,318.142050425515
kraft,"Wipperling, Nils Fredrik",1850,8,28519,280.5147445562607
kraft,"Wirsén, Carl David af",1870,20,29796,671.2310377231843
kraft,"Wirsén, Carl David af",1880,21,51798,405.42105872813625
kraft,"Wirsén, Carl David af",1890,8,27350,292.50457038391227
kraft,"Wirsén, Carl David af",1900,48,137790,348.35619420857824
kraft,"Witt, Otto",1900,4,14727,271.60996808582877
kraft,"Witt, Otto",1910,370,530862,696.9796293575355
kraft,"Witt, Otto",1920,1,8489,117.79950524207798
kraft,"Witt, Theodor",1890,1,7901,126.56625743576762
kraft,"Wranér, Henrik",1880,13,276476,47.02035619728294
kraft,"Wranér, Henrik",1890,12,280678,42.75361802492536
kraft,"Wranér, Henrik",1900,3,28198,106.39052415064899
kraft,"Wulff, Margarethe",1850,2,26111,76.59607062157711
kraft,"Wägner, Elin",1900,7,74246,94.28117339654662
kraft,"Wägner, Elin",1910,104,601051,173.03024202605104
kraft,"Wägner, Elin",1920,130,608843,213.51974154256516
kraft,"Wägner, Elin",1930,176,611590,287.77448944554357
kraft,"Wägner, Elin",1940,174,474886,366.40372636801254
kraft,"Wästberg, Anna",1850,1,14439,69.25687374471916
kraft,"Wästberg, Anna",1860,12,68721,174.61911206181517
kraft,"Wästberg, Anna",1880,25,155407,160.86791457270266
kraft,"Wästberg, Efraim",1890,8,40886,195.66599814117302
kraft,"Wågman, Frans Oskar",1900,8,70243,113.89035206355082
kraft,"Wåhlin, A.",1880,4,37543,106.54449564499375
kraft,"Wåhlin, Carl Ludvig",1890,118,82866,1423.985711872179
kraft,"Wåhlstrand, Karin",1880,12,69220,173.36030049118753
kraft,"Wærnér, Ninian",1890,13,97174,133.78064091217814
kraft,"Wærnér, Ninian",1900,6,67609,88.74558120960228
kraft,"Zaar, Ludvig Christofer Gustaf",1830,15,61577,243.5974470987544
kraft,"Zachrisson, Waldemar",1890,23,223780,102.77951559567433
kraft,"Zachrisson, Waldemar",1900,20,217780,91.8357975939021
kraft,"Zachrisson, Waldemar",1910,3,70119,42.78440936122877
kraft,"Zachrisson, Waldemar",1920,4,73614,54.33749015132991
kraft,"Zedritz, Carl Edvard",1830,9,62621,143.72175468293383
kraft,"Zeipel, Carl von",1830,1,1715,583.0903790087464
kraft,"Zeipel, Carl von",1840,107,881480,121.38675863320779
kraft,"Zethelius, Ingeborg",1890,10,35582,281.0409757742679
kraft,"Zethraeus, August Gerhard",1880,16,25848,619.0034045187249
kraft,"Zetterholm, Carl",1880,8,20889,382.97668629422185
kraft,"Zetterqvist, Edvard Alexander",1920,31,145786,212.64044558462405
kraft,"Zetterstedt, Johan Wilhelm",1860,25,36786,679.6063719893438
kraft,"Zetterström, Hasse",1890,1,19634,50.93205663644698
kraft,"Zetterström, Hasse",1900,2,30996,64.5244547683572
kraft,"Zilliacus, Konni, d. ä.",1890,8,157875,50.67300079176564
kraft,"Åberg, Johan Eggert",1850,3,33839,88.65510210112592
kraft,"Åberg, Jon Olof",1870,77,389810,197.5321310381981
kraft,"Åberg, Jon Olof",1880,675,2320133,290.9315974558355
kraft,"Åberg, Jon Olof",1890,395,1280352,308.5089100497363
kraft,"Åberg, Jon Olof",1900,11,65020,169.17871424177176
kraft,"Åberg, Katie",1880,233,282619,824.4314784214791
kraft,"Ågren, Lars Petter",1850,1,8487,117.82726522917403
kraft,"Ågren, Robert",1890,1,2590,386.1003861003861
kraft,"Åkerberg, Erik",1910,16,52870,302.62909022129753
kraft,"Åkerberg, Sven",1890,9,36123,249.1487417988539
kraft,"Åkerblom, Axel",1890,3,4949,606.1830672863205
kraft,"Åkerholm, Samuel",1830,1,3107,321.853878339234
kraft,"Åkerlund, P. A.",1860,8,7450,1073.8255033557048
kraft,"Åkerlund, Sven",1900,2,8779,227.81637999772184
kraft,"Åkerström, Gustafva",1840,1,4961,201.57226365652087
kraft,"Ålund, Paulus",1890,3,11188,268.1444404719342
kraft,"Åslund, Daniel",1850,19,141374,134.39529192072092
kraft,"Åslund, Daniel",1880,4,40490,98.78982464806126
kraft,"Öberg, Emil",1850,2,7508,266.3825253063399
kraft,"Öberg, Emil",1870,9,37772,238.27173567722122
kraft,"Öberg, Ludvig Teodor",1840,3,9561,313.7747097583935
kraft,"Öberg, Ludvig Teodor",1850,84,360523,232.99484360221123
kraft,"Öberg, Ludvig Teodor",1860,73,288825,252.74820392971523
kraft,"Öberg, Ludvig Teodor",1870,46,158100,290.955091714105
kraft,"Ödberg, Pehr Ivar",1870,11,24701,445.32610015788833
kraft,"Ödman, Pelle",1880,69,295814,233.25468030586788
kraft,"Ödman, Pelle",1890,21,97994,214.29883462252792
kraft,"Ödmann, Jenny Maria",1860,8,20491,390.4153042799278
kraft,"Ödmann, Jenny Maria",1870,15,116907,128.30711591264853
kraft,"Ödmann, Jenny Maria",1880,118,700126,168.54109117501707
kraft,"Ödmann, Jenny Maria",1890,30,221571,135.3967802645653
kraft,"Ödmann, Jenny Maria",1900,41,218431,187.7022950039143
kraft,"Ödmann, Samuel",1840,7,53727,130.28830941612225
kraft,"Ödmann, Samuel",1920,53,247519,214.12497626444838
kraft,"Öhberg, Viktor Wilhelm",1890,15,60274,248.86352324385308
kraft,"Öhlin, Carl Gustaf",1870,5,11730,426.25745950554136
kraft,"Ölander, Axel Herman",1860,6,12017,499.2926687193143
kraft,"Öman, Victor Emanuel",1860,29,58221,498.1020593943766
kraft,"Östergren, Carl Ludvig",1870,41,53569,765.3680300173608
ladda,"Afzelius, Anders Johan",1840,2,18889,105.88173010746996
ladda,"Afzelius, Anders Johan",1850,5,85174,58.70336018033672
ladda,"Afzelius, Arvid August",1840,1,62722,15.943369152769364
ladda,"Agrell, Alfhild",1880,1,251326,3.978895935955691
ladda,"Agrell, Alfhild",1890,1,302899,3.3014305098399137
ladda,"Ahlbom, Mathilda",1860,4,395655,10.109817896905133
ladda,"Ahlin, Johan Olof",1880,2,70471,28.380468561535952
ladda,"Ahlqvist, Abraham",1840,1,165083,6.057558924904442
ladda,"Ahnfelt, Arvid",1870,2,834238,2.3973973853984116
ladda,"Ahrenberg, Jac",1870,1,87463,11.433406126019003
ladda,"Ahrenberg, Jac",1880,1,146333,6.833728550634512
ladda,"Ahrenberg, Jac",1890,1,379201,2.6371238472472385
ladda,"Alcott, Louisa May",1870,3,411350,7.293059438434423
ladda,"Aldén, Gustaf Alfred",1880,1,12405,80.61265618702136
ladda,"Alfthan, Johannes",1870,2,128378,15.578993285453894
ladda,"Allardt, Anders",1880,1,63688,15.701545032031152
ladda,"Almqvist, C.J.L.",1830,14,621640,22.521073290007077
ladda,"Almqvist, C.J.L.",1840,10,1578875,6.333623624416119
ladda,"Almqvist, C.J.L.",1870,1,63352,15.784821315822706
ladda,"Ameen, Georg",1830,1,77692,12.871338104309324
ladda,"Amiel, Henri Frédéric",1900,1,79311,12.608591494244179
ladda,"Aminoff, Ivan",1900,2,34559,57.87204490870685
ladda,"Anders, Ludwig",1890,5,42039,118.93717738290636
ladda,"Anderson, Alfred",1860,4,165183,24.215566977231312
ladda,"Anderson, Hedda",1900,1,138746,7.207414988540211
ladda,"Andersson, Dan",1910,1,187950,5.3205639797818565
ladda,"Andersson, Dan",1920,22,132920,165.51309058080048
ladda,"Andersson, Hilding",1900,2,35557,56.2477149365807
ladda,"Andersson, Hilma",1900,1,78576,12.726532274485848
ladda,"Angered Strandberg, Hilma",1880,2,86852,23.02767927048312
ladda,"Angered Strandberg, Hilma",1890,3,185465,16.175558730757825
ladda,"Angered Strandberg, Hilma",1900,2,160957,12.425678908031337
ladda,"Angered Strandberg, Hilma",1910,2,140462,14.238726488302886
ladda,Anonym,1700,2,1796708,1.1131469331688844
ladda,Anonym,1830,3,334683,8.963705954589866
ladda,Anonym,1840,6,731519,8.20211094995482
ladda,Anonym,1850,10,858377,11.64989276273712
ladda,Anonym,1860,21,1427646,14.709528832777874
ladda,Anonym,1870,13,1872242,6.943546827813925
ladda,Anonym,1880,24,1657613,14.478650927568738
ladda,Anonym,1890,38,1991534,19.0807688947314
ladda,Anonym,1900,7,280356,24.968254647662256
ladda,Anonym,1910,1,81024,12.342022116903633
ladda,"Anrep, Gabriel",1870,2,701580,2.8507084010376578
ladda,"Arfwedson, Carl David",1840,2,317219,6.304792588085833
ladda,"Arfwidsson, Nils",1840,1,176017,5.681269422839839
ladda,"Armfelt, Gustaf Johan Philip",1850,1,21064,47.47436384352449
ladda,"Arnoldson, K. P.",1860,1,68739,14.547782190605043
ladda,"Arosenius, Fredrik Reinhold",1860,1,66932,14.940536664076973
ladda,"Arvidsson, Adolf Ivar",1840,1,117644,8.50022100574615
ladda,"Atterbom, P.D.A.",1840,1,628322,1.5915406431734047
ladda,"Atterbom, P.D.A.",1910,1,115202,8.680404854082395
ladda,"Aurell, Wilhelm",1860,2,194453,10.28526173419798
ladda,"Axelson, Maximilian",1840,1,76978,12.99072462261945
ladda,"Axelsson, Arvid",1880,1,53918,18.54668199859045
ladda,"Backlund, Gusten",1880,1,21995,45.464878381450326
ladda,"Bagger, Alban Agathon",1890,10,46140,216.7316861725184
ladda,"Barnekow, Kjell Christoffer",1910,1,41861,23.888583645875634
ladda,"Beckman, Edvard",1850,2,57597,34.72403076549126
ladda,"Bellman, Carl Michael",1870,2,134584,14.860607501634666
ladda,"Bellman, Carl Michael",2000,1,104933,9.529890501558137
ladda,"Benedictsson, Victoria",1880,1,449815,2.223136178206596
ladda,"Benedictsson, Victoria",1890,1,210958,4.740280055745694
ladda,"Bensow, Oscar",1890,1,37816,26.44383329807489
ladda,"Benzon, Karl",1880,1,16297,61.36098668466589
ladda,"Berg, Carl Oscar",1880,1,84676,11.809721762955265
ladda,"Berg, Carl Oscar",1890,3,210534,14.24947989398387
ladda,"Berg, Daniel",1910,2,62030,32.24246332419797
ladda,"Berg, Johan August",1860,2,133607,14.969275561909182
ladda,"Berg, Per Gustaf",1870,14,490594,28.536834938870022
ladda,"Berg, Ruben G:son",1890,1,81889,12.211652358680652
ladda,"Berg, Wilhelm",1880,4,380111,10.523241895130633
ladda,"Berg, Wilhelm",1890,4,980146,4.081024663672555
ladda,"Berg, Wilhelm",1900,3,183354,16.361791943453646
ladda,"Berger, Henning",1900,2,187588,10.661662792929185
ladda,"Berger, Lars",1880,1,149277,6.698955632816844
ladda,"Bergh, Richard",1900,1,82704,12.091313600309539
ladda,"Berglund, Anders Olof",1890,1,8107,123.35019119279634
ladda,"Bergman, Carl Johan",1880,3,180845,16.588791506538747
ladda,"Bergman, Carl Wilhelm",1840,1,128252,7.797149362193182
ladda,"Bergman, Dan",1890,2,48251,41.44991813641168
ladda,"Bergman, Hjalmar",1910,3,487777,6.150351492587801
ladda,"Bergman, Hjalmar",1920,5,660281,7.572533512247058
ladda,"Bergman, Hjalmar",1930,1,100439,9.956291878652715
ladda,"Bergman, Johan Magnus",1870,1,202066,4.948878089337147
ladda,"Bergstedt, Anna Elisabet Matilda",1860,1,120779,8.279585027198436
ladda,"Bergsten, Richard",1880,1,17597,56.82786838665682
ladda,"Bergstrand, Per Emanuel",1860,1,35553,28.127021629679632
ladda,"Bergstrand, Per Emanuel",1880,1,42232,23.67872703163478
ladda,"Bergström, Richard",1880,4,223858,17.868470190924604
ladda,"Bergsøe, Vilhelm",1870,2,82959,24.108294458708517
ladda,"Berlin, Anna Catharina",1840,1,97974,10.206789556412925
ladda,"Berndtson, Fredrik",1840,2,69987,28.57673567948333
ladda,"Beskow, Bernhard von",1830,1,53780,18.59427296392711
ladda,"Beskow, Bernhard von",1870,1,104308,9.586992368754075
ladda,"Beskow, Carl Adolf",1880,1,31438,31.808639226413895
ladda,"Beskow, Carl Adolf",1890,1,22683,44.085879292862494
ladda,"Beskow, Elisabeth",1900,1,92751,10.781554915849965
ladda,"Bjursten, Herman",1850,2,1007894,1.9843356543446038
ladda,"Bjursten, Herman",1860,3,393956,7.6150636111646985
ladda,"Björkstén, Emilie",1860,1,30348,32.95110056675893
ladda,"Björlin, Gustaf",1870,7,247102,28.328382611229372
ladda,"Björlin, Gustaf",1880,5,130906,38.195346279009364
ladda,"Björlin, Gustaf",1890,4,189304,21.130034230655454
ladda,"Björlin, Gustaf",1900,1,147723,6.769426561875943
ladda,"Björlin, Gustaf",1910,3,148514,20.200115813997332
ladda,"Björling, Fridolf",1870,6,155334,38.62644366333192
ladda,"Björling, Fridolf",1880,2,244028,8.195780812037963
ladda,"Blanche, August",1840,13,1028385,12.641180102782519
ladda,"Blanche, August",1850,9,306375,29.37576499388005
ladda,"Blixén, Amalia",1860,1,101428,9.859210474425208
ladda,"Blomberg, Harry",1920,4,267112,14.97499176375453
ladda,"Blomgren, E. G.",1860,1,8061,124.05408758218583
ladda,"Blumauer, Karl",1830,1,17434,57.359183205231155
ladda,"Boberg, Carl",1890,1,57148,17.498425141737243
ladda,"Bohman, John G.",1880,1,151148,6.616031968666473
ladda,"Bolander, Sophie",1850,3,280366,10.7002988950158
ladda,"Bolander, Sophie",1860,2,532782,3.7538805740434174
ladda,"Bonaparte, Napoleon",1830,2,82500,24.242424242424242
ladda,"Bondeson, August",1880,7,429341,16.30405668221763
ladda,"Bondeson, August",1890,5,148263,33.72385558096086
ladda,"Bondeson, August",1900,2,177147,11.290058538953524
ladda,"Bore, Erik",1900,5,28857,173.26818449596286
ladda,"Borgström, Ferdinand Ludvig",1870,1,37312,26.801029159519725
ladda,"Boye, Karin",1930,9,221708,40.59393436411857
ladda,"Boye, Karin",1940,6,194585,30.83485366292366
ladda,"Brag, Eva",1880,1,104257,9.5916820932887
ladda,"Branting, Anna",1890,1,140671,7.108785748306332
ladda,"Braun, Wilhelm von",1830,2,73189,27.326510814466655
ladda,"Braun, Wilhelm von",1840,6,407518,14.723276027071197
ladda,"Braun, Wilhelm von",1880,3,89403,33.55592094225026
ladda,"Bremer, Fredrika",1850,3,594294,5.048006542216479
ladda,"Bremer, Fredrika",1910,2,960521,2.0822033042484236
ladda,"Bremer, Fredrika",1920,1,342503,2.9196824553361576
ladda,"Brinkman, Carl Gustaf von",1850,1,138346,7.228253798447371
ladda,"Brinkman, Carl Gustaf von",1860,2,195382,10.23635749454914
ladda,"Brontë, Charlotte",1850,1,440109,2.2721643956383533
ladda,"Bruhn, Johan Niklas",1850,1,40203,24.873765639380146
ladda,"Brunius, Carl Georg",1830,2,111909,17.871663583804697
ladda,"Brunius, Louise",1870,2,241064,8.29655195300833
ladda,"Bruzelius, Janne",1870,6,153969,38.9688833466477
ladda,"Bygdén, Leonard",1920,1,936869,1.0673850879898896
ladda,"Bäckman, Wilhelm",1850,1,195807,5.107069716608701
ladda,"Bäckmann, Ida",1900,1,184784,5.41172395878431
ladda,"Bäckmann, Ida",1920,4,36562,109.40320551392156
ladda,"Bäckmann, Ida",1940,1,240134,4.164341575953426
ladda,"Bååth, Albert Ulrik",1890,1,85886,11.643341173183057
ladda,"Bååth, Albert Ulrik",1900,1,19123,52.293050253621296
ladda,"Bååth-Holmberg, Cecilia",1900,1,48651,20.554562085054776
ladda,"Böttiger, Carl Wilhelm",1830,1,73615,13.584188005161991
ladda,"Böttiger, Carl Wilhelm",1840,1,25919,38.581735406458584
ladda,"Böttiger, Carl Wilhelm",1850,4,134044,29.840947748500493
ladda,"Böttiger, Carl Wilhelm",1880,2,198597,10.070645578734824
ladda,"Böttiger, Carl Wilhelm",1890,1,67941,14.718652948882118
ladda,"Carlberg, Frigga",1910,2,75942,26.335887914461036
ladda,"Carlsson, Gottfrid",1940,2,381621,5.240801737849856
ladda,"Carlström, Anna",1840,2,17514,114.19435879867534
ladda,"Carlén, Johan Gabriel",1830,2,29955,66.76681689200467
ladda,"Carlén, Johan Gabriel",1860,1,52742,18.9602214553866
ladda,"Carlén, Octavia",1860,2,226481,8.830762845448405
ladda,"Cavallin, Christian",1890,2,227529,8.790088296436938
ladda,"Cederborg, Carl August",1890,1,23468,42.61121527185956
ladda,"Cederqvist, August",1870,1,142601,7.012573544365046
ladda,"Chydenius, Karl",1860,5,149994,33.33466672000213
ladda,"Colliander, Harald",1890,1,14545,68.75214850464077
ladda,"Cramær, Mauritz",1880,2,52389,38.175952967225946
ladda,"Cronhamn, Anders Fredrik",1830,1,40444,24.725546434576206
ladda,"Cronstrand, Baltzar",1870,2,139436,14.343498092314753
ladda,"Crusenstolpe, Magnus Jacob",1840,13,1801700,7.215407670533385
ladda,"Cygnæus, Fredrik",1850,1,184039,5.4336309151864555
ladda,"Dahl, Mattis",1890,1,412666,2.4232672427580657
ladda,"Dahlgren, Carl Fredric",1830,3,287156,10.447283009931883
ladda,"Dahlgren, Fredrik August",1910,14,1254446,11.160305027079684
ladda,"Damm, Janne",1850,2,48104,41.576584067852984
ladda,"Damm, Janne",1870,2,222425,8.991794987074295
ladda,"Danielsson, Axel",1900,2,252369,7.9249036133598025
ladda,"Danielsson, Eleonore",1860,1,43491,22.99326297394863
ladda,"Danielsson, Johan",1890,2,49644,40.28684231729917
ladda,"Dardel, Fritz von",1920,1,84703,11.805957286046539
ladda,"Darwin, Charles",1870,2,433182,4.6169970128029325
ladda,"De Geer, Louis",1840,5,235626,21.220069092544964
ladda,"De Geer, Louis",1890,1,214224,4.668011053850176
ladda,"Douglass, Frederick",1890,1,246238,4.061111607469196
ladda,"Doyle, Arthur Conan",1890,3,255586,11.737732113652548
ladda,"Drake, Sigrid",1910,3,217327,13.804083247824707
ladda,"Drummond, Henry",1890,4,12132,329.7065611605671
ladda,"Duse, Samuel August",1900,1,107643,9.289967763811859
ladda,"Duse, Samuel August",1910,5,75808,65.95609962009287
ladda,"Edenberg, Albert Anderson",1880,5,686333,7.285093387612136
ladda,"Edwards, Amelia",1870,6,64911,92.43425613532375
ladda,"Ehrnrooth, Adelaide",1880,1,232129,4.307949459136945
ladda,"Ehrnrooth, Adelaide",1890,1,41863,23.88744237154528
ladda,"Eichhorn, Christoffer",1860,1,59856,16.70676289762096
ladda,"Ek, Karin",1910,1,126778,7.887803877644386
ladda,"Ekbohrn, Carl Magnus",1850,15,191154,78.4707617941555
ladda,"Ekelund, Vilhelm",1910,1,272156,3.674363232851747
ladda,"Ekelund, Vilhelm",1930,2,309651,6.458884356905032
ladda,"Ekman, Lotten",1910,1,28567,35.005425841005355
ladda,"Ekmarck, Carl Eric",1830,1,64051,15.612558742252268
ladda,"Ekström, Carl Otto",1860,10,76800,130.20833333333334
ladda,"Ekström, Carl Otto",1870,18,216094,83.29708367654817
ladda,"Elgenstierna, Gustaf",1930,1,5073413,0.19710597185760356
ladda,"Elgström, Ossian",1920,3,244964,12.246697473914534
ladda,"Elkan, Sophie",1890,1,421908,2.370184969234999
ladda,"Elkan, Sophie",1900,5,363242,13.764928064485934
ladda,"Elkan, Sophie",1910,17,140163,121.28735828999093
ladda,"Elmblad, Magnus",1870,1,61665,16.21665450417579
ladda,"Elmblad, Magnus",1880,1,37009,27.02045448404442
ladda,"Eneberg, Karl Fredrik",1860,4,24235,165.05054672993603
ladda,"Eneroth, Carl",1880,8,409038,19.558085067891003
ladda,"Eneroth, Carl",1890,4,381701,10.479406655995138
ladda,"Eneroth, Carl",1900,4,70816,56.48441030275644
ladda,"Engdahl, Axel",1910,1,66822,14.965131244201011
ladda,"Engelbrecht, Fredrik Gustaf",1830,1,5642,177.2421127259837
ladda,"Engelke, Wilhelm",1890,1,30904,32.35827077400984
ladda,"Engström, Albert",1900,7,133509,52.43092225992255
ladda,"Engström, Albert",1910,5,152861,32.709454995060874
ladda,"Engström, Albert",1920,1,59442,16.823121698462366
ladda,"Engström, Jon",1840,2,121961,16.398684825476998
ladda,"Fagerström, Victor",1870,1,20256,49.368088467614534
ladda,"Falck, August",1930,3,78704,38.11750355763367
ladda,"Falk, Hugo",1890,1,87835,11.38498320714977
ladda,"Falkman, Charlotta",1850,1,141207,7.081801893673826
ladda,"Fallström, Daniel",1880,1,128556,7.778711223124553
ladda,"Fallström, Daniel",1890,2,33920,58.9622641509434
ladda,"Fant, Johan Eric",1840,2,597435,3.3476445136290978
ladda,"Fersen, Axel von",1920,5,585424,8.540818278717648
ladda,"Fersen, Axel von",1930,3,227972,13.159510817117893
ladda,"Fitinghoff, Laura",1900,9,80183,112.24324358031004
ladda,"Flink, August",1890,2,24673,81.06026830948811
ladda,"Flodman, Anders",1870,3,458721,6.539922959707535
ladda,"Flygare-Carlén, Emilie",1830,3,386704,7.75787165377136
ladda,"Flygare-Carlén, Emilie",1840,5,2724568,1.835153316048636
ladda,"Flygare-Carlén, Emilie",1850,1,723308,1.3825368999098586
ladda,"Flygare-Carlén, Emilie",1860,3,814169,3.684738672192137
ladda,"Flygare-Carlén, Emilie",1870,2,329761,6.064998589887828
ladda,"Fogelholm, Axel",1890,1,27503,36.359669854197726
ladda,"Fornell, Bror Edvard",1840,1,132348,7.555837640160788
ladda,"Fredberg, Carl Rudolf A:son",1910,1,31647,31.598571744557145
ladda,"Fredin, Edvard",1890,1,47570,21.021652301870926
ladda,"Frey, J. M.",1830,1,9849,101.5331505736623
ladda,"Friman, Jeanette Charlotta",1850,1,158833,6.2959208728664695
ladda,"Frunck, Gudmund",1880,1,189241,5.2842671514101065
ladda,"Geijer, Erik Gustaf",1830,1,112391,8.89750958706658
ladda,"Geijer, Erik Gustaf",1840,1,131671,7.594686757144702
ladda,"Geijer, Erik Gustaf",1850,1,1627119,0.6145831988932585
ladda,"Geijer, Erik Gustaf",1920,1,1937136,0.5162260161392902
ladda,"Geijerstam, Gustaf af",1880,3,580180,5.170809059257472
ladda,"Geijerstam, Gustaf af",1890,6,967087,6.2041987949377875
ladda,"Gernandt-Claine, Jane",1890,1,201394,4.965391223174474
ladda,"Goncourt, Edmond de",1920,17,157664,107.82423381367973
ladda,"Gottman, Georg August",1860,1,14798,67.57669955399378
ladda,"Govenius, Lars Johan",1850,3,144240,20.798668885191347
ladda,"Govenius, Lars Johan",1870,2,236954,8.440456797521882
ladda,"Govenius, Lars Johan",1880,6,257372,23.312559252754767
ladda,"Govenius, Lars Johan",1890,2,131071,15.258905478710012
ladda,"Granath, Wilhelm",1890,43,4062759,10.583940617693543
ladda,"Granath, Wilhelm",1900,4,255329,15.666062217766099
ladda,"Granfelt, Axel Fredrik",1870,1,38718,25.827780360555813
ladda,"Gravallius, Daniel Ehrenfried",1840,2,30212,66.19886137958427
ladda,"Gravallius, Wilhelmina",1870,1,129250,7.7369439071566735
ladda,"Grimm, Jacob",1890,3,312708,9.593614490195327
ladda,"Grönwall, Wilhelmina",1840,2,107919,18.532417831892438
ladda,"Gullberg, Gustaf Teodor ",1880,1,20048,49.88028731045491
ladda,"Gullberg, Gustaf Teodor ",1890,1,32570,30.703101013202332
ladda,"Gullbrandssen, Emilia",1860,2,140190,14.266352806904914
ladda,"Gylander, Ebba Karolina",1840,1,42516,23.520556966788973
ladda,"Gyllenhaal, Aurore",1880,1,199328,5.016856638304704
ladda,"Gérard, Jean Ignace Isidore",1870,2,99295,20.14200110781006
ladda,"Hackzell, Emilie",1860,4,222573,17.971631779236475
ladda,"Hagström, K. A.",1900,1,305808,3.270025637000994
ladda,"Hallman, Axel",1860,1,82887,12.064618094514218
ladda,"Hallonlöf, Axel",1880,1,31567,31.67865175658124
ladda,"Hallén, Birger",1890,2,59542,33.58973497699103
ladda,"Hammargren, Tullius",1890,1,59915,16.690311274305266
ladda,"Hammarin, Johan",1840,1,415181,2.408588061592414
ladda,"Hammarström, Anders August",1830,1,6874,145.47570555717195
ladda,"Hamsun, Knut",1900,10,48503,206.172814052739
ladda,"Hansson, Ola",1890,2,285053,7.016239085363073
ladda,"Harrison, Mary St. Leger Kingsley",1900,1,185623,5.387263431794551
ladda,"Hasselskog, Nils",1920,3,97366,30.81157693650761
ladda,"Hasselskog, Nils",1930,2,157959,12.661513430700372
ladda,"Hebbe, Wendela",1840,1,82219,12.162638806115375
ladda,"Hedberg, Frans",1850,2,181657,11.00976015237508
ladda,"Hedberg, Frans",1870,1,470045,2.1274558818836495
ladda,"Hedberg, Frans",1880,1,397363,2.516590623686654
ladda,"Hedberg, Frans",1890,7,782051,8.950822900296783
ladda,"Hedberg, Frans",1910,1,74225,13.472549680026946
ladda,"Hedberg, John",1890,1,30794,32.47385854387218
ladda,"Hedberg, Tor",1880,1,214965,4.651920080013025
ladda,"Hedberg, Tor",1890,4,250637,15.959335612858437
ladda,"Hedenstierna, Alfred",1880,6,469833,12.770495048240544
ladda,"Hedenstierna, Alfred",1890,2,880308,2.2719320964935
ladda,"Hedenstierna, Alfred",1900,1,87712,11.400948558920103
ladda,"Hedin, Sven",1890,6,509247,11.782101809141732
ladda,"Hedin, Sven",1900,13,790072,16.454196579552242
ladda,"Hedin, Sven",1910,6,851315,7.047919982615131
ladda,"Hedvall, Yngve",1920,2,71320,28.042624789680314
ladda,"Hedvall, Yngve",1930,1,77482,12.906223380914277
ladda,"Hedvall, Yngve",1940,1,58997,16.950014407512246
ladda,"Hedvig Elisabet Charlotta, hertiginna och drottning av Sverige",1890,2,40241,49.7005541611789
ladda,"Heidenstam, Verner von",1890,2,358205,5.583394983319607
ladda,"Heidenstam, Verner von",1900,2,415213,4.816804868826361
ladda,"Heidenstam, Verner von",1910,5,146544,34.11944535429632
ladda,"Heller, Frank",1910,2,548425,3.646806764826549
ladda,"Heller, Frank",1920,2,86463,23.13128158865642
ladda,"Hemmer, Jarl",1910,3,37201,80.64299346791753
ladda,"Hermelin, Olof, d. y.",1890,1,20552,48.657065005838845
ladda,"Hernlund, Hugo",1880,1,139274,7.180091043554432
ladda,"Hertzberg, Rafaël",1880,3,134808,22.253872173758236
ladda,"Heurgren, Paul",1920,3,92804,32.326192836515666
ladda,"Hjelm, Runo",1890,2,223295,8.956761235137375
ladda,"Hjohlman, Hjalmar",1880,2,55038,36.338529743086596
ladda,"Hofberg, Herman",1900,2,1537883,1.3004890489068415
ladda,"Hofsten, Johanna Christina von",1860,1,122729,8.148033472121503
ladda,"Hofsten, Johanna Christina von",1890,1,231568,4.318385960063567
ladda,"Holmgren, Ann Margret",1890,2,122587,16.31494367265697
ladda,"Holmström, C. F. A.",1840,1,34162,29.27229084948188
ladda,"Hult, Oscar Walfrid",1880,1,1208,827.8145695364238
ladda,"Hultin, Constance",1840,1,211848,4.720365545107813
ladda,"Hultin, Måns",1870,1,104686,9.552375675830579
ladda,"Hydén, Nils",1890,4,324254,12.336008191109439
ladda,"Hydén, Nils",1900,7,276435,25.32240852279921
ladda,"Hyltén-Cavallius, Gunnar Olof",1920,4,324027,12.344650291488055
ladda,"Hässler, Otto",1880,7,401643,17.42841279444681
ladda,"Högberg, Olof",1900,2,342748,5.835190869093328
ladda,"Högman, August",1890,11,82592,133.18481208833785
ladda,"Högström, Erik",1850,1,10157,98.45426799251747
ladda,"Hörlin, Hugo",1890,1,27886,35.86028831671807
ladda,"Hülphers, Abraham Abrahamsson",1880,1,59439,16.823970793586703
ladda,"Idström, Ellen",1890,1,240165,4.163804051381342
ladda,"Indebetou, Johan Govert",1830,2,39103,51.146970820653145
ladda,"Ingelius, Axel Gabriel",1850,3,364678,8.226435375865833
ladda,"Ingelman, Georg Gabriel",1830,1,88369,11.316185540178116
ladda,"Ingelman, Georg Gabriel",1840,1,55592,17.988199740969925
ladda,"Ivendorff, Carl Johan",1840,2,78318,25.536913608621262
ladda,"Jacobsson, Christoffer Fritz",1830,2,83746,23.88173763523034
ladda,"Jahnsson, Evald Ferdinand",1870,2,87315,22.905571780335567
ladda,"James, D.",1880,10,311224,32.13119810811506
ladda,"Jensen, Alfred",1890,1,26471,37.77719013259794
ladda,"Johannesson, Petter Johan",1910,5,7774,643.1695394906097
ladda,"Johanson, Klara",1920,2,80164,24.948854847562497
ladda,"Johanson, Klara",1940,2,104609,19.11881386878758
ladda,"Johnson, John",1880,6,222048,27.021184608733247
ladda,"Johnson, John",1890,10,394527,25.34680769630469
ladda,"Johnson, John",1900,6,78583,76.35239173867122
ladda,"Jolin, Ellen",1910,1,82543,12.11489768968901
ladda,"Jolin, Johan",1860,9,247825,36.315948754161205
ladda,"Jolin, Johan",1870,7,380713,18.386553650650228
ladda,"Jolin, Johan",1880,5,261141,19.14674447903623
ladda,"Jolin, Johan",1890,10,451682,22.139469803977136
ladda,"Jonason, Aron",1910,1,625,1600.0
ladda,"Jonsson, Thorsten",1930,1,73758,13.55785135171778
ladda,"Jändel, Ragnar",1930,1,70595,14.16530915787237
ladda,"Karlfeldt, Erik Axel",1910,1,48090,20.79434393844874
ladda,"Karlfeldt, Erik Axel",1930,1,51894,19.270050487532277
ladda,"Kellgren, Johan Henric",1780,1,19480,51.3347022587269
ladda,"Kellmodin, Frithiof",1860,1,16083,62.17745445501461
ladda,"Kellmodin, Frithiof",1870,1,32799,30.488734412634532
ladda,"Kerfstedt, Amanda",1880,2,368134,5.432804359282218
ladda,"Kerfstedt, Amanda",1890,1,240721,4.154186797163521
ladda,"Kerfve, Axel",1890,9,948369,9.489977002622396
ladda,"Kerfve, Axel",1900,11,445915,24.668378502629427
ladda,"Kiellman-Göranson, Julius Axel",1840,6,519605,11.547232994293742
ladda,"Kiellman-Göranson, Julius Axel",1850,16,810772,19.73427794743775
ladda,"Kiellman-Göranson, Julius Axel",1860,5,607184,8.234736093177686
ladda,"Kiellman-Göranson, Julius Axel",1870,2,13598,147.08045300779526
ladda,"Kipling, Rudyard",1900,1,172746,5.788846051428108
ladda,"Kjellgren, Josef",1930,5,289746,17.25649361854866
ladda,"Klemming, Gustaf Edvard",1880,1,373934,2.674268721218183
ladda,"Knorring, Sophie von",1830,2,396920,5.03879875037791
ladda,"Knorring, Sophie von",1840,3,899110,3.3366328925270548
ladda,"Knös, Thekla",1850,1,89603,11.160340613595526
ladda,"Koch, Martin",1910,5,442498,11.299486099372201
ladda,"Koch, Richert von",1860,1,86347,11.581178269077096
ladda,"Koch, Richert von",1890,4,423042,9.455325948723768
ladda,"Krok, Johan Peter",1830,2,155292,12.878963501017438
ladda,"Krook, Herman Salomon",1860,1,73168,13.667176907937897
ladda,"Kruse, Sigrid",1900,2,31330,63.83657835939994
ladda,"Krusenstjerna, Agnes von",1920,2,447382,4.47045254391102
ladda,"Krusenstjerna, Agnes von",1930,8,760190,10.52368486825662
ladda,"Kræmer, Lotten von",1890,1,78946,12.666886226027918
ladda,"Kræmer, Vera von",1930,3,269227,11.143013145041174
ladda,"Kullberg, Carl A.",1850,1,49463,20.217131997654814
ladda,"Kullberg, Karl Anders af",1830,9,512752,17.552344993291104
ladda,"Kullberg, Karl Anders af",1840,9,708355,12.705493714309915
ladda,"Kullberg, Karl Anders af",1870,1,99840,10.01602564102564
ladda,"Kämpe, Alfred",1910,2,146622,13.640517794055462
ladda,"Kärrström, E. J.",1890,2,27653,72.32488337612556
ladda,"Lagerlöf, Selma",1890,7,695774,10.06073811323792
ladda,"Lagerlöf, Selma",1900,2,1232026,1.6233423645280214
ladda,"Lagerlöf, Selma",1910,6,705812,8.500847251109361
ladda,"Lagerlöf, Selma",1920,2,391795,5.1047103714952975
ladda,"Lagerlöf, Selma",1930,7,650198,10.765951294836341
ladda,"Lagerlöf, Selma",2010,4,232916,17.173573305397653
ladda,"Lamm, Martin",1940,3,213547,14.04842961970901
ladda,"Landahl, Martin",1900,3,58151,51.58982648621692
ladda,"Landqvist, Rudolf",1890,4,38814,103.05559849538827
ladda,"Lange, Ina",1880,1,120439,8.302958344057988
ladda,"Langlet, Mathilda",1890,4,538116,7.433341510008995
ladda,"Langlet, Mathilda",1900,1,168555,5.932781584645961
ladda,"Larsen, Anders",1910,1,15156,65.98046978094484
ladda,"Leffler, Anne Charlotte",1880,2,282798,7.07218580046535
ladda,"Leistenius, Jacob Gabriel",1840,1,28665,34.88574917146346
ladda,"Leistenius, Jacob Gabriel",1880,1,104877,9.53497907072094
ladda,"Leufstedt, Gustaf Joakim",1870,3,99897,30.03093185981561
ladda,"Levart, Johan",1890,1,74990,13.335111348179757
ladda,"Levertin, Oscar",1890,1,282783,3.536280469476595
ladda,"Levin, August Henrik",1830,1,21888,45.687134502923975
ladda,"Liedbeck, Carl Harald",1880,1,18771,53.27366682648767
ladda,"Liefde, Jan de",1850,3,25889,115.87933098999575
ladda,"Lilja, Nils",1840,5,39650,126.10340479192938
ladda,"Lilja, Nils",1860,1,22208,45.028818443804035
ladda,"Lilliestierna, August Edvard",1870,3,83278,36.02391988280218
ladda,"Limborg, Ossian",1880,15,129747,115.6096094707392
ladda,"Lindberg, Per",1910,2,44435,45.00956453246315
ladda,"Lindberg, Per",1920,1,49918,20.032853880363795
ladda,"Lindberg, Per",1930,6,101976,58.83737349964698
ladda,"Lindberg, Per",1940,4,328375,12.181195279786829
ladda,"Lindblad, Johan Michael",1850,2,73287,27.289969571683926
ladda,"Lindeberg, Anders",1830,3,408679,7.340724627397052
ladda,"Linder, Marie",1860,1,52998,18.86863655232273
ladda,"Lindfors, Otto",1880,1,55970,17.866714311238162
ladda,"Lindgren, Hellen",1890,1,42817,23.355209379452088
ladda,"Lindgren, Ida",1910,1,41886,23.874325550303205
ladda,"Lindholm, Fredrik",1880,1,183182,5.459051653546746
ladda,"Lindholm, Per August",1880,7,178880,39.13237924865832
ladda,"Lindholm, Per August",1890,5,252561,19.797197508720664
ladda,"Lindholm, Per August",1900,6,47581,126.10075450284778
ladda,"Lindhé, Wilma",1890,2,216303,9.246288770844602
ladda,"Lindhé, Wilma",1900,3,131308,22.84704663843787
ladda,"Lindorm, Erik",1910,1,10337,96.73986649898423
ladda,"Lindorm, Erik",1940,1,30602,32.67760277106071
ladda,"Lindqvist, Gustaf",1890,1,44200,22.624434389140273
ladda,"Lindqvist, Gustaf",1900,1,43779,22.842001873044154
ladda,"Lindqvist, Josef",1870,1,253336,3.947326870243471
ladda,"Lindqvist, Josef",1880,3,479767,6.2530353275652555
ladda,"Lindqvist, Uno Leopold",1840,1,90064,11.103215491206253
ladda,"Lindskoug, Anders",1880,1,28229,35.42456339225619
ladda,"Ling, Per Henrik",1860,2,492118,4.064065935405736
ladda,"Linnarsson, Linnar",1950,6,276292,21.716155371852967
ladda,"Linnarsson, Linnar",1960,4,72719,55.0062569617294
ladda,"Linnerhielm, Jonas Carl",1810,1,77357,12.927078351021885
ladda,"Ljunggren, Albert Gustaf",1890,2,71879,27.824538460468286
ladda,"Ljunggren, C. Aug.",1850,3,47444,63.232442458477365
ladda,"Ljunggren, Gustaf",1860,1,225853,4.427658698356896
ladda,"Ljunggren, Gustaf",1880,1,589132,1.6974124644392088
ladda,"Ljungstedt, Aurora",1860,4,448769,8.913271638638141
ladda,"Ljungstedt, Aurora",1870,12,1582446,7.58319715175115
ladda,"Lloyd, Llewellyn",1870,4,136804,29.238911142949036
ladda,"Londen, Lilly",1890,2,70211,28.48556493996667
ladda,"Lundeblom, Richard",1880,1,26248,38.09814081072844
ladda,"Lundeblom, Richard",1890,2,84549,23.65492199789471
ladda,"Lundegård, Axel",1890,6,663851,9.038172722493451
ladda,"Lundegård, Axel",1920,1,26090,38.328861632809506
ladda,"Lundin, Anders",1880,2,117497,17.021711192626196
ladda,"Lundin, August",1910,1,68724,14.550957453000407
ladda,"Lundquist, Aurora",1890,1,198157,5.046503530029219
ladda,"Lundquist, Ernst",1880,4,702213,5.696277340351147
ladda,"Lundquist, Ernst",1890,4,302445,13.225545140438758
ladda,"Lundqvist, Johan",1890,1,66266,15.090695077415266
ladda,"Lundström, Ingeborg",1890,3,72982,41.10602614343263
ladda,"Lundström, Isidor",1870,2,31253,63.99385658976738
ladda,"Lunell, Lars",1880,2,78551,25.461165357538416
ladda,"Lunell, Lars",1890,1,62226,16.070452865361744
ladda,"Læstadius, Petrus",1830,1,150434,6.647433425954239
ladda,"Löfgren, Nils Isak",1830,2,302305,6.615835001075073
ladda,"Lönnberg, Mathilda",1870,2,254456,7.859905052346968
ladda,"Lönnegren, August Valfrid",1880,2,12558,159.26102882624622
ladda,"Magnell, Carl Jakob",1890,9,33616,267.7296525464065
ladda,"Mallander, Gustaf Richard",1880,1,83270,12.009126936471718
ladda,"Malling, Mathilda",1890,2,295955,6.757784122586204
ladda,"Malmgren, Thure",1870,5,97568,51.246310265660874
ladda,"Malmström, Bernhard Elis",1830,1,26034,38.41130828916033
ladda,"Malmström, Karl Robert",1850,5,17374,287.7863474156786
ladda,"Malmström, Karl Robert",1870,10,65405,152.89350967051448
ladda,"Mankell, Julius",1870,3,13717,218.7067142961289
ladda,"Mattsson, Sven",1860,2,17908,111.68192986374804
ladda,"Meijer, Bernhard",1880,1,543470,1.84002796842512
ladda,"Melander, Richard",1880,3,201808,14.865614841829858
ladda,"Melander, Richard",1890,12,382060,31.408679265036906
ladda,"Melin, Karl Alfred",1880,1,13331,75.01312729727702
ladda,"Melin, Karl Alfred",1890,1,25115,39.816842524387816
ladda,"Mellin, Gustaf Henrik",1830,7,157305,44.49953911191634
ladda,"Mellin, Gustaf Henrik",1840,7,559527,12.510566961022436
ladda,"Mellin, Gustaf Henrik",1850,7,213613,32.76954117960985
ladda,"Mellin, Gustaf Henrik",1860,13,732670,17.74332236887002
ladda,"Mellin, Gustaf Henrik",1870,13,765675,16.978483037842427
ladda,"Meyer, Albertine",1880,2,335249,5.9657150356898905
ladda,"Meyer, Ernst",1880,5,356598,14.021391034161717
ladda,"Meyer, Ernst",1890,1,462563,2.1618676807267336
ladda,"Michaelson, Knut",1890,1,112357,8.900202034586185
ladda,"Mickwitz, Gerda von",1880,1,128866,7.759998758400199
ladda,"Molander, Harald",1880,1,78420,12.751849018107626
ladda,"Molander, Harald",1890,3,175885,17.056599482616484
ladda,"Molin, Pelle",1890,2,59495,33.61627027481301
ladda,"Montgomery, Lucy Maud",1910,1,221285,4.519059131888741
ladda,"Montgomery-Cederhielm, Hugo",1870,1,16244,61.56119182467373
ladda,"Montén, R. A.",1880,14,73222,191.19936631067165
ladda,"Mortensen, Johan",1900,1,233086,4.290261963395485
ladda,"Munthe, Axel",1880,1,97397,10.26725669168455
ladda,"Munthe, Axel",1900,2,96220,20.785699438786114
ladda,"Myrberg, Anna",1920,2,73330,27.273966998499933
ladda,"Mörne, Arvid",1920,2,92118,21.711283353959054
ladda,"Mörtengren, Frans",1860,1,11394,87.76549060909251
ladda,"Neander, John",1860,1,18882,52.960491473360875
ladda,"Nerman, Gustaf",1890,2,8002,249.93751562109472
ladda,"Nicander, Karl August",1830,2,385016,5.194589315768695
ladda,"Nicander, Karl August",1840,2,212547,9.4096835052953
ladda,"Nilsdorff, Heddi",1890,1,7904,126.51821862348179
ladda,"Nilsson, Nils August",1890,1,19058,52.4714030853185
ladda,"Nissen, Carl",1890,1,84972,11.76858259191263
ladda,"Nonnen, Emily",1850,1,75026,13.328712712926185
ladda,"Nonnen, Emily",1860,2,167782,11.920229822030969
ladda,"Nonnen, Emily",1870,1,47094,21.234127489701446
ladda,"Nonnen, Emily",1890,1,28367,35.25222970352875
ladda,"Norberg, Augusta",1840,4,72363,55.276868012658404
ladda,"Nordenskiöld, Adolf Erik",1880,2,297785,6.7162550162029655
ladda,"Nordensvan, Georg",1870,2,202089,9.896629702754726
ladda,"Nordensvan, Georg",1880,6,513177,11.691872394904681
ladda,"Nordensvan, Georg",1890,1,130737,7.648944063272065
ladda,"Nordin, Jonas",2020,2,186173,10.742696309346682
ladda,"Nordling, Johan",1890,1,49151,20.345466012899024
ladda,"Nordlund, Johan",1900,8,239575,33.39246582489826
ladda,"Nordmann, Petrus",1890,2,39330,50.851767098906684
ladda,"Nordström, Ester Blenda",1910,1,144545,6.918260749247639
ladda,"Nordström, Ester Blenda",1920,2,124260,16.095284081764042
ladda,"Nordström, Ester Blenda",1930,2,139817,14.304412195941838
ladda,"Nordström, Ludvig",1900,3,128299,23.38287905595523
ladda,"Norlander, Emil",1920,2,161050,12.418503570319777
ladda,"Norlin, Mauritz",1890,10,68728,145.50110580840413
ladda,"Norström, Vitalis",1900,3,109692,27.34930532764468
ladda,"Norström, Vitalis",1910,1,130954,7.636269224307772
ladda,"Numers, Hedvig von",1860,2,270661,7.38931726403139
ladda,"Nyberg, Johan Peter",1860,4,75464,53.00540655146825
ladda,"Nyberg, Sigfrid",1850,2,53569,37.3350258545054
ladda,"Nyberg, Sigfrid",1860,4,98687,40.53218762349651
ladda,"Nyblom, Carl Rupert",1870,1,55002,18.18115704883459
ladda,"Nyblom, Helena",1880,1,251590,3.9747207758654954
ladda,"Nyblom, Helena",1890,1,249189,4.013018231141824
ladda,"Nyblom, Lennart",1950,1,24080,41.52823920265781
ladda,"Nybom, Johan",1840,2,130610,15.312763188117296
ladda,"Nycander, Fredrik",1890,1,108038,9.256002517632686
ladda,"Nycander, Fredrik",1900,1,23631,42.31729507849858
ladda,"Nyholm, C. A. G.",1880,1,58679,17.04187187920721
ladda,"Nèlson, Johannes Fredrik",1880,2,299170,6.685162282314403
ladda,"Odel, Anders",1860,1,5315,188.14675446848543
ladda,"Olofsson, Klas",1920,3,142734,21.01811761738619
ladda,"Olofsson, Klas",1930,4,115673,34.58023912235353
ladda,"Olsson, Helmer",1940,1,125676,7.95696871319902
ladda,"Olsson, Paul",1880,1,11507,86.90362388111585
ladda,"Olséni, Nils",1880,1,41550,24.067388688327316
ladda,"Ongelin, Hanna",1880,1,106270,9.40999341300461
ladda,"Ongelin, Hanna",1890,1,84763,11.797600368085131
ladda,"Oskar II, kung av Sverige och Norge",1850,1,20924,47.79200917606576
ladda,"Oskar II, kung av Sverige och Norge",1890,1,33261,30.06524157421605
ladda,"Oswald, Gösta",1940,1,43590,22.941041523285158
ladda,"Oxenstierna, Mårten Gabriel Leijonsköld",1860,4,43186,92.62260917890057
ladda,"Oxenstierna, Mårten Gabriel Leijonsköld",1870,3,58039,51.689381278106104
ladda,"Oxenstierna, Mårten Gabriel Leijonsköld",1880,2,26816,74.58233890214797
ladda,"Oxenstierna, Mårten Gabriel Leijonsköld",1890,40,548427,72.93586931350936
ladda,"Palm, August",1900,1,17899,55.86904296329404
ladda,"Palmblad, Vilhelm Fredrik",1840,11,931946,11.803258987108695
ladda,"Palmstjerna, Carl Otto",1830,4,328303,12.183866732865676
ladda,"Palmær, Henrik Bernhard",1870,1,100059,9.994103478947421
ladda,"Paul, Adolf",1890,1,277706,3.6009304804361446
ladda,"Pauli, Georg",1910,1,50904,19.644821625019645
ladda,"Pereswetoff-Morath, Fredrik",1860,2,63661,31.41640879031118
ladda,"Pereswetoff-Morath, Fredrik",1880,1,78901,12.674110594289045
ladda,"Perrault, Charles",1870,1,36220,27.609055770292656
ladda,"Persson, Fredrik",1900,1,172315,5.803325305399994
ladda,"Persson, Fredrik",1910,3,324667,9.24023691967462
ladda,"Peterson, Maria",1860,3,104909,28.59621195512301
ladda,"Pettersson, Carl",1850,1,30587,32.69362801190048
ladda,"Pettersson, Victor",1880,1,351595,2.8441815156643298
ladda,"Pettersson, Victor",1890,1,11799,84.75294516484448
ladda,"Pfeiffer, Sara",1880,1,394170,2.5369764314889514
ladda,"Pihlstrand, Ragnar",1880,95,2387801,39.78556001944886
ladda,"Pihlstrand, Ragnar",1890,85,1299301,65.41979110306234
ladda,"Pinello, Nils Henrik",1860,1,118141,8.464461956475736
ladda,"Piper, Carl",1900,1,123642,8.087866582552854
ladda,"Platen, Henrica Carolina von",1860,1,76150,13.131976362442547
ladda,"Pontoppidan, Henrik",1890,1,36980,27.041644131963224
ladda,"Prytz, Harald Oscar",1860,3,90977,32.97536740055179
ladda,"Quarnström, A. V.",1860,3,4869,616.1429451632779
ladda,"Quennerstedt, August",1900,3,699795,4.286969755428376
ladda,"Quennerstedt, August",1910,20,1140005,17.543782702707443
ladda,"Qvanten, Aurora von",1850,1,34509,28.9779477817381
ladda,"Qvanten, Aurora von",1890,3,172335,17.407955435634086
ladda,"Qvanten, Emil von",1840,3,38222,78.48882842342107
ladda,"Randelin, Wendela",1840,1,64659,15.46575109420189
ladda,"Reenstierna, Märta Helena",1940,5,394989,12.658580365529167
ladda,"Regis, Julius",1910,3,76539,39.19570415082507
ladda,"Regis, Julius",1920,5,73780,67.76904310111141
ladda,"Ridderstad, Carl Fredrik",1840,11,771553,14.256959664468935
ladda,"Ridderstad, Carl Fredrik",1850,8,951883,8.404394237527091
ladda,"Ridderstad, Carl Fredrik",1880,8,559564,14.296845401062255
ladda,"Rietz, Johan Ernst",1860,8,1483948,5.3910244833376915
ladda,"Risberg, Emilie",1860,1,297099,3.365881406534522
ladda,"Rodhe, Bengt Carl",1880,1,116643,8.573167699733375
ladda,"Romdahl, Clara",1880,1,58470,17.102787754403966
ladda,"Roos, Mathilda",1880,1,225894,4.4268550736186
ladda,"Roos, Mathilda",1890,10,429737,23.270046563363174
ladda,"Roos, Mathilda",1900,1,323439,3.0917731009556673
ladda,"Roselius, Jonas Erik",1850,2,47328,42.25828262339419
ladda,"Rosenius, Josef",1880,1,35474,28.189660032700004
ladda,"Rosén, Johan Magnus",1840,2,288053,6.943166708904264
ladda,"Roth, Sven Olof",1880,1,224664,4.451091407613147
ladda,"Rubenson, Olof",1880,2,158589,12.61121515363613
ladda,"Rudbeck, Thure Gustaf",1840,1,277325,3.6058775804561436
ladda,"Ruin, Hans",1930,1,163282,6.124373782780711
ladda,"Ruin, Hans",1940,5,79133,63.18476488948985
ladda,"Ruin, Hans",1960,2,82352,24.285991839906742
ladda,"Runeberg, Fredrika Charlotta",1860,1,181538,5.508488580903172
ladda,"Runeberg, Johan Ludvig",1830,2,22903,87.32480461074968
ladda,"Runeberg, Johan Ludvig",1850,5,124794,40.066028815487925
ladda,"Ryberg, Klas",1870,2,71186,28.09541201921726
ladda,"Rydberg, Carl Henrik",1860,8,344263,23.23804765542623
ladda,"Rydberg, Viktor",1850,2,350514,5.705906183490531
ladda,"Rydberg, Viktor",1880,2,138811,14.408080051292766
ladda,"Salomonsson, Salomon",1890,5,25665,194.81784531463083
ladda,"Sand, Arne",1950,2,74376,26.890394750994943
ladda,"Sandberg, Algot",1890,4,296810,13.476634884269398
ladda,"Sandberg, Eric",1890,1,135478,7.381272236082611
ladda,"Sandel, Maria",1920,1,144864,6.9030262867241
ladda,"Sander, Fredrik",1850,1,103238,9.686355799221216
ladda,"Sander, Fredrik",1870,2,67161,29.779187325977873
ladda,"Saxon, Johan Lindström",1890,3,270284,11.09943614864365
ladda,"Schantz, Otto von",1870,1,54939,18.202005861045887
ladda,"Schildt, Runar",1920,1,51308,19.49013799017697
ladda,"Schirmer, Adolf",1870,2,249159,8.027002837545503
ladda,"Scholander, Fredrik Wilhelm",1860,1,66301,15.082728767288577
ladda,"Scholander, Fredrik Wilhelm",1880,3,242074,12.39290464899163
ladda,"Schröder, Gustaf",1890,22,450001,48.888780247155005
ladda,"Schwartz, Marie Sophie",1850,4,1085153,3.6861161513629876
ladda,"Schwartz, Marie Sophie",1860,13,2579411,5.039910274089705
ladda,"Schwartz, Marie Sophie",1870,1,884820,1.1301733685947424
ladda,"Schéele, Georg von",1880,2,104047,19.22208232817861
ladda,"Schück, Henrik",1910,1,165913,6.027255248232508
ladda,"Sederholm, Theodor",1860,3,181673,16.513185778844406
ladda,"Segerstedt, Albrekt",1870,1,134331,7.444298039916326
ladda,"Segerstedt, Albrekt",1880,1,149770,6.676904587033452
ladda,"Segerstedt, Torgny",1940,1,117457,8.513753969537788
ladda,"Sehlstedt, Elias",1850,2,64206,31.14973678472417
ladda,"Seseman, Hans Jacob",1850,1,13888,72.00460829493088
ladda,"Silfverstolpe, Gudmund Leonhard",1850,1,51620,19.37233630375823
ladda,"Silfverstolpe, Gunnar Mascoll",1940,1,10656,93.84384384384384
ladda,"Silfverstolpe, Malla",1900,1,301691,3.3146497575333704
ladda,"Silfverstolpe, Malla",1910,1,245873,4.067140352946439
ladda,"Sillén, Abraham Wilhelm af",1860,1,129959,7.694734493186313
ladda,"Sillén, Abraham Wilhelm af",1870,1,31181,32.07081235367692
ladda,"Silverstolpe, Gustaf Abraham",1790,1,512118,1.9526749694406367
ladda,"Sjöberg, Birger",1920,12,566955,21.165700981559382
ladda,"Sjöberg, Edvard Daniel",1840,1,140639,7.110403230967228
ladda,"Sjögren, Lennart",1980,10,48769,205.04828887202936
ladda,"Smith, Carl",1890,2,57316,34.89427036080676
ladda,"Sommelius, Gustaf Lorentz",1840,1,40806,24.50620006861736
ladda,"Sparre, Pehr",1840,4,167601,23.86620604888992
ladda,"Sparre, Pehr",1850,9,227066,39.63605295376674
ladda,"Sparre, Pehr",1860,1,206709,4.83771872535787
ladda,"Sparre, Pehr",1870,15,385654,38.89496802833628
ladda,"Stam, Per",1990,4,238205,16.792258768707626
ladda,"Starbäck, Carl Georg",1860,1,304015,3.2893113826620395
ladda,"Starbäck, Carl Georg",1870,5,1094880,4.566710507087535
ladda,"Steffen, Richard",1900,1,77655,12.877470864722168
ladda,"Stjernstolpe, Jonas Magnus",1820,1,77038,12.980606973182066
ladda,"Stjernström, Louise",1880,7,1077607,6.495874655602646
ladda,"Stjernström, Louise",1890,10,1662749,6.014136830032675
ladda,"Stoker, Bram",1900,1,120550,8.29531314807134
ladda,"Stolpe, Mats",1870,1,26743,37.39296264443032
ladda,"Stowe, Harriet Beecher",1890,3,222597,13.477270583161499
ladda,"Strandberg, Carl",1890,1,19516,51.24000819840131
ladda,"Strandberg, Carl Vilhelm August",1860,3,26344,113.87792286668692
ladda,"Strandberg, Carl Vilhelm August",1870,7,415407,16.850943773215185
ladda,"Strindberg, August",1870,5,139512,35.83921096393142
ladda,"Strindberg, August",1880,12,793035,15.131740717622803
ladda,"Strindberg, August",1890,11,428523,25.669567327774704
ladda,"Strindberg, August",1900,2,155151,12.890667801045433
ladda,"Strussenfelt, Constantia Carolina Amalia von",1820,1,84408,11.847218273149464
ladda,"Strussenfelt, Constantia Carolina Amalia von",1840,1,45230,22.109219544550076
ladda,"Strussenfelt, Ulrika Sophia von",1850,5,1623357,3.080037231490054
ladda,"Strussenfelt, Ulrika Sophia von",1860,2,1181849,1.6922635632809266
ladda,"Ström, Fredrik",1920,1,156422,6.392962626740484
ladda,"Ström, Fredrik",1940,7,275415,25.416190113102047
ladda,"Sturzen-Becker, Oscar Patric",1830,3,74241,40.40893845718673
ladda,"Sturzen-Becker, Oscar Patric",1840,1,236021,4.236911122315387
ladda,"Sturzen-Becker, Oscar Patric",1860,1,277888,3.5985720865960387
ladda,"Sturzen-Becker, Oscar Patric",1880,2,631009,3.169526900567187
ladda,"Ståhle, Artur",1910,3,28970,103.55540214014498
ladda,"Stålberg, Wilhelmina",1840,7,1308174,5.350970130884729
ladda,"Stålberg, Wilhelmina",1850,2,687670,2.9083717480768394
ladda,"Stålberg, Wilhelmina",1860,3,899125,3.33657722786042
ladda,"Stålberg, Wilhelmina",1870,2,181855,10.997772950977428
ladda,"Stålhandske, Gustaf",1890,1,10008,99.92006394884093
ladda,"Sundblad, Johannes",1890,7,392680,17.826219822756443
ladda,"Sundler, Anders",1840,1,69783,14.330137712623419
ladda,"Sundqvist, E. W.",1890,4,516249,7.748199027988432
ladda,"Suttner, Bertha von",1890,2,75529,26.479895139615248
ladda,"Svahn, Oscar",1880,4,98574,40.57865157140828
ladda,"Svanlund, Yngve Fredrik",1890,1,38238,26.15199539724881
ladda,"Svedbom, Per Erik",1840,1,127104,7.867573011077543
ladda,"Svedelius, Wilhelm Erik",1870,1,149429,6.692141418332453
ladda,Svenska Litteratursällskapet,1980,1,392946,2.544878940108819
ladda,"Svenson, Frey",1890,1,34719,28.80267288804401
ladda,"Swift, Jonathan",1860,1,15234,65.64264145989235
ladda,"Sällberg, Thure",1890,8,491737,16.268859166587017
ladda,"Sätherberg, Herman",1840,3,143112,20.962602716753313
ladda,"Sätherberg, Herman",1860,2,88183,22.680108410918205
ladda,"Söderberg, Hjalmar",1920,1,172010,5.813615487471659
ladda,"Söderberg, Mikael",1920,1,35552,28.127812781278127
ladda,"Södergran, Edith",1920,4,20266,197.37491364847529
ladda,"Sörman, Py",1930,1,206149,4.850860300074218
ladda,"Tavaststjerna, Karl August",1890,4,435795,9.178627565713237
ladda,"Tersmeden, Carl",1910,10,627992,15.923769729550695
ladda,"Thomasson, Nils",1890,9,707538,12.720164853336499
ladda,"Thomasson, Pehr",1860,3,613096,4.893197802627974
ladda,"Thomasson, Pehr",1870,2,315954,6.330035384897801
ladda,"Thomson, Niclas Hans",1830,2,185354,10.790163686783128
ladda,"Thorsander, Gustaf",1880,6,123553,48.56215551220934
ladda,"Thorsander, Gustaf",1890,8,250882,31.887500896835963
ladda,"Tilas, Daniel",1890,1,15706,63.66993505666624
ladda,"Topelius, Zacharias",1850,8,247138,32.37057838130923
ladda,"Topelius, Zacharias",1860,3,408043,7.3521663158049515
ladda,"Topelius, Zacharias",1870,4,270386,14.793665352496062
ladda,"Topelius, Zacharias",1880,25,1225979,20.391866418592816
ladda,"Topelius, Zacharias",1890,2,155883,12.83013542207938
ladda,"Torén, Rudolf Wilhelm",1880,1,85669,11.672833813864992
ladda,"Trolle, Henrik af",1860,8,322782,24.78452949668817
ladda,"Trolle, Henrik af",1870,35,1614288,21.68138522989702
ladda,"Trolle, Henrik af",1880,11,832850,13.207660443056973
ladda,"Turi, Johan",1910,2,240734,8.307924929590337
ladda,"Tärnström, Samuel Fredrik",1850,2,88974,22.478476858408076
ladda,"Törnberg, Carl Ludvig",1880,1,34617,28.887540803651387
ladda,"Törnblom, Johan August",1900,3,136863,21.919729948927028
ladda,"Törnblom, Johan August",1910,24,599083,40.06122690845843
ladda,"Törnblom, Johan August",1920,5,120756,41.40581006326808
ladda,"Törnebladh, Ragnar",1880,1,187908,5.321753198373672
ladda,"Uddgren, Gustaf",1900,1,69812,14.324184953876124
ladda,"Uddgren, Gustaf",1910,2,244634,8.175478469877449
ladda,"Ulfsson, Sten",1890,9,425150,21.168999176761144
ladda,"Ullman, Gustaf",1900,1,85560,11.68770453482936
ladda,"Undset, Sigrid",1910,3,69510,43.15925766076823
ladda,"Valerius, Johan David",1830,1,28756,34.77535123104743
ladda,"Vegesack, Anna Helena von",1830,1,23236,43.036667240488896
ladda,"Vegesack, Ernst von",1840,3,60967,49.206948021060576
ladda,"Virdestam, Gotthard",1920,1,316868,3.1558882563086206
ladda,"Visén, Karl",1880,1,81564,12.260310921484969
ladda,"Värnlund, Rudolf",1920,5,140336,35.62877665032494
ladda,"Värnlund, Rudolf",1930,5,148105,33.759832551230545
ladda,"Wachtmeister, Hans",1880,1,51989,19.234838138837063
ladda,"Wadman, Johan Anders",1850,2,95994,20.834635498051963
ladda,"Wadström, Gustaf Adolf Sebastian",1860,1,43734,22.86550509900764
ladda,"Wahlin, Olof Fredrik",1830,1,10764,92.9022668153103
ladda,"Wallenberg, Jacob",1880,2,79294,25.222589351022776
ladda,"Wallin, Johan Peter",1880,11,263442,41.754921386870734
ladda,"Wallmark, Ernst",1880,1,64632,15.472211907414284
ladda,"Wallmo, Uno",1900,2,105865,18.89198507533179
ladda,"Wallén, Nils Jacob",1860,4,15010,266.4890073284477
ladda,"Warburg, Karl",1900,1,453357,2.205767198918292
ladda,"Waxberg, Harald",1890,1,30098,33.22479898996611
ladda,"Weiland, Per",1890,2,49835,40.13243704223939
ladda,"Wernberg, Hjalmar",1890,1,491632,2.034041722263807
ladda,"Wernberg, Hjalmar",1900,2,298542,6.699224899679107
ladda,"Westerberg, Ernst",1890,1,47751,20.941969801679544
ladda,"Westerlund, Johan Alfred",1910,1,910029,1.0988660800919532
ladda,"Wetterbergh, Carl Anton",1840,1,912252,1.096188333925275
ladda,"Wetterbergh, Carl Anton",1850,3,959464,3.1267457663862324
ladda,"Wetterbergh, Carl Anton",1880,2,923099,2.166614848461541
ladda,"Wetterbergh, Carl Anton",1890,1,120957,8.26740081185876
ladda,"Wettergrund, Josefina",1860,2,404417,4.945390525126293
ladda,"Wettergrund, Josefina",1880,1,507018,1.9723165646979002
ladda,"Wetterhoff, Onni",1860,1,45046,22.199529369977355
ladda,"Wichmann, Karl Emil",1890,1,29810,33.545790003354576
ladda,"Wickman, Fredrika",1870,1,30601,32.678670631678706
ladda,"Wigert, Inèz",1890,3,61951,48.425368436344854
ladda,"Wigforss, John",1890,2,20931,95.55205198031628
ladda,"Wigström, Eva",1870,1,383015,2.6108638042896493
ladda,"Wigström, Eva",1880,8,277212,28.858779562212312
ladda,"Wijkander, Oscar",1880,2,98180,20.370747606437156
ladda,"Wiklund, Karl Bernhard",1890,1,45943,21.76610147356507
ladda,"Wiklund, Karl Bernhard",1900,1,41691,23.985992180566548
ladda,"Winter, Reinhold",1880,2,150214,13.314338210819232
ladda,"Winter, Reinhold",1890,2,55474,36.05292569492014
ladda,"Wipperling, Nils Fredrik",1850,4,28519,140.25737227813036
ladda,"Wirsén, Carl David af",1880,1,51798,19.30576470133982
ladda,"Wirsén, Carl David af",1890,1,27350,36.56307129798903
ladda,"Wirsén, Carl David af",1900,1,137790,7.257420712678714
ladda,"Witt, Otto",1910,27,530862,50.86067565582016
ladda,"Wranér, Henrik",1890,1,280678,3.562801502077113
ladda,"Wägner, Elin",1910,4,601051,6.655009308694271
ladda,"Wägner, Elin",1920,3,608843,4.927378650982273
ladda,"Wägner, Elin",1930,7,611590,11.445576284765938
ladda,"Wägner, Elin",1940,5,474886,10.528842711724499
ladda,"Wærnér, Ninian",1900,4,67609,59.163720806401514
ladda,"Zachrisson, Waldemar",1920,1,73614,13.584372537832477
ladda,"Zeipel, Carl von",1840,5,881480,5.672278440804102
ladda,"Zetterström, Hasse",1900,1,30996,32.2622273841786
ladda,"Zetterström, Hasse",1910,1,32644,30.633500796471022
ladda,"Zilliacus, Konni, d. ä.",1890,1,157875,6.334125098970705
ladda,"Åberg, Jon Olof",1870,13,389810,33.34958056489059
ladda,"Åberg, Jon Olof",1880,90,2320133,38.79087966077807
ladda,"Åberg, Jon Olof",1890,37,1280352,28.898302966684163
ladda,"Åberg, Jon Olof",1900,1,65020,15.379883112888342
ladda,"Åberg, Katie",1880,1,282619,3.538332525414073
ladda,"Öberg, Ludvig Teodor",1850,13,360523,36.05872579558031
ladda,"Ödman, Pelle",1880,1,295814,3.38050261312852
ladda,"Ödmann, Jenny Maria",1880,3,700126,4.28494299597501
ladda,"Öman, Victor Emanuel",1860,1,58221,17.17593308256471
laddning,"Agrell, Alfhild",1890,1,302899,3.3014305098399137
laddning,"Ahlbom, Mathilda",1860,1,395655,2.527454474226283
laddning,"Ahnfelt, Arvid",1870,1,834238,1.1986986926992058
laddning,"Almqvist, C.J.L.",1840,1,1578875,0.6333623624416119
laddning,"Ameen, Georg",1830,3,77692,38.61401431292797
laddning,"Anders, Ludwig",1890,3,42039,71.36230642974381
laddning,"Anderson, Alfred",1860,1,165183,6.053891744307828
laddning,"Anderson, August",1880,1,53800,18.587360594795538
laddning,"Andersson, Dan",1910,1,187950,5.3205639797818565
laddning,"Andrén, Olof",1890,1,258552,3.8676939261734584
laddning,Anonym,1840,3,731519,4.10105547497741
laddning,Anonym,1850,1,858377,1.164989276273712
laddning,Anonym,1860,10,1427646,7.004537539418035
laddning,Anonym,1870,1,1872242,0.5341189867549173
laddning,Anonym,1880,4,1657613,2.413108487928123
laddning,Anonym,1890,12,1991534,6.025505966757284
laddning,Anonym,1900,1,280356,3.566893521094608
laddning,"Arfwedson, Carl David",1840,1,317219,3.1523962940429167
laddning,"Arfwidsson, Nils",1840,1,176017,5.681269422839839
laddning,"Asp, Pehr Olof von",1800,1,45124,22.161155925893095
laddning,"Bagger, Alban Agathon",1890,1,46140,21.673168617251843
laddning,"Benedictsson, Victoria",1890,1,210958,4.740280055745694
laddning,"Berg, Anders Henrik",1880,2,34619,57.771743840087815
laddning,"Berg, Daniel",1930,1,83127,12.029785749515801
laddning,"Berg, Per Gustaf",1870,4,490594,8.153381411105721
laddning,"Berg, Wilhelm",1880,4,380111,10.523241895130633
laddning,"Berg, Wilhelm",1890,1,980146,1.0202561659181388
laddning,"Berg, Wilhelm",1930,1,1534868,0.6515218246780831
laddning,"Berger, Henning",1900,2,187588,10.661662792929185
laddning,"Berger, Henning",1910,1,310908,3.2163855545691975
laddning,"Bergh, Richard",1900,1,82704,12.091313600309539
laddning,"Berghman, Nils",1840,1,10716,93.3184023889511
laddning,"Bergman, Carl Wilhelm",1840,1,128252,7.797149362193182
laddning,"Bergstrand, Per Emanuel",1880,3,42232,71.03618109490434
laddning,"Billmark, Carl Johan",1840,1,43905,22.776449151577268
laddning,"Bjursten, Herman",1840,2,114487,17.469232314585934
laddning,"Bjursten, Herman",1850,3,1007894,2.9765034815169056
laddning,"Bjursten, Herman",1860,1,393956,2.5383545370548997
laddning,"Björkman, Carl Gustaf",1880,1,266330,3.7547403597041265
laddning,"Blanche, August",1840,1,1028385,0.9723984694448091
laddning,"Blanche, August",1850,1,306375,3.2639738882088944
laddning,"Blomberg, Harry",1920,1,267112,3.7437479409386323
laddning,"Blumauer, Karl",1830,1,17434,57.359183205231155
laddning,"Blumenberg, Henrik Germund",1870,1,50080,19.968051118210862
laddning,"Bolander, Sophie",1850,2,280366,7.133532596677201
laddning,"Bonaparte, Napoleon",1830,2,82500,24.242424242424242
laddning,"Boye, Karin",1930,1,221708,4.5104371515687305
laddning,"Brandt, Erastus",1890,1,56132,17.81515000356303
laddning,"Braun, Wilhelm von",1830,2,73189,27.326510814466655
laddning,"Braun, Wilhelm von",1880,2,89403,22.370613961500172
laddning,"Bremer, Fredrika",1850,2,594294,3.365337694810986
laddning,"Broman, Pehr Gustaf",1860,1,16469,60.72014087072682
laddning,"Brontë, Charlotte",1850,1,440109,2.2721643956383533
laddning,"Bruhn, Johan Niklas",1850,1,40203,24.873765639380146
laddning,"Bruzelius, Janne",1870,1,153969,6.494813891107951
laddning,"Bäckman, Wilhelm",1850,2,195807,10.214139433217403
laddning,"Bäckmann, Ida",1940,1,240134,4.164341575953426
laddning,"Bäckström, Per Olof",1840,1,413463,2.4185961017068034
laddning,"Bååth, Albert Ulrik",1880,1,101015,9.899519873286145
laddning,"Bååth, Albert Ulrik",1890,1,85886,11.643341173183057
laddning,"Börjesson, Johan",1850,1,44593,22.425044289462473
laddning,"Böttiger, Carl Wilhelm",1850,1,134044,7.460236937125123
laddning,"Böttiger, Carl Wilhelm",1870,1,194246,5.148111158016124
laddning,"Böttiger, Carl Wilhelm",1880,1,198597,5.035322789367412
laddning,"Böttiger, Carl Wilhelm",1890,1,67941,14.718652948882118
laddning,"Carlén, Octavia",1880,1,41325,24.198427102238355
laddning,"Cederborgh, Fredrik",1880,3,216297,13.869817889291113
laddning,"Cederström, Claes Henrik",1870,1,24960,40.06410256410256
laddning,"Chytræus, Betty",1860,1,30807,32.460155159541664
laddning,"Cleve, Alma",1890,1,117475,8.512449457331346
laddning,"Cramær, Mauritz",1840,1,64975,15.390534821085033
laddning,"Cronstrand, Baltzar",1870,1,139436,7.171749046157377
laddning,"Crusenstolpe, Magnus Jacob",1840,5,1801700,2.7751567963589943
laddning,"Cöster, Fredrik",1850,2,109641,18.241351319305736
laddning,"Dahlgren, Carl Fredric",1830,1,287156,3.4824276699772945
laddning,"Dahlgren, Fredrik August",1910,2,1254446,1.5943292895828118
laddning,"Damm, Janne",1870,1,222425,4.495897493537147
laddning,"Darwin, Charles",1870,1,433182,2.3084985064014663
laddning,"De Geer, Louis",1840,1,235626,4.244013818508993
laddning,"De Geer, Louis",1890,1,214224,4.668011053850176
laddning,"Doyle, Arthur Conan",1890,1,255586,3.912577371217516
laddning,"Dunckel, Dorothea",1840,1,218035,4.586419611530259
laddning,"Edenberg, Albert Anderson",1880,2,686333,2.9140373550448544
laddning,"Ehrenborg-Posse, Betty",1870,1,183364,5.453633210444798
laddning,"Ekbohrn, Carl Magnus",1850,2,191154,10.462768239220733
laddning,"Ekbohrn, Carl Magnus",1860,1,53121,18.824946819525234
laddning,"Ekermann, Agnes",1880,1,274026,3.649288753621919
laddning,"Ekman, Lotten",1910,1,28567,35.005425841005355
laddning,"Ekström, Carl Otto",1870,1,216094,4.627615759808232
laddning,"Elgenstierna, Gustaf",1920,1,4397617,0.22739588281562492
laddning,"Elgenstierna, Gustaf",1930,1,5073413,0.19710597185760356
laddning,"Elgström, Per",1860,1,104945,9.528800800419267
laddning,"Elkan, Sophie",1910,3,140163,21.403651462939578
laddning,"Enander, Johan Alfred",1890,1,35873,27.876118529255987
laddning,"Eneroth, Carl",1880,9,409038,22.002845701377378
laddning,"Eneroth, Carl",1890,1,381701,2.6198516639987846
laddning,"Engström, Albert",1900,1,133509,7.490131751417508
laddning,"Engström, Albert",1910,1,152861,6.541890999012175
laddning,"Ennes, Barthold Anders",1810,1,253114,3.95078897255782
laddning,"Flygare-Carlén, Emilie",1840,11,2724568,4.037337295306999
laddning,"Flygare-Carlén, Emilie",1850,1,723308,1.3825368999098586
laddning,"Flygare-Carlén, Emilie",1860,7,814169,8.59772356844832
laddning,"Flygare-Carlén, Emilie",1870,1,329761,3.032499294943914
laddning,"Flygare-Carlén, Emilie",1880,1,515456,1.9400297988577104
laddning,"Fredberg, Carl Rudolf A:son",1910,1,31647,31.598571744557145
laddning,"Frykholm, Maria Barbara",1860,1,114913,8.702235604326752
laddning,"Geijer, Erik Gustaf",1850,3,1627119,1.8437495966797757
laddning,"Geijer, Erik Gustaf",1920,2,1937136,1.0324520322785804
laddning,"Govenius, Lars Johan",1850,1,144240,6.932889628397116
laddning,"Govenius, Lars Johan",1870,1,236954,4.220228398760941
laddning,"Govenius, Lars Johan",1880,1,257372,3.8854265421257947
laddning,"Granath, Wilhelm",1890,6,4062759,1.476828923399099
laddning,"Granfelt, Axel Fredrik",1870,1,38718,25.827780360555813
laddning,"Gravallius, Daniel Ehrenfried",1840,1,30212,33.099430689792136
laddning,"Gustafsson, Richard",1880,1,93091,10.742177009592764
laddning,"Gällstedt, Per Johan",1850,3,34636,86.61508257304538
laddning,"Hallenborg, Eleonora Charlotta Filippina Fredrika Lovisa",1850,2,42335,47.24223455769458
laddning,"Hallman, Axel",1860,1,82887,12.064618094514218
laddning,"Hammargren, Tullius",1890,1,59915,16.690311274305266
laddning,"Hansson, Ola",1890,1,285053,3.5081195426815364
laddning,"Hansson, Ola",1900,1,116294,8.598895901766213
laddning,"Hansson, Ola",1910,1,96845,10.32577830553978
laddning,"Hasselblad & Co., Fritz W.",1890,1,203553,4.912725432688292
laddning,"Hedberg, Frans",1880,1,397363,2.516590623686654
laddning,"Hedberg, Frans",1890,1,782051,1.2786889857566834
laddning,"Hedborn, Samuel",1830,1,62846,15.91191165706648
laddning,"Hedenstierna, Alfred",1880,1,469833,2.128415841373424
laddning,"Hedin, Sven",1880,1,147501,6.779615053457265
laddning,"Hedin, Sven",1910,2,851315,2.34930666087171
laddning,"Hedvall, Yngve",1930,1,77482,12.906223380914277
laddning,"Hedvig Elisabet Charlotta, hertiginna och drottning av Sverige",1900,2,842659,2.3734393153102262
laddning,"Heller, Frank",1910,2,548425,3.646806764826549
laddning,"Heurgren, Paul",1920,3,92804,32.326192836515666
laddning,"Hjohlman, Hjalmar",1880,1,55038,18.169264871543298
laddning,"Hodell, Frans",1870,1,24103,41.48861137617724
laddning,"Hofberg, Herman",1900,3,1537883,1.9507335733602622
laddning,"Hoffmann, Franz",1870,4,154897,25.82361181946713
laddning,"Holmgren, Frithiof",1880,1,42676,23.432374168150716
laddning,"Hultin, Måns",1870,2,104686,19.104751351661157
laddning,"Hydén, Nils",1890,1,324254,3.0840020477773598
laddning,"Hyltén-Cavallius, Gunnar Olof",1920,1,324027,3.0861625728720137
laddning,"Höggren, Fanchette",1840,2,117916,16.961226635910307
laddning,"Högman, August",1890,1,82592,12.107710189848897
laddning,"Höpken, Anders Johan von",1890,1,464542,2.1526578866926993
laddning,"Jacobson, Harald",1890,1,68191,14.664691821501371
laddning,"Jahnsson, Evald Ferdinand",1870,1,87315,11.452785890167783
laddning,"James, D.",1880,2,311224,6.426239621623011
laddning,"Janson, Gustaf",1890,2,218309,9.161326376832838
laddning,"Johnson, John",1900,1,78583,12.72539862311187
laddning,"Jolin, Johan",1860,4,247825,16.14042166851609
laddning,"Jolin, Johan",1870,3,380713,7.879951564564383
laddning,"Jolin, Johan",1880,3,261141,11.488046687421738
laddning,"Jolin, Johan",1890,3,451682,6.6418409411931405
laddning,"Jonsson, Thorsten",1940,1,146692,6.817004335614757
laddning,"Kellmodin, Frithiof",1870,1,32799,30.488734412634532
laddning,"Kerfve, Axel",1890,6,948369,6.326651335081598
laddning,"Kerfve, Axel",1900,3,445915,6.727739591626206
laddning,"Kiellman-Göranson, Julius Axel",1850,3,810772,3.7001771151445784
laddning,"Kipling, Rudyard",1900,1,172746,5.788846051428108
laddning,"Kjellgren, Josef",1930,2,289746,6.902597447419464
laddning,"Kleen, Tyra",1900,2,48825,40.9626216077829
laddning,"Knorring, Sophie von",1840,1,899110,1.1122109641756848
laddning,"Koch, Martin",1910,2,442498,4.51979443974888
laddning,"Krook, Axel",1850,1,75928,13.17037193130334
laddning,"Krook, Axel",1880,1,97407,10.266202634307596
laddning,"Kræmer, Lotten von",1860,1,37797,26.457126226949228
laddning,"Kræmer, Lotten von",1870,1,44291,22.57795037366508
laddning,"Kræmer, Lotten von",1880,1,79117,12.639508575906568
laddning,"Kræmer, Lotten von",1890,2,78946,25.333772452055836
laddning,"Kræmer, Vera von",1930,1,269227,3.7143377150137247
laddning,"Kullberg, Karl Anders af",1830,1,512752,1.9502605548101226
laddning,"Kullberg, Karl Anders af",1840,2,708355,2.8234430476244254
laddning,"Kullberg, Karl Anders af",1870,1,99840,10.01602564102564
laddning,"Kämpe, Alfred",1910,1,146622,6.820258897027731
laddning,"Kärrström, E. J.",1890,1,27653,36.16244168806278
laddning,"Lagerbring, Gustaf",1880,1,103862,9.628160443665633
laddning,"Lagerlöf, Selma",1920,2,391795,5.1047103714952975
laddning,"Lagerlöf, Selma",1930,1,650198,1.5379930421194774
laddning,"Landqvist, Rudolf",1890,1,38814,25.763899623847067
laddning,"Leijonhufvud, Sigrid",1890,1,114591,8.7266888324563
laddning,"Levertin, Oscar",1890,1,282783,3.536280469476595
laddning,"Levertin, Oscar",1900,1,151708,6.591610198539299
laddning,"Levin, August Henrik",1840,1,17464,57.26065048098946
laddning,"Liefde, Jan de",1850,1,25889,38.62644366333192
laddning,"Lilliestierna, August Edvard",1870,3,83278,36.02391988280218
laddning,"Lind, Carl",1900,1,116442,8.587966541282356
laddning,"Lind, Erik Henrik",1920,1,224146,4.461377851935792
laddning,"Lindberg, Per",1920,1,49918,20.032853880363795
laddning,"Lindblad, Johan Michael",1850,1,73287,13.644984785841963
laddning,"Lindeberg, Anders",1830,1,408679,2.4469082091323506
laddning,"Lindgren, Martin",1870,1,105917,9.44135502327294
laddning,"Lindholm, Charlotte",1890,2,9804,203.9983680130559
laddning,"Lindholm, Per August",1880,1,178880,5.590339892665474
laddning,"Lindholm, Per August",1890,1,252561,3.959439501744133
laddning,"Lindhé, Wilma",1900,1,131308,7.615682212812624
laddning,"Lindström, Sigfrid",1930,1,53703,18.620933653613392
laddning,"Ling, Per Henrik",1860,3,492118,6.096098903108604
laddning,"Linnarsson, Linnar",1950,3,276292,10.858077685926483
laddning,"Ljungberg, Per Adolf",1880,1,171664,5.825333209059559
laddning,"Lundin, Claës",1860,1,54382,18.388437350593946
laddning,"Lundin, Claës",1870,3,282340,10.625487001487569
laddning,"Lundström, Georg",1880,1,72582,13.777520597393293
laddning,"Lénström, Carl Julius",1860,2,116806,17.122408095474547
laddning,"Lönnegren, August Valfrid",1880,1,12558,79.63051441312311
laddning,"Magnell, Carl Jakob",1890,1,33616,29.747739171822943
laddning,"Malmgren, Thure",1870,3,97568,30.747786159396522
laddning,"Marin, Otto Ulrik",1840,3,174931,17.149618992631382
laddning,"Martinsson, Herman",1860,1,5114,195.54165037152913
laddning,"Melander, Richard",1890,4,382060,10.469559755012302
laddning,"Mellin, Gustaf Henrik",1830,1,157305,6.3570770159880485
laddning,"Mellin, Gustaf Henrik",1840,2,559527,3.574447703149267
laddning,"Mellin, Gustaf Henrik",1850,4,213613,18.725452102634204
laddning,"Mellin, Gustaf Henrik",1860,1,732670,1.3648709514515402
laddning,"Meyer, Albertine",1880,1,335249,2.9828575178449452
laddning,"Meyer, Ernst",1880,1,356598,2.8042782068323433
laddning,"Meyer, Gustaf",1880,1,77897,12.837464857439953
laddning,"Montén, R. A.",1880,2,73222,27.31419518723881
laddning,"Myrberg, Anna",1920,1,73330,13.636983499249967
laddning,"Naumann, Mathilda",1870,1,65704,15.219773529769878
laddning,"Naumann, Mathilda",1880,1,68190,14.664906877841325
laddning,"Neander, John",1860,1,18882,52.960491473360875
laddning,"Nervander, Emil",1880,1,69177,14.455671682784741
laddning,"Nicander, Karl August",1830,1,385016,2.5972946578843477
laddning,"Norberg, Augusta",1840,1,72363,13.819217003164601
laddning,"Nordensvan, Georg",1880,1,513177,1.9486453991507804
laddning,"Nordin, Albert",1880,1,141167,7.0838085388228125
laddning,"Nordlund, Johan",1900,1,239575,4.174058228112282
laddning,"Norlin, Mauritz",1890,2,68728,29.100221161680828
laddning,"Norén, Victor",1880,1,6258,159.79546180888462
laddning,"Nyberg, Sigfrid",1850,1,53569,18.6675129272527
laddning,"Nyblom, Helena",1870,2,325596,6.142581604196612
laddning,"Nyblom, Helena",1880,1,251590,3.9747207758654954
laddning,"Nybom, Johan",1840,1,130610,7.656381594058648
laddning,"Nylander, Conrad Wilhelm",1850,1,65749,15.209356796301085
laddning,"Oxenstierna, Mårten Gabriel Leijonsköld",1870,1,58039,17.2297937593687
laddning,"Oxenstierna, Mårten Gabriel Leijonsköld",1890,6,548427,10.940380397026404
laddning,"Palmblad, Vilhelm Fredrik",1840,5,931946,5.365117721413044
laddning,"Pereswetoff-Morath, Anders Wilhelm",1850,1,18455,54.185857491194795
laddning,"Pereswetoff-Morath, Fredrik",1860,1,63661,15.70820439515559
laddning,"Pereswetoff-Morath, Fredrik",1880,3,78901,38.022331782867134
laddning,"Person, Johan",1900,1,49994,20.002400288034565
laddning,"Persson, Fredrik",1900,1,172315,5.803325305399994
laddning,"Pettersson, Victor",1880,5,351595,14.220907578321649
laddning,"Pettersson, Victor",1890,1,11799,84.75294516484448
laddning,"Pihlstrand, Ragnar",1880,4,2387801,1.6751814745031097
laddning,"Pihlstrand, Ragnar",1890,6,1299301,4.617867607274989
laddning,"Quennerstedt, August",1910,1,1140005,0.8771891351353722
laddning,"Qvanten, Emil von",1840,2,38222,52.32588561561404
laddning,"Reenstierna, Märta Helena",1940,1,394989,2.5317160731058332
laddning,"Reenstierna, Märta Helena",1950,1,210559,4.7492626769694
laddning,"Ridderstad, Carl Fredrik",1840,1,771553,1.2960872422244487
laddning,"Ridderstad, Carl Fredrik",1880,1,559564,1.7871056751327818
laddning,"Rietz, Johan Ernst",1860,1,1483948,0.6738780604172114
laddning,"Risberg, Emilie",1860,1,297099,3.365881406534522
laddning,"Roos, Mathilda",1890,3,429737,6.981013969008952
laddning,"Roselius, Jonas Erik",1850,2,47328,42.25828262339419
laddning,"Runeberg, Fredrika Charlotta",1850,1,63400,15.772870662460567
laddning,"Runeberg, Johan Ludvig",1850,2,124794,16.02641152619517
laddning,"Runeberg, Johan Ludvig",1870,1,285250,3.5056967572304996
laddning,"Russberg, Johan Albert",1870,1,66670,14.999250037498125
laddning,"Rydberg, Carl Henrik",1860,2,344263,5.809511913856557
laddning,"Rydberg, Viktor",1850,4,350514,11.411812366981062
laddning,"Sandberg, Algot",1880,1,141322,7.076039116344235
laddning,"Sandberg, Algot",1890,6,296810,20.2149523264041
laddning,"Sandel, Maria",1910,1,207358,4.822577378254034
laddning,"Schenfelt, Inga",1870,1,173997,5.747225526876901
laddning,"Scherini, Pehr Hampus",1880,1,47576,21.019001177064066
laddning,"Schildt, Runar",1910,1,54474,18.3573815031024
laddning,"Schirmer, Adolf",1870,1,249159,4.013501418772751
laddning,"Scholander, Fredrik Wilhelm",1860,1,66301,15.082728767288577
laddning,"Scholander, Fredrik Wilhelm",1880,1,242074,4.130968216330544
laddning,"Schröder, Gustaf",1890,3,450001,6.666651851884773
laddning,"Schwartz, Marie Sophie",1860,6,2579411,2.3261124341952484
laddning,"Schwartz, Marie Sophie",1870,1,884820,1.1301733685947424
laddning,"Schöldström, Birger",1880,1,51955,19.2474256568184
laddning,"Schöldström, Birger",1890,2,123441,16.202072245040142
laddning,"Schüssler, George Christian",1840,2,18688,107.02054794520548
laddning,"Sillén, Abraham Wilhelm af",1860,1,129959,7.694734493186313
laddning,"Silverstolpe, Gustaf Abraham",1790,2,512118,3.9053499388812734
laddning,"Sjögren, Lennart",1980,2,48769,41.00965777440587
laddning,"Skarstedt, Carl Wilhelm",1880,1,788956,1.2674978072287935
laddning,"Sommelius, Gustaf Lorentz",1840,1,40806,24.50620006861736
laddning,"Sparre, Pehr",1840,1,167601,5.96655151222248
laddning,"Sparre, Pehr",1850,10,227066,44.04005883751861
laddning,"Sparre, Pehr",1860,1,206709,4.83771872535787
laddning,"Sparre, Pehr",1870,12,385654,31.115974422669023
laddning,"Stam, Per",1990,3,238205,12.59419407653072
laddning,"Stenhammar, Jakob Axel",1810,2,411692,4.858000641256084
laddning,"Stjernström, Louise",1880,2,1077607,1.8559641873150416
laddning,"Stjernström, Louise",1890,7,1662749,4.2098957810228725
laddning,"Stowe, Harriet Beecher",1850,1,42096,23.755226149752946
laddning,"Stowe, Harriet Beecher",1890,1,222597,4.4924235277205
laddning,"Strandberg, Carl Vilhelm August",1860,1,26344,37.95930762222897
laddning,"Strandberg, Carl Vilhelm August",1870,1,415407,2.4072776818878836
laddning,"Strussenfelt, Ulrika Sophia von",1850,1,1623357,0.6160074462980109
laddning,"Sturzen-Becker, Oscar Patric",1880,2,631009,3.169526900567187
laddning,"Stuxberg, Anton",1890,3,103928,28.86613809560465
laddning,"Styffe, Carl Gustaf",1870,1,498168,2.007354948531419
laddning,"Styffe, Carl Gustaf",1880,3,394393,7.606625878248346
laddning,"Stålberg, Wilhelmina",1840,1,1308174,0.7644243044121042
laddning,"Stålberg, Wilhelmina",1860,1,899125,1.1121924092868065
laddning,"Sundblad, Johannes",1890,4,392680,10.186411327289395
laddning,"Sällberg, Thure",1890,2,491737,4.067214791646754
laddning,"Sätherberg, Herman",1840,1,143112,6.987534238917771
laddning,"Söderbom, Anton Samuel Ernst",1890,2,304113,6.576502813099078
laddning,"Söderhjelm, Werner",1900,1,124684,8.02027525584678
laddning,"Söderling, Johan Niklas",1840,2,32610,61.330880098129406
laddning,"Tavaststjerna, Karl August",1890,2,435795,4.589313782856618
laddning,"Tegnér, Esaias",1820,1,31612,31.633556877135266
laddning,"Tegnér, Esaias",1880,1,231963,4.311032362919948
laddning,"Tengström, Jacob",1890,1,129638,7.713787623999136
laddning,"Thomasson, Nils",1890,1,707538,1.4133516503707222
laddning,"Thomasson, Pehr",1850,3,216282,13.870779815241212
laddning,"Thomasson, Pehr",1860,3,613096,4.893197802627974
laddning,"Thomasson, Pehr",1880,2,259784,7.698703538324146
laddning,"Thorell, Per",1860,1,15965,62.63701847792045
laddning,"Thorsander, Gustaf",1890,2,250882,7.971875224208991
laddning,"Topelius, Zacharias",1860,3,408043,7.3521663158049515
laddning,"Topelius, Zacharias",1880,2,1225979,1.631349313487425
laddning,"Trolle, Henrik af",1850,1,60045,16.654176034640685
laddning,"Trolle, Henrik af",1860,4,322782,12.392264748344084
laddning,"Trolle, Henrik af",1870,17,1614288,10.530958540235694
laddning,"Trolle, Henrik af",1880,6,832850,7.204178423485621
laddning,"Törnblom, Johan August",1910,1,599083,1.6692177878524346
laddning,"Törnebladh, Ragnar",1880,1,187908,5.321753198373672
laddning,"Ulfsson, Sten",1890,1,425150,2.352111019640127
laddning,"Vester, A. B.",1890,2,142413,14.043661744363225
laddning,"Virdestam, Gotthard",1930,1,906231,1.1034714107109556
laddning,"Wachtmeister, Hans",1880,3,51989,57.70451441651119
laddning,"Wallenberg, Jacob",1880,1,79294,12.611294675511388
laddning,"Wallin, Johan Peter",1880,1,263442,3.795901944260976
laddning,"Wallin, R. W.",1890,1,28377,35.239806885858265
laddning,"Wallin, William",1880,1,9253,108.07305738679348
laddning,"Wallén, Nils Jacob",1860,2,15010,133.24450366422386
laddning,"Wennerberg, Ingrid",1890,1,35614,28.078845397877238
laddning,"Wetterbergh, Carl Anton",1850,3,959464,3.1267457663862324
laddning,"Wetterbergh, Carl Anton",1880,2,923099,2.166614848461541
laddning,"Wettergrund, Josefina",1870,1,152526,6.556259260716206
laddning,"Wickström, Victor Hugo",1880,1,221642,4.511780258254302
laddning,"Wickström, Victor Hugo",1890,1,213549,4.682766016230467
laddning,"Wieselgren, Sigfrid",1860,1,70218,14.241362613574866
laddning,"Wijkander, Oscar",1860,1,12665,78.95775759968417
laddning,"Wilén, Fritz",1880,2,60454,33.08300526019784
laddning,"Wipperling, Nils Fredrik",1850,1,28519,35.06434306953259
laddning,"Wirsén, Carl David af",1870,1,29796,33.561551886159215
laddning,"Witt, Otto",1910,14,530862,26.372202191906748
laddning,"Wägner, Elin",1900,1,74246,13.468739056649516
laddning,"Wägner, Elin",1910,1,601051,1.6637523271735677
laddning,"Wägner, Elin",1930,3,611590,4.905246979185402
laddning,"Wägner, Elin",1940,1,474886,2.1057685423448995
laddning,"Wåhlstrand, Karin",1880,1,69220,14.44669170759896
laddning,"Zaar, Ludvig Christofer Gustaf",1830,1,61577,16.23982980658363
laddning,"Zeipel, Carl von",1840,2,881480,2.268911376321641
laddning,"Zilliacus, Konni, d. ä.",1890,2,157875,12.66825019794141
laddning,"Åberg, Johan Eggert",1850,1,33839,29.551700700375306
laddning,"Åberg, Jon Olof",1870,1,389810,2.56535235114543
laddning,"Åberg, Jon Olof",1880,8,2320133,3.4480781920691617
laddning,"Åberg, Jon Olof",1890,3,1280352,2.3431056459473645
laddning,"Åberg, Jon Olof",1900,1,65020,15.379883112888342
laddning,"Åkerlund, P. A.",1860,1,7450,134.2281879194631
laddning,"Öberg, Ludvig Teodor",1850,3,360523,8.321244414364687
laddning,"Ödberg, Pehr Ivar",1870,1,24701,40.484190923444395
laddning,"Ödman, Pelle",1880,1,295814,3.38050261312852
laddning,"Ödman, Pelle",1890,1,97994,10.204706410596566
laddning,"Ödmann, Samuel",1920,1,247519,4.040093891782045
magnet,"Adlersparre, Carl August",1840,1,163802,6.10493156371717
magnet,"Adlersparre, Georg Axel",1880,1,51236,19.517526739011632
magnet,"Afzelius, Anders Johan",1850,1,85174,11.740672036067345
magnet,"Afzelius, Arvid August",1840,2,62722,31.886738305538728
magnet,"Agrell, Alfhild",1880,1,251326,3.978895935955691
magnet,"Agrell, Alfhild",1890,1,302899,3.3014305098399137
magnet,"Agrell, Alfhild",1910,1,76114,13.138187455658617
magnet,"Ahlbom, Mathilda",1860,3,395655,7.582363422678849
magnet,"Ahlqvist, Abraham",1840,1,165083,6.057558924904442
magnet,"Ahnfelt, Arvid",1870,2,834238,2.3973973853984116
magnet,"Ahrenberg, Jac",1890,1,379201,2.6371238472472385
magnet,"Alcott, Louisa May",1870,2,411350,4.862039625622949
magnet,"Alfthan, Johannes",1880,3,30151,99.49918742330271
magnet,"Altén, Victor August",1830,1,73223,13.656911079851959
magnet,"Ameen, Georg",1830,1,77692,12.871338104309324
magnet,"Andrén, Olof",1890,1,258552,3.8676939261734584
magnet,Anonym,1830,2,334683,5.975803969726577
magnet,Anonym,1840,1,731519,1.3670184916591366
magnet,Anonym,1860,43,1427646,30.11951141949755
magnet,Anonym,1870,4,1872242,2.1364759470196693
magnet,Anonym,1880,1,1657613,0.6032771219820308
magnet,Anonym,1890,1,1991534,0.5021254972297736
magnet,"Arfwedson, Carl David",1870,1,176118,5.6780113333106215
magnet,"Arvidsson, Adolf Ivar",1840,1,117644,8.50022100574615
magnet,"Atterbom, P.D.A.",1830,2,122714,16.29805890118487
magnet,"Atterbom, P.D.A.",1840,2,628322,3.1830812863468094
magnet,"Aurell, Wilhelm",1860,1,194453,5.14263086709899
magnet,"Aurén, Johan August",1860,1,4056,246.5483234714004
magnet,"Austen, Jane",1830,1,163429,6.118865072906277
magnet,"Bahr, Johan Fredrik",1830,1,7485,133.6005344021376
magnet,"Benedictsson, Victoria",1890,3,210958,14.22084016723708
magnet,"Benedictsson, Victoria",1900,1,33442,29.902517791998086
magnet,"Berg, Daniel",1910,1,62030,16.121231662098985
magnet,"Berg, Daniel",1930,1,83127,12.029785749515801
magnet,"Berg, Per Gustaf",1860,2,406783,4.916626309359044
magnet,"Bergh, Richard",1900,1,82704,12.091313600309539
magnet,"Berglund, Victoria",1850,1,60959,16.40446857724044
magnet,"Bergström, Frans Frode Theodor",1880,2,19449,102.83305054244434
magnet,"Berndtson, Charlotta",1860,3,200987,14.926338519406729
magnet,"Beskow, Bernhard von",1830,1,53780,18.59427296392711
magnet,"Beskow, Bernhard von",1840,1,5568,179.5977011494253
magnet,"Beskow, Bernhard von",1870,1,104308,9.586992368754075
magnet,"Bjursten, Herman",1850,2,1007894,1.9843356543446038
magnet,"Bjursten, Herman",1860,3,393956,7.6150636111646985
magnet,"Björck, Theodor",1850,2,139177,14.370190476874772
magnet,"Björling, Fridolf",1870,2,155334,12.87548122111064
magnet,"Blachet, Gustaf",1890,1,17198,58.14629608093964
magnet,"Blomberg, Harry",1920,1,267112,3.7437479409386323
magnet,"Bolander, Sophie",1840,1,153009,6.535563267520211
magnet,"Bolander, Sophie",1860,1,532782,1.8769402870217087
magnet,"Bolinus, Andreas",1910,1,31158,32.094486167276465
magnet,"Brag, Eva",1880,1,104257,9.5916820932887
magnet,"Branting, Anna",1940,1,57078,17.519885069553943
magnet,"Braun, Wilhelm von",1830,1,73189,13.663255407233327
magnet,"Braun, Wilhelm von",1840,1,407518,2.4538793378451995
magnet,"Braun, Wilhelm von",1880,2,89403,22.370613961500172
magnet,"Bremer, Fredrika",1840,1,233642,4.280052387841227
magnet,"Bremer, Fredrika",1910,1,960521,1.0411016521242118
magnet,"Brinkman, Carl Gustaf von",1840,2,67372,29.68592293534406
magnet,"Broberg, Johan Valentin",1870,1,32291,30.968381282710354
magnet,"Brontë, Charlotte",1850,3,440109,6.81649318691506
magnet,"Burghausen, Carl Fredrik von",1850,1,63141,15.83756988327711
magnet,"Bäckmann, Ida",1920,1,36562,27.35080137848039
magnet,"Bäckmann, Ida",1930,2,175857,11.372876826057535
magnet,"Böttiger, Carl Wilhelm",1840,1,25919,38.581735406458584
magnet,"Böttiger, Carl Wilhelm",1850,1,134044,7.460236937125123
magnet,"Böttiger, Carl Wilhelm",1880,1,198597,5.035322789367412
magnet,"Carlén, Rosa",1860,3,437108,6.863292367103782
magnet,"Cederberg, Björn",1880,3,160355,18.70849053662187
magnet,"Cederblad, Albert",1890,1,46493,21.508614199987093
magnet,"Cederborg, Carl August",1890,1,23468,42.61121527185956
magnet,"Cederborgh, Fredrik",1830,1,184060,5.433010974682169
magnet,"Cederborgh, Fredrik",1880,1,216297,4.623272629763704
magnet,"Celsius, Olof, d. ä.",1900,1,55133,18.13795730324851
magnet,"Chronwall, Johan Henrik",1890,1,27036,36.98772007693446
magnet,"Chydenius, Karl",1860,1,149994,6.666933344000427
magnet,"Columbus, Samuel",1880,1,50848,19.666456891126494
magnet,"Cramær, Mauritz",1880,1,52389,19.087976483612973
magnet,"Cronholm, Bernhard",1830,1,34705,28.814291888776832
magnet,"Crusenstolpe, Magnus Jacob",1840,5,1801700,2.7751567963589943
magnet,"Dahlgren, Carl Fredric",1830,4,287156,13.929710679909178
magnet,"Dahlgren, Fredrik August",1910,5,1254446,3.9858232239570297
magnet,"Dahlgren, Lotten",1900,1,122195,8.183640901837228
magnet,"Douglass, Frederick",1890,1,246238,4.061111607469196
magnet,"Dunckel, Dorothea",1840,1,218035,4.586419611530259
magnet,"Eberstein, Carl Christian",1850,2,89661,22.30624240193618
magnet,"Edelfelt, Johanna Catharina, f. Benzelstjerna",1830,1,57416,17.416747944823744
magnet,"Edenberg, Albert Anderson",1880,10,686333,14.570186775224272
magnet,"Ehrnrooth, Adelaide",1880,1,232129,4.307949459136945
magnet,"Eichhorn, Christoffer",1870,1,39274,25.462137801089778
magnet,"Ekelund, Vilhelm",1910,2,272156,7.348726465703494
magnet,"Ekelund, Vilhelm",1920,2,263894,7.578800579020364
magnet,"Ekelund, Vilhelm",1930,1,309651,3.229442178452516
magnet,"Ekelund, Vilhelm",1940,2,284044,7.041162636774584
magnet,"Ekmarck, Carl Eric",1830,1,64051,15.612558742252268
magnet,"Elgenstierna, Gustaf",1920,1,4397617,0.22739588281562492
magnet,"Elmblad, Magnus",1870,1,61665,16.21665450417579
magnet,"Enander, Johan Alfred",1880,2,29755,67.21559401781214
magnet,"Eriksson, Erik Gustaf",1880,1,47606,21.005755577028104
magnet,"Falk, Hugo",1890,1,87835,11.38498320714977
magnet,"Feilitzen, Urban von",1870,1,50455,19.819641264493114
magnet,"Feuk, Carl Gustaf Theodor",1890,1,11233,89.02341315766047
magnet,"Flygare-Carlén, Emilie",1840,7,2724568,2.5692146424680904
magnet,"Flygare-Carlén, Emilie",1860,1,814169,1.2282462240640457
magnet,"Flygare-Carlén, Emilie",1880,5,515456,9.700148994288552
magnet,"Fornell, Bror Edvard",1840,1,132348,7.555837640160788
magnet,"Fornell, Bror Edvard",1850,1,295224,3.3872584884697723
magnet,"Forssman, Edith",1880,1,95706,10.448665705389422
magnet,"Forssman, Edith",1890,3,548028,5.47417285248199
magnet,"Frank, Sten",1890,1,95110,10.514141520344864
magnet,"Franzén, Frans Michael",1830,3,287355,10.44004802422091
magnet,"Franzén, Frans Michael",1850,5,75020,66.64889362836577
magnet,"Frese, Jacob",1860,2,25844,77.3874013310633
magnet,"Frick-Meijer, Anders Ludvig",1880,1,25176,39.72036860502065
magnet,"Frunck, Gudmund",1880,1,189241,5.2842671514101065
magnet,"Frykholm, Sunny",1890,1,98036,10.200334570973927
magnet,"Fryxell, Olof",1830,3,117242,25.588099827706795
magnet,"Furuhjelm, Maria",1870,1,243430,4.107957112927741
magnet,"Geijer, Erik Gustaf",1840,1,131671,7.594686757144702
magnet,"Gernandt-Claine, Jane",1890,1,201394,4.965391223174474
magnet,"Goethe, Johann Wolfgang von",1900,1,105706,9.460200934667853
magnet,"Goncourt, Edmond de",1920,1,157664,6.342601989039983
magnet,"Govenius, Lars Johan",1850,1,144240,6.932889628397116
magnet,"Govenius, Lars Johan",1860,2,126293,15.836190446026304
magnet,"Govenius, Lars Johan",1880,1,257372,3.8854265421257947
magnet,"Govenius, Lars Johan",1890,1,131071,7.629452739355006
magnet,"Granath, Wilhelm",1890,5,4062759,1.230690769499249
magnet,"Gravallius, Wilhelmina",1860,2,203121,9.846347743463255
magnet,"Gripenberg, Alexandra",1870,1,46048,21.716469770674077
magnet,"Gräf, Hans Gerhard",1920,1,35604,28.086731827884506
magnet,"Gråbergh, Otto",1860,1,27803,35.96734165377837
magnet,"Gustafsson, Richard",1870,1,177930,5.620187714269656
magnet,"Götberg, Reinhold",1860,1,38405,26.038276266111183
magnet,"Hagberg, Carl August",1830,1,44710,22.36636099306643
magnet,"Hallenborg, Carl",1890,2,36757,54.41140463041054
magnet,"Hansson, Ola",1880,1,67109,14.901130995842584
magnet,"Hansson, Ola",1890,4,285053,14.032478170726145
magnet,"Hansson, Ola",1910,3,96845,30.97733491661934
magnet,"Hansson, Stina",1970,2,88498,22.59938077696671
magnet,"Harrison, Mary St. Leger Kingsley",1900,1,185623,5.387263431794551
magnet,"Hasselblad & Co., Fritz W.",1890,8,203553,39.30180346150634
magnet,"Hebbe, Wendela",1840,1,82219,12.162638806115375
magnet,"Hedberg, Frans",1880,1,397363,2.516590623686654
magnet,"Hedborn, Samuel",1830,1,62846,15.91191165706648
magnet,"Hedin, Sven",1880,1,147501,6.779615053457265
magnet,"Hedin, Sven",1910,1,851315,1.174653330435855
magnet,"Hellberg, Johan Carl",1860,1,16193,61.75507935527697
magnet,"Heller, Frank",1910,1,548425,1.8234033824132745
magnet,"Heller, Frank",1930,1,50506,19.79962776699798
magnet,"Hertzberg, Rafaël",1880,1,134808,7.417957391252744
magnet,"Hertzberg, Rafaël",1890,1,80979,12.348880573975968
magnet,"Hofberg, Herman",1900,1,1537883,0.6502445244534207
magnet,"Hoffmann, Franz",1870,1,154897,6.455902954866782
magnet,"Höpken, Anders Johan von",1890,2,464542,4.305315773385399
magnet,"Hülphers, Abraham Abrahamsson",1880,1,59439,16.823970793586703
magnet,"Idström, Ellen",1890,1,240165,4.163804051381342
magnet,"Indebetou, Johan Govert",1830,1,39103,25.573485410326573
magnet,"Ingelius, Axel Gabriel",1850,1,364678,2.742145125288611
magnet,"Ingelman, Georg Gabriel",1830,6,88369,67.8971132410687
magnet,"Ingelman, Georg Gabriel",1840,5,55592,89.94099870484962
magnet,"James, D.",1880,1,311224,3.2131198108115053
magnet,"Janson, Betty",1890,5,177288,28.202698434186182
magnet,"Janson, Betty",1900,1,69266,14.43709756590535
magnet,"Johanson, Klara",1940,1,104609,9.55940693439379
magnet,"Johansson, Johannes",1900,1,41303,24.211316369270996
magnet,"Johnson, John",1890,1,394527,2.534680769630469
magnet,"Jolin, Ellen",1910,2,82543,24.22979537937802
magnet,"Jolin, Johan",1890,1,451682,2.2139469803977136
magnet,"Jonsson, Thorsten",1940,2,146692,13.634008671229514
magnet,"Josephson, Ludvig",1890,1,93878,10.652122968107545
magnet,"Jouvin, Maria",1890,1,27905,35.83587170757929
magnet,"Karl XV, kung av Sverige",1860,1,44780,22.331397945511387
magnet,"Key, Ellen",1900,1,187000,5.347593582887701
magnet,"Keyland, Nils",1910,1,313867,3.1860628865092537
magnet,"Kiellman-Göranson, Julius Axel",1840,3,519605,5.773616497146871
magnet,"Kiellman-Göranson, Julius Axel",1850,1,810772,1.2333923717148594
magnet,"Kiellman-Göranson, Julius Axel",1860,6,607184,9.881683311813223
magnet,"Kjellberg, Isidor",1860,1,26936,37.125037125037124
magnet,"Kjellenberg, Matthias",1830,4,48016,83.30556481172943
magnet,"Knorring, Sophie von",1830,3,396920,7.558198125566864
magnet,"Knorring, Sophie von",1840,1,899110,1.1122109641756848
magnet,"Koch, Richert von",1890,1,423042,2.363831487180942
magnet,"Kreüger, Erik",1880,1,9089,110.02310485201892
magnet,"Krok, Johan Peter",1830,3,155292,19.318445251526157
magnet,"Krook, Max",1880,3,27655,108.47947929849937
magnet,"Krusenstjerna, Agnes von",1920,2,447382,4.47045254391102
magnet,"Kræmer, Anders Robert von",1850,1,50978,19.61630507277649
magnet,"Kræmer, Anders Robert von",1860,1,22460,44.52359750667854
magnet,"Kræmer, Lotten von",1880,2,79117,25.279017151813136
magnet,"Kræmer, Lotten von",1890,1,78946,12.666886226027918
magnet,"Kullberg, Karl Anders af",1830,3,512752,5.850781664430368
magnet,"Kullberg, Karl Anders af",1840,1,708355,1.4117215238122127
magnet,"Kämpe, Alfred",1910,1,146622,6.820258897027731
magnet,"Lagerlöf, Selma",1930,1,650198,1.5379930421194774
magnet,"Lallerstedt, Anders",1740,2,13495,148.20303816228233
magnet,"Laurén, Ludvig Leonard",1880,1,33260,30.066145520144318
magnet,"Leistenius, Jacob Gabriel",1880,1,104877,9.53497907072094
magnet,"Lennstrand, Viktor E.",1880,2,72489,27.590393025148643
magnet,"Levertin, Oscar",1900,1,151708,6.591610198539299
magnet,"Levin, Carl Herman",1840,1,48113,20.78440338370087
magnet,"Lilja, Nils",1830,1,41689,23.987142891410205
magnet,"Limborg, Ossian",1880,1,129747,7.7073072980492805
magnet,"Linck, Josef",1880,1,34819,28.71995175048106
magnet,"Lindblad, Elis Wilhelm",1860,1,64657,15.466229487913141
magnet,"Lindblad, Johan Michael",1840,1,33137,30.17774692941425
magnet,"Lindholm, Fredrik",1880,1,183182,5.459051653546746
magnet,"Lindholm, Fredrik",1890,1,105945,9.438859785737883
magnet,"Lindholm, Per August",1890,1,252561,3.959439501744133
magnet,"Lindhé, Wilma",1870,1,9668,103.4340091021928
magnet,"Lindhé, Wilma",1880,1,278057,3.596384913884563
magnet,"Lindkvist, Alfred",1880,1,141703,7.05701361297926
magnet,"Ljunggren, Gustaf",1860,1,225853,4.427658698356896
magnet,"Ljunggren, Gustaf",1870,1,582220,1.7175638074954485
magnet,"Ljunggren, Gustaf",1890,1,508881,1.9650959654614732
magnet,"Ljungstedt, Aurora",1870,1,1582446,0.6319330959792625
magnet,"Lund, Sigurd",1880,2,19330,103.46611484738749
magnet,"Lundegård, Axel",1890,2,663851,3.0127242408311505
magnet,"Lundquist, Ernst",1860,1,74630,13.399437223636607
magnet,"Lundquist, Ernst",1880,5,702213,7.120346675438934
magnet,"Lundquist, Ernst",1900,1,54560,18.328445747800586
magnet,"Lénström, Carl Julius",1830,2,204893,9.761192427266915
magnet,"Lénström, Carl Julius",1840,1,232710,4.297193932362167
magnet,"Lénström, Carl Julius",1860,1,116806,8.561204047737274
magnet,"Lönnberg, Mathilda",1870,1,254456,3.929952526173484
magnet,"Malmgren, Thure",1870,2,97568,20.498524106264348
magnet,"Meijer, Bernhard",1880,1,543470,1.84002796842512
magnet,"Meyer, Ernst",1880,1,356598,2.8042782068323433
magnet,"Munthe, Axel",1930,1,156115,6.4055343817057935
magnet,"Mörner, Birger",1890,1,37170,26.90341673392521
magnet,"Nervander, Johan Jakob",1850,2,84887,23.560733681246834
magnet,"Nicander, Karl August",1830,1,385016,2.5972946578843477
magnet,"Nilsson, Albert",1910,3,135571,22.128626328639605
magnet,"Nilsson, Ernst",1860,1,11290,88.57395925597874
magnet,"Nordenskiöld, Adolf Erik",1880,2,297785,6.7162550162029655
magnet,"Nordensvan, Georg",1880,6,513177,11.691872394904681
magnet,"Nordensvan, Georg",1890,1,130737,7.648944063272065
magnet,"Nordin, Jonas",2020,1,186173,5.371348154673341
magnet,"Nordström, Ester Blenda",1910,1,144545,6.918260749247639
magnet,"Nordström, Ester Blenda",1930,1,139817,7.152206097970919
magnet,"Norlander, Emil",1890,1,46333,21.58288908553299
magnet,"Norlin, Mauritz",1880,1,146496,6.826124945391
magnet,"Numers, Hedvig von",1860,1,270661,3.694658632015695
magnet,"Nyberg, Julia Christina",1830,1,108344,9.229860444510079
magnet,"Nyberg, Julia Christina",1840,1,39188,25.518015719097683
magnet,"Nyblom, Carl Rupert",1870,1,55002,18.18115704883459
magnet,"Olsson, Johannes",1890,1,108979,9.1760797951899
magnet,"Olán, Olivus",1890,1,13252,75.46030787805614
magnet,Ovidius,1820,1,155332,6.437823500630906
magnet,"Oxenstierna, Mårten Gabriel Leijonsköld",1890,1,548427,1.823396732837734
magnet,"Palmblad, Vilhelm Fredrik",1840,3,931946,3.219070632847826
magnet,"Persson, Jöns",1870,1,12640,79.11392405063292
magnet,"Petersson, Therèse",1880,1,167213,5.980396261056257
magnet,"Pettersson, Victor",1880,1,351595,2.8441815156643298
magnet,"Pfeiffer, Sara",1860,1,269215,3.714503278049143
magnet,"Philipsson, Jonas",1850,1,125155,7.990092285565899
magnet,"Pihlstrand, Ragnar",1880,3,2387801,1.2563861058773322
magnet,"Pihlstrand, Ragnar",1890,1,1299301,0.7696446012124981
magnet,"Platen, Henrica Carolina von",1860,1,76150,13.131976362442547
magnet,"Pontin, Constans",1840,1,229104,4.364829946225295
magnet,"Prytz, Harald Oscar",1860,1,90977,10.991789133517262
magnet,"Qvanten, Emil von",1840,1,38222,26.16294280780702
magnet,"Randel, Rolf Ane",1910,1,27236,36.71611102951975
magnet,"Reenstierna, Märta Helena",1950,1,210559,4.7492626769694
magnet,"Reuter, Jonatan",1880,1,10222,97.82821365681863
magnet,"Ridderstad, Carl Fredrik",1840,1,771553,1.2960872422244487
magnet,"Ridderstad, Carl Fredrik",1850,3,951883,3.151647839072659
magnet,"Ridderstad, Carl Fredrik",1880,1,559564,1.7871056751327818
magnet,"Roos, Mathilda",1880,1,225894,4.4268550736186
magnet,"Rosenius, Josef",1890,1,14634,68.33401667350007
magnet,"Rosén, Johan Magnus",1840,1,288053,3.471583354452132
magnet,"Roth, Sven Olof",1880,1,224664,4.451091407613147
magnet,"Ruin, Hans",1930,1,163282,6.124373782780711
magnet,"Runeberg, Johan Ludvig",1870,2,285250,7.011393514460999
magnet,"Ryberg, Klas",1870,1,71186,14.04770600960863
magnet,"Rydberg, Carl Henrik",1860,1,344263,2.9047559569282786
magnet,"Rydberg, Viktor",1850,1,350514,2.8529530917452655
magnet,"Rydberg, Viktor",1870,2,80367,24.885836226311795
magnet,"Rydberg, Viktor",1880,2,138811,14.408080051292766
magnet,"Samzelius, Hugo",1890,1,77418,12.916892712289131
magnet,"Sandberg, Algot",1890,1,296810,3.3691587210673495
magnet,"Sandberg, Sven",1860,1,6547,152.7417137620284
magnet,"Schenfelt, Inga",1870,1,173997,5.747225526876901
magnet,"Schenfelt, Inga",1880,3,288911,10.383820622960013
magnet,"Scholander, Fredrik Wilhelm",1880,2,242074,8.261936432661088
magnet,"Schwartz, Marie Sophie",1850,6,1085153,5.529174227044481
magnet,"Schwartz, Marie Sophie",1860,6,2579411,2.3261124341952484
magnet,"Schwartz, Marie Sophie",1870,2,884820,2.2603467371894848
magnet,"Schwartz, Marie Sophie",1910,1,207231,4.825532859466007
magnet,"Schöldström, Birger",1870,1,58816,17.002176278563656
magnet,"Schöldström, Birger",1880,1,51955,19.2474256568184
magnet,"Schöldström, Birger",1890,1,123441,8.101036122520071
magnet,"Schön, August",1890,1,42095,23.75579047392802
magnet,"Segerstedt, Albrekt",1880,1,149770,6.676904587033452
magnet,"Segerstedt, Torgny",1940,1,117457,8.513753969537788
magnet,"Silfverstolpe, Gudmund Leonhard",1850,2,51620,38.74467260751646
magnet,"Silverstolpe, Gustaf Abraham",1790,1,512118,1.9526749694406367
magnet,"Sjöberg, Birger",1920,2,566955,3.5276168302598974
magnet,"Sjöberg, Edvard Daniel",1840,1,140639,7.110403230967228
magnet,"Sjöström, Carl",1900,1,312159,3.2034956544581448
magnet,"Skarstedt, Carl Wilhelm",1880,1,788956,1.2674978072287935
magnet,"Sparre, Pehr",1830,1,225896,4.426815879873924
magnet,"Sparre, Pehr",1840,1,167601,5.96655151222248
magnet,"Sparre, Pehr",1850,1,227066,4.404005883751861
magnet,"Sparre, Pehr",1870,2,385654,5.185995737111504
magnet,"Stackelberg, Oskar",1870,2,21739,92.00055200331202
magnet,"Stackelberg, Oskar",1890,2,31199,64.10461873778006
magnet,"Starbäck, Carl Georg",1850,2,210114,9.51864226086791
magnet,"Stiernhielm, Georg",1870,1,61481,16.265187618939184
magnet,"Stjernstolpe, Jonas Magnus",1820,2,77038,25.961213946364133
magnet,"Stjernström, Louise",1890,3,1662749,1.8042410490098024
magnet,"Strandberg, Carl Vilhelm August",1870,1,415407,2.4072776818878836
magnet,"Strindberg, August",1890,1,428523,2.3335970297977005
magnet,"Strussenfelt, Ulrika Sophia von",1840,1,243871,4.100528558131143
magnet,"Strussenfelt, Ulrika Sophia von",1850,11,1623357,6.776081909278119
magnet,"Strussenfelt, Ulrika Sophia von",1860,2,1181849,1.6922635632809266
magnet,"Ström, Fredrik",1920,1,156422,6.392962626740484
magnet,"Strömberg, Bengt Johan Gustaf Lorenz",1850,1,34041,29.376340295525985
magnet,"Sturzen-Becker, Oscar Patric",1840,1,236021,4.236911122315387
magnet,"Stålberg, Wilhelmina",1830,2,245663,8.141234129681719
magnet,"Stålberg, Wilhelmina",1840,5,1308174,3.822121522060521
magnet,"Stålberg, Wilhelmina",1850,1,687670,1.4541858740384197
magnet,"Stålberg, Wilhelmina",1860,1,899125,1.1121924092868065
magnet,"Sundblad, Johannes",1890,1,392680,2.546602831822349
magnet,"Sundler, Anders",1880,2,94962,21.061056001347907
magnet,"Svanlund, Yngve Fredrik",1890,2,38238,52.30399079449762
magnet,"Svartengren, Jakob",1840,2,14995,133.3777925975325
magnet,"Svenson, Axel",1890,1,26048,38.39066339066339
magnet,"Sätherberg, Herman",1860,1,88183,11.340054205459102
magnet,"Söderberg, Hjalmar",1900,1,304715,3.2817550826181843
magnet,"Söderhjelm, Werner",1900,2,124684,16.04055051169356
magnet,"Sörman, Py",1930,1,206149,4.850860300074218
magnet,Tankebyggarorden,1750,1,93902,10.649400438755299
magnet,"Tavaststjerna, Karl August",1890,1,435795,2.294656891428309
magnet,"Tersmeden, Carl",1910,1,627992,1.5923769729550694
magnet,"Tersmeden, Minna",1870,2,83327,24.001824138634536
magnet,"Thomasson, Nils",1890,1,707538,1.4133516503707222
magnet,"Thomasson, Pehr",1830,2,9430,212.08907741251326
magnet,"Tibell, Charlotta Cecilia af",1850,1,47302,21.140755147773877
magnet,"Tollstorp, Jacob Philip",1830,4,45173,88.54846921833838
magnet,"Trolle, Henrik af",1870,3,1614288,1.8584044482768873
magnet,"Trolle, Henrik af",1880,1,832850,1.2006964039142702
magnet,"Utterström, Olof Philip",1870,1,57762,17.312419930057825
magnet,"Vinell, Sigrid",1880,1,40304,24.811433108376338
magnet,"Virgin, Axel Gustaf",1860,1,48881,20.45784660706614
magnet,"Wahlenberg, Anna",1890,1,523166,1.911439199030518
magnet,"Wallmo, Uno",1900,1,105865,9.445992537665894
magnet,"Warburg, Karl",1900,2,453357,4.411534397836584
magnet,"Wernberg, Hjalmar",1890,3,491632,6.102125166791422
magnet,"Westerlund, Johan Alfred",1910,1,910029,1.0988660800919532
magnet,"Westerstrand, Adolf",1880,2,41823,47.820577194366734
magnet,"Westholm, Erik",1850,1,18755,53.31911490269262
magnet,"Wetterbergh, Carl Anton",1840,3,912252,3.288565001775825
magnet,"Wetterbergh, Carl Anton",1850,1,959464,1.0422485887954107
magnet,"Wetterbergh, Carl Anton",1860,1,66094,15.129966411474566
magnet,"Wetterbergh, Carl Anton",1880,1,923099,1.0833074242307705
magnet,"Wettergrund, Josefina",1860,1,404417,2.4726952625631466
magnet,"Wettergrund, Josefina",1880,3,507018,5.9169496940937005
magnet,"Wetterstedt, Niklas Joakim af",1830,1,77158,12.960418880738226
magnet,"Whitlock, Anna",1880,1,36900,27.100271002710027
magnet,"Wickström, Victor Hugo",1880,1,221642,4.511780258254302
magnet,"Wickström, Victor Hugo",1890,1,213549,4.682766016230467
magnet,"Wigström, Eva",1870,1,383015,2.6108638042896493
magnet,"Wigström, Eva",1890,3,156657,19.150117773224306
magnet,"Wijkander, Oscar",1880,1,98180,10.185373803218578
magnet,"Winter, Reinhold",1890,1,55474,18.02646284746007
magnet,"Witt, Otto",1910,50,530862,94.18643639966696
magnet,"Wranér, Henrik",1890,1,280678,3.562801502077113
magnet,"Wägner, Elin",1920,1,608843,1.6424595503274244
magnet,"Wägner, Elin",1940,1,474886,2.1057685423448995
magnet,"Wåhlstrand, Karin",1880,1,69220,14.44669170759896
magnet,"Wærnér, Ninian",1890,2,97174,20.581637063412025
magnet,"Zedritz, Carl Edvard",1830,1,62621,15.969083853659315
magnet,"Zeipel, Carl von",1840,1,881480,1.1344556881608205
magnet,"Zethelius, Ingeborg",1890,1,35582,28.10409757742679
magnet,"Öberg, Ludvig Teodor",1850,2,360523,5.547496276243124
magnet,"Ödmann, Samuel",1920,1,247519,4.040093891782045
magnetisera,"Agrell, Alfhild",1880,1,251326,3.978895935955691
magnetisera,"Agrell, Alfhild",1890,1,302899,3.3014305098399137
magnetisera,"Agrell, Alfhild",1910,1,76114,13.138187455658617
magnetisera,"Almqvist, C.J.L.",1830,1,621640,1.6086480921433628
magnetisera,"Almqvist, C.J.L.",1840,2,1578875,1.2667247248832239
magnetisera,"Améen, Elin",1890,1,139222,7.182772837626238
magnetisera,Anonym,1860,9,1427646,6.304083785476232
magnetisera,Anonym,1890,1,1991534,0.5021254972297736
magnetisera,"Backlund, Gusten",1880,4,21995,181.8595135258013
magnetisera,"Beckman, Edvard",1850,3,57597,52.08604614823689
magnetisera,"Berg, Per Gustaf",1870,1,490594,2.0383453527764304
magnetisera,"Berger, Henning",1900,1,187588,5.330831396464593
magnetisera,"Bergh, Richard",1900,1,82704,12.091313600309539
magnetisera,"Berglund, Victoria",1850,1,60959,16.40446857724044
magnetisera,"Bergman, Hjalmar",1920,1,660281,1.5145067024494117
magnetisera,"Bremer, Fredrika",1910,2,960521,2.0822033042484236
magnetisera,"Bremer, Fredrika",1920,1,342503,2.9196824553361576
magnetisera,"Bruzelius, Janne",1870,1,153969,6.494813891107951
magnetisera,"Bruzelius, Janne",1880,1,88580,11.289230074508918
magnetisera,"Carlén, Rosa",1860,1,437108,2.2877641223679275
magnetisera,"Dahl, Mattis",1890,1,412666,2.4232672427580657
magnetisera,"Edenberg, Albert Anderson",1880,6,686333,8.742112065134563
magnetisera,"Flygare, Edvard",1850,1,76479,13.075484773597982
magnetisera,"Flygare-Carlén, Emilie",1840,1,2724568,0.3670306632097272
magnetisera,"Flygare-Carlén, Emilie",1850,1,723308,1.3825368999098586
magnetisera,"Fogelholm, Axel",1890,1,27503,36.359669854197726
magnetisera,"Fornell, Bror Edvard",1840,3,132348,22.667512920482366
magnetisera,"Forssman, Edith",1890,1,548028,1.8247242841606632
magnetisera,"Gernandt-Claine, Jane",1890,1,201394,4.965391223174474
magnetisera,"Goncourt, Edmond de",1920,1,157664,6.342601989039983
magnetisera,"Govenius, Lars Johan",1880,1,257372,3.8854265421257947
magnetisera,"Granath, Wilhelm",1890,3,4062759,0.7384144616995495
magnetisera,"Gyllenhaal, Aurore",1880,1,199328,5.016856638304704
magnetisera,"Hansson, Ola",1910,1,96845,10.32577830553978
magnetisera,"Hebbe, Wendela",1840,1,82219,12.162638806115375
magnetisera,"Hedberg, Frans",1890,2,782051,2.557377971513367
magnetisera,"Hedvig Elisabet Charlotta, hertiginna och drottning av Sverige",1900,3,842659,3.5601589729653393
magnetisera,"Hult, Oscar Walfrid",1880,1,1208,827.8145695364238
magnetisera,"Hultin, Måns",1870,1,104686,9.552375675830579
magnetisera,"Hwasser, Israel",1850,2,59854,33.41464229625422
magnetisera,"Johnson, John",1890,5,394527,12.673403848152345
magnetisera,"Jolin, Ellen",1910,1,82543,12.11489768968901
magnetisera,"Jolin, Johan",1890,2,451682,4.427893960795427
magnetisera,"Kerfstedt, Amanda",1880,1,368134,2.716402179641109
magnetisera,"Key, Ellen",1890,1,267625,3.736571695469407
magnetisera,"Landquist, Ellen",1910,1,44571,22.43611316775482
magnetisera,"Lange, Ina",1880,1,120439,8.302958344057988
magnetisera,"Leffler, Anne Charlotte",1890,1,169179,5.910899106863145
magnetisera,"Levertin, Oscar",1880,2,129322,15.465272730084594
magnetisera,"Lindberg, Otto Emil",1890,1,29295,34.135518006485746
magnetisera,"Linder, Marie",1860,1,52998,18.86863655232273
magnetisera,"Lindhé, Wilma",1890,1,216303,4.623144385422301
magnetisera,"Ljunggren, Gustaf",1870,2,582220,3.435127614990897
magnetisera,"Ljunggren, Gustaf",1890,1,508881,1.9650959654614732
magnetisera,"Ljungstedt, Aurora",1870,2,1582446,1.263866191958525
magnetisera,"Lundquist, Ernst",1880,1,702213,1.4240693350877867
magnetisera,"Lundquist, Ernst",1890,1,302445,3.3063862851096895
magnetisera,"Lönnberg, Mathilda",1870,1,254456,3.929952526173484
magnetisera,"Magnell, Ernst",1890,1,20809,48.05612955932529
magnetisera,"Meyer, Ernst",1890,2,462563,4.323735361453467
magnetisera,"Meyer, Philipp Joel",1850,3,30894,97.10623422023694
magnetisera,"Mortensen, Johan",1900,1,233086,4.290261963395485
magnetisera,"Mortensen, Johan",1910,2,159369,12.5494920593089
magnetisera,"Nordström, Ludvig",1930,1,141431,7.070585656609937
magnetisera,"Pettersson, Victor",1880,1,351595,2.8441815156643298
magnetisera,"Ridderstad, Carl Fredrik",1840,1,771553,1.2960872422244487
magnetisera,"Ridderstad, Carl Fredrik",1850,2,951883,2.101098559381773
magnetisera,"Ridderstad, Carl Fredrik",1880,1,559564,1.7871056751327818
magnetisera,"Risberg, Emilie",1860,1,297099,3.365881406534522
magnetisera,"Roos, Mathilda",1880,1,225894,4.4268550736186
magnetisera,"Roth, Sven Olof",1880,2,224664,8.902182815226293
magnetisera,"Scholander, Fredrik Wilhelm",1880,2,242074,8.261936432661088
magnetisera,"Schwartz, Marie Sophie",1850,1,1085153,0.9215290378407469
magnetisera,"Schwartz, Marie Sophie",1860,10,2579411,3.8768540569920806
magnetisera,"Schöldström, Birger",1890,1,123441,8.101036122520071
magnetisera,"Seelhorst, Bertha",1890,1,43548,22.963167080003675
magnetisera,"Sefbom, Augusta",1870,1,81444,12.278375325376945
magnetisera,"Silfverstolpe, Malla",1910,1,245873,4.067140352946439
magnetisera,"Starbäck, Carl Georg",1870,1,1094880,0.9133421014175069
magnetisera,"Stengård, Per",1860,1,40180,24.888003982080637
magnetisera,"Stjernstolpe, Jonas Magnus",1820,1,77038,12.980606973182066
magnetisera,"Stoker, Bram",1900,1,120550,8.29531314807134
magnetisera,"Strindberg, August",1880,1,793035,1.2609783931352336
magnetisera,"Strindberg, August",1890,1,428523,2.3335970297977005
magnetisera,"Strussenfelt, Ulrika Sophia von",1850,2,1623357,1.2320148925960217
magnetisera,"Sturzen-Becker, Oscar Patric",1840,1,236021,4.236911122315387
magnetisera,"Sturzen-Becker, Oscar Patric",1880,1,631009,1.5847634502835934
magnetisera,"Sundler, Anders",1840,3,69783,42.990413137870256
magnetisera,"Svedelius, Wilhelm Erik",1870,1,149429,6.692141418332453
magnetisera,"Sätherberg, Herman",1880,4,60617,65.98808914990845
magnetisera,"Thomasson, Nils",1890,1,707538,1.4133516503707222
magnetisera,"Thomasson, Pehr",1850,1,216282,4.623593271747071
magnetisera,"Tjörner, Olof",1880,1,100662,9.934235361904195
magnetisera,"Trolle, Henrik af",1860,1,322782,3.098066187086021
magnetisera,"Trolle, Henrik af",1870,1,1614288,0.6194681494256291
magnetisera,"Ulfsson, Sten",1890,1,425150,2.352111019640127
magnetisera,"Wallensteen, Nanna",1900,2,71755,27.87262211692565
magnetisera,"Warburg, Karl",1900,1,453357,2.205767198918292
magnetisera,"Wernberg, Hjalmar",1890,1,491632,2.034041722263807
magnetisera,"Wetterbergh, Carl Anton",1850,6,959464,6.253491532772465
magnetisera,"Widmark, Per Fredrik",1850,1,22405,44.63289444320464
magnetisera,"Wigström, Eva",1870,2,383015,5.2217276085792985
magnetisera,"Witt, Otto",1910,3,530862,5.651186183980017
magnetisera,"Wranér, Henrik",1890,2,280678,7.125603004154226
magnetisera,"Öberg, Ludvig Teodor",1850,1,360523,2.773748138121562
magnetisera,"Ödmann, Jenny Maria",1880,1,700126,1.42831433199167
magnetisera,"Ödmann, Jenny Maria",1900,1,218431,4.5781047561930315
magnetism,"Ahlbom, Mathilda",1860,3,395655,7.582363422678849
magnetism,"Ahrenberg, Jac",1890,1,379201,2.6371238472472385
magnetism,"Almqvist, C.J.L.",1830,2,621640,3.2172961842867256
magnetism,"Almqvist, C.J.L.",1840,5,1578875,3.1668118122080595
magnetism,Anonym,1850,1,858377,1.164989276273712
magnetism,Anonym,1860,2,1427646,1.400907507883607
magnetism,Anonym,1870,1,1872242,0.5341189867549173
magnetism,Anonym,1880,1,1657613,0.6032771219820308
magnetism,Anonym,1890,2,1991534,1.0042509944595472
magnetism,"Atterbom, P.D.A.",1840,8,628322,12.732325145387238
magnetism,"Atterbom, P.D.A.",1850,3,244343,12.277822569093447
magnetism,"Bagger, Alban Agathon",1890,1,46140,21.673168617251843
magnetism,"Bellman, Carl Michael",1870,1,134584,7.430303750817333
magnetism,"Berg, Wilhelm",1890,1,980146,1.0202561659181388
magnetism,"Bergh, Richard",1900,9,82704,108.82182240278584
magnetism,"Bergman, Hjalmar",1910,1,487777,2.050117164195934
magnetism,"Berndtson, Charlotta",1860,1,200987,4.975446173135576
magnetism,"Blom, Lydia",1890,1,37775,26.472534745201852
magnetism,"Bohman, John G.",1880,1,151148,6.616031968666473
magnetism,"Bollsten, Johan Christian",1840,2,107829,18.547886004692614
magnetism,"Bremer, Fredrika",1850,4,594294,6.730675389621972
magnetism,"Bremer, Fredrika",1910,2,960521,2.0822033042484236
magnetism,"Bremer, Fredrika",1920,1,342503,2.9196824553361576
magnetism,"Brinkman, Carl Gustaf von",1850,1,138346,7.228253798447371
magnetism,"Bruzelius, Janne",1870,6,153969,38.9688833466477
magnetism,"Bygdén, Leonard",1890,9,721125,12.480499219968799
magnetism,"Carlén, Rosa",1860,1,437108,2.2877641223679275
magnetism,"Cramær, Mauritz",1840,1,64975,15.390534821085033
magnetism,"Dahlgren, Carl Fredric",1830,1,287156,3.4824276699772945
magnetism,"Darwin, Charles",1870,3,433182,6.925495519204399
magnetism,"De Geer, Louis",1890,1,214224,4.668011053850176
magnetism,"Dietrichson, Lorentz",1870,1,20253,49.37540117513455
magnetism,"Edenberg, Albert Anderson",1880,26,686333,37.88248561558311
magnetism,"Elgenstierna, Gustaf",1920,1,4397617,0.22739588281562492
magnetism,"Elgenstierna, Gustaf",1930,1,5073413,0.19710597185760356
magnetism,"Fallström, Daniel",1880,1,128556,7.778711223124553
magnetism,"Fersen, Axel von",1920,1,585424,1.7081636557435296
magnetism,"Flodman, Anders",1870,1,458721,2.1799743199025117
magnetism,"Flygare-Carlén, Emilie",1840,1,2724568,0.3670306632097272
magnetism,"Flygare-Carlén, Emilie",1850,1,723308,1.3825368999098586
magnetism,"Flygare-Carlén, Emilie",1860,3,814169,3.684738672192137
magnetism,"Flygare-Carlén, Emilie",1870,1,329761,3.032499294943914
magnetism,"Flygare-Carlén, Emilie",1880,1,515456,1.9400297988577104
magnetism,"Fornell, Bror Edvard",1840,7,132348,52.890863481125514
magnetism,"Fryxell, Olof",1830,1,117242,8.529366609235598
magnetism,"Geijer, Erik Gustaf",1850,3,1627119,1.8437495966797757
magnetism,"Geijer, Erik Gustaf",1920,4,1937136,2.064904064557161
magnetism,"Govenius, Lars Johan",1880,1,257372,3.8854265421257947
magnetism,"Gräf, Hans Gerhard",1920,1,35604,28.086731827884506
magnetism,"Grönstedt, Johan",1890,1,90631,11.033752248127021
magnetism,"Hagberg, Carl August",1830,1,44710,22.36636099306643
magnetism,"Hagström, Tore",1960,8,647980,12.34606006358221
magnetism,"Hallman, Axel",1860,1,82887,12.064618094514218
magnetism,"Hasselblad & Co., Fritz W.",1890,3,203553,14.738176298064877
magnetism,"Hedberg, Frans",1860,1,75621,13.223839938641383
magnetism,"Hedenstierna, Alfred",1880,1,469833,2.128415841373424
magnetism,"Hedenstierna, Alfred",1890,4,880308,4.543864192987
magnetism,"Hedvig Elisabet Charlotta, hertiginna och drottning av Sverige",1900,5,842659,5.933598288275566
magnetism,"Heurgren, Paul",1920,1,92804,10.77539761217189
magnetism,"Hofberg, Herman",1900,5,1537883,3.2512226222671035
magnetism,"Hultin, Måns",1870,2,104686,19.104751351661157
magnetism,"Huss, Elvira",1870,1,43491,22.99326297394863
magnetism,"Hvalgren, Emanuel",1880,1,26650,37.5234521575985
magnetism,"Hwasser, Israel",1850,8,59854,133.6585691850169
magnetism,"Indebetou, Johan Govert",1830,2,39103,51.146970820653145
magnetism,"Ingelius, Axel Gabriel",1850,1,364678,2.742145125288611
magnetism,"Johanson, Klara",1940,1,104609,9.55940693439379
magnetism,"Jolin, Johan",1870,1,380713,2.626650521521461
magnetism,"Jolin, Johan",1890,2,451682,4.427893960795427
magnetism,"Kiellman-Göranson, Julius Axel",1840,1,519605,1.9245388323822903
magnetism,"Kleen, Tyra",1900,1,48825,20.48131080389145
magnetism,"Klemming, Gustaf Edvard",1860,2,299847,6.6700684015514575
magnetism,"Krok, Johan Peter",1830,1,155292,6.439481750508719
magnetism,"Krook, Nathalia",1890,1,6256,159.846547314578
magnetism,"Kræmer, Anders Robert von",1850,3,50978,58.84891521832947
magnetism,"Leijonhufvud, Sigrid",1890,1,114591,8.7266888324563
magnetism,"Lindhé, Wilma",1880,1,278057,3.596384913884563
magnetism,"Lindqvist, Fredrika Lovisa",1830,2,20239,98.81911161618658
magnetism,"Lindqvist, Uno Leopold",1840,1,90064,11.103215491206253
magnetism,"Ling, Per Henrik",1860,8,492118,16.256263741622945
magnetism,"Ljunggren, Gustaf",1870,10,582220,17.175638074954485
magnetism,"Ljunggren, Gustaf",1890,6,508881,11.79057579276884
magnetism,"Ljungstedt, Aurora",1870,5,1582446,3.1596654798963124
magnetism,"Lloyd, Llewellyn",1870,1,136804,7.309727785737259
magnetism,"Lund, Sigurd",1880,3,19330,155.1991722710812
magnetism,"Lundquist, Ernst",1880,3,702213,4.27220800526336
magnetism,"Lundstedt, Bernhard",1890,1,320955,3.115701578102849
magnetism,"Lundstedt, Bernhard",1900,3,463808,6.468193735338761
magnetism,"Lundström, Georg",1880,1,72582,13.777520597393293
magnetism,"Lénström, Carl Julius",1860,1,116806,8.561204047737274
magnetism,"Meijer, Bernhard",1880,5,543470,9.2001398421256
magnetism,"Meyer, Ernst",1890,5,462563,10.809338403633667
magnetism,"Meyer, Gustaf",1870,1,81574,12.2588079535146
magnetism,"Meyer, Philipp Joel",1850,1,30894,32.36874474007898
magnetism,"Mortensen, Johan",1910,2,159369,12.5494920593089
magnetism,"Nervander, Johan Jakob",1850,1,84887,11.780366840623417
magnetism,"Norlander, Emil",1920,1,161050,6.209251785159888
magnetism,"Norström, Vitalis",1900,1,109692,9.116435109214892
magnetism,"Norström, Vitalis",1910,2,130954,15.272538448615544
magnetism,"Pettersson, Victor",1880,1,351595,2.8441815156643298
magnetism,"Philipsson, Jonas",1850,1,125155,7.990092285565899
magnetism,"Pihlstrand, Ragnar",1880,2,2387801,0.8375907372515549
magnetism,"Ridderstad, Carl Fredrik",1840,1,771553,1.2960872422244487
magnetism,"Risberg, Emilie",1860,1,297099,3.365881406534522
magnetism,"Rosén, Johan Magnus",1840,1,288053,3.471583354452132
magnetism,"Ruin, Hans",1940,1,79133,12.63695297789797
magnetism,"Rådberg, Fredrik",1840,1,47462,21.069487168682315
magnetism,"Samzelius, Hugo",1890,1,77418,12.916892712289131
magnetism,"Sandberg, Algot",1910,1,78774,12.694543885038211
magnetism,"Santesson, Frithiof",1880,2,36705,54.48848930663397
magnetism,"Schwartz, Marie Sophie",1850,2,1085153,1.8430580756814938
magnetism,"Schwartz, Marie Sophie",1860,50,2579411,19.384270284960404
magnetism,"Schéele, Georg von",1880,5,104047,48.05520582044653
magnetism,"Schöldström, Birger",1890,4,123441,32.404144490080284
magnetism,"Sefbom, Augusta",1870,1,81444,12.278375325376945
magnetism,"Silfverstolpe, Gudmund Leonhard",1850,1,51620,19.37233630375823
magnetism,"Silfverstolpe, Malla",1910,2,245873,8.134280705892879
magnetism,"Skarstedt, Ernst",1890,2,171111,11.688319278129402
magnetism,"Stengård, Per",1860,4,40180,99.55201592832255
magnetism,"Stenhammar, Jakob Axel",1810,1,411692,2.429000320628042
magnetism,"Strandberg, Carl Vilhelm August",1870,1,415407,2.4072776818878836
magnetism,"Strindberg, August",1880,1,793035,1.2609783931352336
magnetism,"Strindberg, August",1890,1,428523,2.3335970297977005
magnetism,"Strussenfelt, Ulrika Sophia von",1850,1,1623357,0.6160074462980109
magnetism,"Sturzen-Becker, Oscar Patric",1860,1,277888,3.5985720865960387
magnetism,"Sturzen-Becker, Oscar Patric",1880,1,631009,1.5847634502835934
magnetism,"Sundler, Anders",1840,1,69783,14.330137712623419
magnetism,"Sundman, Gösta",1890,1,25717,38.88478438387059
magnetism,"Svedelius, Wilhelm Erik",1870,1,149429,6.692141418332453
magnetism,"Tavaststjerna, Karl August",1890,4,435795,9.178627565713237
magnetism,"Thomasson, Nils",1890,1,707538,1.4133516503707222
magnetism,"Tibell, Charlotta Cecilia af",1870,1,97673,10.238243936400028
magnetism,"Tjörner, Olof",1880,6,100662,59.605412171425165
magnetism,"Topelius, Zacharias",1870,1,270386,3.6984163381240154
magnetism,"Topelius, Zacharias",1880,1,1225979,0.8156746567437125
magnetism,"Topelius, Zacharias",1890,1,155883,6.41506771103969
magnetism,"Torén, Rudolf Wilhelm",1880,1,85669,11.672833813864992
magnetism,"Trolle, Henrik af",1870,6,1614288,3.7168088965537747
magnetism,"Uddgren, Gustaf",1900,1,69812,14.324184953876124
magnetism,"Vegesack, Anna Helena von",1830,1,23236,43.036667240488896
magnetism,"Wahlenberg, Anna",1880,4,343965,11.629090169057898
magnetism,"Wallmark, Peter Adam",1810,1,399034,2.5060521158598013
magnetism,"Warburg, Karl",1900,2,453357,4.411534397836584
magnetism,"Wetterbergh, Carl Anton",1850,10,959464,10.422485887954108
magnetism,"Wetterbergh, Carl Anton",1860,1,66094,15.129966411474566
magnetism,"Wetterbergh, Carl Anton",1880,1,923099,1.0833074242307705
magnetism,"Wigström, Eva",1870,1,383015,2.6108638042896493
magnetism,"Wikner, Pontus",1860,1,124054,8.061005691070019
magnetism,"Wirsén, Carl David af",1900,2,137790,14.514841425357428
magnetism,"Witt, Otto",1910,62,530862,116.79118113558702
magnetism,"Wägner, Elin",1930,2,611590,3.270164652790268
magnetism,"Wägner, Elin",1940,3,474886,6.317305627034699
magnetism,"Öberg, Ludvig Teodor",1850,1,360523,2.773748138121562
magnetism,"Ödmann, Jenny Maria",1880,2,700126,2.85662866398334
nerv,"Aberstén, Simon",1910,1,24082,41.524790299808984
nerv,"Afzelius, Anders Johan",1850,3,85174,35.222016108202034
nerv,"Agardh, Carl Adolph",1830,1,10371,96.42271719217048
nerv,"Agrell, Alfhild",1880,4,251326,15.915583743822763
nerv,"Agrell, Alfhild",1890,2,302899,6.602861019679827
nerv,"Agrell, Alfhild",1900,7,73698,94.98222475508155
nerv,"Agrell, Alfhild",1910,2,76114,26.276374911317234
nerv,"Ahlbom, Mathilda",1860,8,395655,20.219635793810266
nerv,"Ahnfelt, Arvid",1870,5,834238,5.993493463496029
nerv,"Ahrenberg, Jac",1880,3,146333,20.501185651903533
nerv,"Ahrenberg, Jac",1890,15,379201,39.55685770870858
nerv,"Aikio, Matti",1900,5,32848,152.21626887481733
nerv,"Alcott, Louisa May",1870,11,411350,26.74121794092622
nerv,"Alfredson, Cai",2010,1,24371,41.032374543514834
nerv,"Alfthan, Georg Edvard von",1880,2,95134,21.02297811507978
nerv,"Alfthan, Johannes",1870,6,128378,46.736979856361685
nerv,"Almkvist, Johan Alfred",1870,1,34984,28.584495769494627
nerv,"Almquist, Viktor",1880,1,20444,48.91410682840932
nerv,"Almqvist, C.J.L.",1810,1,12936,77.30364873222015
nerv,"Almqvist, C.J.L.",1830,15,621640,24.12972138215044
nerv,"Almqvist, C.J.L.",1840,32,1578875,20.26759559813158
nerv,"Almqvist, C.J.L.",1850,10,252499,39.604117244028686
nerv,"Almqvist, C.J.L.",1870,3,63352,47.35446394746811
nerv,"Almqvist, Carolina",1860,2,186124,10.745524489050311
nerv,"Altén, Victor August",1830,1,73223,13.656911079851959
nerv,"Ameen, Georg",1830,1,77692,12.871338104309324
nerv,"Ameen, Georg",1840,1,78816,12.687779131140886
nerv,"Amiel, Henri Frédéric",1900,2,79311,25.217182988488357
nerv,"Améen, Elin",1880,2,41119,48.63931515844257
nerv,"Améen, Elin",1890,2,139222,14.365545675252475
nerv,"Anders, Ludwig",1890,1,42039,23.78743547658127
nerv,"Anderson, Alfred",1860,3,165183,18.161675232923486
nerv,"Andersson, Anders",1880,1,12120,82.50825082508251
nerv,"Andersson, Dan",1910,4,187950,21.282255919127426
nerv,"Andersson, Dan",1920,5,132920,37.61661149563648
nerv,"Andersson, Hilding",1900,1,35557,28.12385746829035
nerv,"Andrén, Olof",1890,7,258552,27.07385748321421
nerv,"Angered Strandberg, Hilma",1880,2,86852,23.02767927048312
nerv,"Angered Strandberg, Hilma",1890,12,185465,64.7022349230313
nerv,"Angered Strandberg, Hilma",1900,6,160957,37.27703672409401
nerv,"Angered Strandberg, Hilma",1910,6,140462,42.716179464908656
nerv,"Anholm, Maria",1890,1,154652,6.466130408918087
nerv,Anonym,1830,2,334683,5.975803969726577
nerv,Anonym,1840,2,731519,2.734036983318273
nerv,Anonym,1850,1,858377,1.164989276273712
nerv,Anonym,1860,8,1427646,5.603630031534428
nerv,Anonym,1870,17,1872242,9.080022774833596
nerv,Anonym,1880,10,1657613,6.032771219820308
nerv,Anonym,1890,32,1991534,16.068015911352756
nerv,Anonym,1940,1,146139,6.842800347614258
nerv,"Arfwedson, Carl David",1870,1,176118,5.6780113333106215
nerv,"Arfwidsson, Alvar",1880,4,26904,148.6767766874814
nerv,"Arosenius, Fredrik Reinhold",1860,1,66932,14.940536664076973
nerv,"Arrhén von Kapfelman, Erik Jakob",1830,1,2907,343.9972480220158
nerv,"Atterbom, P.D.A.",1830,3,122714,24.447088351777303
nerv,"Atterbom, P.D.A.",1840,4,628322,6.366162572693619
nerv,"Atterbom, P.D.A.",1850,1,244343,4.092607523031149
nerv,"Atterbom, P.D.A.",1910,1,115202,8.680404854082395
nerv,"Austen, Jane",1830,8,163429,48.950920583250216
nerv,"Avellan, Herman",1840,1,26807,37.303689334875216
nerv,"Bagge, Peter",1880,4,239146,16.726184004750237
nerv,"Beckman, Edvard",1850,2,57597,34.72403076549126
nerv,"Beckman, Ernst",1890,1,53013,18.863297681700715
nerv,"Beckman, Susen",1880,2,17920,111.60714285714286
nerv,"Benedictsson, Victoria",1880,18,449815,40.01645120771873
nerv,"Benedictsson, Victoria",1890,6,210958,28.44168033447416
nerv,"Benedictsson, Victoria",1900,1,33442,29.902517791998086
nerv,"Benzon, Karl",1900,7,224255,31.21446567523578
nerv,"Berg, Anders Henrik",1880,2,34619,57.771743840087815
nerv,"Berg, Carl Oscar",1880,3,84676,35.429165288865796
nerv,"Berg, Carl Oscar",1890,3,210534,14.24947989398387
nerv,"Berg, Daniel",1910,3,62030,48.363694986296956
nerv,"Berg, Daniel",1930,6,83127,72.1787144970948
nerv,"Berg, Johan August",1860,1,133607,7.484637780954591
nerv,"Berg, Wilhelm",1890,2,980146,2.0405123318362777
nerv,"Berg, Wilhelm",1900,2,183354,10.907861295635765
nerv,"Berger, Henning",1900,5,187588,26.654156982322963
nerv,"Berger, Henning",1910,12,310908,38.59662665483037
nerv,"Bergh, Richard",1900,4,82704,48.365254401238154
nerv,"Bergman, Carl Johan",1880,2,180845,11.0591943376925
nerv,"Bergman, Dan",1890,1,48251,20.72495906820584
nerv,"Bergman, Hjalmar",1910,9,487777,18.451054477763403
nerv,"Bergman, Hjalmar",1920,15,660281,22.717600536741177
nerv,"Bergman, Hjalmar",1930,8,100439,79.65033502922172
nerv,"Bergman, Johan Magnus",1870,4,202066,19.79551235734859
nerv,"Bergstedt, Anna Elisabet Matilda",1860,2,120779,16.559170054396873
nerv,"Bergström, Richard",1880,2,223858,8.934235095462302
nerv,"Bergsøe, Vilhelm",1870,1,82959,12.054147229354259
nerv,"Berndtson, Charlotta",1860,6,200987,29.852677038813457
nerv,"Berndtson, Fredrik",1850,3,61138,49.06931859072917
nerv,"Beskow, Bernhard von",1870,1,104308,9.586992368754075
nerv,"Beskow, Carl Adolf",1880,2,31438,63.61727845282779
nerv,"Beskow, Elisabeth",1890,1,153995,6.493717328484691
nerv,"Beskow, Elisabeth",1920,2,44482,44.962007103997124
nerv,"Bjarke, Fredrik Constantin",1890,3,114160,26.278906797477227
nerv,"Bjursten, Herman",1840,3,114487,26.203848471878903
nerv,"Bjursten, Herman",1850,10,1007894,9.92167827172302
nerv,"Bjursten, Herman",1860,2,393956,5.076709074109799
nerv,"Bjurström, Gustaf",1880,1,31921,31.327339369067385
nerv,"Bjurström, Per Gustaf",1890,2,17210,116.21150493898897
nerv,"Björck, Theodor",1850,2,139177,14.370190476874772
nerv,"Björkman, Carl Gustaf",1880,5,266330,18.773701798520634
nerv,"Björlin, Gustaf",1870,3,247102,12.140735404812588
nerv,"Björlin, Gustaf",1890,2,189304,10.565017115327727
nerv,"Björlin, Gustaf",1900,5,147723,33.847132809379715
nerv,"Björling, Fridolf",1870,1,155334,6.43774061055532
nerv,"Björling, Fridolf",1880,10,244028,40.97890406018981
nerv,"Blanche, August",1840,1,1028385,0.9723984694448091
nerv,"Blanche, August",1850,1,306375,3.2639738882088944
nerv,"Blom, Lydia",1890,2,37775,52.945069490403704
nerv,"Blomberg, Harry",1920,7,267112,26.20623558657043
nerv,"Boberg, Carl",1890,1,57148,17.498425141737243
nerv,"Boisman, Alexander Wilhelm",1890,2,34257,58.38222844965993
nerv,"Bolander, Sophie",1850,4,280366,14.267065193354401
nerv,"Bolander, Sophie",1860,9,532782,16.89246258319538
nerv,"Bonaparte, Napoleon",1830,3,82500,36.36363636363637
nerv,"Bonde, Krister",1880,1,29334,34.0901343151292
nerv,"Boye, Karin",1920,1,15389,64.98148027812074
nerv,"Boye, Karin",1930,13,221708,58.63568297039349
nerv,"Boye, Karin",1940,8,194585,41.113138217231544
nerv,"Branting, Anna",1890,11,140671,78.19664323136965
nerv,"Branting, Anna",1900,5,106584,46.91135630113338
nerv,"Branting, Anna",1910,5,112594,44.40733964509654
nerv,"Branting, Anna",1930,1,70911,14.102184428367954
nerv,"Branting, Anna",1940,1,57078,17.519885069553943
nerv,"Bratt, Erland Axel",1890,1,14394,69.47339169098235
nerv,"Braun, Wilhelm von",1850,3,264070,11.360624076949295
nerv,"Braunerhjelm, Augusta",1880,2,93500,21.390374331550802
nerv,"Braunerhjelm, Augusta",1900,2,88617,22.56903302977984
nerv,"Bremer, Fredrika",1820,1,34142,29.289438228574777
nerv,"Bremer, Fredrika",1850,12,594294,20.192026168865915
nerv,"Bremer, Fredrika",1910,4,960521,4.164406608496847
nerv,"Bremer, Fredrika",1920,1,342503,2.9196824553361576
nerv,"Brontë, Charlotte",1850,31,440109,70.43709626478895
nerv,"Bruhn, Johan Niklas",1850,1,40203,24.873765639380146
nerv,"Brunius, Louise",1840,5,710272,7.039556676878717
nerv,"Brunius, Louise",1850,2,152928,13.078049801213643
nerv,"Brunius, Louise",1870,1,241064,4.148275976504165
nerv,"Bruzelius, Janne",1870,12,153969,77.9377666932954
nerv,"Bruzelius, Janne",1880,6,88580,67.73538044705352
nerv,"Burnett, Frances Hodgson",1880,1,71418,14.002072306701391
nerv,"Busch, Oscar",1910,1,51393,19.45790282723328
nerv,"Bygdén, Leonard",1890,1,721125,1.3867221355520887
nerv,"Bäcklund, C. M.",1850,2,21187,94.39750790579129
nerv,"Bäckmann, Ida",1900,5,184784,27.05861979392155
nerv,"Bäckmann, Ida",1910,7,114895,60.92519256712651
nerv,"Bäckmann, Ida",1920,2,36562,54.70160275696078
nerv,"Bäckmann, Ida",1930,5,175857,28.432192065143838
nerv,"Bäckmann, Ida",1940,17,240134,70.79380679120824
nerv,"Bäckström, Per Olof",1840,1,413463,2.4185961017068034
nerv,"Bååth-Holmberg, Cecilia",1890,3,244561,12.26687820216633
nerv,"Böhme, Jakob",1920,1,247997,4.032306842421481
nerv,"Böttiger, Carl Wilhelm",1860,1,85664,11.673515128875607
nerv,"Böttiger, Carl Wilhelm",1870,1,194246,5.148111158016124
nerv,"Böttiger, Carl Wilhelm",1880,1,198597,5.035322789367412
nerv,"Carlberg, Frigga",1910,1,75942,13.167943957230518
nerv,"Carlsson, Carl Adolf",1830,1,13150,76.04562737642586
nerv,"Carlström, F. Adolph",1890,1,2169,461.04195481788844
nerv,"Carlén, Johan Gabriel",1860,1,52742,18.9602214553866
nerv,"Carlén, Rosa",1860,3,437108,6.863292367103782
nerv,"Carlén, Rosa",1870,3,197792,15.167448632907297
nerv,"Cavallin, Christian",1890,2,227529,8.790088296436938
nerv,"Cederberg, Björn",1880,2,160355,12.47232702441458
nerv,"Cederborg, Carl August",1890,1,23468,42.61121527185956
nerv,"Cederström, Claes Henrik",1870,1,24960,40.06410256410256
nerv,"Cleve, Alma",1890,1,117475,8.512449457331346
nerv,"Cramær, Mauritz",1880,1,52389,19.087976483612973
nerv,"Cronholm, Bernhard",1850,2,105235,19.005083859932533
nerv,"Crusenstolpe, Magnus Jacob",1840,3,1801700,1.6650940778153966
nerv,"Cygnæus, Fredrik",1830,1,30147,33.17079643082231
nerv,"Cygnæus, Fredrik",1850,3,184039,16.300892745559366
nerv,"Dahl, Mattis",1890,3,412666,7.269801728274198
nerv,"Dahlgren, Carl Fredric",1830,1,287156,3.4824276699772945
nerv,"Dahlgren, Carl Fredric",1840,1,48551,20.596898107145066
nerv,"Dahlgren, Fredrik August",1910,1,1254446,0.7971646447914059
nerv,"Dahlgren, Lotten",1900,1,122195,8.183640901837228
nerv,"Dahlin, C. S.",1910,1,44288,22.579479768786126
nerv,"Damm, Janne",1870,3,222425,13.487692480611441
nerv,"Dammert, Anna Johanna Natalia",1870,1,24840,40.25764895330113
nerv,"Danielsson, Axel",1880,2,22001,90.90495886550612
nerv,"Danielsson, Axel",1900,8,252369,31.69961445343921
nerv,"Danielsson, Johan",1890,1,49644,20.143421158649584
nerv,"Dardel, Fritz von",1910,1,161009,6.210832934804887
nerv,"Dardel, Fritz von",1920,2,84703,23.611914572093077
nerv,"Darwin, Charles",1870,12,433182,27.701982076817597
nerv,"De Geer, Louis",1840,1,235626,4.244013818508993
nerv,"Dickens, Charles",1840,6,473171,12.680405181213557
nerv,"Douglass, Frederick",1890,5,246238,20.305558037345982
nerv,"Douglass, Frederick",1900,5,89854,55.645825450174726
nerv,"Doyle, Arthur Conan",1890,13,255586,50.86350582582771
nerv,"Doyle, Arthur Conan",1910,8,62000,129.03225806451613
nerv,"Drummond, Henry",1890,1,12132,82.42664029014178
nerv,"Dunckel, Dorothea",1840,5,218035,22.932098057651295
nerv,"Duse, Samuel August",1910,5,75808,65.95609962009287
nerv,"Düben, Gustaf von",1870,2,280522,7.129565595568262
nerv,"Eberstein, Carl Christian",1850,2,89661,22.30624240193618
nerv,"Edenberg, Albert Anderson",1880,12,686333,17.484224130269126
nerv,"Edgren, Hjalmar",1890,2,14573,137.24010155767516
nerv,"Edwards, Amelia",1870,1,64911,15.405709355887291
nerv,"Ehrenborg, Anna Fredrika",1840,1,199937,5.001575496281329
nerv,"Ehrenborg-Posse, Betty",1840,2,89411,22.368612363132055
nerv,"Ehrenborg-Posse, Betty",1870,1,183364,5.453633210444798
nerv,"Ehrnrooth, Adelaide",1860,1,72381,13.81578038435501
nerv,"Ehrnrooth, Adelaide",1870,2,119632,16.717935000668717
nerv,"Ehrnrooth, Adelaide",1880,3,232129,12.923848377410836
nerv,"Ehrnrooth, Adelaide",1890,1,41863,23.88744237154528
nerv,"Eichhorn, Christoffer",1860,2,59856,33.41352579524192
nerv,"Eichhorn, Christoffer",1870,1,39274,25.462137801089778
nerv,"Ejserman, Jakob Samuel",1840,1,49576,20.171050508310472
nerv,"Ek, Karin",1910,3,126778,23.66341163293316
nerv,"Ekbohrn, Carl Magnus",1860,2,53121,37.64989363905047
nerv,"Ekeblad, Karl Johan",1870,1,32612,30.663559425978168
nerv,"Ekelund, Vilhelm",1900,22,172242,127.72726744928647
nerv,"Ekelund, Vilhelm",1910,15,272156,55.1154484927762
nerv,"Ekelund, Vilhelm",1920,13,263894,49.26220376363237
nerv,"Ekelund, Vilhelm",1930,20,309651,64.58884356905031
nerv,"Ekelund, Vilhelm",1940,6,284044,21.123487910323753
nerv,"Ekermann, Agnes",1880,3,274026,10.947866260865757
nerv,"Ekerot, Hjalmar",1890,2,62175,32.167269802975476
nerv,"Eklund, R. R.",1910,1,5260,190.11406844106463
nerv,"Ekman, Ernst",1890,2,18284,109.38525486764384
nerv,"Ekman, Lotten",1910,1,28567,35.005425841005355
nerv,"Ekmarck, Carl Eric",1830,1,64051,15.612558742252268
nerv,"Ekström, Carl Otto",1870,4,216094,18.510463039232928
nerv,"Elfving, Lars",1880,1,11316,88.37044892188052
nerv,"Elgenstierna, Gustaf",1930,2,5073413,0.3942119437152071
nerv,"Elgström, Ossian",1920,5,244964,20.411162456524224
nerv,"Elgström, Per",1860,12,104945,114.3456096050312
nerv,"Elkan, Sophie",1880,28,151744,184.52129902994517
nerv,"Elkan, Sophie",1890,10,421908,23.70184969234999
nerv,"Elkan, Sophie",1900,4,363242,11.011942451588748
nerv,"Elkan, Sophie",1910,4,140163,28.538201950586103
nerv,"Elmblad, Magnus",1870,1,61665,16.21665450417579
nerv,"Elmblad, Sigrid",1890,4,83538,47.88240082357729
nerv,"Emanuelsson, Vendela",1890,2,423245,4.725395456532269
nerv,"Enander, Johan Alfred",1890,1,35873,27.876118529255987
nerv,"Eneroth, Carl",1880,13,409038,31.781888235322878
nerv,"Eneroth, Carl",1890,11,381701,28.818368303986627
nerv,"Eneroth, Carl",1900,1,70816,14.12110257568911
nerv,"Engdahl, Axel",1910,1,66822,14.965131244201011
nerv,"Engström, Albert",1900,2,133509,14.980263502835015
nerv,"Engström, Albert",1910,1,152861,6.541890999012175
nerv,"Engström, Albert",1920,2,59442,33.64624339692473
nerv,"Esselin, Hedvig",1880,1,28153,35.520193229851174
nerv,"Essen, Johan August von",1840,2,60413,33.105457434658106
nerv,"Evers, Edvard",1880,1,39964,25.02252026824142
nerv,"Fahlstedt, Amalia",1890,4,110659,36.14708247860545
nerv,"Falck, August",1930,4,78704,50.823338076844884
nerv,"Falk, Hugo",1890,1,87835,11.38498320714977
nerv,"Falk, Hugo",1900,1,26626,37.55727484413731
nerv,"Fallström, Daniel",1880,2,128556,15.557422446249106
nerv,"Fersen, Axel von",1920,2,585424,3.416327311487059
nerv,"Fersen, Axel von",1930,1,227972,4.386503605705964
nerv,"Fitinghoff, Laura",1880,1,24146,41.414727076948566
nerv,"Fitinghoff, Laura",1890,2,160821,12.436186816398356
nerv,"Fitinghoff, Laura",1900,1,80183,12.471471508923338
nerv,"Fitinghoff, Laura",1910,5,33449,149.48129988938385
nerv,"Fitzgerald, F. Scott",1940,1,61859,16.165796407960038
nerv,"Flodman, Anders",1860,1,269192,3.714820648459092
nerv,"Flodman, Anders",1870,4,458721,8.719897279610047
nerv,"Flygare, Edvard",1850,1,76479,13.075484773597982
nerv,"Flygare, Edvard",1860,1,118842,8.414533582403527
nerv,"Flygare-Carlén, Emilie",1840,56,2724568,20.553717139744723
nerv,"Flygare-Carlén, Emilie",1850,23,723308,31.79834869792675
nerv,"Flygare-Carlén, Emilie",1860,38,814169,46.673356514433735
nerv,"Flygare-Carlén, Emilie",1870,11,329761,33.35749224438305
nerv,"Flygare-Carlén, Emilie",1880,17,515456,32.98050658058108
nerv,"Fornell, Bror Edvard",1840,6,132348,45.33502584096473
nerv,"Fornell, Bror Edvard",1850,3,295224,10.161775465409317
nerv,"Forsman, Karl Fredrik",1880,1,36871,27.121586070353395
nerv,"Forssman, Edith",1890,25,548028,45.61810710401658
nerv,"Forssman, Edith",1900,1,72959,13.706328211735359
nerv,"Frank, Sten",1890,3,95110,31.54242456103459
nerv,"Franzén, Frans Michael",1830,4,287355,13.92006403229455
nerv,"Fredberg, Carl Rudolf A:son",1910,1,31647,31.598571744557145
nerv,"Fredin, Edvard",1880,1,20155,49.61548002976929
nerv,"Frick-Meijer, Anders Ludvig",1880,1,25176,39.72036860502065
nerv,"Friman, Jeanette Charlotta",1860,1,108442,9.22151933752605
nerv,"Frunck, Gudmund",1880,2,189241,10.568534302820213
nerv,"Frykholm, Sunny",1890,3,98036,30.601003712921784
nerv,"Fryxell, Olof",1830,1,117242,8.529366609235598
nerv,"Fröding, Gustaf",1890,11,178104,61.76166734043031
nerv,"Furuhjelm, Maria",1870,6,243430,24.647742677566445
nerv,"Furuhjelm, Maria",1890,1,62460,16.01024655779699
nerv,"Fåhræus, Klas",1890,1,9979,100.21044192804891
nerv,"Gadelius, Bror",1900,4,56919,70.275303501467
nerv,"Gadelius, Bror",1910,3,33298,90.09550123130518
nerv,"Gadelius, Bror",1920,5,107081,46.693624452517255
nerv,"Geijer, Erik Gustaf",1920,2,1937136,1.0324520322785804
nerv,"Geijerstam, Gustaf af",1880,22,580180,37.91926643455479
nerv,"Geijerstam, Gustaf af",1890,40,967087,41.361325299585246
nerv,"Geijerstam, Gustaf af",1900,2,86787,23.044926083399588
nerv,"Gernandt-Claine, Jane",1890,2,201394,9.930782446348948
nerv,"Gestrin, Mathilda",1860,2,142930,13.992863639543833
nerv,"Giertz, Theodor",1890,1,37772,26.474637297469023
nerv,"Goncourt, Edmond de",1920,7,157664,44.39821392327988
nerv,"Govenius, Lars Johan",1860,3,126293,23.754285669039454
nerv,"Govenius, Lars Johan",1870,7,236954,29.541598791326585
nerv,"Govenius, Lars Johan",1880,9,257372,34.96883887913215
nerv,"Granath, Wilhelm",1890,21,4062759,5.168901231896847
nerv,"Gravallius, Wilhelmina",1860,3,203121,14.769521615194884
nerv,"Gravallius, Wilhelmina",1880,1,185954,5.377674048420577
nerv,"Gravallius, Wilhelmina",1890,1,193001,5.181320304039875
nerv,"Grebst, William A:son",1910,2,52944,37.77576307041402
nerv,"Gripenberg, Alexandra",1870,1,46048,21.716469770674077
nerv,"Gripenberg, Alexandra",1880,2,115264,17.351471404775126
nerv,"Grönstedt, Johan",1890,1,90631,11.033752248127021
nerv,"Gullberg, Gustaf Teodor ",1880,1,20048,49.88028731045491
nerv,"Gullberg, Gustaf Teodor ",1890,2,32570,61.406202026404664
nerv,"Gustafsson, Richard",1880,1,93091,10.742177009592764
nerv,"Gyllenhaal, Aurore",1880,7,199328,35.11799646813293
nerv,"Gérard, Jean Ignace Isidore",1870,1,99295,10.07100055390503
nerv,"Götberg, Reinhold",1860,1,38405,26.038276266111183
nerv,"Hackzell, Emilie",1840,1,38858,25.734726439857944
nerv,"Hackzell, Emilie",1860,1,222573,4.492907944809119
nerv,"Hagberg, Carl August",1830,1,44710,22.36636099306643
nerv,"Hahn, C. von",1890,1,47419,21.088593179948965
nerv,"Hallenborg, Carl",1890,2,36757,54.41140463041054
nerv,"Hallman, Axel",1860,1,82887,12.064618094514218
nerv,"Hallonlöf, Axel",1880,1,31567,31.67865175658124
nerv,"Hallén, Birger",1890,1,59542,16.794867488495516
nerv,"Hammargren, Tullius",1890,1,59915,16.690311274305266
nerv,"Hanselli, Per",1860,1,62219,16.072260884938686
nerv,"Hansson, Ola",1880,6,67109,89.40678597505551
nerv,"Hansson, Ola",1890,38,285053,133.3085426218984
nerv,"Hansson, Ola",1900,8,116294,68.7911672141297
nerv,"Hansson, Ola",1910,7,96845,72.28044813877845
nerv,"Hansén, M.",1880,1,13448,74.360499702558
nerv,"Harrison, Mary St. Leger Kingsley",1900,12,185623,64.64716118153461
nerv,"Hartelius, Truls Johan",1890,1,27321,36.60188133670071
nerv,"Hasselblad & Co., Fritz W.",1890,1,203553,4.912725432688292
nerv,"Hasselskog, Nils",1920,5,97366,51.35262822751268
nerv,"Hasselskog, Nils",1930,2,157959,12.661513430700372
nerv,"Hebbe, Wendela",1870,1,71145,14.055801532082366
nerv,"Hedberg, Frans",1860,1,75621,13.223839938641383
nerv,"Hedberg, Frans",1870,7,470045,14.892191173185546
nerv,"Hedberg, Frans",1880,4,397363,10.066362494746617
nerv,"Hedberg, Frans",1890,9,782051,11.50820087181015
nerv,"Hedberg, Tor",1880,2,214965,9.30384016002605
nerv,"Hedberg, Tor",1890,4,250637,15.959335612858437
nerv,"Hedenstierna, Alfred",1880,6,469833,12.770495048240544
nerv,"Hedenstierna, Alfred",1890,16,880308,18.175456771948
nerv,"Hedenstierna, Alfred",1900,10,87712,114.00948558920102
nerv,"Hedin, Greta",1920,1,161322,6.198782559105392
nerv,"Hedin, Sven",1890,1,509247,1.9636836348569555
nerv,"Hedin, Sven",1910,3,851315,3.5239599913075654
nerv,"Hedvall, Yngve",1910,1,59400,16.835016835016834
nerv,"Hedvall, Yngve",1920,1,71320,14.021312394840157
nerv,"Hedvall, Yngve",1930,9,77482,116.1560104282285
nerv,"Hedvall, Yngve",1940,1,58997,16.950014407512246
nerv,"Hedvig Elisabet Charlotta, hertiginna och drottning av Sverige",1900,2,842659,2.3734393153102262
nerv,"Heidenstam, Verner von",1880,1,140250,7.1301247771836005
nerv,"Heidenstam, Verner von",1890,1,358205,2.7916974916598036
nerv,"Heidenstam, Verner von",1900,2,415213,4.816804868826361
nerv,"Hellborg, Ernst",1890,1,10532,94.94872768704899
nerv,"Heller, Frank",1910,5,548425,9.117016912066372
nerv,"Heller, Frank",1920,4,86463,46.26256317731284
nerv,"Heller, Frank",1930,2,50506,39.59925553399596
nerv,"Helvig, Amalia von",1910,1,77907,12.835817063935204
nerv,"Hemmer, Jarl",1910,4,37201,107.52399129055671
nerv,"Henricsson, John August Wilhelm",1860,1,17862,55.98477214197738
nerv,"Hertzberg, Rafaël",1880,3,134808,22.253872173758236
nerv,"Hjelm, Runo",1890,5,223295,22.391903087843435
nerv,"Hjohlman, Hjalmar",1880,1,55038,18.169264871543298
nerv,"Hjorth, Ellis",1890,2,52329,38.21972520017581
nerv,"Hjärne, Rudolf",1850,1,128403,7.787980031619199
nerv,"Hjärne, Rudolf",1880,1,41664,24.001536098310293
nerv,"Hofberg, Herman",1900,7,1537883,4.551711671173945
nerv,"Hofsten, Johanna Christina von",1860,2,122729,16.296066944243005
nerv,"Hofsten, Johanna Christina von",1870,1,58804,17.00564587443031
nerv,"Hofsten, Johanna Christina von",1890,2,231568,8.636771920127133
nerv,"Holmgren, Ann Margret",1890,7,122587,57.102302854299396
nerv,"Holmgren, Frithiof",1880,1,42676,23.432374168150716
nerv,"Holmkvist, Albert",1890,8,78188,102.31749117511639
nerv,"Hulth, Johan",1880,1,14759,67.75526797208482
nerv,"Humble, Julius",1870,1,29616,33.765532144786604
nerv,"Hydén, Nils",1890,13,324254,40.092026621105674
nerv,"Hydén, Nils",1900,5,276435,18.087434659142293
nerv,"Hässler, Otto",1880,7,401643,17.42841279444681
nerv,"Häthén, Johan Anselm",1890,5,100609,49.6973431800336
nerv,"Hærén, Mortimer",1860,2,41076,48.69023273931249
nerv,"Höggren, Fanchette",1840,1,117916,8.480613317955154
nerv,"Höglund, Hjalmar",1900,1,52771,18.949801974569365
nerv,"Högman, August",1890,3,82592,36.323130569546684
nerv,"Idström, Ellen",1890,10,240165,41.63804051381342
nerv,"Indebetou, Johan Govert",1830,1,39103,25.573485410326573
nerv,"Ingelius, Axel Gabriel",1850,7,364678,19.195015877020275
nerv,"Ingelman, Georg Gabriel",1840,1,55592,17.988199740969925
nerv,"Jacobsson, Christoffer Fritz",1830,1,83746,11.94086881761517
nerv,"Jahnsson, Evald Ferdinand",1870,1,87315,11.452785890167783
nerv,"Jahnsson, Evald Ferdinand",1880,1,51233,19.518669607479556
nerv,"James, D.",1880,1,311224,3.2131198108115053
nerv,"Janson, Betty",1890,6,177288,33.84323812102342
nerv,"Janson, Betty",1900,1,69266,14.43709756590535
nerv,"Janson, Gustaf",1890,4,218309,18.322652753665675
nerv,"Johanson, Klara",1900,3,75519,39.7251022921384
nerv,"Johanson, Klara",1920,5,80164,62.372137118906245
nerv,"Johanson, Klara",1940,9,104609,86.03466240954411
nerv,"Johansson, Strickert",1870,1,19789,50.53312446308555
nerv,"Johansson-Dickens, Sven Johan Julius",1870,1,79768,12.536355430749172
nerv,"Johnson, John",1880,1,222048,4.503530768122208
nerv,"Johnson, John",1890,5,394527,12.673403848152345
nerv,"Johnson, John",1900,2,78583,25.45079724622374
nerv,"Johnsson, Harald",1910,1,47347,21.120662343971105
nerv,"Jolin, Ellen",1910,3,82543,36.344693069067034
nerv,"Jolin, Johan",1860,5,247825,20.17552708564511
nerv,"Jolin, Johan",1870,9,380713,23.63985469369315
nerv,"Jolin, Johan",1880,4,261141,15.317395583228983
nerv,"Jolin, Johan",1890,5,451682,11.069734901988568
nerv,"Jolin, Johan",1920,2,87109,22.959740095742116
nerv,"Jonsson, Thorsten",1930,2,73758,27.11570270343556
nerv,"Jonsson, Thorsten",1940,1,146692,6.817004335614757
nerv,"Jonsson, Thorsten",1950,2,90936,21.993489926981614
nerv,"Josephson, Ernst",1880,1,6079,164.50074025333114
nerv,"Josephson, Ludvig",1870,1,40868,24.469022217872173
nerv,"Josephson, Ludvig",1890,3,93878,31.95636890432263
nerv,"Jouvin, Maria",1890,6,27905,215.01523024547572
nerv,"Junghans, Sofie",1870,3,95748,31.33224714876551
nerv,"Juringius, Sofia Maria",1860,2,123470,16.198266785453956
nerv,"Jäderin, Axel",1890,1,61888,16.158221302998967
nerv,"Jändel, Ragnar",1920,5,154340,32.396008811714395
nerv,"Jändel, Ragnar",1930,1,70595,14.16530915787237
nerv,"Järta, Hans",1890,1,118096,8.467687305243192
nerv,"Jænisch, Alexander",1890,1,97007,10.308534435659283
nerv,"Karadja, Mary",1900,1,15322,65.26563111865292
nerv,"Karlfeldt, Erik Axel",1920,1,50763,19.699387349053445
nerv,"Kellmodin, Frithiof",1860,2,16083,124.35490891002922
nerv,"Kellmodin, Frithiof",1870,2,32799,60.977468825269064
nerv,"Kerfstedt, Amanda",1880,2,368134,5.432804359282218
nerv,"Kerfstedt, Amanda",1890,4,240721,16.616747188654085
nerv,"Kerfstedt, Amanda",1900,1,63300,15.797788309636651
nerv,"Kerfve, Axel",1890,57,948369,60.10318768327518
nerv,"Kerfve, Axel",1900,11,445915,24.668378502629427
nerv,"Key, Ellen",1890,6,267625,22.41943017281644
nerv,"Key, Ellen",1900,7,187000,37.4331550802139
nerv,"Keyland, Nils",1910,1,313867,3.1860628865092537
nerv,"Keyser, Hilda Fredrika",1850,1,124385,8.03955460867468
nerv,"Kiellman-Göranson, Julius Axel",1830,2,9099,219.80437410704474
nerv,"Kiellman-Göranson, Julius Axel",1840,13,519605,25.019004820969776
nerv,"Kiellman-Göranson, Julius Axel",1850,6,810772,7.400354230289157
nerv,"Kiellman-Göranson, Julius Axel",1860,2,607184,3.2938944372710743
nerv,"Kierkegaard, Søren",1910,1,64948,15.396932930960153
nerv,"Kipling, Rudyard",1890,5,136202,36.71018046724718
nerv,"Kipling, Rudyard",1900,2,172746,11.577692102856217
nerv,"Kjellberg, Isidor",1870,1,12371,80.83420903726457
nerv,"Kjellberg, Isidor",1890,2,29378,68.07815372047111
nerv,"Kjellgren, Josef",1930,11,289746,37.964285960807054
nerv,"Kjellin, Mårten Gustaf",1880,4,36119,110.74503723801877
nerv,"Klockhoff, Daniel",1870,2,161786,12.36200907371466
nerv,"Kléen, Emil",1890,4,91873,43.538362739869164
nerv,"Kléen, Emil",1900,4,17550,227.92022792022792
nerv,"Knorring, Sophie von",1830,1,396920,2.519399375188955
nerv,"Knorring, Sophie von",1840,5,899110,5.561054820878424
nerv,"Koch, Martin",1910,9,442498,20.33907497886996
nerv,"Koch, Richert von",1890,1,423042,2.363831487180942
nerv,"Kock, Carl Anton",1830,1,8177,122.29423994129877
nerv,"Krok, Johan Peter",1830,1,155292,6.439481750508719
nerv,"Krook, Axel",1880,3,97407,30.79860790292279
nerv,"Krusenstjerna, Agnes von",1910,1,64716,15.452129303418012
nerv,"Krusenstjerna, Agnes von",1920,17,447382,37.99884662324367
nerv,"Krusenstjerna, Agnes von",1930,13,760190,17.10098791091701
nerv,"Krusenstjerna, Fredrik von",1870,1,31371,31.8765739058366
nerv,"Kræmer, Lotten von",1870,1,44291,22.57795037366508
nerv,"Kræmer, Lotten von",1880,4,79117,50.55803430362627
nerv,"Kræmer, Lotten von",1890,3,78946,38.00065867808375
nerv,"Kræmer, Vera von",1930,7,269227,26.00036400509607
nerv,"Kullberg, Karl Anders af",1830,4,512752,7.8010422192404905
nerv,"Kullberg, Karl Anders af",1840,8,708355,11.293772190497702
nerv,"Kullberg, Karl Anders af",1870,1,99840,10.01602564102564
nerv,"Kuylenstierna-Wenster, Elisabeth",1890,3,86540,34.666050381326556
nerv,"Kuylenstierna-Wenster, Elisabeth",1900,3,45227,66.33205828376855
nerv,"Kämpe, Alfred",1900,1,75362,13.269286908521536
nerv,"Kämpe, Alfred",1910,4,146622,27.281035588110925
nerv,"Lagerheim, Gustaf Adolf",1830,1,2539,393.8558487593541
nerv,"Lagerlöf, Selma",1890,8,695774,11.49798641512905
nerv,"Lagerlöf, Selma",1900,2,1232026,1.6233423645280214
nerv,"Lagerlöf, Selma",1910,4,705812,5.6672315007395735
nerv,"Lagerlöf, Selma",1930,4,650198,6.15197216847791
nerv,"Lagerlöf, Selma",1940,7,311149,22.497260155102538
nerv,"Lagerlöf, Selma",2010,5,232916,21.466966631747066
nerv,"Lamm, Gustaf M.",1890,2,10267,194.79887016655303
nerv,"Lamm, Martin",1940,8,213547,37.46247898589069
nerv,"Landahl, Martin",1890,1,88594,11.28744610244486
nerv,"Landahl, Martin",1900,3,58151,51.58982648621692
nerv,"Landquist, Ellen",1910,8,44571,179.48890534203855
nerv,"Lange, Ina",1880,4,120439,33.21183337623195
nerv,"Langlet, Mathilda",1890,3,538116,5.575006132506746
nerv,"Larsson, Carl",1930,1,81129,12.326048638587928
nerv,"Laurén, Ludvig Leonard",1890,1,7660,130.54830287206266
nerv,"Leffler, Anne Charlotte",1880,4,282798,14.1443716009307
nerv,"Leffler, Anne Charlotte",1890,1,169179,5.910899106863145
nerv,"Leufstedt, Gustaf Joakim",1880,1,5749,173.94329448599757
nerv,"Levart, Johan",1890,4,74990,53.340445392719026
nerv,"Levertin, Oscar",1880,8,129322,61.86109092033838
nerv,"Levertin, Oscar",1890,13,282783,45.97164610319574
nerv,"Levertin, Oscar",1900,2,151708,13.183220397078598
nerv,"Levin, Carl Herman",1840,3,48113,62.353210151102616
nerv,"Lewald, August",1880,2,91769,21.793851954363674
nerv,"Lilljebjörn, Elisabeth",1890,2,48109,41.57226298613565
nerv,"Limborg, Ossian",1880,3,129747,23.121921894147842
nerv,"Linck, Emma Elisabeth",1870,4,182760,21.88662727073758
nerv,"Lindbeck, Clas",1890,2,4671,428.17383857846283
nerv,"Lindberg, Otto Emil",1890,1,29295,34.135518006485746
nerv,"Lindberg, Per",1910,2,44435,45.00956453246315
nerv,"Lindberg, Per",1920,1,49918,20.032853880363795
nerv,"Lindberg, Per",1930,2,101976,19.612457833215657
nerv,"Lindberg, Per",1940,21,328375,63.95127521888085
nerv,"Lindblad, Adolf",1890,6,27336,219.49078138718173
nerv,"Lindblad, Johan Michael",1850,1,73287,13.644984785841963
nerv,"Lindblom, Edel",1880,2,45315,44.135495972635994
nerv,"Linder, Nils",1900,1,19886,50.286633812732575
nerv,"Linder, Sten",1930,6,185504,32.344316025530446
nerv,"Linderman, Zenaida",1890,5,37390,133.7255950788981
nerv,"Lindgren, Hellen",1890,4,42817,93.42083751780835
nerv,"Lindgren, Ida",1910,1,41886,23.874325550303205
nerv,"Lindgren, Martin",1870,1,105917,9.44135502327294
nerv,"Lindholm, Fredrik",1880,2,183182,10.918103307093492
nerv,"Lindholm, Fredrik",1890,1,105945,9.438859785737883
nerv,"Lindholm, Per August",1880,1,178880,5.590339892665474
nerv,"Lindhé, Wilma",1880,2,278057,7.192769827769126
nerv,"Lindhé, Wilma",1890,5,216303,23.115721927111505
nerv,"Lindhé, Wilma",1900,3,131308,22.84704663843787
nerv,"Lindkvist, Alfred",1880,15,141703,105.8552041946889
nerv,"Lindorm, Erik",1930,1,39877,25.077112119768287
nerv,"Lindorm, Erik",1940,1,30602,32.67760277106071
nerv,"Lindqvist, Gustaf",1890,1,44200,22.624434389140273
nerv,"Lindqvist, Gustaf",1900,1,43779,22.842001873044154
nerv,"Lindqvist, Josef",1870,4,253336,15.789307480973884
nerv,"Lindqvist, Josef",1880,5,479767,10.421725545942092
nerv,"Lindqvist, Märta",1930,4,63252,63.23910706380826
nerv,"Lindskoug, Anders",1880,1,28229,35.42456339225619
nerv,"Ling, Per Henrik",1860,26,492118,52.83285716027457
nerv,"Linnerhielm, Jonas Carl",1810,1,77357,12.927078351021885
nerv,"Ljungberg, Eva",1880,1,93279,10.720526592266213
nerv,"Ljungberg, Eva",1890,2,53793,37.179558678638486
nerv,"Ljunggren, Albert Gustaf",1890,3,71879,41.73680769070243
nerv,"Ljunggren, Gustaf",1860,1,225853,4.427658698356896
nerv,"Ljunggren, Gustaf",1870,3,582220,5.152691422486345
nerv,"Ljunggren, Gustaf",1880,2,589132,3.3948249288784176
nerv,"Ljunggren, Gustaf",1890,5,508881,9.825479827307367
nerv,"Ljungstedt, Aurora",1850,1,98506,10.151665888372282
nerv,"Ljungstedt, Aurora",1860,10,448769,22.283179096595354
nerv,"Ljungstedt, Aurora",1870,27,1582446,17.06219359144009
nerv,"Ljungstedt, Aurora",1880,2,180889,11.05650426504652
nerv,"Londen, Lilly",1890,1,70211,14.242782469983336
nerv,"Lundberg, Emilie",1880,1,93190,10.730765103551883
nerv,"Lundeblom, Richard",1880,1,26248,38.09814081072844
nerv,"Lundegård, Axel",1880,9,97327,92.47177042341796
nerv,"Lundegård, Axel",1890,101,663851,152.1425741619731
nerv,"Lundegård, Axel",1900,19,168216,112.9500166452656
nerv,"Lundegård, Axel",1910,3,42428,70.70802300367681
nerv,"Lundegård, Axel",1920,3,26090,114.98658489842852
nerv,"Lundin, August",1890,1,59923,16.688083039901205
nerv,"Lundin, August",1910,2,68724,29.101914906000815
nerv,"Lundin, Claës",1870,4,282340,14.167316001983425
nerv,"Lundquist, Aurora",1890,14,198157,70.65104942040907
nerv,"Lundquist, Ernst",1880,13,702213,18.512901356141228
nerv,"Lundquist, Ernst",1890,7,302445,23.144703995767827
nerv,"Lundquist, Ernst",1900,1,54560,18.328445747800586
nerv,"Lundström, Ingeborg",1890,1,72982,13.702008714477543
nerv,"Lundström, Mathilda",1860,9,273179,32.94543138381793
nerv,"Lunell, Lars",1890,1,62226,16.070452865361744
nerv,"Lybeck, Mikael",1890,1,148910,6.715465717547512
nerv,"Lybeck, Mikael",1900,1,64352,15.539532570860269
nerv,"Lybeck, Mikael",1910,5,94744,52.773790424723465
nerv,"Lybeck, Mikael",1920,6,47287,126.88476748366358
nerv,"Lénström, Carl Julius",1840,2,232710,8.594387864724334
nerv,"Lénström, Carl Julius",1860,1,116806,8.561204047737274
nerv,"Löfgren, Eliel",1930,1,103123,9.697157763059646
nerv,"Löfving, Concordia",1880,2,68653,29.132011711068706
nerv,"Löhman, Lars Vilhelm",1870,1,40833,24.489995836700707
nerv,"Lönnberg, Mathilda",1870,1,254456,3.929952526173484
nerv,"Lönnberg, Mathilda",1880,3,323522,9.272939707346023
nerv,"Malling, Mathilda",1880,3,91411,32.81880736454037
nerv,"Malling, Mathilda",1890,5,295955,16.89446030646551
nerv,"Malmström, Bernhard Elis",1830,1,26034,38.41130828916033
nerv,"Malmström, Karl Robert",1870,1,65405,15.28935096705145
nerv,"Marholm, Laura",1890,1,42138,23.731548720869522
nerv,"Marin, Otto Ulrik",1840,3,174931,17.149618992631382
nerv,"Mattsson, Sven",1900,3,7282,411.97473221642406
nerv,"Meijer, Bernhard",1880,4,543470,7.36011187370048
nerv,"Melander, Richard",1880,2,201808,9.910409894553238
nerv,"Melander, Richard",1890,5,382060,13.086949693765376
nerv,"Mellin, Gustaf Henrik",1830,1,157305,6.3570770159880485
nerv,"Mellin, Gustaf Henrik",1840,1,559527,1.7872238515746335
nerv,"Mellin, Gustaf Henrik",1860,2,732670,2.7297419029030805
nerv,"Mellin, Gustaf Henrik",1870,2,765675,2.6120743135142193
nerv,"Meyer, Albertine",1880,8,335249,23.862860142759562
nerv,"Meyer, Ernst",1880,2,356598,5.608556413664687
nerv,"Meyer, Ernst",1890,2,462563,4.323735361453467
nerv,"Meyer, Philipp Joel",1850,2,30894,64.73748948015796
nerv,"Meyerson, Gerda",1890,2,97420,20.529665366454527
nerv,"Michaelson, Knut",1890,1,112357,8.900202034586185
nerv,"Michaelson, Knut",1900,1,25673,38.95142756982043
nerv,"Mickwitz, Gerda von",1880,7,128866,54.31999130880139
nerv,"Mickwitz, Gerda von",1890,7,39797,175.89265522526824
nerv,"Milow, Cecilia",1890,1,87317,11.452523563567231
nerv,"Moberg, Nenne",1890,4,49321,81.10135642018612
nerv,"Montell, Hilma",1880,1,12811,78.0579189758801
nerv,"Montgomery, Lucy Maud",1900,4,125473,31.879368469710617
nerv,"Montgomery, Lucy Maud",1910,4,221285,18.076236527554965
nerv,"Montén, R. A.",1880,4,73222,54.62839037447762
nerv,"Mortensen, Johan",1900,14,233086,60.06366748753679
nerv,"Mortensen, Johan",1910,2,159369,12.5494920593089
nerv,"Munthe, Axel",1930,18,156115,115.2996188707043
nerv,"Möller, Vilhelm",1880,1,754,1326.2599469496022
nerv,"Mörne, Arvid",1920,8,92118,86.84513341583622
nerv,"Naumann, Mathilda",1880,1,68190,14.664906877841325
nerv,"Nicander, Karl August",1830,1,385016,2.5972946578843477
nerv,"Nicander, Karl August",1840,1,212547,4.70484175264765
nerv,"Nilsson, Albert",1910,3,135571,22.128626328639605
nerv,"Nissen, Carl",1890,5,84972,58.84291295956315
nerv,"Nonnen, Emily",1860,4,167782,23.840459644061937
nerv,"Nonnen, Emily",1880,3,37741,79.48914973106172
nerv,"Nordenhielm, Sven",1900,1,13856,72.17090069284065
nerv,"Nordenskiöld, Adolf Erik",1880,1,297785,3.3581275081014827
nerv,"Nordensvan, Georg",1870,2,202089,9.896629702754726
nerv,"Nordensvan, Georg",1880,1,513177,1.9486453991507804
nerv,"Nordensvan, Georg",1890,1,130737,7.648944063272065
nerv,"Nordling, Johan",1880,3,130951,22.909332498415438
nerv,"Nordling, Johan",1890,4,49151,81.3818640515961
nerv,"Nordmann, Petrus",1900,2,17198,116.29259216187928
nerv,"Nordström, Ester Blenda",1910,6,144545,41.50956449548583
nerv,"Nordström, Ester Blenda",1920,1,124260,8.047642040882021
nerv,"Nordström, Ester Blenda",1930,2,139817,14.304412195941838
nerv,"Nordström, Ludvig",1910,1,73855,13.540044682147451
nerv,"Nordström, Ludvig",1930,1,141431,7.070585656609937
nerv,"Noreen, Erik Adolf",1870,1,24378,41.02059233735335
nerv,"Norlander, Emil",1890,1,46333,21.58288908553299
nerv,"Norlander, Emil",1920,1,161050,6.209251785159888
nerv,"Norlin, Mauritz",1880,3,146496,20.478374836173
nerv,"Norrby, Carl",1870,1,17883,55.9190292456523
nerv,"Norström, Vitalis",1900,3,109692,27.34930532764468
nerv,"Norström, Vitalis",1910,5,130954,38.18134612153886
nerv,"Numers, Hedvig von",1860,1,270661,3.694658632015695
nerv,"Nyberg, Sigfrid",1850,2,53569,37.3350258545054
nerv,"Nyblom, Carl Rupert",1870,1,55002,18.18115704883459
nerv,"Nyblom, Helena",1890,1,249189,4.013018231141824
nerv,"Nyblom, Helena",1910,1,229507,4.357165576649078
nerv,"Nyblæus, Gustaf",1890,2,80703,24.782226187378413
nerv,"Nybom, Johan",1840,1,130610,7.656381594058648
nerv,"Nybom, Johan",1850,1,14498,68.97503103876397
nerv,"Nycander, Fredrik",1890,1,108038,9.256002517632686
nerv,"Ofvandahl, Erik",1900,2,42491,47.068791038102184
nerv,"Oldberg, Anders Fredrik Nathanael",1850,1,12591,79.42180922881423
nerv,"Olivecrona, Rosalie",1880,2,46519,42.99318558008556
nerv,"Ongelin, Hanna",1880,1,106270,9.40999341300461
nerv,"Ongelin, Hanna",1890,2,84763,23.595200736170263
nerv,"Orczy, Emmuska",1900,10,102234,97.81481698847742
nerv,"Oswald, Gösta",1940,8,43590,183.52833218628126
nerv,"Oxenstierna, Mårten Gabriel Leijonsköld",1890,4,548427,7.293586931350936
nerv,"Palm, Amy",1890,1,139390,7.174115790228854
nerv,"Palm, August",1900,1,17899,55.86904296329404
nerv,"Palmblad, Vilhelm Fredrik",1840,6,931946,6.438141265695652
nerv,"Palmkvist, Nanny",1880,1,17769,56.27778715740897
nerv,"Palmstjerna, Carl Otto",1830,2,328303,6.091933366432838
nerv,"Paul, Adolf",1890,11,277706,39.61023528479759
nerv,"Person, Johan",1900,1,49994,20.002400288034565
nerv,"Personne, Johan Wilhelm",1880,4,36404,109.8780353807274
nerv,"Persson, Fredrik",1910,1,324667,3.0800789732248735
nerv,"Petersson, Therèse",1880,1,167213,5.980396261056257
nerv,"Pfeiffer, Sara",1860,2,269215,7.429006556098286
nerv,"Pfeiffer, Sara",1870,9,549531,16.377601991516404
nerv,"Pfeiffer, Sara",1880,5,394170,12.684882157444758
nerv,"Pfeiffer, Sara",1890,4,149398,26.774120135477048
nerv,"Pihl, Otto",1890,2,5403,370.16472330186934
nerv,"Pihlstrand, Ragnar",1880,18,2387801,7.538316635263994
nerv,"Pihlstrand, Ragnar",1890,26,1299301,20.01075963152495
nerv,"Platen, Henrica Carolina von",1860,1,76150,13.131976362442547
nerv,"Pontoppidan, Henrik",1890,2,36980,54.08328826392645
nerv,"Porter, Eleanor H.",1910,1,63020,15.867978419549349
nerv,"Prytz, Harald Oscar",1860,2,90977,21.983578267034524
nerv,"Quennerstedt, August",1900,1,699795,1.4289899184761252
nerv,"Quennerstedt, August",1910,2,1140005,1.7543782702707444
nerv,"Qvanten, Aurora von",1880,2,113536,17.61555806087937
nerv,"Qvanten, Aurora von",1890,9,172335,52.22386630690225
nerv,"Qvanten, Emil von",1840,1,38222,26.16294280780702
nerv,"Regis, Julius",1910,2,76539,26.13046943388338
nerv,"Regis, Julius",1920,9,73780,121.98427758200054
nerv,"Ridderstad, Carl Fredrik",1840,1,771553,1.2960872422244487
nerv,"Ridderstad, Carl Fredrik",1850,4,951883,4.202197118763546
nerv,"Ridderstad, Carl Fredrik",1880,9,559564,16.08395107619504
nerv,"Rietz, Johan Ernst",1860,2,1483948,1.3477561208344229
nerv,"Risberg, Emilie",1860,3,297099,10.097644219603566
nerv,"Romdahl, Clara",1880,1,58470,17.102787754403966
nerv,"Roos, Mathilda",1880,5,225894,22.134275368093
nerv,"Roos, Mathilda",1890,9,429737,20.943041907026856
nerv,"Rosenius, Carl Olof",1890,1,101527,9.849596659016813
nerv,"Rosén, Johan Magnus",1840,3,288053,10.414750063356395
nerv,"Rosén, Johan Magnus",1850,1,44612,22.415493589168833
nerv,"Rosén, Johan Magnus",1860,1,43191,23.15297168391563
nerv,"Roth, Sven Olof",1880,5,224664,22.255457038065735
nerv,"Ruin, Hans",1930,4,163282,24.497495131122843
nerv,"Ruin, Hans",1940,4,79133,50.54781191159188
nerv,"Runeberg, Johan Ludvig",1850,2,124794,16.02641152619517
nerv,"Runfeldt, Emil",1890,1,9611,104.04744563520966
nerv,"Rusén, Lars Erik",1850,1,21042,47.523999619808
nerv,"Rydberg, Carl Henrik",1860,1,344263,2.9047559569282786
nerv,"Rydberg, Viktor",1850,10,350514,28.529530917452654
nerv,"Rydberg, Viktor",1860,1,140367,7.124181609637593
nerv,"Rydberg, Viktor",1870,3,80367,37.32875433946769
nerv,"Rydberg, Viktor",1890,3,50224,59.732398853137944
nerv,"Rydberg, Viktor",1900,6,80283,74.73562273457644
nerv,"Sachs, Hilda",1900,1,37646,26.563247091324442
nerv,"Samzelius, Hugo",1890,3,77418,38.75067813686739
nerv,"Sand, Arne",1950,2,74376,26.890394750994943
nerv,"Sandberg, Algot",1890,3,296810,10.10747616320205
nerv,"Sandberg, Algot",1910,5,78774,63.47271942519105
nerv,"Sandberg, Eric",1890,2,135478,14.762544472165223
nerv,"Sandel, Maria",1920,4,144864,27.6121051468964
nerv,"Sandströmer, Clara",1870,3,257887,11.633002051286029
nerv,"Saxon, Johan Lindström",1880,1,109786,9.108629515603083
nerv,"Saxon, Johan Lindström",1890,1,270284,3.699812049547883
nerv,"Saxon, Johan Lindström",1900,1,33209,30.112318949682315
nerv,"Schaar, Hermania Fredrica",1870,2,95475,20.94789211835559
nerv,"Schenfelt, Inga",1870,1,173997,5.747225526876901
nerv,"Schenfelt, Inga",1880,2,288911,6.922547081973342
nerv,"Schildt, Runar",1920,3,51308,58.47041397053091
nerv,"Schirmer, Adolf",1870,1,249159,4.013501418772751
nerv,"Scholander, Fredrik Wilhelm",1860,1,66301,15.082728767288577
nerv,"Scholander, Fredrik Wilhelm",1880,4,242074,16.523872865322176
nerv,"Schreiner, Olive",1910,2,61056,32.75681341719078
nerv,"Schultz, Adolf Fredrik Joelsson",1880,1,12654,79.0263948158685
nerv,"Schwartz, Marie Sophie",1850,6,1085153,5.529174227044481
nerv,"Schwartz, Marie Sophie",1860,20,2579411,7.753708113984161
nerv,"Schwartz, Marie Sophie",1870,6,884820,6.781040211568454
nerv,"Schwartz, Marie Sophie",1890,1,75915,13.172627280511097
nerv,"Schwartz, Marie Sophie",1910,4,207231,19.302131437864027
nerv,"Schwerin, Martina von, d. y.",1840,1,83035,12.043114349370747
nerv,"Schéele, Adolf August",1870,2,56299,35.524609673351215
nerv,"Schöldström, Birger",1880,2,51955,38.4948513136368
nerv,"Schöldström, Birger",1890,1,123441,8.101036122520071
nerv,"Schück, Henrik",1900,1,33377,29.960751415645504
nerv,"Schück, Henrik",1910,2,165913,12.054510496465015
nerv,"Sedgwick, Catharine",1850,1,39871,25.080885856888465
nerv,"Segerstedt, Albrekt",1870,1,134331,7.444298039916326
nerv,"Segerstedt, Torgny",1930,9,70915,126.91250088133681
nerv,"Segerstedt, Torgny",1940,18,117457,153.2475714516802
nerv,"Sehlstedt, Elias",1850,1,64206,15.574868392362085
nerv,"Settervall, Hedvig Beata",1840,1,37612,26.587259385302563
nerv,"Silfverstolpe, Gunnar Mascoll",1940,1,10656,93.84384384384384
nerv,"Silfverstolpe, Malla",1910,1,245873,4.067140352946439
nerv,"Siljeström, Per Adam",1850,2,64936,30.799556486386596
nerv,"Sillén, Abraham Wilhelm af",1860,1,129959,7.694734493186313
nerv,"Silverstolpe, Gustaf Abraham",1790,6,512118,11.716049816643821
nerv,"Sjöberg, Birger",1920,18,566955,31.748551472339074
nerv,"Sjöberg, Edvard Daniel",1840,1,140639,7.110403230967228
nerv,"Sjöholm, Carl",1890,1,2876,347.70514603616135
nerv,"Skarstedt, Ernst",1890,1,171111,5.844159639064701
nerv,"Smith, Carl",1890,4,57316,69.78854072161351
nerv,"Snellman, Johan Vilhelm",1840,2,182971,10.93069393510447
nerv,"Snoilsky, Carl",1860,2,31847,62.8002637611078
nerv,"Snoilsky, Carl",1880,3,103980,28.851702250432776
nerv,"Snoilsky, Carl",1890,2,46597,42.921218104169796
nerv,"Snoilsky, Carl",1910,5,85606,58.40712099619186
nerv,"Sommelius, Gustaf Lorentz",1840,3,40806,73.51860020585208
nerv,"Sparre, Pehr",1830,2,225896,8.853631759747849
nerv,"Sparre, Pehr",1840,1,167601,5.96655151222248
nerv,"Sparre, Pehr",1860,1,206709,4.83771872535787
nerv,"Sparre, Pehr",1870,4,385654,10.371991474223009
nerv,"Staaff, Karl",1900,1,8058,124.10027302060064
nerv,"Stam, Per",1990,8,238205,33.58451753741525
nerv,"Starbäck, Carl Georg",1850,2,210114,9.51864226086791
nerv,"Starnberg, Märta",1890,2,240932,8.301097405076952
nerv,"Stjernstolpe, Jonas Magnus",1820,1,77038,12.980606973182066
nerv,"Stjernström, Louise",1880,1,1077607,0.9279820936575208
nerv,"Stjernström, Louise",1890,1,1662749,0.6014136830032675
nerv,"Stockenstrand, Ina",1890,4,78099,51.217045032586846
nerv,"Stoker, Bram",1900,12,120550,99.54375777685608
nerv,"Stowe, Harriet Beecher",1890,8,222597,35.939388221764
nerv,"Strandberg, Carl Vilhelm August",1870,8,415407,19.25822145510307
nerv,"Strindberg, August",1870,4,139512,28.671368771145133
nerv,"Strindberg, August",1880,46,793035,58.005006084220746
nerv,"Strindberg, August",1890,20,428523,46.67194059595401
nerv,"Strindberg, August",1900,2,155151,12.890667801045433
nerv,"Strindberg, Oskar",1880,1,18140,55.12679162072767
nerv,"Strussenfelt, Ulrika Sophia von",1840,1,243871,4.100528558131143
nerv,"Strussenfelt, Ulrika Sophia von",1850,9,1623357,5.544067016682098
nerv,"Strussenfelt, Ulrika Sophia von",1860,1,1181849,0.8461317816404633
nerv,"Ström, Fredrik",1900,1,77975,12.824623276691247
nerv,"Ström, Fredrik",1910,1,44657,22.3929059274022
nerv,"Ström, Ulrika",1860,1,106489,9.390641286893482
nerv,"Sturzen-Becker, Oscar Patric",1840,1,236021,4.236911122315387
nerv,"Sturzen-Becker, Oscar Patric",1860,5,277888,17.992860432980194
nerv,"Sturzen-Becker, Oscar Patric",1880,11,631009,17.432397953119526
nerv,"Stålberg, Wilhelmina",1830,1,245663,4.070617064840859
nerv,"Stålberg, Wilhelmina",1840,17,1308174,12.995213175005771
nerv,"Stålberg, Wilhelmina",1850,9,687670,13.087672866345777
nerv,"Stålberg, Wilhelmina",1860,8,899125,8.897539274294452
nerv,"Stålberg, Wilhelmina",1870,2,181855,10.997772950977428
nerv,"Stéenhoff, Frida",1900,9,116367,77.34151434685091
nerv,"Stéenhoff, Frida",1910,5,139598,35.817132050602446
nerv,"Stéenhoff, Frida",1930,11,23249,473.1386296184782
nerv,"Sundblad, Johannes",1870,4,132502,30.188223573983787
nerv,"Sundblad, Johannes",1880,1,143971,6.945843260100992
nerv,"Sundqvist, E. W.",1890,1,516249,1.937049756997108
nerv,"Sundström, Karin",1860,4,137850,29.017047515415307
nerv,"Suttner, Bertha von",1890,7,75529,92.67963298865337
nerv,"Svahn, Oscar",1880,1,98574,10.14466289285207
nerv,"Svedbom, Per Erik",1840,1,127104,7.867573011077543
nerv,Svenska Litteratursällskapet,1980,1,392946,2.544878940108819
nerv,"Svenson, Frey",1890,1,34719,28.80267288804401
nerv,"Sällberg, Thure",1890,6,491737,12.201644374940264
nerv,"Sätherberg, Herman",1840,2,143112,13.975068477835542
nerv,"Sätherberg, Herman",1860,1,88183,11.340054205459102
nerv,"Söderberg, Hjalmar",1900,3,304715,9.845265247854552
nerv,"Söderberg, Hjalmar",1910,1,147353,6.786424436557112
nerv,"Söderberg, Hjalmar",1920,5,172010,29.068077437358294
nerv,"Söderberg, Mikael",1920,2,35552,56.255625562556254
nerv,"Söderberg, Mikael",1930,2,27834,71.85456635769204
nerv,"Söderblom, Nathan",1920,1,150276,6.654422529212915
nerv,"Söderhjelm, Alma",1910,5,27915,179.11517105498837
nerv,"Söderhjelm, Alma",1920,4,102308,39.09762677405482
nerv,"Söderhjelm, Werner",1900,5,124684,40.101376279233904
nerv,"Söderholm, Kerstin",1920,1,11316,88.37044892188052
nerv,"Söderholm, Kerstin",1930,2,28308,70.65140596297866
nerv,"Söderholm, Kerstin",1940,2,8051,248.41634579555335
nerv,"Sörman, Py",1920,8,65260,122.5865767698437
nerv,"Sörman, Py",1930,7,206149,33.956022100519526
nerv,"Tamm, Hugo",1910,2,28751,69.56279781572815
nerv,"Tammelin, Filip",1890,1,46995,21.27885945313331
nerv,"Tavaststjerna, Karl August",1880,3,64532,46.48856381330193
nerv,"Tavaststjerna, Karl August",1890,25,435795,57.36642228570773
nerv,"Tersmeden, Minna",1860,2,92228,21.68538838530598
nerv,"Teuchler, Anton",1890,1,26127,38.274581850193286
nerv,"Thomander, Johan Henrik",1870,1,94572,10.573954235926067
nerv,"Thomasson, Nils",1890,60,707538,84.80109902224333
nerv,"Thomasson, Pehr",1850,5,216282,23.117966358735355
nerv,"Thomasson, Pehr",1860,1,613096,1.6310659342093246
nerv,"Thomasson, Pehr",1870,1,315954,3.1650176924489006
nerv,"Thorsander, Gustaf",1890,2,250882,7.971875224208991
nerv,"Tibell, Charlotta Cecilia af",1870,1,97673,10.238243936400028
nerv,"Tigerschiöld, Hugo",1880,1,13688,73.05669199298656
nerv,"Tjörner, Olof",1880,1,100662,9.934235361904195
nerv,"Topelius, Zacharias",1850,2,247138,8.092644595327307
nerv,"Topelius, Zacharias",1880,21,1225979,17.129167791617963
nerv,"Topelius, Zacharias",1890,2,155883,12.83013542207938
nerv,"Torckell, Olga",1890,4,85119,46.99303328281582
nerv,"Trolle, Henrik af",1870,14,1614288,8.672554091958808
nerv,"Trolle, Henrik af",1880,7,832850,8.404874827399892
nerv,"Törnblom, Johan August",1910,11,599083,18.36139566637678
nerv,"Uddgren, Gustaf",1900,3,69812,42.972554861628375
nerv,"Uddgren, Gustaf",1910,10,244634,40.87739234938725
nerv,"Ulfsson, Sten",1890,2,425150,4.704222039280254
nerv,"Ullner, Constance",1880,2,54437,36.739717471572646
nerv,"Undset, Sigrid",1910,3,69510,43.15925766076823
nerv,"Undset, Sigrid",1920,3,124115,24.171131611811628
nerv,"Utterström, Olof Philip",1870,1,57762,17.312419930057825
nerv,"Valerius, Johan David",1830,2,28756,69.55070246209486
nerv,"Vester, A. B.",1890,2,142413,14.043661744363225
nerv,"Vikström, Arvid",1870,1,9415,106.21348911311736
nerv,"Virgin, Axel Gustaf",1870,1,29267,34.168175761096116
nerv,"Värnlund, Rudolf",1920,6,140336,42.75453198038992
nerv,"Värnlund, Rudolf",1930,12,148105,81.02359812295332
nerv,"Wachtmeister, Hans",1880,1,51989,19.234838138837063
nerv,"Wadman, Johan Anders",1850,2,95994,20.834635498051963
nerv,"Wahlenberg, Anna",1880,7,343965,20.350907795851324
nerv,"Wahlenberg, Anna",1890,14,523166,26.76014878642725
nerv,"Wahlenberg, Anna",1900,11,66873,164.49090066244972
nerv,"Wallenberg, Jacob",1880,1,79294,12.611294675511388
nerv,"Wallengren, Axel",1890,1,57623,17.354181490030022
nerv,"Wallin, Johan Peter",1880,3,263442,11.387705832782927
nerv,"Wallmo, Uno",1900,4,105865,37.78397015066358
nerv,"Warburg, Karl",1900,5,453357,11.028835994591459
nerv,"Waxberg, Harald",1890,1,30098,33.22479898996611
nerv,"Weman, Adèle",1890,1,56305,17.760412041559363
nerv,"Wernberg, Hjalmar",1890,11,491632,22.37445894490188
nerv,"Wernberg, Hjalmar",1900,3,298542,10.04883734951866
nerv,"Westerlund, Johan Alfred",1910,1,910029,1.0988660800919532
nerv,"Westermarck, Helena",1890,8,104885,76.27401439672022
nerv,"Westermarck, Helena",1900,1,59655,16.763054228480428
nerv,"Wetterbergh, Carl Anton",1840,4,912252,4.3847533357011
nerv,"Wetterbergh, Carl Anton",1850,16,959464,16.67597742072657
nerv,"Wetterbergh, Carl Anton",1860,1,66094,15.129966411474566
nerv,"Wetterbergh, Carl Anton",1880,8,923099,8.666459393846164
nerv,"Wetterbergh, Carl Anton",1890,1,120957,8.26740081185876
nerv,"Wettergrund, Josefina",1850,3,168649,17.788424479243872
nerv,"Wettergrund, Josefina",1860,4,404417,9.890781050252587
nerv,"Wettergrund, Josefina",1870,1,152526,6.556259260716206
nerv,"Wettergrund, Josefina",1880,3,507018,5.9169496940937005
nerv,"Wetterhoff, Onni",1860,1,45046,22.199529369977355
nerv,"Whitlock, Ellen",1890,1,9299,107.53844499408538
nerv,"Wickström, Victor Hugo",1890,1,213549,4.682766016230467
nerv,"Widmark, Per Fredrik",1870,1,16046,62.320827620590805
nerv,"Wieselgren, Sigfrid",1860,1,70218,14.241362613574866
nerv,"Wigforss, John",1890,1,20931,47.77602599015814
nerv,"Wigström, Eva",1870,1,383015,2.6108638042896493
nerv,"Wigström, Eva",1880,2,277212,7.214694890553078
nerv,"Wigström, Eva",1890,2,156657,12.766745182149537
nerv,"Wijkander, Oscar",1880,11,98180,112.03911183540436
nerv,"Wikner, Pontus",1880,1,114897,8.703447435529213
nerv,"Wipperling, Nils Fredrik",1830,1,37057,26.985454839841324
nerv,"Wipperling, Nils Fredrik",1850,1,28519,35.06434306953259
nerv,"Wirsén, Carl David af",1900,1,137790,7.257420712678714
nerv,"Witt, Otto",1910,11,530862,20.721016007926732
nerv,"Wägner, Elin",1910,10,601051,16.637523271735677
nerv,"Wägner, Elin",1920,29,608843,47.631326959495304
nerv,"Wägner, Elin",1930,24,611590,39.24197583348322
nerv,"Wägner, Elin",1940,17,474886,35.7980652198633
nerv,"Wästberg, Anna",1860,1,68721,14.55159267181793
nerv,"Wästberg, Anna",1880,2,155407,12.869433165816211
nerv,"Wästberg, Efraim",1890,1,40886,24.458249767646628
nerv,"Wågman, Frans Oskar",1900,6,70243,85.41776404766311
nerv,"Wåhlstrand, Karin",1880,1,69220,14.44669170759896
nerv,"Zachrisson, Waldemar",1910,1,70119,14.261469787076257
nerv,"Zeipel, Carl von",1840,2,881480,2.268911376321641
nerv,"Zethraeus, August Gerhard",1880,1,25848,38.687712782420306
nerv,"Zetterström, Hasse",1890,1,19634,50.93205663644698
nerv,"Zilliacus, Konni, d. ä.",1890,3,157875,19.002375296912113
nerv,"Åberg, Jon Olof",1880,5,2320133,2.1550488700432258
nerv,"Åberg, Jon Olof",1890,8,1280352,6.248281722526305
nerv,"Åberg, Katie",1880,7,282619,24.768327677898515
nerv,"Åslund, Daniel",1880,2,40490,49.39491232403063
nerv,"Öberg, Ludvig Teodor",1850,2,360523,5.547496276243124
nerv,"Öberg, Ludvig Teodor",1860,4,288825,13.849216653683026
nerv,"Öberg, Ludvig Teodor",1870,2,158100,12.65022137887413
nerv,"Ödman, Pelle",1880,1,295814,3.38050261312852
nerv,"Ödmann, Jenny Maria",1870,1,116907,8.5538077275099
nerv,"Ödmann, Jenny Maria",1880,4,700126,5.71325732796668
nerv,"Ödmann, Jenny Maria",1900,1,218431,4.5781047561930315
nerv,"Ödmann, Samuel",1920,2,247519,8.08018778356409
repulsion,"Almqvist, C.J.L.",1830,1,621640,1.6086480921433628
repulsion,"Beckman, Edvard",1850,1,57597,17.36201538274563
repulsion,"Berger, Henning",1910,1,310908,3.2163855545691975
repulsion,"Cronholm, Bernhard",1850,1,105235,9.502541929966267
repulsion,"Edenberg, Albert Anderson",1880,1,686333,1.4570186775224272
repulsion,"Ekelund, Vilhelm",1920,2,263894,7.578800579020364
repulsion,"Ekman, Ernst",1890,1,18284,54.69262743382192
repulsion,"Fornell, Bror Edvard",1850,1,295224,3.3872584884697723
repulsion,"Geijer, Erik Gustaf",1920,1,1937136,0.5162260161392902
repulsion,"Goethe, Johann Wolfgang von",1900,1,105706,9.460200934667853
repulsion,"Hansson, Ola",1890,1,285053,3.5081195426815364
repulsion,"Hansson, Ola",1910,1,96845,10.32577830553978
repulsion,"Hasselblad & Co., Fritz W.",1890,4,203553,19.65090173075317
repulsion,"Hedberg, Tor",1890,1,250637,3.9898339032146093
repulsion,"Heller, Frank",1910,1,548425,1.8234033824132745
repulsion,"Key, Ellen",1900,1,187000,5.347593582887701
repulsion,"Kierkegaard, Søren",1910,1,64948,15.396932930960153
repulsion,"Knorring, Sophie von",1840,1,899110,1.1122109641756848
repulsion,"Levertin, Oscar",1890,2,282783,7.07256093895319
repulsion,"Levertin, Oscar",1900,1,151708,6.591610198539299
repulsion,"Linder, Sten",1930,1,185504,5.390719337588408
repulsion,"Lénström, Carl Julius",1840,1,232710,4.297193932362167
repulsion,"Sillén, Abraham Wilhelm af",1860,1,129959,7.694734493186313
repulsion,"Silverstolpe, Gustaf Abraham",1790,2,512118,3.9053499388812734
repulsion,Svenska Litteratursällskapet,1930,1,599463,1.6681596695709326
repulsion,"Wetterbergh, Carl Anton",1880,1,923099,1.0833074242307705
spänning,"Afzelius, Anders Johan",1850,1,85174,11.740672036067345
spänning,"Agrell, Alfhild",1880,1,251326,3.978895935955691
spänning,"Agrell, Alfhild",1890,4,302899,13.205722039359655
spänning,"Agrell, Alfhild",1900,1,73698,13.568889250725936
spänning,"Agrell, Alfhild",1910,1,76114,13.138187455658617
spänning,"Ahlbom, Mathilda",1860,3,395655,7.582363422678849
spänning,"Ahlin, Johan Olof",1880,1,70471,14.190234280767976
spänning,"Ahnfelt, Arvid",1870,2,834238,2.3973973853984116
spänning,"Ahrenberg, Jac",1870,1,87463,11.433406126019003
spänning,"Ahrenberg, Jac",1880,2,146333,13.667457101269024
spänning,"Ahrenberg, Jac",1890,21,379201,55.379600792192
spänning,"Alcott, Louisa May",1870,1,411350,2.4310198128114746
spänning,"Alfthan, Johannes",1880,1,30151,33.16639580776757
spänning,"Almqvist, C.J.L.",1830,4,621640,6.434592368573451
spänning,"Almqvist, C.J.L.",1840,17,1578875,10.767160161507402
spänning,"Almqvist, Carolina",1860,1,186124,5.3727622445251555
spänning,"Almqvist, Gertrud",1890,1,65623,15.238559651341756
spänning,"Amiel, Henri Frédéric",1900,2,79311,25.217182988488357
spänning,"Améen, Elin",1890,2,139222,14.365545675252475
spänning,"Anders, Ludwig",1890,1,42039,23.78743547658127
spänning,"Anderson, Alfred",1860,2,165183,12.107783488615656
spänning,"Anderson, August",1880,1,53800,18.587360594795538
spänning,"Andersson, Dan",1910,4,187950,21.282255919127426
spänning,"Andersson, Dan",1920,2,132920,15.04664459825459
spänning,"Andersson, J.",1880,4,20115,198.85657469550088
spänning,"Andersson, Johan",1840,1,20092,49.77105315548477
spänning,"Andræ, Tor",1930,1,8066,123.97718819737169
spänning,"Andrén, Olof",1890,1,258552,3.8676939261734584
spänning,"Angered Strandberg, Hilma",1880,6,86852,69.08303781144936
spänning,"Angered Strandberg, Hilma",1890,18,185465,97.05335238454695
spänning,"Angered Strandberg, Hilma",1900,8,160957,49.70271563212535
spänning,"Angered Strandberg, Hilma",1910,11,140462,78.31299568566587
spänning,"Angered Strandberg, Hilma",1920,6,44573,134.61063872748076
spänning,"Anholm, Maria",1890,7,154652,45.26291286242661
spänning,Anonym,1830,2,334683,5.975803969726577
spänning,Anonym,1840,1,731519,1.3670184916591366
spänning,Anonym,1850,3,858377,3.4949678288211357
spänning,Anonym,1860,11,1427646,7.704991293359838
spänning,Anonym,1870,9,1872242,4.807070880794257
spänning,Anonym,1880,9,1657613,5.429494097838277
spänning,Anonym,1890,65,1991534,32.63815731993529
spänning,Anonym,1900,6,280356,21.40136112656765
spänning,"Arbman, Eva",1900,1,12270,81.49959250203749
spänning,"Arfwedson, Carl David",1870,1,176118,5.6780113333106215
spänning,"Arfwidsson, Nils",1860,1,30721,32.5510237296963
spänning,"Atterbom, P.D.A.",1840,5,628322,7.957703215867023
spänning,"Axelson, Maximilian",1870,1,90952,10.99481044946785
spänning,"Bagge, Peter",1880,1,239146,4.181546001187559
spänning,"Beckman, Edvard",1850,3,57597,52.08604614823689
spänning,"Benedictsson, Victoria",1880,16,449815,35.570178851305535
spänning,"Benedictsson, Victoria",1890,4,210958,18.961120222982775
spänning,"Benedictsson, Victoria",1900,1,33442,29.902517791998086
spänning,"Benedictsson, Victoria",1910,1,21049,47.50819516366573
spänning,"Bensow, Oscar",1880,2,38463,51.99802407508515
spänning,"Benzon, Karl",1900,7,224255,31.21446567523578
spänning,"Berg, Anders Henrik",1880,2,34619,57.771743840087815
spänning,"Berg, Daniel",1910,4,62030,64.48492664839594
spänning,"Berg, Daniel",1930,10,83127,120.29785749515801
spänning,"Berg, Johan August",1860,1,133607,7.484637780954591
spänning,"Berg, Per Gustaf",1860,4,406783,9.833252618718088
spänning,"Berg, Per Gustaf",1870,1,490594,2.0383453527764304
spänning,"Berg, Ruben G:son",1900,1,12704,78.71536523929471
spänning,"Berg, Wilhelm",1880,2,380111,5.261620947565317
spänning,"Berg, Wilhelm",1890,2,980146,2.0405123318362777
spänning,"Berg, Wilhelm",1900,1,183354,5.453930647817883
spänning,"Berger, Henning",1900,5,187588,26.654156982322963
spänning,"Berger, Henning",1910,17,310908,54.67855442767635
spänning,"Berger, Lars",1880,1,149277,6.698955632816844
spänning,"Bergh, Richard",1900,2,82704,24.182627200619077
spänning,"Berglund, Victoria",1850,1,60959,16.40446857724044
spänning,"Bergman, Dan",1890,1,48251,20.72495906820584
spänning,"Bergman, Hjalmar",1900,1,221296,4.518834502205191
spänning,"Bergman, Hjalmar",1910,16,487777,32.80187462713494
spänning,"Bergman, Hjalmar",1920,70,660281,106.01546917145882
spänning,"Bergman, Hjalmar",1930,16,100439,159.30067005844344
spänning,"Bergman, Johan Magnus",1870,1,202066,4.948878089337147
spänning,"Bergström, Richard",1880,1,223858,4.467117547731151
spänning,"Bergsøe, Vilhelm",1870,1,82959,12.054147229354259
spänning,"Berndtson, Charlotta",1860,1,200987,4.975446173135576
spänning,"Berndtson, Fredrik",1860,1,15837,63.14327208435941
spänning,"Beskow, Carl Adolf",1890,2,22683,88.17175858572499
spänning,"Beskow, Elisabeth",1890,3,153995,19.481151985454073
spänning,"Beskow, Elisabeth",1900,5,92751,53.90777457924982
spänning,"Beskow, Elisabeth",1920,4,44482,89.92401420799425
spänning,"Bjarke, Fredrik Constantin",1890,4,114160,35.0385423966363
spänning,"Bjursten, Herman",1840,1,114487,8.734616157292967
spänning,"Bjursten, Herman",1850,3,1007894,2.9765034815169056
spänning,"Björkman, Carl Gustaf",1880,5,266330,18.773701798520634
spänning,"Björkman, Göran",1880,1,39312,25.437525437525437
spänning,"Björlin, Gustaf",1870,3,247102,12.140735404812588
spänning,"Björlin, Gustaf",1880,1,130906,7.639069255801873
spänning,"Björlin, Gustaf",1890,4,189304,21.130034230655454
spänning,"Björlin, Gustaf",1900,1,147723,6.769426561875943
spänning,"Björling, Fridolf",1870,1,155334,6.43774061055532
spänning,"Björling, Fridolf",1880,1,244028,4.097890406018982
spänning,"Blanche, Thore",1880,1,39472,25.334414268342115
spänning,"Blom, Lydia",1890,1,37775,26.472534745201852
spänning,"Blomberg, Harry",1920,13,267112,48.668723232202225
spänning,"Blomgren, E. G.",1860,1,8061,124.05408758218583
spänning,"Bohman, John G.",1880,3,151148,19.84809590599942
spänning,"Boisman, Alexander Wilhelm",1890,1,34257,29.191114224829963
spänning,"Bolander, Sophie",1840,4,153009,26.142253070080844
spänning,"Bolander, Sophie",1850,7,280366,24.967364088370203
spänning,"Bolander, Sophie",1860,17,532782,31.90798487936905
spänning,"Bollsten, Johan Christian",1840,2,107829,18.547886004692614
spänning,"Bonaparte, Napoleon",1830,3,82500,36.36363636363637
spänning,"Bondeson, August",1890,1,148263,6.744771116192172
spänning,"Bore, Erik",1900,1,28857,34.65363689919257
spänning,"Borelius, Hilma",1900,3,70927,42.29700960142118
spänning,"Borgström, Gustaf",1890,2,64685,30.919069336012985
spänning,"Boye, Karin",1920,1,15389,64.98148027812074
spänning,"Boye, Karin",1930,26,221708,117.27136594078698
spänning,"Boye, Karin",1940,16,194585,82.22627643446309
spänning,"Brag, Eva",1880,4,104257,38.3667283731548
spänning,"Branting, Anna",1890,2,140671,14.217571496612663
spänning,"Branting, Anna",1900,4,106584,37.5290850409067
spänning,"Branting, Anna",1910,2,112594,17.762935858038617
spänning,"Branting, Anna",1940,2,57078,35.03977013910789
spänning,"Bratt, Erland Axel",1890,1,14394,69.47339169098235
spänning,"Braun, Wilhelm von",1840,1,407518,2.4538793378451995
spänning,"Braun, Wilhelm von",1850,2,264070,7.573749384632863
spänning,"Braun, Wilhelm von",1880,1,89403,11.185306980750086
spänning,"Braunerhjelm, Augusta",1880,4,93500,42.780748663101605
spänning,"Braunerhjelm, Augusta",1900,4,88617,45.13806605955968
spänning,"Bremer, Fredrika",1840,3,233642,12.840157163523681
spänning,"Bremer, Fredrika",1910,5,960521,5.205508260621059
spänning,"Bremer, Fredrika",1920,1,342503,2.9196824553361576
spänning,"Brinkman, Carl Gustaf von",1860,1,195382,5.11817874727457
spänning,"Brontë, Charlotte",1850,4,440109,9.088657582553413
spänning,"Brunius, Louise",1840,4,710272,5.631645341502973
spänning,"Brunius, Louise",1850,2,152928,13.078049801213643
spänning,"Brunius, Louise",1870,1,241064,4.148275976504165
spänning,"Bruzelius, Janne",1870,1,153969,6.494813891107951
spänning,"Bråkenhielm, Malvina",1890,2,101923,19.6226563189859
spänning,"Burghausen, Carl Fredrik von",1850,1,63141,15.83756988327711
spänning,"Burnett, Frances Hodgson",1880,2,71418,28.004144613402783
spänning,"Busch, Oscar",1910,3,51393,58.37370848169984
spänning,"Bygdén, Leonard",1890,1,721125,1.3867221355520887
spänning,"Bäckmann, Ida",1900,3,184784,16.235171876352933
spänning,"Bäckmann, Ida",1910,2,114895,17.40719787632186
spänning,"Bäckmann, Ida",1930,9,175857,51.17794571725891
spänning,"Bäckmann, Ida",1940,9,240134,37.479074183580835
spänning,"Bååth, Albert Ulrik",1890,1,85886,11.643341173183057
spänning,"Bååth-Holmberg, Cecilia",1880,2,42428,47.13868200245121
spänning,"Bååth-Holmberg, Cecilia",1890,8,244561,32.711675205776885
spänning,"Böttiger, Carl Wilhelm",1860,1,85664,11.673515128875607
spänning,"Böttiger, Carl Wilhelm",1870,3,194246,15.444333474048372
spänning,"Böttiger, Carl Wilhelm",1880,1,198597,5.035322789367412
spänning,"Bützow Runquist, Johan Gustaf",1890,1,58722,17.029392731855182
spänning,"Carlberg, Frigga",1910,2,75942,26.335887914461036
spänning,"Carlén, Octavia",1860,1,226481,4.415381422724202
spänning,"Cavallin, Christian",1890,1,227529,4.395044148218469
spänning,"Cederborg, Carl August",1890,1,23468,42.61121527185956
spänning,"Cederborgh, Fredrik",1830,1,184060,5.433010974682169
spänning,"Cederborgh, Fredrik",1880,1,216297,4.623272629763704
spänning,"Cederman, Rosalba",1870,2,61197,32.68134058859094
spänning,"Cederqvist, August",1870,1,142601,7.012573544365046
spänning,"Cleve, Alma",1890,4,117475,34.049797829325385
spänning,"Cronholm, Bernhard",1850,1,105235,9.502541929966267
spänning,"Crusenstolpe, Magnus Jacob",1840,25,1801700,13.87578398179497
spänning,"Cygnæus, Fredrik",1850,1,184039,5.4336309151864555
spänning,"Cöster, Fredrik",1850,1,109641,9.120675659652868
spänning,"Dahl, Mattis",1890,16,412666,38.77227588412905
spänning,"Dahlbergh, Erik",1910,2,148587,13.46012773661222
spänning,"Dahlgren, Lotten",1900,3,122195,24.55092270551168
spänning,"Dalström, Kata",1890,2,130398,15.337658553045292
spänning,"Dalström, Kata",1900,1,84771,11.796487006169563
spänning,"Damm, Ivar",1890,1,11443,87.38967054094206
spänning,"Damm, Janne",1850,2,48104,41.576584067852984
spänning,"Damm, Janne",1870,1,222425,4.495897493537147
spänning,"Danielsson, Axel",1900,2,252369,7.9249036133598025
spänning,"De Geer, Louis",1840,1,235626,4.244013818508993
spänning,"Dickens, Charles",1840,3,473171,6.340202590606778
spänning,"Dietrichson, Lorentz",1870,1,20253,49.37540117513455
spänning,"Douglass, Frederick",1890,4,246238,16.244446429876785
spänning,"Doyle, Arthur Conan",1890,2,255586,7.825154742435032
spänning,"Doyle, Arthur Conan",1910,4,62000,64.51612903225806
spänning,"Dunckel, Dorothea",1840,1,218035,4.586419611530259
spänning,"Duse, Samuel August",1900,9,107643,83.60970987430673
spänning,"Duse, Samuel August",1910,10,75808,131.91219924018574
spänning,"Edenberg, Albert Anderson",1880,10,686333,14.570186775224272
spänning,"Ehrenborg, Anna Fredrika",1840,2,199937,10.003150992562658
spänning,"Ehrenborg-Posse, Betty",1840,1,89411,11.184306181566027
spänning,"Ehrenborg-Posse, Betty",1870,1,183364,5.453633210444798
spänning,"Ehrnrooth, Adelaide",1880,3,232129,12.923848377410836
spänning,"Eichhorn, Christoffer",1860,1,59856,16.70676289762096
spänning,"Ek, Karin",1910,2,126778,15.775607755288773
spänning,"Ekelund, Vilhelm",1900,36,172242,209.00825582610514
spänning,"Ekelund, Vilhelm",1910,15,272156,55.1154484927762
spänning,"Ekelund, Vilhelm",1920,18,263894,68.20920521118327
spänning,"Ekelund, Vilhelm",1930,18,309651,58.12995921214529
spänning,"Ekelund, Vilhelm",1940,16,284044,56.32930109419667
spänning,"Ekermann, Agnes",1880,1,274026,3.649288753621919
spänning,"Ekerot, Hjalmar",1880,1,32775,30.511060259344013
spänning,"Ekman, Ernst",1890,2,18284,109.38525486764384
spänning,"Ekman, Lotten",1910,1,28567,35.005425841005355
spänning,"Ekmarck, Carl Eric",1830,1,64051,15.612558742252268
spänning,"Ekström, Hedvig Aurora",1840,1,104352,9.58295001533272
spänning,"Elgström, Ossian",1910,3,36335,82.56501995321315
spänning,"Elgström, Ossian",1920,6,244964,24.493394947829067
spänning,"Elgström, Per",1860,2,104945,19.057601600838534
spänning,"Elkan, Sophie",1890,6,421908,14.221109815409994
spänning,"Elkan, Sophie",1900,17,363242,46.80075541925218
spänning,"Elkan, Sophie",1910,4,140163,28.538201950586103
spänning,"Elmblad, Sigrid",1890,1,83538,11.970600205894323
spänning,"Emanuelsson, Vendela",1890,2,423245,4.725395456532269
spänning,"Eneroth, Carl",1880,3,409038,7.334281900459126
spänning,"Eneroth, Carl",1890,3,381701,7.859554991996353
spänning,"Eneroth, Olof",1870,1,2555,391.3894324853229
spänning,"Engdahl, Axel",1910,1,66822,14.965131244201011
spänning,"Engelbert, Rolf",1880,1,41955,23.83506137528304
spänning,"Engström, Albert",1900,2,133509,14.980263502835015
spänning,"Engström, Albert",1910,4,152861,26.1675639960487
spänning,"Essen, Johan August von",1840,3,60413,49.65818615198715
spänning,Eugénie,1880,1,33606,29.75659108492531
spänning,"Evers, Edvard",1880,1,39964,25.02252026824142
spänning,"Fahlstedt, Amalia",1890,2,110659,18.073541239302724
spänning,"Falck, August",1930,5,78704,63.52917259605611
spänning,"Falk, Hugo",1890,7,87835,79.69488245004838
spänning,"Falkman, Charlotta",1850,1,141207,7.081801893673826
spänning,"Fallström, Daniel",1880,2,128556,15.557422446249106
spänning,"Fant, Johan Eric",1840,1,597435,1.6738222568145489
spänning,"Fersen, Axel von",1920,3,585424,5.124490967230589
spänning,"Fersen, Axel von",1930,2,227972,8.773007211411928
spänning,"Fitinghoff, Laura",1890,4,160821,24.872373632796712
spänning,"Fitzgerald, F. Scott",1940,4,61859,64.66318563184015
spänning,"Flodman, Anders",1860,4,269192,14.859282593836369
spänning,"Flodman, Anders",1870,4,458721,8.719897279610047
spänning,"Flygare-Carlén, Emilie",1830,3,386704,7.75787165377136
spänning,"Flygare-Carlén, Emilie",1840,70,2724568,25.692146424680903
spänning,"Flygare-Carlén, Emilie",1850,10,723308,13.825368999098586
spänning,"Flygare-Carlén, Emilie",1860,30,814169,36.84738672192137
spänning,"Flygare-Carlén, Emilie",1870,6,329761,18.194995769663482
spänning,"Flygare-Carlén, Emilie",1880,10,515456,19.400297988577105
spänning,"Fogelqvist, Torsten",1920,1,20150,49.62779156327544
spänning,"Fornell, Bror Edvard",1840,5,132348,37.779188200803944
spänning,"Fornell, Bror Edvard",1850,2,295224,6.774516976939545
spänning,"Forssell, Emil",1890,3,68581,43.74389408145113
spänning,"Forsslund, Karl-Erik",1900,4,122634,32.617381802762694
spänning,"Forssman, Edith",1890,9,548028,16.42251855744597
spänning,"Forssman, Edith",1900,1,72959,13.706328211735359
spänning,"Frank, Sten",1890,5,95110,52.57070760172432
spänning,"Franzén, Frans Michael",1810,2,15141,132.09167162010436
spänning,"Franzén, Frans Michael",1830,1,287355,3.4800160080736373
spänning,"Friman, Jeanette Charlotta",1850,3,158833,18.88776261859941
spänning,"Friman, Jeanette Charlotta",1860,2,108442,18.4430386750521
spänning,"Frosterus-Segerstråle, Hanna",1890,2,36965,54.10523468145543
spänning,"Frunck, Gudmund",1880,1,189241,5.2842671514101065
spänning,"Frykholm, Sunny",1890,1,98036,10.200334570973927
spänning,"Fryxell, Anders",1880,1,52461,19.061779226473
spänning,"Fröding, Gustaf",1890,1,178104,5.61469703094821
spänning,"Furuhjelm, Maria",1870,1,243430,4.107957112927741
spänning,"Gadelius, Bror",1900,7,56919,122.98178112756725
spänning,"Gadelius, Bror",1920,15,107081,140.08087335755175
spänning,"Gagner, Marie Louise",1900,3,12309,243.72410431391665
spänning,"Geijer, Erik Gustaf",1840,1,131671,7.594686757144702
spänning,"Geijer, Erik Gustaf",1850,6,1627119,3.6874991933595513
spänning,"Geijer, Erik Gustaf",1920,11,1937136,5.678486177532192
spänning,"Geijer, Erik Gustaf",1930,1,426699,2.343572401153975
spänning,"Geijerstam, Gustaf af",1880,17,580180,29.30125133579234
spänning,"Geijerstam, Gustaf af",1890,37,967087,38.259225902116356
spänning,"Geijerstam, Gustaf af",1900,4,86787,46.089852166799176
spänning,"Gernandt-Claine, Jane",1890,10,201394,49.65391223174474
spänning,"Gernandt-Claine, Jane",1900,1,42438,23.563787171874264
spänning,"Gestrin, Mathilda",1860,3,142930,20.98929545931575
spänning,"Gille, Elsa",1910,2,45578,43.88081969371188
spänning,"Goncourt, Edmond de",1920,3,157664,19.027805967119953
spänning,"Govenius, Lars Johan",1850,4,144240,27.731558513588464
spänning,"Govenius, Lars Johan",1860,1,126293,7.918095223013152
spänning,"Govenius, Lars Johan",1870,2,236954,8.440456797521882
spänning,"Govenius, Lars Johan",1880,3,257372,11.656279626377383
spänning,"Granath, Wilhelm",1890,39,4062759,9.599388002094143
spänning,"Granath, Wilhelm",1900,4,255329,15.666062217766099
spänning,"Granberg, Johan",1890,2,35561,56.241388037456765
spänning,"Granfelt, Axel Fredrik",1870,1,38718,25.827780360555813
spänning,"Gravallius, Wilhelmina",1840,4,246396,16.234029773210604
spänning,"Gravallius, Wilhelmina",1860,1,203121,4.923173871731628
spänning,"Gravallius, Wilhelmina",1870,2,129250,15.473887814313347
spänning,"Gravallius, Wilhelmina",1880,2,185954,10.755348096841153
spänning,"Gravallius, Wilhelmina",1890,1,193001,5.181320304039875
spänning,"Grebst, William A:son",1910,1,52944,18.88788153520701
spänning,"Gripenberg, Alexandra",1880,3,115264,26.02720710716269
spänning,"Grönwall, Wilhelmina",1840,7,107919,64.86346241162353
spänning,"Gullberg, Gustaf Teodor ",1880,1,20048,49.88028731045491
spänning,"Gullberg, Gustaf Teodor ",1890,2,32570,61.406202026404664
spänning,"Gumælius, Gustaf Wilhelm",1870,3,66354,45.21204448865178
spänning,"Gustafsson, Richard",1870,4,177930,22.480750857078625
spänning,"Gustafsson, Richard",1880,1,93091,10.742177009592764
spänning,"Gällstedt, Per Johan",1840,2,47846,41.8007774944614
spänning,"Gällstedt, Per Johan",1850,2,34636,57.743388382030254
spänning,"Gérard, Jean Ignace Isidore",1870,1,99295,10.07100055390503
spänning,"Gödecke, Peter August",1860,3,32587,92.06125141927762
spänning,"Gödecke, Peter August",1870,3,40770,73.58351729212656
spänning,"Hackzell, Emilie",1840,1,38858,25.734726439857944
spänning,"Hagström, K. A.",1890,2,720270,2.7767365015896814
spänning,"Hahn, C. von",1890,4,47419,84.35437271979586
spänning,"Hallenborg, Carl",1890,2,36757,54.41140463041054
spänning,"Hallenborg, Eleonora Charlotta Filippina Fredrika Lovisa",1850,1,42335,23.62111727884729
spänning,"Hallonlöf, Axel",1890,1,14236,70.24445068839562
spänning,"Hallén, Birger",1890,1,59542,16.794867488495516
spänning,"Hammarin, Johan",1840,1,415181,2.408588061592414
spänning,"Hammarsköld, Lorenzo",1830,1,508812,1.9653624521434243
spänning,"Hamsun, Knut",1900,5,48503,103.0864070263695
spänning,"Hanselli, Per",1840,1,54515,18.34357516279923
spänning,"Hanselli, Per",1860,2,62219,32.14452176987737
spänning,"Hansson, Ola",1880,3,67109,44.70339298752776
spänning,"Hansson, Ola",1890,14,285053,49.113673597541506
spänning,"Hansson, Ola",1900,2,116294,17.197791803532425
spänning,"Hansson, Ola",1910,1,96845,10.32577830553978
spänning,"Harrison, Mary St. Leger Kingsley",1900,12,185623,64.64716118153461
spänning,"Hasselblad & Co., Fritz W.",1890,1,203553,4.912725432688292
spänning,"Hasselskog, Nils",1920,11,97366,112.97578210052791
spänning,"Hasselskog, Nils",1930,7,157959,44.3152970074513
spänning,"Hebbe, Wendela",1850,1,113835,8.78464444151623
spänning,"Hedberg, Frans",1850,2,181657,11.00976015237508
spänning,"Hedberg, Frans",1880,2,397363,5.033181247373308
spänning,"Hedberg, Frans",1890,1,782051,1.2786889857566834
spänning,"Hedberg, Tor",1880,8,214965,37.2153606401042
spänning,"Hedberg, Tor",1890,10,250637,39.89833903214609
spänning,"Hedenstierna, Alfred",1880,1,469833,2.128415841373424
spänning,"Hedenstierna, Alfred",1890,8,880308,9.087728385974
spänning,"Hedenstierna, Alfred",1900,1,87712,11.400948558920103
spänning,"Hedin, Greta",1920,4,161322,24.795130236421567
spänning,"Hedin, Sven",1880,1,147501,6.779615053457265
spänning,"Hedin, Sven",1890,9,509247,17.6731527137126
spänning,"Hedin, Sven",1900,52,790072,65.81678631820897
spänning,"Hedin, Sven",1910,50,851315,58.73266652179276
spänning,"Hedin, Sven",1920,5,33907,147.46217595186835
spänning,"Hedvall, Yngve",1910,2,59400,33.67003367003367
spänning,"Hedvall, Yngve",1920,4,71320,56.08524957936063
spänning,"Hedvall, Yngve",1930,6,77482,77.43734028548566
spänning,"Hedvall, Yngve",1940,5,58997,84.75007203756124
spänning,"Hedvig Elisabet Charlotta, hertiginna och drottning av Sverige",1900,2,842659,2.3734393153102262
spänning,"Heidenstam, Verner von",1880,1,140250,7.1301247771836005
spänning,"Heidenstam, Verner von",1890,4,358205,11.166789966639215
spänning,"Heidenstam, Verner von",1900,2,415213,4.816804868826361
spänning,"Heller, Frank",1910,30,548425,54.70210147239823
spänning,"Heller, Frank",1920,7,86463,80.95948556029747
spänning,"Helvig, Amalia von",1910,1,77907,12.835817063935204
spänning,"Henriksson, Johannes",1880,1,37053,26.988368013386232
spänning,"Hertzberg, Rafaël",1880,5,134808,37.08978695626372
spänning,"Hertzberg, Rafaël",1890,1,80979,12.348880573975968
spänning,"Hjelm, Runo",1890,8,223295,35.8270449405495
spänning,"Hjohlman, Hjalmar",1880,1,55038,18.169264871543298
spänning,"Hjärne, Rudolf",1850,3,128403,23.363940094857597
spänning,"Hofberg, Herman",1900,6,1537883,3.9014671467205244
spänning,"Hofsten, Johanna Christina von",1870,2,58804,34.01129174886062
spänning,"Hofsten, Johanna Christina von",1880,1,388457,2.5742875015767512
spänning,"Hofsten, Johanna Christina von",1890,5,231568,21.591929800317832
spänning,"Hollgren, Carl Axel",1880,1,49840,20.064205457463885
spänning,"Holmgren, Ann Margret",1890,1,122587,8.157471836328485
spänning,"Holmgren, Ann Margret",1910,1,1805,554.016620498615
spänning,"Holmkvist, Albert",1890,1,78188,12.789686396889548
spänning,"Huldberg, Pehr Ulric",1830,1,16638,60.103377809832914
spänning,"Hultin, Constance",1840,3,211848,14.161096635323439
spänning,"Hultin, Måns",1870,1,104686,9.552375675830579
spänning,"Hwasser, Israel",1840,3,91310,32.85510896944475
spänning,"Hwasser, Israel",1850,8,59854,133.6585691850169
spänning,"Hydén, Nils",1890,8,324254,24.672016382218878
spänning,"Hydén, Nils",1900,4,276435,14.469947727313835
spänning,"Hyltén-Cavallius, Gunnar Olof",1920,3,324027,9.258487718616042
spänning,"Hässler, Otto",1880,5,401643,12.448866281747721
spänning,"Hærén, Mortimer",1860,2,41076,48.69023273931249
spänning,"Högberg, Olof",1900,10,342748,29.17595434546664
spänning,"Höggren, Fanchette",1840,1,117916,8.480613317955154
spänning,"Höglund, Hjalmar",1900,1,52771,18.949801974569365
spänning,"Högman, August",1890,1,82592,12.107710189848897
spänning,"Ibsen, Henrik",1870,5,72335,69.12283127116886
spänning,"Ibsen, Henrik",1880,4,60874,65.70949830798043
spänning,"Idström, Ellen",1890,5,240165,20.81902025690671
spänning,"Ingelius, Axel Gabriel",1850,6,364678,16.452870751731666
spänning,"Ingelman, Georg Gabriel",1830,2,88369,22.632371080356233
spänning,"Ivendorff, Carl Johan",1840,1,78318,12.768456804310631
spänning,"Jahnsson, Evald Ferdinand",1870,3,87315,34.35835767050335
spänning,"James, D.",1880,6,311224,19.278718864869035
spänning,"Janson, Betty",1890,1,177288,5.640539686837236
spänning,"Johanson, Klara",1900,2,75519,26.48340152809227
spänning,"Johanson, Klara",1920,6,80164,74.84656454268749
spänning,"Johanson, Klara",1940,11,104609,105.1534762783317
spänning,"Johansson-Dickens, Sven Johan Julius",1870,1,79768,12.536355430749172
spänning,"Johnson, John",1880,2,222048,9.007061536244416
spänning,"Johnson, John",1890,6,394527,15.208084617782813
spänning,"Johnson, John",1900,1,78583,12.72539862311187
spänning,"Johnsson, Harald",1910,2,47347,42.24132468794221
spänning,"Jolin, Johan",1870,2,380713,5.253301043042922
spänning,"Jolin, Johan",1880,2,261141,7.658697791614491
spänning,"Jolin, Johan",1890,1,451682,2.2139469803977136
spänning,"Jolin, Johan",1920,1,87109,11.479870047871058
spänning,"Jonsson, Thorsten",1930,2,73758,27.11570270343556
spänning,"Jonsson, Thorsten",1940,2,146692,13.634008671229514
spänning,"Jonsson, Thorsten",1950,7,90936,76.97721474443564
spänning,"Junghans, Sofie",1870,1,95748,10.444082382921836
spänning,"Jäderin, Axel",1890,1,61888,16.158221302998967
spänning,"Jändel, Ragnar",1920,9,154340,58.312815861085916
spänning,"Jändel, Ragnar",1930,2,70595,28.33061831574474
spänning,"Järta, Hans",1890,1,118096,8.467687305243192
spänning,"Kamke, Hanna",1890,1,76341,13.099121048977613
spänning,"Karl XI, kung av Sverige",1900,1,40516,24.68160726626518
spänning,"Karlfeldt, Erik Axel",1920,2,50763,39.39877469810689
spänning,"Karlfeldt, Erik Axel",1930,2,51894,38.540100975064554
spänning,"Kerfstedt, Amanda",1880,2,368134,5.432804359282218
spänning,"Kerfstedt, Amanda",1890,1,240721,4.154186797163521
spänning,"Kerfstedt, Amanda",1900,2,63300,31.595576619273302
spänning,"Kerfve, Axel",1890,20,948369,21.088837783605328
spänning,"Kerfve, Axel",1900,5,445915,11.212899319377012
spänning,"Key, Ellen",1890,1,267625,3.736571695469407
spänning,"Key-Rasmussen, Hedda",1880,2,27816,71.90106413574921
spänning,"Keyland, Nils",1910,1,313867,3.1860628865092537
spänning,"Keyser, Hilda Fredrika",1850,2,124385,16.07910921734936
spänning,"Keyser, Hilda Fredrika",1870,2,178910,11.178804985747023
spänning,"Keyser, Hilda Fredrika",1890,2,75365,26.537517415245805
spänning,"Kiellman-Göranson, Julius Axel",1840,4,519605,7.698155329529161
spänning,"Kiellman-Göranson, Julius Axel",1850,6,810772,7.400354230289157
spänning,"Kiellman-Göranson, Julius Axel",1860,1,607184,1.6469472186355372
spänning,"Kierkegaard, Søren",1910,4,64948,61.58773172384061
spänning,"Kipling, Rudyard",1900,1,172746,5.788846051428108
spänning,"Kjellgren, Josef",1930,12,289746,41.41558468451679
spänning,"Kleen, Tyra",1900,1,48825,20.48131080389145
spänning,"Kleman, Ellen",1900,1,37650,26.56042496679947
spänning,"Klinckowström, Axel",1890,1,50191,19.923890737383196
spänning,"Klockhoff, Daniel",1870,1,161786,6.18100453685733
spänning,"Kléen, Emil",1890,1,91873,10.884590684967291
spänning,"Knorring, Sophie von",1840,2,899110,2.2244219283513695
spänning,"Koch, Martin",1910,20,442498,45.197944397488804
spänning,"Koch, Richert von",1890,1,423042,2.363831487180942
spänning,"Krook, Axel",1860,9,332147,27.096436216494503
spänning,"Krook, Herman Salomon",1860,2,73168,27.334353815875794
spänning,"Krusenstjerna, Agnes von",1910,6,64716,92.71277582050807
spänning,"Krusenstjerna, Agnes von",1920,27,447382,60.35110934279877
spänning,"Krusenstjerna, Agnes von",1930,16,760190,21.04736973651324
spänning,"Kræmer, Lotten von",1860,1,37797,26.457126226949228
spänning,"Kræmer, Lotten von",1870,1,44291,22.57795037366508
spänning,"Kræmer, Vera von",1930,11,269227,40.85771486515097
spänning,"Kullberg, Karl Anders af",1830,4,512752,7.8010422192404905
spänning,"Kullberg, Karl Anders af",1840,4,708355,5.646886095248851
spänning,"Kullberg, Karl Anders af",1870,1,99840,10.01602564102564
spänning,"Kuylenstierna-Wenster, Elisabeth",1900,1,45227,22.110686094589514
spänning,"Källström, Axel",1890,1,2723,367.2420124862284
spänning,"Kämpe, Alfred",1900,1,75362,13.269286908521536
spänning,"Kämpe, Alfred",1910,4,146622,27.281035588110925
spänning,"Kärrström, E. J.",1890,1,27653,36.16244168806278
spänning,"Lagerbring, Gustaf",1880,2,103862,19.256320887331267
spänning,"Lagergren, Carl",1880,1,16540,60.45949214026602
spänning,"Lagerhjelm, Agnes",1870,1,47239,21.16894938504202
spänning,"Lagerlöf, Selma",1890,7,695774,10.06073811323792
spänning,"Lagerlöf, Selma",1900,6,1232026,4.870027093584064
spänning,"Lagerlöf, Selma",1910,9,705812,12.75127087666404
spänning,"Lagerlöf, Selma",1920,8,391795,20.41884148598119
spänning,"Lagerlöf, Selma",1930,9,650198,13.841937379075297
spänning,"Lagerlöf, Selma",1940,7,311149,22.497260155102538
spänning,"Lagerlöf, Selma",2010,5,232916,21.466966631747066
spänning,"Lamm, Martin",1940,6,213547,28.09685923941802
spänning,"Landahl, Martin",1890,1,88594,11.28744610244486
spänning,"Landahl, Martin",1900,2,58151,34.39321765747795
spänning,"Landquist, Ellen",1910,1,44571,22.43611316775482
spänning,"Larsson, Carl",1910,1,25360,39.43217665615142
spänning,"Larsson, Carl",1930,3,81129,36.97814591576378
spänning,"Larsson, Hans",1890,3,56630,52.97545470598622
spänning,"Larsson, Hans",1910,2,75570,26.46552864893476
spänning,"Leffler, Anne Charlotte",1880,20,282798,70.7218580046535
spänning,"Leffler, Anne Charlotte",1890,9,169179,53.198091961768306
spänning,"Lennstrand, Viktor E.",1880,1,72489,13.795196512574321
spänning,"Leopold, Carl Gustaf af",1800,1,5628,177.68301350390902
spänning,"Levart, Johan",1890,2,74990,26.670222696359513
spänning,"Levertin, Oscar",1880,3,129322,23.197909095126892
spänning,"Levertin, Oscar",1890,7,282783,24.753963286336166
spänning,"Levertin, Oscar",1900,3,151708,19.774830595617896
spänning,"Lewald, August",1880,1,91769,10.896925977181837
spänning,"Lidforss, Bengt",1910,1,19597,51.0282186048885
spänning,"Lilliestierna, August Edvard",1870,1,83278,12.007973294267394
spänning,"Lilljebjörn, Elisabeth",1890,1,48109,20.786131493067824
spänning,"Linck, Emma Elisabeth",1870,3,182760,16.414970453053183
spänning,"Lind, Carl",1900,1,116442,8.587966541282356
spänning,"Lindberg, Otto Emil",1890,1,29295,34.135518006485746
spänning,"Lindberg, Per",1920,9,49918,180.29568492327417
spänning,"Lindberg, Per",1930,26,101976,254.96195183180356
spänning,"Lindberg, Per",1940,65,328375,197.94442329653597
spänning,"Lindblad, Adolf",1890,5,27336,182.90898448931813
spänning,"Lindblom, Edel",1880,1,45315,22.067747986317997
spänning,"Linder, Sten",1930,1,185504,5.390719337588408
spänning,"Lindholm, Fredrik",1880,1,183182,5.459051653546746
spänning,"Lindholm, Fredrik",1890,1,105945,9.438859785737883
spänning,"Lindholm, Per August",1890,2,252561,7.918879003488266
spänning,"Lindholm, Per August",1900,1,47581,21.016792417141296
spänning,"Lindhé, Wilma",1880,5,278057,17.981924569422816
spänning,"Lindhé, Wilma",1890,6,216303,27.73886631253381
spänning,"Lindkvist, Alfred",1880,1,141703,7.05701361297926
spänning,"Lindqvist, Gustaf",1890,1,44200,22.624434389140273
spänning,"Lindqvist, Josef",1870,1,253336,3.947326870243471
spänning,"Lindqvist, Josef",1880,10,479767,20.843451091884184
spänning,"Lindqvist, Märta",1930,3,63252,47.4293302978562
spänning,"Lindqvist, Uno Leopold",1840,2,90064,22.206430982412506
spänning,"Lindström, Sigfrid",1920,5,61228,81.66198471287646
spänning,"Lindström, Sigfrid",1930,3,53703,55.862800960840175
spänning,"Ling, Per Henrik",1860,9,492118,18.288296709325813
spänning,"Linnarsson, Linnar",1950,1,276292,3.619359228642161
spänning,"Ljungberg, Eva",1880,3,93279,32.16157977679864
spänning,"Ljungberg, Eva",1890,1,53793,18.589779339319243
spänning,"Ljunggren, Albert Gustaf",1890,1,71879,13.912269230234143
spänning,"Ljunggren, Gustaf",1860,2,225853,8.855317396713792
spänning,"Ljunggren, Gustaf",1870,5,582220,8.587819037477242
spänning,"Ljunggren, Gustaf",1880,4,589132,6.789649857756835
spänning,"Ljunggren, Gustaf",1890,5,508881,9.825479827307367
spänning,"Ljungstedt, Aurora",1860,2,448769,4.456635819319071
spänning,"Ljungstedt, Aurora",1870,19,1582446,12.006728823605988
spänning,"Londen, Lilly",1890,3,70211,42.72834740995001
spänning,"Lovén, Nils",1830,1,19487,51.31626212346693
spänning,"Lundberg, Emilie",1880,1,93190,10.730765103551883
spänning,"Lundegård, Axel",1880,4,97327,41.09856463263021
spänning,"Lundegård, Axel",1890,63,663851,94.90081358618124
spänning,"Lundegård, Axel",1900,21,168216,124.83949208160936
spänning,"Lundegård, Axel",1910,10,42428,235.69341001225607
spänning,"Lundegård, Axel",1920,2,26090,76.65772326561901
spänning,"Lundin, August",1890,1,59923,16.688083039901205
spänning,"Lundin, August",1900,1,71561,13.974092033370132
spänning,"Lundin, August",1910,1,68724,14.550957453000407
spänning,"Lundin, Claës",1870,1,282340,3.541829000495856
spänning,"Lundin, Claës",1890,1,69707,14.345761544751603
spänning,"Lundquist, Aurora",1880,1,102112,9.793168285803823
spänning,"Lundquist, Aurora",1890,2,198157,10.093007060058438
spänning,"Lundquist, Ernst",1880,12,702213,17.08883202105344
spänning,"Lundquist, Ernst",1890,10,302445,33.06386285109689
spänning,"Lundström, Ingeborg",1890,2,72982,27.404017428955086
spänning,"Lybeck, Mikael",1890,5,148910,33.57732858773756
spänning,"Lybeck, Mikael",1900,1,64352,15.539532570860269
spänning,"Lybeck, Mikael",1910,6,94744,63.32854850966816
spänning,"Lyckow, Gustaf",1890,1,43595,22.938410368161488
spänning,"Lysander, Albert Theodor",1870,1,41900,23.86634844868735
spänning,"Lénström, Carl Julius",1840,4,232710,17.18877572944867
spänning,"Lénström, Carl Julius",1860,1,116806,8.561204047737274
spänning,"Löfgren, Eliel",1930,3,103123,29.091473289178943
spänning,"Lönnberg, Mathilda",1880,2,323522,6.181959804897349
spänning,"Magnell, Carl Jakob",1890,1,33616,29.747739171822943
spänning,"Malling, Mathilda",1880,1,91411,10.93960245484679
spänning,"Malling, Mathilda",1890,21,295955,70.95673328715515
spänning,"Malling, Mathilda",1900,4,70420,56.80204487361545
spänning,"Malling, Mathilda",1920,1,43203,23.146540749484988
spänning,"Mallén, Elias Emanuel",1830,1,25148,39.76459360585335
spänning,"Malmgren, Thure",1870,1,97568,10.249262053132174
spänning,"Marholm, Laura",1890,1,42138,23.731548720869522
spänning,"Marin, Otto Ulrik",1840,3,174931,17.149618992631382
spänning,"Meijer, Bernhard",1880,11,543470,20.24030765267632
spänning,"Melander, Emil",1890,1,29322,34.1040856694632
spänning,"Melander, Richard",1880,3,201808,14.865614841829858
spänning,"Melander, Richard",1890,20,382060,52.347798775061506
spänning,"Mellin, Gustaf Henrik",1830,1,157305,6.3570770159880485
spänning,"Mellin, Gustaf Henrik",1840,18,559527,32.170029328343404
spänning,"Mellin, Gustaf Henrik",1850,2,213613,9.362726051317102
spänning,"Mellin, Gustaf Henrik",1860,14,732670,19.108193320321565
spänning,"Mellin, Gustaf Henrik",1870,16,765675,20.896594508113754
spänning,"Mellin, Gustaf Henrik",1880,3,140049,21.421074052653
spänning,"Mellin, Gustaf Henrik",1890,3,161052,18.627524029506
spänning,"Meyer, Albertine",1880,8,335249,23.862860142759562
spänning,"Meyer, Ernst",1890,1,462563,2.1618676807267336
spänning,"Meyer, Gustaf",1880,1,77897,12.837464857439953
spänning,"Meyerson, Gerda",1890,2,97420,20.529665366454527
spänning,"Mickwitz, Gerda von",1880,4,128866,31.039995033600796
spänning,"Mickwitz, Gerda von",1890,3,39797,75.38256652511495
spänning,"Milow, Cecilia",1890,1,87317,11.452523563567231
spänning,"Modin, Johan Engelbrekt",1880,16,135473,118.10471459257565
spänning,"Molander, Harald",1880,1,78420,12.751849018107626
spänning,"Molander, Harald",1890,5,175885,28.427665804360803
spänning,"Molin, Pelle",1890,2,59495,33.61627027481301
spänning,"Montgomery, Lucy Maud",1900,7,125473,55.78889482199358
spänning,"Montgomery, Lucy Maud",1910,4,221285,18.076236527554965
spänning,"Montén, R. A.",1880,3,73222,40.971292780858214
spänning,"Mortensen, Johan",1900,2,233086,8.58052392679097
spänning,"Mortensen, Johan",1910,1,159369,6.27474602965445
spänning,"Munthe, Axel",1880,2,97397,20.5345133833691
spänning,"Munthe, Axel",1900,4,96220,41.57139887757223
spänning,"Munthe, Axel",1930,1,156115,6.4055343817057935
spänning,"Myrberg, Anna",1920,2,73330,27.273966998499933
spänning,"Möller, Albert Wilhelm",1890,1,13880,72.04610951008645
spänning,"Mörne, Arvid",1920,3,92118,32.56692503093858
spänning,"Mörner, J.C.A.",1870,9,149517,60.19382411364594
spänning,"Nervander, Johan Jakob",1850,1,84887,11.780366840623417
spänning,"Nissen, Carl",1890,1,84972,11.76858259191263
spänning,"Nonnen, Emily",1860,1,167782,5.960114911015484
spänning,"Nonnen, Emily",1880,1,37741,26.496383243687237
spänning,"Nordenskiöld, Adolf Erik",1880,1,297785,3.3581275081014827
spänning,"Nordensvan, Georg",1870,1,202089,4.948314851377363
spänning,"Nordensvan, Georg",1880,5,513177,9.743226995753902
spänning,"Nordling, Johan",1880,4,130951,30.545776664553916
spänning,"Nordling, Johan",1890,9,49151,183.10919411609123
spänning,"Nordlund, Johan",1900,1,239575,4.174058228112282
spänning,"Nordmann, Petrus",1900,1,17198,58.14629608093964
spänning,"Nordström, Ester Blenda",1910,3,144545,20.754782247742916
spänning,"Nordström, Ester Blenda",1920,5,124260,40.23821020441011
spänning,"Nordström, Ester Blenda",1930,6,139817,42.913236587825516
spänning,"Nordström, Ludvig",1930,1,141431,7.070585656609937
spänning,"Norlander, Emil",1890,1,46333,21.58288908553299
spänning,"Norlander, Emil",1920,4,161050,24.837007140639553
spänning,"Norlin, Mauritz",1880,2,146496,13.652249890782
spänning,"Norlin, Mauritz",1890,1,68728,14.550110580840414
spänning,"Norström, Vitalis",1900,4,109692,36.46574043685957
spänning,"Norström, Vitalis",1910,16,130954,122.18030758892435
spänning,"Numers, Gustaf von",1890,1,45336,22.057526027880712
spänning,"Numers, Hedvig von",1860,5,270661,18.473293160078473
spänning,"Nyberg, Julia Christina",1830,1,108344,9.229860444510079
spänning,"Nyberg, Sigfrid",1860,2,98687,20.266093811748256
spänning,"Nyblom, Carl Rupert",1860,1,38750,25.806451612903224
spänning,"Nyblom, Helena",1870,3,325596,9.213872406294918
spänning,"Nyblom, Helena",1880,5,251590,19.873603879327476
spänning,"Nyblom, Helena",1890,1,249189,4.013018231141824
spänning,"Nyblom, Helena",1910,2,229507,8.714331153298156
spänning,"Nycander, Fredrik",1890,1,108038,9.256002517632686
spänning,"Nylén, Pehr Gustaf",1920,2,65897,30.350395313898964
spänning,"Nyström, Ludvig",1890,1,278010,3.5969929139239594
spänning,"Nèlson, Johannes Fredrik",1880,2,299170,6.685162282314403
spänning,"Olivecrona, Rosalie",1880,1,46519,21.49659279004278
spänning,"Olofsson, Klas",1920,1,142734,7.006039205795395
spänning,"Orczy, Emmuska",1900,4,102234,39.12592679539097
spänning,"Oswald, Gösta",1940,1,43590,22.941041523285158
spänning,"Oterdahl, Jeanna",1910,10,250468,39.925259913442034
spänning,Ovidius,1820,2,155332,12.875647001261813
spänning,"Oxenstierna, Mårten Gabriel Leijonsköld",1890,1,548427,1.823396732837734
spänning,"Palm, Amy",1890,1,139390,7.174115790228854
spänning,"Palmblad, Vilhelm Fredrik",1840,12,931946,12.876282531391304
spänning,"Palmblad, Vilhelm Fredrik",1850,1,86860,11.512779184895233
spänning,"Palmstjerna, Carl Otto",1830,5,328303,15.229833416082094
spänning,"Paul, Adolf",1890,4,277706,14.403721921744578
spänning,"Pauli, Georg",1910,2,50904,39.28964325003929
spänning,"Pereswetoff-Morath, Fredrik",1860,1,63661,15.70820439515559
spänning,"Person, Johan",1900,1,49994,20.002400288034565
spänning,"Persson, Fredrik",1900,6,172315,34.819951832399965
spänning,"Persson, Fredrik",1910,18,324667,55.441421518047726
spänning,"Persson, Per",1890,1,29878,33.46944239908963
spänning,"Pettersson, Victor",1880,1,351595,2.8441815156643298
spänning,"Pfeiffer, Sara",1860,2,269215,7.429006556098286
spänning,"Pfeiffer, Sara",1870,4,549531,7.2789342184517345
spänning,"Pfeiffer, Sara",1880,5,394170,12.684882157444758
spänning,"Pihlstrand, Ragnar",1880,13,2387801,5.444339792135107
spänning,"Pihlstrand, Ragnar",1890,3,1299301,2.3089338036374945
spänning,"Pontin, Constans",1840,1,229104,4.364829946225295
spänning,"Pontoppidan, Henrik",1890,1,36980,27.041644131963224
spänning,"Quennerstedt, August",1900,2,699795,2.8579798369522504
spänning,"Quennerstedt, August",1910,10,1140005,8.771891351353721
spänning,"Qvanten, Aurora von",1890,1,172335,5.802651811878028
spänning,"Qvanten, Emil von",1840,1,38222,26.16294280780702
spänning,"Qvist, O.",1900,2,22868,87.45845723281441
spänning,"Randelin, Wendela",1840,1,64659,15.46575109420189
spänning,"Regis, Julius",1910,10,76539,130.65234716941688
spänning,"Regis, Julius",1920,5,73780,67.76904310111141
spänning,"Reuterskiöld, Edgar",1910,1,133056,7.515632515632515
spänning,"Ridderstad, Carl Fredrik",1840,7,771553,9.07261069557114
spänning,"Ridderstad, Carl Fredrik",1850,10,951883,10.505492796908865
spänning,"Ridderstad, Carl Fredrik",1880,4,559564,7.148422700531127
spänning,"Rietz, Johan Ernst",1860,6,1483948,4.043268362503269
spänning,"Ringbom, Oskar Evald",1880,1,58665,17.04593880507969
spänning,"Ripa, Ernst",1880,1,51842,19.289379267775164
spänning,"Risberg, Emilie",1860,2,297099,6.731762813069044
spänning,"Roos, Anna Maria",1890,1,92042,10.864605288889855
spänning,"Roos, Anna Maria",1900,4,78217,51.13977779766547
spänning,"Roos, Mathilda",1880,1,225894,4.4268550736186
spänning,"Roos, Mathilda",1890,6,429737,13.962027938017904
spänning,"Rosenius, Carl Olof",1890,2,101527,19.699193318033625
spänning,"Rosén, Johan Magnus",1840,1,288053,3.471583354452132
spänning,"Roth, Sven Olof",1880,2,224664,8.902182815226293
spänning,"Rubenson, Olof",1880,5,158589,31.52803788409032
spänning,"Rudbeck, Thure Gustaf",1840,2,277325,7.211755160912287
spänning,"Rudebeck, Sophia",1830,1,28279,35.36192934686517
spänning,"Ruin, Hans",1930,7,163282,42.87061647946498
spänning,"Ruin, Hans",1940,2,79133,25.27390595579594
spänning,"Ruin, Hans",1960,7,82352,85.00097143967359
spänning,"Runeberg, Fredrika Charlotta",1850,2,63400,31.545741324921135
spänning,"Runeberg, Johan Ludvig",1850,2,124794,16.02641152619517
spänning,"Runeberg, Johan Ludvig",1870,1,285250,3.5056967572304996
spänning,"Rydberg, Carl Henrik",1860,1,344263,2.9047559569282786
spänning,"Rydberg, Viktor",1850,9,350514,25.67657782570739
spänning,"Rydberg, Viktor",1870,2,80367,24.885836226311795
spänning,"Rydberg, Viktor",1880,1,138811,7.204040025646383
spänning,"Sachs, Hilda",1900,1,37646,26.563247091324442
spänning,"Sand, Arne",1950,3,74376,40.335592126492415
spänning,"Sandberg, Algot",1880,4,141322,28.30415646537694
spänning,"Sandberg, Algot",1890,7,296810,23.584111047471445
spänning,"Sandberg, Eric",1890,2,135478,14.762544472165223
spänning,"Sandel, Maria",1900,4,107898,37.07204952825817
spänning,"Sandel, Maria",1910,9,207358,43.403196404286305
spänning,"Sandel, Maria",1920,7,144864,48.3211840070687
spänning,"Sandströmer, Clara",1870,1,257887,3.877667350428676
spänning,"Saxon, Johan Lindström",1880,2,109786,18.217259031206165
spänning,"Saxon, Johan Lindström",1890,2,270284,7.399624099095766
spänning,"Saxon, Johan Lindström",1900,2,33209,60.22463789936463
spänning,"Schenfelt, Inga",1870,3,173997,17.2416765806307
spänning,"Schenfelt, Inga",1880,2,288911,6.922547081973342
spänning,"Schildt, Runar",1910,1,54474,18.3573815031024
spänning,"Schildt, Runar",1920,3,51308,58.47041397053091
spänning,"Schirmer, Adolf",1870,4,249159,16.054005675091005
spänning,"Scholander, Fredrik Wilhelm",1860,4,66301,60.33091506915431
spänning,"Scholander, Fredrik Wilhelm",1880,6,242074,24.78580929798326
spänning,"Schreiner, Olive",1910,1,61056,16.37840670859539
spänning,"Schröder, Gustaf",1890,1,450001,2.2222172839615912
spänning,"Schultz, Adolf Fredrik Joelsson",1880,1,12654,79.0263948158685
spänning,"Schwartz, Marie Sophie",1850,8,1085153,7.372232302725975
spänning,"Schwartz, Marie Sophie",1860,17,2579411,6.590651896886537
spänning,"Schwartz, Marie Sophie",1870,4,884820,4.5206934743789695
spänning,"Schwerin, Martina von, d. y.",1840,2,83035,24.086228698741493
spänning,"Schöldström, Birger",1870,1,58816,17.002176278563656
spänning,"Schöldström, Birger",1890,1,123441,8.101036122520071
spänning,"Schöldström, Karl Wilhelm",1880,4,54619,73.23458869624123
spänning,"Schück, Henrik",1890,1,239653,4.172699694975653
spänning,"Sederholm, Theodor",1860,1,181673,5.504395259614802
spänning,"Sefbom, Augusta",1870,1,81444,12.278375325376945
spänning,"Segerstedt, Albrekt",1870,2,134331,14.888596079832652
spänning,"Segerstedt, Albrekt",1880,4,149770,26.707618348133806
spänning,"Segerstedt, Torgny",1930,6,70915,84.60833392089121
spänning,"Segerstedt, Torgny",1940,4,117457,34.05501587815115
spänning,"Silfverstolpe, Gunnar Mascoll",1940,1,10656,93.84384384384384
spänning,"Silfverstolpe, Gunnar Mascoll",1950,2,19875,100.62893081761007
spänning,"Sillén, Abraham Wilhelm af",1870,1,31181,32.07081235367692
spänning,"Silverstolpe, Gustaf Abraham",1790,2,512118,3.9053499388812734
spänning,"Sjöberg, Birger",1920,22,566955,38.80378513285887
spänning,"Sjöberg, Edvard Daniel",1840,1,140639,7.110403230967228
spänning,"Sjögren, Lennart",1980,9,48769,184.54345998482643
spänning,"Skarstedt, Carl Wilhelm",1880,1,788956,1.2674978072287935
spänning,"Snellman, Johan Vilhelm",1840,7,182971,38.257428772865644
spänning,"Sommelius, Gustaf Lorentz",1840,1,40806,24.50620006861736
spänning,"Sparre, Pehr",1830,1,225896,4.426815879873924
spänning,"Sparre, Pehr",1850,1,227066,4.404005883751861
spänning,"Sparre, Pehr",1860,1,206709,4.83771872535787
spänning,"Sparre, Pehr",1870,1,385654,2.592997868555752
spänning,"Stam, Per",1990,18,238205,75.56516445918432
spänning,"Starbäck, Carl Georg",1860,6,304015,19.73586829597224
spänning,"Starbäck, Carl Georg",1870,20,1094880,18.26684202835014
spänning,"Starnberg, Märta",1890,2,240932,8.301097405076952
spänning,"Stenhammar, Jakob Axel",1810,2,411692,4.858000641256084
spänning,"Stjernström, Louise",1880,1,1077607,0.9279820936575208
spänning,"Stjernström, Louise",1890,8,1662749,4.81130946402614
spänning,"Stockenstrand, Ina",1890,1,78099,12.804261258146711
spänning,"Stoker, Bram",1900,4,120550,33.18125259228536
spänning,"Stowe, Harriet Beecher",1890,2,222597,8.984847055441
spänning,"Strandberg, Carl Vilhelm August",1870,4,415407,9.629110727551534
spänning,"Strindberg, August",1870,1,139512,7.167842192786283
spänning,"Strindberg, August",1880,4,793035,5.0439135725409345
spänning,"Strindberg, August",1890,6,428523,14.001582178786203
spänning,"Strindberg, August",1900,5,155151,32.22666950261358
spänning,"Strindberg, August",1910,1,58975,16.95633743111488
spänning,"Strussenfelt, Constantia Carolina Amalia von",1820,1,84408,11.847218273149464
spänning,"Strussenfelt, Constantia Carolina Amalia von",1830,4,255803,15.637033185693678
spänning,"Strussenfelt, Constantia Carolina Amalia von",1840,2,45230,44.21843908910015
spänning,"Strussenfelt, Ulrika Sophia von",1840,2,243871,8.201057116262286
spänning,"Strussenfelt, Ulrika Sophia von",1850,11,1623357,6.776081909278119
spänning,"Strussenfelt, Ulrika Sophia von",1860,8,1181849,6.769054253123707
spänning,"Ström, Fredrik",1940,9,275415,32.67795871684549
spänning,"Ström, Ulrika",1860,1,106489,9.390641286893482
spänning,"Strömberg, Leonard",1890,1,260839,3.833782524852495
spänning,"Strömberg, Leonard",1900,1,82764,12.082547967715431
spänning,"Strömer, Hjalmar",1880,1,40024,24.985008994603238
spänning,"Sturzen-Becker, Oscar Patric",1830,1,74241,13.469646152395576
spänning,"Sturzen-Becker, Oscar Patric",1880,1,631009,1.5847634502835934
spänning,"Styffe, Carl Gustaf",1850,1,108247,9.238131310798451
spänning,"Styffe, Carl Gustaf",1870,3,498168,6.022064845594257
spänning,"Styffe, Carl Gustaf",1880,1,394393,2.5355419594161153
spänning,"Stålberg, Wilhelmina",1840,10,1308174,7.644243044121042
spänning,"Stålberg, Wilhelmina",1850,2,687670,2.9083717480768394
spänning,"Stålberg, Wilhelmina",1860,6,899125,6.67315445572084
spänning,"Stålberg, Wilhelmina",1870,1,181855,5.498886475488714
spänning,"Stéenhoff, Frida",1900,5,116367,42.96750797047273
spänning,"Stéenhoff, Frida",1910,6,139598,42.98055846072293
spänning,"Stéenhoff, Frida",1930,1,23249,43.01260269258893
spänning,"Sundblad, Johannes",1870,5,132502,37.735279467479735
spänning,"Sundblad, Johannes",1880,1,143971,6.945843260100992
spänning,"Sundblad, Johannes",1890,1,392680,2.546602831822349
spänning,"Sundler, Anders",1840,1,69783,14.330137712623419
spänning,"Sundqvist, E. W.",1890,8,516249,15.496398055976863
spänning,"Sundström, Karin",1860,1,137850,7.254261878853827
spänning,"Suttner, Bertha von",1890,4,75529,52.959790279230496
spänning,Svenska Litteratursällskapet,1980,2,392946,5.089757880217638
spänning,"Svenson-Graner, Hilma",1910,1,25669,38.95749737036893
spänning,"Sätherberg, Herman",1840,2,143112,13.975068477835542
spänning,"Sätherberg, Herman",1870,1,76188,13.125426576363731
spänning,"Söderberg, Hjalmar",1890,1,70340,14.216661927779358
spänning,"Söderberg, Hjalmar",1900,6,304715,19.690530495709105
spänning,"Söderberg, Hjalmar",1910,1,147353,6.786424436557112
spänning,"Söderberg, Hjalmar",1920,3,172010,17.440846462414974
spänning,"Söderberg, Hjalmar",1930,1,88865,11.25302425026726
spänning,"Söderberg, Mikael",1920,1,35552,28.127812781278127
spänning,"Söderberg, Mikael",1930,2,27834,71.85456635769204
spänning,"Söderblom, Nathan",1920,6,150276,39.926535175277486
spänning,"Söderhjelm, Alma",1910,1,27915,35.82303421099767
spänning,"Söderhjelm, Werner",1900,4,124684,32.08110102338712
spänning,"Söderholm, Kerstin",1920,1,11316,88.37044892188052
spänning,"Söderholm, Kerstin",1930,2,28308,70.65140596297866
spänning,"Söderholm, Kerstin",1940,1,8051,124.20817289777668
spänning,"Sörman, Py",1920,1,65260,15.323322096230463
spänning,"Sörman, Py",1930,3,206149,14.552580900222654
spänning,"Tamm, Hugo",1910,1,28751,34.78139890786407
spänning,"Tammelin, Filip",1890,1,46995,21.27885945313331
spänning,"Tavaststjerna, Karl August",1880,6,64532,92.97712762660386
spänning,"Tavaststjerna, Karl August",1890,34,435795,78.01833430856252
spänning,"Tegnér, Esaias",1830,1,58510,17.091095539224064
spänning,"Tenow, Elna",1880,5,54332,92.0267982036369
spänning,"Tersmeden, Minna",1860,2,92228,21.68538838530598
spänning,"Tersmeden, Minna",1870,1,83327,12.000912069317268
spänning,"Thomasson, Nils",1890,44,707538,62.18747261631177
spänning,"Thomasson, Pehr",1860,2,613096,3.262131868418649
spänning,"Thomasson, Pehr",1870,3,315954,9.495053077346702
spänning,"Thomasson, Pehr",1880,4,259784,15.397407076648292
spänning,"Thorild, Thomas",1900,1,43963,22.746400382139527
spänning,"Thorsander, Gustaf",1880,2,123553,16.187385170736444
spänning,"Topelius, Zacharias",1850,3,247138,12.138966892990961
spänning,"Topelius, Zacharias",1860,2,408043,4.901444210536635
spänning,"Topelius, Zacharias",1880,11,1225979,8.972421224180838
spänning,"Torckell, Olga",1890,1,85119,11.748258320703956
spänning,"Trolle, Henrik af",1860,2,322782,6.196132374172042
spänning,"Trolle, Henrik af",1870,7,1614288,4.336277045979404
spänning,"Trolle, Henrik af",1880,5,832850,6.003482019571352
spänning,"Törnblom, Johan August",1910,12,599083,20.030613454229215
spänning,"Törnblom, Johan August",1920,5,120756,41.40581006326808
spänning,"Törnebladh, Ragnar",1880,1,187908,5.321753198373672
spänning,"Uddgren, Gustaf",1910,12,244634,49.0528708192647
spänning,"Ulfsson, Sten",1890,16,425150,37.633776314242034
spänning,"Ullman, Gustaf",1900,2,85560,23.37540906965872
spänning,"Undset, Sigrid",1910,3,69510,43.15925766076823
spänning,"Undset, Sigrid",1920,1,124115,8.057043870603875
spänning,"Unge, Otto Sebastian von",1830,1,109485,9.133671279170663
spänning,"Valentin, Guido",1910,1,13299,75.19362358072036
spänning,"Valerius, Johan David",1830,2,28756,69.55070246209486
spänning,"Vester, A. B.",1890,1,142413,7.021830872181613
spänning,"Virdestam, Gotthard",1930,3,906231,3.310414232132867
spänning,"Virgin, Axel Gustaf",1860,2,48881,40.91569321413228
spänning,"Virgin, Axel Gustaf",1880,1,30166,33.14990386527879
spänning,"Visén, Karl",1880,2,81564,24.520621842969938
spänning,"Värnlund, Rudolf",1920,8,140336,57.006042640519894
spänning,"Värnlund, Rudolf",1930,18,148105,121.53539718442997
spänning,"Wachtmeister, Hans",1880,1,51989,19.234838138837063
spänning,"Wadström, Gustaf Adolf Sebastian",1860,4,43734,91.46202039603055
spänning,"Wahlenberg, Anna",1880,5,343965,14.536362711322372
spänning,"Wahlenberg, Anna",1890,13,523166,24.848709587396733
spänning,"Wahlenberg, Anna",1900,2,66873,29.907436484081767
spänning,"Wahlenberg, Anna",1910,2,58907,33.95182236406539
spänning,"Walanger, Augusta",1840,1,30394,32.90123050602092
spänning,"Wallengren, Axel",1890,2,57623,34.708362980060045
spänning,"Wallin, Johan Peter",1880,2,263442,7.591803888521952
spänning,"Wallmo, Uno",1900,1,105865,9.445992537665894
spänning,"Warburg, Karl",1900,4,453357,8.823068795673167
spänning,"Weman, Adèle",1890,1,56305,17.760412041559363
spänning,"Wernberg, Hjalmar",1890,31,491632,63.05529339017802
spänning,"Wernberg, Hjalmar",1900,30,298542,100.48837349518661
spänning,"Westerberg, Ernst",1900,1,51307,19.490517863059623
spänning,"Westerlund, Johan Alfred",1910,1,910029,1.0988660800919532
spänning,"Westermarck, Helena",1890,1,104885,9.534251799590027
spänning,"Westermarck, Helena",1900,3,59655,50.28916268544129
spänning,"Westin, Carl Emanuel",1880,2,51378,38.92716727003776
spänning,"Wetterbergh, Carl Anton",1840,11,912252,12.058071673178025
spänning,"Wetterbergh, Carl Anton",1850,7,959464,7.295740121567875
spänning,"Wetterbergh, Carl Anton",1880,5,923099,5.416537121153852
spänning,"Wettergrund, Josefina",1880,6,507018,11.833899388187401
spänning,"Wickström, Victor Hugo",1880,1,221642,4.511780258254302
spänning,"Wickström, Victor Hugo",1890,1,213549,4.682766016230467
spänning,"Wickström, Victor Hugo",1900,1,62978,15.878560767252056
spänning,"Widmark, Per Fredrik",1870,1,16046,62.320827620590805
spänning,"Wieselgren, Sigfrid",1860,1,70218,14.241362613574866
spänning,"Wieselgren, Sigfrid",1870,1,46486,21.51185303102009
spänning,"Wieselgren, Sigfrid",1880,1,114362,8.744163271016596
spänning,"Wieselgren, Sigfrid",1890,1,53095,18.83416517562859
spänning,"Wigert, Inèz",1890,2,61951,32.283578957563236
spänning,"Wigström, Eva",1870,9,383015,23.497774238606844
spänning,"Wigström, Eva",1890,4,156657,25.533490364299073
spänning,"Wikner, Pontus",1880,2,114897,17.406894871058427
spänning,"Wilén, Fritz",1880,2,60454,33.08300526019784
spänning,"Winter, Reinhold",1870,2,33261,60.1304831484321
spänning,"Winter, Reinhold",1880,1,150214,6.657169105409616
spänning,"Winter, Reinhold",1890,1,55474,18.02646284746007
spänning,"Wirsén, Carl David af",1900,5,137790,36.28710356339357
spänning,"Witt, Otto",1910,60,530862,113.02372367960035
spänning,"Wranér, Henrik",1880,2,276476,7.2339009534281455
spänning,"Wranér, Henrik",1900,1,28198,35.463508050216326
spänning,"Wägner, Elin",1900,1,74246,13.468739056649516
spänning,"Wägner, Elin",1910,32,601051,53.240074469554166
spänning,"Wägner, Elin",1920,37,608843,60.7710033621147
spänning,"Wägner, Elin",1930,38,611590,62.13312840301509
spänning,"Wägner, Elin",1940,24,474886,50.53844501627759
spänning,"Wågman, Frans Oskar",1900,7,70243,99.65405805560697
spänning,"Wåhlstrand, Karin",1880,1,69220,14.44669170759896
spänning,"Wærnér, Ninian",1890,2,97174,20.581637063412025
spänning,"Zachrisson, Waldemar",1890,1,223780,4.468674591116275
spänning,"Zachrisson, Waldemar",1900,2,217780,9.183579759390211
spänning,"Zachrisson, Waldemar",1920,1,73614,13.584372537832477
spänning,"Zeipel, Carl von",1840,2,881480,2.268911376321641
spänning,"Zetterström, Hasse",1900,1,30996,32.2622273841786
spänning,"Zilliacus, Konni, d. ä.",1890,1,157875,6.334125098970705
spänning,"Åberg, Jon Olof",1870,7,389810,17.957466458018008
spänning,"Åberg, Jon Olof",1880,28,2320133,12.068273672242066
spänning,"Åberg, Jon Olof",1890,27,1280352,21.08795081352628
spänning,"Åberg, Jon Olof",1900,3,65020,46.13964933866502
spänning,"Åberg, Katie",1880,3,282619,10.61499757624222
spänning,"Ågren, Robert",1890,1,2590,386.1003861003861
spänning,"Åkerberg, Sven",1890,1,36123,27.68319353320599
spänning,"Öberg, Ludvig Teodor",1850,2,360523,5.547496276243124
spänning,"Ödman, Pelle",1880,10,295814,33.8050261312852
spänning,"Ödman, Pelle",1890,4,97994,40.818825642386265
spänning,"Ödmann, Jenny Maria",1870,1,116907,8.5538077275099
spänning,"Ödmann, Jenny Maria",1880,7,700126,9.99820032394169
spänning,"Ödmann, Jenny Maria",1900,1,218431,4.5781047561930315
spänning,"Ödmann, Samuel",1840,3,53727,55.83784689262382
spänning,"Ödmann, Samuel",1920,4,247519,16.16037556712818
strålning,Anonym,1930,1,267697,3.7355667041468528
strålning,"Atterbom, P.D.A.",1840,1,628322,1.5915406431734047
strålning,"Bremer, Fredrika",1850,1,594294,1.682668847405493
strålning,"Bäckström, Edvard",1890,1,140319,7.1266186332570785
strålning,"Edenberg, Albert Anderson",1880,1,686333,1.4570186775224272
strålning,"Ekelund, Vilhelm",1900,6,172242,34.83470930435085
strålning,"Ekelund, Vilhelm",1930,4,309651,12.917768713810064
strålning,"Ekelund, Vilhelm",1940,2,284044,7.041162636774584
strålning,"Govenius, Lars Johan",1850,1,144240,6.932889628397116
strålning,"Hasselskog, Nils",1930,1,157959,6.330756715350186
strålning,"Jonsson, Thorsten",1950,1,90936,10.996744963490807
strålning,"Levertin, Oscar",1890,1,282783,3.536280469476595
strålning,"Lindberg, Per",1940,1,328375,3.0452988199467073
strålning,"Lindqvist, Märta",1930,1,63252,15.809776765952066
strålning,"Nilsson, Albert",1910,1,135571,7.376208776213202
strålning,"Nordström, Ludvig",1900,1,128299,7.794293018651743
strålning,"Ruin, Hans",1930,1,163282,6.124373782780711
strålning,"Ruin, Hans",1940,1,79133,12.63695297789797
strålning,"Rydberg, Viktor",1870,1,80367,12.442918113155898
strålning,"Strindberg, August",1890,2,428523,4.667194059595401
strålning,"Stéenhoff, Frida",1910,1,139598,7.163426410120489
strålning,"Wigström, Eva",1890,1,156657,6.383372591074768
strålning,"Witt, Otto",1910,6,530862,11.302372367960034
strålning,"Wägner, Elin",1930,2,611590,3.270164652790268
ström,"Adelborg, Ottilia",1900,2,31386,63.72267890142101
ström,"Adlersparre, Carl August",1840,15,163802,91.57397345575757
ström,"Adlersparre, Carl August",1850,1,16862,59.30494603249911
ström,"Adlersparre, Georg Axel",1880,8,51236,156.14021391209306
ström,"Adlersparre, Karin Alcyone",1880,3,12368,242.5614489003881
ström,"Afzelius, Anders Johan",1840,1,18889,52.94086505373498
ström,"Afzelius, Anders Johan",1850,2,85174,23.48134407213469
ström,"Afzelius, Arvid August",1840,14,62722,223.2071681387711
ström,"Afzelius, Arvid August",1850,2,16961,117.91757561464536
ström,"Agrell, Alfhild",1880,5,251326,19.894479679778456
ström,"Agrell, Alfhild",1890,10,302899,33.014305098399134
ström,"Agrell, Alfhild",1910,4,76114,52.55274982263447
ström,"Ahlbom, Mathilda",1860,10,395655,25.27454474226283
ström,"Ahlbom, Sophia",1830,2,12389,161.43352974412787
ström,"Ahlborg, Georg",1880,2,18847,106.11768451212394
ström,"Ahlqvist, Abraham",1840,4,165083,24.23023569961777
ström,"Ahlstrand, J.E.",1850,4,99847,40.06129377948261
ström,"Ahlström, Olof Crispin",1890,9,151393,59.447926918681844
ström,"Ahnfelt, Arvid",1870,55,834238,65.92842809845632
ström,"Ahnfelt, Paul Gabriel",1850,1,11640,85.91065292096219
ström,"Ahnfelt-Laurin, Emilia",1880,1,14138,70.73136228603762
ström,"Ahrenberg, Jac",1870,5,87463,57.16703063009501
ström,"Ahrenberg, Jac",1880,15,146333,102.50592825951767
ström,"Ahrenberg, Jac",1890,95,379201,250.52676548848763
ström,"Alcenius, Maria Charlotta",1860,2,14053,142.3183661851562
ström,"Alcott, Louisa May",1870,7,411350,17.01713868968032
ström,"Alfredson, Cai",2010,2,24371,82.06474908702967
ström,"Alfthan, Georg Edvard von",1880,6,95134,63.06893434523935
ström,"Alfthan, Johannes",1870,12,128378,93.47395971272337
ström,"Alfthan, Johannes",1880,2,30151,66.33279161553514
ström,"Alin, Johan",1910,1,26936,37.125037125037124
ström,"Allardt, Anders",1880,14,63688,219.82163044843614
ström,"Allardt, Anders",1890,3,41247,72.73256236817222
ström,"Allvarsson, Anders",1890,1,5759,173.64125716270186
ström,"Alm, Leopold",1850,1,17961,55.67618729469406
ström,"Almkvist, Johan Alfred",1870,4,34984,114.3379830779785
ström,"Almquist, C. A.",1840,2,22152,90.28530155290719
ström,"Almquist, Johan Axel",1900,4,46635,85.77248847432186
ström,"Almquist, Johan Axel",1930,9,663728,13.559771472651448
ström,"Almquist, Viktor",1880,1,20444,48.91410682840932
ström,"Almqvist, C.J.L.",1830,23,621640,36.998906119297345
ström,"Almqvist, C.J.L.",1840,32,1578875,20.26759559813158
ström,"Almqvist, C.J.L.",1850,22,252499,87.12905793686312
ström,"Almqvist, C.J.L.",1870,8,63352,126.27857052658165
ström,"Almqvist, Carolina",1860,7,186124,37.60933571167609
ström,"Almqvist, Gertrud",1890,7,65623,106.66991755939229
ström,"Almén, Ruth",1890,1,5438,183.89113644722323
ström,"Althén, Gustaf",1870,1,41569,24.056388173879572
ström,"Altén, Victor August",1830,6,73223,81.94146647911175
ström,"Ameen, Georg",1830,8,77692,102.97070483447459
ström,"Ameen, Georg",1840,5,78816,63.43889565570443
ström,"Amiel, Henri Frédéric",1900,10,79311,126.08591494244178
ström,"Améen, Elin",1880,6,41119,145.9179454753277
ström,"Améen, Elin",1890,10,139222,71.82772837626237
ström,"Andelin, Karl August",1860,2,11466,174.4287458573173
ström,"Anders, Ludwig",1890,1,42039,23.78743547658127
ström,"Andersen, Hans Christian",1870,1,1354,738.5524372230428
ström,"Anderson, Alfred",1860,2,165183,12.107783488615656
ström,"Anderson, August",1880,1,53800,18.587360594795538
ström,"Anderson, Hedda",1890,11,365673,30.081520921697802
ström,"Anderson, Hedda",1900,9,138746,64.86673489686189
ström,"Andersson, Anders",1880,1,12120,82.50825082508251
ström,"Andersson, Carl Gustaf",1850,1,14294,69.95942353435008
ström,"Andersson, Carl Gustaf",1860,4,22821,175.27715700451338
ström,"Andersson, Dan",1910,11,187950,58.52620377760043
ström,"Andersson, Dan",1920,4,132920,30.09328919650918
ström,"Andersson, F. A.",1860,1,3490,286.5329512893983
ström,"Andersson, Hilding",1900,1,35557,28.12385746829035
ström,"Andersson, Hilma",1900,2,78576,25.453064548971696
ström,"Andersson, Johan",1840,2,20092,99.54210631096954
ström,"Andrée, Andreas",1830,1,18924,52.8429507503699
ström,"Andrén, Olof",1890,5,258552,19.33846963086729
ström,"Angered Strandberg, Hilma",1880,8,86852,92.11071708193248
ström,"Angered Strandberg, Hilma",1890,12,185465,64.7022349230313
ström,"Angered Strandberg, Hilma",1900,11,160957,68.34123399417236
ström,"Angered Strandberg, Hilma",1910,7,140462,49.8355427090601
ström,"Angered Strandberg, Hilma",1920,1,44573,22.435106454580126
ström,"Angerstein, Uno",1840,1,9300,107.52688172043011
ström,"Anholm, Maria",1890,25,154652,161.65326022295218
ström,Anonym,1700,25,1796708,13.914336664611055
ström,Anonym,1830,39,334683,116.52817740966826
ström,Anonym,1840,46,731519,62.88285061632029
ström,Anonym,1850,64,858377,74.55931368151757
ström,Anonym,1860,186,1427646,130.28439823317544
ström,Anonym,1870,82,1872242,43.79775691390322
ström,Anonym,1880,101,1657613,60.93098932018511
ström,Anonym,1890,157,1991534,78.83370306507446
ström,Anonym,1900,9,280356,32.102041689851475
ström,Anonym,1910,4,81024,49.368088467614534
ström,Anonym,1930,18,267697,67.24020067464335
ström,Anonym,1940,8,146139,54.74240278091406
ström,"Anrep, Gabriel",1870,36,701580,51.31275121867784
ström,"Appelberg, Henrik Adolf",1890,1,10795,92.63547938860583
ström,"Arfwedson, Carl David",1840,15,317219,47.28594441064375
ström,"Arfwedson, Carl David",1870,3,176118,17.034033999931864
ström,"Arfwidsson, Alvar",1880,3,26904,111.50758251561106
ström,"Arfwidsson, Nils",1840,8,176017,45.45015538271871
ström,"Arfwidsson, Nils",1860,2,30721,65.1020474593926
ström,"Armfelt, Gustaf Johan Philip",1870,5,56603,88.33454057205448
ström,"Arnoldson, K. P.",1860,4,68739,58.19112876242017
ström,"Arosenius, Fredrik Reinhold",1860,10,66932,149.40536664076973
ström,"Arosenius, Ivar",1900,1,15220,65.7030223390276
ström,"Arrhén von Kapfelman, Erik Jakob",1830,1,2907,343.9972480220158
ström,"Arvidsson, Adolf Ivar",1830,21,219944,95.47884916160477
ström,"Arvidsson, Adolf Ivar",1840,1,117644,8.50022100574615
ström,"Atterbom, P.D.A.",1830,28,122714,228.17282461658817
ström,"Atterbom, P.D.A.",1840,29,628322,46.154678652028736
ström,"Atterbom, P.D.A.",1850,5,244343,20.463037615155745
ström,"Atterbom, P.D.A.",1910,5,115202,43.40202427041197
ström,"Atterling, Carl Henrik",1860,1,16544,60.44487427466151
ström,"Aurelius, Hedvig",1890,1,18591,53.78946802216126
ström,"Aurell, Wilhelm",1860,8,194453,41.14104693679192
ström,"Aurell, Wilhelm",1890,7,17631,397.02796211218873
ström,"Austen, Jane",1830,1,163429,6.118865072906277
ström,"Avellan, Herman",1840,1,26807,37.303689334875216
ström,"Axelson, Maximilian",1840,4,76978,51.9628984904778
ström,"Axelson, Maximilian",1850,5,96418,51.857536974423866
ström,"Axelson, Maximilian",1860,5,164196,30.451411727447685
ström,"Axelson, Maximilian",1870,3,90952,32.984431348403554
ström,"Axelsson, Arvid",1880,2,53918,37.0933639971809
ström,"Backlund, A.",1870,1,27412,36.480373559025246
ström,"Backlund, Gusten",1880,1,21995,45.464878381450326
ström,"Backman, Anders",1890,4,40393,99.02705914391107
ström,"Backman, Anders",1900,1,45133,22.156736755810606
ström,"Bagge, Peter",1880,17,239146,71.0862820201885
ström,"Bagger, Alban Agathon",1890,10,46140,216.7316861725184
ström,"Bahr, Johan Fredrik",1830,1,7485,133.6005344021376
ström,"Banér, Barbro",1880,1,9134,109.48105977665864
ström,"Barkstedt, Zacharias Ludvig",1840,1,11745,85.14261387824607
ström,"Barnekow, Kjell Christoffer",1910,16,41861,382.21733833401015
ström,"Barthelson, Fredrik",1870,2,22986,87.00948403375968
ström,"Bechman, H.",1880,1,37309,26.803184218285132
ström,"Becker, Hugo von",1870,3,36568,82.03894115073288
ström,"Becker, Hugo von",1880,5,55566,89.98308318036209
ström,"Beckman, Edvard",1850,9,57597,156.25813844471065
ström,"Beckman, Ernst",1870,2,20152,99.24573243350535
ström,"Beckman, Ernst",1890,7,53013,132.043083771905
ström,"Beckman, Susen",1880,1,17920,55.80357142857143
ström,"Behm, Oscar",1880,1,76639,13.048186954422683
ström,"Bellman, Carl Michael",1870,6,134584,44.581822504904004
ström,"Bellman, Carl Michael",2000,1,104933,9.529890501558137
ström,"Benedictsson, Victoria",1880,14,449815,31.123906494892346
ström,"Benedictsson, Victoria",1890,4,210958,18.961120222982775
ström,"Benedictsson, Victoria",1910,3,21049,142.5245854909972
ström,"Bensow, Oscar",1880,1,38463,25.999012037542574
ström,"Bensow, Oscar",1890,5,37816,132.21916649037445
ström,"Benzelstierna, Gustaf",1880,4,92912,43.05148958153952
ström,"Benzon, Karl",1900,3,224255,13.37762814652962
ström,"Berg, Carl Oscar",1880,1,84676,11.809721762955265
ström,"Berg, Carl Oscar",1890,14,210534,66.4975728385914
ström,"Berg, Daniel",1910,9,62030,145.09108495889086
ström,"Berg, Daniel",1930,1,83127,12.029785749515801
ström,"Berg, Gustaf Oskar",1900,1,13084,76.42922653622745
ström,"Berg, Johan August",1860,19,133607,142.2081178381372
ström,"Berg, Per Gustaf",1860,19,406783,46.70794993891092
ström,"Berg, Per Gustaf",1870,35,490594,71.34208734717505
ström,"Berg, Ruben G:son",1890,1,81889,12.211652358680652
ström,"Berg, Ruben G:son",1900,3,12704,236.14609571788412
ström,"Berg, Wilhelm",1880,24,380111,63.139451370783796
ström,"Berg, Wilhelm",1890,42,980146,42.85075896856183
ström,"Berg, Wilhelm",1900,17,183354,92.716821012904
ström,"Berg, Wilhelm",1930,112,1534868,72.9704443639453
ström,"Bergenström, A. J.",1840,4,23494,170.25623563463012
ström,"Berger, Henning",1900,26,187588,138.6016163080794
ström,"Berger, Henning",1910,14,310908,45.02939776396876
ström,"Berger, Lars",1880,10,149277,66.98955632816843
ström,"Berggren, August J.",1860,1,13072,76.49938800489596
ström,"Bergh, Richard",1900,3,82704,36.273940800928614
ström,"Bergklint, Olof",1830,5,87150,57.37234652897303
ström,"Berglund, Victoria",1850,1,60959,16.40446857724044
ström,"Bergman, Bengt",1930,9,83717,107.50504676469534
ström,"Bergman, Carl Johan",1880,10,180845,55.295971688462494
ström,"Bergman, Carl Wilhelm",1840,3,128252,23.391448086579548
ström,"Bergman, Dan",1890,2,48251,41.44991813641168
ström,"Bergman, Daniel Fredrik",1860,1,20406,49.00519455062236
ström,"Bergman, Hjalmar",1900,8,221296,36.15067601764153
ström,"Bergman, Hjalmar",1910,4,487777,8.200468656783736
ström,"Bergman, Hjalmar",1920,10,660281,15.145067024494116
ström,"Bergman, Johan",1880,1,13478,74.19498441905327
ström,"Bergman, Johan",1890,4,15742,254.09731927328167
ström,"Bergman, Johan Magnus",1870,2,202066,9.897756178674294
ström,"Bergstedt, Anna Elisabet Matilda",1860,5,120779,41.39792513599218
ström,"Bergsten, Richard",1880,1,17597,56.82786838665682
ström,"Bergstrand, Per Emanuel",1860,2,35553,56.254043259359264
ström,"Bergstrand, Per Emanuel",1880,1,42232,23.67872703163478
ström,"Bergström, E. O.",1890,10,12110,825.7638315441784
ström,"Bergström, Frans Frode Theodor",1880,6,19449,308.49915162733305
ström,"Bergström, Richard",1880,14,223858,62.53964566823611
ström,"Bergström, Richard",1890,6,26928,222.81639928698752
ström,"Bergsøe, Vilhelm",1870,6,82959,72.32488337612556
ström,"Berlin, Anna Catharina",1840,13,97974,132.68826423336805
ström,"Berndtson, Charlotta",1860,1,200987,4.975446173135576
ström,"Berndtson, Fredrik",1840,9,69987,128.595310557675
ström,"Berndtson, Fredrik",1850,2,61138,32.71287906048612
ström,"Berndtson, Fredrik",1860,1,15837,63.14327208435941
ström,"Berndtson, Fredrik",1880,6,16908,354.86160397444996
ström,"Bernhardt, Gustaf",1850,1,3953,252.97242600556538
ström,"Bernhardt, Gustaf",1860,7,13299,526.3553650650425
ström,"Beskow, Bernhard von",1830,1,53780,18.59427296392711
ström,"Beskow, Bernhard von",1870,7,104308,67.10894658127852
ström,"Beskow, Carl Adolf",1880,3,31438,95.42591767924168
ström,"Beskow, Elisabeth",1920,5,44482,112.4050177599928
ström,"Billing, Lars Theodor",1860,2,14021,142.64317809000784
ström,"Billmark, Carl Johan",1840,8,43905,182.21159321261814
ström,"Bjarke, Fredrik Constantin",1890,6,114160,52.55781359495445
ström,"Bjerre, Andreas",1920,10,63395,157.74114677813708
ström,"Bjursten, Herman",1840,4,114487,34.93846462917187
ström,"Bjursten, Herman",1850,63,1007894,62.50657311185502
ström,"Bjursten, Herman",1860,18,393956,45.690381666988195
ström,"Bjurström, Gustaf",1870,7,221120,31.65701881331404
ström,"Bjurström, Gustaf",1880,1,31921,31.327339369067385
ström,"Björck, Ernst Daniel",1860,8,46536,171.909919202338
ström,"Björck, Johan Henrik",1870,2,3408,586.8544600938967
ström,"Björck, Theodor",1850,8,139177,57.48076190749909
ström,"Björklund, Carl Peter",1850,3,13905,215.7497303128371
ström,"Björkman, Carl Gustaf",1880,3,266330,11.26422107911238
ström,"Björkman, Göran",1880,3,39312,76.31257631257631
ström,"Björkstén, Emilie",1860,3,30348,98.85330170027679
ström,"Björkstén, Emilie",1870,1,29767,33.594248664628616
ström,"Björkstén, Emilie",1880,1,8263,121.0214207914801
ström,"Björlin, Gustaf",1870,21,247102,84.98514783368812
ström,"Björlin, Gustaf",1880,20,130906,152.78138511603746
ström,"Björlin, Gustaf",1890,22,189304,116.21518826860499
ström,"Björlin, Gustaf",1900,14,147723,94.77197186626321
ström,"Björlin, Gustaf",1910,8,148514,53.86697550399289
ström,"Björlin, Knut Salomon",1880,1,9937,100.63399416322834
ström,"Björling, Fridolf",1870,11,155334,70.81514671610852
ström,"Björling, Fridolf",1880,17,244028,69.66413690232268
ström,"Björndal, Maria",1890,2,6186,323.31070158422244
ström,"Blachet, Gustaf",1890,1,17198,58.14629608093964
ström,"Blanche, August",1840,48,1028385,46.675126533350834
ström,"Blanche, August",1850,8,306375,26.111791105671156
ström,"Blanche, Thore",1880,3,39472,76.00324280502635
ström,"Blanche, Thore",1890,5,48511,103.06940693863247
ström,"Blixén, Amalia",1860,3,101428,29.577631423275623
ström,"Blom, Lydia",1890,3,37775,79.41760423560557
ström,"Blomberg, Harry",1910,8,28562,280.09243050206567
ström,"Blomberg, Harry",1920,31,267112,116.0561861690976
ström,"Blomgren, E. G.",1860,1,8061,124.05408758218583
ström,"Blomgren, Joseph C.",1850,1,42011,23.80328961462474
ström,"Blomqvist, Petter",1830,3,29051,103.26666896148153
ström,"Blumauer, Karl",1830,1,17434,57.359183205231155
ström,"Blumenberg, Henrik Germund",1860,2,7072,282.80542986425337
ström,"Blumenberg, Henrik Germund",1870,3,50080,59.90415335463259
ström,"Boberg, Carl",1890,27,57148,472.4574788269056
ström,"Boberg, Carl",1900,16,37596,425.57718906266626
ström,"Bohlin, S. A. T.",1870,2,10166,196.7342120794806
ström,"Bohman, John G.",1880,3,151148,19.84809590599942
ström,"Boisman, Alexander Wilhelm",1890,1,34257,29.191114224829963
ström,"Bolander, Sophie",1840,21,153009,137.24682861792442
ström,"Bolander, Sophie",1850,14,280366,49.93472817674041
ström,"Bolander, Sophie",1860,23,532782,43.1696266014993
ström,"Bolau, Heinrich",1890,1,2913,343.2887058015791
ström,"Bolinus, Andreas",1910,2,31158,64.18897233455293
ström,"Bollsten, Johan Christian",1840,6,107829,55.64365801407784
ström,"Bolm, Jonas Adolf",1850,9,57596,156.26085144801723
ström,"Bolm, Jonas Adolf",1860,3,37796,79.37347867499206
ström,"Bonaparte, Napoleon",1830,2,82500,24.242424242424242
ström,"Bonde, Krister",1880,3,29334,102.2704029453876
ström,"Bondeson, August",1880,18,429341,41.924717182845335
ström,"Bondeson, August",1890,3,148263,20.234313348576517
ström,"Bondeson, August",1900,18,177147,101.61052685058172
ström,"Bonggren, Jakob",1880,5,29060,172.0578114246387
ström,"Bore, Erik",1900,2,28857,69.30727379838514
ström,"Borelius, Hilma",1900,3,70927,42.29700960142118
ström,"Borgström, Ferdinand Ludvig",1870,2,37312,53.60205831903945
ström,"Boye, Karin",1920,5,15389,324.9074013906037
ström,"Boye, Karin",1930,10,221708,45.1043715156873
ström,"Boye, Karin",1940,6,194585,30.83485366292366
ström,"Brag, Hanna",1840,2,23418,85.40438978563498
ström,"Brager, Martin H.",1880,2,3600,555.5555555555555
ström,"Brahe, Per, d. ä.",1890,1,72820,13.732491073880801
ström,"Brandt, Erastus",1890,7,56132,124.7060500249412
ström,"Brandt, G. J. W.",1860,5,79180,63.14725940894165
ström,"Branting, Anna",1890,4,140671,28.435142993225327
ström,"Branting, Anna",1900,6,106584,56.293627561360054
ström,"Branting, Anna",1910,5,112594,44.40733964509654
ström,"Branting, Anna",1930,1,70911,14.102184428367954
ström,"Branting, Anna",1940,4,57078,70.07954027821577
ström,"Bratt, Erland Axel",1890,1,14394,69.47339169098235
ström,"Bratt, Iwan",1940,2,6487,308.3089255433945
ström,"Braun, Wilhelm von",1830,5,73189,68.31627703616664
ström,"Braun, Wilhelm von",1840,23,407518,56.43922477043959
ström,"Braun, Wilhelm von",1850,13,264070,49.22937100011361
ström,"Braun, Wilhelm von",1860,1,24937,40.1010546577375
ström,"Braun, Wilhelm von",1880,4,89403,44.741227923000345
ström,"Braunerhjelm, Augusta",1880,8,93500,85.56149732620321
ström,"Braunerhjelm, Augusta",1900,3,88617,33.85354954466976
ström,"Bredberg, Henrik Wilhelm",1870,2,25162,79.48493760432397
ström,"Bremer, Fredrika",1840,17,233642,72.76089059330086
ström,"Bremer, Fredrika",1850,92,594294,154.80553396130534
ström,"Bremer, Fredrika",1860,1,9312,107.38831615120274
ström,"Bremer, Fredrika",1910,44,960521,45.80847269346532
ström,"Bremer, Fredrika",1920,12,342503,35.03618946403389
ström,"Brenner, Sophia Elisabeth",1710,4,64639,61.882145453982886
ström,"Brinkman, Carl Gustaf von",1830,1,13265,75.38635506973237
ström,"Brinkman, Carl Gustaf von",1840,14,67372,207.80146054740842
ström,"Brinkman, Carl Gustaf von",1850,9,138346,65.05428418602634
ström,"Brinkman, Carl Gustaf von",1860,3,195382,15.354536241823709
ström,"Brinkman, Carl Gustaf von",1890,1,23772,42.06629648325762
ström,"Broberg, Frans August",1860,9,16621,541.4836652427651
ström,"Brodén, Johan Ivar",1870,2,21988,90.95870474804438
ström,"Broman, Pehr Gustaf",1860,1,16469,60.72014087072682
ström,"Brontë, Charlotte",1850,29,440109,65.89276747351224
ström,"Brunius, Carl Georg",1830,18,111909,160.8449722542423
ström,"Brunius, Louise",1840,23,710272,32.381960713642094
ström,"Brunius, Louise",1850,2,152928,13.078049801213643
ström,"Brunius, Louise",1870,9,241064,37.33448378853748
ström,"Bruzelius, Janne",1870,11,153969,71.44295280218745
ström,"Bruzelius, Janne",1880,11,88580,124.18153081959811
ström,"Bruzelius, Viktor",1880,2,12887,155.19515791107318
ström,"Bruzelius, Viktor",1890,3,17092,175.52071144395038
ström,"Bråkenhielm, Malvina",1890,10,101923,98.1132815949295
ström,"Burghausen, Carl Fredrik von",1850,3,63141,47.51270964983133
ström,"Bursell, Bernhard Salomon",1860,4,27180,147.16703458425312
ström,"Busch, Oscar",1910,2,51393,38.91580565446656
ström,"Butenschön, Andrea",1890,3,27834,107.78184953653805
ström,"Bygdén, Leonard",1890,177,721125,245.44981799271972
ström,"Bygdén, Leonard",1920,36,936869,38.42586316763603
ström,"Byron, George Gordon",1820,3,13628,220.1350161432345
ström,"Bäcklund, C. M.",1850,5,21187,235.99376976447823
ström,"Bäckman, Jonas",1890,1,37740,26.497085320614733
ström,"Bäckman, Wilhelm",1850,19,195807,97.03432461556532
ström,"Bäckmann, Ida",1900,12,184784,64.94068750541173
ström,"Bäckmann, Ida",1910,3,114895,26.11079681448279
ström,"Bäckmann, Ida",1920,6,36562,164.10480827088233
ström,"Bäckmann, Ida",1930,7,175857,39.80506889120137
ström,"Bäckmann, Ida",1940,6,240134,24.986049455720558
ström,"Bäckström, Edvard",1860,2,16360,122.24938875305624
ström,"Bäckström, Edvard",1870,13,85956,151.24016938898973
ström,"Bäckström, Edvard",1890,15,140319,106.89927949885617
ström,"Bäckström, Per Olof",1840,26,413463,62.883498644376886
ström,"Bååth, Albert Ulrik",1870,5,17998,277.808645405045
ström,"Bååth, Albert Ulrik",1880,4,101015,39.59807949314458
ström,"Bååth, Albert Ulrik",1890,1,85886,11.643341173183057
ström,"Bååth, Albert Ulrik",1900,3,19123,156.8791507608639
ström,"Bååth-Holmberg, Cecilia",1890,12,244561,49.06751280866532
ström,"Bååth-Holmberg, Cecilia",1900,1,48651,20.554562085054776
ström,"Börjeson, Hjalmar",1940,9,150570,59.772863120143455
ström,"Börjesson, Johan",1840,4,40332,99.1768322919766
ström,"Börjesson, Johan",1850,3,44593,67.27513286838742
ström,"Börk, Isak",1870,2,59872,33.404596472474616
ström,"Böttiger, Carl Wilhelm",1830,7,73615,95.08931603613394
ström,"Böttiger, Carl Wilhelm",1840,1,25919,38.581735406458584
ström,"Böttiger, Carl Wilhelm",1850,8,134044,59.68189549700099
ström,"Böttiger, Carl Wilhelm",1860,9,85664,105.06163615988046
ström,"Böttiger, Carl Wilhelm",1870,19,194246,97.81411200230636
ström,"Böttiger, Carl Wilhelm",1880,21,198597,105.74177857671566
ström,"Böttiger, Carl Wilhelm",1890,6,67941,88.31191769329271
ström,"Bützow Runquist, Johan Gustaf",1890,1,58722,17.029392731855182
ström,"Cardon, O. B.",1860,2,37300,53.61930294906166
ström,"Carlberg, Frigga",1900,2,42656,46.8867216804201
ström,"Carlsson, Carl Adolf",1830,4,13150,304.1825095057034
ström,"Carlsson, Gottfrid",1940,14,381621,36.68561216494899
ström,"Carlstedt, Fredrik",1830,7,54952,127.38389867520745
ström,"Carlström, Anna",1840,2,17514,114.19435879867534
ström,"Carlén, Johan Gabriel",1830,12,29955,400.600901352028
ström,"Carlén, Johan Gabriel",1860,15,52742,284.403321830799
ström,"Carlén, Octavia",1850,1,28688,34.85778025655326
ström,"Carlén, Octavia",1860,15,226481,66.23072134086303
ström,"Carlén, Octavia",1870,3,35946,83.45852111500584
ström,"Carlén, Octavia",1880,3,41325,72.59528130671507
ström,"Carlén, Rosa",1860,13,437108,29.740933590783055
ström,"Carlén, Rosa",1870,7,197792,35.390713476783695
ström,"Carroll, Lewis",1890,1,37785,26.46552864893476
ström,"Carstens, Fredrika Vilhelmina",1840,3,119145,25.179403248143018
ström,"Cassel, Hjalmar",1890,2,26241,76.21660759879578
ström,"Cassirer, Ernst",1940,1,53043,18.852628999113925
ström,"Cavallin, Christian",1890,11,227529,48.34548563040316
ström,"Cavallin, Severin",1850,6,186485,32.17416950424967
ström,"Cederberg, Björn",1880,9,160355,56.12547160986561
ström,"Cederblad, Albert",1870,2,20940,95.51098376313276
ström,"Cederblad, Albert",1890,3,46493,64.52584259996128
ström,"Cederborg, Carl August",1890,5,23468,213.05607635929778
ström,"Cederborg, Carl August",1910,4,76385,52.366302284479936
ström,"Cederborgh, Fredrik",1810,2,92168,21.69950525128027
ström,"Cederborgh, Fredrik",1830,11,184060,59.76312072150386
ström,"Cederborgh, Fredrik",1850,2,120148,16.646136431734195
ström,"Cederborgh, Fredrik",1880,10,216297,46.23272629763704
ström,"Cederman, Rosalba",1870,2,61197,32.68134058859094
ström,"Cederman, Rosalba",1880,5,20284,246.49970420035496
ström,"Cederqvist, August",1870,8,142601,56.10058835492037
ström,"Cederqvist, August",1880,2,19024,105.13036164844407
ström,"Cederström, Rudolf",1840,1,27826,35.937612305038456
ström,"Christiernsson, Henrik",1880,1,52290,19.124115509657678
ström,"Chronwall, Johan Henrik",1890,4,27036,147.95088030773783
ström,"Chydenius, Karl",1860,65,149994,433.3506673600277
ström,"Clementsson, C.",1840,1,13775,72.59528130671507
ström,"Cleve, Alma",1890,4,117475,34.049797829325385
ström,"Colling, Frithiof",1890,4,31120,128.53470437017995
ström,"Columbus, Samuel",1880,1,50848,19.666456891126494
ström,"Cramær, Mauritz",1840,7,64975,107.73374374759523
ström,"Cramær, Mauritz",1880,2,52389,38.175952967225946
ström,"Creutz, Gustaf Philip",1860,1,21302,46.94394892498357
ström,"Cronhamn, Anders Fredrik",1830,1,40444,24.725546434576206
ström,"Cronholm, Bernhard",1830,1,34705,28.814291888776832
ström,"Cronholm, Bernhard",1850,6,105235,57.0152515797976
ström,"Cronstrand, Baltzar",1870,19,139436,136.26323187699015
ström,"Crusenstolpe, Fredrik",1840,7,321176,21.794903728796672
ström,"Crusenstolpe, Magnus Jacob",1840,88,1801700,48.8427596159183
ström,"Cygnæus, Fredrik",1830,2,30147,66.34159286164461
ström,"Cygnæus, Fredrik",1840,20,34257,583.8222844965992
ström,"Cygnæus, Fredrik",1850,49,184039,266.2479148441363
ström,"Cygnæus, Fredrik",1860,8,42121,189.92901403100592
ström,"Cygnæus, Fredrik",1870,4,32251,124.02716194846671
ström,"Cöster, Fredrik",1850,18,109641,164.1721618737516
ström,"Dahl, Mattis",1890,44,412666,106.6237586813549
ström,"Dahlander, Gustaf Robert",1880,2,24735,80.85708510208207
ström,"Dahlbergh, Erik",1910,41,148587,275.93261860055054
ström,"Dahlgren, Alta",1890,4,32465,123.20961034960727
ström,"Dahlgren, Carl Fredric",1830,63,287156,219.39294320856956
ström,"Dahlgren, Carl Fredric",1840,9,48551,185.37208296430558
ström,"Dahlgren, Carl Fredric",1900,9,45408,198.2029598308668
ström,"Dahlgren, Fredrik August",1910,29,1254446,23.11777469895077
ström,"Dahlgren, Johan H.",1860,1,4877,205.0440844781628
ström,"Dahlgren, Lotten",1900,8,122195,65.46912721469782
ström,"Dahlin, C. S.",1910,8,44288,180.635838150289
ström,"Dahlqvist, J. P.",1870,2,37595,53.198563638781756
ström,"Dahlström, Carl Andreas",1850,4,38470,103.97712503249285
ström,"Dalman, Hilda",1870,3,5571,538.5029617662897
ström,"Dalström, Kata",1880,9,118771,75.77607328388243
ström,"Dalström, Kata",1890,13,130398,99.6947805947944
ström,"Dalström, Kata",1900,1,84771,11.796487006169563
ström,"Dalström, Kata",1910,1,48502,20.617706486330462
ström,"Damm, Ivar",1890,1,11443,87.38967054094206
ström,"Damm, Janne",1850,1,48104,20.788292033926492
ström,"Damm, Janne",1870,9,222425,40.46307744183433
ström,"Danielsson, Axel",1880,1,22001,45.45247943275306
ström,"Danielsson, Axel",1900,20,252369,79.24903613359803
ström,"Danielsson, Johan",1890,1,49644,20.143421158649584
ström,"Dardel, Fritz von",1910,19,161009,118.00582576129284
ström,"Dardel, Fritz von",1920,5,84703,59.0297864302327
ström,"Darwin, Charles",1870,92,433182,212.3818625889349
ström,"De Bèsche, Jean Wathier",1840,8,56529,141.52028162536044
ström,"De Geer, Louis",1840,8,235626,33.95211054807194
ström,"De Geer, Louis",1890,15,214224,70.02016580775263
ström,"De Vylder, Gustaf",1850,4,48639,82.2385328645737
ström,"Dehn, Ida",1860,1,33342,29.992202027472857
ström,"Dickens, Charles",1840,14,473171,29.5876120894983
ström,"Dickens, Charles",1860,5,34016,146.98965192850423
ström,"Didring, Ernst",1890,2,35523,56.30155110773302
ström,"Djurklou, Nils Gabriel",1880,1,89057,11.228763600839912
ström,"Donner, Otto",1860,2,12491,160.1152830037627
ström,"Douglass, Frederick",1890,10,246238,40.611116074691964
ström,"Douglass, Frederick",1900,3,89854,33.387495270104836
ström,"Doyle, Arthur Conan",1890,10,255586,39.12577371217516
ström,"Doyle, Arthur Conan",1910,1,62000,16.129032258064516
ström,"Drake, Sigrid",1910,1,217327,4.601361082608236
ström,"Drummond, Henry",1890,1,12132,82.42664029014178
ström,"Dufva, Elias Walfrid",1860,1,9681,103.29511414110112
ström,"Dunckel, Dorothea",1840,6,218035,27.518517669181552
ström,"Dunckel, Dorothea",1860,1,22883,43.70056373727221
ström,"Durling, Maria",1890,1,55831,17.911196288800127
ström,"Duse, Samuel August",1900,7,107643,65.02977434668301
ström,"Duse, Samuel August",1910,1,75808,13.191219924018574
ström,"Dybeck, Richard",1850,1,65058,15.370899812475022
ström,"Düben, Gustaf von",1870,19,280522,67.73087315789849
ström,"Eberstein, Carl Christian",1850,1,89661,11.15312120096809
ström,"Edelcrantz, Abraham Niclas",1800,2,8250,242.42424242424244
ström,"Edelfelt, Johanna Catharina, f. Benzelstjerna",1830,2,57416,34.83349588964749
ström,"Edenberg, Albert Anderson",1880,68,686333,99.07727007152505
ström,"Edgren, Hjalmar",1880,11,22706,484.45344842772835
ström,"Edgren, Hjalmar",1890,7,14573,480.34035545186305
ström,"Edwards, Amelia",1870,4,64911,61.622837423549164
ström,"Egge, Oscar David",1850,2,25581,78.18302646495445
ström,"Ehrenborg, Anna Fredrika",1840,10,199937,50.01575496281328
ström,"Ehrenborg-Posse, Betty",1840,6,89411,67.10583708939616
ström,"Ehrenborg-Posse, Betty",1870,12,183364,65.44359852533758
ström,"Ehrnrooth, Adelaide",1860,5,72381,69.07890192177506
ström,"Ehrnrooth, Adelaide",1870,10,119632,83.58967500334359
ström,"Ehrnrooth, Adelaide",1880,8,232129,34.46359567309556
ström,"Ehrnrooth, Adelaide",1890,4,41863,95.54976948618112
ström,"Eichhorn, Christoffer",1850,1,9471,105.58547143912998
ström,"Eichhorn, Christoffer",1860,9,59856,150.3608660785886
ström,"Eichhorn, Christoffer",1870,4,39274,101.84855120435911
ström,"Ejserman, Jakob Samuel",1840,4,49576,80.68420203324189
ström,"Ek, Karin",1900,3,6744,444.83985765124555
ström,"Ek, Karin",1910,34,126778,268.1853318399091
ström,"Ek, Karin",1920,2,13122,152.41579027587258
ström,"Ekbohrn, Carl Magnus",1850,3,191154,15.694152358831099
ström,"Ekbohrn, Carl Magnus",1860,11,53121,207.07441501477757
ström,"Ekeblad, Karl Johan",1830,1,4179,239.29169657812875
ström,"Ekeblad, Karl Johan",1860,1,3479,287.4389192296637
ström,"Ekeblad, Karl Johan",1870,11,32612,337.29915368575985
ström,"Ekeblad, Karl Johan",1880,4,15193,263.27914170999804
ström,"Ekebohm, David",1870,1,21175,47.22550177095631
ström,"Ekelund, Jacob",1830,2,31652,63.187160369013014
ström,"Ekelund, Jacob",1840,4,15043,265.90440736555206
ström,"Ekelund, Vilhelm",1900,67,172242,388.98758723191787
ström,"Ekelund, Vilhelm",1910,26,272156,95.53344405414542
ström,"Ekelund, Vilhelm",1920,2,263894,7.578800579020364
ström,"Ekelund, Vilhelm",1930,19,309651,61.3594013905978
ström,"Ekelund, Vilhelm",1940,13,284044,45.7675571390348
ström,"Ekermann, Agnes",1880,27,274026,98.53079634779182
ström,"Ekerot, Hjalmar",1890,1,62175,16.083634901487738
ström,"Ekevall, Anders Fredrik",1890,2,13913,143.75044922015383
ström,"Eklund, R. R.",1910,1,5260,190.11406844106463
ström,"Ekman, Lotten",1910,4,28567,140.02170336402142
ström,"Ekmarck, Carl Eric",1830,10,64051,156.12558742252267
ström,"Ekmarck, Lars August",1850,5,39190,127.58356723653993
ström,"Ekström, Carl Otto",1860,2,76800,26.041666666666668
ström,"Ekström, Carl Otto",1870,8,216094,37.020926078465855
ström,"Ekström, Hedvig Aurora",1840,3,104352,28.74885004599816
ström,"Ekström, Hedvig Aurora",1880,1,45155,22.14594175617318
ström,"Elfving, Lars",1880,1,11316,88.37044892188052
ström,"Elgenstierna, Gustaf",1920,247,4397617,56.166783055459355
ström,"Elgenstierna, Gustaf",1930,257,5073413,50.656234767404115
ström,"Elgström, Ossian",1910,9,36335,247.69505985963946
ström,"Elgström, Ossian",1920,17,244964,69.39795235218236
ström,"Elgström, Per",1860,14,104945,133.40321120586975
ström,"Elkan, Sophie",1880,5,151744,32.950231969633066
ström,"Elkan, Sophie",1890,9,421908,21.331664723114994
ström,"Elkan, Sophie",1900,16,363242,44.04776980635499
ström,"Elkan, Sophie",1910,5,140163,35.67275243823263
ström,"Ellmin, Johannes",1830,2,13289,150.50041387613817
ström,"Elmblad, Magnus",1870,16,61665,259.4664720668126
ström,"Elmblad, Magnus",1880,5,37009,135.1022724202221
ström,"Elster, Otto",1890,3,53951,55.606012863524306
ström,"Emanuelsson, Vendela",1890,9,423245,21.26427955439521
ström,"Emanuelsson, Vendela",1900,7,39775,175.9899434318039
ström,"Enander, Johan Alfred",1880,5,29755,168.03898504453034
ström,"Enander, Johan Alfred",1890,6,35873,167.2567111755359
ström,"Enbom, Per Ulrik",1790,1,26947,37.109882361672916
ström,"Eneberg, Karl Fredrik",1860,2,24235,82.52527336496802
ström,"Eneroth, Carl",1880,42,409038,102.67994660642776
ström,"Eneroth, Carl",1890,21,381701,55.016884943974475
ström,"Eneroth, Carl",1900,5,70816,70.60551287844555
ström,"Eneroth, Olof",1880,4,35865,111.52934615920815
ström,"Engdahl, Axel",1910,2,66822,29.930262488402022
ström,"Engelbert, Rolf",1880,1,41955,23.83506137528304
ström,"Engström, Agnes",1840,1,23155,43.18721658389117
ström,"Engström, Albert",1890,1,8632,115.84800741427247
ström,"Engström, Albert",1900,15,133509,112.35197627126261
ström,"Engström, Albert",1910,9,152861,58.87701899110957
ström,"Engström, Gustaf",1860,1,4326,231.16042533518262
ström,"Engström, Jon",1830,24,224901,106.71362065975696
ström,"Engström, Jon",1840,16,121961,131.18947860381599
ström,"Ennes, Barthold Anders",1810,82,253114,323.9646957497412
ström,"Ericson, Alfred",1900,5,8097,617.5126590095097
ström,"Ericsson, Olof Abraham",1850,1,25139,39.778829706830024
ström,"Eriksson, E. W.",1860,1,10992,90.97525473071325
ström,"Eriksson, Erik Gustaf",1880,3,47606,63.01726673108432
ström,"Essen, Gustaf von",1870,4,39673,100.8242381468505
ström,"Essen, Johan August von",1840,2,60413,33.105457434658106
ström,"Essén, Ludvig",1890,1,14230,70.27406886858749
ström,Eugénie,1880,7,33606,208.2961375944772
ström,"Evers, Edvard",1880,1,39964,25.02252026824142
ström,"Fagerlund, Gustaf Wilhelm",1860,2,19514,102.49051962693451
ström,"Fahlcrantz, Axel Magnus",1850,1,40294,24.817590708294038
ström,"Fahlcrantz, Christian Eric",1830,2,17965,111.32758140829391
ström,"Fahlcrantz, Christian Eric",1840,3,28939,103.66633263070597
ström,"Fahlstedt, Amalia",1880,5,34324,145.670667754341
ström,"Fahlstedt, Amalia",1890,7,110659,63.25739433755953
ström,"Falck, Alberta",1880,2,4888,409.16530278232403
ström,"Falck, August",1930,2,78704,25.411669038422442
ström,"Falk, Hugo",1890,29,87835,330.1645130073433
ström,"Falkman, Charlotta",1850,1,141207,7.081801893673826
ström,"Fallström, Daniel",1880,7,128556,54.45097856187187
ström,"Fallström, Daniel",1890,9,33920,265.3301886792453
ström,"Fant, Johan Eric",1840,21,597435,35.15026739310552
ström,"Fehr, Fredrik",1870,2,6139,325.78595862518324
ström,"Feilitzen, Otto von",1840,1,58053,17.2256386405526
ström,"Feilitzen, Urban von",1870,2,50455,39.63928252898623
ström,"Fersen, Axel von",1920,11,585424,18.789800213178825
ström,"Fersen, Axel von",1930,12,227972,52.63804326847157
ström,"Feuk, Carl Gustaf Theodor",1890,1,11233,89.02341315766047
ström,"Fischer, Theodor",1890,2,17013,117.55716217010522
ström,"Fitinghoff, Laura",1880,1,24146,41.414727076948566
ström,"Fitinghoff, Laura",1890,3,160821,18.654280224597535
ström,"Fitinghoff, Laura",1910,1,33449,29.896259977876767
ström,"Fitzgerald, F. Scott",1940,2,61859,32.331592815920075
ström,"Flodin, Johan Joakim",1840,1,13349,74.91197842535021
ström,"Flodin, Ludvig",1840,1,7727,129.41633234114144
ström,"Flodman, Anders",1860,4,269192,14.859282593836369
ström,"Flodman, Anders",1870,4,458721,8.719897279610047
ström,"Flygare, Edvard",1850,2,76479,26.150969547195963
ström,"Flygare, Edvard",1860,8,118842,67.31626865922821
ström,"Flygare-Carlén, Emilie",1830,8,386704,20.687657743390293
ström,"Flygare-Carlén, Emilie",1840,93,2724568,34.13385167850463
ström,"Flygare-Carlén, Emilie",1850,12,723308,16.590442798918303
ström,"Flygare-Carlén, Emilie",1860,43,814169,52.81458763475396
ström,"Flygare-Carlén, Emilie",1870,12,329761,36.389991539326964
ström,"Flygare-Carlén, Emilie",1880,8,515456,15.520238390861683
ström,"Fogelholm, Axel",1880,1,10253,97.53242953281966
ström,"Fogelholm, Axel",1890,1,27503,36.359669854197726
ström,"Fogelqvist, Torsten",1920,1,20150,49.62779156327544
ström,"Fornell, Bror Edvard",1840,2,132348,15.111675280321576
ström,"Fornell, Bror Edvard",1850,7,295224,23.710809419288406
ström,"Forsman, Karl Fredrik",1880,21,36871,569.5533074774213
ström,"Forsman, Karl Fredrik",1890,7,16022,436.8992635126701
ström,"Forssberg, Edvard August",1880,1,10545,94.8316737790422
ström,"Forssell, Didrik Christian",1820,2,46466,43.042224422158135
ström,"Forssell, Emil",1890,8,68581,116.65038421720301
ström,"Forsslund, Karl-Erik",1890,5,108588,46.04560356577154
ström,"Forsslund, Karl-Erik",1900,11,122634,89.6977999575974
ström,"Forssman, Edith",1880,5,95706,52.24332852694711
ström,"Forssman, Edith",1890,26,548028,47.44283138817725
ström,"Forssman, Edith",1900,4,72959,54.825312846941436
ström,"Frank, Sten",1890,2,95110,21.02828304068973
ström,"Franzén, Frans Michael",1830,9,287355,31.320144072662735
ström,"Franzén, Frans Michael",1840,3,39980,75.0375187593797
ström,"Franzén, Frans Michael",1850,17,75020,226.60623833644362
ström,"Fredberg, Carl Rudolf A:son",1910,3,31647,94.79571523367144
ström,"Fredin, Edvard",1880,2,20155,99.23096005953857
ström,"Fredin, Edvard",1890,2,47570,42.04330460374185
ström,"Frese, Jacob",1860,8,25844,309.5496053242532
ström,"Fridlund, Anders",1860,1,6106,163.77333770062233
ström,"Friman, Jeanette Charlotta",1850,4,158833,25.183683491465878
ström,"Friman, Jeanette Charlotta",1860,8,108442,73.7721547002084
ström,"Frunck, Gudmund",1880,6,189241,31.70560290846064
ström,"Frykholm, Maria Barbara",1860,8,114913,69.61788483461402
ström,"Frykholm, Sunny",1890,3,98036,30.601003712921784
ström,"Fryxell, Olof",1830,13,117242,110.88176592006278
ström,"Fryxell, Olof",1840,6,82208,72.98559750875827
ström,"Fröding, Gustaf",1890,13,178104,72.99106140232674
ström,"Furuhjelm, August Leonhard",1870,2,36425,54.9073438572409
ström,"Furuhjelm, Maria",1870,3,243430,12.323871338783222
ström,"Furuhjelm, Maria",1890,7,62460,112.07172590457893
ström,"Fåhræus, Klas",1890,2,9979,200.42088385609782
ström,"Fåhræus, Olof Immanuel",1860,1,8157,122.59409096481549
ström,"Gadelius, Bror",1900,2,56919,35.1376517507335
ström,"Gadelius, Bror",1920,5,107081,46.693624452517255
ström,"Gadolin, Sara Carolina",1850,1,24254,41.230312525768944
ström,"Geijer, Erik Gustaf",1830,15,112391,133.4626438059987
ström,"Geijer, Erik Gustaf",1840,3,131671,22.784060271434104
ström,"Geijer, Erik Gustaf",1850,78,1627119,47.937489513674166
ström,"Geijer, Erik Gustaf",1920,81,1937136,41.814307307282505
ström,"Geijer, Erik Gustaf",1930,19,426699,44.527875621925524
ström,"Geijerstam, Gustaf af",1880,29,580180,49.984487572822225
ström,"Geijerstam, Gustaf af",1890,51,967087,52.73568975697119
ström,"Geijerstam, Gustaf af",1900,4,86787,46.089852166799176
ström,"Gellerstedt, Albert Theodor",1890,1,9295,107.58472296933836
ström,"Gellerstedt, Albert Theodor",1900,2,16281,122.84257723727043
ström,"Gernandt-Claine, Jane",1890,19,201394,94.342433240315
ström,"Gernandt-Claine, Jane",1900,1,42438,23.563787171874264
ström,"Gestrin, Mathilda",1860,2,142930,13.992863639543833
ström,"Gestrin, Mathilda",1870,3,114421,26.21896330219103
ström,"Gethe, Carl",1850,1,16285,61.406202026404664
ström,"Giertz, Theodor",1890,4,37772,105.89854918987609
ström,"Gille, Elsa",1910,2,45578,43.88081969371188
ström,"Goethe, Johann Wolfgang von",1900,5,105706,47.301004673339264
ström,"Goncourt, Edmond de",1920,7,157664,44.39821392327988
ström,"Gottman, Georg August",1860,16,14798,1081.2271928639004
ström,"Govenius, Lars Johan",1850,4,144240,27.731558513588464
ström,"Govenius, Lars Johan",1860,12,126293,95.01714267615782
ström,"Govenius, Lars Johan",1870,2,236954,8.440456797521882
ström,"Govenius, Lars Johan",1880,26,257372,101.02109009527067
ström,"Govenius, Lars Johan",1890,1,131071,7.629452739355006
ström,"Grafström, Frithiof",1880,18,56253,319.98293424350703
ström,"Granath, Wilhelm",1890,265,4062759,65.2266107834602
ström,"Granath, Wilhelm",1900,14,255329,54.83121776218134
ström,"Granberg, Johan",1890,2,35561,56.241388037456765
ström,"Granberg, Per Adolf",1810,10,17043,586.7511588335387
ström,"Granfelt, Axel Fredrik",1870,4,38718,103.31112144222325
ström,"Granfelt, George",1890,3,13641,219.92522542335607
ström,"Granholm, J.",1890,2,70485,28.374831524437823
ström,"Granlund, O. F.",1860,1,4430,225.73363431151242
ström,"Gravallius, Wilhelmina",1840,8,246396,32.46805954642121
ström,"Gravallius, Wilhelmina",1860,7,203121,34.46221710212139
ström,"Gravallius, Wilhelmina",1870,4,129250,30.947775628626694
ström,"Gravallius, Wilhelmina",1880,5,185954,26.888370242102887
ström,"Gravallius, Wilhelmina",1890,6,193001,31.087921824239253
ström,"Gravander, Lars Fredric",1830,6,27033,221.9509488403063
ström,"Grebst, William A:son",1910,12,52944,226.65457842248412
ström,"Grimm, Jacob",1890,3,312708,9.593614490195327
ström,"Gripenberg, Alexandra",1870,1,46048,21.716469770674077
ström,"Gripenberg, Alexandra",1880,1,115264,8.675735702387563
ström,"Gripenhielm, Carl",1830,4,10407,384.3566830018257
ström,"Gräf, Hans Gerhard",1920,3,35604,84.26019548365352
ström,"Gråbergh, Otto",1860,1,27803,35.96734165377837
ström,"Grönlund, Karl",1880,1,9206,108.62480990658267
ström,"Grönstedt, Johan",1880,3,162390,18.474043968224645
ström,"Grönwall, Wilhelmina",1840,5,107919,46.33104457973109
ström,"Gullberg, Gustaf Teodor ",1890,1,32570,30.703101013202332
ström,"Gullbrandssen, Emilia",1860,2,140190,14.266352806904914
ström,"Gumælius, Gustaf Wilhelm",1850,1,32373,30.88993914681988
ström,"Gumælius, Gustaf Wilhelm",1870,2,66354,30.14136299243452
ström,"Gustafsson, Richard",1860,11,122031,90.14102973834517
ström,"Gustafsson, Richard",1870,16,177930,89.9230034283145
ström,"Gustafsson, Richard",1880,10,93091,107.42177009592764
ström,"Gylander, Ebba Karolina",1840,1,42516,23.520556966788973
ström,"Gyllenhaal, Aurore",1880,7,199328,35.11799646813293
ström,"Gyllenhaal, Mathilda",1850,1,8527,117.27453969743169
ström,"Gyllenius, Petrus",1820,6,135528,44.271294492650966
ström,"Gällstedt, Per Johan",1840,1,47846,20.9003887472307
ström,"Gérard, Jean Ignace Isidore",1870,2,99295,20.14200110781006
ström,"Gödecke, Peter August",1860,8,32587,245.496670451407
ström,"Gödecke, Peter August",1870,1,40770,24.527839097375523
ström,"Götberg, Reinhold",1860,1,38405,26.038276266111183
ström,"Götberg, Reinhold",1870,1,13355,74.87832272557095
ström,"Göthe, Georg",1870,8,73561,108.75327959108768
ström,"Götlind, Johan",1920,7,133720,52.34819024827999
ström,"Hackzell, Emilie",1830,2,15960,125.31328320802005
ström,"Hackzell, Emilie",1860,1,222573,4.492907944809119
ström,"Hackzell, Emilie",1890,1,102813,9.726396467372803
ström,"Hagberg, Carl August",1830,3,44710,67.09908297919928
ström,"Hagberg, Fredrik Theodor",1870,2,6564,304.69226081657524
ström,"Hagberg, J. A.",1890,1,487,2053.388090349076
ström,"Hagberg, Louise",1930,8,307039,26.055321962356572
ström,"Haglöf, Karl",1890,3,3873,774.5933384972889
ström,"Hagström, K. A.",1890,11,720270,15.27205075874325
ström,"Hagström, K. A.",1900,12,305808,39.24030764401193
ström,"Hagström, Tore",1960,40,647980,61.730300317911045
ström,"Hahn, C. von",1890,1,47419,21.088593179948965
ström,"Hall, Wilhelm",1890,2,8480,235.8490566037736
ström,"Hallbäck, Henric",1870,3,41343,72.56367462448299
ström,"Hallbäck, Henric",1880,5,32547,153.62398992226625
ström,"Hallenborg, Carl",1890,2,36757,54.41140463041054
ström,"Hallenborg, Eleonora Charlotta Filippina Fredrika Lovisa",1850,1,42335,23.62111727884729
ström,"Hallman, Axel",1860,11,82887,132.7107990396564
ström,"Hallonlöf, Axel",1880,6,31567,190.07191053948745
ström,"Hamilton, Knut",1880,1,6337,157.80337699226763
ström,"Hammarin, Johan",1840,16,415181,38.53740898547862
ström,"Hammarsköld, Lorenzo",1830,13,508812,25.549711877864517
ström,"Hammarström, Anders August",1830,1,6874,145.47570555717195
ström,"Hamsun, Knut",1900,3,48503,61.8518442158217
ström,"Hanselli, Per",1860,4,62219,64.28904353975474
ström,"Hanselli, Per",1870,1,23686,42.21903233977877
ström,"Hansson, Ola",1880,4,67109,59.604523983370335
ström,"Hansson, Ola",1890,9,285053,31.57307588413383
ström,"Hansson, Ola",1900,7,116294,60.192271312363495
ström,"Hansson, Ola",1910,5,96845,51.6288915276989
ström,"Hansson, Stina",1970,1,88498,11.299690388483356
ström,"Hansén, M.",1880,1,13448,74.360499702558
ström,"Harrison, Mary St. Leger Kingsley",1900,14,185623,75.42168804512372
ström,"Hartelius, Truls Johan",1890,3,27321,109.80564401010211
ström,"Hasselberg, Sofia",1860,1,9378,106.63254425250587
ström,"Hasselblad & Co., Fritz W.",1890,27,203553,132.6435866825839
ström,"Hasselgren, Andreas",1880,3,69844,42.95286638795029
ström,"Hasselskog, Nils",1920,9,97366,92.43473080952283
ström,"Hasselskog, Nils",1930,14,157959,88.6305940149026
ström,"Hazelius, Artur",1870,19,77745,244.38870666923918
ström,"Hebbe, Wendela",1840,10,82219,121.62638806115375
ström,"Hebbe, Wendela",1850,8,113835,70.27715553212984
ström,"Hebbe, Wendela",1870,1,71145,14.055801532082366
ström,"Hebbe, Wendela",1880,1,20296,49.27079227433977
ström,"Hedberg, Frans",1850,5,181657,27.524400380937703
ström,"Hedberg, Frans",1860,10,75621,132.23839938641382
ström,"Hedberg, Frans",1870,28,470045,59.568764692742185
ström,"Hedberg, Frans",1880,21,397363,52.84840309741974
ström,"Hedberg, Frans",1890,32,782051,40.91804754421387
ström,"Hedberg, Frans",1910,4,74225,53.89019872010778
ström,"Hedberg, John",1890,13,30794,422.1601610703384
ström,"Hedberg, Tor",1880,5,214965,23.25960040006513
ström,"Hedberg, Tor",1890,16,250637,63.83734245143375
ström,"Hedborn, Samuel",1830,10,62846,159.1191165706648
ström,"Hedenstierna, Alfred",1880,17,469833,36.18306930334821
ström,"Hedenstierna, Alfred",1890,28,880308,31.807049350909
ström,"Hedenstierna, Alfred",1900,3,87712,34.202845676760305
ström,"Hedin, Greta",1920,6,161322,37.19269535463235
ström,"Hedin, Sven",1880,24,147501,162.71076128297435
ström,"Hedin, Sven",1890,54,509247,106.0389162822756
ström,"Hedin, Sven",1900,147,790072,186.05899209185998
ström,"Hedin, Sven",1910,126,851315,148.00631963491776
ström,"Hedin, Sven",1920,4,33907,117.96974076149468
ström,"Hedlund, Sven Adolf",1850,1,49090,20.370747606437156
ström,"Hedvall, Yngve",1910,4,59400,67.34006734006734
ström,"Hedvall, Yngve",1920,5,71320,70.10656197420079
ström,"Hedvall, Yngve",1930,1,77482,12.906223380914277
ström,"Hedvall, Yngve",1940,3,58997,50.85004322253674
ström,"Hedvig Elisabet Charlotta, hertiginna och drottning av Sverige",1900,24,842659,28.481271783722715
ström,"Heidenstam, Verner von",1880,2,140250,14.260249554367201
ström,"Heidenstam, Verner von",1890,13,358205,36.29206739157745
ström,"Heidenstam, Verner von",1900,21,415213,50.576451122676794
ström,"Heidenstam, Verner von",1910,5,146544,34.11944535429632
ström,"Hellberg, Johan Carl",1860,1,16193,61.75507935527697
ström,"Heller, Frank",1910,21,548425,38.291471030678764
ström,"Heller, Frank",1920,2,86463,23.13128158865642
ström,"Heller, Frank",1930,2,50506,39.59925553399596
ström,"Helvig, Amalia von",1910,7,77907,89.85071944754644
ström,"Hemgren, Karl",1880,5,21800,229.3577981651376
ström,"Hemmer, Jarl",1910,3,37201,80.64299346791753
ström,"Hemmer, Jarl",1920,1,13940,71.73601147776183
ström,"Henriksson, Johannes",1880,1,37053,26.988368013386232
ström,"Henriksson, Johannes",1910,1,38117,26.23501324868169
ström,"Hernlund, Hugo",1880,7,139274,50.26063730488102
ström,"Herslow, G. A.",1870,3,60794,49.346975030430634
ström,"Hertzberg, Rafaël",1880,21,134808,155.77710521630763
ström,"Hertzberg, Rafaël",1890,15,80979,185.23320860963955
ström,"Heurgren, Paul",1920,8,92804,86.20318089737512
ström,"Hildebrand, Emil",1910,6,258026,23.253470580484137
ström,"Hildebrand, Hans",1870,1,38520,25.96053997923157
ström,"Hjelm, Runo",1890,15,223295,67.17570926353031
ström,"Hjerta, Gustaf",1830,1,7944,125.88116817724068
ström,"Hjohlman, Hjalmar",1880,3,55038,54.507794614629894
ström,"Hjorth, Ellis",1890,3,52329,57.32958780026372
ström,"Hjorth, Richard",1900,3,72697,41.26717746261882
ström,"Hjärne, Christina Charlotta",1880,1,12731,78.54842510407666
ström,"Hjärne, Rudolf",1850,5,128403,38.939900158095995
ström,"Hjärne, Rudolf",1880,3,41664,72.00460829493088
ström,"Hodell, Frans",1870,1,24103,41.48861137617724
ström,"Hofberg, Herman",1880,5,45866,109.01321240134304
ström,"Hofberg, Herman",1900,109,1537883,70.87665316542285
ström,"Hoffmann, Franz",1870,7,154897,45.19132068406748
ström,"Hofsten, Johanna Christina von",1860,7,122729,57.036234304850524
ström,"Hofsten, Johanna Christina von",1870,1,58804,17.00564587443031
ström,"Hofsten, Johanna Christina von",1880,12,388457,30.891450018921013
ström,"Hofsten, Johanna Christina von",1890,6,231568,25.9103157603814
ström,"Hollander, Sven August",1840,4,45539,87.83679922703617
ström,"Holmberg, Axel Emanuel",1840,3,96806,30.989814680908207
ström,"Holmberg, Teodor",1890,11,91248,120.55058741013502
ström,"Holmes, Ludvig",1890,17,57410,296.11565929280613
ström,"Holmgren, Ann Margret",1890,10,122587,81.57471836328484
ström,"Holmgren, Frithiof",1870,1,300,3333.3333333333335
ström,"Holmgren, Frithiof",1880,17,42676,398.35036085856217
ström,"Holmgren, Frithiof",1890,19,64314,295.42556830550114
ström,"Holmkvist, Albert",1890,2,78188,25.579372793779097
ström,"Holmström, C. F. A.",1840,1,34162,29.27229084948188
ström,"Holmström, C. F. A.",1850,5,65921,75.84836395078958
ström,"Hortling, Ivar",1920,3,31979,93.81156383876919
ström,"Hoving, Folke",1910,2,19414,103.01844030081385
ström,"Hoving, Isac Wilhelm",1830,1,17466,57.25409366769724
ström,"Hultgren, Gustaf",1890,1,48208,20.743445071357453
ström,"Hulth, Johan",1880,1,14759,67.75526797208482
ström,"Hultin, Constance",1840,5,211848,23.601827725539067
ström,"Hultin, Måns",1870,9,104686,85.9713810824752
ström,"Humble, Julius",1870,1,29616,33.765532144786604
ström,"Hvalgren, Emanuel",1880,5,26650,187.6172607879925
ström,"Hwasser, Israel",1840,1,91310,10.951702989814915
ström,"Hydén, Nils",1890,20,324254,61.68004095554719
ström,"Hydén, Nils",1900,13,276435,47.02733011376996
ström,"Hyltén-Cavallius, Gunnar Olof",1920,20,324027,61.72325145744028
ström,"Hyvönen, Kristina",1880,1,7239,138.1406271584473
ström,"Hägerström, Axel",1890,1,63718,15.694152358831099
ström,"Hässler, Otto",1880,5,401643,12.448866281747721
ström,"Häthén, Johan Anselm",1890,16,100609,159.0314981761075
ström,"Håhl, Johan Isaac",1840,15,366984,40.87371656529985
ström,"Hård af Segerstad, Carl Gustaf Albrekt",1870,3,17574,170.7067258449983
ström,"Hærén, Mortimer",1860,2,41076,48.69023273931249
ström,"Högberg, Olof",1900,15,342748,43.76393151819996
ström,"Höggren, Fanchette",1840,1,117916,8.480613317955154
ström,"Höglund, Hjalmar",1900,15,52771,284.24702961854047
ström,"Högman, August",1890,5,82592,60.53855094924448
ström,"Högström, Erik",1850,1,10157,98.45426799251747
ström,"Högström, Erik",1900,4,11663,342.9649318357198
ström,"Höijer, Johan Leonard",1840,1,52050,19.21229586935639
ström,"Höijer, Johan Leonard",1870,1,6841,146.177459435755
ström,"Hökerberg, Thea",1890,1,5209,191.9754271453254
ström,"Höpken, Anders Johan von",1890,25,464542,53.816447167317484
ström,"Hülphers, Abraham Abrahamsson",1880,21,59439,353.3033866653208
ström,"Ibsen, Henrik",1870,7,72335,96.77196377963641
ström,"Ibsen, Henrik",1880,3,60874,49.28212373098531
ström,"Ibsen, Henrik",1900,1,39593,25.256989871947063
ström,"Idman, Carl Johan",1850,1,12060,82.91873963515755
ström,"Idström, Ellen",1890,7,240165,29.146628359669393
ström,"Inberg, Fredrik Leonard",1860,2,8228,243.07243558580456
ström,"Indebetou, Hedvig",1880,2,22076,90.59612248595761
ström,"Indebetou, Hedvig",1890,1,50169,19.932627718312105
ström,"Indebetou, Johan Govert",1830,2,39103,51.146970820653145
ström,"Ingelius, Axel Gabriel",1850,17,364678,46.61646712990638
ström,"Ingelman, Georg Gabriel",1830,9,88369,101.84566986160306
ström,"Ingelman, Georg Gabriel",1840,2,55592,35.97639948193985
ström,"Iser, Carl",1800,1,13308,75.14277126540426
ström,"Ivendorff, Carl Johan",1840,2,78318,25.536913608621262
ström,"Jacobson, Harald",1890,19,68191,278.6291446085261
ström,"Jacobsson, Christoffer Fritz",1820,4,11054,361.85996019540437
ström,"Jacobsson, Christoffer Fritz",1830,7,83746,83.5860817233062
ström,"Jacobsson, Jacob Thimoteus",1880,3,49694,60.3694611019439
ström,"Jaenzon, Anders Peter",1890,2,5584,358.1661891117478
ström,"Jahnsson, Evald Ferdinand",1870,1,87315,11.452785890167783
ström,"Jahnsson, Evald Ferdinand",1880,1,51233,19.518669607479556
ström,"James, D.",1880,29,311224,93.18047451353367
ström,"Janson, Betty",1880,2,54576,36.64614482556435
ström,"Janson, Betty",1890,6,177288,33.84323812102342
ström,"Janson, Betty",1900,3,69266,43.31129269771605
ström,"Janson, Gustaf",1890,6,218309,27.483979130498515
ström,"Janzon, Gustaf",1850,3,37302,80.4246421103426
ström,"Jensen, Alfred",1890,3,26471,113.33157039779381
ström,"Johanson, Klara",1900,4,75519,52.96680305618454
ström,"Johanson, Klara",1920,4,80164,49.897709695124995
ström,"Johanson, Klara",1940,7,104609,66.91584854075653
ström,"Johansson, Johannes",1860,2,5347,374.0415186085655
ström,"Johansson, Johannes",1870,5,31074,160.90622385273863
ström,"Johansson, Johannes",1900,6,41303,145.267898215626
ström,"Johansson, Konrad",1900,3,13105,228.9202594429607
ström,"Johnson, John",1880,8,222048,36.028246144977665
ström,"Johnson, John",1890,30,394527,76.04042308891407
ström,"Johnson, John",1900,7,78583,89.07779036178309
ström,"Jolin, Ellen",1910,6,82543,72.68938613813407
ström,"Jolin, Johan",1860,14,247825,56.49147583980631
ström,"Jolin, Johan",1870,16,380713,42.02640834434337
ström,"Jolin, Johan",1880,14,261141,53.610884541301445
ström,"Jolin, Johan",1890,27,451682,59.77656847073826
ström,"Jolin, Johan",1920,4,87109,45.91948019148423
ström,"Jonsson, Hans Jonas Bernhard",1890,1,6420,155.76323987538942
ström,"Jonsson, Thorsten",1930,10,73758,135.5785135171778
ström,"Jonsson, Thorsten",1940,9,146692,61.35303902053282
ström,"Jonsson, Thorsten",1950,7,90936,76.97721474443564
ström,"Josephson, Ernst",1880,3,6079,493.5022207599934
ström,"Josephson, Ernst",1890,2,16595,120.51822838204278
ström,"Josephson, Ludvig",1870,2,40868,48.938044435744345
ström,"Josephson, Ludvig",1890,8,93878,85.21698374486036
ström,"Jouvin, Maria",1890,10,27905,358.35871707579287
ström,"Juhler, Charlotta Amalia",1860,2,27035,73.97817643795081
ström,"Juringius, Johan Paul",1850,3,9676,310.0454733360893
ström,"Juringius, Sofia Maria",1860,1,123470,8.099133392726978
ström,"Jäderin, Axel",1870,4,19157,208.80096048441823
ström,"Jäderin, Axel",1890,1,61888,16.158221302998967
ström,"Jändel, Ragnar",1910,3,15252,196.6955153422502
ström,"Jändel, Ragnar",1920,11,154340,71.27121938577167
ström,"Jändel, Ragnar",1930,3,70595,42.49592747361711
ström,"Järta, Hans",1890,4,118096,33.87074922097277
ström,"Jænisch, Alexander",1890,5,97007,51.542672178296414
ström,"Kamke, Hanna",1890,2,76341,26.198242097955227
ström,"Kantzow, Edvard Bosanquet S:t George de",1890,3,18050,166.2049861495845
ström,"Karadja, Mary",1890,1,19192,52.10504376823677
ström,"Karadja, Mary",1900,1,15322,65.26563111865292
ström,"Karl XI, kung av Sverige",1900,2,40516,49.36321453253036
ström,"Karl XV, kung av Sverige",1850,1,22435,44.573211499888565
ström,"Karl XV, kung av Sverige",1860,9,44780,200.9825815096025
ström,"Karlberg, Gustaf",1900,2,43170,46.328468844104705
ström,"Karlfeldt, Erik Axel",1890,7,20897,334.9763123893382
ström,"Karlfeldt, Erik Axel",1900,7,22250,314.60674157303373
ström,"Karlfeldt, Erik Axel",1910,3,48090,62.38303181534623
ström,"Karlfeldt, Erik Axel",1920,13,50763,256.09203553769476
ström,"Karlfeldt, Erik Axel",1930,4,51894,77.08020195012911
ström,"Kellgren, Johan Henric",1800,1,8771,114.01208528103979
ström,"Kellmodin, Frithiof",1860,3,16083,186.53236336504384
ström,"Kellmodin, Frithiof",1870,7,32799,213.42114088844173
ström,"Kemner, Gustaf Wilhelm",1860,1,6076,164.58196181698486
ström,"Kerfstedt, Amanda",1880,16,368134,43.462434874257745
ström,"Kerfstedt, Amanda",1890,7,240721,29.07930758014465
ström,"Kerfstedt, Amanda",1900,3,63300,47.39336492890995
ström,"Kerfve, Axel",1890,72,948369,75.91981602097917
ström,"Kerfve, Axel",1900,33,445915,74.00513550788827
ström,"Key, Ellen",1890,10,267625,37.365716954694065
ström,"Key, Ellen",1900,3,187000,16.0427807486631
ström,"Key, Gustaf",1870,5,11058,452.16133116295896
ström,"Key, Helmer",1890,2,27372,73.06736811340056
ström,"Key-Rasmussen, Hedda",1880,2,27816,71.90106413574921
ström,"Keyland, Nils",1910,16,313867,50.97700618414806
ström,"Keyser, Hilda Fredrika",1850,7,124385,56.27688226072276
ström,"Keyser, Hilda Fredrika",1870,13,178910,72.66223240735566
ström,"Keyser, Hilda Fredrika",1890,3,75365,39.8062761228687
ström,"Kiechel, Samuel",1890,2,15043,132.95220368277603
ström,"Kiellman-Göranson, Julius Axel",1830,1,9099,109.90218705352237
ström,"Kiellman-Göranson, Julius Axel",1840,20,519605,38.49077664764581
ström,"Kiellman-Göranson, Julius Axel",1850,44,810772,54.269264355453814
ström,"Kiellman-Göranson, Julius Axel",1860,19,607184,31.291997154075204
ström,"Kinberg, August",1870,1,7480,133.6898395721925
ström,"Kinninmundt, Sophie Henriette",1840,1,14650,68.25938566552901
ström,"Kipling, Rudyard",1890,24,136202,176.20886624278646
ström,"Kipling, Rudyard",1900,7,172746,40.52192235999676
ström,"Kipling, Rudyard",1910,2,25625,78.04878048780488
ström,"Kjellander, Ernst Jonas Fredrik",1840,1,82121,12.177153225119032
ström,"Kjellberg, Isidor",1860,1,26936,37.125037125037124
ström,"Kjellenberg, Matthias",1830,4,48016,83.30556481172943
ström,"Kjellenberg, Matthias",1840,4,27576,145.0536698578474
ström,"Kjellgren, Josef",1930,26,289746,89.73376681645303
ström,"Kjellstedt, Harald",1880,3,12270,244.49877750611248
ström,"Kjellstrand, Johan Fredrik",1850,5,12113,412.779658218443
ström,"Kjellén, Rudolf",1900,2,5302,377.2161448509996
ström,"Kjersén, Elis",1880,4,5723,698.9341254586756
ström,"Kleman, Ellen",1900,1,37650,26.56042496679947
ström,"Klemming, Gustaf Edvard",1860,37,299847,123.39626542870197
ström,"Klemming, Gustaf Edvard",1880,11,373934,29.41695593340001
ström,"Klinckowström, Axel",1890,5,50191,99.61945368691597
ström,"Klinckowström, Rudolf Mauritz",1880,2,7751,258.0312217778351
ström,"Klockhoff, Daniel",1870,16,161786,98.89607258971728
ström,"Kléen, Emil",1890,11,91873,119.73049753464021
ström,"Kléen, Emil",1900,5,17550,284.9002849002849
ström,"Knorring, Sophie von",1830,4,396920,10.07759750075582
ström,"Knorring, Sophie von",1840,10,899110,11.122109641756849
ström,"Knutsson, Albertina",1890,1,10887,91.8526683200147
ström,"Knös, Thekla",1850,1,89603,11.160340613595526
ström,"Koch, Ebba von",1890,1,57178,17.489244114869354
ström,"Koch, Martin",1910,50,442498,112.994860993722
ström,"Koch, Richert von",1860,2,86347,23.162356538154192
ström,"Koch, Richert von",1870,3,43985,68.20506991019666
ström,"Koch, Richert von",1890,21,423042,49.64046123079978
ström,"Kock, Carl Anton",1830,1,8177,122.29423994129877
ström,"Krok, Johan Peter",1830,3,155292,19.318445251526157
ström,"Kronqvist, Olivia",1880,1,12486,80.08970046452026
ström,"Krook, Axel",1850,6,75928,79.02223158782004
ström,"Krook, Axel",1860,10,332147,30.10715135166056
ström,"Krook, Axel",1880,5,97407,51.33101317153798
ström,"Krook, Herman Salomon",1860,3,73168,41.00153072381369
ström,"Krook, Nathalia",1890,2,6256,319.693094629156
ström,"Kruse, Sigrid",1900,4,31330,127.67315671879987
ström,"Krusenstjerna, Agnes von",1910,7,64716,108.16490512392608
ström,"Krusenstjerna, Agnes von",1920,40,447382,89.4090508782204
ström,"Krusenstjerna, Agnes von",1930,28,760190,36.83289703889817
ström,"Krusenstjerna, Fredrik von",1870,2,31371,63.7531478116732
ström,"Kræmer, Anders Robert von",1850,23,50978,451.1750166738593
ström,"Kræmer, Anders Robert von",1860,1,22460,44.52359750667854
ström,"Kræmer, Lotten von",1860,5,37797,132.28563113474615
ström,"Kræmer, Lotten von",1870,11,44291,248.35745411031587
ström,"Kræmer, Lotten von",1880,22,79117,278.06918866994454
ström,"Kræmer, Lotten von",1890,23,78946,291.33838319864213
ström,"Kræmer, Vera von",1930,7,269227,26.00036400509607
ström,"Kullberg, Carl A.",1850,11,49463,222.38845197420295
ström,"Kullberg, Karl Anders af",1830,28,512752,54.60729553468343
ström,"Kullberg, Karl Anders af",1840,24,708355,33.88131657149311
ström,"Kullberg, Karl Anders af",1870,4,99840,40.06410256410256
ström,"Kullgren, Karl E.",1860,3,10694,280.5311389564242
ström,"Kullgren, Olga",1880,10,18644,536.3655867839519
ström,"Kuylenstierna-Wenster, Elisabeth",1890,5,86540,57.77675063554425
ström,"Kuylenstierna-Wenster, Elisabeth",1900,2,45227,44.22137218917903
ström,"Kämpe, Alfred",1900,1,75362,13.269286908521536
ström,"Kämpe, Alfred",1910,10,146622,68.20258897027732
ström,"Kärrström, E. J.",1890,1,27653,36.16244168806278
ström,"Lagerberg, Swen",1890,40,122556,326.3814093149254
ström,"Lagerbring, Gustaf",1880,9,103862,86.6534439929907
ström,"Lagergren, Carl",1880,4,16540,241.8379685610641
ström,"Lagergren, Claes",1880,1,15498,64.5244547683572
ström,"Lagergren, Claes",1890,1,19250,51.94805194805195
ström,"Lagerhjelm, Agnes",1870,2,47239,42.33789877008404
ström,"Lagerlöf, Hedvig",1890,2,54809,36.49035742305096
ström,"Lagerlöf, Selma",1890,29,695774,41.68020075484281
ström,"Lagerlöf, Selma",1900,73,1232026,59.251996305272776
ström,"Lagerlöf, Selma",1910,20,705812,28.33615750369787
ström,"Lagerlöf, Selma",1920,10,391795,25.523551857476487
ström,"Lagerlöf, Selma",1930,35,650198,53.829756474181714
ström,"Lagerlöf, Selma",1940,16,311149,51.42230892594866
ström,"Lagerlöf, Selma",2010,19,232916,81.57447320063886
ström,"Lagerlöw, Emil",1870,2,11005,181.7355747387551
ström,"Lagerman, J.",1870,2,22871,87.44698526518299
ström,"Lagerström, Selma",1890,2,15092,132.520540683806
ström,"Lagervall, Gustaf Fredrik",1850,2,34850,57.38880918220947
ström,"Lagus, Gabriel",1860,1,45573,21.94281701884888
ström,"Lagus, Gabriel",1870,2,18033,110.90778018077968
ström,"Lagus, Gabriel",1890,3,18098,165.76417283677753
ström,"Lahng, Lars Herman",1890,2,10587,188.91092849721358
ström,"Lamberg, Adalbert",1870,1,1754,570.1254275940707
ström,"Lamm, Gustaf M.",1890,1,10267,97.39943508327652
ström,"Lamm, Martin",1930,1,5631,177.5883502042266
ström,"Lamm, Martin",1940,16,213547,74.92495797178138
ström,"Landahl, Martin",1890,3,88594,33.86233830733458
ström,"Landahl, Martin",1900,10,58151,171.96608828738974
ström,"Landberg, Carlo",1900,1,10740,93.10986964618249
ström,"Landquist, Ellen",1910,2,44571,44.87222633550964
ström,"Landqvist, Rudolf",1890,4,38814,103.05559849538827
ström,"Lange, Ina",1880,2,120439,16.605916688115975
ström,"Langlet, Mathilda",1870,1,24016,41.63890739506996
ström,"Langlet, Mathilda",1890,2,538116,3.7166707550044973
ström,"Langlet, Mathilda",1900,9,168555,53.39503426181365
ström,"Lannerstjerna, Johan Magnus",1860,2,42628,46.917519001595196
ström,"Larsson, Carl",1910,1,25360,39.43217665615142
ström,"Larsson, Carl",1930,3,81129,36.97814591576378
ström,"Larsson, Hans",1890,3,56630,52.97545470598622
ström,"Larsson, Hans",1910,4,75570,52.93105729786952
ström,"Larsson, Leon",1900,4,11555,346.17048896581565
ström,"Laurén, Ludvig Leonard",1880,8,33260,240.52916416115454
ström,"Laurén, Ludvig Leonard",1890,10,7660,1305.4830287206266
ström,"Leffler, Anne Charlotte",1880,11,282798,38.89702190255942
ström,"Leffler, Anne Charlotte",1890,11,169179,65.0198901754946
ström,"Leijonhufvud, Sigrid",1890,10,114591,87.26688832456301
ström,"Leinberg, Karl Gabriel",1900,4,111514,35.86993561346557
ström,"Leistenius, Jacob Gabriel",1840,4,28665,139.54299668585384
ström,"Leistenius, Jacob Gabriel",1850,4,17555,227.85531187695813
ström,"Leistenius, Jacob Gabriel",1880,13,104877,123.95472791937222
ström,"Lenngren, Anna Maria",1840,1,51166,19.544228589297582
ström,"Lennstrand, Viktor E.",1880,8,72489,110.36157210059457
ström,"Leopold, Carl Gustaf af",1800,1,5628,177.68301350390902
ström,"Leufstedt, Gustaf Joakim",1870,1,99897,10.010310619938537
ström,"Leufstedt, Gustaf Joakim",1880,1,5749,173.94329448599757
ström,"Levart, Johan",1890,5,74990,66.67555674089878
ström,"Levertin, Oscar",1880,11,129322,85.05900001546527
ström,"Levertin, Oscar",1890,32,282783,113.16097502325104
ström,"Levertin, Oscar",1900,16,151708,105.46576317662878
ström,"Levin, August Henrik",1830,1,21888,45.687134502923975
ström,"Levin, August Henrik",1840,3,17464,171.7819514429684
ström,"Levin, Carl Herman",1840,2,48113,41.56880676740174
ström,"Lewald, August",1880,8,91769,87.1754078174547
ström,"Lewenhaupt, Adam",1920,25,1160323,21.54572476801718
ström,"Lidback, Paul Gustaf Andreios",1840,4,90611,44.14475063733984
ström,"Lidforss, Bengt",1910,3,19597,153.08465581466552
ström,"Liedbeck, Carl Harald",1880,3,18771,159.821000479463
ström,"Liedbeck, Jetta",1840,6,25121,238.84399506389076
ström,"Lilja, Nils",1830,4,41689,95.94857156564082
ström,"Lilja, Nils",1840,2,39650,50.441361916771754
ström,"Lilja, Nils",1860,1,22208,45.028818443804035
ström,"Lilliecrona, Casper Henning",1890,3,9556,313.9388865634157
ström,"Lilliestierna, August Edvard",1870,3,83278,36.02391988280218
ström,"Lilljebjörn, Elisabeth",1890,2,48109,41.57226298613565
ström,"Limborg, Ossian",1880,7,129747,53.951151086344964
ström,"Linck, Emma Elisabeth",1870,7,182760,38.30159772379076
ström,"Linck, Josef",1880,1,34819,28.71995175048106
ström,"Lind, Carl",1900,8,116442,68.70373233025884
ström,"Lind, Christer",1940,1,5078,196.92792437967705
ström,"Lind, Erik Henrik",1920,1,224146,4.461377851935792
ström,"Lindahl, Sven Peter August",1880,1,21318,46.908715639365795
ström,"Lindbeck, Clas",1890,2,4671,428.17383857846283
ström,"Lindberg, Erik Magnus",1860,3,17659,169.8850444532533
ström,"Lindberg, Otto Emil",1890,1,29295,34.135518006485746
ström,"Lindberg, Per",1910,6,44435,135.02869359738943
ström,"Lindberg, Per",1920,3,49918,60.09856164109139
ström,"Lindberg, Per",1930,5,101976,49.03114458303914
ström,"Lindberg, Per",1940,19,328375,57.860677578987435
ström,"Lindblad, Adolf",1890,2,27336,73.16359379572725
ström,"Lindblad, Elis Wilhelm",1860,2,64657,30.932458975826282
ström,"Lindblad, Elis Wilhelm",1870,4,14439,277.02749497887663
ström,"Lindblad, Johan Michael",1840,9,33137,271.5997223647282
ström,"Lindblad, Johan Michael",1850,3,73287,40.93495435752589
ström,"Lindblom, Edel",1880,1,45315,22.067747986317997
ström,"Lindblom, Edel",1890,1,48673,20.545271505762948
ström,"Lindbäck, Olof",1870,2,26587,75.22473389250385
ström,"Lindeberg, Anders",1810,1,11780,84.88964346349745
ström,"Lindeberg, Anders",1830,50,408679,122.34541045661754
ström,"Lindeblad, Assar",1830,3,44913,66.79580522343197
ström,"Lindeblad, Assar",1840,2,28312,70.64142413111048
ström,"Lindell, Olof",1870,1,7718,129.5672454003628
ström,"Linder, Marie",1860,1,52998,18.86863655232273
ström,"Linder, Sten",1930,2,185504,10.781438675176815
ström,"Lindfors, Otto",1880,5,55970,89.33357155619082
ström,"Lindfors, Otto",1890,1,12723,78.59781498074354
ström,"Lindgren, Anders",1840,1,8829,113.26311020500623
ström,"Lindgren, Hellen",1890,10,42817,233.55209379452086
ström,"Lindgren, Ida",1910,1,41886,23.874325550303205
ström,"Lindgren, Martin",1870,3,105917,28.324065069818822
ström,"Lindh, Theodor",1860,8,48038,166.5348265956118
ström,"Lindh, Theodor",1870,14,43175,324.2617255356109
ström,"Lindholm, Charlotte",1880,2,12619,158.49116411760045
ström,"Lindholm, Charlotte",1890,2,9804,203.9983680130559
ström,"Lindholm, Fredrik",1880,4,183182,21.836206614186985
ström,"Lindholm, Per August",1880,4,178880,22.361359570661897
ström,"Lindholm, Per August",1890,8,252561,31.675516013953064
ström,"Lindholm, Per August",1900,2,47581,42.03358483428259
ström,"Lindholm, Valdemar",1900,11,52482,209.59567089668838
ström,"Lindhé, Wilma",1870,1,9668,103.4340091021928
ström,"Lindhé, Wilma",1880,14,278057,50.349388794383884
ström,"Lindhé, Wilma",1890,9,216303,41.60829946880071
ström,"Lindhé, Wilma",1900,1,131308,7.615682212812624
ström,"Lindkvist, Alfred",1880,3,141703,21.171040838937778
ström,"Lindman, Volmar",1880,1,16852,59.34013766911939
ström,"Lindman, Volmar",1890,5,85663,58.36825700710926
ström,"Lindorm, Erik",1910,1,10337,96.73986649898423
ström,"Lindorm, Erik",1930,2,39877,50.154224239536575
ström,"Lindorm, Erik",1940,6,30602,196.0656166263643
ström,"Lindqvist, Fredrika Lovisa",1830,1,20239,49.40955580809329
ström,"Lindqvist, Gustaf",1890,2,44200,45.248868778280546
ström,"Lindqvist, Gustaf",1900,3,43779,68.52600561913246
ström,"Lindqvist, Josef",1870,12,253336,47.36792244292165
ström,"Lindqvist, Josef",1880,21,479767,43.77124729295679
ström,"Lindqvist, Märta",1930,2,63252,31.61955353190413
ström,"Lindqvist, Uno Leopold",1840,1,90064,11.103215491206253
ström,"Lindskoug, Anders",1880,7,28229,247.97194374579334
ström,"Lindström, Sigfrid",1920,5,61228,81.66198471287646
ström,"Lindström, Sigfrid",1930,2,53703,37.241867307226784
ström,"Ling, Per Henrik",1860,19,492118,38.608626386354494
ström,"Linnarsson, Linnar",1940,3,151108,19.85334992191016
ström,"Linnarsson, Linnar",1950,19,276292,68.76782534420106
ström,"Linnarsson, Linnar",1960,10,72719,137.5156424043235
ström,"Linnerhielm, Jonas Carl",1790,11,102948,106.8500602245794
ström,"Linnerhielm, Jonas Carl",1800,21,76006,276.29397679130597
ström,"Linnerhielm, Jonas Carl",1810,60,77357,775.6247010613131
ström,"Lipmanson, Leopold",1870,2,2912,686.8131868131868
ström,"Lithander, Johan Georg",1860,1,14842,67.37636437137851
ström,"Ljungberg, Eva",1880,6,93279,64.32315955359728
ström,"Ljungberg, Eva",1890,1,53793,18.589779339319243
ström,"Ljungberg, Per Adolf",1880,13,171664,75.72933171777426
ström,"Ljunggren, Albert Gustaf",1890,5,71879,69.56134615117072
ström,"Ljunggren, Albert Gustaf",1900,3,27013,111.05763891459668
ström,"Ljunggren, Algot",1880,1,5844,171.11567419575633
ström,"Ljunggren, C. Aug.",1850,1,47444,21.077480819492454
ström,"Ljunggren, Gustaf",1860,3,225853,13.282976095070687
ström,"Ljunggren, Gustaf",1870,19,582220,32.63371234241352
ström,"Ljunggren, Gustaf",1880,33,589132,56.01461132649389
ström,"Ljunggren, Gustaf",1890,44,508881,86.46422248030483
ström,"Ljunglöf, Emanuel",1890,9,15564,578.2575173477255
ström,"Ljungstedt, Aurora",1850,4,98506,40.60666355348913
ström,"Ljungstedt, Aurora",1860,17,448769,37.8814044642121
ström,"Ljungstedt, Aurora",1870,67,1582446,42.339517430610584
ström,"Ljungstedt, Aurora",1880,9,180889,49.754269192709344
ström,"Lloyd, Llewellyn",1870,7,136804,51.16809450016081
ström,"Londen, Lilly",1890,3,70211,42.72834740995001
ström,"Lovén, Nils",1830,5,19487,256.5813106173346
ström,"Lund, Sigurd",1880,8,19330,413.86445938954995
ström,"Lundberg, Emilie",1880,4,93190,42.923060414207534
ström,"Lundberg, Johan Fredrik",1900,1,7065,141.54281670205236
ström,"Lundberg, Theo",1900,5,10154,492.4167815639157
ström,"Lundberg-Nyblom, Ellen",1890,3,9358,320.5813207950417
ström,"Lundeblom, Richard",1880,2,26248,76.19628162145688
ström,"Lundeblom, Richard",1890,13,84549,153.75699298631562
ström,"Lundegård, Axel",1880,6,97327,61.64784694894531
ström,"Lundegård, Axel",1890,47,663851,70.79901965953204
ström,"Lundegård, Axel",1900,10,168216,59.44737718171874
ström,"Lundegård, Karl",1890,5,24607,203.19421302881295
ström,"Lundequist, Nils Wilhelm",1830,2,65002,30.768284052798375
ström,"Lundequist, Sophie",1890,3,33250,90.22556390977444
ström,"Lundgren, Elam",1890,1,4629,216.02937999567942
ström,"Lundgren, Johan Erik",1840,2,12967,154.23768026528882
ström,"Lundgren, Nils August",1890,2,13398,149.27601134497687
ström,"Lundin, Anders",1880,27,117497,229.79310110045364
ström,"Lundin, August",1890,6,59923,100.12849823940724
ström,"Lundin, August",1900,3,71561,41.922276100110395
ström,"Lundin, Claës",1860,2,54382,36.77687470118789
ström,"Lundin, Claës",1870,15,282340,53.12743500743784
ström,"Lundin, Claës",1880,6,223768,26.813485395588287
ström,"Lundin, Claës",1890,5,69707,71.72880772375801
ström,"Lundius, Nicolaus Andreas",1900,3,16833,178.22135091783997
ström,"Lundmark, Janne",1840,2,11704,170.88174982911826
ström,"Lundquist, Aurora",1890,15,198157,75.6975529504383
ström,"Lundquist, Ernst",1860,3,74630,40.198311670909824
ström,"Lundquist, Ernst",1880,21,702213,29.90545603684352
ström,"Lundquist, Ernst",1890,11,302445,36.37024913620658
ström,"Lundquist, Ernst",1900,5,54560,91.64222873900293
ström,"Lundstedt, Bernhard",1890,41,320955,127.74376470221682
ström,"Lundstedt, Bernhard",1900,44,463808,94.86684145163515
ström,"Lundström, A.",1870,5,11579,431.8162190171863
ström,"Lundström, Enni",1910,1,31551,31.69471649076099
ström,"Lundström, Georg",1880,14,72582,192.8852883635061
ström,"Lundström, Ingeborg",1890,2,72982,27.404017428955086
ström,"Lundström, Isidor",1870,1,31253,31.99692829488369
ström,"Lundström, Mathilda",1860,6,273179,21.963620922545292
ström,"Lundström, Mathilda",1870,2,86905,23.013635579080606
ström,"Lundström, Vilhelm",1900,5,23072,216.7128987517337
ström,"Lunell, Lars",1880,3,78551,38.19174803630762
ström,"Lunell, Lars",1890,3,62226,48.21135859608524
ström,"Lunell, Lars",1900,1,15275,65.46644844517185
ström,"Lybeck, Mikael",1890,15,148910,100.73198576321268
ström,"Lybeck, Mikael",1900,3,64352,46.61859771258081
ström,"Lybeck, Mikael",1910,1,94744,10.554758084944693
ström,"Lybeck, Mikael",1920,1,47287,21.147461247277263
ström,"Lyckow, Gustaf",1890,3,43595,68.81523110448445
ström,"Læstadius, Petrus",1830,47,150434,312.4293710198492
ström,"Lénström, Carl Julius",1830,20,204893,97.61192427266914
ström,"Lénström, Carl Julius",1840,14,232710,60.16071505307035
ström,"Lénström, Carl Julius",1850,2,40181,49.77476916950798
ström,"Lénström, Carl Julius",1860,5,116806,42.80602023868637
ström,"Löfgren, Eliel",1930,3,103123,29.091473289178943
ström,"Löfgren, Nils Isak",1830,9,302305,29.77125750483783
ström,"Löfving, Concordia",1870,2,35133,56.92653630489853
ström,"Löfving, Concordia",1880,9,68653,131.0940526998092
ström,"Löhman, Lars Vilhelm",1830,4,26119,153.14521995482215
ström,"Löhman, Lars Vilhelm",1870,8,40833,195.91996669360566
ström,"Lönnbeck, Gustaf Ferdinand",1870,2,11177,178.93889236825623
ström,"Lönnberg, Mathilda",1870,20,254456,78.59905052346967
ström,"Lönnberg, Mathilda",1880,15,323522,46.36469853673012
ström,"Lönnberg, Mathilda",1890,13,238922,54.41106302475285
ström,"Magalotti, Lorenzo",1910,1,61692,16.20955715489853
ström,"Magnell, Carl Jakob",1890,6,33616,178.48643503093766
ström,"Magnell, Ernst",1890,1,20809,48.05612955932529
ström,"Magnussen, Johan Peter",1830,2,9533,209.7975453687192
ström,"Mallander, Gustaf Richard",1880,2,83270,24.018253872943436
ström,"Malling, Mathilda",1880,5,91411,54.69801227423395
ström,"Malling, Mathilda",1890,3,295955,10.136676183879306
ström,"Malling, Mathilda",1920,2,43203,46.293081498969975
ström,"Mallén, Elias Emanuel",1830,3,25148,119.29378081756005
ström,"Malmgren, Thure",1870,3,97568,30.747786159396522
ström,"Malmquist, Frithiof",1890,5,25594,195.3582870985387
ström,"Malmqvist, Anna Elisabeth",1890,1,28818,34.70053438822958
ström,"Malmström, Bernhard Elis",1830,1,26034,38.41130828916033
ström,"Malmström, Bernhard Elis",1840,16,84639,189.03815026169968
ström,"Malmström, Bernhard Elis",1850,9,52947,169.98130205677376
ström,"Malmström, Karl Robert",1870,6,65405,91.73610580230869
ström,"Mankell, Julius",1860,12,16623,721.8913553510197
ström,"Mannerfelt, Otto",1900,1,28214,35.44339689515843
ström,"Marholm, Laura",1890,2,42138,47.463097441739045
ström,"Marin, Otto Ulrik",1840,16,174931,91.46463462736736
ström,"Martinsson, Herman",1860,1,5114,195.54165037152913
ström,"Matsson, John Sigfrid",1880,1,2072,482.6254826254826
ström,"Mattsson, Sven",1850,1,8295,120.55455093429777
ström,"Mattsson, Sven",1860,2,17908,111.68192986374804
ström,"Mattsson, Sven",1870,2,46978,42.57311933245349
ström,"Meijer, Bernhard",1880,40,543470,73.6011187370048
ström,"Melander, Richard",1880,13,201808,64.41766431459605
ström,"Melander, Richard",1890,49,382060,128.2521069989007
ström,"Melefors, Evert",2010,1,70716,14.141071327563775
ström,"Melin, Karl Alfred",1880,2,13331,150.02625459455405
ström,"Melin, Karl Alfred",1890,2,25115,79.63368504877563
ström,"Mellin, Gustaf Henrik",1830,5,157305,31.785385079940244
ström,"Mellin, Gustaf Henrik",1840,51,559527,91.14841643030631
ström,"Mellin, Gustaf Henrik",1850,21,213613,98.30862353882956
ström,"Mellin, Gustaf Henrik",1860,67,732670,91.4463537472532
ström,"Mellin, Gustaf Henrik",1870,67,765675,87.50448950272636
ström,"Mellin, Gustaf Henrik",1880,7,140049,49.982506122857004
ström,"Mellin, Gustaf Henrik",1890,2,161052,12.418349353003999
ström,"Melsted, Ingemar von",1890,2,13130,152.32292460015233
ström,"Meyer, Albertine",1880,26,335249,77.55429546396857
ström,"Meyer, Ernst",1880,23,356598,64.4983987571439
ström,"Meyer, Ernst",1890,34,462563,73.50350114470893
ström,"Meyer, Gustaf",1870,7,81574,85.8116556746022
ström,"Meyer, Gustaf",1880,6,77897,77.02478914463971
ström,"Meyer, Philipp Joel",1850,5,30894,161.8437237003949
ström,"Meyerson, Gerda",1890,2,97420,20.529665366454527
ström,"Michelsen, Albert Christian",1870,1,2378,420.52144659377626
ström,"Mickwitz, Gerda von",1880,2,128866,15.519997516800398
ström,"Mickwitz, Gerda von",1890,4,39797,100.51008870015328
ström,"Milow, Cecilia",1890,3,87317,34.3575706907017
ström,"Moberg, Nenne",1890,2,49321,40.55067821009306
ström,"Modin, Johan Engelbrekt",1860,16,178617,89.57713991389397
ström,"Modin, Johan Engelbrekt",1880,6,135473,44.28926797221587
ström,"Modin, Victor",1870,4,21265,188.10251587114976
ström,"Molander, Harald",1880,1,78420,12.751849018107626
ström,"Molander, Harald",1890,6,175885,34.11319896523297
ström,"Molin, Lars",1910,2,53819,37.16159720544789
ström,"Molin, Pelle",1890,29,59495,487.43591898478866
ström,"Moll, Viktor",1880,4,22511,177.69090666785127
ström,"Moll, Viktor",1890,1,1927,518.9413596263622
ström,"Montgomery, Lucy Maud",1900,4,125473,31.879368469710617
ström,"Montgomery, Lucy Maud",1910,4,221285,18.076236527554965
ström,"Montgomery-Cederhielm, Robert",1880,5,18867,265.01298563629615
ström,"Montgomery-Cederhielm, Robert",1890,4,14676,272.5538293813028
ström,"Montén, R. A.",1880,2,73222,27.31419518723881
ström,"Mortensen, Johan",1900,13,233086,55.7734055241413
ström,"Mortensen, Johan",1910,10,159369,62.747460296544496
ström,"Munthe, Axel",1880,2,97397,20.5345133833691
ström,"Munthe, Axel",1900,3,96220,31.178549158179173
ström,"Munthe, Axel",1930,3,156115,19.216603145117382
ström,"Murberg, Johan",1800,1,5272,189.6813353566009
ström,"Myrberg, Anna",1920,7,73330,95.45888449474977
ström,"Möller, Arthur",1910,1,24062,41.55930512841825
ström,"Möller, Fredrika",1860,1,34778,28.753809879809076
ström,"Mörne, Arvid",1920,4,92118,43.42256670791811
ström,"Mörner, Birger",1890,2,37170,53.80683346785042
ström,"Mörner, J.C.A.",1870,6,149517,40.129216075763956
ström,"Mörtengren, Frans",1860,1,11394,87.76549060909251
ström,"Naumann, Mathilda",1870,1,65704,15.219773529769878
ström,"Naumann, Mathilda",1880,3,68190,43.994720633523976
ström,"Neander, John",1860,1,18882,52.960491473360875
ström,"Nerman, Gustaf",1890,1,8002,124.96875781054736
ström,"Nervander, Emil",1860,3,60377,49.68779502128294
ström,"Nervander, Emil",1870,3,74168,40.44871103440837
ström,"Nervander, Emil",1880,2,69177,28.911343365569483
ström,"Nervander, Johan Jakob",1840,3,11107,270.09993697668136
ström,"Nervander, Johan Jakob",1850,17,84887,200.2662362905981
ström,"Nettelbladt, Lovisa Mathilda",1840,2,121172,16.505463308355065
ström,"Nicander, Karl August",1820,2,19664,101.70870626525631
ström,"Nicander, Karl August",1830,16,385016,41.55671452614956
ström,"Nicander, Karl August",1840,12,212547,56.4581010317718
ström,"Nilsdorff, Heddi",1890,2,7904,253.03643724696357
ström,"Nilsson, Albert",1910,21,135571,154.90038430047724
ström,"Nilsson, Ernst",1860,2,11290,177.14791851195747
ström,"Nilsson, Lars",1880,1,25117,39.81367201496994
ström,"Nilsson, Nils Peter",1840,1,18411,54.3153549508446
ström,"Nissen, Carl",1890,10,84972,117.6858259191263
ström,"Nonnen, Emily",1850,5,75026,66.64356356463092
ström,"Nonnen, Emily",1860,13,167782,77.48149384320129
ström,"Nonnen, Emily",1870,4,47094,84.93650995880579
ström,"Nonnen, Emily",1880,1,37741,26.496383243687237
ström,"Nonnen, Emily",1890,3,28367,105.75668911058625
ström,"Nordenadler, Ebba",1900,1,58095,17.213185299939752
ström,"Nordenberg, Anders",1880,4,5800,689.6551724137931
ström,"Nordenhielm, Sven",1900,4,13856,288.6836027713626
ström,"Nordenskiöld, Adolf Erik",1880,27,297785,90.66944271874003
ström,"Nordenskiöld, Gustaf",1890,1,171081,5.845184444795155
ström,"Nordensvan, Georg",1870,13,202089,64.32809306790573
ström,"Nordensvan, Georg",1880,39,513177,75.99717056688043
ström,"Nordensvan, Georg",1890,8,130737,61.19155250617652
ström,"Nordin, Albert",1880,5,141167,35.41904269411406
ström,"Nordin, Jonas",2020,1,186173,5.371348154673341
ström,"Nordlander, Johan",1880,3,133066,22.54520313228022
ström,"Nordling, Johan",1880,14,130951,106.91021832593871
ström,"Nordling, Johan",1890,7,49151,142.41826209029318
ström,"Nordlund, Johan",1900,13,239575,54.262756965459666
ström,"Nordlund, Sigrid",1890,1,21761,45.953770506870086
ström,"Nordmann, Petrus",1890,3,39330,76.27765064836004
ström,"Nordström, Ester Blenda",1910,10,144545,69.1826074924764
ström,"Nordström, Ester Blenda",1920,7,124260,56.33349428617415
ström,"Nordström, Ester Blenda",1930,8,139817,57.21764878376735
ström,"Nordström, Ludvig",1900,9,128299,70.14863716786569
ström,"Nordström, Ludvig",1910,5,73855,67.70022341073725
ström,"Nordström, Ludvig",1930,6,141431,42.42351393965962
ström,"Nordström, Wilhelmina",1860,10,37324,267.9241238881149
ström,"Noreen, Adolf",1880,2,99692,20.061790314167638
ström,"Noreen, Adolf",1900,1,75888,13.177313936327218
ström,"Noreen, Erik Adolf",1870,2,24378,82.0411846747067
ström,"Norlander, Emil",1890,3,46333,64.74866725659896
ström,"Norlander, Emil",1920,14,161050,86.92952499223844
ström,"Norlin, Mauritz",1880,22,146496,150.174748798602
ström,"Norlin, Mauritz",1890,8,68728,116.40088464672331
ström,"Norling, Börje",1880,35,120941,289.39730943187175
ström,"Norman, Carl",1890,4,54946,72.79874786153678
ström,"Norman, Erik",1890,6,4636,1294.2191544434859
ström,"Norström, Vitalis",1900,6,109692,54.69861065528936
ström,"Norström, Vitalis",1910,10,130954,76.36269224307772
ström,"Noræus, Sophia",1840,2,10829,184.6892603195124
ström,"Norén, Victor",1860,1,9691,103.18852543597151
ström,"Norén, Victor",1880,1,6258,159.79546180888462
ström,"Numers, Hedvig von",1850,5,16049,311.54589070970155
ström,"Numers, Hedvig von",1860,5,270661,18.473293160078473
ström,"Nyberg, Johan Peter",1850,4,46385,86.23477417268514
ström,"Nyberg, Johan Peter",1860,4,75464,53.00540655146825
ström,"Nyberg, Johan Peter",1880,1,44942,22.25090116149704
ström,"Nyberg, Julia Christina",1830,17,108344,156.90762755667134
ström,"Nyberg, Julia Christina",1840,9,39188,229.66214147187915
ström,"Nyberg, Sigfrid",1850,13,53569,242.67766805428514
ström,"Nyberg, Sigfrid",1860,7,98687,70.93132834111888
ström,"Nyblom, Carl Rupert",1850,1,2211,452.2840343735866
ström,"Nyblom, Carl Rupert",1870,6,55002,109.08694229300752
ström,"Nyblom, Helena",1870,16,325596,49.140652833572894
ström,"Nyblom, Helena",1880,12,251590,47.69664931038594
ström,"Nyblom, Helena",1890,26,249189,104.33847400968743
ström,"Nyblom, Helena",1910,9,229507,39.214490189841705
ström,"Nyblom, Lennart",1950,2,24080,83.05647840531562
ström,"Nyblæus, Gustaf",1840,1,14136,70.74136955291455
ström,"Nyblæus, Gustaf",1890,3,80703,37.17333928106762
ström,"Nybom, Johan",1830,1,5156,193.9487975174554
ström,"Nybom, Johan",1840,12,130610,91.87657912870378
ström,"Nybom, Johan",1850,3,14498,206.9250931162919
ström,"Nybom, Johan",1860,1,1602,624.2197253433209
ström,"Nycander, Fredrik",1890,12,108038,111.07203021159222
ström,"Nygren, Anders Johan",1890,2,33465,59.763932466756316
ström,"Nyholm, C. A. G.",1880,1,58679,17.04187187920721
ström,"Nyholm, C. A. G.",1890,1,22642,44.16570974295557
ström,"Nylander, Conrad Wilhelm",1850,2,65749,30.41871359260217
ström,"Nylén, Pehr Gustaf",1920,8,65897,121.40158125559586
ström,"Nyström, Ludvig",1890,8,278010,28.775943311391675
ström,"Nèlson, Johannes Fredrik",1880,17,299170,56.82387939967243
ström,"Odel, Anders",1860,1,5315,188.14675446848543
ström,"Odén, Klas",1900,10,645415,15.493907021063967
ström,"Ohlson, Carl Otto",1880,2,30264,66.08511763150939
ström,"Oldberg, Anders Fredrik Nathanael",1850,2,12591,158.84361845762845
ström,"Olivecrona, Rosalie",1880,5,46519,107.48296395021389
ström,"Olofsson, Klas",1920,5,142734,35.03019602897698
ström,"Olofsson, Klas",1930,4,115673,34.58023912235353
ström,"Olsson, August",1880,1,8372,119.44577161968466
ström,"Olsson, August",1890,1,5727,174.6114894360049
ström,"Olsson, August",1900,1,2352,425.1700680272109
ström,"Olsson, Helmer",1940,4,125676,31.82787485279608
ström,"Olsson, Johannes",1890,6,108979,55.056478771139396
ström,"Olán, Olivus",1890,1,13252,75.46030787805614
ström,Omar Khayyam,1920,2,44187,45.262181184511284
ström,"Omberg, Johan Martin",1890,1,22583,44.28109639994686
ström,"Ongelin, Hanna",1870,1,62982,15.877552316534883
ström,"Ongelin, Hanna",1880,8,106270,75.27994730403688
ström,"Ongelin, Hanna",1890,4,84763,47.190401472340525
ström,"Oskar II, kung av Sverige och Norge",1850,7,20924,334.54406423246036
ström,"Oskar II, kung av Sverige och Norge",1860,1,22456,44.53152832205201
ström,"Oskar II, kung av Sverige och Norge",1870,15,63432,236.4737041241014
ström,"Oskar II, kung av Sverige och Norge",1890,5,33261,150.32620787108024
ström,"Oswald, Gösta",1940,5,43590,114.70520761642578
ström,"Oterdahl, Jeanna",1910,12,250468,47.910311896130445
ström,Ovidius,1820,15,155332,96.5673525094636
ström,"Oxenstierna, Johan Gabriel",1790,4,39449,101.39674009480595
ström,"Oxenstierna, Johan Gabriel",1880,7,99527,70.33267354587197
ström,"Oxenstierna, Mårten Gabriel Leijonsköld",1860,12,43186,277.8678275367017
ström,"Oxenstierna, Mårten Gabriel Leijonsköld",1870,3,58039,51.689381278106104
ström,"Oxenstierna, Mårten Gabriel Leijonsköld",1880,2,26816,74.58233890214797
ström,"Oxenstierna, Mårten Gabriel Leijonsköld",1890,46,548427,83.87624971053577
ström,"Paban, August Theodor",1870,1,27603,36.227946237727785
ström,"Palm, Amy",1890,1,139390,7.174115790228854
ström,"Palm, August",1880,1,5665,176.522506619594
ström,"Palm, August",1900,1,17899,55.86904296329404
ström,"Palmblad, Vilhelm Fredrik",1840,47,931946,50.4321065812826
ström,"Palmblad, Vilhelm Fredrik",1850,6,86860,69.07667510937141
ström,"Palme, Christian Adolph",1860,2,22087,90.55100285235659
ström,"Palmkvist, Nanny",1880,2,17769,112.55557431481795
ström,"Palmstjerna, Carl Otto",1830,15,328303,45.68950024824628
ström,"Palmær, Henrik Bernhard",1870,6,100059,59.964620873684524
ström,"Palmér, Fritiof",1890,3,8666,346.18047542118626
ström,"Panknin, Carl Ludwig",1910,1,6955,143.78145219266713
ström,"Paterson, Emil",1870,3,10594,283.17915801397015
ström,"Paul, Adolf",1890,13,277706,46.81209624566988
ström,"Pauli, Georg",1910,3,50904,58.934464875058936
ström,"Paykull, Lars Gustaf von",1880,2,13181,151.73355587588196
ström,"Pereswetoff-Morath, Fredrik",1860,5,63661,78.54102197577795
ström,"Pereswetoff-Morath, Fredrik",1880,3,78901,38.022331782867134
ström,"Perrault, Charles",1870,1,36220,27.609055770292656
ström,"Person, Johan",1900,2,49994,40.00480057606913
ström,"Persson, Fredrik",1900,23,172315,133.47648202419987
ström,"Persson, Fredrik",1910,14,324667,43.12110562514823
ström,"Persson, Jöns",1870,1,12640,79.11392405063292
ström,"Peterson, Gottfrid",1880,4,40161,99.59911356788925
ström,"Peterson, Gustaf Reinhold",1870,4,17404,229.83222247759136
ström,"Peterson, Gustaf Reinhold",1880,1,9790,102.14504596527068
ström,"Peterson, Maria",1860,3,104909,28.59621195512301
ström,"Petersson, Svante",1890,2,7104,281.5315315315315
ström,"Petersson, Therèse",1880,3,167213,17.941188783168773
ström,"Petrini, Gulli",1910,2,46643,42.878888579208024
ström,"Pettersson, Carl",1850,5,30587,163.4681400595024
ström,"Pettersson, Sven",1870,18,296432,60.7221892373293
ström,"Pettersson, Victor",1880,40,351595,113.76726062657319
ström,"Pettersson-Olin, Jonas",1890,1,24852,40.23821020441011
ström,"Pfeiffer, Sara",1860,3,269215,11.143509834147428
ström,"Pfeiffer, Sara",1870,24,549531,43.67360531071041
ström,"Pfeiffer, Sara",1880,7,394170,17.75883502042266
ström,"Pfeiffer, Sara",1890,4,149398,26.774120135477048
ström,"Philipsson, Jonas",1850,5,125155,39.95046142782949
ström,"Pihlstrand, Ragnar",1880,76,2387801,31.828448015559086
ström,"Pihlstrand, Ragnar",1890,108,1299301,83.1216169309498
ström,"Pihlström, Anders",1900,190,44596,4260.471791192035
ström,"Pinello, Nils Henrik",1860,7,118141,59.25123369533016
ström,"Pinello, Nils Henrik",1870,8,93469,85.58987471782088
ström,"Piper, Carl",1900,2,123642,16.175733165105708
ström,"Pira, Nils Erik",1890,1,15754,63.475942617747876
ström,"Platen, Henrica Carolina von",1860,1,76150,13.131976362442547
ström,"Pontin, Constans",1840,17,229104,74.20210908583002
ström,"Pontin, Constans",1850,4,36620,109.22992900054615
ström,"Pontoppidan, Henrik",1890,1,36980,27.041644131963224
ström,"Post, Tom von",1880,1,13868,72.10845111047014
ström,"Poulsson, Karl",1870,5,11156,448.18931516672643
ström,"Prytz, Harald Oscar",1860,4,90977,43.96715653406905
ström,"Quarnström, A. V.",1860,2,4869,410.7619634421853
ström,"Quennerstedt, August",1900,346,699795,494.4305117927393
ström,"Quennerstedt, August",1910,357,1140005,313.15652124332786
ström,"Qvanten, Aurora von",1860,6,112043,53.5508688628473
ström,"Qvanten, Aurora von",1880,3,113536,26.423337091319052
ström,"Qvanten, Aurora von",1890,10,172335,58.02651811878028
ström,"Qvanten, Emil von",1840,4,38222,104.65177123122808
ström,"Qvanten, Emil von",1850,3,54141,55.41087161301047
ström,"Qvanten, Emil von",1880,14,73808,189.6813353566009
ström,"Ramsay, Ebba",1850,3,85664,35.02054538662682
ström,"Randel, Rolf Ane",1910,2,27236,73.4322220590395
ström,"Randelin, Wendela",1840,1,64659,15.46575109420189
ström,"Randelin, Wendela",1850,5,17023,293.7202608235916
ström,"Redwitz, Oskar von",1850,6,38390,156.29070070330815
ström,"Reenstierna, Märta Helena",1940,60,394989,151.90296438635
ström,"Reenstierna, Märta Helena",1950,36,210559,170.97345637089842
ström,"Regis, Julius",1910,4,76539,52.26093886776676
ström,"Regis, Julius",1920,2,73780,27.107617240444565
ström,"Reuter, Jonatan",1880,3,10222,293.48464097045587
ström,"Reuter, Jonatan",1890,5,9372,533.5040546308152
ström,"Reuter, Odo Morannal",1880,6,29248,205.1422319474836
ström,"Reuter, Odo Morannal",1890,1,28128,35.551763367463025
ström,"Rheen, Samuel",1890,1,23901,41.839253587715994
ström,"Ridderstad, Carl Fredrik",1840,27,771553,34.99435554006011
ström,"Ridderstad, Carl Fredrik",1850,30,951883,31.51647839072659
ström,"Ridderstad, Carl Fredrik",1880,28,559564,50.0389589037179
ström,"Rietz, Johan Ernst",1860,40,1483948,26.955122416688454
ström,Rimbert,1900,1,28958,34.53277160024864
ström,"Ring, Herman Anakreon",1880,8,30032,266.3825253063399
ström,"Ripa, Ernst",1880,6,51842,115.73627560665098
ström,"Risberg, Emilie",1850,1,24688,40.50550874918989
ström,"Risberg, Emilie",1860,13,297099,43.756458284948785
ström,"Rodhe, Bengt Carl",1880,8,116643,68.585341597867
ström,"Rollin, Carl Gustaf",1840,3,9930,302.11480362537765
ström,"Rondeletius, Jacobus Petri",1870,2,20421,97.93839674844523
ström,"Roos, Anna Maria",1890,2,92042,21.72921057777971
ström,"Roos, Anna Maria",1900,6,78217,76.7096666964982
ström,"Roos, Mathilda",1880,11,225894,48.6954058098046
ström,"Roos, Mathilda",1890,30,429737,69.81013969008951
ström,"Roos, Mathilda",1900,4,323439,12.367092403822669
ström,"Rosander, Carl",1830,6,27671,216.83350800477035
ström,"Roselius, Jonas Erik",1850,2,47328,42.25828262339419
ström,"Rosenberg, Carl Martin",1880,138,1933426,71.37588922461993
ström,"Rosenius, Carl Olof",1890,5,101527,49.24798329508407
ström,"Rosenius, Josef",1880,4,35474,112.75864013080002
ström,"Rosenius, Josef",1890,1,14634,68.33401667350007
ström,"Rosenqvist, Peter",1840,7,23972,292.00734189888203
ström,"Rosén, Johan Magnus",1840,7,288053,24.301083481164923
ström,"Roth, Sven Olof",1880,13,224664,57.86418829897091
ström,"Roth, Sven Olof",1900,1,10504,95.2018278750952
ström,"Rubenson, Olof",1880,13,158589,81.97289849863483
ström,"Ruda, Elias Wilhelm",1830,1,44525,22.459292532285232
ström,"Rudbeck, Olof, den yngste",1770,2,7683,260.3149811271639
ström,"Rudbeck, Thure Gustaf",1830,3,31628,94.85266219805236
ström,"Rudbeck, Thure Gustaf",1840,26,277325,93.75281709185973
ström,"Rudebeck, Sophia",1830,1,28279,35.36192934686517
ström,"Ruin, Hans",1930,19,163282,116.3631018728335
ström,"Ruin, Hans",1940,3,79133,37.91085893369391
ström,"Ruin, Hans",1960,8,82352,97.14396735962697
ström,"Runeberg, Fredrika Charlotta",1850,1,63400,15.772870662460567
ström,"Runeberg, Fredrika Charlotta",1860,4,181538,22.033954323612686
ström,"Runeberg, Johan Ludvig",1840,11,55719,197.4191927349737
ström,"Runeberg, Johan Ludvig",1850,9,124794,72.11885186787826
ström,"Runeberg, Johan Ludvig",1870,6,285250,21.034180543383
ström,"Runeberg, Johan Ludvig",1880,3,8458,354.69378103570585
ström,"Runeberg, Nino",1890,1,8352,119.73180076628353
ström,"Runfeldt, Emil",1890,3,9611,312.14233690562895
ström,"Runnqvist, Ernst",1880,5,68182,73.33313777829926
ström,"Russberg, Johan Albert",1870,3,66670,44.99775011249437
ström,"Rusén, Lars Erik",1850,5,21042,237.61999809904
ström,"Ryberg, Klas",1870,7,71186,98.33394206726042
ström,"Ryberg, Klas",1880,3,22078,135.88187335809403
ström,"Rydberg, Carl August",1840,1,3332,300.1200480192077
ström,"Rydberg, Carl Henrik",1850,9,49827,180.6249623697995
ström,"Rydberg, Carl Henrik",1860,8,344263,23.23804765542623
ström,"Rydberg, Viktor",1850,11,350514,31.38248400919792
ström,"Rydberg, Viktor",1860,5,140367,35.620908048187964
ström,"Rydberg, Viktor",1870,9,80367,111.98626301840308
ström,"Rydberg, Viktor",1880,8,138811,57.63232020517106
ström,"Rydberg, Viktor",1890,1,50224,19.910799617712648
ström,"Rydberg, Viktor",1900,4,80283,49.82374848971762
ström,"Rydeberg, Olof Anton Arcadius",1840,2,6979,286.5740077374982
ström,"Rydelius, Gustaf",1890,3,19934,150.4966389083977
ström,"Rydforss, Karl",1890,5,25233,198.15321206356754
ström,"Rydqvist, Johan Erik",1830,1,17660,56.625141562853905
ström,"Rydqvist, Johan Erik",1920,1,22835,43.79242391066346
ström,"Rydqvist, Johan Erik",1930,3,36344,82.5445740699978
ström,"Rydström, Carl",1840,1,8427,118.66619200189866
ström,"Rådberg, Fredrik",1830,1,44019,22.717462913741794
ström,"Rådberg, Fredrik",1840,1,47462,21.069487168682315
ström,"Rönnberg, Hanna",1890,2,19458,102.78548668927948
ström,"Sachs, Hilda",1890,4,20821,192.11373132894673
ström,Sadi,1910,4,112480,35.56187766714083
ström,"Sager, Sophie",1840,2,47761,41.8751701178786
ström,"Sallander, Thure Reinhold",1880,2,7055,283.48688873139616
ström,"Salomonsson, Salomon",1890,2,25665,77.92713812585232
ström,"Saltza, Christina Gustafva von",1860,5,180186,27.74910370395036
ström,"Saltza, Edvard Fredrik von",1830,14,178492,78.43488783811038
ström,"Samzelius, Hugo",1890,13,77418,167.91960525975873
ström,"Sand, Arne",1950,1,74376,13.445197375497472
ström,"Sandahl, Anton Gustaf",1870,3,50738,59.12728132760456
ström,"Sandberg, Algot",1880,11,141322,77.83643027978658
ström,"Sandberg, Algot",1890,10,296810,33.6915872106735
ström,"Sandberg, Algot",1910,4,78774,50.778175540152844
ström,"Sandberg, Eric",1890,7,135478,51.66890565257828
ström,"Sandberg, Fredrik",1870,4,72150,55.44005544005544
ström,"Sandberg, Sven",1860,1,6547,152.7417137620284
ström,"Sandel, Maria",1900,1,107898,9.268012382064542
ström,"Sandel, Maria",1910,5,207358,24.112886891270172
ström,"Sandel, Maria",1920,1,144864,6.9030262867241
ström,"Sander, Fredrik",1850,12,103238,116.2362695906546
ström,"Sander, Fredrik",1870,7,67161,104.22715564092256
ström,"Sandström, Anna",1890,1,8980,111.35857461024499
ström,"Sandströmer, Clara",1870,13,257887,50.40967555557279
ström,"Santesson, Frithiof",1880,3,36705,81.73273395995096
ström,"Saxon, Johan Lindström",1880,3,109786,27.325888546809246
ström,"Saxon, Johan Lindström",1890,14,270284,51.797368693670364
ström,"Saxon, Johan Lindström",1900,4,33209,120.44927579872926
ström,"Saxén, Lily",1880,1,4871,205.29665366454526
ström,"Saxén, Lily",1890,1,8975,111.42061281337047
ström,"Schaar, Hermania Fredrica",1870,2,95475,20.94789211835559
ström,"Schantz, Otto von",1860,5,90045,55.52779165972569
ström,"Schantz, Otto von",1870,2,54939,36.404011722091774
ström,"Schartau, Gustaf Johan",1830,2,14861,134.58044546127448
ström,"Schartau, Ivar Ejlert",1860,2,1220,1639.344262295082
ström,"Schenfelt, Inga",1870,7,173997,40.2305786881383
ström,"Schenfelt, Inga",1880,2,288911,6.922547081973342
ström,"Scherini, Pehr Hampus",1850,7,31660,221.09917877447884
ström,"Scherini, Pehr Hampus",1880,4,47576,84.07600470825626
ström,"Schildt, Runar",1910,2,54474,36.7147630062048
ström,"Schildt, Runar",1920,4,51308,77.96055196070787
ström,"Schillander, Hugo",1870,1,7273,137.49484394335212
ström,"Schirmer, Adolf",1870,20,249159,80.27002837545503
ström,"Schiött, Emil",1890,4,8610,464.5760743321719
ström,"Schlegel, Bernhard",1870,54,419796,128.63390789812195
ström,"Schmiterlöw, Adam Bonaparte",1830,4,40815,98.00318510351586
ström,"Scholander, Fredrik Wilhelm",1860,6,66301,90.49637260373147
ström,"Scholander, Fredrik Wilhelm",1880,19,242074,78.48839611028033
ström,"Schreiner, Olive",1910,4,61056,65.51362683438155
ström,"Schröder, Gustaf",1890,54,450001,119.99973333392593
ström,"Schröderheim, Elis",1850,1,9287,107.6773985140519
ström,"Schultz, Adolf Fredrik Joelsson",1880,2,12654,158.052789631737
ström,"Schultz, Gustaf Christoffer",1840,2,2651,754.4322897019993
ström,"Schultz, Johan Gustaf",1860,2,16817,118.92727597074389
ström,"Schultz, Johan Gustaf",1880,3,41456,72.36588189888074
ström,"Schunck, Anna Maria",1840,2,14962,133.6719689881032
ström,"Schwartz, Marie Sophie",1850,22,1085153,20.27363883249643
ström,"Schwartz, Marie Sophie",1860,54,2579411,20.935011907757236
ström,"Schwartz, Marie Sophie",1870,9,884820,10.171560317352682
ström,"Schwartz, Marie Sophie",1880,1,72495,13.794054762397407
ström,"Schwartz, Marie Sophie",1910,10,207231,48.255328594660064
ström,"Schwerin, Martina von, d. y.",1830,1,51992,19.23372826588706
ström,"Schéele, Adolf August",1870,3,56299,53.28691451002682
ström,"Schéele, Adolf August",1880,1,27736,36.05422555523507
ström,"Schéele, Georg von",1880,21,104047,201.83186444587542
ström,"Schöldström, Birger",1870,4,58816,68.00870511425462
ström,"Schöldström, Birger",1880,7,51955,134.7319795977288
ström,"Schöldström, Birger",1890,12,123441,97.21243347024084
ström,"Schöldström, Karl Wilhelm",1880,17,54619,311.2470019590252
ström,"Schön, Alfred",1860,1,9572,104.47137484329293
ström,"Schön, Alfred",1870,1,12879,77.64577995185962
ström,"Schön, Alfred",1880,1,4757,210.21652301870927
ström,"Schück, Henrik",1890,10,239653,41.726996949756526
ström,"Schück, Henrik",1900,2,33377,59.92150283129101
ström,"Schück, Henrik",1910,19,165913,114.51784971641764
ström,"Schüssler, George Christian",1840,3,18688,160.53082191780823
ström,"Sederholm, Theodor",1850,2,35796,55.87216448765225
ström,"Sederholm, Theodor",1860,10,181673,55.043952596148024
ström,"Sefbom, Augusta",1870,1,81444,12.278375325376945
ström,"Segerstedt, Albrekt",1870,3,134331,22.33289411974898
ström,"Segerstedt, Albrekt",1880,3,149770,20.030713761100355
ström,"Segerstedt, Albrekt",1890,4,35744,111.90689346463742
ström,"Segerstedt, Torgny",1930,15,70915,211.52083480222802
ström,"Segerstedt, Torgny",1940,16,117457,136.2200635126046
ström,"Sehlstedt, Elias",1840,1,10399,96.16309260505818
ström,"Sehlstedt, Elias",1850,4,64206,62.29947356944834
ström,"Selin, Gustaf",1860,3,4215,711.7437722419929
ström,"Sellin, Per Gustaf",1880,2,2200,909.0909090909091
ström,"Settervall, Hedvig Beata",1840,2,37612,53.174518770605125
ström,"Shierman, Jeanna",1830,8,37075,215.7788267026298
ström,"Sigurdh, Sigurd P.",1900,3,34278,87.5196919306844
ström,"Silfverstolpe, Carl",1880,1,8549,116.97274535033337
ström,"Silfverstolpe, Gudmund Leonhard",1850,3,51620,58.1170089112747
ström,"Silfverstolpe, Gunnar Mascoll",1910,2,5214,383.5826620636747
ström,"Silfverstolpe, Gunnar Mascoll",1920,5,11940,418.7604690117253
ström,"Silfverstolpe, Gunnar Mascoll",1930,2,7083,282.3662289990117
ström,"Silfverstolpe, Gunnar Mascoll",1940,2,10656,187.68768768768768
ström,"Silfverstolpe, Gunnar Mascoll",1950,1,19875,50.314465408805034
ström,"Silfverstolpe, Malla",1900,2,301691,6.629299515066741
ström,"Silfverstolpe, Malla",1910,6,245873,24.402842117678638
ström,"Sillén, Abraham Wilhelm af",1860,7,129959,53.86314145230419
ström,"Silverstolpe, Gustaf Abraham",1790,19,512118,37.100824419372096
ström,"Silverstolpe, Gustaf Abraham",1800,7,366346,19.107619572753627
ström,"Sjöbeck, Anders Conrad",1860,1,7425,134.68013468013467
ström,"Sjöberg, Birger",1920,14,566955,24.69331781181928
ström,"Sjöberg, Edvard Daniel",1840,9,140639,63.993629078705055
ström,"Sjögren, Lennart",1980,9,48769,184.54345998482643
ström,"Sjöstedt, Helen",1890,1,9281,107.74701002047193
ström,"Sjöström, Carl",1900,17,312159,54.45942612578846
ström,"Skarstedt, Carl Wilhelm",1880,44,788956,55.76990351806691
ström,"Skarstedt, Ernst",1890,13,171111,75.9740753078411
ström,"Skytte, Nils",1900,3,30506,98.34130990624796
ström,"Sköldström, sjökapten",1840,1,7427,134.64386697185944
ström,"Smirnoff, Georg",1880,1,2918,342.7004797806717
ström,"Smith, Carl",1890,15,57316,261.70702770605067
ström,"Snellman, Johan Vilhelm",1840,19,182971,103.84159238349247
ström,"Snoilsky, Carl",1860,12,31847,376.8015825666468
ström,"Snoilsky, Carl",1880,24,103980,230.8136180034622
ström,"Snoilsky, Carl",1890,13,46597,278.98791767710367
ström,"Snoilsky, Carl",1910,3,85606,35.044272597715114
ström,"Snoilsky, Ebba",1880,2,36014,55.533959015938244
ström,"Sohlman, August",1840,2,14122,141.622999575131
ström,"Sommelius, Gustaf Lorentz",1840,6,40806,147.03720041170416
ström,"Sparre, Pehr",1830,5,225896,22.13407939936962
ström,"Sparre, Pehr",1850,12,227066,52.84807060502233
ström,"Sparre, Pehr",1860,9,206709,43.53946852822083
ström,"Sparre, Pehr",1870,11,385654,28.522976554113274
ström,"Sprengtporten, Jakob Wilhelm",1870,2,21246,94.13536665725313
ström,"Staaff, Karl",1900,1,8058,124.10027302060064
ström,"Stagnelius, Erik Johan",1850,2,7024,284.7380410022779
ström,"Stagnelius, Erik Johan",1880,1,14304,69.91051454138703
ström,"Stam, Per",1990,9,238205,37.78258222959216
ström,"Starbäck, Carl Georg",1850,13,210114,61.871174695641415
ström,"Starbäck, Carl Georg",1860,27,304015,88.81140733187507
ström,"Starbäck, Carl Georg",1870,62,1094880,56.62721028788543
ström,"Starck, Waldemar August",1890,1,30268,33.038192150125546
ström,"Starnberg, Märta",1890,15,240932,62.258230538077136
ström,"Steffen, Richard",1890,1,22626,44.196941571643244
ström,"Steffen, Richard",1900,5,77655,64.38735432361084
ström,"Stenberg, August",1880,1,37493,26.67164537380311
ström,"Stenborg, Gustaf Göran",1860,1,3662,273.07482250136536
ström,"Stenbäck, Lars",1840,1,15612,64.05329233922623
ström,"Stenbäck, Lars",1850,2,18629,107.3594932631918
ström,"Stenhammar, Jakob Axel",1810,19,411692,46.15100609193281
ström,"Stenman, Isak Georg",1840,1,3644,274.423710208562
ström,"Stiernhielm, Georg",1870,3,61481,48.795562856817554
ström,"Stille, Arthur",1900,5,30769,162.5012187591407
ström,"Stjerngranat, August Wilhelm",1830,2,7157,279.4466955428252
ström,"Stjerngranat, August Wilhelm",1840,1,9413,106.23605651758207
ström,"Stjernstolpe, Jonas Magnus",1820,3,77038,38.941820919546196
ström,"Stjernström, Jeanette",1850,2,18529,107.93890657887636
ström,"Stjernström, Louise",1880,20,1077607,18.559641873150415
ström,"Stjernström, Louise",1890,38,1662749,22.853719954124163
ström,"Stockenstrand, Ina",1890,2,78099,25.608522516293423
ström,"Stoker, Bram",1900,9,120550,74.65781833264205
ström,"Stolpe, Mats",1870,2,26743,74.78592528886064
ström,"Stowe, Harriet Beecher",1850,2,42096,47.51045229950589
ström,"Stowe, Harriet Beecher",1890,14,222597,62.89392938808699
ström,"Strandberg, Carl",1890,2,19516,102.48001639680263
ström,"Strandberg, Carl Henric",1830,8,404704,19.767533802482802
ström,"Strandberg, Carl Vilhelm August",1850,2,22108,90.46499004885109
ström,"Strandberg, Carl Vilhelm August",1860,3,26344,113.87792286668692
ström,"Strandberg, Carl Vilhelm August",1870,51,415407,122.77116177628206
ström,"Strindberg, August",1870,5,139512,35.83921096393142
ström,"Strindberg, August",1880,41,793035,51.700114118544576
ström,"Strindberg, August",1890,26,428523,60.67352277474021
ström,"Strindberg, August",1900,13,155151,83.78934070679531
ström,"Strindberg, August",1910,3,58975,50.86901229334464
ström,"Strindberg, Oskar",1880,2,18140,110.25358324145535
ström,"Strussenfelt, Constantia Carolina Amalia von",1820,14,84408,165.86105582409252
ström,"Strussenfelt, Constantia Carolina Amalia von",1830,19,255803,74.27590763204498
ström,"Strussenfelt, Constantia Carolina Amalia von",1840,3,45230,66.32765863365023
ström,"Strussenfelt, Ulrika Sophia von",1840,4,243871,16.40211423252457
ström,"Strussenfelt, Ulrika Sophia von",1850,37,1623357,22.7922755130264
ström,"Strussenfelt, Ulrika Sophia von",1860,17,1181849,14.384240287887877
ström,"Strussenfelt, Ulrika Sophia von",1870,3,42150,71.17437722419929
ström,"Ström, Fredrik",1900,5,77975,64.12311638345624
ström,"Ström, Fredrik",1910,2,44657,44.7858118548044
ström,"Ström, Fredrik",1920,18,156422,115.07332728132872
ström,"Ström, Fredrik",1940,27,275415,98.03387615053646
ström,"Ström, Ulrika",1860,8,106489,75.12513029514786
ström,"Strömberg, Bengt Johan Gustaf Lorenz",1850,3,34041,88.12902088657795
ström,"Strömberg, Leonard",1890,8,260839,30.67026019881996
ström,"Strömberg, Leonard",1900,2,82764,24.165095935430863
ström,"Strömmerstedt, Frithiof",1890,2,7778,257.1355104139882
ström,"Strömsten, Lars Magnus",1880,1,21372,46.790192775594235
ström,"Sturlasson, Snorre",1810,8,58335,137.13893888746037
ström,"Sturzen-Becker, Oscar Patric",1830,2,74241,26.939292304791152
ström,"Sturzen-Becker, Oscar Patric",1840,23,236021,97.4489558132539
ström,"Sturzen-Becker, Oscar Patric",1860,16,277888,57.57715338553662
ström,"Sturzen-Becker, Oscar Patric",1880,30,631009,47.542903508507806
ström,"Stuxberg, Anton",1890,24,103928,230.9291047648372
ström,"Styffe, Carl Gustaf",1850,1,108247,9.238131310798451
ström,"Styffe, Carl Gustaf",1870,10,498168,20.073549485314192
ström,"Styffe, Carl Gustaf",1880,1,394393,2.5355419594161153
ström,"Stålberg, Wilhelmina",1830,4,245663,16.282468259363437
ström,"Stålberg, Wilhelmina",1840,68,1308174,51.980852700023085
ström,"Stålberg, Wilhelmina",1850,22,687670,31.99208922884523
ström,"Stålberg, Wilhelmina",1860,42,899125,46.71208119004588
ström,"Stålberg, Wilhelmina",1870,6,181855,32.99331885293228
ström,"Stéenhoff, Frida",1900,5,116367,42.96750797047273
ström,"Stéenhoff, Frida",1910,9,139598,64.4708376910844
ström,"Sundbeck, Carl",1890,2,28330,70.5965407695023
ström,"Sundblad, Johannes",1870,9,132502,67.92350304146352
ström,"Sundblad, Johannes",1890,22,392680,56.025262300091676
ström,"Sundelin, Fredrik",1830,1,9575,104.43864229765013
ström,"Sundelius, Anna Sara",1860,2,64919,30.807621805634714
ström,"Sundgren, Fritz",1890,3,26992,111.14404267931239
ström,"Sundin, Carl O.",1880,1,4780,209.20502092050208
ström,"Sundler, Anders",1840,4,69783,57.320550850493674
ström,"Sundler, Anders",1880,5,94962,52.65264000336977
ström,"Sundler, Anders",1890,1,13483,74.16747014759326
ström,"Sundman, Gösta",1890,4,25717,155.53913753548235
ström,"Sundqvist, E. W.",1890,11,516249,21.307547326968187
ström,"Sundström, Gustaf",1850,1,8710,114.8105625717566
ström,"Sundström, Karin",1860,8,137850,58.03409503083061
ström,"Suttner, Bertha von",1890,7,75529,92.67963298865337
ström,"Svahn, Accacia",1870,1,24610,40.633888663145065
ström,"Svahn, Oscar",1880,3,98574,30.43398867855621
ström,"Svanlund, Yngve Fredrik",1890,1,38238,26.15199539724881
ström,"Svartengren, Jakob",1840,2,14995,133.3777925975325
ström,"Svartengren, Teodor",1880,1,10927,91.51642719868217
ström,"Svedberg, Eduard",1850,1,14450,69.20415224913495
ström,"Svedbom, Per Erik",1840,7,127104,55.0730110775428
ström,"Svedelius, Wilhelm Erik",1870,1,149429,6.692141418332453
ström,Svenska Litteratursällskapet,1930,60,599463,100.08958017425596
ström,Svenska Litteratursällskapet,1980,79,392946,201.04543626859672
ström,"Svenson, Axel",1890,2,26048,76.78132678132678
ström,"Svenson, Frey",1890,10,34719,288.0267288804401
ström,"Svenson-Graner, Hilma",1900,10,21208,471.52018106374953
ström,"Svenson-Graner, Hilma",1910,3,25669,116.87249211110678
ström,"Svensson, Nils Peter",1900,3,13249,226.43218356102346
ström,"Swahn, Carl Wilhelm",1880,4,6077,658.2195162086556
ström,"Swedenborg, Emanuel",1850,2,34413,58.1175718478482
ström,"Swedenborg, Emanuel",1920,1,48101,20.78958857404212
ström,"Swärd, Axel August",1880,8,20874,383.2518923062183
ström,"Sydow, Julius Leonard von",1860,3,15811,189.74131933464045
ström,"Säfström, August",1850,1,5936,168.46361185983827
ström,"Sällberg, Thure",1890,8,491737,16.268859166587017
ström,"Sällberg, Thure",1900,1,51725,19.33301111648139
ström,"Sätherberg, Herman",1830,1,6215,160.90104585679808
ström,"Sätherberg, Herman",1840,17,143112,118.7880820616021
ström,"Sätherberg, Herman",1860,27,88183,306.18146354739577
ström,"Sätherberg, Herman",1870,10,76188,131.2542657636373
ström,"Sätherberg, Herman",1880,12,60617,197.96426744972533
ström,"Söderberg, Christian Johannes",1880,7,44904,155.8881168715482
ström,"Söderberg, Hjalmar",1890,11,70340,156.38328120557293
ström,"Söderberg, Hjalmar",1900,35,304715,114.86142789163645
ström,"Söderberg, Hjalmar",1910,17,147353,115.36921542147088
ström,"Söderberg, Hjalmar",1920,13,172010,75.57700133713156
ström,"Söderberg, Hjalmar",1930,1,88865,11.25302425026726
ström,"Söderberg, Mikael",1920,6,35552,168.76687668766877
ström,"Söderberg, Mikael",1930,3,27834,107.78184953653805
ström,"Söderberg, Natan",1890,2,19828,100.86746015735324
ström,"Söderblom, Nathan",1920,3,150276,19.963267587638743
ström,"Söderbom, Anton Samuel Ernst",1890,31,304113,101.93579360303572
ström,"Södergran, Edith",1910,4,32091,124.64553924776418
ström,"Södergran, Edith",1920,4,20266,197.37491364847529
ström,"Söderhjelm, Alma",1920,4,102308,39.09762677405482
ström,"Söderhjelm, Werner",1900,9,124684,72.18247730262102
ström,"Söderholm, Kerstin",1920,2,11316,176.74089784376105
ström,"Söderling, Johan Niklas",1840,1,32610,30.665440049064703
ström,"Söderman, Sven",1880,3,6836,438.8531304856641
ström,"Sörman, Py",1920,2,65260,30.646644192460926
ström,"Sörman, Py",1930,1,206149,4.850860300074218
ström,"Tamm, Hugo",1910,1,28751,34.78139890786407
ström,"Tammelin, Filip",1880,2,29240,68.39945280437756
ström,"Tammelin, Filip",1890,10,46995,212.78859453133313
ström,Tankebyggarorden,1750,1,93902,10.649400438755299
ström,"Tavaststjerna, Karl August",1880,2,64532,30.99237587553462
ström,"Tavaststjerna, Karl August",1890,48,435795,110.14353078855883
ström,"Tegnér, Alice",1910,8,47124,169.7648756472286
ström,"Tegnér, Esaias",1820,2,31612,63.26711375427053
ström,"Tegnér, Esaias",1830,1,58510,17.091095539224064
ström,"Tegnér, Esaias",1840,2,40334,49.58595725690484
ström,"Tegnér, Esaias",1880,6,231963,25.86619417751969
ström,"Tegnér, Esaias",1890,1,6898,144.96955639315743
ström,"Tengberg, Alexis",1860,2,10245,195.21717911176182
ström,"Tenggren, Johan Fredrik",1860,4,10057,397.73292234264693
ström,"Tengström, Jacob",1890,50,129638,385.6893811999568
ström,"Tenow, Elna",1880,4,54332,73.62143856290952
ström,"Tersmeden, Carl",1910,55,627992,87.58073351252882
ström,"Tersmeden, Minna",1850,4,43375,92.21902017291066
ström,"Tersmeden, Minna",1870,2,83327,24.001824138634536
ström,"Tessin, Carl Gustaf",1880,4,56240,71.12375533428165
ström,"Teuchler, Anton",1890,2,26127,76.54916370038657
ström,"Thelander, Curt",1890,5,16393,305.008235222351
ström,"Thomander, Johan Henrik",1870,2,94572,21.147908471852134
ström,"Thomasson, Nils",1890,15,707538,21.200274755560834
ström,"Thomasson, Pehr",1840,3,37092,80.87997411840828
ström,"Thomasson, Pehr",1850,15,216282,69.35389907620606
ström,"Thomasson, Pehr",1860,42,613096,68.50476923679163
ström,"Thomasson, Pehr",1870,11,315954,34.81519461693791
ström,"Thomasson, Pehr",1880,10,259784,38.49351769162073
ström,"Thomson, Niclas Hans",1830,6,185354,32.37049106034939
ström,"Thomée, Gustaf",1830,1,7940,125.94458438287154
ström,"Thorell, Per",1860,1,15965,62.63701847792045
ström,"Thorsander, Gustaf",1880,5,123553,40.46846292684111
ström,"Thorsander, Gustaf",1890,24,250882,95.66250269050789
ström,"Thörnberg, Carl Henrik",1880,2,19742,101.30685847431872
ström,"Tibell, Charlotta Cecilia af",1850,4,47302,84.56302059109551
ström,"Tibell, Charlotta Cecilia af",1870,1,97673,10.238243936400028
ström,"Tidander, Lars Gustaf Teodor",1870,1,5194,192.52984212552946
ström,"Tigerschiöld, Carl Wickman",1860,14,112340,124.6216841730461
ström,"Tigerschiöld, Hugo",1890,10,18949,527.732334160114
ström,"Tilas, Daniel",1890,6,15706,382.0196103399974
ström,"Tiselius, Carl August",1920,8,266673,29.999287516921473
ström,"Tjörner, Olof",1880,2,100662,19.86847072380839
ström,"Tollstorp, Jacob Philip",1830,5,45173,110.68558652292299
ström,"Topelius, Zacharias",1850,36,247138,145.66760271589152
ström,"Topelius, Zacharias",1860,21,408043,51.46516421063466
ström,"Topelius, Zacharias",1870,20,270386,73.9683267624803
ström,"Topelius, Zacharias",1880,89,1225979,72.59504445019041
ström,"Topelius, Zacharias",1890,14,155883,89.81094795455566
ström,"Torckell, Olga",1890,3,85119,35.24477496211187
ström,"Tornberg, Carl Johan",1870,3,239217,12.54091473432072
ström,"Torén, Rudolf Wilhelm",1880,4,85669,46.69133525545997
ström,"Trolle, Henrik af",1860,24,322782,74.3535884900645
ström,"Trolle, Henrik af",1870,133,1614288,82.38926387360867
ström,"Trolle, Henrik af",1880,31,832850,37.221588521342376
ström,"Tunelli, Charlotta",1860,2,3949,506.4573309698658
ström,"Turi, Johan",1910,5,240734,20.76981232397584
ström,"Tärnström, Samuel Fredrik",1850,4,88974,44.95695371681615
ström,"Törnberg, Carl Ludvig",1880,6,34617,173.3252448219083
ström,"Törnblom, Johan August",1900,7,136863,51.1460365474964
ström,"Törnblom, Johan August",1910,26,599083,43.399662484163294
ström,"Törnblom, Johan August",1920,12,120756,99.37394415184339
ström,"Törnebladh, Ragnar",1880,39,187908,207.5483747365732
ström,"Törnegren, Carl Wilhelm",1860,2,10356,193.12475859405177
ström,"Törnqvist, Johan Peter",1870,6,94956,63.187160369013014
ström,"Uddgren, Gustaf",1890,8,21335,374.97070541363956
ström,"Uddgren, Gustaf",1900,5,69812,71.62092476938062
ström,"Uddgren, Gustaf",1910,41,244634,167.5973086324877
ström,"Uddman, Ulrik",1880,2,21512,92.97136481963555
ström,"Ulfsson, Sten",1890,23,425150,54.09855345172292
ström,"Ullman, Gustaf",1900,2,85560,23.37540906965872
ström,"Ullner, Constance",1880,5,54437,91.84929367893162
ström,"Undset, Sigrid",1910,4,69510,57.54567688102431
ström,"Undset, Sigrid",1920,7,124115,56.399307094227126
ström,"Unge, Otto Sebastian von",1820,4,56635,70.6277037167829
ström,"Unge, Otto Sebastian von",1830,8,109485,73.0693702333653
ström,"Unonius, Gustaf",1830,2,17886,111.81930001118192
ström,"Upmark, Gustaf, d. y.",1920,93,138103,673.4104255519431
ström,Utile Dulci,1760,3,20803,144.20996971590637
ström,Utile Dulci,1770,4,41238,96.99791454483729
ström,Utile Dulci,1780,4,22978,174.07955435634085
ström,"Utterström, Olof Philip",1870,8,57762,138.4993594404626
ström,"Valentin, Guido",1910,1,13299,75.19362358072036
ström,"Valerius, Johan David",1830,3,28756,104.3260536931423
ström,"Vegesack, Anna Helena von",1840,1,18779,53.250971830235905
ström,"Vegesack, Ernst von",1840,3,60967,49.206948021060576
ström,"Vendell, Herman",1880,1,8607,116.18450098756826
ström,"Vest, Eliel",1890,3,24020,124.89592006661115
ström,"Vester, A. B.",1890,2,142413,14.043661744363225
ström,"Victorin, Alfred",1880,1,2063,484.7309743092584
ström,"Vikström, Arvid",1870,1,9415,106.21348911311736
ström,"Vinell, Sigrid",1880,5,40304,124.0571655418817
ström,"Virdestam, Gotthard",1920,15,316868,47.33832384462931
ström,"Virdestam, Gotthard",1930,38,906231,41.93191360701631
ström,"Virgin, Axel Gustaf",1850,1,15383,65.00682571670025
ström,"Virgin, Axel Gustaf",1860,8,48881,163.66277285652913
ström,"Virgin, Axel Gustaf",1870,3,29267,102.50452728328834
ström,"Virgin, Axel Gustaf",1880,3,30166,99.44971159583638
ström,"Virgin, Robert Wilhelm Urban",1840,2,13901,143.8745413998993
ström,"Väpling, Karl",1880,1,17103,58.46927439630474
ström,"Värnlund, Rudolf",1920,12,140336,85.50906396077984
ström,"Värnlund, Rudolf",1930,12,148105,81.02359812295332
ström,"Wachtmeister, Hans",1880,3,51989,57.70451441651119
ström,"Wadman, Johan Anders",1850,6,95994,62.503906494155885
ström,"Wadström, Carl Gustaf",1830,6,27880,215.20803443328552
ström,"Wadström, Gustaf Adolf Sebastian",1860,6,43734,137.1930305940458
ström,"Wahlberg, Ferdinand von",1880,8,144025,55.54591216802638
ström,"Wahlenberg, Anna",1880,16,343965,46.51636067623159
ström,"Wahlenberg, Anna",1890,33,523166,63.07749356800709
ström,"Wahlenberg, Anna",1910,1,58907,16.975911182032696
ström,"Wahlin, Olof Fredrik",1830,2,10764,185.8045336306206
ström,"Wahlström, Pehr",1800,6,32010,187.44142455482663
ström,"Walde, Otto",1910,1,151473,6.60183663095073
ström,"Wall, Wilhelm August",1840,1,8702,114.91611123879568
ström,"Wallenberg, Jacob",1880,10,79294,126.11294675511388
ström,"Wallengren, Axel",1890,3,57623,52.06254447009007
ström,"Wallin, Johan Peter",1870,4,11755,340.280731603573
ström,"Wallin, Johan Peter",1880,21,263442,79.71394082948049
ström,"Wallin, Johan Peter",1890,1,4054,246.66995559940798
ström,"Wallin, R. W.",1890,3,28377,105.7194206575748
ström,"Wallin, William",1880,7,9253,756.5114017075543
ström,"Wallmark, Ernst",1880,5,64632,77.36105953707143
ström,"Wallmo, Uno",1900,5,105865,47.22996268832948
ström,"Wallén, Anders",1840,1,7862,127.1940981938438
ström,"Warburg, Karl",1900,32,453357,70.58455036538534
ström,"Warburg, Karl",1910,8,104648,76.44675483525724
ström,"Warholm, Johan Wilhelm",1870,27,572587,47.15440622997029
ström,"Wecksell, Josef Julius",1860,7,54387,128.70722783018002
ström,"Weibull, Martin",1890,1,4309,232.07240659085636
ström,"Weiland, Per",1880,5,99440,50.2815768302494
ström,"Weiland, Per",1890,4,49835,80.26487408447878
ström,"Wejdling, Eva",1880,1,5869,170.38677798602828
ström,"Welin, Carl",1850,1,15000,66.66666666666667
ström,"Weman, Adèle",1890,5,56305,88.80206020779683
ström,"Wendel, Johan",1860,2,68237,29.309612087284023
ström,"Wennberg, Fredrik Wilhelm",1850,1,56848,17.590768364762173
ström,"Wennberg, Fredrika",1860,6,105195,57.036931413089974
ström,"Wennberg, Fredrika",1880,2,59011,33.89198623985359
ström,"Wennerberg, Gunnar",1880,11,145887,75.4008239253669
ström,"Wennerberg, Ingrid",1890,1,35614,28.078845397877238
ström,"Wernberg, Hjalmar",1890,19,491632,38.64679272301233
ström,"Wernberg, Hjalmar",1900,22,298542,73.69147389647019
ström,"Weser, Lars August",1850,2,2166,923.3610341643582
ström,"Westdahl, Pauline",1870,3,55517,54.03750202640633
ström,"Wester, Anders Magnus",1870,1,17186,58.18689631095077
ström,"Wester, Ellen",1900,3,51024,58.79586077140169
ström,"Westerberg, Ernst",1890,1,47751,20.941969801679544
ström,"Westerberg, Ernst",1900,2,51307,38.981035726119245
ström,"Westerdahl, Alfred",1880,1,2955,338.40947546531305
ström,"Westergren, Georg",1870,4,20389,196.18421697974398
ström,"Westerlund, Carl Agardh",1850,7,17232,406.2209842154132
ström,"Westerlund, Johan Alfred",1910,38,910029,41.75691104349422
ström,"Westermarck, Helena",1890,3,104885,28.602755398770082
ström,"Westermarck, Helena",1900,1,59655,16.763054228480428
ström,"Westermark, Ottilia",1890,3,160024,18.74718792181173
ström,"Westholm, Erik",1850,2,18755,106.63822980538524
ström,"Westin, Carl Emanuel",1880,2,51378,38.92716727003776
ström,"Wetterbergh, Carl Anton",1840,57,912252,62.482735033740674
ström,"Wetterbergh, Carl Anton",1850,54,959464,56.28142379495218
ström,"Wetterbergh, Carl Anton",1860,2,66094,30.259932822949132
ström,"Wetterbergh, Carl Anton",1880,76,923099,82.33136424153855
ström,"Wetterbergh, Carl Anton",1890,6,120957,49.60440487115256
ström,"Wettergrund, Josefina",1850,5,168649,29.64737413207312
ström,"Wettergrund, Josefina",1860,6,404417,14.836171575378879
ström,"Wettergrund, Josefina",1870,4,152526,26.225037042864823
ström,"Wettergrund, Josefina",1880,11,507018,21.695482211676904
ström,"Wetterhoff, Karl",1880,6,38054,157.67067850948652
ström,"Wetterhoff, Onni",1860,1,45046,22.199529369977355
ström,"Whitlock, Anna",1880,8,36900,216.80216802168022
ström,"Whitlock, Ellen",1890,1,9299,107.53844499408538
ström,"Wichmann, Karl Emil",1880,6,74028,81.05041335710813
ström,"Wichmann, Karl Emil",1890,1,29810,33.545790003354576
ström,"Wickström, Victor Hugo",1870,3,21494,139.57383455848142
ström,"Wickström, Victor Hugo",1880,18,221642,81.21204464857743
ström,"Wickström, Victor Hugo",1890,17,213549,79.60702227591794
ström,"Wickström, Victor Hugo",1900,1,62978,15.878560767252056
ström,"Widmark, Per Fredrik",1850,3,22405,133.89868332961393
ström,"Wieselgren, Sigfrid",1860,3,70218,42.7240878407246
ström,"Wieselgren, Sigfrid",1870,1,46486,21.51185303102009
ström,"Wieselgren, Sigfrid",1880,13,114362,113.67412252321576
ström,"Wieselgren, Sigfrid",1890,12,53095,226.0099821075431
ström,"Wigforss, John",1890,3,20931,143.32807797047442
ström,"Wigström, Eva",1870,9,383015,23.497774238606844
ström,"Wigström, Eva",1880,19,277212,68.53960146025425
ström,"Wigström, Eva",1890,9,156657,57.450353319672914
ström,"Wijkander, Oscar",1860,2,12665,157.91551519936834
ström,"Wiklund, Karl Bernhard",1900,4,41691,95.94396872226619
ström,"Wikner, Pontus",1860,4,124054,32.244022764280075
ström,"Wikner, Pontus",1880,7,114897,60.92413204870449
ström,"Willasson, Helge",1890,1,11651,85.82954252853833
ström,"Wilén, Fritz",1880,2,60454,33.08300526019784
ström,"Winter, Reinhold",1870,8,33261,240.5219325937284
ström,"Winter, Reinhold",1880,2,150214,13.314338210819232
ström,"Winter, Reinhold",1890,6,55474,108.15877708476043
ström,"Wipperling, Nils Fredrik",1830,2,37057,53.97090967968265
ström,"Wipperling, Nils Fredrik",1840,1,50292,19.883878151594686
ström,"Wipperling, Nils Fredrik",1850,3,28519,105.19302920859778
ström,"Wirsén, Carl David af",1870,3,29796,100.68465565847765
ström,"Wirsén, Carl David af",1880,6,51798,115.83458820803892
ström,"Wirsén, Carl David af",1890,2,27350,73.12614259597807
ström,"Wirsén, Carl David af",1900,5,137790,36.28710356339357
ström,"Witt, Otto",1910,81,530862,152.58202696746048
ström,"Witt, Otto",1920,7,8489,824.5965366945459
ström,"Wranér, Henrik",1880,6,276476,21.70170286028444
ström,"Wranér, Henrik",1890,5,280678,17.814007510385565
ström,"Wägner, Elin",1900,4,74246,53.874956226598066
ström,"Wägner, Elin",1910,12,601051,19.96502792608281
ström,"Wägner, Elin",1920,24,608843,39.41902920785818
ström,"Wägner, Elin",1930,29,611590,47.41738746545889
ström,"Wägner, Elin",1940,11,474886,23.163453965793895
ström,"Wästberg, Anna",1850,1,14439,69.25687374471916
ström,"Wästberg, Anna",1860,2,68721,29.10318534363586
ström,"Wästberg, Anna",1880,5,155407,32.17358291454053
ström,"Wästberg, Efraim",1890,1,40886,24.458249767646628
ström,"Wågman, Frans Oskar",1900,2,70243,28.472588015887705
ström,"Wåhlin, A.",1880,3,37543,79.90837173374531
ström,"Wåhlstrand, Karin",1880,2,69220,28.89338341519792
ström,"Wærnér, Ninian",1890,5,97174,51.45409265853006
ström,"Wærnér, Ninian",1900,1,67609,14.790930201600379
ström,"Zachrisson, Waldemar",1890,7,223780,31.280722137813925
ström,"Zachrisson, Waldemar",1900,1,217780,4.5917898796951055
ström,"Zachrisson, Waldemar",1910,1,70119,14.261469787076257
ström,"Zachrisson, Waldemar",1920,1,73614,13.584372537832477
ström,"Zedritz, Carl Edvard",1830,1,62621,15.969083853659315
ström,"Zeipel, Carl von",1840,33,881480,37.43703770930708
ström,"Zethelius, Ingeborg",1890,1,35582,28.10409757742679
ström,"Zethraeus, August Gerhard",1880,4,25848,154.75085112968122
ström,"Zetterholm, Carl",1880,1,20889,47.87208578677773
ström,"Zetterqvist, Edvard Alexander",1920,5,145786,34.29684606203614
ström,"Zetterstedt, Johan Wilhelm",1860,3,36786,81.55276463872126
ström,"Zetterström, Hasse",1900,1,30996,32.2622273841786
ström,"Zetterström, Hasse",1910,3,32644,91.90050238941306
ström,"Zilliacus, Konni, d. ä.",1890,16,157875,101.34600158353128
ström,"Åberg, Johan Eggert",1850,8,33839,236.41360560300245
ström,"Åberg, Jon Olof",1870,18,389810,46.176342320617735
ström,"Åberg, Jon Olof",1880,125,2320133,53.87622175108065
ström,"Åberg, Jon Olof",1890,55,1280352,42.95693684236835
ström,"Åberg, Jon Olof",1900,2,65020,30.759766225776684
ström,"Åberg, Katie",1880,16,282619,56.61332040662517
ström,"Ågren, Robert",1890,1,2590,386.1003861003861
ström,"Åkerberg, Erik",1910,2,52870,37.82863627766219
ström,"Åkerberg, Sven",1890,6,36123,166.09916119923594
ström,"Åkerblom, Axel",1890,2,4949,404.122044857547
ström,"Åkerlund, P. A.",1860,2,7450,268.4563758389262
ström,"Åkesson, Christin",1890,1,9163,109.13456291607552
ström,"Ålund, Paulus",1890,1,11188,89.3814801573114
ström,"Åslund, Daniel",1850,7,141374,49.51405491816034
ström,"Åslund, Daniel",1880,4,40490,98.78982464806126
ström,"Öberg, Emil",1850,1,7508,133.19126265316996
ström,"Öberg, Emil",1870,3,37772,79.42391189240708
ström,"Öberg, Ludvig Teodor",1850,50,360523,138.6874069060781
ström,"Öberg, Ludvig Teodor",1860,45,288825,155.80368735393404
ström,"Öberg, Ludvig Teodor",1870,21,158100,132.82732447817835
ström,"Ödberg, Pehr Ivar",1870,2,24701,80.96838184688879
ström,"Ödman, Pelle",1880,25,295814,84.512565328213
ström,"Ödman, Pelle",1890,9,97994,91.8423576953691
ström,"Ödmann, Jenny Maria",1860,1,20491,48.801913034990974
ström,"Ödmann, Jenny Maria",1870,2,116907,17.1076154550198
ström,"Ödmann, Jenny Maria",1880,15,700126,21.424714979875052
ström,"Ödmann, Jenny Maria",1890,1,221571,4.513226008818844
ström,"Ödmann, Samuel",1840,1,53727,18.612615630874608
ström,"Ödmann, Samuel",1920,16,247519,64.64150226851272
ström,"Öhberg, Viktor Wilhelm",1890,5,60274,82.95450774795103
ström,"Ölander, Axel Herman",1860,1,12017,83.21544478655238
ström,"Öman, Victor Emanuel",1860,8,58221,137.4074646605177
ström,"Östergren, Carl Ludvig",1870,16,53569,298.6802068360432
strömning,"Ahnfelt, Arvid",1870,4,834238,4.794794770796823
strömning,"Ahrenberg, Jac",1890,1,379201,2.6371238472472385
strömning,"Alfthan, Georg Edvard von",1880,1,95134,10.51148905753989
strömning,"Amiel, Henri Frédéric",1900,1,79311,12.608591494244179
strömning,"Angered Strandberg, Hilma",1880,1,86852,11.51383963524156
strömning,Anonym,1860,1,1427646,0.7004537539418035
strömning,Anonym,1880,2,1657613,1.2065542439640615
strömning,Anonym,1890,2,1991534,1.0042509944595472
strömning,"Bagge, Peter",1880,1,239146,4.181546001187559
strömning,"Berg, Wilhelm",1900,1,183354,5.453930647817883
strömning,"Bergh, Richard",1900,2,82704,24.182627200619077
strömning,"Björlin, Gustaf",1890,1,189304,5.2825085576638635
strömning,"Blicher-Clausen, Jenny",1890,1,31237,32.01331754009668
strömning,"Borelius, Hilma",1900,1,70927,14.099003200473726
strömning,"Bremer, Fredrika",1840,2,233642,8.560104775682454
strömning,"Bremer, Fredrika",1920,2,342503,5.839364910672315
strömning,"Bygdén, Leonard",1920,1,936869,1.0673850879898896
strömning,"Bäckmann, Ida",1900,1,184784,5.41172395878431
strömning,"Cavallin, Christian",1890,2,227529,8.790088296436938
strömning,"Chydenius, Karl",1860,1,149994,6.666933344000427
strömning,"Cleve, Alma",1890,1,117475,8.512449457331346
strömning,"Dalström, Kata",1900,1,84771,11.796487006169563
strömning,"Dalström, Kata",1910,3,48502,61.85311945899138
strömning,"Danielsson, Axel",1900,10,252369,39.62451806679901
strömning,"Darwin, Charles",1870,2,433182,4.6169970128029325
strömning,"De Geer, Louis",1890,1,214224,4.668011053850176
strömning,"Edenberg, Albert Anderson",1880,1,686333,1.4570186775224272
strömning,"Eichhorn, Christoffer",1860,1,59856,16.70676289762096
strömning,"Ekelund, Vilhelm",1910,2,272156,7.348726465703494
strömning,"Ekelund, Vilhelm",1920,2,263894,7.578800579020364
strömning,"Eneroth, Carl",1880,1,409038,2.4447606334863754
strömning,"Eneroth, Carl",1890,2,381701,5.239703327997569
strömning,"Engström, Albert",1900,1,133509,7.490131751417508
strömning,"Fahlstedt, Amalia",1880,1,34324,29.134133550868196
strömning,"Fersen, Axel von",1930,1,227972,4.386503605705964
strömning,"Flygare-Carlén, Emilie",1870,1,329761,3.032499294943914
strömning,"Forssman, Edith",1890,2,548028,3.6494485683213265
strömning,"Fredberg, Carl Rudolf A:son",1910,1,31647,31.598571744557145
strömning,"Frykholm, Sunny",1890,4,98036,40.80133828389571
strömning,"Fryxell, Anders",1880,1,52461,19.061779226473
strömning,"Gadelius, Bror",1920,1,107081,9.338724890503451
strömning,"Geijerstam, Gustaf af",1880,6,580180,10.341618118514944
strömning,"Geijerstam, Gustaf af",1890,8,967087,8.27226505991705
strömning,"Gernandt-Claine, Jane",1890,2,201394,9.930782446348948
strömning,"Goncourt, Edmond de",1920,1,157664,6.342601989039983
strömning,"Göthe, Georg",1870,1,73561,13.59415994888596
strömning,"Hagström, Tore",1960,2,647980,3.0865150158955523
strömning,"Hallén, Birger",1890,1,59542,16.794867488495516
strömning,"Hasselskog, Nils",1930,1,157959,6.330756715350186
strömning,"Hedenstierna, Alfred",1880,2,469833,4.256831682746848
strömning,"Hedenstierna, Alfred",1890,1,880308,1.13596604824675
strömning,"Hedin, Greta",1920,3,161322,18.596347677316174
strömning,"Hedin, Sven",1880,1,147501,6.779615053457265
strömning,"Hedin, Sven",1890,1,509247,1.9636836348569555
strömning,"Hedin, Sven",1900,2,790072,2.531414858392653
strömning,"Hedin, Sven",1910,1,851315,1.174653330435855
strömning,"Heidenstam, Verner von",1880,10,140250,71.301247771836
strömning,"Heidenstam, Verner von",1890,3,358205,8.375092474979411
strömning,"Heidenstam, Verner von",1900,2,415213,4.816804868826361
strömning,"Heidenstam, Verner von",1910,2,146544,13.647778141718529
strömning,"Hofberg, Herman",1900,3,1537883,1.9507335733602622
strömning,"Hofsten, Johanna Christina von",1890,1,231568,4.318385960063567
strömning,"Holmberg, Teodor",1890,1,91248,10.959144310012274
strömning,"Humble, Julius",1870,1,29616,33.765532144786604
strömning,"Hvalgren, Emanuel",1880,1,26650,37.5234521575985
strömning,"Hägerström, Axel",1890,1,63718,15.694152358831099
strömning,"Jacobson, Harald",1890,1,68191,14.664691821501371
strömning,"Janson, Betty",1890,2,177288,11.281079373674473
strömning,"Johanson, Klara",1920,1,80164,12.474427423781249
strömning,"Johanson, Klara",1940,2,104609,19.11881386878758
strömning,"Johansson, Konrad",1900,3,13105,228.9202594429607
strömning,"Jonsson, Thorsten",1930,2,73758,27.11570270343556
strömning,"Jonsson, Thorsten",1940,1,146692,6.817004335614757
strömning,"Jonsson, Thorsten",1950,2,90936,21.993489926981614
strömning,"Josephson, Ludvig",1890,1,93878,10.652122968107545
strömning,"Jändel, Ragnar",1920,2,154340,12.958403524685759
strömning,"Jænisch, Alexander",1890,1,97007,10.308534435659283
strömning,"Kerfve, Axel",1890,1,948369,1.0544418891802663
strömning,"Key, Ellen",1890,4,267625,14.946286781877628
strömning,"Key, Ellen",1900,3,187000,16.0427807486631
strömning,"Koch, Richert von",1890,3,423042,7.091494461542825
strömning,"Krook, Nathalia",1890,1,6256,159.846547314578
strömning,"Kræmer, Lotten von",1860,1,37797,26.457126226949228
strömning,"Kræmer, Lotten von",1880,1,79117,12.639508575906568
strömning,"Lagerlöf, Selma",1890,1,695774,1.4372483018911313
strömning,"Lagerlöf, Selma",1900,1,1232026,0.8116711822640107
strömning,"Lagerlöf, Selma",1940,1,311149,3.2138943078717914
strömning,"Lamm, Martin",1940,3,213547,14.04842961970901
strömning,"Leffler, Anne Charlotte",1890,4,169179,23.64359642745258
strömning,"Levertin, Oscar",1890,5,282783,17.681402347382974
strömning,"Levertin, Oscar",1900,1,151708,6.591610198539299
strömning,"Lidforss, Bengt",1910,1,19597,51.0282186048885
strömning,"Limborg, Ossian",1880,1,129747,7.7073072980492805
strömning,"Linder, Sten",1930,14,185504,75.47007072623771
strömning,"Linnarsson, Linnar",1950,1,276292,3.619359228642161
strömning,"Ljunggren, Gustaf",1860,1,225853,4.427658698356896
strömning,"Ljunggren, Gustaf",1880,1,589132,1.6974124644392088
strömning,"Ljunggren, Gustaf",1890,4,508881,7.860383861845893
strömning,"Lundegård, Axel",1890,2,663851,3.0127242408311505
strömning,"Lundegård, Axel",1910,2,42428,47.13868200245121
strömning,"Lundquist, Ernst",1880,3,702213,4.27220800526336
strömning,"Lundström, Georg",1880,1,72582,13.777520597393293
strömning,"Lundström, Vilhelm",1900,1,23072,43.342579750346744
strömning,"Meijer, Bernhard",1880,3,543470,5.52008390527536
strömning,"Meyer, Albertine",1880,1,335249,2.9828575178449452
strömning,"Mortensen, Johan",1900,29,233086,124.41759693846906
strömning,"Mortensen, Johan",1910,3,159369,18.824238088963348
strömning,"Munthe, Axel",1880,3,97397,30.801770075053646
strömning,"Munthe, Axel",1900,2,96220,20.785699438786114
strömning,"Nilsson, Albert",1910,10,135571,73.76208776213203
strömning,"Nissen, Carl",1890,1,84972,11.76858259191263
strömning,"Nordin, Jonas",2010,2,10586,188.9287738522577
strömning,"Nordin, Jonas",2020,2,186173,10.742696309346682
strömning,"Nordström, Ester Blenda",1920,2,124260,16.095284081764042
strömning,"Norlander, Emil",1890,1,46333,21.58288908553299
strömning,"Norman, Carl",1890,1,54946,18.199686965384196
strömning,"Norström, Vitalis",1910,1,130954,7.636269224307772
strömning,"Nyström, Ludvig",1890,3,278010,10.790978741771879
strömning,"Pauli, Georg",1910,1,50904,19.644821625019645
strömning,"Petersson, Svante",1890,2,7104,281.5315315315315
strömning,"Pihlstrand, Ragnar",1880,1,2387801,0.41879536862577743
strömning,"Quennerstedt, August",1910,1,1140005,0.8771891351353722
strömning,"Regis, Julius",1920,1,73780,13.553808620222282
strömning,"Ridderstad, Carl Fredrik",1880,2,559564,3.5742113502655637
strömning,"Rietz, Johan Ernst",1860,1,1483948,0.6738780604172114
strömning,"Roos, Mathilda",1880,1,225894,4.4268550736186
strömning,"Roos, Mathilda",1890,3,429737,6.981013969008952
strömning,"Ruin, Hans",1930,2,163282,12.248747565561422
strömning,"Ruin, Hans",1940,8,79133,101.09562382318376
strömning,"Ruin, Hans",1960,1,82352,12.142995919953371
strömning,"Ryberg, Klas",1880,1,22078,45.29395778603134
strömning,"Rydberg, Viktor",1880,1,138811,7.204040025646383
strömning,"Rydberg, Viktor",1900,1,80283,12.455937122429406
strömning,"Samzelius, Hugo",1890,1,77418,12.916892712289131
strömning,"Sandel, Maria",1920,1,144864,6.9030262867241
strömning,"Santesson, Frithiof",1880,1,36705,27.244244653316986
strömning,"Saxon, Johan Lindström",1880,1,109786,9.108629515603083
strömning,"Schück, Henrik",1900,2,33377,59.92150283129101
strömning,"Segerstedt, Torgny",1930,5,70915,70.506944934076
strömning,"Sjögren, Lennart",1980,1,48769,20.504828887202937
strömning,"Skarstedt, Ernst",1890,1,171111,5.844159639064701
strömning,"Stam, Per",1990,5,238205,20.990323460884532
strömning,"Stjernström, Louise",1890,2,1662749,1.202827366006535
strömning,"Stowe, Harriet Beecher",1890,1,222597,4.4924235277205
strömning,"Strindberg, August",1880,1,793035,1.2609783931352336
strömning,"Ström, Fredrik",1940,3,275415,10.892652905615163
strömning,"Stéenhoff, Frida",1910,2,139598,14.326852820240978
strömning,"Sundblad, Johannes",1890,1,392680,2.546602831822349
strömning,"Suttner, Bertha von",1890,1,75529,13.239947569807624
strömning,Svenska Litteratursällskapet,1930,23,599463,38.367672400131454
strömning,Svenska Litteratursällskapet,1980,2,392946,5.089757880217638
strömning,"Söderberg, Hjalmar",1900,1,304715,3.2817550826181843
strömning,"Söderberg, Hjalmar",1920,1,172010,5.813615487471659
strömning,"Söderberg, Hjalmar",1930,2,88865,22.50604850053452
strömning,"Söderhjelm, Werner",1900,4,124684,32.08110102338712
strömning,"Tenow, Elna",1880,1,54332,18.40535964072738
strömning,"Uddgren, Gustaf",1910,1,244634,4.0877392349387245
strömning,"Undset, Sigrid",1920,1,124115,8.057043870603875
strömning,"Virdestam, Gotthard",1920,2,316868,6.311776512617241
strömning,"Virdestam, Gotthard",1930,3,906231,3.310414232132867
strömning,"Warburg, Karl",1900,5,453357,11.028835994591459
strömning,"Warburg, Karl",1910,1,104648,9.555844354407155
strömning,"Weman, Adèle",1890,1,56305,17.760412041559363
strömning,"Wennerberg, Gunnar",1880,1,145887,6.854620356851536
strömning,"Wernberg, Hjalmar",1890,1,491632,2.034041722263807
strömning,"Wickström, Victor Hugo",1880,1,221642,4.511780258254302
strömning,"Wickström, Victor Hugo",1890,5,213549,23.413830081152334
strömning,"Witt, Otto",1910,3,530862,5.651186183980017
strömning,"Wranér, Henrik",1880,2,276476,7.2339009534281455
strömning,"Wägner, Elin",1910,1,601051,1.6637523271735677
strömning,"Wägner, Elin",1920,1,608843,1.6424595503274244
strömning,"Wägner, Elin",1930,6,611590,9.810493958370804
strömning,"Wägner, Elin",1940,5,474886,10.528842711724499
strömning,"Wåhlin, Carl Ludvig",1890,2,82866,24.135351048681002
strömning,"Zachrisson, Waldemar",1900,1,217780,4.5917898796951055
strömning,"Zetterqvist, Edvard Alexander",1920,1,145786,6.859369212407227
strömning,"Zilliacus, Konni, d. ä.",1890,1,157875,6.334125098970705
strömning,"Åberg, Jon Olof",1880,1,2320133,0.4310097740086452
strömning,"Ödman, Pelle",1890,2,97994,20.409412821193133
styrka,"Adelborg, Ottilia",1900,1,31386,31.861339450710506
styrka,"Adelborg, Ottilia",1910,2,39721,50.351199617330884
styrka,"Adelborg, Ottilia",1920,1,14026,71.29616426636247
styrka,"Adlersparre, Carl August",1830,1,19080,52.41090146750524
styrka,"Adlersparre, Carl August",1840,22,163802,134.30849440177775
styrka,"Adlersparre, Carl August",1850,4,16862,237.21978412999644
styrka,"Adlersparre, Georg Axel",1880,4,51236,78.07010695604653
styrka,"Adlersparre, Karin Alcyone",1880,11,12368,889.391979301423
styrka,"Afzelius, Anders Johan",1840,1,18889,52.94086505373498
styrka,"Afzelius, Anders Johan",1850,2,85174,23.48134407213469
styrka,"Afzelius, Arvid August",1840,7,62722,111.60358406938555
styrka,"Afzelius, Arvid August",1850,8,16961,471.67030245858143
styrka,"Agardh, Carl Adolph",1830,1,10371,96.42271719217048
styrka,"Agrell, Alfhild",1880,12,251326,47.746751231468295
styrka,"Agrell, Alfhild",1890,20,302899,66.02861019679827
styrka,"Agrell, Alfhild",1900,5,73698,67.84444625362968
styrka,"Agrell, Alfhild",1910,13,76114,170.79643692356203
styrka,"Ahlbom, Mathilda",1860,21,395655,53.07654395875194
styrka,"Ahlbom, Sophia",1830,1,12389,80.71676487206393
styrka,"Ahlborg, Georg",1880,4,18847,212.2353690242479
styrka,"Ahlin, Johan Olof",1880,9,70471,127.71210852691178
styrka,"Ahlin, Johan Olof",1890,2,9564,209.11752404851526
styrka,"Ahlin, Johan Olof",1900,1,1192,838.9261744966443
styrka,"Ahlqvist, Abraham",1840,3,165083,18.172676774713327
styrka,"Ahlstrand, J.E.",1850,9,99847,90.13791100383587
styrka,"Ahlström, Olof Crispin",1890,1,151393,6.605325213186871
styrka,"Ahnfelt, Arvid",1870,57,834238,68.32582548385473
styrka,"Ahnfelt, Paul Gabriel",1850,1,11640,85.91065292096219
styrka,"Ahnfelt-Laurin, Emilia",1880,4,14138,282.9254491441505
styrka,"Ahrenberg, Jac",1870,2,87463,22.866812252038006
styrka,"Ahrenberg, Jac",1880,12,146333,82.00474260761413
styrka,"Ahrenberg, Jac",1890,35,379201,92.29933465365335
styrka,"Alcenius, Maria Charlotta",1860,2,14053,142.3183661851562
styrka,"Alcott, Louisa May",1870,21,411350,51.05141606904096
styrka,"Aldén, Gustaf Alfred",1880,1,12405,80.61265618702136
styrka,"Alfthan, Georg Edvard von",1880,3,95134,31.534467172619674
styrka,"Alfthan, Johannes",1870,16,128378,124.63194628363115
styrka,"Alfthan, Johannes",1880,3,30151,99.49918742330271
styrka,"Allardt, Anders",1880,8,63688,125.61236025624922
styrka,"Allardt, Anders",1890,6,41247,145.46512473634445
styrka,"Allvarsson, Anders",1890,1,5759,173.64125716270186
styrka,"Alm, Leopold",1850,1,17961,55.67618729469406
styrka,"Almkvist, Johan Alfred",1870,5,34984,142.92247884747314
styrka,"Almquist, C. A.",1850,2,10844,184.43378827001106
styrka,"Almquist, Viktor",1880,1,20444,48.91410682840932
styrka,"Almquist, Viktor",1890,12,36774,326.31750693424704
styrka,"Almqvist, C.J.L.",1810,1,12936,77.30364873222015
styrka,"Almqvist, C.J.L.",1830,41,621640,65.95457177787787
styrka,"Almqvist, C.J.L.",1840,103,1578875,65.23632333148602
styrka,"Almqvist, C.J.L.",1850,10,252499,39.604117244028686
styrka,"Almqvist, C.J.L.",1870,3,63352,47.35446394746811
styrka,"Almqvist, Carolina",1860,15,186124,80.59143366787733
styrka,"Almqvist, Gertrud",1890,5,65623,76.19279825670877
styrka,"Almén, Ruth",1900,4,7021,569.7194131890044
styrka,"Althén, Gustaf",1870,6,41569,144.33832904327744
styrka,"Altén, Victor August",1830,25,73223,341.422776996299
styrka,"Ameen, Georg",1830,4,77692,51.485352417237294
styrka,"Ameen, Georg",1840,5,78816,63.43889565570443
styrka,"Amiel, Henri Frédéric",1900,51,79311,643.0381662064531
styrka,"Aminoff, Ivan",1900,3,34559,86.80806736306027
styrka,"Améen, Elin",1880,2,41119,48.63931515844257
styrka,"Améen, Elin",1890,3,139222,21.548318512878712
styrka,"Andelin, Karl August",1860,1,11466,87.21437292865865
styrka,"Anders, Ludwig",1890,7,42039,166.5120483360689
styrka,"Andersen, Hans Christian",1840,2,10911,183.30125561360094
styrka,"Anderson, Alfred",1860,22,165183,133.18561837477222
styrka,"Anderson, August",1880,2,53800,37.174721189591075
styrka,"Anderson, Hedda",1890,29,365673,79.30582788447602
styrka,"Anderson, Hedda",1900,8,138746,57.659319908321685
styrka,"Andersson, Carl Gustaf",1850,1,14294,69.95942353435008
styrka,"Andersson, Carl Gustaf",1860,1,22821,43.819289251128346
styrka,"Andersson, Christen",1880,1,10873,91.9709371838499
styrka,"Andersson, Dan",1910,10,187950,53.20563979781857
styrka,"Andersson, Dan",1920,3,132920,22.569966897381885
styrka,"Andersson, F. A.",1860,1,3490,286.5329512893983
styrka,"Andersson, Hilding",1900,5,35557,140.61928734145175
styrka,"Andersson, Hilma",1900,4,78576,50.90612909794339
styrka,"Andersson, J.",1880,2,20115,99.42828734775044
styrka,"Andersson, Johan",1840,1,20092,49.77105315548477
styrka,"Andersson, Magnus Ernhold",1880,1,27858,35.89633139493144
styrka,"Andrée, Andreas",1830,3,18924,158.5288522511097
styrka,"Andrén, Olof",1890,34,258552,131.50159348989757
styrka,"Angered Strandberg, Hilma",1880,10,86852,115.1383963524156
styrka,"Angered Strandberg, Hilma",1890,14,185465,75.48594074353652
styrka,"Angered Strandberg, Hilma",1900,17,160957,105.61827071826637
styrka,"Angered Strandberg, Hilma",1910,12,140462,85.43235892981731
styrka,"Angered Strandberg, Hilma",1920,4,44573,89.7404258183205
styrka,"Angerstein, Uno",1840,1,9300,107.52688172043011
styrka,"Anholm, Maria",1890,30,154652,193.98391226754262
styrka,Anonym,1700,1,1796708,0.5565734665844422
styrka,Anonym,1830,28,334683,83.66125557617208
styrka,Anonym,1840,61,731519,83.38812799120734
styrka,Anonym,1850,87,858377,101.35406703581293
styrka,Anonym,1860,170,1427646,119.0771381701066
styrka,Anonym,1870,187,1872242,99.88025052316955
styrka,Anonym,1880,137,1657613,82.64896571153822
styrka,Anonym,1890,160,1991534,80.34007955676378
styrka,Anonym,1900,39,280356,139.1088473226897
styrka,Anonym,1910,4,81024,49.368088467614534
styrka,Anonym,1930,37,267697,138.21596805343356
styrka,Anonym,1940,17,146139,116.32760590944238
styrka,Anonym,1990,5,51306,97.454488753752
styrka,"Anrep, Gabriel",1870,8,701580,11.402833604150631
styrka,"Antell, G. W.",1860,1,9442,105.90976488032197
styrka,"Arfvidsson, Mathilda Katarina Johanna",1850,13,104045,124.94593685424576
styrka,"Arfvidsson, Nils",1880,1,18882,52.960491473360875
styrka,"Arfwedson, Carl David",1830,1,12333,81.08327252087895
styrka,"Arfwedson, Carl David",1840,40,317219,126.09585176171667
styrka,"Arfwedson, Carl David",1870,17,176118,96.52619266628056
styrka,"Arfwidsson, Nils",1840,27,176017,153.39427441667567
styrka,"Arfwidsson, Nils",1860,1,30721,32.5510237296963
styrka,"Armfelt, Gustaf Johan Philip",1870,3,56603,53.00072434323269
styrka,"Armfelt, Gustaf Mauritz",1800,6,2316,2590.6735751295337
styrka,"Arnoldson, K. P.",1860,7,68739,101.8344753342353
styrka,"Arosenius, Fredrik Reinhold",1860,5,66932,74.70268332038486
styrka,"Arosenius, Ivar",1900,1,15220,65.7030223390276
styrka,"Arosenius, Ivar",1930,1,4318,231.5886984715146
styrka,"Arrhén von Kapfelman, Erik Jakob",1830,1,2907,343.9972480220158
styrka,"Arvidson, Bernt",1860,1,18310,54.614964500273075
styrka,"Arvidsson, Adolf Ivar",1830,15,219944,68.19917797257483
styrka,"Arvidsson, Adolf Ivar",1840,4,117644,34.0008840229846
styrka,"Asp, Pehr Olof von",1800,5,45124,110.80577962946548
styrka,"Atterbom, P.D.A.",1830,15,122714,122.23544175888652
styrka,"Atterbom, P.D.A.",1840,165,628322,262.6042061236118
styrka,"Atterbom, P.D.A.",1850,28,244343,114.59301064487217
styrka,"Atterbom, P.D.A.",1910,5,115202,43.40202427041197
styrka,"Atterling, Carl Henrik",1860,1,16544,60.44487427466151
styrka,"Aurelius, Hedvig",1890,3,18591,161.36840406648378
styrka,"Aurell, Fr.",1880,1,3729,268.1684097613301
styrka,"Aurell, Wilhelm",1860,12,194453,61.711570405187885
styrka,"Aurell, Wilhelm",1890,1,17631,56.71828030174125
styrka,"Austen, Jane",1830,17,163429,104.02070623940672
styrka,"Avellan, Herman",1840,3,26807,111.91106800462566
styrka,"Axelson, Maximilian",1840,3,76978,38.97217386785835
styrka,"Axelson, Maximilian",1850,4,96418,41.48602957953909
styrka,"Axelson, Maximilian",1860,11,164196,66.99310580038491
styrka,"Axelson, Maximilian",1870,1,90952,10.99481044946785
styrka,"Axelsson, Arvid",1880,1,53918,18.54668199859045
styrka,"Backlund, A.",1870,3,27412,109.44112067707573
styrka,"Backlund, Gusten",1870,2,15642,127.86088735455824
styrka,"Backlund, Gusten",1880,1,21995,45.464878381450326
styrka,"Backman, Anders",1890,2,40393,49.51352957195554
styrka,"Backman, Anders",1900,1,45133,22.156736755810606
styrka,"Bagge, Peter",1880,55,239146,229.98503006531575
styrka,"Bagger, Alban Agathon",1890,11,46140,238.40485478977027
styrka,"Bahr, Johan Fredrik",1830,4,7485,534.4021376085504
styrka,"Barnekow, Kjell Christoffer",1910,8,41861,191.10866916700508
styrka,"Barthelson, Fredrik",1860,2,5609,356.5697985380638
styrka,"Barthelson, Fredrik",1870,2,22986,87.00948403375968
styrka,"Bechman, H.",1880,5,37309,134.01592109142567
styrka,"Becker, Hugo von",1870,1,36568,27.34631371691096
styrka,"Becker, Hugo von",1880,1,55566,17.996616636072417
styrka,"Beckman, Edvard",1850,2,57597,34.72403076549126
styrka,"Beckman, Ernst",1870,3,20152,148.86859865025804
styrka,"Beckman, Ernst",1890,5,53013,94.31648840850357
styrka,"Behm, Oscar",1880,3,76639,39.14456086326805
styrka,"Behm, Oscar",1890,2,28540,70.0770847932726
styrka,"Bellander, Gustaf",1880,1,3535,282.88543140028287
styrka,"Bellman, Carl Michael",1850,2,8431,237.21978412999644
styrka,"Bellman, Carl Michael",1870,22,134584,163.46668251798133
styrka,"Bellman, Carl Michael",2000,5,104933,47.649452507790684
styrka,"Benedictsson, Victoria",1880,23,449815,51.13213209875171
styrka,"Benedictsson, Victoria",1890,10,210958,47.402800557456935
styrka,"Benedictsson, Victoria",1900,1,33442,29.902517791998086
styrka,"Benedictsson, Victoria",1910,3,21049,142.5245854909972
styrka,"Bengtsson, Hans",1890,2,2579,775.4943776657619
styrka,"Bensow, Oscar",1880,1,38463,25.999012037542574
styrka,"Bensow, Oscar",1890,12,37816,317.32599957689865
styrka,"Benzelstierna, Gustaf",1880,3,92912,32.28861718615464
styrka,"Benzon, Karl",1900,12,224255,53.51051258611848
styrka,"Berg, Anders Henrik",1880,4,34619,115.54348768017563
styrka,"Berg, Carl Oscar",1880,6,84676,70.85833057773159
styrka,"Berg, Carl Oscar",1890,12,210534,56.99791957593548
styrka,"Berg, Daniel",1910,5,62030,80.60615831049492
styrka,"Berg, Daniel",1930,1,83127,12.029785749515801
styrka,"Berg, Johan August",1860,34,133607,254.47768455245608
styrka,"Berg, Per Gustaf",1860,41,406783,100.7908393418604
styrka,"Berg, Per Gustaf",1870,124,490594,252.75482374427733
styrka,"Berg, Ruben G:son",1890,11,81889,134.32817594548717
styrka,"Berg, Ruben G:son",1900,3,12704,236.14609571788412
styrka,"Berg, Wilhelm",1880,34,380111,89.44755610861039
styrka,"Berg, Wilhelm",1890,59,980146,60.195113789170186
styrka,"Berg, Wilhelm",1900,23,183354,125.4404048998113
styrka,"Berg, Wilhelm",1930,4,1534868,2.6060872987123322
styrka,"Bergenström, A. J.",1840,2,23494,85.12811781731506
styrka,"Berger, Henning",1900,6,187588,31.984988378787556
styrka,"Berger, Henning",1910,19,310908,61.111325536814746
styrka,"Berger, Lars",1880,10,149277,66.98955632816843
styrka,"Bergh, Richard",1900,12,82704,145.09576320371445
styrka,"Bergklint, Olof",1830,32,87150,367.1830177854274
styrka,"Berglund, Alrik",1880,2,25581,78.18302646495445
styrka,"Berglund, Anders Olof",1890,1,8107,123.35019119279634
styrka,"Berglund, Erik Wilhelm",1890,1,6580,151.9756838905775
styrka,"Berglund, Victoria",1850,3,60959,49.21340573172132
styrka,"Bergman, Bengt",1930,2,83717,23.89001039215452
styrka,"Bergman, Carl Johan",1840,1,1958,510.7252298263534
styrka,"Bergman, Carl Johan",1880,16,180845,88.47355470154
styrka,"Bergman, Carl Wilhelm",1840,5,128252,38.985746810965914
styrka,"Bergman, Daniel Fredrik",1860,4,20406,196.02077820248945
styrka,"Bergman, Hjalmar",1900,16,221296,72.30135203528306
styrka,"Bergman, Hjalmar",1910,27,487777,55.35316343329021
styrka,"Bergman, Hjalmar",1920,56,660281,84.81237533716705
styrka,"Bergman, Hjalmar",1930,11,100439,109.51921066517986
styrka,"Bergman, Johan",1890,4,15742,254.09731927328167
styrka,"Bergman, Johan Magnus",1870,7,202066,34.642146625360034
styrka,"Bergstedt, Anna Elisabet Matilda",1860,10,120779,82.79585027198436
styrka,"Bergsten, Richard",1880,4,17597,227.31147354662727
styrka,"Bergstrand, Erik",2020,1,289651,3.4524306838229455
styrka,"Bergstrand, Per Emanuel",1860,7,35553,196.88915140775742
styrka,"Bergstrand, Per Emanuel",1880,1,42232,23.67872703163478
styrka,"Bergström, E. O.",1890,4,12110,330.30553261767136
styrka,"Bergström, Ottilia E:a",1840,4,19206,208.26824950536292
styrka,"Bergström, Richard",1880,28,223858,125.07929133647222
styrka,"Bergström, Richard",1890,3,26928,111.40819964349376
styrka,"Bergsøe, Vilhelm",1870,9,82959,108.48732506418834
styrka,"Berlin, Anna Catharina",1830,8,26948,296.868042155262
styrka,"Berlin, Anna Catharina",1840,36,97974,367.4444240308653
styrka,"Berndtson, Charlotta",1860,23,200987,114.43526198211825
styrka,"Berndtson, Fredrik",1840,5,69987,71.44183919870834
styrka,"Berndtson, Fredrik",1850,2,61138,32.71287906048612
styrka,"Berndtson, Fredrik",1860,3,15837,189.42981625307823
styrka,"Berndtson, Fredrik",1880,5,16908,295.7180033120416
styrka,"Bernhardt, Gustaf",1850,1,3953,252.97242600556538
styrka,"Bernhardt, Gustaf",1860,6,13299,451.16174148432214
styrka,"Beskow, Bernhard von",1830,7,53780,130.15991074748976
styrka,"Beskow, Bernhard von",1840,1,5568,179.5977011494253
styrka,"Beskow, Bernhard von",1870,16,104308,153.3918779000652
styrka,"Beskow, Carl Adolf",1890,2,22683,88.17175858572499
styrka,"Beskow, Elisabeth",1890,4,153995,25.974869313938765
styrka,"Beskow, Elisabeth",1900,4,92751,43.12621966339986
styrka,"Beskow, Elisabeth",1920,1,44482,22.481003551998562
styrka,"Biberg, Jacob Fredrik",1870,1,3499,285.7959416976279
styrka,"Billing, Lars Theodor",1860,1,14021,71.32158904500392
styrka,"Bjarke, Fredrik Constantin",1890,6,114160,52.55781359495445
styrka,"Bjelkengren, Conrad",1860,2,22008,90.87604507451836
styrka,"Bjerre, Andreas",1920,8,63395,126.19291742250967
styrka,"Bjursten, Herman",1840,13,114487,113.55001004480859
styrka,"Bjursten, Herman",1850,85,1007894,84.33426530964566
styrka,"Bjursten, Herman",1860,60,393956,152.30127222329398
styrka,"Bjurström, Gustaf",1870,15,221120,67.83646888567294
styrka,"Bjurström, Gustaf",1880,1,31921,31.327339369067385
styrka,"Bjurström, Per Gustaf",1890,3,17210,174.31725740848344
styrka,"Björck, Ernst Daniel",1860,8,46536,171.909919202338
styrka,"Björck, Theodor",1840,5,31335,159.56598053295036
styrka,"Björck, Theodor",1850,21,139177,150.8870000071851
styrka,"Björk, Charlotte",1890,1,12685,78.83326763894364
styrka,"Björklund, Carl Peter",1850,1,13905,71.91657677094571
styrka,"Björklund, Ulrik",1870,1,3242,308.45157310302284
styrka,"Björkman, Carl Gustaf",1880,46,266330,172.71805654638982
styrka,"Björkman, Göran",1880,2,39312,50.875050875050874
styrka,"Björkstén, Emilie",1870,4,29767,134.37699465851446
styrka,"Björlin, Gustaf",1870,33,247102,133.54808945293846
styrka,"Björlin, Gustaf",1880,11,130906,84.0297618138206
styrka,"Björlin, Gustaf",1890,21,189304,110.93267971094113
styrka,"Björlin, Gustaf",1900,17,147723,115.08025155189104
styrka,"Björlin, Gustaf",1910,17,148514,114.46732294598489
styrka,"Björlin, Knut Salomon",1880,1,9937,100.63399416322834
styrka,"Björling, Fridolf",1870,31,155334,199.5699589272149
styrka,"Björling, Fridolf",1880,10,244028,40.97890406018981
styrka,"Blachet, Gustaf",1890,2,17198,116.29259216187928
styrka,"Blanche, August",1830,3,17681,169.67366099202533
styrka,"Blanche, August",1840,105,1028385,102.10183929170495
styrka,"Blanche, August",1850,38,306375,124.03100775193798
styrka,"Blanche, August",1870,2,29969,66.73562681437485
styrka,"Blanche, Thore",1880,3,39472,76.00324280502635
styrka,"Blanche, Thore",1890,5,48511,103.06940693863247
styrka,"Blixén, Amalia",1860,5,101428,49.29605237212604
styrka,"Blom, Lydia",1890,2,37775,52.945069490403704
styrka,"Blomberg, Harry",1910,3,28562,105.03466143827463
styrka,"Blomberg, Harry",1920,20,267112,74.87495881877265
styrka,"Blomgren, E. G.",1860,3,8061,372.1622627465575
styrka,"Blomgren, Joseph C.",1850,2,42011,47.60657922924948
styrka,"Blomqvist, Petter",1830,7,29051,240.95556091012358
styrka,"Blum, Fredrique",1830,2,1260,1587.3015873015872
styrka,"Blumauer, Karl",1830,2,17434,114.71836641046231
styrka,"Blumenberg, Henrik Germund",1870,1,50080,19.968051118210862
styrka,"Boberg, Carl",1890,5,57148,87.49212570868622
styrka,"Boberg, Carl",1900,9,37596,239.38716884774976
styrka,"Bohman, John G.",1880,7,151148,46.312223780665306
styrka,"Boisman, Alexander Wilhelm",1890,1,34257,29.191114224829963
styrka,"Bolander, Sophie",1840,32,153009,209.13802456064676
styrka,"Bolander, Sophie",1850,61,280366,217.57274419865462
styrka,"Bolander, Sophie",1860,119,532782,223.35589415558334
styrka,"Bollsten, Johan Christian",1840,13,107829,120.561259030502
styrka,"Bolm, Jonas Adolf",1850,6,57596,104.17390096534481
styrka,"Bolm, Jonas Adolf",1860,4,37796,105.83130489998942
styrka,"Bonaparte, Napoleon",1830,2,82500,24.242424242424242
styrka,"Bonde, Krister",1880,2,29334,68.1802686302584
styrka,"Bondeson, August",1880,14,429341,32.60811336443526
styrka,"Bondeson, August",1890,10,148263,67.44771116192172
styrka,"Bondeson, August",1900,8,177147,45.160234155814095
styrka,"Bonggren, Jakob",1880,2,29060,68.82312456985547
styrka,"Borelius, Hilma",1900,3,70927,42.29700960142118
styrka,"Borelius, Hilma",1910,1,9390,106.49627263045794
styrka,"Borgström, Ferdinand Ludvig",1870,6,37312,160.80617495711834
styrka,"Borgström, Gustaf",1890,5,64685,77.29767334003246
styrka,"Boye, Karin",1920,4,15389,259.92592111248297
styrka,"Boye, Karin",1930,26,221708,117.27136594078698
styrka,"Boye, Karin",1940,14,194585,71.9479918801552
styrka,"Brag, Eva",1880,2,104257,19.1833641865774
styrka,"Brag, Hanna",1840,3,23418,128.10658467845246
styrka,"Brager, Martin H.",1880,2,3600,555.5555555555555
styrka,"Brandt, Erastus",1890,3,56132,53.44545001068909
styrka,"Brandt, G. J. W.",1860,10,79180,126.2945188178833
styrka,"Branting, Anna",1890,11,140671,78.19664323136965
styrka,"Branting, Anna",1900,7,106584,65.67589882158673
styrka,"Branting, Anna",1910,9,112594,79.93321136117378
styrka,"Branting, Anna",1940,1,57078,17.519885069553943
styrka,"Brask, Samuel",1640,2,21749,91.95825095406686
styrka,"Bratt, Erland Axel",1890,4,14394,277.8935667639294
styrka,"Bratt, Iwan",1940,1,6487,154.15446277169724
styrka,"Braun, Wilhelm von",1830,15,73189,204.94883110849992
styrka,"Braun, Wilhelm von",1840,38,407518,93.24741483811758
styrka,"Braun, Wilhelm von",1850,39,264070,147.68811300034082
styrka,"Braun, Wilhelm von",1860,3,24937,120.30316397321249
styrka,"Braun, Wilhelm von",1880,13,89403,145.40899074975113
styrka,"Braunerhjelm, Augusta",1880,8,93500,85.56149732620321
styrka,"Braunerhjelm, Augusta",1900,6,88617,67.70709908933952
styrka,"Bredberg, Henrik Wilhelm",1870,4,25162,158.96987520864795
styrka,"Bremer, Fredrika",1820,3,34142,87.86831468572433
styrka,"Bremer, Fredrika",1840,21,233642,89.88110014466577
styrka,"Bremer, Fredrika",1850,58,594294,97.5947931495186
styrka,"Bremer, Fredrika",1910,51,960521,53.0961842583348
styrka,"Bremer, Fredrika",1920,10,342503,29.196824553361576
styrka,"Brenner, Sophia Elisabeth",1710,7,64639,108.29375454447006
styrka,"Brenner, Sophia Elisabeth",1730,1,33381,29.957161259399058
styrka,"Brinkman, Carl Gustaf von",1830,2,13265,150.77271013946475
styrka,"Brinkman, Carl Gustaf von",1840,11,67372,163.27257614439233
styrka,"Brinkman, Carl Gustaf von",1850,9,138346,65.05428418602634
styrka,"Brinkman, Carl Gustaf von",1860,19,195382,97.24539619821682
styrka,"Brinkman, Carl Gustaf von",1890,2,23772,84.13259296651523
styrka,"Broberg, Frans August",1860,1,16621,60.16485169364058
styrka,"Broberg, Johan Valentin",1870,2,32291,61.93676256542071
styrka,"Broman, Pehr Gustaf",1860,3,16469,182.16042261218047
styrka,"Brontë, Charlotte",1850,70,440109,159.05150769468472
styrka,"Bruce, Robert Edward",1840,1,492,2032.520325203252
styrka,"Bruhn, August",1910,4,5266,759.5898214963919
styrka,"Bruhn, Johan Niklas",1850,7,40203,174.11635947566103
styrka,"Brunius, Carl Georg",1830,16,111909,142.97330867043758
styrka,"Brunius, Louise",1840,85,710272,119.67246350693819
styrka,"Brunius, Louise",1850,26,152928,170.01464741577735
styrka,"Brunius, Louise",1870,43,241064,178.37586698967908
styrka,"Bruzelius, Janne",1870,16,153969,103.91702225772721
styrka,"Bruzelius, Janne",1880,1,88580,11.289230074508918
styrka,"Bruzelius, Viktor",1880,2,12887,155.19515791107318
styrka,"Bruzelius, Viktor",1890,2,17092,117.01380762930026
styrka,"Bråkenhielm, Malvina",1890,3,101923,29.433984478478852
styrka,"Burghausen, Carl Fredrik von",1850,8,63141,126.70055906621688
styrka,"Burnett, Frances Hodgson",1880,5,71418,70.01036153350695
styrka,"Busch, Oscar",1910,3,51393,58.37370848169984
styrka,"Butenschön, Andrea",1890,3,27834,107.78184953653805
styrka,"Bygdén, Leonard",1890,11,721125,15.253943491072976
styrka,"Bygdén, Leonard",1920,24,936869,25.617242111757353
styrka,"Byron, George Gordon",1820,2,13628,146.75667742882302
styrka,"Bäcklund, C. M.",1850,5,21187,235.99376976447823
styrka,"Bäckman, Jonas",1890,3,37740,79.4912559618442
styrka,"Bäckman, Wilhelm",1850,11,195807,56.177766882695714
styrka,"Bäckmann, Ida",1900,18,184784,97.41103125811759
styrka,"Bäckmann, Ida",1910,15,114895,130.55398407241395
styrka,"Bäckmann, Ida",1920,3,36562,82.05240413544117
styrka,"Bäckmann, Ida",1930,6,175857,34.118630478172605
styrka,"Bäckmann, Ida",1940,14,240134,58.30078206334797
styrka,"Bäckström, Edvard",1860,4,16360,244.49877750611248
styrka,"Bäckström, Edvard",1870,6,85956,69.80315510261063
styrka,"Bäckström, Edvard",1890,15,140319,106.89927949885617
styrka,"Bäckström, Per Olof",1840,14,413463,33.86034542389525
styrka,"Bååth, Albert Ulrik",1870,3,17998,166.685187243027
styrka,"Bååth, Albert Ulrik",1880,30,101015,296.98559619858435
styrka,"Bååth, Albert Ulrik",1890,18,85886,209.58014111729503
styrka,"Bååth, Albert Ulrik",1900,3,19123,156.8791507608639
styrka,"Bååth-Holmberg, Cecilia",1890,12,244561,49.06751280866532
styrka,"Bååth-Holmberg, Cecilia",1900,4,48651,82.2182483402191
styrka,"Böhme, Jakob",1920,15,247997,60.484602636322215
styrka,"Börjeson, Hjalmar",1940,6,150570,39.84857541342897
styrka,"Börjesson, Johan",1840,3,40332,74.38262421898244
styrka,"Börjesson, Johan",1860,1,20744,48.206710374084075
styrka,"Börk, Isak",1870,2,59872,33.404596472474616
styrka,"Böttiger, Carl Wilhelm",1830,5,73615,67.92094002580995
styrka,"Böttiger, Carl Wilhelm",1840,2,25919,77.16347081291717
styrka,"Böttiger, Carl Wilhelm",1850,9,134044,67.14213243412611
styrka,"Böttiger, Carl Wilhelm",1860,12,85664,140.0821815465073
styrka,"Böttiger, Carl Wilhelm",1870,32,194246,164.73955705651596
styrka,"Böttiger, Carl Wilhelm",1880,13,198597,65.45919626177636
styrka,"Böttiger, Carl Wilhelm",1890,5,67941,73.59326474441059
styrka,"Böös, Erik Kristian",1870,1,1160,862.0689655172414
styrka,"Bützow Runquist, Johan Gustaf",1890,1,58722,17.029392731855182
styrka,"Cajander, Zacharias",1840,1,6976,143.348623853211
styrka,"Cardon, O. B.",1860,2,37300,53.61930294906166
styrka,"Carlberg, Frigga",1900,2,42656,46.8867216804201
styrka,"Carlberg, Frigga",1910,6,75942,79.0076637433831
styrka,"Carlstedt, Fredrik",1830,21,54952,382.15169602562236
styrka,"Carlström, Anna",1840,1,17514,57.09717939933767
styrka,"Carlström, F. Adolph",1890,3,2169,1383.1258644536654
styrka,"Carlén, Christina Serafia",1860,1,24721,40.45143804862263
styrka,"Carlén, Johan Gabriel",1830,2,29955,66.76681689200467
styrka,"Carlén, Johan Gabriel",1860,9,52742,170.6419930984794
styrka,"Carlén, Octavia",1850,3,28688,104.5733407696598
styrka,"Carlén, Octavia",1860,27,226481,119.21529841355346
styrka,"Carlén, Octavia",1870,5,35946,139.0975351916764
styrka,"Carlén, Octavia",1880,6,41325,145.19056261343013
styrka,"Carlén, Rosa",1860,46,437108,105.23714962892466
styrka,"Carlén, Rosa",1870,36,197792,182.00938359488757
styrka,"Carroll, Lewis",1890,4,37785,105.86211459573904
styrka,"Carstens, Fredrika Vilhelmina",1840,22,119145,184.6489571530488
styrka,"Cavallin, Christian",1890,33,227529,145.03645689120947
styrka,"Cavallin, Severin",1850,13,186485,69.71070059254096
styrka,"Cederberg, Björn",1880,7,160355,43.65314458545103
styrka,"Cederblad, Albert",1870,4,20940,191.0219675262655
styrka,"Cederblad, Albert",1890,2,46493,43.01722839997419
styrka,"Cederborg, Carl August",1890,1,23468,42.61121527185956
styrka,"Cederborg, Carl August",1910,2,76385,26.183151142239968
styrka,"Cederborgh, Fredrik",1800,6,31570,190.05384859043394
styrka,"Cederborgh, Fredrik",1810,8,92168,86.79802100512109
styrka,"Cederborgh, Fredrik",1830,18,184060,97.79419754427904
styrka,"Cederborgh, Fredrik",1850,15,120148,124.84602323800645
styrka,"Cederborgh, Fredrik",1880,22,216297,101.7119978548015
styrka,"Cederlund, Anna",1910,9,4392,2049.1803278688526
styrka,"Cederman, Rosalba",1870,8,61197,130.72536235436377
styrka,"Cederman, Rosalba",1880,4,20284,197.19976336028398
styrka,"Cederqvist, August",1870,5,142601,35.062867721825235
styrka,"Cederström, Claes Henrik",1870,3,24960,120.1923076923077
styrka,"Cederström, Rudolf",1840,2,27826,71.87522461007691
styrka,"Celsius, Olof",1800,1,2696,370.919881305638
styrka,"Centervall, Frans Jonas Gustaf",1860,1,7733,129.315918789603
styrka,"Christiernsson, Henrik",1880,2,52290,38.248231019315355
styrka,"Chronander, Jacobus Petri",1640,3,26460,113.37868480725623
styrka,"Chronwall, Johan Henrik",1880,2,16897,118.36420666390484
styrka,"Chronwall, Johan Henrik",1890,1,27036,36.98772007693446
styrka,"Chydenius, Karl",1860,18,149994,120.00480019200768
styrka,"Chytræus, Betty",1860,1,30807,32.460155159541664
styrka,"Clementsson, C.",1840,1,13775,72.59528130671507
styrka,"Cleve, Alma",1890,6,117475,51.074696743988085
styrka,"Columbus, Samuel",1880,1,50848,19.666456891126494
styrka,"Cramær, Mauritz",1840,10,64975,153.90534821085032
styrka,"Cramær, Mauritz",1880,5,52389,95.43988241806485
styrka,"Cramér, Catharina Christina",1830,3,13009,230.60957798447228
styrka,"Cramér, Johan Niclas",1830,1,4737,211.10407430863415
styrka,"Creutz, Gustaf Philip",1860,12,21302,563.3273870998029
styrka,"Cronhamn, Anders Fredrik",1830,1,40444,24.725546434576206
styrka,"Cronholm, Bernhard",1850,6,105235,57.0152515797976
styrka,"Cronstrand, Baltzar",1870,17,139436,121.9197337846754
styrka,"Crusenstolpe, Fredrik",1840,25,321176,77.83894188855955
styrka,"Crusenstolpe, Magnus Jacob",1840,166,1801700,92.13520563911861
styrka,"Cygnæus, Fredrik",1830,2,30147,66.34159286164461
styrka,"Cygnæus, Fredrik",1840,7,34257,204.33779957380972
styrka,"Cygnæus, Fredrik",1850,38,184039,206.47797477708528
styrka,"Cygnæus, Fredrik",1860,7,42121,166.18788727713016
styrka,"Cygnæus, Fredrik",1870,13,32251,403.08827633251684
styrka,"Cöster, Fredrik",1850,23,109641,209.77554017201595
styrka,"Daguerre, Louis Jacques Mandé",1830,1,22310,44.82294935006723
styrka,"Dahl, Mattis",1890,72,412666,174.47524147858073
styrka,"Dahlander, Gustaf Robert",1870,2,20051,99.74564859608
styrka,"Dahlander, Gustaf Robert",1880,2,24735,80.85708510208207
styrka,"Dahlbergh, Erik",1910,1,148587,6.73006386830611
styrka,"Dahlgren, Alta",1890,2,32465,61.60480517480364
styrka,"Dahlgren, Carl Fredric",1830,15,287156,52.23641504965942
styrka,"Dahlgren, Carl Fredric",1840,6,48551,123.58138864287038
styrka,"Dahlgren, Carl Fredric",1900,2,45408,44.04510218463707
styrka,"Dahlgren, Erik Wilhelm",1910,1,18610,53.73455131649651
styrka,"Dahlgren, Fredrik August",1840,1,23206,43.09230371455658
styrka,"Dahlgren, Fredrik August",1910,26,1254446,20.726280764576554
styrka,"Dahlgren, Lotten",1900,12,122195,98.20369082204672
styrka,"Dahlin, C. S.",1910,4,44288,90.3179190751445
styrka,"Dahlqvist, J. P.",1870,5,37595,132.99640909695438
styrka,"Dahlström, Carl Andreas",1850,7,38470,181.9599688068625
styrka,"Dalström, Kata",1880,27,118771,227.32821985164728
styrka,"Dalström, Kata",1890,25,130398,191.72073191306615
styrka,"Dalström, Kata",1900,8,84771,94.37189604935651
styrka,"Dalström, Kata",1910,2,48502,41.235412972660924
styrka,"Damm, Janne",1850,4,48104,83.15316813570597
styrka,"Damm, Janne",1870,36,222425,161.85230976733732
styrka,"Dammert, Anna Johanna Natalia",1870,6,24840,241.54589371980677
styrka,"Danielsson, Axel",1880,1,22001,45.45247943275306
styrka,"Danielsson, Axel",1900,44,252369,174.34787949391566
styrka,"Danielsson, Eleonore",1860,7,43491,160.95284081764044
styrka,"Danielsson, Johan",1890,6,49644,120.86052695189751
styrka,"Dardel, Fritz von",1910,4,161009,24.843331739219547
styrka,"Dardel, Fritz von",1920,1,84703,11.805957286046539
styrka,"Darwin, Charles",1870,62,433182,143.1269073968909
styrka,"De Bèsche, Jean Wathier",1840,6,56529,106.14021121902033
styrka,"De Geer, Louis",1840,46,235626,195.22463565141368
styrka,"De Geer, Louis",1880,2,37723,53.01805264692628
styrka,"De Geer, Louis",1890,38,214224,177.38442004630667
styrka,"De Vylder, Gustaf",1850,2,48639,41.11926643228685
styrka,"Dehn, Ida",1860,4,33342,119.96880810989143
styrka,"Dickens, Charles",1840,33,473171,69.74222849667457
styrka,"Dickens, Charles",1860,4,34016,117.59172154280338
styrka,"Dickens, Charles",1910,2,33301,60.05825650881355
styrka,"Didring, Ernst",1890,3,35523,84.45232666159953
styrka,"Dietrichson, Lorentz",1870,2,20253,98.7508023502691
styrka,"Djurklou, Nils Gabriel",1880,1,89057,11.228763600839912
styrka,"Djurström, H.",1850,1,1164,859.106529209622
styrka,"Douglas, Ludvig",1880,5,11552,432.8254847645429
styrka,"Douglass, Frederick",1890,48,246238,194.93335715852143
styrka,"Douglass, Frederick",1900,16,89854,178.06664144055912
styrka,"Doyle, Arthur Conan",1890,12,255586,46.95092845461019
styrka,"Doyle, Arthur Conan",1910,2,62000,32.25806451612903
styrka,"Drake, Sigrid",1910,14,217327,64.4190551565153
styrka,"Drummond, Henry",1890,1,12132,82.42664029014178
styrka,"Dufva, Elias Walfrid",1860,1,9681,103.29511414110112
styrka,"Dunckel, Dorothea",1840,55,218035,252.25307863416424
styrka,"Dunckel, Dorothea",1860,7,22883,305.9039461609055
styrka,"Durling, Maria",1890,1,55831,17.911196288800127
styrka,"Duse, Samuel August",1900,2,107643,18.579935527623718
styrka,"Duse, Samuel August",1910,2,75808,26.382439848037148
styrka,"Dybeck, Richard",1850,1,65058,15.370899812475022
styrka,"Düben, Gustaf von",1870,22,280522,78.42522155125089
styrka,"Eberstein, Carl Christian",1850,3,89661,33.459363602904276
styrka,"Edelcrantz, Abraham Niclas",1800,22,8250,2666.6666666666665
styrka,"Edelfelt, Johanna Catharina, f. Benzelstjerna",1830,9,57416,156.75073150341368
styrka,"Edenberg, Albert Anderson",1880,52,686333,75.76497123116621
styrka,"Edgren, Hjalmar",1880,1,22706,44.04122258433894
styrka,"Edwards, Amelia",1870,7,64911,107.83996549121105
styrka,"Egge, Oscar David",1850,8,25581,312.7321058598178
styrka,"Ehrenborg, Anna Fredrika",1840,31,199937,155.0488403847212
styrka,"Ehrenborg-Posse, Betty",1840,11,89411,123.02736799722629
styrka,"Ehrenborg-Posse, Betty",1870,28,183364,152.70172989245435
styrka,"Ehrnrooth, Adelaide",1860,8,72381,110.52624307484008
styrka,"Ehrnrooth, Adelaide",1870,10,119632,83.58967500334359
styrka,"Ehrnrooth, Adelaide",1880,8,232129,34.46359567309556
styrka,"Ehrnrooth, Adelaide",1890,3,41863,71.66232711463583
styrka,"Eichhorn, Christoffer",1860,8,59856,133.65410318096767
styrka,"Eichhorn, Christoffer",1870,3,39274,76.38641340326934
styrka,"Ejserman, Jakob Samuel",1840,3,49576,60.513151524931416
styrka,"Ek, Karin",1910,18,126778,141.98046979759894
styrka,"Ek, Karin",1920,1,13122,76.20789513793629
styrka,"Ekbohrn, Carl Magnus",1850,20,191154,104.62768239220733
styrka,"Ekbohrn, Carl Magnus",1860,3,53121,56.474840458575706
styrka,"Ekeblad, Karl Johan",1830,1,4179,239.29169657812875
styrka,"Ekeblad, Karl Johan",1840,1,13971,71.57683773530886
styrka,"Ekeblad, Karl Johan",1870,1,32612,30.663559425978168
styrka,"Ekeblad, Karl Johan",1880,1,15193,65.81978542749951
styrka,"Ekebohm, David",1870,1,21175,47.22550177095631
styrka,"Ekelund, Jacob",1830,5,31652,157.96790092253255
styrka,"Ekelund, Jacob",1840,3,15043,199.42830552416407
styrka,"Ekelund, Vilhelm",1900,23,172242,133.53305233334495
styrka,"Ekelund, Vilhelm",1910,84,272156,308.64651155954675
styrka,"Ekelund, Vilhelm",1920,112,263894,424.4128324251404
styrka,"Ekelund, Vilhelm",1930,147,309651,474.72800023251983
styrka,"Ekelund, Vilhelm",1940,69,284044,242.92011096872315
styrka,"Ekermann, Agnes",1880,49,274026,178.81514892747404
styrka,"Ekerot, Hjalmar",1880,5,32775,152.55530129672007
styrka,"Ekerot, Hjalmar",1890,11,62175,176.9199839163651
styrka,"Ekevall, Anders Fredrik",1890,1,13913,71.87522461007691
styrka,"Eklund, R. R.",1910,6,5260,1140.6844106463877
styrka,"Ekman, Ernst",1890,5,18284,273.4631371691096
styrka,"Ekman, Lotten",1910,3,28567,105.01627752301607
styrka,"Ekmarck, Carl Eric",1830,31,64051,483.9893210098203
styrka,"Ekmarck, Lars August",1850,7,39190,178.6169941311559
styrka,"Ekström, Carl Otto",1860,13,76800,169.27083333333334
styrka,"Ekström, Carl Otto",1870,15,216094,69.41423639712347
styrka,"Ekström, Carl Otto",1880,1,12179,82.10854749979472
styrka,"Ekström, Fredrik August",1870,1,7028,142.28799089356858
styrka,"Ekström, Hedvig Aurora",1840,9,104352,86.24655013799448
styrka,"Ekström, Hedvig Aurora",1880,1,45155,22.14594175617318
styrka,"Elfving, Lars",1880,1,11316,88.37044892188052
styrka,"Elgenstierna, Gustaf",1920,11,4397617,2.501354710971874
styrka,"Elgenstierna, Gustaf",1930,41,5073413,8.081344846161745
styrka,"Elgström, Ossian",1910,11,36335,302.73840649511493
styrka,"Elgström, Ossian",1920,14,244964,57.15125487826783
styrka,"Elgström, Per",1860,20,104945,190.57601600838535
styrka,"Elkan, Sophie",1880,3,151744,19.77013918177984
styrka,"Elkan, Sophie",1890,9,421908,21.331664723114994
styrka,"Elkan, Sophie",1900,10,363242,27.52985612897187
styrka,"Elkan, Sophie",1910,8,140163,57.076403901172206
styrka,"Ellmin, Johannes",1830,1,13289,75.25020693806908
styrka,"Elmblad, Magnus",1870,14,61665,227.03316305846104
styrka,"Elmblad, Magnus",1880,11,37009,297.22499932448864
styrka,"Elmblad, Sigrid",1890,10,83538,119.70600205894324
styrka,"Elmbladh, Alfred",1900,1,419,2386.634844868735
styrka,"Elster, Otto",1890,1,53951,18.53533762117477
styrka,"Emanuelsson, Vendela",1890,12,423245,28.352372739193612
styrka,"Emanuelsson, Vendela",1900,3,39775,75.4242614707731
styrka,"Enander, Johan Alfred",1880,5,29755,168.03898504453034
styrka,"Enander, Johan Alfred",1890,10,35873,278.76118529255984
styrka,"Enbom, Per Ulrik",1790,9,26947,333.9889412550562
styrka,"Eneberg, Karl Fredrik",1860,7,24235,288.8384567773881
styrka,"Eneroth, Carl",1880,27,409038,66.00853710413213
styrka,"Eneroth, Carl",1890,25,381701,65.49629159996961
styrka,"Eneroth, Carl",1900,50,70816,706.0551287844555
styrka,"Eneroth, Olof",1860,2,848,2358.490566037736
styrka,"Eneroth, Olof",1880,5,35865,139.41168269901019
styrka,"Engbom, John Fredrik",1900,1,796,1256.2814070351758
styrka,"Engdahl, Axel",1910,5,66822,74.82565622100506
styrka,"Engelke, Wilhelm",1890,2,30904,64.71654154801968
styrka,"Engström, Agnes",1840,2,23155,86.37443316778234
styrka,"Engström, Albert",1900,10,133509,74.90131751417508
styrka,"Engström, Albert",1910,6,152861,39.25134599407305
styrka,"Engström, Jon",1830,14,224901,62.24961205152489
styrka,"Engström, Jon",1840,5,121961,40.99671206369249
styrka,"Engström, Thekla",1870,1,8083,123.71644191513052
styrka,"Ennes, Barthold Anders",1810,30,253114,118.5236691767346
styrka,"Erdeman, C. G.",1860,1,5361,186.53236336504384
styrka,"Ericsson, Olof Abraham",1850,11,25139,437.56712677513025
styrka,"Eriksson, Erik Gustaf",1880,10,47606,210.05755577028106
styrka,"Esselin, Hedvig",1880,5,28153,177.60096614925584
styrka,"Essen, Gustaf von",1870,6,39673,151.23635722027575
styrka,"Essen, Johan August von",1840,4,60413,66.21091486931621
styrka,Eugénie,1880,4,33606,119.02636433970125
styrka,"Evers, Edvard",1880,3,39964,75.06756080472425
styrka,"Fagerlund, Gustaf Wilhelm",1860,3,19514,153.73577944040176
styrka,"Fagerström, Victor",1870,1,20256,49.368088467614534
styrka,"Fahlcrantz, Axel Magnus",1850,5,40294,124.0879535414702
styrka,"Fahlcrantz, Christian Eric",1830,6,17965,333.98274422488174
styrka,"Fahlcrantz, Christian Eric",1840,3,28939,103.66633263070597
styrka,"Fahlgrén, Carl Isaac",1850,3,52325,57.33397037744864
styrka,"Fahlstedt, Amalia",1890,6,110659,54.22062371790817
styrka,"Falck, August",1930,3,78704,38.11750355763367
styrka,"Falk, Hugo",1890,16,87835,182.1597313143963
styrka,"Falk, Hugo",1900,4,26626,150.22909937654924
styrka,"Falkman, Charlotta",1850,5,141207,35.409009468369135
styrka,"Falkman, Charlotta",1860,5,64501,77.51817801274399
styrka,"Fallström, Daniel",1880,10,128556,77.78711223124553
styrka,"Fallström, Daniel",1890,5,33920,147.4056603773585
styrka,"Fant, Johan Eric",1840,20,597435,33.47644513629098
styrka,"Feilitzen, Otto von",1840,13,58053,223.93330232718378
styrka,"Feilitzen, Otto von",1870,2,17400,114.94252873563218
styrka,"Feilitzen, Urban von",1870,18,50455,356.75354276087603
styrka,"Fersen, Axel von",1800,2,650,3076.923076923077
styrka,"Fersen, Axel von",1920,62,585424,105.90614665609883
styrka,"Fersen, Axel von",1930,9,227972,39.47853245135367
styrka,"Feuk, Carl Gustaf Theodor",1890,4,11233,356.0936526306419
styrka,"Fischer, Theodor",1890,6,17013,352.6714865103156
styrka,"Fitinghoff, Laura",1890,3,160821,18.654280224597535
styrka,"Fitinghoff, Laura",1900,2,80183,24.942943017846677
styrka,"Fitinghoff, Laura",1910,1,33449,29.896259977876767
styrka,"Fitzgerald, F. Scott",1940,1,61859,16.165796407960038
styrka,"Fjetterström, Rudolf",1880,1,8506,117.56407241946862
styrka,"Flink, August",1890,1,24673,40.530134154744054
styrka,"Flodin, Sigfrid",1850,1,25910,38.595137012736394
styrka,"Flodman, Anders",1860,28,269192,104.01497815685458
styrka,"Flodman, Anders",1870,32,458721,69.75917823688037
styrka,"Flygare, Edvard",1850,2,76479,26.150969547195963
styrka,"Flygare, Edvard",1860,3,118842,25.243600747210582
styrka,"Flygare-Carlén, Emilie",1830,52,386704,134.4697753320369
styrka,"Flygare-Carlén, Emilie",1840,345,2724568,126.62557880735588
styrka,"Flygare-Carlén, Emilie",1850,74,723308,102.30773059332954
styrka,"Flygare-Carlén, Emilie",1860,57,814169,70.01003477165061
styrka,"Flygare-Carlén, Emilie",1870,21,329761,63.682485193822195
styrka,"Flygare-Carlén, Emilie",1880,30,515456,58.20089396573131
styrka,"Fogelholm, Axel",1890,1,27503,36.359669854197726
styrka,"Fogelqvist, Torsten",1920,4,20150,198.51116625310175
styrka,"Fornell, Bror Edvard",1840,27,132348,204.00761628434128
styrka,"Fornell, Bror Edvard",1850,74,295224,250.65712814676314
styrka,"Forsman, Karl Fredrik",1880,3,36871,81.36475821106018
styrka,"Forsman, Karl Fredrik",1890,1,16022,62.41418050181001
styrka,"Forssberg, Edvard August",1880,4,10545,379.3266951161688
styrka,"Forssell, Didrik Christian",1820,5,46466,107.60556105539534
styrka,"Forssell, Emil",1890,5,68581,72.90649013575188
styrka,"Forsslund, Karl-Erik",1890,7,108588,64.46384499208015
styrka,"Forsslund, Karl-Erik",1900,15,122634,122.31518176036009
styrka,"Forssman, Edith",1880,9,95706,94.03799134850479
styrka,"Forssman, Edith",1890,46,548028,83.93731707139051
styrka,"Forssman, Edith",1900,6,72959,82.23796927041215
styrka,"Frank, Sten",1890,14,95110,147.1979812848281
styrka,"Fransén, Johan",1840,1,1718,582.0721769499418
styrka,"Franzén, Frans Michael",1810,18,15141,1188.8250445809392
styrka,"Franzén, Frans Michael",1830,49,287355,170.52078439560822
styrka,"Franzén, Frans Michael",1840,4,39980,100.05002501250625
styrka,"Franzén, Frans Michael",1850,8,75020,106.63822980538524
styrka,"Fredberg, Carl Rudolf A:son",1910,6,31647,189.5914304673429
styrka,"Fredin, Edvard",1880,4,20155,198.46192011907715
styrka,"Fredin, Edvard",1890,10,47570,210.21652301870927
styrka,"Frese, Jacob",1860,6,25844,232.1622039931899
styrka,"Friman, Jeanette Charlotta",1850,20,158833,125.9184174573294
styrka,"Friman, Jeanette Charlotta",1860,5,108442,46.107596687630256
styrka,"Frunck, Gudmund",1880,7,189241,36.989870059870746
styrka,"Frykholm, Maria Barbara",1860,3,114913,26.106706812980253
styrka,"Frykholm, Sunny",1890,3,98036,30.601003712921784
styrka,"Fryxell, Anders",1880,6,52461,114.370675358838
styrka,"Fryxell, Fredrik",1840,2,15353,130.2677001237543
styrka,"Fryxell, Olof",1830,18,117242,153.52859896624076
styrka,"Fryxell, Olof",1840,6,82208,72.98559750875827
styrka,"Fröding, Gustaf",1890,13,178104,72.99106140232674
styrka,"Fröléen, Johan Fredrik",1830,2,5341,374.4617112900206
styrka,"Furuhjelm, August Leonhard",1870,4,36425,109.8146877144818
styrka,"Furuhjelm, Maria",1870,3,243430,12.323871338783222
styrka,"Furuhjelm, Maria",1890,4,62460,64.04098623118796
styrka,"Fåhræus, Olof Immanuel",1860,1,8157,122.59409096481549
styrka,"Gadelius, Bror",1900,5,56919,87.84412937683375
styrka,"Gadelius, Bror",1910,2,33298,60.06366748753679
styrka,"Gadelius, Bror",1920,17,107081,158.75832313855867
styrka,"Gadolin, Sara Carolina",1850,2,24254,82.46062505153789
styrka,"Geijer, Erik Gustaf",1810,3,20793,144.27932477276008
styrka,"Geijer, Erik Gustaf",1830,12,112391,106.77011504479896
styrka,"Geijer, Erik Gustaf",1840,15,131671,113.92030135717053
styrka,"Geijer, Erik Gustaf",1850,237,1627119,145.65621813770227
styrka,"Geijer, Erik Gustaf",1920,221,1937136,114.08594956678313
styrka,"Geijer, Erik Gustaf",1930,33,426699,77.33788923808117
styrka,"Geijerstam, Gustaf af",1880,54,580180,93.0745630666345
styrka,"Geijerstam, Gustaf af",1890,96,967087,99.2671807190046
styrka,"Geijerstam, Gustaf af",1900,8,86787,92.17970433359835
styrka,"Gellerstedt, Albert Theodor",1900,1,16281,61.42128861863522
styrka,"Gernandt-Claine, Jane",1890,15,201394,74.4808683476171
styrka,"Gernandt-Claine, Jane",1900,1,42438,23.563787171874264
styrka,"Gestrin, Mathilda",1860,12,142930,83.957181837263
styrka,"Gestrin, Mathilda",1870,3,114421,26.21896330219103
styrka,"Gethe, Carl",1850,16,16285,982.4992324224746
styrka,"Giertz, Theodor",1890,2,37772,52.949274594938046
styrka,"Gille, Elsa",1910,10,45578,219.4040984685594
styrka,"Gleerup, Nils",1880,1,6097,164.0150893882237
styrka,"Goethe, Johann Wolfgang von",1900,3,105706,28.38060280400356
styrka,"Goncourt, Edmond de",1920,7,157664,44.39821392327988
styrka,"Gottman, Georg August",1860,1,14798,67.57669955399378
styrka,"Govenius, Lars Johan",1850,17,144240,117.85912368275098
styrka,"Govenius, Lars Johan",1860,27,126293,213.7885710213551
styrka,"Govenius, Lars Johan",1870,12,236954,50.64274078513129
styrka,"Govenius, Lars Johan",1880,29,257372,112.67736972164805
styrka,"Govenius, Lars Johan",1890,3,131071,22.88835821806502
styrka,"Grafström, Frithiof",1880,14,56253,248.87561552272768
styrka,"Granath, Wilhelm",1890,695,4062759,171.06601696039564
styrka,"Granath, Wilhelm",1900,37,255329,144.9110755143364
styrka,"Granberg, Johan",1890,3,35561,84.36208205618514
styrka,"Granberg, Per Adolf",1800,10,16672,599.8080614203454
styrka,"Granberg, Per Adolf",1810,4,17043,234.70046353341547
styrka,"Granberg, Robert",1890,1,6621,151.03458692040476
styrka,"Granfelt, Axel Fredrik",1870,12,38718,309.9333643266698
styrka,"Granfelt, George",1890,1,13641,73.30840847445202
styrka,"Granholm, J.",1890,16,70485,226.9986521955026
styrka,"Granlund, O. F.",1860,2,4430,451.46726862302484
styrka,"Gravallius, Daniel Ehrenfried",1840,4,30212,132.39772275916854
styrka,"Gravallius, Wilhelmina",1840,21,246396,85.22865630935567
styrka,"Gravallius, Wilhelmina",1860,22,203121,108.30982517809582
styrka,"Gravallius, Wilhelmina",1870,21,129250,162.47582205029013
styrka,"Gravallius, Wilhelmina",1880,23,185954,123.68650311367327
styrka,"Gravallius, Wilhelmina",1890,27,193001,139.89564820907663
styrka,"Gravander, Lars Fredric",1830,3,27033,110.97547442015315
styrka,"Grebst, William A:son",1900,1,2623,381.2428516965307
styrka,"Grebst, William A:son",1910,3,52944,56.66364460562103
styrka,"Grimm, Jacob",1890,6,312708,19.187228980390653
styrka,"Gripenberg, Alexandra",1880,5,115264,43.378678511937814
styrka,"Gripenhielm, Carl",1830,1,10407,96.08917075045642
styrka,"Gross, Amalie von",1850,1,15772,63.403499873193
styrka,"Grubbe, Samuel",1830,1,4553,219.63540522732265
styrka,"Gräf, Hans Gerhard",1920,3,35604,84.26019548365352
styrka,"Gråbergh, Otto",1860,1,27803,35.96734165377837
styrka,"Grönstedt, Johan",1880,3,162390,18.474043968224645
styrka,"Grönstedt, Johan",1890,3,90631,33.10125674438106
styrka,"Grönwall, Wilhelmina",1840,14,107919,129.72692482324706
styrka,"Gullberg, Gustaf Teodor ",1880,1,20048,49.88028731045491
styrka,"Gullbrandssen, Emilia",1860,11,140190,78.46494043797703
styrka,"Gumælius, Gustaf Wilhelm",1850,1,32373,30.88993914681988
styrka,"Gumælius, Gustaf Wilhelm",1860,3,7760,386.5979381443299
styrka,"Gustafsson, Richard",1860,10,122031,81.94639067122289
styrka,"Gustafsson, Richard",1870,16,177930,89.9230034283145
styrka,"Gustafsson, Richard",1880,7,93091,75.19523906714934
styrka,"Gustav III, kung av Sverige",1800,7,6553,1068.2130321989928
styrka,"Gylander, Ebba Karolina",1840,4,42516,94.0822278671559
styrka,"Gyllenborg, Gustaf Fredrik",1800,1,804,1243.7810945273632
styrka,"Gyllenborg, Gustaf Fredrik",1880,22,50773,433.3011640044906
styrka,"Gyllenhaal, Aurore",1880,16,199328,80.26970621287526
styrka,"Gyllenhaal, Mathilda",1850,3,8527,351.8236190922951
styrka,"Gynther, Otto Fredrik",1830,5,12590,397.1405877680699
styrka,"Gällstedt, Per Johan",1840,5,47846,104.50194373615349
styrka,"Gällstedt, Per Johan",1850,4,34636,115.48677676406051
styrka,"Gérard, Jean Ignace Isidore",1870,15,99295,151.06500830857544
styrka,"Gödecke, Peter August",1860,3,32587,92.06125141927762
styrka,"Gödecke, Peter August",1870,2,40770,49.055678194751046
styrka,"Göransson, Zacharias",1850,6,9180,653.59477124183
styrka,"Götberg, Reinhold",1850,2,10536,189.82536066818528
styrka,"Götberg, Reinhold",1860,4,38405,104.15310506444473
styrka,"Göthe, Georg",1870,16,73561,217.50655918217535
styrka,"Götlind, Johan",1920,3,133720,22.434938677834282
styrka,"Hackzell, Emilie",1830,3,15960,187.9699248120301
styrka,"Hackzell, Emilie",1840,1,38858,25.734726439857944
styrka,"Hackzell, Emilie",1860,26,222573,116.81560656503709
styrka,"Hackzell, Emilie",1880,1,33786,29.5980583673711
styrka,"Hackzell, Emilie",1890,14,102813,136.16955054321923
styrka,"Hagberg, Carl August",1830,8,44710,178.93088794453143
styrka,"Hagberg, Fredrik Theodor",1870,1,6564,152.34613040828762
styrka,"Hagberg, Louise",1930,6,307039,19.54149147176743
styrka,"Hagberg, Theodor",1860,3,32331,92.79020135473694
styrka,"Haglöf, Karl",1890,1,3873,258.1977794990963
styrka,"Hagström, K. A.",1890,18,720270,24.990628514307136
styrka,"Hagström, K. A.",1900,14,305808,45.78035891801392
styrka,"Hagström, Per Adolf",1860,1,7568,132.1353065539112
styrka,"Hagström, Tore",1960,1,647980,1.5432575079477762
styrka,"Hagströmer, Johan",1890,1,5483,182.3819077147547
styrka,"Hahn, C. von",1890,6,47419,126.53155907969379
styrka,"Hallbäck, Henric",1870,5,41343,120.93945770747165
styrka,"Hallbäck, Henric",1880,3,32547,92.17439395335975
styrka,"Hallenborg, Eleonora Charlotta Filippina Fredrika Lovisa",1850,4,42335,94.48446911538916
styrka,"Hallgrén, Gustaf",1850,2,6983,286.40985249892594
styrka,"Hallgrén, Gustaf",1860,5,8754,571.1674663011195
styrka,"Hallman, Axel",1860,4,82887,48.25847237805687
styrka,"Hallonlöf, Axel",1880,3,31567,95.03595526974372
styrka,"Hallén, Birger",1890,8,59542,134.35893990796413
styrka,"Hammargren, Tullius",1890,1,59915,16.690311274305266
styrka,"Hammarin, Johan",1840,14,415181,33.72023286229379
styrka,"Hammarsköld, Carin",1890,1,11361,88.02042073761113
styrka,"Hammarsköld, Lorenzo",1830,25,508812,49.134061303585604
styrka,"Hammarström, Anders August",1830,1,6874,145.47570555717195
styrka,"Hanselli, Per",1840,7,54515,128.4050261395946
styrka,"Hanselli, Per",1860,31,62219,498.24008743309923
styrka,"Hanselli, Per",1870,4,23686,168.87612935911508
styrka,"Hansson, Ola",1880,4,67109,59.604523983370335
styrka,"Hansson, Ola",1890,10,285053,35.08119542681536
styrka,"Hansson, Ola",1900,1,116294,8.598895901766213
styrka,"Hansson, Ola",1910,4,96845,41.30311322215912
styrka,"Hansson, Stina",1970,3,88498,33.89907116545007
styrka,"Hansén, M.",1880,2,13448,148.720999405116
styrka,"Harrison, Mary St. Leger Kingsley",1900,18,185623,96.97074177230192
styrka,"Hartelius, Truls Johan",1890,3,27321,109.80564401010211
styrka,"Hasselberg, Sofia",1860,2,9378,213.26508850501173
styrka,"Hasselblad & Co., Fritz W.",1890,4,203553,19.65090173075317
styrka,"Hasselgren, Andreas",1880,4,69844,57.270488517267054
styrka,"Hasselskog, Nils",1920,1,97366,10.270525645502536
styrka,"Hasselskog, Nils",1930,11,157959,69.63832386885204
styrka,"Hazelius, Artur",1870,13,77745,167.21332561579524
styrka,"Hebbe, Wendela",1840,7,82219,85.13847164280763
styrka,"Hebbe, Wendela",1850,7,113835,61.492511090613604
styrka,"Hebbe, Wendela",1870,5,71145,70.27900766041184
styrka,"Hedberg, Frans",1850,18,181657,99.08784137137573
styrka,"Hedberg, Frans",1860,25,75621,330.5959984660346
styrka,"Hedberg, Frans",1870,20,470045,42.549117637672985
styrka,"Hedberg, Frans",1880,25,397363,62.914765592166354
styrka,"Hedberg, Frans",1890,21,782051,26.852468700890352
styrka,"Hedberg, Frans",1910,3,74225,40.41764904008083
styrka,"Hedberg, John",1890,1,30794,32.47385854387218
styrka,"Hedberg, Tor",1880,25,214965,116.29800200032564
styrka,"Hedberg, Tor",1890,13,250637,51.86784074178992
styrka,"Hedborn, Samuel",1830,6,62846,95.47146994239888
styrka,"Hedenstierna, Alfred",1880,26,469833,55.33881187570903
styrka,"Hedenstierna, Alfred",1890,40,880308,45.43864192987
styrka,"Hedenstierna, Alfred",1900,10,87712,114.00948558920102
styrka,"Hedin, Greta",1920,15,161322,92.98173838658087
styrka,"Hedin, Sven",1880,19,147501,128.81268601568803
styrka,"Hedin, Sven",1890,36,509247,70.6926108548504
styrka,"Hedin, Sven",1900,63,790072,79.73956803936856
styrka,"Hedin, Sven",1910,48,851315,56.38335986092105
styrka,"Hedlund, Henrik",1870,1,4983,200.6823198876179
styrka,"Hedlund, Sven Adolf",1850,4,49090,81.48299042574862
styrka,"Hedvall, Yngve",1910,4,59400,67.34006734006734
styrka,"Hedvall, Yngve",1920,8,71320,112.17049915872126
styrka,"Hedvall, Yngve",1930,6,77482,77.43734028548566
styrka,"Hedvall, Yngve",1940,3,58997,50.85004322253674
styrka,"Hedvig Elisabet Charlotta, hertiginna och drottning av Sverige",1890,1,40241,24.85027708058945
styrka,"Hedvig Elisabet Charlotta, hertiginna och drottning av Sverige",1900,54,842659,64.08286151337612
styrka,"Heidenstam, Verner von",1880,4,140250,28.520499108734402
styrka,"Heidenstam, Verner von",1890,30,358205,83.75092474979411
styrka,"Heidenstam, Verner von",1900,34,415213,81.88568277004815
styrka,"Heidenstam, Verner von",1910,15,146544,102.35833606288897
styrka,"Hellberg, Johan Carl",1830,1,13714,72.91818579553741
styrka,"Hellberg, Johan Carl",1860,1,16193,61.75507935527697
styrka,"Hellborg, Ernst",1890,6,10532,569.692366122294
styrka,"Heller, Frank",1910,12,548425,21.88084058895929
styrka,"Heller, Frank",1920,3,86463,34.69692238298463
styrka,"Helvig, Amalia von",1910,6,77907,77.01490238361123
styrka,"Hemgren, Karl",1880,5,21800,229.3577981651376
styrka,"Hemmer, Jarl",1910,2,37201,53.761995645278354
styrka,"Hemmer, Jarl",1920,3,13940,215.20803443328552
styrka,"Henriksson, Johannes",1910,10,38117,262.3501324868169
styrka,"Hermelin, Eric",1940,4,16326,245.00796275878966
styrka,"Hermelin, Olof, d. y.",1880,8,22059,362.6637653565438
styrka,"Hermelin, Olof, d. y.",1890,2,20552,97.31413001167769
styrka,"Hernlund, Hugo",1880,31,139274,222.5828223501874
styrka,"Herslow, G. A.",1870,14,60794,230.28588347534296
styrka,"Hertzberg, Rafaël",1870,3,61905,48.4613520717228
styrka,"Hertzberg, Rafaël",1880,13,134808,96.43344608628568
styrka,"Hertzberg, Rafaël",1890,11,80979,135.83768631373567
styrka,"Hessling, Carl Fredrik",1860,1,13779,72.57420712678714
styrka,"Heurgren, Paul",1920,3,92804,32.326192836515666
styrka,"Hildebrand, Albin",1880,12,88952,134.9042180052163
styrka,"Hildebrand, Hans",1870,1,38520,25.96053997923157
styrka,"Hjelm, Runo",1890,13,223295,58.21894802839293
styrka,"Hjelmqvist, Theodor",1890,6,8288,723.9382239382239
styrka,"Hjerta, Gustaf",1830,3,7944,377.64350453172204
styrka,"Hjohlman, Hjalmar",1880,4,55038,72.67705948617319
styrka,"Hjorth, Ellis",1890,1,52329,19.109862600087904
styrka,"Hjärne, Gustafva Sophia",1830,3,2155,1392.1113689095127
styrka,"Hjärne, Rudolf",1850,22,128403,171.33556069562238
styrka,"Hjärne, Rudolf",1880,2,41664,48.003072196620586
styrka,"Hodell, Frans",1870,2,24103,82.97722275235448
styrka,"Hofberg, Herman",1880,9,45866,196.22378232241746
styrka,"Hofberg, Herman",1900,95,1537883,61.77322982307497
styrka,"Hoffmann, Franz",1870,7,154897,45.19132068406748
styrka,"Hofsten, Johanna Christina von",1860,15,122729,122.22050208182256
styrka,"Hofsten, Johanna Christina von",1870,2,58804,34.01129174886062
styrka,"Hofsten, Johanna Christina von",1880,9,388457,23.16858751419076
styrka,"Hofsten, Johanna Christina von",1890,22,231568,95.00449112139846
styrka,"Hollander, Sven August",1840,3,45539,65.87759942027712
styrka,"Hollgren, Carl Axel",1880,5,49840,100.32102728731942
styrka,"Holmberg, Axel Emanuel",1840,25,96806,258.24845567423506
styrka,"Holmberg, Paul Elis",1880,1,2995,333.889816360601
styrka,"Holmberg, Teodor",1890,37,91248,405.48833947045415
styrka,"Holmes, Ludvig",1890,5,57410,87.09284096847239
styrka,"Holmgren, Ann Margret",1890,9,122587,73.41724652695636
styrka,"Holmgren, Frithiof",1880,6,42676,140.5942450089043
styrka,"Holmgren, Frithiof",1890,15,64314,233.23071182013248
styrka,"Holmkvist, Albert",1890,3,78188,38.369059190668644
styrka,"Holmström, C. F. A.",1840,1,34162,29.27229084948188
styrka,"Holmström, C. F. A.",1850,10,65921,151.69672790157915
styrka,"Holtz, Hildegard",1880,5,11791,424.05224323636673
styrka,"Hortling, Ivar",1920,5,31979,156.35260639794865
styrka,"Hoving, Folke",1910,2,19414,103.01844030081385
styrka,"Hoving, Isac Wilhelm",1830,4,17466,229.01637467078896
styrka,"Huldberg, Pehr Ulric",1830,2,16638,120.20675561966583
styrka,"Hulth, Johan",1880,3,14759,203.2658039162545
styrka,"Hulthén, Joh.",1890,1,1443,693.000693000693
styrka,"Hultin, Constance",1840,26,211848,122.72950417280315
styrka,"Hultin, Måns",1870,10,104686,95.5237567583058
styrka,"Humble, Julius",1870,2,29616,67.53106428957321
styrka,"Huss, Elvira",1870,3,43491,68.9797889218459
styrka,"Hwasser, Daniel",1860,3,5750,521.7391304347826
styrka,"Hwasser, Israel",1840,6,91310,65.7102179388895
styrka,"Hwasser, Israel",1850,14,59854,233.90249607377953
styrka,"Hydén, Nils",1890,50,324254,154.20010238886798
styrka,"Hydén, Nils",1900,31,276435,112.14209488668222
styrka,"Hyltén-Cavallius, Gunnar Olof",1850,3,70910,42.30714990833451
styrka,"Hyltén-Cavallius, Gunnar Olof",1870,4,52589,76.0615337808287
styrka,"Hyltén-Cavallius, Gunnar Olof",1920,14,324027,43.20627602020819
styrka,"Hyvönen, Kristina",1880,2,7239,276.2812543168946
styrka,"Hägerström, Axel",1890,3,63718,47.0824570764933
styrka,"Hässler, Otto",1880,16,401643,39.83637210159271
styrka,"Häthén, Johan Anselm",1890,2,100609,19.878937272013438
styrka,"Håhl, Johan Isaac",1840,3,366984,8.17474331305997
styrka,"Hård af Segerstad, Carl Gustaf Albrekt",1870,4,17574,227.60896779333106
styrka,"Hærén, Mortimer",1860,5,41076,121.72558184828124
styrka,"Högberg, Johan Daniel",1840,1,17699,56.50036725238714
styrka,"Högberg, Olof",1900,55,342748,160.4677489000665
styrka,"Höggren, Fanchette",1840,5,117916,42.403066589775776
styrka,"Högman, August",1890,5,82592,60.53855094924448
styrka,"Högström, Erik",1850,1,10157,98.45426799251747
styrka,"Högström, Erik",1900,2,11663,171.4824659178599
styrka,"Höijer, Benjamin",1790,2,41778,47.87208578677773
styrka,"Höijer, Johan Leonard",1840,7,52050,134.48607108549473
styrka,"Höijer, Johan Leonard",1870,1,6841,146.177459435755
styrka,"Höpken, Anders Johan von",1800,3,995,3015.075376884422
styrka,"Höpken, Anders Johan von",1890,45,464542,96.86960490117147
styrka,"Hülphers, Abraham Abrahamsson",1880,1,59439,16.823970793586703
styrka,"Ibsen, Henrik",1870,26,72335,359.4387226100781
styrka,"Ibsen, Henrik",1880,5,60874,82.13687288497552
styrka,"Idman, Carl Johan",1850,4,12060,331.6749585406302
styrka,"Idström, Ellen",1890,9,240165,37.47423646243208
styrka,"Indebetou, Hedvig",1890,4,50169,79.73051087324842
styrka,"Indebetou, Johan Govert",1830,8,39103,204.58788328261258
styrka,"Ingelius, Axel Gabriel",1840,8,41837,191.2182995912709
styrka,"Ingelius, Axel Gabriel",1850,72,364678,197.43444902077997
styrka,"Ingelman, Georg Gabriel",1820,3,22895,131.0329766324525
styrka,"Ingelman, Georg Gabriel",1830,6,88369,67.8971132410687
styrka,"Ingelman, Georg Gabriel",1840,8,55592,143.9055979277594
styrka,"Iser, Carl",1800,6,13308,450.8566275924256
styrka,"Ivendorff, Carl Johan",1840,11,78318,140.45302484741694
styrka,"Jacobson, Harald",1890,15,68191,219.97037732252056
styrka,"Jacobsson, Christoffer Fritz",1820,8,11054,723.7199203908087
styrka,"Jacobsson, Christoffer Fritz",1830,12,83746,143.29042581138202
styrka,"Jacobsson, Jacob Thimoteus",1880,15,49694,301.8473055097195
styrka,"Jahnsson, Evald Ferdinand",1870,7,87315,80.16950123117448
styrka,"Jahnsson, Evald Ferdinand",1880,4,51233,78.07467842991822
styrka,"James, D.",1880,22,311224,70.68863583785313
styrka,"Janson, Betty",1880,2,54576,36.64614482556435
styrka,"Janson, Betty",1890,14,177288,78.96755561572131
styrka,"Janson, Betty",1900,6,69266,86.6225853954321
styrka,"Janson, Gustaf",1890,24,218309,109.93591652199406
styrka,"Janson, Lorens Edvard",1900,1,12204,81.94034742707309
styrka,"Janzon, Gustaf",1850,3,37302,80.4246421103426
styrka,"Jefferyes, James Bavington",1890,1,59136,16.91017316017316
styrka,"Jensen, Alfred",1890,4,26471,151.10876053039175
styrka,"Johanson, Klara",1900,3,75519,39.7251022921384
styrka,"Johanson, Klara",1920,6,80164,74.84656454268749
styrka,"Johanson, Klara",1940,8,104609,76.47525547515032
styrka,"Johanson, Olle",1880,1,9165,109.11074740861974
styrka,"Johanson, Per Johan",1850,2,9878,202.47013565499088
styrka,"Johansson, Anna Mathilda Cecilia Johannesdotter",1900,1,13703,72.97672042618404
styrka,"Johansson, Johannes",1870,6,31074,193.08746862328636
styrka,"Johansson, Johannes",1900,4,41303,96.84526547708398
styrka,"Johansson, Konrad",1900,5,13105,381.53376573826785
styrka,"Johansson-Dickens, Sven Johan Julius",1870,3,79768,37.60906629224752
styrka,"Johnson, John",1880,2,222048,9.007061536244416
styrka,"Johnson, John",1890,17,394527,43.08957308371797
styrka,"Johnson, John",1900,1,78583,12.72539862311187
styrka,"Jolin, Ellen",1910,5,82543,60.57448844844505
styrka,"Jolin, Johan",1860,25,247825,100.87763542822556
styrka,"Jolin, Johan",1870,15,380713,39.39975782282192
styrka,"Jolin, Johan",1880,27,261141,103.39242018679563
styrka,"Jolin, Johan",1890,22,451682,48.706833568749694
styrka,"Jolin, Johan",1920,8,87109,91.83896038296847
styrka,"Jonsson, Hans Jonas Bernhard",1890,1,6420,155.76323987538942
styrka,"Jonsson, Thorsten",1930,4,73758,54.23140540687112
styrka,"Jonsson, Thorsten",1940,14,146692,95.4380606986066
styrka,"Jonsson, Thorsten",1950,10,90936,109.96744963490806
styrka,"Josephson, Ludvig",1870,4,40868,97.87608887148869
styrka,"Josephson, Ludvig",1890,10,93878,106.52122968107544
styrka,"Jouvin, Maria",1890,1,27905,35.83587170757929
styrka,"Junghans, Sofie",1870,1,95748,10.444082382921836
styrka,"Juringius, Johan Paul",1850,1,9676,103.34849111202976
styrka,"Juringius, Sofia Maria",1860,5,123470,40.49566696363489
styrka,"Jäderin, Axel",1870,5,19157,261.0012006055228
styrka,"Jäderin, Axel",1890,1,61888,16.158221302998967
styrka,"Jändel, Ragnar",1910,2,15252,131.13034356150013
styrka,"Jändel, Ragnar",1920,7,154340,45.35441233640015
styrka,"Jändel, Ragnar",1930,3,70595,42.49592747361711
styrka,"Järta, Hans",1890,52,118096,440.319739872646
styrka,"Jænisch, Alexander",1890,3,97007,30.925603306977848
styrka,"Kahlson, Gustaf",1860,1,4962,201.53164046755342
styrka,"Kahlson, Gustaf",1870,1,1652,605.3268765133172
styrka,"Kahlson, Gustaf",1880,8,13414,596.3918294319368
styrka,"Kamke, Hanna",1890,4,76341,52.39648419591045
styrka,"Kantzow, Edvard Bosanquet S:t George de",1890,1,18050,55.40166204986149
styrka,"Karadja, Mary",1890,1,19192,52.10504376823677
styrka,"Karadja, Mary",1900,2,15322,130.53126223730584
styrka,"Karl XV, kung av Sverige",1850,9,22435,401.1589034989971
styrka,"Karl XV, kung av Sverige",1860,14,44780,312.63957123715943
styrka,"Karlfeldt, Erik Axel",1890,2,20897,95.7075178255252
styrka,"Karlfeldt, Erik Axel",1900,1,22250,44.943820224719104
styrka,"Karlfeldt, Erik Axel",1910,1,48090,20.79434393844874
styrka,"Karlfeldt, Erik Axel",1920,2,50763,39.39877469810689
styrka,"Karlfeldt, Erik Axel",1930,13,51894,250.5106563379196
styrka,"Kellgren, Johan Henric",1790,8,12799,625.0488319399954
styrka,"Kellgren, Johan Henric",1800,8,8771,912.0966822483183
styrka,"Kellmodin, Frithiof",1860,11,16083,683.9519990051607
styrka,"Kellmodin, Frithiof",1870,5,32799,152.44367206317267
styrka,"Kemner, Gustaf Wilhelm",1860,1,6076,164.58196181698486
styrka,"Kerfstedt, Amanda",1880,26,368134,70.62645667066883
styrka,"Kerfstedt, Amanda",1890,17,240721,70.62117555177986
styrka,"Kerfstedt, Amanda",1900,5,63300,78.98894154818325
styrka,"Kerfve, Axel",1890,109,948369,114.93416592064904
styrka,"Kerfve, Axel",1900,145,445915,325.17408026193334
styrka,"Kernell, Samuel Erik",1830,8,14234,562.0345651257552
styrka,"Key, Ellen",1880,9,45847,196.30510175147774
styrka,"Key, Ellen",1890,100,267625,373.6571695469407
styrka,"Key, Ellen",1900,29,187000,155.08021390374333
styrka,"Key, Ellen",1910,5,17168,291.2395153774464
styrka,"Key, Gustaf",1870,4,11058,361.72906493036714
styrka,"Key, Helmer",1890,4,27372,146.13473622680112
styrka,"Key-Rasmussen, Hedda",1880,8,27816,287.60425654299684
styrka,"Keyland, Nils",1910,8,313867,25.48850309207403
styrka,"Keyser, Hilda Fredrika",1850,16,124385,128.63287373879487
styrka,"Keyser, Hilda Fredrika",1870,16,178910,89.43043988597618
styrka,"Keyser, Hilda Fredrika",1890,7,75365,92.88131095336031
styrka,"Kiellman-Göranson, Julius Axel",1830,1,9099,109.90218705352237
styrka,"Kiellman-Göranson, Julius Axel",1840,48,519605,92.37786395434993
styrka,"Kiellman-Göranson, Julius Axel",1850,44,810772,54.269264355453814
styrka,"Kiellman-Göranson, Julius Axel",1860,31,607184,51.05536377770165
styrka,"Kiellman-Göranson, Julius Axel",1870,1,13598,73.54022650389763
styrka,"Kierkegaard, Søren",1910,5,64948,76.98466465480077
styrka,"Kinberg, August",1870,2,7480,267.379679144385
styrka,"Kinninmundt, Sophie Henriette",1840,3,14650,204.77815699658703
styrka,"Kipling, Rudyard",1890,29,136202,212.91904671003363
styrka,"Kipling, Rudyard",1900,26,172746,150.5099973371308
styrka,"Kipling, Rudyard",1910,2,25625,78.04878048780488
styrka,"Kjellander, Ernst Jonas Fredrik",1840,17,82121,207.01160482702355
styrka,"Kjellberg, Isidor",1860,5,26936,185.62518562518562
styrka,"Kjellberg, Isidor",1870,1,12371,80.83420903726457
styrka,"Kjellberg, Isidor",1890,3,29378,102.11723058070665
styrka,"Kjellenberg, Matthias",1830,11,48016,229.0903032322559
styrka,"Kjellenberg, Matthias",1840,13,27576,471.42442703800407
styrka,"Kjellgren, Josef",1930,28,289746,96.6363642638725
styrka,"Kjellin, Mårten Gustaf",1880,5,36119,138.43129654752346
styrka,"Kjellstedt, Harald",1880,2,12270,162.99918500407497
styrka,"Kjellstrand, Johan Fredrik",1850,2,12113,165.1118632873772
styrka,"Kjellén, Rudolf",1900,1,5302,188.6080724254998
styrka,"Kleen, Tyra",1900,9,48825,184.33179723502303
styrka,"Kleman, Anna",1900,1,6494,153.9882968894364
styrka,"Kleman, Ellen",1900,12,37650,318.7250996015936
styrka,"Klemming, Gustaf Edvard",1860,3,299847,10.005102602327186
styrka,"Klemming, Gustaf Edvard",1880,16,373934,42.78829953949093
styrka,"Klinckowström, Axel",1890,5,50191,99.61945368691597
styrka,"Klinckowström, Rudolf Mauritz",1880,1,7751,129.01561088891756
styrka,"Klockhoff, Daniel",1870,9,161786,55.62904083171597
styrka,"Kléen, Emil",1890,6,91873,65.30754410980376
styrka,"Knorring, Sophie von",1830,50,396920,125.96996875944775
styrka,"Knorring, Sophie von",1840,48,899110,53.386126280432876
styrka,"Knutsson, Albertina",1890,3,10887,275.5580049600441
styrka,"Knös, Thekla",1850,3,89603,33.48102184078658
styrka,"Knös, Thekla",1860,2,84970,23.537719195010002
styrka,"Koch, Martin",1910,50,442498,112.994860993722
styrka,"Koch, Richert von",1860,10,86347,115.81178269077095
styrka,"Koch, Richert von",1870,6,43985,136.4101398203933
styrka,"Koch, Richert von",1890,8,423042,18.910651897447536
styrka,"Kock, Carl Anton",1830,2,8177,244.58847988259754
styrka,"Krok, Johan Peter",1830,14,155292,90.15274450712207
styrka,"Krona, Ola",1860,1,13911,71.88555819135935
styrka,"Kronqvist, Olivia",1880,2,12486,160.17940092904053
styrka,"Krook, Axel",1850,4,75928,52.68148772521336
styrka,"Krook, Axel",1860,33,332147,99.35359946047984
styrka,"Krook, Axel",1880,6,97407,61.59721580584558
styrka,"Krook, Herman Salomon",1860,16,73168,218.67483052700635
styrka,"Krook, Max",1880,1,27655,36.15982643283312
styrka,"Kruse, Sigrid",1900,3,31330,95.7548675390999
styrka,"Krusenstjerna, Agnes von",1910,1,64716,15.452129303418012
styrka,"Krusenstjerna, Agnes von",1920,18,447382,40.23407289519918
styrka,"Krusenstjerna, Agnes von",1930,48,760190,63.14210920953972
styrka,"Krusenstjerna, Fredrik von",1870,5,31371,159.382869529183
styrka,"Kræmer, Anders Robert von",1850,10,50978,196.16305072776493
styrka,"Kræmer, Anders Robert von",1860,10,22460,445.2359750667854
styrka,"Kræmer, Lotten von",1860,2,37797,52.914252453898456
styrka,"Kræmer, Lotten von",1870,2,44291,45.15590074733016
styrka,"Kræmer, Lotten von",1880,7,79117,88.47656003134598
styrka,"Kræmer, Lotten von",1890,10,78946,126.66886226027918
styrka,"Kræmer, Vera von",1930,5,269227,18.571688575068624
styrka,"Kröningssvärd, Gustaf Carl",1840,1,66986,14.928492520825246
styrka,"Kullberg, Carl A.",1850,2,49463,40.43426399530963
styrka,"Kullberg, Karl Anders af",1830,41,512752,79.96068274721503
styrka,"Kullberg, Karl Anders af",1840,59,708355,83.29156990492055
styrka,"Kullberg, Karl Anders af",1870,10,99840,100.16025641025641
styrka,"Kullgren, Karl E.",1860,1,10694,93.51037965214138
styrka,"Kullgren, Olga",1880,2,18644,107.2731173567904
styrka,"Kuylenstierna-Wenster, Elisabeth",1890,3,86540,34.666050381326556
styrka,"Kuylenstierna-Wenster, Elisabeth",1900,2,45227,44.22137218917903
styrka,"Kvist, Johan",1880,1,2216,451.2635379061372
styrka,"Källström, Axel",1890,3,2723,1101.7260374586854
styrka,"Kämpe, Alfred",1900,8,75362,106.15429526817229
styrka,"Kämpe, Alfred",1910,14,146622,95.48362455838824
styrka,"Kärrström, E. J.",1890,6,27653,216.97465012837668
styrka,"Kåhlman, Viktor",1900,4,12270,325.99837000814995
styrka,"Köhler, Emmy",1890,1,28008,35.70408454727221
styrka,"Lagerberg, Swen",1890,3,122556,24.478605698619408
styrka,"Lagerbring, Gustaf",1880,8,103862,77.02528354932507
styrka,"Lagergren, Carl",1880,2,16540,120.91898428053204
styrka,"Lagergren, Claes",1880,1,15498,64.5244547683572
styrka,"Lagergren, Claes",1890,1,19250,51.94805194805195
styrka,"Lagerheim, Gustaf Adolf",1830,1,2539,393.8558487593541
styrka,"Lagerhjelm, Agnes",1870,6,47239,127.01369631025213
styrka,"Lagerlöf, Hedvig",1890,1,54809,18.24517871152548
styrka,"Lagerlöf, Selma",1890,27,695774,38.805704151060546
styrka,"Lagerlöf, Selma",1900,38,1232026,30.843504926032406
styrka,"Lagerlöf, Selma",1910,31,705812,43.921044130731694
styrka,"Lagerlöf, Selma",1920,14,391795,35.73297260046708
styrka,"Lagerlöf, Selma",1930,29,650198,44.60179822146485
styrka,"Lagerlöf, Selma",1940,21,311149,67.49178046530761
styrka,"Lagerlöf, Selma",2010,15,232916,64.4008998952412
styrka,"Lagerman, J.",1870,1,22871,43.723492632591494
styrka,"Lagerström, Selma",1890,1,15092,66.260270341903
styrka,"Lagervall, Gustaf Fredrik",1850,1,34850,28.694404591104735
styrka,"Lagervall, Jacob Fredrik",1830,7,21288,328.82375046974823
styrka,"Lagus, Aina",1880,3,9653,310.7842121620222
styrka,"Lagus, Gabriel",1860,1,45573,21.94281701884888
styrka,"Lagus, Gabriel",1870,4,18033,221.81556036155936
styrka,"Lamm, Martin",1930,1,5631,177.5883502042266
styrka,"Lamm, Martin",1940,14,213547,65.55933822530871
styrka,"Landahl, Martin",1890,2,88594,22.57489220488972
styrka,"Landahl, Martin",1900,10,58151,171.96608828738974
styrka,"Landberg, Carlo",1900,1,10740,93.10986964618249
styrka,"Landquist, Ellen",1910,9,44571,201.92501850979338
styrka,"Landqvist, Rudolf",1890,3,38814,77.2916988715412
styrka,"Lange, Ina",1880,7,120439,58.12070840840592
styrka,"Langlet, Mathilda",1890,5,538116,9.291676887511242
styrka,"Lannerstjerna, Johan Magnus",1860,7,42628,164.2113165055832
styrka,"Larsson, Carl",1930,3,81129,36.97814591576378
styrka,"Larsson, Hans",1890,6,56630,105.95090941197245
styrka,"Larsson, Hans",1910,1,75570,13.23276432446738
styrka,"Larsson, Leon",1900,2,11555,173.08524448290783
styrka,"Laurin, Carl G.",1920,1,33112,30.200531529354915
styrka,"Laurén, Ludvig Leonard",1860,6,31155,192.58545979778526
styrka,"Laurén, Ludvig Leonard",1880,2,33260,60.132291040288635
styrka,"Lavater, Johann Caspar",1800,2,11540,173.3102253032929
styrka,"Leffler, Anne Charlotte",1860,2,31293,63.91205700955485
styrka,"Leffler, Anne Charlotte",1880,18,282798,63.64967220418815
styrka,"Leffler, Anne Charlotte",1890,12,169179,70.93078928235774
styrka,"Leijonhufvud, Sigrid",1890,1,114591,8.7266888324563
styrka,"Leistenius, Jacob Gabriel",1840,5,28665,174.4287458573173
styrka,"Leistenius, Jacob Gabriel",1850,3,17555,170.8914839077186
styrka,"Leistenius, Jacob Gabriel",1880,10,104877,95.3497907072094
styrka,"Lenngren, Anna Maria",1770,1,2529,395.41320680110715
styrka,"Lenngren, Anna Maria",1840,8,51166,156.35382871438065
styrka,"Lennstrand, Viktor E.",1880,19,72489,262.1087337389121
styrka,"Leopold, Carl Gustaf af",1800,10,5628,1776.8301350390902
styrka,"Leufstedt, Gustaf Joakim",1870,8,99897,80.08248495950829
styrka,"Leufstedt, Gustaf Joakim",1880,1,5749,173.94329448599757
styrka,"Levart, Johan",1890,9,74990,120.01600213361782
styrka,"Levertin, Oscar",1880,5,129322,38.66318182521149
styrka,"Levertin, Oscar",1890,32,282783,113.16097502325104
styrka,"Levertin, Oscar",1900,20,151708,131.832203970786
styrka,"Levin, August Henrik",1830,1,21888,45.687134502923975
styrka,"Levin, Carl Herman",1840,7,48113,145.4908236859061
styrka,"Lewald, August",1880,16,91769,174.3508156349094
styrka,"Lidback, Paul Gustaf Andreios",1840,25,90611,275.904691483374
styrka,"Lidforss, Bengt",1910,1,19597,51.0282186048885
styrka,"Lidholm, Alfred",1890,1,24597,40.65536447534252
styrka,"Liebesheim, J. R.",1870,1,10913,91.63383121048291
styrka,"Lilja, Nils",1840,4,39650,100.88272383354351
styrka,"Lilja, Nils",1860,5,22208,225.14409221902017
styrka,"Liljegren, Johan Gustaf",1830,1,110408,9.057314687341497
styrka,"Lilliecrona, Casper Henning",1890,1,9556,104.64629552113855
styrka,"Lilliestierna, August Edvard",1870,13,83278,156.1036528254761
styrka,"Lilljebjörn, Elisabeth",1890,2,48109,41.57226298613565
styrka,"Limborg, Ossian",1870,1,12632,79.16402786573781
styrka,"Limborg, Ossian",1880,12,129747,92.48768757659137
styrka,"Linck, Emma Elisabeth",1870,8,182760,43.77325454147516
styrka,"Linck, Josef",1880,2,34819,57.43990350096212
styrka,"Lind, Carl",1900,23,116442,197.52323044949418
styrka,"Lind, Erik Henrik",1920,2,224146,8.922755703871584
styrka,"Lindahl, Sven Peter August",1880,3,21318,140.72614691809738
styrka,"Lindberg, Erik Magnus",1860,7,17659,396.398437057591
styrka,"Lindberg, Otto Emil",1890,2,29295,68.27103601297149
styrka,"Lindberg, Per",1910,6,44435,135.02869359738943
styrka,"Lindberg, Per",1920,7,49918,140.2299771625466
styrka,"Lindberg, Per",1930,9,101976,88.25606024947047
styrka,"Lindberg, Per",1940,16,328375,48.724781119147316
styrka,"Lindblad, Adolf",1890,3,27336,109.74539069359086
styrka,"Lindblad, Elis Wilhelm",1860,18,64657,278.39213078243654
styrka,"Lindblad, Elis Wilhelm",1870,3,14439,207.7706212341575
styrka,"Lindblad, Johan Michael",1840,4,33137,120.710987717657
styrka,"Lindblad, Johan Michael",1850,6,73287,81.86990871505178
styrka,"Lindblom, Edel",1880,5,45315,110.33873993158998
styrka,"Lindblom, Edel",1890,5,48673,102.72635752881475
styrka,"Lindbäck, Olof",1870,9,26587,338.51130251626734
styrka,"Lindeberg, Anders",1810,7,11780,594.2275042444821
styrka,"Lindeberg, Anders",1830,91,408679,222.66864703104392
styrka,"Lindeberg, Axel",1870,1,15797,63.303158827625495
styrka,"Lindeblad, Assar",1830,2,44913,44.53053681562131
styrka,"Lindeblad, Assar",1840,2,28312,70.64142413111048
styrka,"Lindeblad, Assar",1850,9,34538,260.58254676009034
styrka,"Lindell, Olof",1870,2,7718,259.1344908007256
styrka,"Linder, Marie",1860,7,52998,132.08045586625911
styrka,"Linder, Sten",1930,40,185504,215.6287735035363
styrka,"Linderman, Zenaida",1890,6,37390,160.47071409467773
styrka,"Lindfors, Otto",1880,4,55970,71.46685724495265
styrka,"Lindfors, Otto",1890,1,12723,78.59781498074354
styrka,"Lindgren, Anders",1840,1,8829,113.26311020500623
styrka,"Lindgren, Hellen",1890,6,42817,140.13125627671252
styrka,"Lindgren, Ida",1910,4,41886,95.49730220121282
styrka,"Lindgren, Martin",1870,9,105917,84.97219520945646
styrka,"Lindh, Theodor",1860,6,48038,124.90111994670886
styrka,"Lindh, Theodor",1870,3,43175,69.48465547191662
styrka,"Lindholm, Charlotte",1880,2,12619,158.49116411760045
styrka,"Lindholm, Fredrik",1880,10,183182,54.59051653546746
styrka,"Lindholm, Fredrik",1890,14,105945,132.14403700033037
styrka,"Lindholm, Per August",1880,6,178880,33.54203935599284
styrka,"Lindholm, Per August",1890,16,252561,63.35103202790613
styrka,"Lindholm, Valdemar",1900,13,52482,247.70397469608628
styrka,"Lindholm, Valdemar",1920,1,32968,30.33244358165494
styrka,"Lindhé, Wilma",1880,20,278057,71.92769827769126
styrka,"Lindhé, Wilma",1890,14,216303,64.72402139591222
styrka,"Lindhé, Wilma",1900,10,131308,76.15682212812624
styrka,"Lindkvist, Alfred",1880,3,141703,21.171040838937778
styrka,"Lindman, Volmar",1890,11,85663,128.41016541564036
styrka,"Lindorm, Erik",1910,1,10337,96.73986649898423
styrka,"Lindorm, Erik",1930,3,39877,75.23133635930486
styrka,"Lindorm, Erik",1940,1,30602,32.67760277106071
styrka,"Lindqvist, Fredrika Lovisa",1830,1,20239,49.40955580809329
styrka,"Lindqvist, Gustaf",1890,1,44200,22.624434389140273
styrka,"Lindqvist, Josef",1870,17,253336,67.10455679413901
styrka,"Lindqvist, Josef",1880,17,479767,35.43386685620312
styrka,"Lindqvist, Märta",1930,2,63252,31.61955353190413
styrka,"Lindqvist, Thure",1880,1,9924,100.76582023377671
styrka,"Lindqvist, Uno Leopold",1840,11,90064,122.13537040326878
styrka,"Lindskoug, Anders",1880,4,28229,141.69825356902476
styrka,"Lindstedt, Sofi",1900,2,2511,796.4954201513341
styrka,"Lindström, Johan Gabriel",1860,1,2032,492.12598425196853
styrka,"Lindström, Lars",1860,4,2181,1834.0210912425493
styrka,"Lindström, Sigfrid",1920,6,61228,97.99438165545176
styrka,"Lindström, Sigfrid",1930,3,53703,55.862800960840175
styrka,"Ling, Per Henrik",1860,168,492118,341.38153857408184
styrka,"Linnarsson, Linnar",1940,2,151108,13.235566614606771
styrka,"Linnarsson, Linnar",1950,18,276292,65.1484661155589
styrka,"Linnarsson, Linnar",1960,6,72719,82.5093854425941
styrka,"Linnerhielm, Jonas Carl",1800,14,76006,184.1959845275373
styrka,"Linnerhielm, Jonas Carl",1810,17,77357,219.76033196737205
styrka,"Ljungberg, Eva",1880,15,93279,160.80789888399318
styrka,"Ljungberg, Eva",1890,4,53793,74.35911735727697
styrka,"Ljungberg, Per Adolf",1880,6,171664,34.95199925435735
styrka,"Ljunggren, Albert Gustaf",1890,8,71879,111.29815384187314
styrka,"Ljunggren, C. Aug.",1850,4,47444,84.30992327796982
styrka,"Ljunggren, Gustaf",1860,28,225853,123.97444355399308
styrka,"Ljunggren, Gustaf",1870,164,582220,281.68046442925356
styrka,"Ljunggren, Gustaf",1880,100,589132,169.7412464439209
styrka,"Ljunggren, Gustaf",1890,48,508881,94.32460634215072
styrka,"Ljungqvist, K. O.",1860,1,12633,79.15776141850708
styrka,"Ljungstedt, Aurora",1850,9,98506,91.36499299535053
styrka,"Ljungstedt, Aurora",1860,22,448769,49.02299401250978
styrka,"Ljungstedt, Aurora",1870,110,1582446,69.51264055771887
styrka,"Ljungstedt, Aurora",1880,8,180889,44.22601706018608
styrka,"Lloyd, Llewellyn",1870,21,136804,153.50428350048244
styrka,"Londen, Lilly",1890,9,70211,128.18504222985
styrka,"Lovisin, Carl G. G.",1800,3,42096,71.26567844925884
styrka,"Lovén, Nils",1830,1,19487,51.31626212346693
styrka,"Lund, Sigurd",1880,1,19330,51.733057423693744
styrka,"Lundberg, Emilie",1880,2,93190,21.461530207103767
styrka,"Lundberg, Johan Fredrik",1900,1,7065,141.54281670205236
styrka,"Lundberg, Theo",1900,2,10154,196.9667126255663
styrka,"Lundeberg, Amalia",1840,1,1930,518.1347150259068
styrka,"Lundeblom, Richard",1870,1,10847,92.19138932423712
styrka,"Lundeblom, Richard",1880,5,26248,190.4907040536422
styrka,"Lundeblom, Richard",1890,4,84549,47.30984399578942
styrka,"Lundegård, Axel",1880,7,97327,71.92248810710286
styrka,"Lundegård, Axel",1890,74,663851,111.47079691075257
styrka,"Lundegård, Axel",1900,14,168216,83.22632805440624
styrka,"Lundegård, Axel",1910,3,42428,70.70802300367681
styrka,"Lundegård, Axel",1920,2,26090,76.65772326561901
styrka,"Lundequist, Nils Wilhelm",1830,14,65002,215.37798836958862
styrka,"Lundequist, Sophie",1890,6,33250,180.45112781954887
styrka,"Lundgren, Johan Erik",1840,3,12967,231.35652039793322
styrka,"Lundgren, Nils August",1890,1,13398,74.63800567248843
styrka,"Lundin, Anders",1880,15,117497,127.66283394469646
styrka,"Lundin, August",1890,1,59923,16.688083039901205
styrka,"Lundin, August",1900,2,71561,27.948184066740264
styrka,"Lundin, Claës",1860,1,54382,18.388437350593946
styrka,"Lundin, Claës",1870,20,282340,70.83658000991713
styrka,"Lundin, Claës",1880,9,223768,40.22022809338243
styrka,"Lundin, Claës",1890,7,69707,100.42033081326122
styrka,"Lundmark, Janne",1840,1,11704,85.44087491455913
styrka,"Lundquist, Aurora",1880,2,102112,19.586336571607646
styrka,"Lundquist, Aurora",1890,7,198157,35.32552471020453
styrka,"Lundquist, Ernst",1860,1,74630,13.399437223636607
styrka,"Lundquist, Ernst",1880,33,702213,46.994288057896966
styrka,"Lundquist, Ernst",1890,12,302445,39.67663542131627
styrka,"Lundquist, Ernst",1900,1,54560,18.328445747800586
styrka,"Lundqvist, Johan",1890,4,66266,60.36278030966106
styrka,"Lundstedt, Bernhard",1890,5,320955,15.578507890514247
styrka,"Lundstedt, Bernhard",1900,4,463808,8.624258313785015
styrka,"Lundström, Georg",1880,7,72582,96.44264418175305
styrka,"Lundström, Ingeborg",1890,2,72982,27.404017428955086
styrka,"Lundström, Isidor",1870,1,31253,31.99692829488369
styrka,"Lundström, Mathilda",1860,37,273179,135.44232902236263
styrka,"Lundström, Mathilda",1870,9,86905,103.56136010586272
styrka,"Lundström, Vilhelm",1900,2,23072,86.68515950069349
styrka,"Lunell, Lars",1880,4,78551,50.92233071507683
styrka,"Lunell, Lars",1890,5,62226,80.35226432680874
styrka,"Lybeck, Mikael",1890,14,148910,94.01652004566516
styrka,"Lybeck, Mikael",1900,7,64352,108.77672799602188
styrka,"Lybeck, Mikael",1910,5,94744,52.773790424723465
styrka,"Lybeck, Mikael",1920,4,47287,84.58984498910905
styrka,"Lyckow, Gustaf",1890,3,43595,68.81523110448445
styrka,"Lydrikson, Albin",1890,1,6264,159.64240102171138
styrka,"Lysander, Albert Theodor",1870,2,41900,47.7326968973747
styrka,"Läffler, Frits",1890,1,4059,246.3661000246366
styrka,"Læstadius, Petrus",1830,9,150434,59.826900833588155
styrka,"Lénström, Carl Julius",1830,26,204893,126.89550155446989
styrka,"Lénström, Carl Julius",1840,49,232710,210.5625026857462
styrka,"Lénström, Carl Julius",1850,8,40181,199.0990766780319
styrka,"Lénström, Carl Julius",1860,7,116806,59.92842833416092
styrka,"Löfgren, Eliel",1930,22,103123,213.33747078731224
styrka,"Löfgren, Nils Isak",1830,7,302305,23.155422503762757
styrka,"Löfving, Concordia",1870,2,35133,56.92653630489853
styrka,"Löfving, Concordia",1880,9,68653,131.0940526998092
styrka,"Löhman, Lars Vilhelm",1830,9,26119,344.5767448983499
styrka,"Löhman, Lars Vilhelm",1870,6,40833,146.93997502020426
styrka,"Lönegren, Johan Georg",1840,4,28009,142.81123924452854
styrka,"Lönnbeck, Gustaf Ferdinand",1870,1,11177,89.46944618412812
styrka,"Lönnberg, Mathilda",1870,12,254456,47.1594303140818
styrka,"Lönnberg, Mathilda",1880,11,323522,34.00077892693542
styrka,"Lönnberg, Mathilda",1890,16,238922,66.9674621843112
styrka,"Magalotti, Lorenzo",1910,7,61692,113.46690008428969
styrka,"Magnell, Carl Jakob",1890,3,33616,89.24321751546883
styrka,"Magnussen, Johan Peter",1830,3,9533,314.69631805307876
styrka,"Mallander, Gustaf Richard",1870,1,28818,34.70053438822958
styrka,"Mallander, Gustaf Richard",1880,5,83270,60.045634682358596
styrka,"Malling, Mathilda",1880,4,91411,43.75840981938716
styrka,"Malling, Mathilda",1890,20,295955,67.57784122586204
styrka,"Malling, Mathilda",1920,2,43203,46.293081498969975
styrka,"Mallén, Elias Emanuel",1830,2,25148,79.5291872117067
styrka,"Malm, Gustaf",1870,1,5521,181.12660749864156
styrka,"Malmgren, Thure",1870,18,97568,184.48671695637915
styrka,"Malmgren, V. E.",1890,5,12451,401.5741707493374
styrka,"Malmquist, Frithiof",1890,16,25594,625.1465187153239
styrka,"Malmqvist, Anna Elisabeth",1890,6,28818,208.20320632937748
styrka,"Malmström, Bernhard Elis",1830,7,26034,268.8791580241223
styrka,"Malmström, Bernhard Elis",1840,8,84639,94.51907513084984
styrka,"Malmström, Bernhard Elis",1850,11,52947,207.7549247360568
styrka,"Malmström, Karl Robert",1850,2,17374,115.11453896627144
styrka,"Malmström, Karl Robert",1870,4,65405,61.1574038682058
styrka,"Mankell, Julius",1860,4,16623,240.63045178367324
styrka,"Mankell, Julius",1870,10,13717,729.0223809870963
styrka,"Mannegard, Vilhelm",1890,5,51409,97.25923476434087
styrka,"Mannerfelt, Otto",1900,1,28214,35.44339689515843
styrka,"Marin, Otto Ulrik",1840,20,174931,114.33079328420921
styrka,"Martinsson, Herman",1860,3,5114,586.6249511145874
styrka,"Mattsson, Sven",1860,1,17908,55.84096493187402
styrka,"Mattsson, Sven",1870,2,46978,42.57311933245349
styrka,"Meijer, Bernhard",1880,37,543470,68.08103483172944
styrka,"Melander, Emil",1890,4,29322,136.4163426778528
styrka,"Melander, Richard",1880,24,201808,118.92491873463887
styrka,"Melander, Richard",1890,79,382060,206.77380516149296
styrka,"Melefors, Evert",2010,3,70716,42.42321398269133
styrka,"Melin, Karl Alfred",1890,4,25115,159.26737009755126
styrka,"Melin, Per-Erik",1880,1,11512,86.86587908269631
styrka,"Mellin, Gustaf Henrik",1830,21,157305,133.49861733574903
styrka,"Mellin, Gustaf Henrik",1840,68,559527,121.53122190707508
styrka,"Mellin, Gustaf Henrik",1850,29,213613,135.75952774409797
styrka,"Mellin, Gustaf Henrik",1860,97,732670,132.3924822907994
styrka,"Mellin, Gustaf Henrik",1870,98,765675,127.99164136219676
styrka,"Mellin, Gustaf Henrik",1880,17,140049,121.386086298367
styrka,"Mellin, Gustaf Henrik",1890,17,161052,105.55596950053399
styrka,"Melsted, Ingemar von",1890,3,13130,228.4843869002285
styrka,"Meyer, Albertine",1880,38,335249,113.34858567810791
styrka,"Meyer, Ernst",1880,82,356598,229.95081296025216
styrka,"Meyer, Ernst",1890,155,462563,335.0894905126437
styrka,"Meyer, Gustaf",1870,7,81574,85.8116556746022
styrka,"Meyer, Gustaf",1880,11,77897,141.21211343183947
styrka,"Meyer, Philipp Joel",1850,2,30894,64.73748948015796
styrka,"Meyerson, Gerda",1890,4,97420,41.05933073290905
styrka,"Michaelson, Knut",1880,5,47153,106.03779186902212
styrka,"Michaelson, Knut",1890,5,112357,44.501010172930926
styrka,"Michaelson, Knut",1900,1,25673,38.95142756982043
styrka,"Michelsen, Albert Christian",1880,1,6545,152.78838808250572
styrka,"Mickwitz, Gerda von",1880,6,128866,46.55999255040119
styrka,"Mickwitz, Gerda von",1890,4,39797,100.51008870015328
styrka,"Moberg, Nenne",1890,2,49321,40.55067821009306
styrka,"Modin, Johan Engelbrekt",1860,24,178617,134.36570987084096
styrka,"Modin, Johan Engelbrekt",1880,8,135473,59.05235729628782
styrka,"Modin, Victor",1870,3,21265,141.07688690336232
styrka,"Molander, Harald",1880,9,78420,114.76664116296863
styrka,"Molander, Harald",1890,4,175885,22.74213264348864
styrka,"Molin, Lars",1910,3,53819,55.742395808171835
styrka,"Molin, Pelle",1890,1,59495,16.808135137406506
styrka,"Montgomery, Lucy Maud",1900,1,125473,7.969842117427654
styrka,"Montgomery, Lucy Maud",1910,6,221285,27.114354791332445
styrka,"Montgomery-Cederhielm, Robert",1880,7,18867,371.0181798908146
styrka,"Montgomery-Cederhielm, Robert",1890,4,14676,272.5538293813028
styrka,"Montén, R. A.",1880,6,73222,81.94258556171643
styrka,"Mortensen, Johan",1900,16,233086,68.64419141432776
styrka,"Mortensen, Johan",1910,5,159369,31.373730148272248
styrka,"Munthe, Axel",1880,3,97397,30.801770075053646
styrka,"Munthe, Axel",1900,2,96220,20.785699438786114
styrka,"Munthe, Axel",1930,9,156115,57.64980943535215
styrka,"Murberg, Johan",1800,3,5272,569.0440060698028
styrka,"Myrberg, Anna",1920,1,73330,13.636983499249967
styrka,"Möller, Andreas",1830,1,6943,144.02995823131212
styrka,"Möller, Fredrika",1860,3,34778,86.26142963942722
styrka,"Möller, Peter von",1870,5,31149,160.51879675109956
styrka,"Mörne, Arvid",1920,7,92118,75.98949173885669
styrka,"Mörner, Birger",1890,2,37170,53.80683346785042
styrka,"Mörner, J.C.A.",1870,43,149517,287.5927152096417
styrka,"Mörtengren, Frans",1860,1,11394,87.76549060909251
styrka,"Nathorst, Anita",1920,3,5497,545.7522284882664
styrka,"Naumann, Mathilda",1870,4,65704,60.87909411907951
styrka,"Naumann, Mathilda",1880,5,68190,73.32453438920663
styrka,"Neander, Eva",1940,1,1352,739.6449704142012
styrka,"Neander, John",1860,2,18882,105.92098294672175
styrka,"Neander, John",1870,1,13093,76.37668983426258
styrka,"Nerman, Charlotte",1890,1,47085,21.238186258893492
styrka,"Nervander, Emil",1860,3,60377,49.68779502128294
styrka,"Nervander, Emil",1870,4,74168,53.931614712544494
styrka,"Nervander, Emil",1880,4,69177,57.822686731138965
styrka,"Nervander, Johan Jakob",1840,1,11107,90.03331232556046
styrka,"Nervander, Johan Jakob",1850,13,84887,153.1447689281044
styrka,"Nettelbladt, Fredrik",1830,7,37435,186.99078402564444
styrka,"Nettelbladt, Lovisa Mathilda",1840,38,121172,313.60380285874623
styrka,"Nicander, Karl August",1820,5,19664,254.27176566314077
styrka,"Nicander, Karl August",1830,56,385016,145.44850084152347
styrka,"Nicander, Karl August",1840,41,212547,192.89851185855363
styrka,"Nilsdorff, Heddi",1890,6,7904,759.1093117408907
styrka,"Nilsson, Albert",1910,7,135571,51.633461433492414
styrka,"Nilsson, Alexander",1860,1,15290,65.40222367560497
styrka,"Nilsson, Lars",1880,4,25117,159.25468805987975
styrka,"Nilsson, Ola",1840,2,2942,679.8096532970768
styrka,"Nissen, Carl",1890,5,84972,58.84291295956315
styrka,"Nonnen, Emily",1850,1,75026,13.328712712926185
styrka,"Nonnen, Emily",1860,3,167782,17.880344733046453
styrka,"Nonnen, Emily",1880,2,37741,52.992766487374475
styrka,"Norberg, Augusta",1840,2,72363,27.638434006329202
styrka,"Nordenadler, Ebba",1900,1,58095,17.213185299939752
styrka,"Nordenhielm, Sven",1900,4,13856,288.6836027713626
styrka,"Nordenskiöld, Adolf Erik",1880,8,297785,26.865020064811862
styrka,"Nordenskiöld, Gustaf",1890,4,171081,23.38073777918062
styrka,"Nordensvan, Georg",1870,14,202089,69.27640791928309
styrka,"Nordensvan, Georg",1880,34,513177,66.25394357112653
styrka,"Nordensvan, Georg",1890,10,130737,76.48944063272066
styrka,"Nordin, Albert",1880,41,141167,290.4361500917353
styrka,"Nordin, Carl Gustaf",1800,5,3683,1357.588922074396
styrka,"Nordin, Jonas",2010,1,10586,94.46438692612885
styrka,"Nordin, Jonas",2020,1,186173,5.371348154673341
styrka,"Nordlindh, Hans Magnus",1890,1,14198,70.4324552753909
styrka,"Nordling, Johan",1880,5,130951,38.182220830692394
styrka,"Nordling, Johan",1890,4,49151,81.3818640515961
styrka,"Nordlund, Johan",1900,118,239575,492.5388709172493
styrka,"Nordlund, Sigrid",1890,1,21761,45.953770506870086
styrka,"Nordmann, Petrus",1880,4,39451,101.39159970596437
styrka,"Nordmann, Petrus",1890,5,39330,127.12941774726671
styrka,"Nordmann, Petrus",1900,4,17198,232.58518432375857
styrka,"Nordström, Ester Blenda",1910,7,144545,48.42782524473348
styrka,"Nordström, Ester Blenda",1920,2,124260,16.095284081764042
styrka,"Nordström, Ester Blenda",1930,6,139817,42.913236587825516
styrka,"Nordström, Ludvig",1900,5,128299,38.971465093258715
styrka,"Nordström, Ludvig",1910,6,73855,81.2402680928847
styrka,"Nordström, Ludvig",1930,2,141431,14.141171313219875
styrka,"Nordström, Wilhelmina",1860,1,37324,26.79241238881149
styrka,"Noreen, Erik Adolf",1870,2,24378,82.0411846747067
styrka,"Norlander, Emil",1890,3,46333,64.74866725659896
styrka,"Norlander, Emil",1920,4,161050,24.837007140639553
styrka,"Norlin, Mauritz",1880,9,146496,61.435124508519
styrka,"Norlin, Mauritz",1890,4,68728,58.200442323361656
styrka,"Norling, Börje",1880,9,120941,74.41645099676703
styrka,"Norling, Carl Gustaf",1840,5,8262,605.1803437424353
styrka,"Norléen, Wilhelm",1890,2,9551,209.40215684221548
styrka,"Norman, Carl",1890,4,54946,72.79874786153678
styrka,"Norrby, Carl",1870,2,17883,111.8380584913046
styrka,"Norström, Vitalis",1900,16,109692,145.86296174743828
styrka,"Norström, Vitalis",1910,13,130954,99.27149991600103
styrka,"Noræus, Sophia",1840,3,10829,277.0338904792686
styrka,"Numers, Gustaf von",1890,6,45336,132.34515616728427
styrka,"Numers, Hedvig von",1860,20,270661,73.89317264031389
styrka,"Nyberg, Johan Peter",1850,2,46385,43.11738708634257
styrka,"Nyberg, Johan Peter",1860,3,75464,39.75405491360119
styrka,"Nyberg, Johan Peter",1880,1,44942,22.25090116149704
styrka,"Nyberg, Julia Christina",1830,24,108344,221.5166506682419
styrka,"Nyberg, Julia Christina",1840,3,39188,76.55404715729306
styrka,"Nyberg, Sigfrid",1850,9,53569,168.00761634527433
styrka,"Nyberg, Sigfrid",1860,25,98687,253.3261726468532
styrka,"Nyblom, Carl Rupert",1860,1,38750,25.806451612903224
styrka,"Nyblom, Carl Rupert",1870,2,55002,36.36231409766918
styrka,"Nyblom, Helena",1870,21,325596,64.49710684406442
styrka,"Nyblom, Helena",1880,9,251590,35.77248698278946
styrka,"Nyblom, Helena",1890,12,249189,48.15621877370189
styrka,"Nyblom, Helena",1910,4,229507,17.428662306596312
styrka,"Nyblæus, Gustaf",1840,3,14136,212.22410865874363
styrka,"Nyblæus, Gustaf",1890,31,80703,384.1245059043654
styrka,"Nybom, Johan",1840,11,130610,84.22019753464512
styrka,"Nycander, Fredrik",1890,3,108038,27.768007552898055
styrka,"Nycander, Fredrik",1900,1,23631,42.31729507849858
styrka,"Nygren, Julius August",1830,1,21740,45.998160073597056
styrka,"Nyholm, C. A. G.",1880,5,58679,85.20935939603606
styrka,"Nyholm, C. A. G.",1890,3,22642,132.4971292288667
styrka,"Nylander, Conrad Wilhelm",1850,9,65749,136.88421116670975
styrka,"Nylén, Pehr Gustaf",1920,2,65897,30.350395313898964
styrka,"Nyström, Ludvig",1890,6,278010,21.581957483543757
styrka,"Nèlson, Johannes Fredrik",1880,39,299170,130.36066450513087
styrka,"Odel, Anders",1860,4,5315,752.5870178739417
styrka,"Odhner, Clas Theodor",1870,2,79891,25.03410897347636
styrka,"Odén, Klas",1900,8,645415,12.395125616851173
styrka,"Ofvandahl, Erik",1890,3,7126,420.9935447656469
styrka,"Ofvandahl, Erik",1900,5,42491,117.67197759525547
styrka,"Ohlsson, Johan",1880,1,20113,49.719087157559784
styrka,"Olivecrona, Rosalie",1850,17,42307,401.82475713238944
styrka,"Olivecrona, Rosalie",1880,4,46519,85.98637116017112
styrka,"Olofsson, Klas",1920,7,142734,49.042274440567766
styrka,"Olofsson, Klas",1930,4,115673,34.58023912235353
styrka,"Olsson, August",1880,4,8372,477.78308647873865
styrka,"Olsson, Johannes",1890,12,108979,110.11295754227879
styrka,"Olsson, Paul",1880,3,11507,260.7108716433475
styrka,"Olzon, Johan",1840,3,4847,618.9395502372602
styrka,"Olán, Olivus",1890,1,13252,75.46030787805614
styrka,Omar Khayyam,1920,6,44187,135.78654355353385
styrka,"Omberg, Johan Martin",1890,3,22583,132.8432891998406
styrka,"Ongelin, Hanna",1870,4,62982,63.51020926613953
styrka,"Ongelin, Hanna",1880,3,106270,28.229980239013834
styrka,"Ongelin, Hanna",1890,4,84763,47.190401472340525
styrka,"Orczy, Emmuska",1900,10,102234,97.81481698847742
styrka,"Oskar II, kung av Sverige och Norge",1850,7,20924,334.54406423246036
styrka,"Oskar II, kung av Sverige och Norge",1860,3,22456,133.59458496615605
styrka,"Oskar II, kung av Sverige och Norge",1870,8,63432,126.11930886618741
styrka,"Oskar II, kung av Sverige och Norge",1890,10,33261,300.6524157421605
styrka,"Oswald, Gösta",1940,1,43590,22.941041523285158
styrka,"Oterdahl, Jeanna",1900,1,6637,150.67048365225253
styrka,"Oterdahl, Jeanna",1910,10,250468,39.925259913442034
styrka,Ovidius,1820,58,155332,373.3937630365926
styrka,"Oxenstierna, Johan Gabriel",1790,19,39449,481.63451545032825
styrka,"Oxenstierna, Johan Gabriel",1800,2,686,2915.451895043732
styrka,"Oxenstierna, Johan Gabriel",1880,40,99527,401.90099169069697
styrka,"Oxenstierna, Mårten Gabriel Leijonsköld",1860,2,43186,46.31130458945029
styrka,"Oxenstierna, Mårten Gabriel Leijonsköld",1870,12,58039,206.75752511242442
styrka,"Oxenstierna, Mårten Gabriel Leijonsköld",1880,6,26816,223.7470167064439
styrka,"Oxenstierna, Mårten Gabriel Leijonsköld",1890,80,548427,145.87173862701871
styrka,"Paban, August Theodor",1850,2,31656,63.17917614354309
styrka,"Palm, Amy",1890,1,139390,7.174115790228854
styrka,"Palm, August",1900,2,17899,111.73808592658808
styrka,"Palmblad, Vilhelm Fredrik",1840,116,931946,124.4707311367826
styrka,"Palmblad, Vilhelm Fredrik",1850,6,86860,69.07667510937141
styrka,"Palme, Christian Adolph",1860,1,22087,45.275501426178295
styrka,"Palmstjerna, Carl Otto",1830,54,328303,164.48220089368664
styrka,"Palmær, Henrik Bernhard",1870,6,100059,59.964620873684524
styrka,"Paterson, Emil",1870,4,10594,377.57221068529356
styrka,"Paul, Adolf",1890,8,277706,28.807443843489157
styrka,"Pauli, Georg",1910,3,50904,58.934464875058936
styrka,"Paykull, Lars Gustaf von",1880,1,13181,75.86677793794098
styrka,"Pehrsson, J.",1870,1,9099,109.90218705352237
styrka,"Pehrsson, J.",1880,2,7504,266.52452025586354
styrka,"Pereswetoff-Morath, Anders Wilhelm",1850,1,18455,54.185857491194795
styrka,"Pereswetoff-Morath, Fredrik",1860,6,63661,94.24922637093354
styrka,"Pereswetoff-Morath, Fredrik",1880,10,78901,126.74110594289046
styrka,"Perrault, Charles",1870,1,36220,27.609055770292656
styrka,"Person, Johan",1900,2,49994,40.00480057606913
styrka,"Personne, Johan Wilhelm",1880,4,36404,109.8780353807274
styrka,"Persson, Fredrik",1900,21,172315,121.86983141339988
styrka,"Persson, Fredrik",1910,34,324667,104.7226850896457
styrka,"Persson, Jöns",1870,1,12640,79.11392405063292
styrka,"Persson, Per",1890,16,29878,535.5110783854341
styrka,"Peterson, Gottfrid",1880,2,40161,49.799556783944624
styrka,"Peterson, Gustaf Reinhold",1870,3,17404,172.37416685819352
styrka,"Peterson, Gustaf Reinhold",1880,4,9790,408.58018386108273
styrka,"Peterson, Maria",1860,19,104909,181.10934238244573
styrka,"Petersson, Svante",1890,2,7104,281.5315315315315
styrka,"Petersson, Therèse",1880,8,167213,47.84317008845006
styrka,"Petrini, Gulli",1910,8,46643,171.5155543168321
styrka,"Pettersson, Carl",1850,3,30587,98.08088403570144
styrka,"Pettersson, Gustaf",1890,4,33551,119.22148371136478
styrka,"Pettersson, Sven",1870,12,296432,40.48145949155287
styrka,"Pettersson, Victor",1880,15,351595,42.662722734964944
styrka,"Pettersson, Victor",1890,1,11799,84.75294516484448
styrka,"Pettersson-Olin, Jonas",1890,2,24852,80.47642040882022
styrka,"Pfeiffer, Sara",1860,9,269215,33.43052950244228
styrka,"Pfeiffer, Sara",1870,28,549531,50.95253952916214
styrka,"Pfeiffer, Sara",1880,18,394170,45.665575766801126
styrka,"Pfeiffer, Sara",1890,3,149398,20.080590101607786
styrka,"Philipsson, Jonas",1850,2,125155,15.980184571131797
styrka,"Philipsson, Jonas",1870,2,3330,600.6006006006006
styrka,"Pihlstrand, Ragnar",1880,371,2387801,155.37308176016344
styrka,"Pihlstrand, Ragnar",1890,207,1299301,159.3164324509871
styrka,"Pinello, Nils Henrik",1860,10,118141,84.64461956475736
styrka,"Pinello, Nils Henrik",1870,6,93469,64.19240603836566
styrka,"Piper, Carl",1900,1,123642,8.087866582552854
styrka,"Platen, Henrica Carolina von",1840,2,35461,56.399988720002256
styrka,"Platen, Henrica Carolina von",1860,3,76150,39.395929087327644
styrka,"Pontin, Constans",1840,13,229104,56.742789300928834
styrka,"Pontin, Constans",1850,9,36620,245.76734025122883
styrka,"Pontoppidan, Henrik",1890,3,36980,81.12493239588967
styrka,"Porter, Eleanor H.",1910,1,63020,15.867978419549349
styrka,"Procopé, Hjalmar",1900,2,18224,109.74539069359086
styrka,"Prytz, Harald Oscar",1860,26,90977,285.7865174714488
styrka,"Quennerstedt, August",1900,14,699795,20.005858858665754
styrka,"Quennerstedt, August",1910,71,1140005,62.28042859461143
styrka,"Qvanten, Aurora von",1850,1,34509,28.9779477817381
styrka,"Qvanten, Aurora von",1860,3,112043,26.77543443142365
styrka,"Qvanten, Aurora von",1880,6,113536,52.846674182638104
styrka,"Qvanten, Aurora von",1890,13,172335,75.43447355441437
styrka,"Qvanten, Emil von",1840,2,38222,52.32588561561404
styrka,"Qvanten, Emil von",1850,3,54141,55.41087161301047
styrka,"Qvanten, Emil von",1880,7,73808,94.84066767830045
styrka,"Rahm, Gustaf Verner Ambrosius",1860,4,11748,340.4834865509023
styrka,"Ramsay, Ebba",1850,6,85664,70.04109077325364
styrka,"Randelin, Wendela",1840,14,64659,216.52051531882645
styrka,"Randelin, Wendela",1850,3,17023,176.23215649415496
styrka,"Redwitz, Oskar von",1850,4,38390,104.1938004688721
styrka,"Reenstierna, Märta Helena",1940,9,394989,22.7854446579525
styrka,"Regis, Julius",1910,1,76539,13.06523471694169
styrka,"Regis, Julius",1920,4,73780,54.21523448088913
styrka,"Regnér, Gustaf",1800,5,10032,498.4051036682616
styrka,"Reuter, Jonatan",1880,1,10222,97.82821365681863
styrka,"Reuter, Odo Morannal",1880,5,29248,170.95185995623632
styrka,"Reuter, Odo Morannal",1890,9,28128,319.9658703071672
styrka,"Reuterskiöld, Edgar",1910,3,133056,22.546897546897547
styrka,"Richter, Ludwig",1870,1,1023,977.5171065493646
styrka,"Ridderstad, Carl Fredrik",1840,87,771553,112.75959007352704
styrka,"Ridderstad, Carl Fredrik",1850,67,951883,70.38680173928938
styrka,"Ridderstad, Carl Fredrik",1870,3,5922,506.5856129685917
styrka,"Ridderstad, Carl Fredrik",1880,54,559564,96.50370645717022
styrka,"Rietz, Johan Ernst",1860,64,1483948,43.12819586670153
styrka,Rimbert,1900,1,28958,34.53277160024864
styrka,"Ring, Herman Anakreon",1880,5,30032,166.48907831646244
styrka,"Ringbom, Oskar Evald",1880,15,58665,255.68908207619535
styrka,"Ripa, Ernst",1880,2,51842,38.57875853555033
styrka,"Risberg, Emilie",1850,1,24688,40.50550874918989
styrka,"Risberg, Emilie",1860,34,297099,114.43996782217376
styrka,"Robertsson, Seb.",1870,2,39754,50.30940282738844
styrka,"Rodhe, Bengt Carl",1860,2,28898,69.20894179527996
styrka,"Rodhe, Bengt Carl",1880,8,116643,68.585341597867
styrka,"Rollin, Carl Gustaf",1840,1,9930,100.70493454179255
styrka,"Rollin, Catharina Fredrika",1860,3,7153,419.4044456871243
styrka,"Roman, Alfred",1840,1,8346,119.81787682722262
styrka,"Romdahl, Clara",1880,1,58470,17.102787754403966
styrka,"Rondeletius, Jacobus Petri",1870,1,20421,48.969198374222614
styrka,"Roos, Anna Maria",1890,1,92042,10.864605288889855
styrka,"Roos, Anna Maria",1900,3,78217,38.3548333482491
styrka,"Roos, Mathilda",1880,24,225894,106.2445217668464
styrka,"Roos, Mathilda",1890,26,429737,60.50212106474425
styrka,"Roos, Mathilda",1900,6,323439,18.550638605734
styrka,"Rosander, Carl",1830,5,27671,180.6945900039753
styrka,"Roselius, Jonas Erik",1850,2,47328,42.25828262339419
styrka,"Roselius, Jonas Erik",1860,1,4582,218.2453077258839
styrka,"Rosenberg, Carl Martin",1880,5,1933426,2.5860829429210117
styrka,"Rosendahl, Carl-Gustaf",1860,2,18519,107.9971920730061
styrka,"Rosenius, Carl Olof",1890,8,101527,78.7967732721345
styrka,"Rosenius, Josef",1880,2,35474,56.37932006540001
styrka,"Rosenius, Josef",1890,1,14634,68.33401667350007
styrka,"Rosenqvist, Peter",1840,6,23972,250.29200734189888
styrka,"Rosenstein, Nils von",1800,5,1355,3690.036900369004
styrka,"Rosén, Johan Magnus",1830,2,28889,69.230502959604
styrka,"Rosén, Johan Magnus",1840,22,288053,76.3748337979469
styrka,"Roth, Sven Olof",1880,38,224664,169.14147348929959
styrka,"Roth, Sven Olof",1890,2,33176,60.28454304316373
styrka,"Roth, Sven Olof",1900,7,10504,666.4127951256664
styrka,"Rubenson, Olof",1880,18,158589,113.50093638272516
styrka,"Ruda, Elias Wilhelm",1830,3,44525,67.3778775968557
styrka,"Rudbeck, Olof, den yngste",1770,9,7683,1171.4174150722374
styrka,"Rudbeck, Thure Gustaf",1830,8,31628,252.9404325281396
styrka,"Rudbeck, Thure Gustaf",1840,38,277325,137.02334805733346
styrka,"Rudebeck, Sophia",1830,7,28279,247.53350542805615
styrka,"Ruin, Hans",1930,10,163282,61.24373782780711
styrka,"Ruin, Hans",1940,11,79133,139.00648275687766
styrka,"Ruin, Hans",1960,2,82352,24.285991839906742
styrka,"Runeberg, Fredrika Charlotta",1850,10,63400,157.72870662460568
styrka,"Runeberg, Fredrika Charlotta",1860,31,181538,170.76314600799833
styrka,"Runeberg, Johan Ludvig",1830,2,22903,87.32480461074968
styrka,"Runeberg, Johan Ludvig",1840,11,55719,197.4191927349737
styrka,"Runeberg, Johan Ludvig",1850,17,124794,136.22449797265895
styrka,"Runeberg, Johan Ludvig",1870,10,285250,35.056967572305
styrka,"Runeberg, Johan Ludvig",1890,1,3772,265.11134676564154
styrka,"Runeberg, Nino",1890,1,8352,119.73180076628353
styrka,"Runfeldt, Emil",1890,3,9611,312.14233690562895
styrka,"Runnqvist, Ernst",1880,4,68182,58.66651022263941
styrka,"Russberg, Johan Albert",1870,2,66670,29.99850007499625
styrka,"Rusén, Lars Erik",1850,1,21042,47.523999619808
styrka,"Ryberg, Klas",1870,6,71186,84.28623605765179
styrka,"Ryberg, Klas",1880,1,22078,45.29395778603134
styrka,"Rydberg, Carl Henrik",1850,2,49827,40.13888052662211
styrka,"Rydberg, Carl Henrik",1860,15,344263,43.57133935392418
styrka,"Rydberg, Viktor",1850,89,350514,253.91282516532863
styrka,"Rydberg, Viktor",1860,13,140367,92.61436092528871
styrka,"Rydberg, Viktor",1870,17,80367,211.52960792365025
styrka,"Rydberg, Viktor",1880,22,138811,158.4888805642204
styrka,"Rydberg, Viktor",1890,5,50224,99.55399808856323
styrka,"Rydberg, Viktor",1900,3,80283,37.36781136728822
styrka,"Rydelius, Gustaf",1890,6,19934,300.9932778167954
styrka,"Rydelius, Jan Petter",1880,1,1569,637.3486297004462
styrka,"Rydforss, Karl",1890,4,25233,158.52256965085405
styrka,"Rydqvist, Johan Erik",1920,1,22835,43.79242391066346
styrka,"Rydström, Carl",1840,2,8427,237.33238400379733
styrka,"Rådberg, Fredrik",1830,2,44019,45.43492582748359
styrka,"Rådberg, Fredrik",1840,2,47462,42.13897433736463
styrka,"Rönnberg, Hanna",1890,2,19458,102.78548668927948
styrka,"Sachs, Hilda",1890,6,20821,288.1705969934201
styrka,"Sachs, Hilda",1900,11,37646,292.1957180045689
styrka,Sadi,1910,23,112480,204.48079658605974
styrka,"Saltza, Christina Gustafva von",1860,21,180186,116.54623555659153
styrka,"Saltza, Edvard Fredrik von",1830,16,178492,89.63987181498331
styrka,"Samzelius, Hugo",1890,10,77418,129.16892712289132
styrka,"Sand, Arne",1950,6,74376,80.67118425298483
styrka,"Sandahl, Anton Gustaf",1870,24,50738,473.01825062083645
styrka,"Sandberg, Algot",1880,21,141322,148.59682144322895
styrka,"Sandberg, Algot",1890,13,296810,43.79906337387554
styrka,"Sandberg, Algot",1910,4,78774,50.778175540152844
styrka,"Sandberg, Eric",1890,15,135478,110.71908354123917
styrka,"Sandberg, Fredrik",1870,4,72150,55.44005544005544
styrka,"Sandberg, Sven",1860,1,6547,152.7417137620284
styrka,"Sandel, Maria",1900,7,107898,64.8760866744518
styrka,"Sandel, Maria",1910,21,207358,101.27412494333471
styrka,"Sandel, Maria",1920,13,144864,89.7393417274133
styrka,"Sander, Fredrik",1850,19,103238,184.0407601852031
styrka,"Sander, Fredrik",1870,6,67161,89.33756197793362
styrka,"Sander, Fredrik",1890,1,3196,312.89111389236547
styrka,"Sandströmer, Clara",1870,20,257887,77.55334700857352
styrka,"Santesson, Frithiof",1880,3,36705,81.73273395995096
styrka,"Saxon, Johan Lindström",1880,8,109786,72.86903612482466
styrka,"Saxon, Johan Lindström",1890,40,270284,147.99248198191532
styrka,"Saxon, Johan Lindström",1900,1,33209,30.112318949682315
styrka,"Schaar, Hermania Fredrica",1870,7,95475,73.31762241424457
styrka,"Schantz, Otto von",1860,6,90045,66.63334999167083
styrka,"Schantz, Otto von",1870,16,54939,291.2320937767342
styrka,"Schartau, Gustaf Johan",1830,1,14861,67.29022273063724
styrka,"Schenfelt, Inga",1870,10,173997,57.472255268769004
styrka,"Schenfelt, Inga",1880,25,288911,86.53183852466677
styrka,"Scherini, Pehr Hampus",1880,5,47576,105.09500588532033
styrka,"Schildt, Runar",1910,3,54474,55.07214450930719
styrka,"Schildt, Runar",1920,2,51308,38.98027598035394
styrka,"Schirmer, Adolf",1870,19,249159,76.25652695668228
styrka,"Schlegel, Bernhard",1870,8,419796,19.056875244166214
styrka,"Schmiterlöw, Adam Bonaparte",1830,8,40815,196.00637020703172
styrka,"Scholander, Fredrik Wilhelm",1860,10,66301,150.82728767288577
styrka,"Scholander, Fredrik Wilhelm",1880,18,242074,74.35742789394979
styrka,"Schreiner, Olive",1910,29,61056,474.97379454926624
styrka,"Schröder, Gustaf",1890,54,450001,119.99973333392593
styrka,"Schröder, Johan Henrik",1840,1,4698,212.85653469561515
styrka,"Schröderheim, Elis",1800,1,485,2061.855670103093
styrka,"Schröderheim, Elis",1850,4,9287,430.7095940562076
styrka,"Schultz, Adolf Fredrik Joelsson",1880,1,12654,79.0263948158685
styrka,"Schultz, Johan Gustaf",1880,3,41456,72.36588189888074
styrka,"Schunck, Anna Maria",1840,1,14962,66.8359844940516
styrka,"Schwartz, Marie Sophie",1850,128,1085153,117.9557168436156
styrka,"Schwartz, Marie Sophie",1860,201,2579411,77.92476654554082
styrka,"Schwartz, Marie Sophie",1870,51,884820,57.63884179833187
styrka,"Schwartz, Marie Sophie",1880,6,72495,82.76432857438444
styrka,"Schwartz, Marie Sophie",1890,3,75915,39.517881841533296
styrka,"Schwartz, Marie Sophie",1910,19,207231,91.68512432985412
styrka,"Schwerin, Martina von, d. y.",1830,6,51992,115.40236959532236
styrka,"Schéele, Adolf August",1870,4,56299,71.04921934670243
styrka,"Schéele, Adolf August",1880,3,27736,108.16267666570522
styrka,"Schéele, Frans von",1880,4,31480,127.06480304955528
styrka,"Schéele, Georg von",1880,9,104047,86.49937047680375
styrka,"Schöldström, Birger",1870,6,58816,102.01305767138194
styrka,"Schöldström, Birger",1880,4,51955,76.9897026272736
styrka,"Schöldström, Birger",1890,6,123441,48.60621673512042
styrka,"Schöldström, Karl Wilhelm",1880,5,54619,91.54323587030154
styrka,"Schön, Alfred",1870,2,12879,155.29155990371925
styrka,"Schön, Alfred",1880,1,4757,210.21652301870927
styrka,"Schön, August",1890,2,42095,47.51158094785604
styrka,"Schück, Henrik",1890,15,239653,62.59049542463478
styrka,"Schück, Henrik",1900,5,33377,149.80375707822753
styrka,"Schück, Henrik",1910,19,165913,114.51784971641764
styrka,"Schüssler, George Christian",1840,2,18688,107.02054794520548
styrka,"Sederholm, Theodor",1860,6,181673,33.02637155768881
styrka,"Sedgwick, Catharine",1850,10,39871,250.80885856888466
styrka,"Sefbom, Augusta",1870,3,81444,36.83512597613084
styrka,"Segerstedt, Albrekt",1870,7,134331,52.11008627941428
styrka,"Segerstedt, Albrekt",1880,7,149770,46.73833210923416
styrka,"Segerstedt, Albrekt",1890,3,35744,83.93017009847807
styrka,"Segerstedt, Torgny",1930,17,70915,239.7236127758584
styrka,"Segerstedt, Torgny",1940,34,117457,289.4676349642848
styrka,"Segersteen, Anders Peter",1840,1,2696,370.919881305638
styrka,"Segerstéen, Gustaf",1890,2,59500,33.61344537815126
styrka,"Sehlstedt, Elias",1850,1,64206,15.574868392362085
styrka,"Seseman, Hans Jacob",1850,1,13888,72.00460829493088
styrka,"Settervall, Hedvig Beata",1840,6,37612,159.52355631181538
styrka,"Shierman, Jeanna",1830,15,37075,404.58530006743086
styrka,"Sigurdh, Sigurd P.",1900,1,34278,29.173230643561467
styrka,"Silfverhjelm, Anna Charlotta Sophia",1860,2,12939,154.57145065306437
styrka,"Silfverskjöld, Aurore",1870,19,70463,269.645061947405
styrka,"Silfversparre, Gustaf Georg",1870,1,7260,137.7410468319559
styrka,"Silfverstolpe, Carl",1890,5,70945,70.47713017125943
styrka,"Silfverstolpe, Gudmund Leonhard",1850,26,51620,503.6807438977141
styrka,"Silfverstolpe, Gunnar Mascoll",1910,1,5214,191.79133103183736
styrka,"Silfverstolpe, Gunnar Mascoll",1920,4,11940,335.00837520938023
styrka,"Silfverstolpe, Gunnar Mascoll",1940,1,10656,93.84384384384384
styrka,"Silfverstolpe, Malla",1900,22,301691,72.92229466573414
styrka,"Silfverstolpe, Malla",1910,15,245873,61.0071052941966
styrka,"Siljeström, Per Adam",1840,1,13955,71.65890361877463
styrka,"Siljeström, Per Adam",1850,7,64936,107.79844770235309
styrka,"Sillén, Abraham Wilhelm af",1860,1,129959,7.694734493186313
styrka,"Sillén, Abraham Wilhelm af",1870,1,31181,32.07081235367692
styrka,"Silverstolpe, Gustaf Abraham",1790,93,512118,181.59877215797923
styrka,"Silverstolpe, Gustaf Abraham",1800,63,366346,171.96857615478262
styrka,"Sjöbeck, Anders Conrad",1860,1,7425,134.68013468013467
styrka,"Sjöberg, Birger",1920,28,566955,49.38663562363856
styrka,"Sjöberg, Edvard Daniel",1840,4,140639,28.441612923868913
styrka,"Sjöberg, Nils Lorents",1800,7,3974,1761.4494212380473
styrka,"Sjögren, Lennart",1980,1,48769,20.504828887202937
styrka,"Sjöstedt, Helen",1890,1,9281,107.74701002047193
styrka,"Sjöstedt, Helen",1900,2,809,2472.1878862793574
styrka,"Sjöström, Carl",1900,1,312159,3.2034956544581448
styrka,"Skarstedt, Carl Wilhelm",1880,24,788956,30.419947373491045
styrka,"Skarstedt, Ernst",1890,6,171111,35.0649578343882
styrka,"Skoglund, Daniel Carl Alexander",1850,1,2320,431.0344827586207
styrka,"Sköldström, sjökapten",1840,1,7427,134.64386697185944
styrka,"Smith, Carl",1890,2,57316,34.89427036080676
styrka,"Smitt, C.",1890,1,4763,209.95171110644552
styrka,"Snellman, Johan Vilhelm",1840,14,182971,76.51485754573129
styrka,"Snoilsky, Carl",1860,4,31847,125.6005275222156
styrka,"Snoilsky, Carl",1880,22,103980,211.579149836507
styrka,"Snoilsky, Carl",1890,7,46597,150.2242633645943
styrka,"Snoilsky, Carl",1910,3,85606,35.044272597715114
styrka,"Sohlman, August",1840,1,14122,70.8114997875655
styrka,"Sommelius, Gustaf Lorentz",1840,1,40806,24.50620006861736
styrka,"Sparre, Pehr",1830,53,225896,234.621241633318
styrka,"Sparre, Pehr",1840,45,167601,268.49481805001165
styrka,"Sparre, Pehr",1850,38,227066,167.3522235825707
styrka,"Sparre, Pehr",1860,37,206709,178.9955928382412
styrka,"Sparre, Pehr",1870,93,385654,241.14880177568494
styrka,"Sparre, Sixten",1880,1,11569,86.43789437289307
styrka,"Sparrman, Gustaf Leonard",1840,3,14293,209.8929545931575
styrka,"Staaff, Albert Wilhelm",1890,4,18128,220.6531332744925
styrka,"Staaff, Karl",1900,3,8058,372.3008190618019
styrka,"Stackelberg, Oskar",1870,2,21739,92.00055200331202
styrka,"Stackelberg, Oskar",1890,2,31199,64.10461873778006
styrka,"Stagnelius, Erik Johan",1880,1,14304,69.91051454138703
styrka,"Stahre, Gustaf Wilhelm",1870,3,27204,110.27790030877811
styrka,"Stam, Per",1990,9,238205,37.78258222959216
styrka,"Starbäck, Carl Georg",1850,8,210114,38.07456904347164
styrka,"Starbäck, Carl Georg",1860,55,304015,180.9121260464122
styrka,"Starbäck, Carl Georg",1870,197,1094880,179.92839397924888
styrka,"Starck, Waldemar August",1890,4,30268,132.15276860050218
styrka,"Starnberg, Märta",1890,40,240932,166.021948101539
styrka,"Starnberg, Märta",1900,5,27647,180.85144862010344
styrka,"Steffen, Richard",1900,3,77655,38.6324125941665
styrka,"Steijer, Anders",1890,2,19160,104.38413361169103
styrka,"Stenberg, August",1880,2,37493,53.34329074760622
styrka,"Stengård, Per",1860,8,40180,199.1040318566451
styrka,"Stenhammar, Jakob Axel",1810,50,411692,121.45001603140211
styrka,"Stiernhielm, Georg",1870,2,61481,32.53037523787837
styrka,"Stiernstedt, Marika",1890,1,5042,198.33399444664815
styrka,"Stille, Arthur",1890,1,4127,242.306760358614
styrka,"Stille, Arthur",1900,1,30769,32.50024375182814
styrka,"Stjerngranat, August Wilhelm",1830,1,7157,139.7233477714126
styrka,"Stjerngranat, August Wilhelm",1840,1,9413,106.23605651758207
styrka,"Stjernstolpe, Jonas Magnus",1820,14,77038,181.72849762454894
styrka,"Stjernström, Jeanette",1850,1,18529,53.96945328943818
styrka,"Stjernström, Louise",1880,96,1077607,89.086280991122
styrka,"Stjernström, Louise",1890,214,1662749,128.70252816269925
styrka,"Stockenstrand, Ina",1890,4,78099,51.217045032586846
styrka,"Stoker, Bram",1900,21,120550,174.20157610949812
styrka,"Stolpe, Mats",1870,2,26743,74.78592528886064
styrka,"Storckenfeldt, Sigrid",1890,2,43224,46.27059041273367
styrka,"Stowe, Harriet Beecher",1890,18,222597,80.86362349896899
styrka,"Strandberg, Carl",1890,2,19516,102.48001639680263
styrka,"Strandberg, Carl Henric",1830,7,404704,17.296592077172452
styrka,"Strandberg, Carl Vilhelm August",1850,2,22108,90.46499004885109
styrka,"Strandberg, Carl Vilhelm August",1860,4,26344,151.83723048891588
styrka,"Strandberg, Carl Vilhelm August",1870,60,415407,144.43666091327302
styrka,"Strindberg, August",1870,8,139512,57.342737542290266
styrka,"Strindberg, August",1880,39,793035,49.17815733227411
styrka,"Strindberg, August",1890,49,428523,114.34625446008732
styrka,"Strindberg, August",1900,2,155151,12.890667801045433
styrka,"Strindberg, August",1910,3,58975,50.86901229334464
styrka,"Strindberg, Oskar",1880,3,18140,165.38037486218303
styrka,"Strussenfelt, Constantia Carolina Amalia von",1820,24,84408,284.3332385555872
styrka,"Strussenfelt, Constantia Carolina Amalia von",1830,56,255803,218.91846459971148
styrka,"Strussenfelt, Constantia Carolina Amalia von",1840,17,45230,375.8567322573513
styrka,"Strussenfelt, Ulrika Sophia von",1840,27,243871,110.71427106954086
styrka,"Strussenfelt, Ulrika Sophia von",1850,176,1623357,108.4173105484499
styrka,"Strussenfelt, Ulrika Sophia von",1860,159,1181849,134.5349532808337
styrka,"Strussenfelt, Ulrika Sophia von",1870,1,42150,23.72479240806643
styrka,"Stråle, Gustaf Holdo",1860,2,6395,312.7443315089914
styrka,"Stråle, Gustaf Holdo",1880,3,9749,307.723869114781
styrka,"Ström, Erik",1880,1,4150,240.96385542168676
styrka,"Ström, Fredrik",1900,2,77975,25.649246553382493
styrka,"Ström, Fredrik",1910,1,44657,22.3929059274022
styrka,"Ström, Fredrik",1920,23,156422,147.03814041503114
styrka,"Ström, Fredrik",1940,35,275415,127.08095056551024
styrka,"Ström, Ulrika",1860,13,106489,122.07833672961526
styrka,"Strömberg, Bengt Johan Gustaf Lorenz",1850,2,34041,58.75268059105197
styrka,"Strömberg, Leonard",1890,7,260839,26.836477673967465
styrka,"Strömberg, Leonard",1900,5,82764,60.41273983857716
styrka,"Strömberg, Theodor",1850,1,7354,135.98041881968996
styrka,"Strömberg, Theodor",1880,8,26411,302.9040929915565
styrka,"Strömer, Hjalmar",1880,2,40024,49.970017989206475
styrka,"Strömsten, Lars Magnus",1880,4,21372,187.16077110237694
styrka,"Sturlasson, Snorre",1810,13,58335,222.85077569212308
styrka,"Sturzen-Becker, Oscar Patric",1830,5,74241,67.34823076197789
styrka,"Sturzen-Becker, Oscar Patric",1840,11,236021,46.606022345469256
styrka,"Sturzen-Becker, Oscar Patric",1860,13,277888,46.7814371257485
styrka,"Sturzen-Becker, Oscar Patric",1880,28,631009,44.373376607940614
styrka,"Stuxberg, Anton",1890,11,103928,105.84250635055038
styrka,"Styffe, Carl Gustaf",1850,6,108247,55.42878786479071
styrka,"Styffe, Carl Gustaf",1860,11,149716,73.47244115525395
styrka,"Styffe, Carl Gustaf",1870,86,498168,172.63252557370205
styrka,"Styffe, Carl Gustaf",1880,42,394393,106.49276229547685
styrka,"Stålberg, Wilhelmina",1830,33,245663,134.33036313974836
styrka,"Stålberg, Wilhelmina",1840,132,1308174,100.90400818239776
styrka,"Stålberg, Wilhelmina",1850,34,687670,49.44231971730627
styrka,"Stålberg, Wilhelmina",1860,67,899125,74.51689142221605
styrka,"Stålberg, Wilhelmina",1870,14,181855,76.98441065684199
styrka,"Stålberg, Wilhelmina",1880,2,14267,140.18364056914558
styrka,"Stålhandske, Gustaf",1890,2,10008,199.84012789768187
styrka,"Stéenhoff, Frida",1890,1,47919,20.86854900978735
styrka,"Stéenhoff, Frida",1900,4,116367,34.37400637637818
styrka,"Stéenhoff, Frida",1910,6,139598,42.98055846072293
styrka,"Sundblad, Johannes",1870,18,132502,135.84700608292704
styrka,"Sundblad, Johannes",1880,4,143971,27.78337304040397
styrka,"Sundblad, Johannes",1890,52,392680,132.42334725476215
styrka,"Sundborg, Johan Wilhelm",1840,1,4054,246.66995559940798
styrka,"Sundelin, Fredrik",1830,2,9575,208.87728459530027
styrka,"Sundelius, Anna Sara",1860,5,64919,77.01905451408679
styrka,"Sundelius, Carl Herman",1840,1,22041,45.36999228710131
styrka,"Sundgren, Fritz",1890,1,26992,37.048014226437466
styrka,"Sundler, Anders",1840,7,69783,100.31096398836392
styrka,"Sundler, Anders",1880,6,94962,63.18316800404372
styrka,"Sundler, Anders",1890,4,13483,296.66988059037305
styrka,"Sundman, Gösta",1890,1,25717,38.88478438387059
styrka,"Sundqvist, E. W.",1890,13,516249,25.181646840962404
styrka,"Sundström, Gustaf",1850,6,8710,688.8633754305396
styrka,"Sundström, Karin",1860,18,137850,130.57671381936888
styrka,"Suttner, Bertha von",1890,5,75529,66.19973784903812
styrka,"Svahn, Accacia",1870,5,24610,203.16944331572532
styrka,"Svahn, Oscar",1880,2,98574,20.28932578570414
styrka,"Svanlund, Yngve Fredrik",1890,1,38238,26.15199539724881
styrka,"Svartengren, Jakob",1840,1,14995,66.68889629876625
styrka,"Svartengren, Teodor",1880,1,10927,91.51642719868217
styrka,"Svedbom, Per Erik",1840,24,127104,188.82175226586102
styrka,"Svedelius, Wilhelm Erik",1860,4,7667,521.7164471109952
styrka,"Svedelius, Wilhelm Erik",1870,38,149429,254.30137389663318
styrka,"Svedelius, Wilhelm Erik",1880,4,9899,404.08122032528536
styrka,Svenska Litteratursällskapet,1980,1,392946,2.544878940108819
styrka,"Svenson, Frey",1890,4,34719,115.21069155217604
styrka,"Svenson-Graner, Hilma",1900,1,21208,47.15201810637495
styrka,"Svenson-Graner, Hilma",1910,3,25669,116.87249211110678
styrka,"Svensson, Nils Peter",1900,4,13249,301.90957808136466
styrka,"Swedenborg, Emanuel",1920,8,48101,166.31670859233697
styrka,"Swärd, Axel August",1880,2,20874,95.81297307655457
styrka,"Säfström, August",1850,1,5936,168.46361185983827
styrka,"Sällberg, Thure",1890,29,491737,58.97461447887794
styrka,"Sätherberg, Herman",1840,15,143112,104.81301358376656
styrka,"Sätherberg, Herman",1860,8,88183,90.72043364367282
styrka,"Sätherberg, Herman",1870,7,76188,91.87798603454613
styrka,"Sätherberg, Herman",1880,8,60617,131.9761782998169
styrka,"Söderberg, Christian Johannes",1880,3,44904,66.80919294494923
styrka,"Söderberg, Hjalmar",1890,1,70340,14.216661927779358
styrka,"Söderberg, Hjalmar",1900,17,304715,55.78983640450913
styrka,"Söderberg, Hjalmar",1910,3,147353,20.359273309671334
styrka,"Söderberg, Hjalmar",1920,17,172010,98.8314632870182
styrka,"Söderberg, Hjalmar",1930,11,88865,123.78326675293985
styrka,"Söderberg, Mikael",1920,3,35552,84.38343834383438
styrka,"Söderberg, Natan",1890,5,19828,252.1686503933831
styrka,"Söderblom, Nathan",1910,1,2979,335.6831151393085
styrka,"Söderblom, Nathan",1920,27,150276,179.6694082887487
styrka,"Söderbom, Anton Samuel Ernst",1890,5,304113,16.441257032747696
styrka,"Södergran, Edith",1910,4,32091,124.64553924776418
styrka,"Södergran, Edith",1920,4,20266,197.37491364847529
styrka,"Söderhjelm, Alma",1910,1,27915,35.82303421099767
styrka,"Söderhjelm, Alma",1920,7,102308,68.42084685459592
styrka,"Söderhjelm, Werner",1900,11,124684,88.22302781431459
styrka,"Söderholm, Kerstin",1930,1,28308,35.32570298148933
styrka,"Söderling, Johan Niklas",1840,3,32610,91.99632014719411
styrka,"Södling, Carl Erik",1880,6,8121,738.8252678241596
styrka,"Sörensen, Sophia",1890,3,125863,23.83544012140184
styrka,"Sörman, Py",1920,8,65260,122.5865767698437
styrka,"Sörman, Py",1930,7,206149,33.956022100519526
styrka,"Tamm, Hugo",1910,3,28751,104.34419672359222
styrka,"Tammelin, Filip",1880,6,29240,205.1983584131327
styrka,"Tammelin, Filip",1890,8,46995,170.2308756250665
styrka,Tankebyggarorden,1750,13,93902,138.44220570381887
styrka,"Tavaststjerna, Karl August",1880,4,64532,61.98475175106924
styrka,"Tavaststjerna, Karl August",1890,38,435795,87.19696187427574
styrka,"Tegnér, Alice",1910,5,47124,106.10304727951787
styrka,"Tegnér, Esaias",1820,6,31612,189.8013412628116
styrka,"Tegnér, Esaias",1830,6,58510,102.54657323534438
styrka,"Tegnér, Esaias",1840,2,40334,49.58595725690484
styrka,"Tegnér, Esaias",1880,14,231963,60.35445308087928
styrka,"Tengberg, Alexis",1860,1,10245,97.60858955588091
styrka,"Tenggren, Johan Fredrik",1860,2,10057,198.86646117132346
styrka,"Tengström, Jacob",1890,30,129638,231.41362871997407
styrka,"Tenow, Elna",1880,6,54332,110.43215784436428
styrka,"Ternaux-Compans, Henri",1840,4,16129,248.000496000992
styrka,"Tersmeden, Carl",1910,84,627992,133.75966572822583
styrka,"Tersmeden, Minna",1850,8,43375,184.43804034582132
styrka,"Tersmeden, Minna",1860,7,92228,75.89885934857094
styrka,"Tersmeden, Minna",1870,10,83327,120.00912069317268
styrka,"Tessin, Carl Gustaf",1880,1,56240,17.780938833570413
styrka,"Teuchler, Anton",1890,8,26127,306.1966548015463
styrka,"Thiesen, Sofia Albertina",1870,2,9980,200.40080160320642
styrka,"Thomander, Johan Henrik",1870,2,94572,21.147908471852134
styrka,"Thomasson, Nils",1890,28,707538,39.57384621038022
styrka,"Thomasson, Pehr",1840,6,37092,161.75994823681657
styrka,"Thomasson, Pehr",1850,17,216282,78.6010856197002
styrka,"Thomasson, Pehr",1860,49,613096,79.9222307762569
styrka,"Thomasson, Pehr",1870,11,315954,34.81519461693791
styrka,"Thomasson, Pehr",1880,41,259784,157.823422535645
styrka,"Thomson, Niclas Hans",1830,47,185354,253.56884663940352
styrka,"Thorell, Per",1860,2,15965,125.2740369558409
styrka,"Thorild, Thomas",1900,3,43963,68.23920114641858
styrka,"Thorsander, Gustaf",1880,14,123553,113.31169619515512
styrka,"Thorsander, Gustaf",1890,39,250882,155.45156687207532
styrka,"Thörnberg, Carl Henrik",1880,6,19742,303.9205754229561
styrka,"Tibell, Charlotta Cecilia af",1850,4,47302,84.56302059109551
styrka,"Tibell, Charlotta Cecilia af",1870,3,97673,30.714731809200085
styrka,"Tidander, Lars Gustaf Teodor",1870,3,5194,577.5895263765884
styrka,"Tigerschiöld, Carl Wickman",1860,25,112340,222.53872173758234
styrka,"Tigerschiöld, Hugo",1880,4,13688,292.22676797194623
styrka,"Tigerschiöld, Hugo",1890,1,18949,52.7732334160114
styrka,"Tiselius, Carl August",1920,5,266673,18.749554698075922
styrka,"Tjörner, Olof",1880,6,100662,59.605412171425165
styrka,"Tollstorp, Jacob Philip",1830,3,45173,66.41135191375379
styrka,"Topelius, Zacharias",1850,52,247138,210.40875947850998
styrka,"Topelius, Zacharias",1860,14,408043,34.31010947375644
styrka,"Topelius, Zacharias",1870,20,270386,73.9683267624803
styrka,"Topelius, Zacharias",1880,92,1225979,75.04206842042156
styrka,"Topelius, Zacharias",1890,5,155883,32.07533855519845
styrka,"Torckell, Olga",1890,3,85119,35.24477496211187
styrka,"Tornberg, Carl Johan",1870,3,239217,12.54091473432072
styrka,"Torpadius, Johan Israel",1800,1,4458,224.31583669807088
styrka,"Torén, Rudolf Wilhelm",1880,10,85669,116.72833813864992
styrka,"Trolle, Henrik af",1850,20,60045,333.08352069281375
styrka,"Trolle, Henrik af",1860,65,322782,201.37430216059136
styrka,"Trolle, Henrik af",1870,273,1614288,169.11480479319675
styrka,"Trolle, Henrik af",1880,160,832850,192.11142462628325
styrka,"Turi, Johan",1910,7,240734,29.077737253566177
styrka,"Tärnström, Samuel Fredrik",1850,8,88974,89.9139074336323
styrka,"Törnberg, Carl Ludvig",1880,9,34617,259.98786723286247
styrka,"Törnblom, Johan August",1900,8,136863,58.452613197138746
styrka,"Törnblom, Johan August",1910,10,599083,16.692177878524344
styrka,"Törnblom, Johan August",1920,4,120756,33.12464805061446
styrka,"Törnebladh, Ragnar",1880,28,187908,149.00908955446283
styrka,"Törnegren, Carl Wilhelm",1860,1,10356,96.56237929702588
styrka,"Törnqvist, Johan Peter",1870,4,94956,42.12477357934201
styrka,"Törnström, Anna",1890,4,20046,199.54105557218398
styrka,"Uddgren, Gustaf",1900,4,69812,57.296739815504495
styrka,"Uddgren, Gustaf",1910,16,244634,65.40382775901959
styrka,"Ulfsson, Sten",1890,28,425150,65.85910854992356
styrka,"Ulin, U.",1880,1,4379,228.36263987211692
styrka,"Ullman, Gustaf",1900,7,85560,81.81393174380551
styrka,"Undset, Sigrid",1920,3,124115,24.171131611811628
styrka,"Unge, Otto Sebastian von",1820,2,56635,35.31385185839145
styrka,"Unge, Otto Sebastian von",1830,4,109485,36.53468511668265
styrka,"Upmark, Gustaf, d. y.",1920,3,138103,21.722916953288486
styrka,Utile Dulci,1760,11,20803,528.7698889583233
styrka,Utile Dulci,1770,21,41238,509.23905136039576
styrka,Utile Dulci,1780,11,22978,478.71877447993734
styrka,"Utterström, Olof Philip",1870,12,57762,207.74903916069388
styrka,"Valerius, Johan David",1830,21,28756,730.2823758519961
styrka,"Vallentin, Hugo",1890,1,46617,21.45140184911084
styrka,"Vegesack, Ernst von",1840,5,60967,82.01158003510096
styrka,"Vendell, Herman",1880,3,8607,348.5535029627048
styrka,"Vest, Eliel",1890,2,24020,83.2639467110741
styrka,"Vester, A. B.",1890,3,142413,21.065492616544837
styrka,"Vestlinger, Johanna Leontina",1840,5,14502,344.78003034064267
styrka,"Vikström, Arvid",1880,1,795,1257.861635220126
styrka,"Vikström, Arvid",1890,2,8891,224.94657518839276
styrka,"Vinell, Sigrid",1880,1,40304,24.811433108376338
styrka,"Virdestam, Gotthard",1920,6,316868,18.935329537851725
styrka,"Virdestam, Gotthard",1930,31,906231,34.207613732039626
styrka,"Virgin, Axel Gustaf",1850,3,15383,195.02047715010076
styrka,"Virgin, Axel Gustaf",1860,2,48881,40.91569321413228
styrka,"Virgin, Axel Gustaf",1870,3,29267,102.50452728328834
styrka,"Virgin, Axel Gustaf",1880,3,30166,99.44971159583638
styrka,"Virgin, Robert Wilhelm Urban",1840,2,13901,143.8745413998993
styrka,"Visén, Karl",1880,5,81564,61.30155460742485
styrka,"Väpling, Karl",1880,1,17103,58.46927439630474
styrka,"Värnlund, Rudolf",1920,17,140336,121.13784061110478
styrka,"Värnlund, Rudolf",1930,14,148105,94.52753114344553
styrka,"Wachtmeister, Hans",1880,3,51989,57.70451441651119
styrka,"Wadman, Johan Anders",1850,28,95994,291.6848969727275
styrka,"Wadström, Carl Gustaf",1830,9,27880,322.81205164992826
styrka,"Wadström, Gustaf Adolf Sebastian",1860,13,43734,297.2515662870993
styrka,"Wahlberg, Ferdinand von",1880,16,144025,111.09182433605277
styrka,"Wahlenberg, Anna",1880,7,343965,20.350907795851324
styrka,"Wahlenberg, Anna",1890,17,523166,32.494466383518805
styrka,"Wahlenberg, Anna",1900,1,66873,14.953718242040884
styrka,"Wahlenberg, Anna",1910,1,58907,16.975911182032696
styrka,"Wahlin, Olof Fredrik",1830,3,10764,278.70680044593087
styrka,"Wahlström, Oscar Frithiof",1880,1,14679,68.12453164384495
styrka,"Wahlström, Oscar Frithiof",1890,2,11218,178.2848992690319
styrka,"Wahlström, Pehr",1800,7,32010,218.68166198063105
styrka,"Walanger, Augusta",1840,5,30394,164.50615253010463
styrka,"Walde, Otto",1910,3,151473,19.805509892852193
styrka,"Walde, Otto",1920,4,242344,16.505463308355065
styrka,"Wall, Wilhelm August",1840,1,8702,114.91611123879568
styrka,"Wallenberg, Jacob",1880,5,79294,63.05647337755694
styrka,"Wallengren, Axel",1890,12,57623,208.25017788036027
styrka,"Wallensteen, Nanna",1900,4,71755,55.7452442338513
styrka,"Wallin, Johan Olof",1820,11,39127,281.135788585887
styrka,"Wallin, Johan Olof",1840,2,5634,354.98757543485976
styrka,"Wallin, Johan Peter",1870,1,11755,85.07018290089324
styrka,"Wallin, Johan Peter",1880,26,263442,98.69345055078537
styrka,"Wallin, William",1880,2,9253,216.14611477358696
styrka,"Wallmark, Ernst",1880,1,64632,15.472211907414284
styrka,"Wallmark, Peter Adam",1810,1,399034,2.5060521158598013
styrka,"Wallmo, Uno",1900,12,105865,113.35191045199075
styrka,"Wallén, Anders",1840,3,7862,381.5822945815314
styrka,"Wallén, Nils Jacob",1860,1,15010,66.62225183211193
styrka,"Warburg, Karl",1900,38,453357,83.81915355889508
styrka,"Warburg, Karl",1910,19,104648,181.56104273373595
styrka,"Warholm, Johan Wilhelm",1870,9,572587,15.718135409990097
styrka,"Wavrinsky, Edvard",1870,1,8707,114.85012059262662
styrka,"Waxberg, Harald",1890,3,30098,99.67439696989834
styrka,"Wecksell, Josef Julius",1860,2,54387,36.77349366576571
styrka,"Weiland, Per",1880,6,99440,60.33789219629928
styrka,"Weiland, Per",1890,7,49835,140.46352964783787
styrka,"Wejdling, Eva",1890,1,1154,866.5511265164645
styrka,"Welin, Carl",1850,3,15000,200.0
styrka,"Weman, Adèle",1890,8,56305,142.0832963324749
styrka,"Wendel, Johan",1860,11,68237,161.20286648006214
styrka,"Wennberg, Fredrik Wilhelm",1850,5,56848,87.95384182381086
styrka,"Wennberg, Fredrika",1860,14,105195,133.08617329720994
styrka,"Wennberg, Fredrika",1880,4,59011,67.78397247970717
styrka,"Wennerberg, Gunnar",1880,5,145887,34.273101784257676
styrka,"Wennerberg, Ingrid",1890,2,35614,56.157690795754476
styrka,"Wenström, Carl Edmund",1830,1,4609,216.9668040789759
styrka,"Wernberg, Hjalmar",1890,38,491632,77.29358544602466
styrka,"Wernberg, Hjalmar",1900,11,298542,36.84573694823509
styrka,"Westdahl, Pauline",1870,4,55517,72.0500027018751
styrka,"Wester, Anders Magnus",1890,1,13073,76.49353629618297
styrka,"Wester, Ellen",1900,2,51024,39.1972405142678
styrka,"Westerberg, Ernst",1890,3,47751,62.82590940503864
styrka,"Westerdahl, Alfred",1880,1,2955,338.40947546531305
styrka,"Westergren, Georg",1870,1,20389,49.046054244935995
styrka,"Westerlund, Carl Agardh",1850,2,17232,116.0631383472609
styrka,"Westerlund, Johan Alfred",1910,79,910029,86.8104203272643
styrka,"Westermarck, Helena",1890,10,104885,95.34251799590027
styrka,"Westermarck, Helena",1900,1,59655,16.763054228480428
styrka,"Westermark, Ottilia",1890,6,160024,37.49437584362346
styrka,"Westerstrand, Adolf",1880,3,41823,71.7308657915501
styrka,"Westerstrand, Pehr",1850,3,13021,230.39705091774826
styrka,"Westholm, Erik",1850,3,18755,159.95734470807784
styrka,"Westin, Carl Emanuel",1880,2,51378,38.92716727003776
styrka,"Wetterbergh, Carl Anton",1840,41,912252,44.94372169093628
styrka,"Wetterbergh, Carl Anton",1850,43,959464,44.81668931820266
styrka,"Wetterbergh, Carl Anton",1860,2,66094,30.259932822949132
styrka,"Wetterbergh, Carl Anton",1880,45,923099,48.74883409038467
styrka,"Wetterbergh, Carl Anton",1890,3,120957,24.80220243557628
styrka,"Wettergrund, Josefina",1850,7,168649,41.50632378490237
styrka,"Wettergrund, Josefina",1860,23,404417,56.871991038952366
styrka,"Wettergrund, Josefina",1870,4,152526,26.225037042864823
styrka,"Wettergrund, Josefina",1880,24,507018,47.335597552749604
styrka,"Wetterhoff, Karl",1880,2,38054,52.55689283649551
styrka,"Wetterhoff, Onni",1860,2,45046,44.39905873995471
styrka,"Wetterstedt, Niklas Joakim af",1830,2,77158,25.920837761476452
styrka,"Whitlock, Anna",1880,2,36900,54.200542005420054
styrka,"Wichmann, Karl Emil",1880,9,74028,121.57562003566218
styrka,"Wichmann, Karl Emil",1890,6,29810,201.27474002012747
styrka,"Wickman, Fredrika",1870,2,30601,65.35734126335741
styrka,"Wickström, Victor Hugo",1880,13,221642,58.65314335730593
styrka,"Wickström, Victor Hugo",1890,12,213549,56.1931921947656
styrka,"Wickström, Victor Hugo",1900,8,62978,127.02848613801645
styrka,"Widmark, Per Fredrik",1850,3,22405,133.89868332961393
styrka,"Widmark, Per Fredrik",1860,2,13802,144.90653528474135
styrka,"Widmark, Per Fredrik",1870,2,16046,124.64165524118161
styrka,"Wieselgren, Sigfrid",1860,5,70218,71.20681306787434
styrka,"Wieselgren, Sigfrid",1880,3,114362,26.23248981304979
styrka,"Wieselgren, Sigfrid",1890,2,53095,37.66833035125718
styrka,"Wigforss, John",1890,2,20931,95.55205198031628
styrka,"Wigström, Eva",1870,24,383015,62.66073130295158
styrka,"Wigström, Eva",1880,19,277212,68.53960146025425
styrka,"Wigström, Eva",1890,8,156657,51.066980728598146
styrka,"Wijkander, Oscar",1880,2,98180,20.370747606437156
styrka,"Wikner, Pontus",1860,7,124054,56.42703983749013
styrka,"Wikner, Pontus",1880,5,114897,43.51723717764607
styrka,"Wilén, Fritz",1880,2,60454,33.08300526019784
styrka,"Wingård, Johan",1800,2,3257,614.0620202640466
styrka,"Winter, Reinhold",1870,3,33261,90.19572472264815
styrka,"Winter, Reinhold",1880,10,150214,66.57169105409615
styrka,"Winter, Reinhold",1890,2,55474,36.05292569492014
styrka,"Wipperling, Nils Fredrik",1830,8,37057,215.8836387187306
styrka,"Wipperling, Nils Fredrik",1840,14,50292,278.37429412232564
styrka,"Wipperling, Nils Fredrik",1850,3,28519,105.19302920859778
styrka,"Wirsén, Carl David af",1870,3,29796,100.68465565847765
styrka,"Wirsén, Carl David af",1880,5,51798,96.5288235066991
styrka,"Wirsén, Carl David af",1890,5,27350,182.81535648994515
styrka,"Wirsén, Carl David af",1900,35,137790,254.009724943755
styrka,"Witt, Otto",1900,1,14727,67.90249202145719
styrka,"Witt, Otto",1910,30,530862,56.511861839800176
styrka,"Wranér, Henrik",1880,1,276476,3.6169504767140728
styrka,"Wranér, Henrik",1890,4,280678,14.251206008308452
styrka,"Wranér, Henrik",1900,1,28198,35.463508050216326
styrka,"Wägner, Elin",1900,4,74246,53.874956226598066
styrka,"Wägner, Elin",1910,24,601051,39.93005585216562
styrka,"Wägner, Elin",1920,33,608843,54.201165160805004
styrka,"Wägner, Elin",1930,20,611590,32.70164652790268
styrka,"Wägner, Elin",1940,41,474886,86.33651023614088
styrka,"Wästberg, Anna",1880,2,155407,12.869433165816211
styrka,"Wågman, Frans Oskar",1900,2,70243,28.472588015887705
styrka,"Wåhlin, A.",1880,1,37543,26.636123911248436
styrka,"Wåhlin, Carl Ludvig",1890,16,82866,193.08280838944802
styrka,"Wåhlstrand, Karin",1880,3,69220,43.34007512279688
styrka,"Wærnér, Ninian",1890,2,97174,20.581637063412025
styrka,"Wærnér, Ninian",1900,5,67609,73.95465100800189
styrka,"Zaar, Ludvig Christofer Gustaf",1830,4,61577,64.95931922633451
styrka,"Zachrisson, Waldemar",1890,7,223780,31.280722137813925
styrka,"Zachrisson, Waldemar",1900,7,217780,32.14252915786574
styrka,"Zachrisson, Waldemar",1910,3,70119,42.78440936122877
styrka,"Zachrisson, Waldemar",1920,4,73614,54.33749015132991
styrka,"Zedritz, Carl Edvard",1830,11,62621,175.65992239025246
styrka,"Zeipel, Carl von",1840,51,881480,57.85724009620184
styrka,"Zethelius, Ingeborg",1890,1,35582,28.10409757742679
styrka,"Zethraeus, August Gerhard",1880,5,25848,193.43856391210153
styrka,"Zetterholm, Carl",1880,4,20889,191.48834314711092
styrka,"Zetterqvist, Edvard Alexander",1920,9,145786,61.734322911665046
styrka,"Zetterstedt, Johan Wilhelm",1860,19,36786,516.5008427119012
styrka,"Zetterström, Hasse",1890,1,19634,50.93205663644698
styrka,"Zetterström, Hasse",1900,1,30996,32.2622273841786
styrka,"Zilliacus, Konni, d. ä.",1890,4,157875,25.33650039588282
styrka,"Åberg, Johan Eggert",1850,6,33839,177.31020420225184
styrka,"Åberg, Jon Olof",1870,106,389810,271.92734922141557
styrka,"Åberg, Jon Olof",1880,570,2320133,245.67557118492775
styrka,"Åberg, Jon Olof",1890,380,1280352,296.7933818199995
styrka,"Åberg, Jon Olof",1900,15,65020,230.69824669332513
styrka,"Åberg, Katie",1880,69,282619,244.14494425357105
styrka,"Ågren, Lars Petter",1850,1,8487,117.82726522917403
styrka,"Åkerberg, Erik",1910,4,52870,75.65727255532438
styrka,"Åkerberg, Sven",1890,3,36123,83.04958059961797
styrka,"Åkerblom, Axel",1890,3,4949,606.1830672863205
styrka,"Åkerholm, Samuel",1830,2,3107,643.707756678468
styrka,"Åkerlund, P. A.",1860,4,7450,536.9127516778524
styrka,"Ålund, Paulus",1890,1,11188,89.3814801573114
styrka,"Åslund, Daniel",1850,3,141374,21.220309250640145
styrka,"Åslund, Daniel",1880,1,40490,24.697456162015314
styrka,"Öberg, Emil",1870,4,37772,105.89854918987609
styrka,"Öberg, Ludvig Teodor",1840,3,9561,313.7747097583935
styrka,"Öberg, Ludvig Teodor",1850,32,360523,88.75994041988999
styrka,"Öberg, Ludvig Teodor",1860,34,288825,117.71834155630572
styrka,"Öberg, Ludvig Teodor",1870,18,158100,113.85199240986718
styrka,"Ödberg, Pehr Ivar",1870,1,24701,40.484190923444395
styrka,"Ödman, Pelle",1880,20,295814,67.6100522625704
styrka,"Ödman, Pelle",1890,5,97994,51.02353205298284
styrka,"Ödmann, Jenny Maria",1860,2,20491,97.60382606998195
styrka,"Ödmann, Jenny Maria",1870,4,116907,34.2152309100396
styrka,"Ödmann, Jenny Maria",1880,47,700126,67.13077360360849
styrka,"Ödmann, Jenny Maria",1890,10,221571,45.13226008818844
styrka,"Ödmann, Jenny Maria",1900,10,218431,45.781047561930315
styrka,"Ödmann, Samuel",1840,5,53727,93.06307815437303
styrka,"Ödmann, Samuel",1920,41,247519,165.64384956306384
styrka,"Öhlin, Carl Gustaf",1870,1,11730,85.25149190110827
styrka,"Ölander, Axel Herman",1860,1,12017,83.21544478655238
styrka,"Öman, Victor Emanuel",1860,12,58221,206.11119699077653
styrka,"Östergren, Carl Ludvig",1870,8,53569,149.3401034180216
tension,"Ljunggren, Gustaf",1890,1,508881,1.9650959654614732
tension,"Quennerstedt, August",1900,1,699795,1.4289899184761252
tension,"Silverstolpe, Gustaf Abraham",1790,1,512118,1.9526749694406367
tension,"Skarstedt, Carl Wilhelm",1880,1,788956,1.2674978072287935
tension,"Strindberg, August",1880,1,793035,1.2609783931352336
tension,"Strindberg, August",1890,3,428523,7.000791089393101
tension,"Thomasson, Pehr",1860,1,613096,1.6310659342093246
