word,author,api_absolute,author_tokens,api_per_million_author_tokens
attraktion,"Adlersparre, Georg Axel",1,51236,19.517526739011632
attraktion,"Ahlbom, Mathilda",2,395655,5.054908948452566
attraktion,"Ahlin, Johan Olof",1,81227,12.31117731788691
attraktion,"Almqvist, C.J.L.",3,2529302,1.1860979827636242
attraktion,"Amiel, Henri Frédéric",1,79311,12.608591494244179
attraktion,Anonym,2,11696629,0.1709894363581165
attraktion,"Berger, Henning",2,498496,4.012068301450764
attraktion,"Bergman, Bengt",1,83717,11.94500519607726
attraktion,"Bergman, Hjalmar",2,1469793,1.3607358315082465
attraktion,"Bjerre, Andreas",1,63395,15.774114677813708
attraktion,"Bremer, Fredrika",3,2174414,1.379682066064696
attraktion,"Bruzelius, Janne",1,242549,4.122878263773505
attraktion,"Böttiger, Carl Wilhelm",5,780026,6.410042742165005
attraktion,"Darwin, Charles",3,433182,6.925495519204399
attraktion,"Dickens, Charles",1,540488,1.850179837480203
attraktion,"Edenberg, Albert Anderson",1,686333,1.4570186775224272
attraktion,"Ekelund, Vilhelm",1,1301987,0.7680568239160606
attraktion,"Ekermann, Agnes",1,274026,3.649288753621919
attraktion,"Ekman, Ernst",1,18284,54.69262743382192
attraktion,"Eneroth, Carl",2,861555,2.321384009146253
attraktion,"Falk, Hugo",1,114461,8.736600239382847
attraktion,"Flygare, Edvard",1,195321,5.119777187296809
attraktion,"Flygare-Carlén, Emilie",6,5493966,1.0921072318248783
attraktion,"Fornell, Bror Edvard",3,427572,7.016362156549072
attraktion,"Gadelius, Bror",1,197298,5.068475098581841
attraktion,"Geijer, Erik Gustaf",3,4255809,0.7049188532662063
attraktion,"Goethe, Johann Wolfgang von",2,105706,18.920401869335706
attraktion,"Granath, Wilhelm",1,4318088,0.231583978835077
attraktion,"Gräf, Hans Gerhard",1,35604,28.086731827884506
attraktion,"Gustafsson, Richard",1,393052,2.544192625912093
attraktion,"Hallenborg, Carl",1,36757,27.20570231520527
attraktion,"Hansson, Ola",3,565301,5.306907293636487
attraktion,"Hasselblad & Co., Fritz W.",4,203553,19.65090173075317
attraktion,"Hasselskog, Nils",2,255325,7.83315382355821
attraktion,"Hedberg, Frans",1,1980962,0.5048052410899351
attraktion,"Hedin, Sven",1,2332042,0.42880874358180515
attraktion,"Hjelm, Runo",1,223295,4.478380617568687
attraktion,"Hofberg, Herman",1,1583749,0.631413184791277
attraktion,"Holmgren, Ann Margret",1,124392,8.039102193067079
attraktion,"Hultgren, Olof Johan",1,6696,149.34289127837516
attraktion,"Höggren, Fanchette",1,117916,8.480613317955154
attraktion,"Idström, Ellen",1,240165,4.163804051381342
attraktion,"Ingelius, Axel Gabriel",1,406515,2.459933827780033
attraktion,"Johanson, Klara",4,269173,14.860331459693208
attraktion,"Jolin, Johan",1,1428470,0.7000497035289506
attraktion,"Jonsson, Thorsten",1,311386,3.2114481704379774
attraktion,"Josephson, Ludvig",1,134746,7.421370578718478
attraktion,"Kjellgren, Josef",1,289746,3.451298723709732
attraktion,"Kullberg, Karl Anders af",1,1320947,0.7570326440046421
attraktion,"Larsson, Carl",1,106489,9.390641286893482
attraktion,"Levertin, Oscar",3,563813,5.320913139640271
attraktion,"Lindberg, Per",2,524704,3.8116728669878635
attraktion,"Linder, Sten",1,185504,5.390719337588408
attraktion,"Ling, Per Henrik",1,492118,2.032032967702868
attraktion,"Ljunggren, Gustaf",2,1909848,1.0472037565293155
attraktion,"Ljungstedt, Aurora",2,2310610,0.8655722947619893
attraktion,"Lundin, Anders",1,117497,8.510855596313098
attraktion,"Lundquist, Ernst",1,1133848,0.8819524310136808
attraktion,"Malling, Mathilda",1,500989,1.996051809520768
attraktion,"Malmström, Karl Robert",1,82779,12.080358545041618
attraktion,"Myrberg, Anna",1,103512,9.660715665816523
attraktion,"Norlander, Emil",1,207383,4.82199601703129
attraktion,"Norström, Vitalis",2,240646,8.3109629912818
attraktion,"Nyblom, Lennart",1,24080,41.52823920265781
attraktion,"Nylén, Pehr Gustaf",1,65897,15.175197656949482
attraktion,"Ohlson, Carl Otto",1,30264,33.042558815754695
attraktion,"Persson, Fredrik",1,496982,2.012145309085641
attraktion,"Pettersson, Maria Louisa",1,319,3134.796238244514
attraktion,"Ridderstad, Carl Fredrik",3,2292557,1.3085825128884472
attraktion,"Rosén, Johan Magnus",1,404745,2.470691422994725
attraktion,"Rydberg, Carl Henrik",1,394090,2.5374914359664036
attraktion,"Rydberg, Viktor",2,840566,2.379349152832734
attraktion,"Sandberg, Eric",1,135478,7.381272236082611
attraktion,"Santesson, Frithiof",1,36705,27.244244653316986
attraktion,"Schildt, Runar",1,105782,9.453404170841921
attraktion,"Schöldström, Birger",1,234212,4.269636056222567
attraktion,"Schück, Henrik",1,444831,2.2480447630673224
attraktion,"Sjöberg, Birger",3,566959,5.291387913411728
attraktion,"Sjögren, Lennart",1,48769,20.504828887202937
attraktion,"Stockenstrand, Ina",1,78099,12.804261258146711
attraktion,"Strindberg, August",1,1575196,0.6348416324063799
attraktion,"Strömer, Hjalmar",1,40024,24.985008994603238
attraktion,Svenska Litteratursällskapet,5,992409,5.038245320225834
attraktion,"Thomander, Johan Henrik",1,94572,10.573954235926067
attraktion,"Tjörner, Olof",1,100662,9.934235361904195
attraktion,"Topelius, Zacharias",7,2307429,3.0336794761615633
attraktion,"Wadström, Gustaf Adolf Sebastian",2,43734,45.73101019801528
attraktion,"Wetterbergh, Carl Anton",1,2981866,0.33536047562164095
attraktion,"Wettergrund, Josefina",1,1232610,0.8112866194497854
attraktion,"Wirsén, Carl David af",1,246734,4.05294770886866
attraktion,"Witt, Otto",2,554078,3.6096000924057625
attraktion,"Wägner, Elin",3,2370616,1.265493863198426
attraktion,"Wærnér, Ninian",2,164783,12.13717434444087
attraktion,"Zachrisson, Waldemar",1,585293,1.7085459761179445
attraktion,"Ågren, Lars Petter",1,8487,117.82726522917403
elektricitet,"Adlersparre, Carl August",1,199744,5.006408202499199
elektricitet,"Ahnfelt, Arvid",1,834238,1.1986986926992058
elektricitet,"Ahrenberg, Jac",1,612997,1.6313293539772626
elektricitet,"Alin, Johan",6,26936,222.75022275022275
elektricitet,"Almqvist, C.J.L.",4,2529302,1.5814639770181655
elektricitet,"Amiel, Henri Frédéric",1,79311,12.608591494244179
elektricitet,"Andersson, Hilma",4,78576,50.90612909794339
elektricitet,"Andrée, Andreas",1,18924,52.8429507503699
elektricitet,"Andrén, Olof",1,258552,3.8676939261734584
elektricitet,Anonym,33,11696629,2.8213256999089227
elektricitet,"Anrep, Gabriel",1,701580,1.4253542005188289
elektricitet,"Arosenius, Ivar",1,19538,51.182311393182516
elektricitet,"Beckman, Edvard",1,57597,17.36201538274563
elektricitet,"Benedictsson, Victoria",1,715264,1.3980851825340015
elektricitet,"Benzon, Karl",1,240552,4.1571053244205
elektricitet,"Berg, Daniel",1,145157,6.889092499844995
elektricitet,"Berg, Per Gustaf",1,897377,1.1143588480649715
elektricitet,"Berg, Wilhelm",2,3078479,0.6496714773756781
elektricitet,"Berger, Henning",5,498496,10.03017075362691
elektricitet,"Bergh, Richard",2,82704,24.182627200619077
elektricitet,"Bergman, Hjalmar",1,1469793,0.6803679157541233
elektricitet,"Bergstrand, Per Emanuel",1,77785,12.855949090441602
elektricitet,"Beskow, Bernhard von",1,165358,6.047484851050448
elektricitet,"Bjursten, Herman",1,1516337,0.6594840065236158
elektricitet,"Blomberg, Harry",1,295674,3.382103262376807
elektricitet,"Bondeson, August",1,762695,1.311140101875586
elektricitet,"Boye, Karin",4,431682,9.266080123794831
elektricitet,"Branting, Anna",3,487838,6.149582443352096
elektricitet,"Bremer, Fredrika",2,2174414,0.9197880440431307
elektricitet,"Bruzelius, Janne",3,242549,12.368634791320517
elektricitet,"Bäckmann, Ida",2,752232,2.6587542141254294
elektricitet,"Carlberg, Frigga",1,118598,8.431845393682861
elektricitet,"Danielsson, Axel",3,281487,10.657685790107536
elektricitet,"Darwin, Charles",8,433182,18.46798805121173
elektricitet,"Dickens, Charles",1,540488,1.850179837480203
elektricitet,"Dietrichson, Lorentz",1,20253,49.37540117513455
elektricitet,"Edelfelt, Johanna Catharina, f. Benzelstjerna",1,57416,17.416747944823744
elektricitet,"Edenberg, Albert Anderson",6,686333,8.742112065134563
elektricitet,"Ehrenborg-Posse, Betty",1,276106,3.62179742562639
elektricitet,"Ehrnrooth, Adelaide",1,466005,2.145899722105986
elektricitet,"Elgenstierna, Gustaf",7,9471030,0.739095958940052
elektricitet,"Elgström, Ossian",1,281299,3.554936206669771
elektricitet,"Elkan, Sophie",1,1077057,0.9284559684399247
elektricitet,"Eneroth, Carl",6,861555,6.964152027438759
elektricitet,"Engström, Albert",3,354444,8.463960456376748
elektricitet,"Feuk, Carl Gustaf Theodor",4,11233,356.0936526306419
elektricitet,"Fitzgerald, F. Scott",1,61859,16.165796407960038
elektricitet,"Flygare-Carlén, Emilie",2,5493966,0.36403574394162613
elektricitet,"Franzén, Frans Michael",1,427605,2.33860689187451
elektricitet,"Frykholm, Maria Barbara",1,114913,8.702235604326752
elektricitet,"Fryxell, Olof",2,199450,10.027575833542242
elektricitet,"Gadelius, Bror",1,197298,5.068475098581841
elektricitet,"Geijer, Erik Gustaf",3,4255809,0.7049188532662063
elektricitet,"Geijerstam, Gustaf af",8,1634054,4.89579903724112
elektricitet,"Govenius, Lars Johan",2,895930,2.2323172569285545
elektricitet,"Granath, Wilhelm",2,4318088,0.463167957670154
elektricitet,"Grebst, William A:son",1,55567,17.99629276369068
elektricitet,"Hansson, Ola",2,565301,3.537938195757658
elektricitet,"Harrison, Mary St. Leger Kingsley",3,185623,16.161790295383653
elektricitet,"Hasselblad & Co., Fritz W.",3,203553,14.738176298064877
elektricitet,"Hasselskog, Nils",1,255325,3.916576911779105
elektricitet,"Hebbe, Wendela",1,287495,3.4783213621106452
elektricitet,"Hedberg, Frans",6,1980962,3.0288314465396105
elektricitet,"Hedberg, Tor",2,465602,4.295514194526656
elektricitet,"Hedenstierna, Alfred",15,1437853,10.432220818122575
elektricitet,"Hedin, Sven",4,2332042,1.7152349743272206
elektricitet,"Heidenstam, Verner von",2,1060212,1.8864151697962295
elektricitet,"Heller, Frank",6,685394,8.754088889018579
elektricitet,"Hofberg, Herman",11,1583749,6.945545032704046
elektricitet,"Holmberg, Teodor",1,91248,10.959144310012274
elektricitet,"Holmgren, Ann Margret",1,124392,8.039102193067079
elektricitet,"Hultin, Måns",1,104686,9.552375675830579
elektricitet,"Hvalgren, Emanuel",1,26650,37.5234521575985
elektricitet,"Häthén, Johan Anselm",1,100609,9.939468636006719
elektricitet,"Ingelius, Axel Gabriel",3,406515,7.379801483340098
elektricitet,"Janson, Betty",1,301130,3.320824892903397
elektricitet,"Janson, Gustaf",1,218309,4.580663188416419
elektricitet,"Johnson, John",6,695158,8.6311313399256
elektricitet,"Jolin, Ellen",2,82543,24.22979537937802
elektricitet,"Jolin, Johan",4,1428470,2.8001988141158023
elektricitet,"Jonsson, Thorsten",1,311386,3.2114481704379774
elektricitet,"Kantzow, Edvard Bosanquet S:t George de",2,18050,110.80332409972299
elektricitet,"Kerfve, Axel",2,1394284,1.434427993149172
elektricitet,"Key, Ellen",7,517640,13.52291167606831
elektricitet,"Kiellman-Göranson, Julius Axel",1,1984954,0.5037900122622488
elektricitet,"Kléen, Emil",2,109423,18.277692989590854
elektricitet,"Koch, Martin",1,442498,2.25989721987444
elektricitet,"Koch, Richert von",2,553374,3.6141922099701107
elektricitet,"Krok, Johan Peter",2,155292,12.878963501017438
elektricitet,"Krusenstjerna, Agnes von",4,1272288,3.143942252068714
elektricitet,"Kræmer, Anders Robert von",1,75135,13.30937645571305
elektricitet,"Kullberg, Karl Anders af",2,1320947,1.5140652880092842
elektricitet,"Landquist, Ellen",1,44571,22.43611316775482
elektricitet,"Langlet, Mathilda",1,730687,1.3685750533402128
elektricitet,"Levertin, Oscar",2,563813,3.547275426426847
elektricitet,"Lilja, Nils",1,103547,9.657450239987638
elektricitet,"Limborg, Ossian",1,142379,7.023507680205649
elektricitet,"Linck, Emma Elisabeth",1,182760,5.471656817684395
elektricitet,"Lindqvist, Josef",3,733103,4.092194411972124
elektricitet,"Lloyd, Llewellyn",1,136804,7.309727785737259
elektricitet,"Lundegård, Axel",10,997912,10.020923688661926
elektricitet,"Lundin, Claës",3,630197,4.760416187319203
elektricitet,"Lundquist, Aurora",2,300269,6.660694244161069
elektricitet,"Lundquist, Ernst",3,1133848,2.6458572930410424
elektricitet,"Lybeck, Mikael",1,355293,2.8145783902300354
elektricitet,"Magnell, Carl Jakob",9,33616,267.7296525464065
elektricitet,"Malmgren, V. E.",1,12451,80.31483414986748
elektricitet,"Meijer, Bernhard",7,543470,12.88019577897584
elektricitet,"Melander, Emil",1,29322,34.1040856694632
elektricitet,"Melander, Richard",1,583868,1.712715887837662
elektricitet,"Meyer, Ernst",1,823782,1.2139133897074712
elektricitet,"Molander, Harald",5,254305,19.66143017243074
elektricitet,"Möller, Arthur",1,24062,41.55930512841825
elektricitet,"Nerman, Gustaf",7,8002,874.7813046738315
elektricitet,"Nervander, Johan Jakob",3,95994,31.251953247077942
elektricitet,"Nordström, Ester Blenda",1,408622,2.447249536246213
elektricitet,"Nordström, Ludvig",3,343585,8.731463829911085
elektricitet,"Norström, Vitalis",9,240646,37.3993334607681
elektricitet,"Odén, Klas",1,645415,1.5493907021063966
elektricitet,"Oswald, Gösta",1,43590,22.941041523285158
elektricitet,"Paul, Adolf",1,277706,3.6009304804361446
elektricitet,"Pereswetoff-Morath, Fredrik",1,142562,7.01449194034876
elektricitet,"Persson, Per",1,29878,33.46944239908963
elektricitet,"Pettersson, Victor",5,363394,13.759170487129673
elektricitet,"Pettersson-Olin, Jonas",1,24852,40.23821020441011
elektricitet,"Philipsson, Jonas",1,128485,7.783009689847064
elektricitet,"Pihlstrand, Ragnar",13,3687102,3.5258042766378583
elektricitet,"Regis, Julius",1,150319,6.65251897631038
elektricitet,"Ridderstad, Carl Fredrik",6,2292557,2.6171650257768944
elektricitet,"Roos, Mathilda",2,979070,2.0427548592031215
elektricitet,"Rubenson, Olof",1,158589,6.305607576818065
elektricitet,"Ruin, Hans",2,324767,6.158261153380732
elektricitet,"Ryberg, Klas",2,93264,21.444501629782124
elektricitet,"Rådberg, Fredrik",2,91481,21.86246324373367
elektricitet,"Sandberg, Algot",1,516906,1.9345877200109884
elektricitet,"Santesson, Frithiof",2,36705,54.48848930663397
elektricitet,"Schildt, Runar",1,105782,9.453404170841921
elektricitet,"Schreiner, Olive",1,61056,16.37840670859539
elektricitet,"Schwartz, Marie Sophie",2,4905025,0.40774511852640916
elektricitet,"Schéele, Adolf August",1,84035,11.899803653239722
elektricitet,"Sefbom, Augusta",1,81444,12.278375325376945
elektricitet,"Silverstolpe, Gustaf Abraham",1,878464,1.138350575550051
elektricitet,"Sjöberg, Birger",1,566959,1.7637959711372426
elektricitet,"Sjöstrand, Anna",1,34152,29.28086202857812
elektricitet,"Skarstedt, Ernst",1,171111,5.844159639064701
elektricitet,"Smith, Carl",1,57316,17.44713518040338
elektricitet,"Snellman, Johan Vilhelm",5,182971,27.326734837761176
elektricitet,"Sparre, Pehr",3,1212926,2.473357814079342
elektricitet,"Stam, Per",3,238205,12.59419407653072
elektricitet,"Starbäck, Carl Georg",1,1609009,0.6215005633902607
elektricitet,"Starnberg, Märta",1,268579,3.7232992899668256
elektricitet,"Stenhammar, Jakob Axel",1,411692,2.429000320628042
elektricitet,"Stjernström, Louise",3,2740356,1.0947482735819725
elektricitet,"Stoker, Bram",1,120550,8.29531314807134
elektricitet,"Strindberg, August",17,1575196,10.792307750908458
elektricitet,"Ström, Fredrik",1,554469,1.8035273387691648
elektricitet,"Sturzen-Becker, Oscar Patric",7,1219159,5.741662900409216
elektricitet,"Stuxberg, Anton",1,103928,9.622046031868216
elektricitet,"Ståhle, Artur",1,28970,34.51846738004833
elektricitet,"Sundler, Anders",2,178228,11.221581345243171
elektricitet,"Sätherberg, Herman",1,374315,2.6715466919573085
elektricitet,"Sörman, Py",1,271409,3.684476196441533
elektricitet,"Tavaststjerna, Karl August",4,500327,7.994771419491652
elektricitet,"Tersmeden, Carl",1,627992,1.5923769729550694
elektricitet,"Thomasson, Nils",2,707538,2.8267033007414444
elektricitet,"Thomasson, Pehr",1,1451638,0.6888769789713414
elektricitet,"Topelius, Zacharias",5,2307429,2.1669139115439737
elektricitet,"Torén, Rudolf Wilhelm",1,85669,11.672833813864992
elektricitet,"Trolle, Henrik af",4,2829965,1.413445042606534
elektricitet,"Tureson, Torsten",1,20091,49.77353043651386
elektricitet,"Törnblom, Johan August",2,856702,2.334534062019232
elektricitet,"Virdestam, Gotthard",1,1223099,0.8175953050407203
elektricitet,"Värnlund, Rudolf",2,288441,6.933827021817287
elektricitet,"Wadström, Gustaf Adolf Sebastian",1,43734,22.86550509900764
elektricitet,"Wahlenberg, Anna",2,992911,2.0142792254290667
elektricitet,"Wallmark, Ernst",2,95673,20.90453942073521
elektricitet,"Wallmo, Uno",10,105865,94.45992537665896
elektricitet,"Wernberg, Hjalmar",2,790174,2.5310880894587773
elektricitet,"Westermark, Ottilia",1,160024,6.24906264060391
elektricitet,"Wetterbergh, Carl Anton",5,2981866,1.6768023781082046
elektricitet,"Wettergrund, Josefina",3,1232610,2.433859858349356
elektricitet,"Wickström, Victor Hugo",1,519663,1.9243240330752815
elektricitet,"Wijkander, Oscar",1,110845,9.021606748161847
elektricitet,"Wiklund, Karl Bernhard",1,102393,9.76629261765941
elektricitet,"Wikner, Pontus",4,238951,16.73983368975229
elektricitet,"Winter, Reinhold",1,238949,4.18499345048525
elektricitet,"Wirsén, Carl David af",1,246734,4.05294770886866
elektricitet,"Witt, Otto",27,554078,48.729601247477795
elektricitet,"Wägner, Elin",1,2370616,0.4218312877328087
elektricitet,"Wågman, Frans Oskar",1,70243,14.236294007943853
elektricitet,"Zachrisson, Waldemar",5,585293,8.542729880589722
elektricitet,"Zilliacus, Konni, d. ä.",1,157875,6.334125098970705
elektricitet,"Åberg, Jon Olof",1,4055315,0.24658996896665242
elektricitet,"Öberg, Ludvig Teodor",2,817009,2.4479534497172
elektriker,"Berger, Henning",2,498496,4.012068301450764
elektriker,"Bygdén, Leonard",1,1657994,0.6031384914541307
elektriker,"Elgenstierna, Gustaf",8,9471030,0.8446810959314879
elektriker,"Heller, Frank",2,685394,2.91802962967286
elektriker,"Kjellgren, Josef",1,289746,3.451298723709732
elektriker,"Kræmer, Vera von",1,269227,3.7143377150137247
elektriker,"Lindberg, Per",1,524704,1.9058364334939317
elektriker,"Nyblom, Lennart",2,24080,83.05647840531562
elektriker,"Schreiner, Olive",1,61056,16.37840670859539
elektriker,"Strindberg, August",4,1575196,2.5393665296255197
elektriker,"Ström, Fredrik",2,554469,3.6070546775383296
elektriker,"Virdestam, Gotthard",3,1223099,2.452785915122161
elektriker,"Värnlund, Rudolf",3,288441,10.40074053272593
elektriker,"Witt, Otto",1,554078,1.8048000462028813
elektrisk,"Adlersparre, Carl August",3,199744,15.019224607497597
elektrisk,"Afzelius, Anders Johan",1,104063,9.609563437533033
elektrisk,"Afzelius, Arvid August",1,79683,12.54972829838234
elektrisk,"Agrell, Alfhild",5,704037,7.101899474033325
elektrisk,"Ahlbom, Mathilda",8,395655,20.219635793810266
elektrisk,"Ahrenberg, Jac",10,612997,16.313293539772626
elektrisk,"Aikio, Matti",1,32848,30.44325377496347
elektrisk,"Alfredson, Cai",3,24371,123.0971236305445
elektrisk,"Alfthan, Georg Edvard von",3,95134,31.534467172619674
elektrisk,"Alfthan, Johannes",1,158529,6.30799412094948
elektrisk,"Allardt, Anders",1,104935,9.5297088673941
elektrisk,"Almquist, Viktor",1,57218,17.47701772169597
elektrisk,"Almqvist, C.J.L.",7,2529302,2.7675619597817898
elektrisk,"Almqvist, Gertrud",3,65623,45.715678954025265
elektrisk,"Althén, Gustaf",1,41569,24.056388173879572
elektrisk,"Altén, Victor August",1,73223,13.656911079851959
elektrisk,"Amiel, Henri Frédéric",2,79311,25.217182988488357
elektrisk,"Anderson, Hedda",1,504419,1.9824788519068473
elektrisk,"Andersson, Dan",6,320870,18.6991616542525
elektrisk,"Andersson, F. A.",1,3490,286.5329512893983
elektrisk,"Andersson, Hilma",3,78576,38.179596823457544
elektrisk,"Andersson, Johan",1,20092,49.77105315548477
elektrisk,"Andrén, Olof",5,258552,19.33846963086729
elektrisk,"Angered Strandberg, Hilma",30,618309,48.51942960558556
elektrisk,"Anholm, Maria",1,154652,6.466130408918087
elektrisk,Anonym,180,11696629,15.389049272230487
elektrisk,"Anrep, Gabriel",2,701580,2.8507084010376578
elektrisk,"Arfwedson, Carl David",5,505670,9.887871536772995
elektrisk,"Arfwidsson, Alvar",1,26904,37.16919417187035
elektrisk,"Arfwidsson, Nils",1,206738,4.837040118410742
elektrisk,"Arosenius, Fredrik Reinhold",2,66932,29.881073328153946
elektrisk,"Arosenius, Ivar",1,19538,51.182311393182516
elektrisk,"Atterbom, P.D.A.",2,1110581,1.8008591899195106
elektrisk,"Aurell, Wilhelm",2,212084,9.430225759604685
elektrisk,"Axelson, Maximilian",1,431878,2.315468720333057
elektrisk,"Axelsson, Arvid",3,57057,52.578999947421
elektrisk,"Backman, Anders",1,85526,11.692350864064728
elektrisk,"Barthelson, Fredrik",1,28595,34.971148802238154
elektrisk,"Bechman, H.",2,37309,53.606368436570264
elektrisk,"Beckman, Ernst",1,73165,13.667737306088977
elektrisk,"Benedictsson, Victoria",6,715264,8.38851109520401
elektrisk,"Benzon, Karl",3,240552,12.471315973261499
elektrisk,"Berg, Carl Oscar",6,295210,20.32451475221029
elektrisk,"Berg, Daniel",3,145157,20.667277499534986
elektrisk,"Berg, Johan August",1,133607,7.484637780954591
elektrisk,"Berg, Per Gustaf",1,897377,1.1143588480649715
elektrisk,"Berg, Wilhelm",3,3078479,0.9745072160635171
elektrisk,"Berger, Henning",94,498496,188.5672101681859
elektrisk,"Bergman, Bengt",3,83717,35.835015588231784
elektrisk,"Bergman, Carl Johan",6,182803,32.822218453745286
elektrisk,"Bergman, Dan",3,48251,62.17487720461752
elektrisk,"Bergman, Hjalmar",11,1469793,7.484047073295355
elektrisk,"Bergman, Johan Magnus",3,202066,14.846634268011442
elektrisk,"Bergström, Richard",2,250786,7.974926830046335
elektrisk,"Bergsøe, Vilhelm",1,82959,12.054147229354259
elektrisk,"Berlin, Anna Catharina",1,124922,8.004995116952978
elektrisk,"Berndtson, Charlotta",5,200987,24.87723086567788
elektrisk,"Berndtson, Fredrik",2,163870,12.204796485018612
elektrisk,"Beskow, Elisabeth",4,291228,13.73494306866098
elektrisk,"Bjarke, Fredrik Constantin",1,114160,8.759635599159076
elektrisk,"Bjursten, Herman",10,1516337,6.594840065236158
elektrisk,"Bjurström, Gustaf",3,259622,11.555261110383558
elektrisk,"Bjurström, Per Gustaf",1,17210,58.10575246949448
elektrisk,"Björck, Ernst Daniel",1,46536,21.48873990029225
elektrisk,"Björk, Charlotte",1,20503,48.77335024142808
elektrisk,"Björklund, Ulrik",1,3242,308.45157310302284
elektrisk,"Björkstén, Emilie",1,68378,14.624586855421335
elektrisk,"Björlin, Gustaf",7,863549,8.106083152200975
elektrisk,"Björling, Fridolf",6,410057,14.632112120997812
elektrisk,"Blanche, August",7,1382410,5.063620778206176
elektrisk,"Blom, Lydia",1,37775,26.472534745201852
elektrisk,"Blomberg, Harry",11,295674,37.20313588614488
elektrisk,"Bohman, John G.",4,151148,26.46412787466589
elektrisk,"Bolander, Sophie",8,966157,8.280227747664199
elektrisk,"Bonaparte, Napoleon",1,82500,12.121212121212121
elektrisk,"Bondeson, August",1,762695,1.311140101875586
elektrisk,"Boye, Karin",11,431682,25.481720340435785
elektrisk,"Branting, Anna",9,487838,18.44874733005629
elektrisk,"Braun, Wilhelm von",5,859117,5.819929066704535
elektrisk,"Bredberg, Henrik Wilhelm",2,25162,79.48493760432397
elektrisk,"Bremer, Fredrika",19,2174414,8.737986418409742
elektrisk,"Brontë, Charlotte",4,440109,9.088657582553413
elektrisk,"Bruhn, Johan Niklas",1,40203,24.873765639380146
elektrisk,"Bruzelius, Janne",7,242549,28.860147846414538
elektrisk,"Burghausen, Carl Fredrik von",1,63141,15.83756988327711
elektrisk,"Busch, Oscar",2,51393,38.91580565446656
elektrisk,"Butenschön, Andrea",1,27834,35.92728317884602
elektrisk,"Bygdén, Leonard",1,1657994,0.6031384914541307
elektrisk,"Bäckman, Wilhelm",3,195807,15.321209149826105
elektrisk,"Bäckmann, Ida",14,752232,18.611279498878005
elektrisk,"Bååth, Albert Ulrik",1,224022,4.463847300711537
elektrisk,"Bååth-Holmberg, Cecilia",5,335640,14.8969133595519
elektrisk,"Börjesson, Johan",2,105669,18.927026847987584
elektrisk,"Böttiger, Carl Wilhelm",15,780026,19.230128226495015
elektrisk,"Carlberg, Frigga",3,118598,25.295536181048583
elektrisk,"Carlén, Johan Gabriel",3,86268,34.77535123104743
elektrisk,"Carlén, Octavia",1,332440,3.0080616051016724
elektrisk,"Carlén, Rosa",2,634900,3.1501023783272957
elektrisk,"Carstens, Fredrika Vilhelmina",1,119145,8.393134416047673
elektrisk,"Carter, Chichering",4,33114,120.7948299812768
elektrisk,"Cavallin, Christian",1,227529,4.395044148218469
elektrisk,"Cederberg, Björn",3,160355,18.70849053662187
elektrisk,"Cederblad, Albert",1,67433,14.829534500912017
elektrisk,"Cederborg, Carl August",7,99853,70.10305148568395
elektrisk,"Chronwall, Johan Henrik",1,51116,19.56334611471946
elektrisk,"Cleve, Alma",1,117475,8.512449457331346
elektrisk,"Colling, Frithiof",2,31120,64.26735218508998
elektrisk,"Cramær, Mauritz",2,117364,17.041000647558025
elektrisk,"Cronhamn, Anders Fredrik",1,40444,24.725546434576206
elektrisk,"Cronholm, Bernhard",3,139940,21.437759039588396
elektrisk,"Cronstrand, Baltzar",3,139436,21.51524713847213
elektrisk,"Crusenstolpe, Magnus Jacob",14,1801700,7.770439029805184
elektrisk,"Cöster, Fredrik",1,109641,9.120675659652868
elektrisk,"Dahl, Mattis",8,412666,19.386137942064526
elektrisk,"Dahlgren, Carl Fredric",5,381115,13.11939965627173
elektrisk,"Damm, Carl Ad.",1,7229,138.33171946327292
elektrisk,"Danielsson, Axel",9,281487,31.973057370322607
elektrisk,"Dardel, Fritz von",4,245712,16.279221202057695
elektrisk,"Darwin, Charles",21,433182,48.47846863443079
elektrisk,"De Geer, Louis",5,487573,10.254874654667097
elektrisk,"Dickens, Charles",3,540488,5.55053951244061
elektrisk,"Didring, Ernst",1,35523,28.15077555386651
elektrisk,"Douglass, Frederick",3,336092,8.926127369886817
elektrisk,"Doyle, Arthur Conan",4,317586,12.595013634102258
elektrisk,"Dunckel, Dorothea",1,240918,4.150789895317079
elektrisk,"Duse, Samuel August",3,183451,16.353140620656198
elektrisk,"Düben, Gustaf von",2,280522,7.129565595568262
elektrisk,"Eberstein, Carl Christian",3,89661,33.459363602904276
elektrisk,"Edelfelt, Johanna Catharina, f. Benzelstjerna",1,57416,17.416747944823744
elektrisk,"Edenberg, Albert Anderson",20,686333,29.140373550448544
elektrisk,"Edgren, Hjalmar",2,37279,53.64950776576625
elektrisk,"Ehrenborg, Anna Fredrika",1,199937,5.001575496281329
elektrisk,"Ehrenborg-Posse, Betty",2,276106,7.24359485125278
elektrisk,"Ehrnrooth, Adelaide",10,466005,21.45899722105986
elektrisk,"Ek, Karin",1,146644,6.819235700062737
elektrisk,"Ek, Karl",1,3641,274.64982147761606
elektrisk,"Ekbohrn, Carl Magnus",6,246065,24.38380102818361
elektrisk,"Ekeblad, Karl Johan",8,71881,111.29505710827618
elektrisk,"Ekelund, Vilhelm",16,1301987,12.288909182656969
elektrisk,"Ekermann, Agnes",1,274026,3.649288753621919
elektrisk,"Ekerot, Hjalmar",1,94950,10.531858873091101
elektrisk,"Ekevall, Anders Fredrik",1,13913,71.87522461007691
elektrisk,"Ekman, Ernst",1,18284,54.69262743382192
elektrisk,"Ekman, Lotten",1,28567,35.005425841005355
elektrisk,"Ekmarck, Carl Eric",1,64051,15.612558742252268
elektrisk,"Ekström, Hedvig Aurora",1,189156,5.286641713717778
elektrisk,"Elgenstierna, Gustaf",72,9471030,7.602129863383391
elektrisk,"Elgström, Ossian",13,281299,46.21417068670703
elektrisk,"Elgström, Per",10,104945,95.28800800419268
elektrisk,"Elkan, Sophie",5,1077057,4.642279842199623
elektrisk,"Elmblad, Sigrid",4,83538,47.88240082357729
elektrisk,"Enander, Johan Alfred",1,65628,15.237398671298836
elektrisk,"Eneroth, Carl",17,861555,19.73176407774315
elektrisk,"Engdahl, Axel",4,66822,59.860524976804044
elektrisk,"Engelbert, Rolf",1,41955,23.83506137528304
elektrisk,"Engström, Albert",7,354444,19.74924106487908
elektrisk,"Engström, Jon",1,346862,2.882990930110534
elektrisk,"Fahlstedt, Amalia",2,144983,13.794720760365008
elektrisk,"Falck, August",1,78704,12.705834519211221
elektrisk,"Fallström, Daniel",3,162476,18.46426549151875
elektrisk,"Feilitzen, Urban von",2,50455,39.63928252898623
elektrisk,"Feuk, Carl Gustaf Theodor",3,11233,267.07023947298137
elektrisk,"Fitinghoff, Laura",1,298599,3.3489730374180757
elektrisk,"Fitzgerald, F. Scott",3,61859,48.49738922388011
elektrisk,"Flodman, Anders",8,727913,10.99032439316237
elektrisk,"Flygare, Edvard",1,195321,5.119777187296809
elektrisk,"Flygare-Carlén, Emilie",30,5493966,5.460536159124392
elektrisk,"Fogelholm, Axel",3,37756,79.45756965780274
elektrisk,"Fornell, Bror Edvard",5,427572,11.693936927581788
elektrisk,"Forsslund, Karl-Erik",3,231222,12.974543944780342
elektrisk,"Forssman, Edith",3,716693,4.185892704407605
elektrisk,"Franzén, Frans Michael",3,427605,7.015820675623531
elektrisk,"Fredberg, Carl Rudolf A:son",1,31647,31.598571744557145
elektrisk,"Frick-Meijer, Anders Ludvig",1,25176,39.72036860502065
elektrisk,"Frunck, Gudmund",1,189241,5.2842671514101065
elektrisk,"Frykholm, Maria Barbara",1,114913,8.702235604326752
elektrisk,"Frykholm, Sunny",1,98036,10.200334570973927
elektrisk,"Fröding, Gustaf",9,178104,50.53227327853389
elektrisk,"Furuhjelm, Maria",1,305890,3.2691490405047565
elektrisk,"Gadelius, Bror",1,197298,5.068475098581841
elektrisk,"Geijer, Erik Gustaf",3,4255809,0.7049188532662063
elektrisk,"Geijerstam, Gustaf af",16,1634054,9.79159807448224
elektrisk,"Gernandt-Claine, Jane",3,243832,12.303553266183274
elektrisk,"Giertz, Theodor",1,37772,26.474637297469023
elektrisk,"Gille, Elsa",2,45578,43.88081969371188
elektrisk,"Goncourt, Edmond de",7,157664,44.39821392327988
elektrisk,"Govenius, Lars Johan",11,895930,12.277744913107052
elektrisk,"Granath, Wilhelm",17,4318088,3.936927640196309
elektrisk,"Gravallius, Wilhelmina",5,957722,5.220721670797998
elektrisk,"Grebst, William A:son",3,55567,53.98887829107204
elektrisk,"Grimm, Jacob",11,312708,35.17658646404953
elektrisk,"Gripenberg, Alexandra",2,161312,12.398333663955565
elektrisk,"Gräf, Hans Gerhard",1,35604,28.086731827884506
elektrisk,"Grönstedt, Johan",1,263481,3.795340081447998
elektrisk,"Gullberg, Gustaf Teodor ",1,52618,19.00490326504238
elektrisk,"Gumælius, Gustaf Wilhelm",1,106487,9.390817658493525
elektrisk,"Gustafsson, Richard",1,393052,2.544192625912093
elektrisk,"Gylander, Ebba Karolina",1,42516,23.520556966788973
elektrisk,"Gyllenhaal, Aurore",2,199328,10.033713276609408
elektrisk,"Gérard, Jean Ignace Isidore",1,99295,10.07100055390503
elektrisk,"Gödecke, Peter August",1,73357,13.631964229725861
elektrisk,"Götberg, Reinhold",1,62296,16.052395017336586
elektrisk,"Hackzell, Emilie",4,413990,9.66206913210464
elektrisk,"Hagström, K. A.",1,1026078,0.9745847781552669
elektrisk,"Hall, Wilhelm",2,8480,235.8490566037736
elektrisk,"Hallenborg, Carl",1,36757,27.20570231520527
elektrisk,"Hallman, Axel",2,82887,24.129236189028436
elektrisk,"Hallén, Birger",1,59542,16.794867488495516
elektrisk,"Hansson, Ola",9,565301,15.920721880909463
elektrisk,"Harrison, Mary St. Leger Kingsley",5,185623,26.936317158972756
elektrisk,"Hasselblad & Co., Fritz W.",17,203553,83.51633235570097
elektrisk,"Hasselgren, Andreas",2,69844,28.635244258633527
elektrisk,"Hasselskog, Nils",7,255325,27.416038382453735
elektrisk,"Hebbe, Wendela",3,287495,10.434964086331936
elektrisk,"Hedberg, Frans",17,1980962,8.581689098528896
elektrisk,"Hedberg, Tor",2,465602,4.295514194526656
elektrisk,"Hedenstierna, Alfred",33,1437853,22.950885799869667
elektrisk,"Hedin, Greta",1,161322,6.198782559105392
elektrisk,"Hedin, Sven",53,2332042,22.726863409835673
elektrisk,"Hedlund, Sven Adolf",1,49090,20.370747606437156
elektrisk,"Hedvall, Yngve",7,267199,26.197702835714207
elektrisk,"Heidenstam, Verner von",6,1060212,5.659245509388688
elektrisk,"Heller, Frank",63,685394,91.91793333469508
elektrisk,"Hemmer, Jarl",1,51141,19.553782679259303
elektrisk,"Hertzberg, Rafaël",3,277692,10.80333607017847
elektrisk,"Hjelm, Runo",3,223295,13.435141852706062
elektrisk,"Hjärne, Rudolf",3,170067,17.64010654624354
elektrisk,"Hodell, Frans",1,24780,40.35512510088781
elektrisk,"Hofberg, Herman",18,1583749,11.365437326242985
elektrisk,"Hofsten, Johanna Christina von",7,801558,8.732992497111875
elektrisk,"Hollertz, Johan Peter",1,27149,36.833769199602195
elektrisk,"Holmberg, Teodor",1,91248,10.959144310012274
elektrisk,"Holmes, Ludvig",1,57410,17.41856819369448
elektrisk,"Holmgren, Ann Margret",2,124392,16.078204386134157
elektrisk,"Holmgren, Frithiof",1,107290,9.320533134495292
elektrisk,"Holmkvist, Albert",2,78188,25.579372793779097
elektrisk,"Hult, Oscar Walfrid",1,1208,827.8145695364238
elektrisk,"Hultin, Constance",2,211848,9.440731090215627
elektrisk,"Hultin, Måns",2,104686,19.104751351661157
elektrisk,"Hvalgren, Emanuel",2,26650,75.046904315197
elektrisk,"Häthén, Johan Anselm",2,100609,19.878937272013438
elektrisk,"Höggren, Fanchette",1,117916,8.480613317955154
elektrisk,"Höglund, Hjalmar",1,52771,18.949801974569365
elektrisk,"Högman, August",3,82592,36.323130569546684
elektrisk,"Höijer, Johan Leonard",1,58891,16.98052333972933
elektrisk,"Idström, Ellen",1,240165,4.163804051381342
elektrisk,"Indebetou, Johan Govert",1,39103,25.573485410326573
elektrisk,"Ingelius, Axel Gabriel",5,406515,12.299669138900164
elektrisk,"Ingelman, Georg Gabriel",3,166856,17.97957520256988
elektrisk,"Ivendorff, Carl Johan",1,78318,12.768456804310631
elektrisk,"Jacobson, Harald",2,68191,29.329383643002743
elektrisk,"Jacobsson, Christoffer Fritz",1,94800,10.548523206751055
elektrisk,"James, D.",5,311224,16.06559905405753
elektrisk,"Janson, Betty",9,301130,29.887424036130575
elektrisk,"Janson, Gustaf",3,218309,13.741989565249257
elektrisk,"Jensen, Alfred",4,26471,151.10876053039175
elektrisk,"Johanson, Klara",7,269173,26.005580054463113
elektrisk,"Johansson-Dickens, Sven Johan Julius",2,79768,25.072710861498344
elektrisk,"Johnson, John",30,695158,43.155656699628
elektrisk,"Johnsson, Harald",5,47347,105.60331171985554
elektrisk,"Jolin, Johan",35,1428470,24.50173962351327
elektrisk,"Jonsson, Thorsten",3,311386,9.634344511313932
elektrisk,"Josephson, Ludvig",7,134746,51.949594051029344
elektrisk,"Jouvin, Maria",7,27905,250.851101953055
elektrisk,"Jäderin, Axel",1,81045,12.338824110062312
elektrisk,"Jænisch, Alexander",1,97007,10.308534435659283
elektrisk,"Kamke, Hanna",1,76341,13.099121048977613
elektrisk,"Kantzow, Edvard Bosanquet S:t George de",1,18050,55.40166204986149
elektrisk,"Karadja, Mary",2,34514,57.947499565393755
elektrisk,"Karlfeldt, Erik Axel",1,193894,5.157457167318225
elektrisk,"Kellmodin, Frithiof",1,48882,20.457428092140255
elektrisk,"Kerfstedt, Amanda",2,672155,2.9755041619864464
elektrisk,"Kerfve, Axel",46,1394284,32.99184384243095
elektrisk,"Key, Ellen",9,517640,17.38660072637354
elektrisk,"Keyser, Hilda Fredrika",2,378660,5.2817831299846825
elektrisk,"Kiellman-Göranson, Julius Axel",22,1984954,11.083380269769476
elektrisk,"Kipling, Rudyard",1,334573,2.988884339142728
elektrisk,"Kjellgren, Josef",18,289746,62.123377026775174
elektrisk,"Kleen, Tyra",1,48825,20.48131080389145
elektrisk,"Klemming, Gustaf Edvard",1,673781,1.4841617676960317
elektrisk,"Knorring, Sophie von",7,1296030,5.401109542217387
elektrisk,"Knös, Thekla",1,174573,5.728262675213235
elektrisk,"Koch, Ebba von",1,57178,17.489244114869354
elektrisk,"Koch, Martin",3,442498,6.77969165962332
elektrisk,"Koch, Richert von",9,553374,16.2638649448655
elektrisk,"Krok, Johan Peter",3,155292,19.318445251526157
elektrisk,"Krook, Axel",1,505482,1.9783098112296778
elektrisk,"Krook, Herman Salomon",5,73168,68.33588453968949
elektrisk,"Krusenstjerna, Agnes von",75,1272288,58.94891722628839
elektrisk,"Kræmer, Anders Robert von",9,75135,119.78438810141745
elektrisk,"Kræmer, Lotten von",8,240151,33.31237429783761
elektrisk,"Kræmer, Vera von",5,269227,18.571688575068624
elektrisk,"Kullberg, Carl A.",2,49463,40.43426399530963
elektrisk,"Kullberg, Karl Anders af",11,1320947,8.327359084051063
elektrisk,"Kämpe, Alfred",6,221984,27.028975061265676
elektrisk,"Köhler, Emmy",1,28008,35.70408454727221
elektrisk,"Lagerbring, Gustaf",4,103862,38.512641774662534
elektrisk,"Lagergren, Claes",1,34748,28.77863474156786
elektrisk,"Lagerhjelm, Agnes",1,47239,21.16894938504202
elektrisk,"Lagerlöf, Selma",9,4219670,2.1328682100732994
elektrisk,"Lagervall, Gustaf Fredrik",1,34850,28.694404591104735
elektrisk,"Lamm, Martin",3,219178,13.687505132814424
elektrisk,"Landahl, Martin",3,146745,20.44362669937647
elektrisk,"Landquist, Ellen",3,44571,67.30833950326445
elektrisk,"Landqvist, Rudolf",1,38814,25.763899623847067
elektrisk,"Lange, Ina",2,120439,16.605916688115975
elektrisk,"Langlet, Mathilda",4,730687,5.474300213360851
elektrisk,"Larsson, Carl",1,106489,9.390641286893482
elektrisk,"Levart, Johan",1,74990,13.335111348179757
elektrisk,"Levertin, Oscar",9,563813,15.962739418920812
elektrisk,"Lewald, August",1,91769,10.896925977181837
elektrisk,"Lidback, Paul Gustaf Andreios",1,90611,11.03618765933496
elektrisk,"Lilja, Nils",4,103547,38.62980095995055
elektrisk,"Limborg, Ossian",3,142379,21.070523040616944
elektrisk,"Linck, Emma Elisabeth",3,182760,16.414970453053183
elektrisk,"Lindberg, Per",2,524704,3.8116728669878635
elektrisk,"Lindblad, Adolf",1,27336,36.581796897863626
elektrisk,"Lindblad, Elis Wilhelm",1,79096,12.642864367351066
elektrisk,"Lindeblad, Assar",1,116008,8.62009516585063
elektrisk,"Lindgren, Ida",1,41886,23.874325550303205
elektrisk,"Lindgren, Martin",1,105917,9.44135502327294
elektrisk,"Lindholm, Per August",2,479022,4.1751735828417065
elektrisk,"Lindholm, Valdemar",1,85450,11.702750146284377
elektrisk,"Lindhé, Wilma",15,635336,23.609554629361472
elektrisk,"Lindkvist, Alfred",1,141703,7.05701361297926
elektrisk,"Lindman, Elof M.",1,14871,67.24497343823549
elektrisk,"Lindorm, Erik",1,80816,12.373787368837855
elektrisk,"Lindqvist, Gustaf",3,87979,34.099046363336704
elektrisk,"Lindqvist, Josef",1,733103,1.364064803990708
elektrisk,"Lindqvist, Uno Leopold",2,90064,22.206430982412506
elektrisk,"Lindström, Sigfrid",2,116360,17.188037126160193
elektrisk,"Ling, Per Henrik",3,492118,6.096098903108604
elektrisk,"Linnarsson, Linnar",2,500119,3.999048226522088
elektrisk,"Ljungberg, Eva",1,147072,6.799390774586597
elektrisk,"Ljunggren, Albert Gustaf",1,98892,10.112041418921653
elektrisk,"Ljunggren, Gustaf",8,1909848,4.188815026117262
elektrisk,"Ljunglöf, Emanuel",3,15564,192.75250578257518
elektrisk,"Ljungstedt, Aurora",9,2310610,3.8950753264289517
elektrisk,"Lund, Sigurd",1,19330,51.733057423693744
elektrisk,"Lundegård, Axel",23,997912,23.04812448392243
elektrisk,"Lundin, Claës",11,630197,17.454859353503746
elektrisk,"Lundquist, Ernst",15,1133848,13.229286465205213
elektrisk,"Lundström, Mathilda",2,360084,5.554259561657835
elektrisk,"Lundström, Vilhelm",1,23072,43.342579750346744
elektrisk,"Lybeck, Mikael",6,355293,16.88747034138021
elektrisk,"Lyckow, Gustaf",1,43595,22.938410368161488
elektrisk,"Lénström, Carl Julius",2,594590,3.3636623555727474
elektrisk,"Löhman, Lars Vilhelm",1,66952,14.936073604970725
elektrisk,"Lönnberg, Mathilda",1,816900,1.2241400416207615
elektrisk,"Lönnegren, August Valfrid",1,12558,79.63051441312311
elektrisk,"Magnell, Carl Jakob",19,33616,565.2070442646359
elektrisk,"Mallander, Gustaf Richard",4,112088,35.68624652059096
elektrisk,"Malling, Mathilda",4,500989,7.984207238083072
elektrisk,"Marholm, Laura",1,42138,23.731548720869522
elektrisk,"Marin, Otto Ulrik",6,174931,34.299237985262764
elektrisk,"Marx, Karl",1,32207,31.049150805725464
elektrisk,"Mattsson, Sven",1,84392,11.84946440420893
elektrisk,"Meijer, Bernhard",4,543470,7.36011187370048
elektrisk,"Melander, Emil",2,29322,68.2081713389264
elektrisk,"Melander, Richard",9,583868,15.414442990538957
elektrisk,"Mellin, Gustaf Henrik",17,2729891,6.227354865084357
elektrisk,"Meyer, Albertine",4,335249,11.931430071379781
elektrisk,"Mickwitz, Gerda von",1,168663,5.928982645867795
elektrisk,"Moberg, Nenne",6,49321,121.65203463027919
elektrisk,"Modin, Johan Engelbrekt",4,314090,12.735203285682447
elektrisk,"Molander, Harald",1,254305,3.9322860344861486
elektrisk,"Molin, Pelle",1,59495,16.808135137406506
elektrisk,"Montell, Hilma",1,12811,78.0579189758801
elektrisk,"Montgomery, Lucy Maud",3,346758,8.651566798747254
elektrisk,"Mortensen, Johan",2,392455,5.096125670459034
elektrisk,"Myrberg, Anna",1,103512,9.660715665816523
elektrisk,"Möller, Arthur",3,24062,124.67791538525476
elektrisk,"Mörner, J.C.A.",2,149517,13.376405358587986
elektrisk,"Nerman, Gustaf",1,8002,124.96875781054736
elektrisk,"Nervander, Johan Jakob",1,95994,10.417317749025981
elektrisk,"Nettelbladt, Lovisa Mathilda",1,121172,8.252731654177532
elektrisk,"Nicander, Karl August",3,617227,4.860448424971688
elektrisk,"Nilsson, Albert",1,135571,7.376208776213202
elektrisk,"Nordenskiöld, Adolf Erik",3,297785,10.074382524304449
elektrisk,"Nordenskiöld, Gustaf",1,171081,5.845184444795155
elektrisk,"Nordensvan, Georg",10,846003,11.82028905334851
elektrisk,"Nordin, Albert",1,141167,7.0838085388228125
elektrisk,"Nordin, Jonas",1,196759,5.082359637932699
elektrisk,"Nordling, Johan",6,180102,33.31445514208615
elektrisk,"Nordström, Ester Blenda",3,408622,7.341748608738639
elektrisk,"Nordström, Ludvig",19,343585,55.299270922770205
elektrisk,"Norlander, Emil",6,207383,28.93197610218774
elektrisk,"Norström, Vitalis",14,240646,58.1767409389726
elektrisk,"Numers, Hedvig von",1,286710,3.487844860660598
elektrisk,"Nyberg, Julia Christina",1,147532,6.778190494265651
elektrisk,"Nyblom, Carl Rupert",1,95963,10.420682971561956
elektrisk,"Nyblom, Helena",15,1055882,14.20613288227283
elektrisk,"Nyblom, Lennart",4,24080,166.11295681063123
elektrisk,"Nybom, Johan",2,151866,13.169504694928424
elektrisk,"Nycander, Fredrik",1,131669,7.59480211743083
elektrisk,"Nygren, Anders Johan",2,76609,26.10659322011774
elektrisk,"Nèlson, Johannes Fredrik",10,299170,33.42581141157201
elektrisk,"Olivecrona, Rosalie",1,88826,11.257965010244748
elektrisk,"Oswald, Gösta",1,43590,22.941041523285158
elektrisk,"Oxenstierna, Mårten Gabriel Leijonsköld",4,676468,5.913066102165956
elektrisk,"Paban, August Theodor",1,59259,16.875073828448
elektrisk,"Palm, Amy",2,139390,14.348231580457709
elektrisk,"Palm, August",1,29836,33.51655717924655
elektrisk,"Palmblad, Vilhelm Fredrik",9,1018806,8.833870236335475
elektrisk,"Palme, Christian Adolph",1,22087,45.275501426178295
elektrisk,"Palmstjerna, Carl Otto",1,328303,3.045966683216419
elektrisk,"Paul, Adolf",9,277706,32.4083743239253
elektrisk,"Pereswetoff-Morath, Fredrik",2,142562,14.02898388069752
elektrisk,"Person, Johan",3,49994,60.007200864103694
elektrisk,"Persson, Fredrik",12,496982,24.14574370902769
elektrisk,"Peterson, Maria",2,104909,19.06414130341534
elektrisk,"Petersson, Therèse",2,167213,11.960792522112515
elektrisk,"Pettersson, Carl",1,30587,32.69362801190048
elektrisk,"Pettersson, Victor",9,363394,24.76650687683341
elektrisk,"Pettersson-Olin, Jonas",5,24852,201.19105102205054
elektrisk,"Pfeiffer, Sara",3,1362314,2.202135484183529
elektrisk,"Philipsson, Jonas",1,128485,7.783009689847064
elektrisk,"Pihl, Otto",1,5403,185.08236165093467
elektrisk,"Pihlstrand, Ragnar",55,3687102,14.916864247314015
elektrisk,"Pontin, Constans",2,265724,7.526606554168987
elektrisk,"Poulsson, Karl",1,11156,89.63786303334528
elektrisk,"Procopé, Hjalmar",1,18224,54.87269534679543
elektrisk,"Prytz, Harald Oscar",2,90977,21.983578267034524
elektrisk,"Quennerstedt, August",1,1839800,0.5435373410153278
elektrisk,"Qvanten, Aurora von",4,432423,9.25020177002611
elektrisk,"Regis, Julius",14,150319,93.13526566834531
elektrisk,"Regnér, Gustaf",1,10032,99.68102073365232
elektrisk,"Reuter, Jonatan",1,19594,51.036031438195366
elektrisk,"Ridderstad, Carl Fredrik",40,2292557,17.44776683851263
elektrisk,"Ripa, Ernst",1,51842,19.289379267775164
elektrisk,"Risberg, Emilie",2,321787,6.21529148163226
elektrisk,"Rollin, Carl Gustaf",1,9930,100.70493454179255
elektrisk,"Roos, Mathilda",4,979070,4.085509718406243
elektrisk,"Rosenberg, Carl Martin",2,1933426,1.0344331771684048
elektrisk,"Rosenius, Josef",1,50108,19.956893110880497
elektrisk,"Rosén, Johan Magnus",4,404745,9.8827656919789
elektrisk,"Roth, Sven Olof",2,268344,7.453119875980085
elektrisk,"Rubenson, Olof",4,158589,25.22243030727226
elektrisk,"Ruin, Hans",5,324767,15.39565288345183
elektrisk,"Rusén, Lars Erik",1,21042,47.523999619808
elektrisk,"Ryberg, Klas",6,93264,64.33350488934637
elektrisk,"Rydberg, Carl Henrik",5,394090,12.687457179832018
elektrisk,"Rydberg, Viktor",2,840566,2.379349152832734
elektrisk,"Sand, Arne",2,74376,26.890394750994943
elektrisk,"Sandahl, Anton Gustaf",1,50738,19.709093775868187
elektrisk,"Sandberg, Algot",6,516906,11.607526320065931
elektrisk,"Sandberg, Eric",1,135478,7.381272236082611
elektrisk,"Sandel, Maria",1,460120,2.1733460836303573
elektrisk,"Sandströmer, Clara",1,257887,3.877667350428676
elektrisk,"Saxon, Johan Lindström",1,413279,2.419672908616213
elektrisk,"Schantz, Otto von",2,144984,13.79462561386084
elektrisk,"Scherini, Pehr Hampus",3,79236,37.861578070573984
elektrisk,"Schildt, Runar",7,105782,66.17382919589345
elektrisk,"Scholander, Fredrik Wilhelm",1,308375,3.2428050263477908
elektrisk,"Schreiner, Olive",1,61056,16.37840670859539
elektrisk,"Schwartz, Marie Sophie",9,4905025,1.834853033368841
elektrisk,"Schéele, Georg von",4,104047,38.44416465635722
elektrisk,"Schöldström, Birger",4,234212,17.07854422489027
elektrisk,"Schöldström, Karl Wilhelm",1,54619,18.308647174060308
elektrisk,"Schönberg, Gustaf",1,21111,47.36867036142296
elektrisk,"Segerstedt, Albrekt",1,319845,3.126514405415123
elektrisk,"Segerstedt, Torgny",2,188372,10.617289193723058
elektrisk,"Segerstéen, Gustaf",1,59500,16.80672268907563
elektrisk,"Sehlstedt, Elias",2,74605,26.80785470142752
elektrisk,"Silfverstolpe, Gudmund Leonhard",1,51620,19.37233630375823
elektrisk,"Silfverstolpe, Malla",1,547564,1.8262705364121818
elektrisk,"Sjöberg, Birger",18,566959,31.74832748047037
elektrisk,"Sjöström, Carl",1,312159,3.2034956544581448
elektrisk,"Skarstedt, Carl Wilhelm",1,788956,1.2674978072287935
elektrisk,"Skarstedt, Ernst",3,171111,17.5324789171941
elektrisk,"Snellman, Johan Vilhelm",3,182971,16.396040902656704
elektrisk,"Snoilsky, Carl",4,268030,14.923702570607768
elektrisk,"Snoilsky, Ebba",1,36014,27.766979507969122
elektrisk,"Sparre, Pehr",8,1212926,6.595620837544912
elektrisk,"Stackelberg, Oskar",2,52938,37.7800445804526
elektrisk,"Stagnelius, Erik Johan",1,21328,46.8867216804201
elektrisk,"Stam, Per",7,238205,29.386452845238345
elektrisk,"Starbäck, Carl Georg",5,1609009,3.1075028169513037
elektrisk,"Starnberg, Märta",1,268579,3.7232992899668256
elektrisk,"Stenberg, Elis Oscar",1,11575,86.39308855291577
elektrisk,"Stenhammar, Jakob Axel",1,411692,2.429000320628042
elektrisk,"Stjernstolpe, Jonas Magnus",1,87206,11.46710088755361
elektrisk,"Stjernström, Louise",7,2740356,2.554412638357936
elektrisk,"Stockenstrand, Ina",3,78099,38.412783774440136
elektrisk,"Stoker, Bram",6,120550,49.77187888842804
elektrisk,"Stowe, Harriet Beecher",2,264693,7.555923277155044
elektrisk,"Strandberg, Carl Vilhelm August",4,466218,8.579677318336058
elektrisk,"Strindberg, August",31,1575196,19.680090604597776
elektrisk,"Strindberg, Oskar",2,18140,110.25358324145535
elektrisk,"Strussenfelt, Constantia Carolina Amalia von",6,385441,15.566584769134575
elektrisk,"Strussenfelt, Ulrika Sophia von",19,3091227,6.1464266454712
elektrisk,"Ström, Fredrik",4,554469,7.214109355076659
elektrisk,"Ström, Ulrika",1,106489,9.390641286893482
elektrisk,"Sturzen-Becker, Oscar Patric",13,1219159,10.663088243617116
elektrisk,"Stålberg, Wilhelmina",19,3336754,5.694156656439162
elektrisk,"Stålhandske, Gustaf",1,10008,99.92006394884093
elektrisk,"Stéenhoff, Frida",4,327133,12.227442660936072
elektrisk,"Sundeborg, Lars Ture",1,4493,222.56843979523703
elektrisk,"Sundgren, Fritz",2,26992,74.09602845287493
elektrisk,"Sundler, Anders",1,178228,5.610790672621586
elektrisk,"Sundman, Gösta",1,25717,38.88478438387059
elektrisk,"Sundqvist, E. W.",5,516249,9.68524878498554
elektrisk,"Sundström, Karin",1,137850,7.254261878853827
elektrisk,"Suttner, Bertha von",1,75529,13.239947569807624
elektrisk,"Svanlund, Yngve Fredrik",1,38238,26.15199539724881
elektrisk,"Svartengren, Teodor",1,10927,91.51642719868217
elektrisk,Svenska Litteratursällskapet,2,992409,2.015298128090334
elektrisk,"Svenson, Frey",1,34719,28.80267288804401
elektrisk,"Sydow, Julius Leonard von",1,15811,63.247106444880146
elektrisk,"Sällberg, Thure",2,543462,3.6801101088944583
elektrisk,"Sätherberg, Herman",7,374315,18.70082684370116
elektrisk,"Söderberg, Hjalmar",32,783283,40.853688896605696
elektrisk,"Söderberg, Mikael",4,63386,63.10541760010097
elektrisk,"Södergran, Edith",4,52357,76.39857134671581
elektrisk,"Söderhjelm, Alma",1,130223,7.679135022231096
elektrisk,"Söderholm, Kerstin",2,47675,41.95070791819612
elektrisk,"Tammelin, Filip",2,76235,26.234669115235786
elektrisk,"Tavaststjerna, Karl August",12,500327,23.984314258474956
elektrisk,"Tegnér, Esaias",3,369317,8.123102917006257
elektrisk,"Tenow, Elna",1,54332,18.40535964072738
elektrisk,"Tersmeden, Carl",2,627992,3.184753945910139
elektrisk,"Tersmeden, Minna",4,218930,18.270680126067692
elektrisk,"Thomasson, Nils",31,707538,43.81390116149239
elektrisk,"Thomasson, Pehr",6,1451638,4.133261873828048
elektrisk,"Thomson, Niclas Hans",1,185354,5.395081843391564
elektrisk,"Thorsander, Gustaf",5,374435,13.353452535152964
elektrisk,"Tibell, Charlotta Cecilia af",1,144975,6.897740989825832
elektrisk,"Tiselius, Carl August",5,266673,18.749554698075922
elektrisk,"Tollstorp, Jacob Philip",1,45173,22.137117304584596
elektrisk,"Topelius, Zacharias",9,2307429,3.900445040779153
elektrisk,"Torckell, Olga",1,85119,11.748258320703956
elektrisk,"Trolle, Henrik af",17,2829965,6.00714143107777
elektrisk,"Törnberg, Carl Ludvig",1,34617,28.887540803651387
elektrisk,"Törnblom, Johan August",11,856702,12.839937341105776
elektrisk,"Uddgren, Gustaf",10,335781,29.781315798094592
elektrisk,"Ulfsson, Sten",3,425150,7.056333058920381
elektrisk,"Ullman, Gustaf",2,85560,23.37540906965872
elektrisk,"Undset, Sigrid",6,193625,30.987734021949645
elektrisk,"Unge, Otto Sebastian von",2,166120,12.039489525644113
elektrisk,"Utterström, Olof Philip",1,57762,17.312419930057825
elektrisk,"Valentin, Guido",1,13299,75.19362358072036
elektrisk,"Valerius, Johan David",1,28756,34.77535123104743
elektrisk,"Vallentin, Hugo",1,46617,21.45140184911084
elektrisk,"Vester, A. B.",1,142413,7.021830872181613
elektrisk,"Virdestam, Gotthard",3,1223099,2.452785915122161
elektrisk,"Virgin, Axel Gustaf",4,123697,32.337081740058366
elektrisk,"Värnlund, Rudolf",8,288441,27.735308087269146
elektrisk,"Wadström, Gustaf Adolf Sebastian",2,43734,45.73101019801528
elektrisk,"Wahlenberg, Anna",9,992911,9.0642565144308
elektrisk,"Wahlgren, Vilhelmina",2,3088,647.6683937823834
elektrisk,"Wahlström, Oscar Frithiof",1,25897,38.614511333359076
elektrisk,"Wallin, Johan Olof",2,48941,40.86553196706238
elektrisk,"Wallin, Johan Peter",2,279251,7.162015534411694
elektrisk,"Wallmo, Uno",10,105865,94.45992537665896
elektrisk,"Warburg, Karl",4,558375,7.163644504141482
elektrisk,"Weiland, Per",2,149275,13.39809077206498
elektrisk,"Weman, Adèle",2,56305,35.520824083118725
elektrisk,"Wennberg, Fredrik Wilhelm",2,56848,35.181536729524346
elektrisk,"Wennerberg, Ingrid",1,35614,28.078845397877238
elektrisk,"Wernberg, Hjalmar",19,790174,24.045336849858387
elektrisk,"Westdahl, Pauline",1,55517,18.012500675468775
elektrisk,"Westerstrand, Pehr",1,13021,76.79901697258275
elektrisk,"Westholm, Erik",1,18755,53.31911490269262
elektrisk,"Wetterbergh, Carl Anton",33,2981866,11.066895695514152
elektrisk,"Wettergrund, Josefina",4,1232610,3.2451464777991417
elektrisk,"Wicksell, Knut",1,11133,89.8230485942693
elektrisk,"Wickström, Victor Hugo",6,519663,11.54594419845169
elektrisk,"Wigström, Eva",2,816884,2.4483280367836806
elektrisk,"Wijkander, Oscar",4,110845,36.08642699264739
elektrisk,"Wiklund, Karl Bernhard",3,102393,29.29887785297823
elektrisk,"Wilén, Fritz",1,60454,16.54150263009892
elektrisk,"Winter, Reinhold",10,238949,41.8499345048525
elektrisk,"Wipperling, Nils Fredrik",2,115868,17.261021162011943
elektrisk,"Wirsén, Carl David af",1,246734,4.05294770886866
elektrisk,"Witt, Otto",172,554078,310.4256079468956
elektrisk,"Wranér, Henrik",4,585352,6.833495059383072
elektrisk,"Wägner, Elin",75,2370616,31.637346579960653
elektrisk,"Wästberg, Efraim",2,40886,48.916499535293255
elektrisk,"Wågman, Frans Oskar",5,70243,71.18147003971926
elektrisk,"Wærnér, Ninian",8,164783,48.54869737776348
elektrisk,"Zaar, Ludvig Christofer Gustaf",4,61577,64.95931922633451
elektrisk,"Zachrisson, Waldemar",45,585293,76.88456892530749
elektrisk,"Zeipel, Carl von",3,883195,3.396758360271514
elektrisk,"Zethraeus, August Gerhard",1,25848,38.687712782420306
elektrisk,"Zetterström, Hasse",9,83274,108.07695078896174
elektrisk,"Åberg, Jon Olof",19,4055315,4.6852094103663955
elektrisk,"Åberg, Katie",1,282619,3.538332525414073
elektrisk,"Åkerberg, Sven",1,36123,27.68319353320599
elektrisk,"Åslund, Daniel",2,181864,10.997228698368012
elektrisk,"Öberg, Ludvig Teodor",4,817009,4.8959068994344
elektrisk,"Ödman, Pelle",3,393808,7.617925486531508
elektrisk,"Ödmann, Jenny Maria",3,1277526,2.348288801950019
emanation,"Ahnfelt, Arvid",1,834238,1.1986986926992058
emanation,"Ahrenberg, Jac",1,612997,1.6313293539772626
emanation,"Appelberg, Henrik Adolf",1,10795,92.63547938860583
emanation,"Heller, Frank",1,685394,1.45901481483643
emanation,"James, D.",2,311224,6.426239621623011
emanation,"Jolin, Johan",2,1428470,1.4000994070579011
emanation,"Kiellman-Göranson, Julius Axel",3,1984954,1.5113700367867466
emanation,"Kierkegaard, Søren",1,68079,14.688817403310859
emanation,"Kjellander, Ernst Jonas Fredrik",1,82121,12.177153225119032
emanation,"Landberg, Carlo",2,10740,186.21973929236498
emanation,"Ljunggren, Gustaf",1,1909848,0.5236018782646578
emanation,"Ruin, Hans",2,324767,6.158261153380732
emanation,"Sillén, Abraham Wilhelm af",3,161140,18.617351371478218
emanation,"Wikner, Pontus",2,238951,8.369916844876146
emanation,"Witt, Otto",2,554078,3.6096000924057625
emanation,"Åberg, Katie",2,282619,7.076665050828146
emanera,"Ahrenberg, Jac",1,612997,1.6313293539772626
emanera,"Alfthan, Georg Edvard von",1,95134,10.51148905753989
emanera,Anonym,2,11696629,0.1709894363581165
emanera,"Atterbom, P.D.A.",3,1110581,2.701288784879266
emanera,"Bergman, Carl Wilhelm",2,128252,15.594298724386364
emanera,"Berndtson, Fredrik",1,163870,6.102398242509306
emanera,"Bolander, Sophie",1,966157,1.0350284684580249
emanera,"Braun, Wilhelm von",1,859117,1.163985813340907
emanera,"Bygdén, Leonard",2,1657994,1.2062769829082614
emanera,"Bäckmann, Ida",2,752232,2.6587542141254294
emanera,"Ehrnrooth, Adelaide",2,466005,4.291799444211972
emanera,"Elkan, Sophie",1,1077057,0.9284559684399247
emanera,"Flygare-Carlén, Emilie",1,5493966,0.18201787197081307
emanera,"Fredberg, Carl Rudolf A:son",1,31647,31.598571744557145
emanera,"Fryxell, Olof",1,199450,5.013787916771121
emanera,"Furuhjelm, August Leonhard",1,36425,27.45367192862045
emanera,"Gadelius, Bror",1,197298,5.068475098581841
emanera,"Geijer, Erik Gustaf",4,4255809,0.9398918043549417
emanera,"Gernandt-Claine, Jane",1,243832,4.101184422061091
emanera,"Hagström, K. A.",2,1026078,1.9491695563105338
emanera,"Hasselskog, Nils",1,255325,3.916576911779105
emanera,"Hebbe, Wendela",1,287495,3.4783213621106452
emanera,"Hedberg, Frans",1,1980962,0.5048052410899351
emanera,"Hofberg, Herman",1,1583749,0.631413184791277
emanera,"Höpken, Anders Johan von",1,465537,2.1480569750632066
emanera,"Jacobsson, Christoffer Fritz",1,94800,10.548523206751055
emanera,"Johanson, Klara",1,269173,3.715082864923302
emanera,"Jolin, Johan",2,1428470,1.4000994070579011
emanera,"Klemming, Gustaf Edvard",1,673781,1.4841617676960317
emanera,"Knorring, Sophie von",3,1296030,2.31476123237888
emanera,"Larsson, Hans",1,132200,7.564296520423601
emanera,"Lidback, Paul Gustaf Andreios",3,90611,33.108562978004876
emanera,"Lindberg, Per",1,524704,1.9058364334939317
emanera,"Ling, Per Henrik",1,492118,2.032032967702868
emanera,"Ljunggren, Gustaf",2,1909848,1.0472037565293155
emanera,"Lybeck, Mikael",1,355293,2.8145783902300354
emanera,"Læstadius, Petrus",2,150434,13.294866851908479
emanera,"Mortensen, Johan",1,392455,2.548062835229517
emanera,"Nilsson, Albert",3,135571,22.128626328639605
emanera,"Nordin, Jonas",1,196759,5.082359637932699
emanera,"Schwerin, Martina von, d. y.",1,135027,7.405926222162975
emanera,"Siljeström, Per Adam",2,78891,25.351434257393112
emanera,"Stam, Per",2,238205,8.396129384353813
emanera,"Strindberg, August",1,1575196,0.6348416324063799
emanera,"Thomander, Johan Henrik",1,94572,10.573954235926067
emanera,"Upmark, Gustaf, d. y.",1,138103,7.24097231776283
emanera,"Virdestam, Gotthard",1,1223099,0.8175953050407203
emanera,"Värnlund, Rudolf",1,288441,3.4669135109086433
emanera,"Ödmann, Samuel",1,301246,3.3195461516501465
fluidum,"Ahlbom, Mathilda",1,395655,2.527454474226283
fluidum,"Ahnfelt, Arvid",2,834238,2.3973973853984116
fluidum,"Alfredson, Cai",1,24371,41.032374543514834
fluidum,"Almqvist, C.J.L.",1,2529302,0.3953659942545414
fluidum,"Andrée, Andreas",1,18924,52.8429507503699
fluidum,Anonym,10,11696629,0.8549471817905826
fluidum,"Arfwedson, Carl David",1,505670,1.9775743073545988
fluidum,"Arfwidsson, Nils",2,206738,9.674080236821483
fluidum,"Atterbom, P.D.A.",2,1110581,1.8008591899195106
fluidum,"Bellman, Carl Michael",14,261940,53.447354355959384
fluidum,"Benzon, Karl",1,240552,4.1571053244205
fluidum,"Berg, Per Gustaf",1,897377,1.1143588480649715
fluidum,"Berger, Henning",5,498496,10.03017075362691
fluidum,"Berger, Napoleon",1,7186,139.15947676036737
fluidum,"Bergh, Richard",2,82704,24.182627200619077
fluidum,"Bergman, Hjalmar",2,1469793,1.3607358315082465
fluidum,"Bergstedt, Anna Elisabet Matilda",1,120779,8.279585027198436
fluidum,"Bjursten, Herman",1,1516337,0.6594840065236158
fluidum,"Bjurström, Gustaf",1,259622,3.8517537034611857
fluidum,"Björlin, Gustaf",1,863549,1.1580118788858536
fluidum,"Blanche, August",2,1382410,1.446748793773193
fluidum,"Bolander, Sophie",2,966157,2.0700569369160498
fluidum,"Bondeson, August",1,762695,1.311140101875586
fluidum,"Brag, Eva",1,104257,9.5916820932887
fluidum,"Braun, Wilhelm von",1,859117,1.163985813340907
fluidum,"Bruzelius, Janne",2,242549,8.24575652754701
fluidum,"Butenschön, Andrea",1,27834,35.92728317884602
fluidum,"Böttiger, Carl Wilhelm",1,780026,1.282008548433001
fluidum,"Cardon, O. B.",1,37300,26.80965147453083
fluidum,"Carter, Chichering",1,33114,30.1987074953192
fluidum,"Cederberg, Björn",2,160355,12.47232702441458
fluidum,"Cederborgh, Fredrik",1,644243,1.5522093371600467
fluidum,"Cramær, Mauritz",1,117364,8.520500323779013
fluidum,"Cronstrand, Baltzar",1,139436,7.171749046157377
fluidum,"Crusenstolpe, Magnus Jacob",1,1801700,0.5550313592717988
fluidum,"Dahl, Mattis",1,412666,2.4232672427580657
fluidum,"Dahlgren, Carl Fredric",5,381115,13.11939965627173
fluidum,"Danielsson, Johan",1,49644,20.143421158649584
fluidum,"Darwin, Charles",1,433182,2.3084985064014663
fluidum,"Edenberg, Albert Anderson",3,686333,4.371056032567282
fluidum,"Elgström, Per",1,104945,9.528800800419267
fluidum,"Elmblad, Magnus",2,98880,20.22653721682848
fluidum,"Eneroth, Carl",5,861555,5.803460022865632
fluidum,"Engdahl, Axel",1,66822,14.965131244201011
fluidum,"Engström, Albert",1,354444,2.8213201521255824
fluidum,"Falkman, Charlotta",1,205708,4.861259649600404
fluidum,"Fornell, Bror Edvard",1,427572,2.3387873855163575
fluidum,"Gernandt-Claine, Jane",1,243832,4.101184422061091
fluidum,"Gleerup, Nils",1,6097,164.0150893882237
fluidum,"Granath, Wilhelm",3,4318088,0.694751936505231
fluidum,"Gravallius, Wilhelmina",1,957722,1.0441443341595995
fluidum,"Götberg, Reinhold",1,62296,16.052395017336586
fluidum,"Hallenborg, Carl",1,36757,27.20570231520527
fluidum,"Hallman, Axel",1,82887,12.064618094514218
fluidum,"Hallén, Birger",1,59542,16.794867488495516
fluidum,"Hansson, Ola",2,565301,3.537938195757658
fluidum,"Hedberg, Frans",3,1980962,1.5144157232698052
fluidum,"Hedenstierna, Alfred",2,1437853,1.3909627757496767
fluidum,"Hedin, Sven",2,2332042,0.8576174871636103
fluidum,"Heller, Frank",4,685394,5.83605925934572
fluidum,"Hofberg, Herman",1,1583749,0.631413184791277
fluidum,"Hoff, Johan Otto",1,34340,29.120559114735002
fluidum,"Huldberg, Pehr Ulric",1,16638,60.103377809832914
fluidum,"Hultgren, Gustaf",1,56485,17.7038151721696
fluidum,"Hwasser, Daniel",1,9167,109.08694229300752
fluidum,"Hærén, Mortimer",1,41076,24.345116369656246
fluidum,"Jacobson, Harald",1,68191,14.664691821501371
fluidum,"Johanson, Klara",5,269173,18.57541432461651
fluidum,"Johnson, John",3,695158,4.3155656699628
fluidum,"Jolin, Johan",1,1428470,0.7000497035289506
fluidum,"Jonsson, Thorsten",1,311386,3.2114481704379774
fluidum,"Kerfve, Axel",1,1394284,0.717213996574586
fluidum,"Kiellman-Göranson, Julius Axel",1,1984954,0.5037900122622488
fluidum,"Knorring, Sophie von",8,1296030,6.172696619677014
fluidum,"Krook, Axel",2,505482,3.9566196224593555
fluidum,"Krook, Max",1,27655,36.15982643283312
fluidum,"Krusenstjerna, Agnes von",3,1272288,2.3579566890515355
fluidum,"Kullberg, Karl Anders af",7,1320947,5.299228508032495
fluidum,"Lagerlöf, Selma",1,4219670,0.23698535667481108
fluidum,"Lannerstjerna, Johan Magnus",1,42628,23.458759500797598
fluidum,"Leistenius, Jacob Gabriel",3,151097,19.854795263969503
fluidum,"Levertin, Oscar",3,563813,5.320913139640271
fluidum,"Lilliestierna, August Edvard",1,83278,12.007973294267394
fluidum,"Ljunggren, Albert Gustaf",1,98892,10.112041418921653
fluidum,"Ljunggren, Gustaf",1,1909848,0.5236018782646578
fluidum,"Ljungstedt, Aurora",4,2310610,1.7311445895239785
fluidum,"Lundeblom, Richard",1,121644,8.220709611653678
fluidum,"Lundin, Claës",7,630197,11.107637770411474
fluidum,"Lundquist, Ernst",1,1133848,0.8819524310136808
fluidum,"Lybeck, Mikael",1,355293,2.8145783902300354
fluidum,"Löfgren, Eliel",1,103123,9.697157763059646
fluidum,"Meyer, Ernst",2,823782,2.4278267794149424
fluidum,"Montgomery, Lucy Maud",1,346758,2.8838555995824176
fluidum,"Munthe, Axel",2,519572,3.849322134372137
fluidum,"Nicander, Karl August",1,617227,1.6201494749905627
fluidum,"Nordström, Ester Blenda",1,408622,2.447249536246213
fluidum,"Norlander, Emil",1,207383,4.82199601703129
fluidum,"Norlin, Mauritz",1,215224,4.646321971527339
fluidum,"Nyblom, Carl Rupert",1,95963,10.420682971561956
fluidum,"Nylén, Pehr Gustaf",1,65897,15.175197656949482
fluidum,"Nèlson, Johannes Fredrik",1,299170,3.3425811411572015
fluidum,"Oxenstierna, Mårten Gabriel Leijonsköld",2,676468,2.956533051082978
fluidum,"Palmær, Henrik Bernhard",1,100059,9.994103478947421
fluidum,"Paul, Adolf",2,277706,7.201860960872289
fluidum,"Persson, Fredrik",3,496982,6.036435927256923
fluidum,"Petersson, Therèse",1,167213,5.980396261056257
fluidum,"Pfeiffer, Sara",2,1362314,1.4680903227890192
fluidum,"Philipsson, Jonas",8,128485,62.26407751877651
fluidum,"Pihlstrand, Ragnar",2,3687102,0.5424314271750551
fluidum,"Platen, Henrica Carolina von",2,111611,17.919380706202794
fluidum,"Roos, Mathilda",1,979070,1.0213774296015607
fluidum,"Ruin, Hans",4,324767,12.316522306761463
fluidum,"Rydberg, Carl Henrik",1,394090,2.5374914359664036
fluidum,"Rydberg, Viktor",1,840566,1.189674576416367
fluidum,"Saxon, Johan Lindström",1,413279,2.419672908616213
fluidum,"Schenfelt, Inga",1,462908,2.1602564656476018
fluidum,"Schéele, Adolf August",3,84035,35.69941095971917
fluidum,"Schöldström, Birger",2,234212,8.539272112445135
fluidum,"Silfverstolpe, Gudmund Leonhard",1,51620,19.37233630375823
fluidum,"Silverstolpe, Gustaf Abraham",1,878464,1.138350575550051
fluidum,"Strindberg, August",5,1575196,3.1742081620318996
fluidum,"Strindberg, Oskar",2,18140,110.25358324145535
fluidum,"Strussenfelt, Ulrika Sophia von",1,3091227,0.3234961392353263
fluidum,"Stråle, Gustaf Holdo",2,16144,123.8850346878097
fluidum,"Sturzen-Becker, Oscar Patric",2,1219159,1.6404751144026333
fluidum,"Stéenhoff, Frida",1,327133,3.056860665234018
fluidum,"Sundler, Anders",4,178228,22.443162690486343
fluidum,"Sällberg, Thure",1,543462,1.8400550544472292
fluidum,"Sätherberg, Herman",2,374315,5.343093383914617
fluidum,"Söderhjelm, Alma",1,130223,7.679135022231096
fluidum,"Söderling, Johan Niklas",1,32610,30.665440049064703
fluidum,"Thomander, Johan Henrik",1,94572,10.573954235926067
fluidum,"Thomasson, Nils",2,707538,2.8267033007414444
fluidum,"Thomasson, Pehr",2,1451638,1.3777539579426827
fluidum,"Thorsander, Gustaf",1,374435,2.6706905070305926
fluidum,"Torén, Rudolf Wilhelm",1,85669,11.672833813864992
fluidum,"Trolle, Henrik af",4,2829965,1.413445042606534
fluidum,"Törnblom, Johan August",6,856702,7.003602186057695
fluidum,"Ulfsson, Sten",1,425150,2.352111019640127
fluidum,"Unge, Otto Sebastian von",3,166120,18.05923428846617
fluidum,"Vegesack, Anna Helena von",1,42015,23.80102344400809
fluidum,"Wadman, Johan Anders",4,95994,41.669270996103926
fluidum,"Wallmark, Ernst",1,95673,10.452269710367606
fluidum,"Wetterstedt, Niklas Joakim af",1,77158,12.960418880738226
fluidum,"Widmark, Per Fredrik",12,52253,229.6518860161139
fluidum,"Wigström, Eva",3,816884,3.6724920551755207
fluidum,"Winter, Reinhold",1,238949,4.18499345048525
fluidum,"Wipperling, Nils Fredrik",1,115868,8.630510581005971
fluidum,"Wägner, Elin",1,2370616,0.4218312877328087
fluidum,"Zedritz, Carl Edvard",1,62621,15.969083853659315
fluidum,"Åberg, Jon Olof",1,4055315,0.24658996896665242
fluidum,"Åslund, Daniel",1,181864,5.498614349184006
fluidum,"Öberg, Ludvig Teodor",1,817009,1.2239767248586
fluidum,"Ödmann, Jenny Maria",1,1277526,0.7827629339833396
induktion,"Ahnfelt, Arvid",1,834238,1.1986986926992058
induktion,Anonym,1,11696629,0.08549471817905825
induktion,"Bäckmann, Ida",6,752232,7.976262642376288
induktion,"Cavallin, Christian",3,227529,13.185132444655407
induktion,"Cederborg, Carl August",1,99853,10.014721640811993
induktion,"Danielsson, Axel",2,281487,7.105123860071691
induktion,"Koch, Richert von",1,553374,1.8070961049850554
induktion,"Larsson, Hans",2,132200,15.128593040847202
induktion,"Levertin, Oscar",1,563813,1.7736377132134236
induktion,"Lundegård, Axel",1,997912,1.0020923688661927
induktion,"Nordling, Johan",1,180102,5.552409190347692
induktion,"Norström, Vitalis",2,240646,8.3109629912818
induktion,"Ruin, Hans",2,324767,6.158261153380732
induktion,"Rydberg, Viktor",2,840566,2.379349152832734
induktion,"Schreiner, Olive",1,61056,16.37840670859539
induktion,"Stam, Per",3,238205,12.59419407653072
induktion,"Strindberg, August",1,1575196,0.6348416324063799
induktion,"Sturzen-Becker, Oscar Patric",1,1219159,0.8202375572013166
induktion,Svenska Litteratursällskapet,1,992409,1.007649064045167
induktion,"Wikner, Pontus",35,238951,146.47354478533256
induktion,"Zetterqvist, Edvard Alexander",1,145786,6.859369212407227
influens,Anonym,2,11696629,0.1709894363581165
influens,"Bergman, Carl Wilhelm",4,128252,31.18859744877273
influens,"Cavallin, Severin",1,186485,5.362361584041612
influens,"Geijer, Erik Gustaf",1,4255809,0.23497295108873542
influens,"Hagström, Tore",2,647980,3.0865150158955523
influens,"Hasselblad & Co., Fritz W.",2,203553,9.825450865376585
influens,"Högberg, Olof",1,342748,2.917595434546664
influens,"Lamm, Martin",2,219178,9.125003421876283
influens,"Levertin, Oscar",1,563813,1.7736377132134236
influens,"Nordin, Jonas",9,196759,45.741236741394296
influens,"Stam, Per",5,238205,20.990323460884532
influens,"Strindberg, August",4,1575196,2.5393665296255197
influens,"Swedenborg, Emanuel",1,82514,12.119155537242165
influens,"Westerlund, Johan Alfred",1,910029,1.0988660800919532
influera,"Ahrenberg, Jac",1,612997,1.6313293539772626
influera,"Amiel, Henri Frédéric",1,79311,12.608591494244179
influera,Anonym,2,11696629,0.1709894363581165
influera,"Berg, Wilhelm",1,3078479,0.32483573868783905
influera,"Bergman, Carl Wilhelm",1,128252,7.797149362193182
influera,"Bergman, Hjalmar",4,1469793,2.721471663016493
influera,"Bjerre, Andreas",1,63395,15.774114677813708
influera,"Branting, Anna",1,487838,2.0498608144506987
influera,"Bremer, Fredrika",1,2174414,0.4598940220215654
influera,"Brinkman, Carl Gustaf von",2,438137,4.564782248474792
influera,"Bäckmann, Ida",3,752232,3.988131321188144
influera,"Dahlgren, Carl Fredric",1,381115,2.6238799312543457
influera,"Dahlin, C. S.",1,44288,22.579479768786126
influera,"Danielsson, Axel",2,281487,7.105123860071691
influera,"Drake, Sigrid",1,217327,4.601361082608236
influera,"Ehrenborg-Posse, Betty",1,276106,3.62179742562639
influera,"Elgström, Ossian",3,281299,10.664808620009314
influera,"Eneroth, Carl",1,861555,1.1606920045731266
influera,"Fersen, Axel von",4,814046,4.913727234087508
influera,"Gadelius, Bror",1,197298,5.068475098581841
influera,"Geijer, Erik Gustaf",4,4255809,0.9398918043549417
influera,"Hasselskog, Nils",1,255325,3.916576911779105
influera,"Hedin, Sven",3,2332042,1.2864262307454153
influera,"Hofberg, Herman",1,1583749,0.631413184791277
influera,"Hägerström, Axel",1,63718,15.694152358831099
influera,"Höpken, Anders Johan von",9,465537,19.33251277556886
influera,"Jonsson, Thorsten",2,311386,6.422896340875955
influera,"Järta, Hans",1,129571,7.717776354276806
influera,"Kerfve, Axel",1,1394284,0.717213996574586
influera,"Knorring, Sophie von",1,1296030,0.7715870774596267
influera,"Kullberg, Carl A.",1,49463,20.217131997654814
influera,"Lamm, Martin",7,219178,31.93751197656699
influera,"Larsson, Hans",1,132200,7.564296520423601
influera,"Leistenius, Jacob Gabriel",1,151097,6.618265087989834
influera,"Levertin, Oscar",2,563813,3.547275426426847
influera,"Lindberg, Per",2,524704,3.8116728669878635
influera,"Lindeberg, Anders",2,420459,4.756706361381252
influera,"Linder, Sten",4,185504,21.56287735035363
influera,"Lindqvist, Märta",2,63252,31.61955353190413
influera,"Ljunggren, Gustaf",1,1909848,0.5236018782646578
influera,"Lundegård, Axel",1,997912,1.0020923688661927
influera,"Lénström, Carl Julius",1,594590,1.6818311777863737
influera,"Löfgren, Eliel",1,103123,9.697157763059646
influera,"Meyer, Ernst",1,823782,1.2139133897074712
influera,"Mortensen, Johan",3,392455,7.64418850568855
influera,"Nilsson, Albert",1,135571,7.376208776213202
influera,"Nordin, Jonas",4,196759,20.329438551730796
influera,"Norström, Vitalis",2,240646,8.3109629912818
influera,"Odén, Klas",1,645415,1.5493907021063966
influera,Omar Khayyam,1,44187,22.631090592255642
influera,"Pauli, Georg",1,50904,19.644821625019645
influera,"Reuterskiöld, Edgar",1,133056,7.515632515632515
influera,"Ruin, Hans",1,324767,3.079130576690366
influera,"Rydberg, Viktor",1,840566,1.189674576416367
influera,"Schreiner, Olive",1,61056,16.37840670859539
influera,"Sederholm, Theodor",1,217469,4.59835654736997
influera,"Silfverstolpe, Gunnar Mascoll",1,54768,18.258837277242186
influera,"Stam, Per",4,238205,16.792258768707626
influera,"Steffen, Richard",1,100281,9.971978739741328
influera,"Stenhammar, Jakob Axel",1,411692,2.429000320628042
influera,"Strindberg, August",1,1575196,0.6348416324063799
influera,"Ström, Fredrik",3,554469,5.410582016307494
influera,"Stålberg, Wilhelmina",1,3336754,0.29969245560206115
influera,"Söderberg, Hjalmar",1,783283,1.276677778018928
influera,"Söderhjelm, Werner",1,124684,8.02027525584678
influera,"Sörman, Py",1,271409,3.684476196441533
influera,"Tersmeden, Carl",4,627992,6.369507891820278
influera,"Topelius, Zacharias",3,2307429,1.3001483469263844
influera,"Uddgren, Gustaf",1,335781,2.978131579809459
influera,"Upmark, Gustaf, d. y.",2,138103,14.48194463552566
influera,"Wahlenberg, Anna",2,992911,2.0142792254290667
influera,"Wallmark, Peter Adam",1,399034,2.5060521158598013
influera,"Warburg, Karl",2,558375,3.581822252070741
influera,"Wigström, Eva",2,816884,2.4483280367836806
influera,"Witt, Otto",9,554078,16.24320041582593
influera,"Zachrisson, Waldemar",4,585293,6.834183904471778
kondensation,"Strindberg, August",1,1575196,0.6348416324063799
kondensation,"Witt, Otto",2,554078,3.6096000924057625
kraft,"Aberstén, Simon",1,24082,41.524790299808984
kraft,"Adelborg, Ottilia",7,85133,82.22428435506795
kraft,"Adlerbeth, Gudmund Jöran",1,972,1028.80658436214
kraft,"Adlersparre, Carl August",75,199744,375.4806151874399
kraft,"Adlersparre, Georg Axel",21,51236,409.8680615192443
kraft,"Adlersparre, Karin Alcyone",25,12368,2021.3454075032341
kraft,"Afzelius, Anders Johan",20,104063,192.19126875066067
kraft,"Afzelius, Arvid August",29,79683,363.94212065308784
kraft,"Agardh, Carl Adolph",9,10371,867.8044547295343
kraft,"Agrell, Alfhild",125,704037,177.5474868508331
kraft,"Ahlberg, Axel Viktor Heribert",1,2458,406.83482506102524
kraft,"Ahlbom, Mathilda",60,395655,151.64726845357697
kraft,"Ahlbom, Sophia",2,12389,161.43352974412787
kraft,"Ahlborg, Georg",4,18847,212.2353690242479
kraft,"Ahlin, Johan Olof",37,81227,455.51356076181565
kraft,"Ahlqvist, Abraham",2,165083,12.115117849808884
kraft,"Ahlstrand, J.E.",70,112036,624.7991716948123
kraft,"Ahlström, Olof Crispin",1,151393,6.605325213186871
kraft,"Ahnfelt, Arvid",278,834238,333.2382365703792
kraft,"Ahnfelt, Paul Gabriel",10,11640,859.106529209622
kraft,"Ahnfelt-Laurin, Emilia",22,14138,1556.0899702928277
kraft,"Ahrenberg, Jac",138,612997,225.12345084886223
kraft,"Aikio, Matti",2,32848,60.88650754992694
kraft,"Alcenius, Maria Charlotta",1,14053,71.1591830925781
kraft,"Alcott, Louisa May",68,411350,165.30934727118026
kraft,"Alfredson, Cai",2,24371,82.06474908702967
kraft,"Alfthan, Georg Edvard von",14,95134,147.16084680555846
kraft,"Alfthan, Johannes",76,158529,479.40755319216044
kraft,"Alin, Johan",6,26936,222.75022275022275
kraft,"Allardt, Anders",39,104935,371.65864582836997
kraft,"Allvarsson, Anders",1,5759,173.64125716270186
kraft,"Alm, Leopold",3,17961,167.02856188408217
kraft,"Almkvist, Johan Alfred",20,34984,571.6899153898926
kraft,"Almquist, C. A.",9,32996,272.7603345860104
kraft,"Almquist, Johan Axel",3,710363,4.223192930938126
kraft,"Almquist, Viktor",22,57218,384.49438987731133
kraft,"Almqvist, C.J.L.",429,2529302,169.61201153519823
kraft,"Almqvist, Carolina",62,186124,333.11125916055965
kraft,"Almqvist, Gertrud",11,65623,167.6241561647593
kraft,"Almén, Ruth",10,12459,802.6326350429408
kraft,"Alströmer, Jonas, d. y.",1,10370,96.43201542912247
kraft,"Althén, Gustaf",10,41569,240.56388173879574
kraft,"Altén, Victor August",54,73223,737.4731983120058
kraft,"Ameen, Georg",25,156508,159.73624351470852
kraft,"Amiel, Henri Frédéric",39,79311,491.73506827552296
kraft,"Aminoff, Ivan",2,34559,57.87204490870685
kraft,"Améen, Elin",28,180341,155.2614214183131
kraft,"Andelin, Karl August",8,11466,697.7149834292692
kraft,"Anders, Ludwig",6,42039,142.72461285948762
kraft,"Anderson, Alfred",13,165183,78.70059267600176
kraft,"Anderson, August",10,53800,185.87360594795538
kraft,"Anderson, Hedda",104,504419,206.1778005983121
kraft,"Anderson, William",2,12007,166.56950112434413
kraft,"Andersson, Anders",9,12120,742.5742574257425
kraft,"Andersson, Carl Gustaf",10,37115,269.43284386366696
kraft,"Andersson, Christen",3,10873,275.91281155154974
kraft,"Andersson, Dan",47,320870,146.4767662916446
kraft,"Andersson, F. A.",2,3490,573.0659025787966
kraft,"Andersson, Hilding",6,35557,168.7431448097421
kraft,"Andersson, Hilma",6,78576,76.35919364691509
kraft,"Andersson, J.",1,20115,49.71414367387522
kraft,"Andersson, Johan",12,20092,597.2526378658173
kraft,"Andersson, Magnus Ernhold",3,30915,97.0402717127608
kraft,"Andræ, Tor",5,8066,619.8859409868584
kraft,"Andrée, Andreas",3,18924,158.5288522511097
kraft,"Andrén, Olof",41,258552,158.5754509731118
kraft,"Angered Strandberg, Hilma",166,618309,268.47417715090677
kraft,"Angerstein, Uno",1,9300,107.52688172043011
kraft,"Anholm, Maria",65,154652,420.29847657967565
kraft,Anonym,2701,11696629,230.92123380163636
kraft,"Anrep, Gabriel",3,701580,4.276062601556487
kraft,"Antell, G. W.",3,9442,317.7292946409659
kraft,"Appelberg, Henrik Adolf",5,10795,463.1773969430292
kraft,"Arbman, Eva",1,12270,81.49959250203749
kraft,"Arckenholtz, Johan",3,976901,3.070935540039369
kraft,"Arfvidsson, Mathilda Katarina Johanna",26,104045,249.89187370849152
kraft,"Arfvidsson, Nils",2,18882,105.92098294672175
kraft,"Arfwedson, Carl David",124,505670,245.21921411197025
kraft,"Arfwidsson, Alvar",3,26904,111.50758251561106
kraft,"Arfwidsson, Nils",44,206738,212.82976521007265
kraft,"Armfelt, Gustaf Johan Philip",12,77667,154.50577465332768
kraft,"Armfelt, Gustaf Mauritz",1,2316,431.77892918825563
kraft,"Arneson, Rolf",1,10100,99.00990099009901
kraft,"Arnoldson, K. P.",33,68739,480.07681228996637
kraft,"Arosenius, Fredrik Reinhold",77,66932,1150.421323133927
kraft,"Arosenius, Ivar",3,19538,153.54693417954755
kraft,"Arrhén von Kapfelman, Erik Jakob",2,2907,687.9944960440316
kraft,"Arvidson, Bernt",4,20350,196.56019656019657
kraft,"Arvidsson, Adolf Ivar",42,337588,124.41200516606041
kraft,"Asp, Pehr Olof von",2,45124,44.32231185178619
kraft,"Asteropherus, Magnus Olai",4,30045,133.1336328840073
kraft,"Atterbom, P.D.A.",484,1110581,435.8079239605216
kraft,"Atterling, Carl Henrik",1,16544,60.44487427466151
kraft,"Aurelius, Hedvig",5,18591,268.9473401108063
kraft,"Aurell, Fr.",1,3729,268.1684097613301
kraft,"Aurell, Wilhelm",27,212084,127.30804775466325
kraft,"Austen, Jane",8,163429,48.950920583250216
kraft,"Avellan, Herman",6,37900,158.31134564643799
kraft,"Axelson, Maximilian",71,431878,164.39827914364704
kraft,"Axelsson, Arvid",7,57057,122.684333210649
kraft,"Backlund, A.",13,27412,474.2448562673282
kraft,"Backlund, Gusten",2,37637,53.13919812950022
kraft,"Backman, Anders",16,85526,187.07761382503566
kraft,"Bagge, Peter",120,239146,501.7855201425071
kraft,"Bagger, Alban Agathon",15,46140,325.0975292587776
kraft,"Bahr, Johan Fredrik",5,7485,668.002672010688
kraft,"Barkstedt, Zacharias Ludvig",2,12098,165.31658125309968
kraft,"Barnekow, Eva Agatha Stanislas",1,922,1084.5986984815618
kraft,"Barnekow, Kjell Christoffer",2,41861,47.77716729175127
kraft,"Barthelson, Fredrik",4,28595,139.88459520895262
kraft,"Bechman, H.",4,37309,107.21273687314053
kraft,"Becker, Hugo von",8,92134,86.83005188095599
kraft,"Beckman, Edvard",36,57597,625.0325537788426
kraft,"Beckman, Ernst",10,73165,136.67737306088978
kraft,"Beckman, Susen",2,17920,111.60714285714286
kraft,"Behm, Oscar",20,105179,190.1520265452229
kraft,"Bellander, Gustaf",1,3535,282.88543140028287
kraft,"Bellman, Carl Michael",39,261940,148.8890585630297
kraft,"Benedictsson, Victoria",152,715264,212.50894774516823
kraft,"Bengtsson, Jakob",4,11288,354.3586109142452
kraft,"Bensow, Oscar",29,76279,380.18327455787306
kraft,"Benzelstierna, Gustaf",2,92912,21.52574479076976
kraft,"Benzon, Karl",18,240552,74.827895839569
kraft,"Berg, Anders Henrik",8,34619,231.08697536035126
kraft,"Berg, Carl Oscar",55,295210,186.308051895261
kraft,"Berg, Daniel",9,145157,62.00183249860496
kraft,"Berg, Johan August",61,133607,456.56290463823
kraft,"Berg, Per Gustaf",131,897377,145.9810090965113
kraft,"Berg, Ruben G:son",21,94593,222.0037423487996
kraft,"Berg, Wilhelm",185,3078479,60.09461165725022
kraft,"Bergenström, A. J.",11,23494,468.20464799523285
kraft,"Berger, Henning",25,498496,50.150853768134546
kraft,"Berger, Lars",35,149277,234.46344714858952
kraft,"Berggren, August",1,1143,874.8906386701663
kraft,"Berggren, August J.",2,13072,152.99877600979192
kraft,"Bergh, Richard",42,82704,507.8351712130006
kraft,"Berghman, Nils",3,10716,279.9552071668533
kraft,"Bergklint, Olof",38,87150,436.02983362019506
kraft,"Berglind, Anders Georg",1,2302,434.4048653344918
kraft,"Berglund, Alrik",5,25581,195.45756616238614
kraft,"Berglund, Erik Wilhelm",11,6580,1671.7325227963527
kraft,"Berglund, Victoria",11,60959,180.44915434964486
kraft,"Bergman, Bengt",3,83717,35.835015588231784
kraft,"Bergman, Carl Johan",54,182803,295.3999660837076
kraft,"Bergman, Carl Wilhelm",15,128252,116.95724043289773
kraft,"Bergman, Dan",3,48251,62.17487720461752
kraft,"Bergman, Daniel Fredrik",12,20406,588.0623346074684
kraft,"Bergman, Hjalmar",191,1469793,129.95027190903753
kraft,"Bergman, Johan",18,29220,616.0164271047228
kraft,"Bergman, Johan Magnus",33,202066,163.31297694812585
kraft,"Bergstedt, Anna Elisabet Matilda",16,120779,132.47336043517498
kraft,"Bergsten, Richard",10,17597,568.2786838665681
kraft,"Bergstrand, Erik",2,289651,6.904861367645891
kraft,"Bergstrand, Per Emanuel",8,77785,102.84759272353281
kraft,"Bergström, Adil",1,26750,37.38317757009346
kraft,"Bergström, E. O.",9,12110,743.1874483897606
kraft,"Bergström, Frans Frode Theodor",11,19449,565.5817779834439
kraft,"Bergström, Ottilia E:a",9,19206,468.6035613870665
kraft,"Bergström, Richard",51,250786,203.3606341661815
kraft,"Bergsøe, Vilhelm",22,82959,265.1912390457937
kraft,"Berlin, Anna Catharina",37,124922,296.1848193272602
kraft,"Berndes, Anton Ulric",1,1210,826.4462809917355
kraft,"Berndtson, Charlotta",13,200987,64.68080025076249
kraft,"Berndtson, Fredrik",78,163870,475.98706291572586
kraft,"Bernhardt, Gustaf",41,17252,2376.536053790865
kraft,"Beskow, Bernhard von",36,165358,217.70945463781612
kraft,"Beskow, Carl Adolf",6,54121,110.86269655032243
kraft,"Beskow, Elisabeth",66,291228,226.62656063290618
kraft,"Beskow, Eugenie",3,23777,126.17235143205619
kraft,"Biberg, Jacob Fredrik",3,3499,857.3878250928836
kraft,"Billing, Lars Theodor",3,14021,213.96476713501175
kraft,"Billmark, Carl Johan",5,43905,113.88224575788635
kraft,"Bjarke, Fredrik Constantin",19,114160,166.43307638402243
kraft,"Bjelkengren, Conrad",22,22008,999.636495819702
kraft,"Bjerre, Andreas",53,63395,836.0280779241265
kraft,"Bjursten, Herman",313,1516337,206.41849404189173
kraft,"Bjurström, Gustaf",58,259622,223.40171480074878
kraft,"Bjurström, Per Gustaf",5,17210,290.5287623474724
kraft,"Björck, Ernst Daniel",30,46536,644.6621970087674
kraft,"Björck, Johan Henrik",2,3408,586.8544600938967
kraft,"Björck, Theodor",43,170512,252.18166463357417
kraft,"Björk, Charlotte",7,20503,341.4134516899966
kraft,"Björklund, Carl Peter",2,13905,143.83315354189142
kraft,"Björklund, Ulrik",2,3242,616.9031462060457
kraft,"Björkman, Carl Gustaf",65,266330,244.05812338076822
kraft,"Björkman, Göran",2,39312,50.875050875050874
kraft,"Björkstén, Emilie",18,68378,263.24256339758404
kraft,"Björlin, Gustaf",201,863549,232.76038765605657
kraft,"Björlin, Knut Salomon",9,9937,905.705947469055
kraft,"Björling, Fridolf",85,410057,207.28825504746902
kraft,"Björndal, Maria",1,6186,161.65535079211122
kraft,"Blachet, Gustaf",6,17198,348.87777648563787
kraft,"Blanche, August",163,1382410,117.91002669251525
kraft,"Blanche, Thore",12,87983,136.38998442881012
kraft,"Blicher-Clausen, Jenny",9,31237,288.1198578608701
kraft,"Blixén, Amalia",11,101428,108.4513152186773
kraft,"Blom, Lydia",5,37775,132.36267372600926
kraft,"Blomberg, Harry",38,295674,128.51992397031867
kraft,"Blomgren, E. G.",4,8061,496.2163503287433
kraft,"Blomgren, Joseph C.",3,42011,71.40986884387422
kraft,"Blomqvist, Petter",8,29051,275.3777838972841
kraft,"Blum, Fredrique",1,1260,793.6507936507936
kraft,"Blumauer, Karl",5,17434,286.7959160261558
kraft,"Blumenberg, Henrik Germund",4,57152,69.98880179171333
kraft,"Boberg, Carl",94,94744,992.1472599848012
kraft,"Bohlin, S. A. T.",4,10166,393.4684241589612
kraft,"Bohman, John G.",24,151148,158.78476724799535
kraft,"Boije, Gustaf Adolf",2,3341,598.623166716552
kraft,"Boisman, Alexander Wilhelm",4,34257,116.76445689931985
kraft,"Bolander, Sophie",436,966157,451.27241224769887
kraft,"Bollsten, Johan Christian",34,107829,315.31406207977443
kraft,"Bolm, Jonas Adolf",37,95392,387.8731969137873
kraft,"Bonaparte, Napoleon",37,82500,448.4848484848485
kraft,"Bonde, Krister",4,29334,136.3605372605168
kraft,"Bondeson, August",59,762695,77.35726601065957
kraft,"Bonggren, Jakob",5,29060,172.0578114246387
kraft,"Bore, Erik",5,53039,94.27025396406418
kraft,"Borelius, Hilma",17,80317,211.66129212993513
kraft,"Borgström, Ferdinand Ludvig",4,37312,107.2041166380789
kraft,"Borgström, Gustaf",15,64685,231.8930200200974
kraft,"Bothén, Gustaf",1,11068,90.35056017347307
kraft,"Botin, Anders",1,581,1721.170395869191
kraft,"Boye, Karin",106,431682,245.55112328056302
kraft,"Brag, Eva",35,104257,335.7088732651045
kraft,"Brag, Hanna",2,23418,85.40438978563498
kraft,"Brager, Martin H.",7,3600,1944.4444444444443
kraft,"Brahe, Per, d. ä.",1,72820,13.732491073880801
kraft,"Brandt, Erastus",15,56132,267.22725005344546
kraft,"Brandt, G. J. W.",42,79180,530.4369790351099
kraft,"Branting, Anna",84,487838,172.1883084138587
kraft,"Bratt, Erland Axel",6,14394,416.84035014589415
kraft,"Bratt, Iwan",4,6487,616.617851086789
kraft,"Braun, Wilhelm von",137,859117,159.46605642770425
kraft,"Braunerhjelm, Augusta",25,182117,137.2743895407897
kraft,"Bredberg, Henrik Wilhelm",15,25162,596.1370320324298
kraft,"Bremer, Fredrika",867,2174414,398.7281170926972
kraft,"Brenner, Sophia Elisabeth",18,98020,183.63599265456028
kraft,"Brinkman, Carl Gustaf von",96,438137,219.10954792679001
kraft,"Broberg, Johan Valentin",14,32291,433.5573379579449
kraft,"Broman, Pehr Gustaf",3,16469,182.16042261218047
kraft,"Brontë, Charlotte",85,440109,193.13397362926003
kraft,"Bruce, Robert Edward",1,492,2032.520325203252
kraft,"Bruhn, August",1,5266,189.89745537409797
kraft,"Bruhn, Johan Niklas",13,40203,323.3589533119419
kraft,"Brunius, Carl Georg",8,111909,71.48665433521879
kraft,"Brunius, Louise",175,1104264,158.4765961762767
kraft,"Bruzelius, Janne",43,242549,177.28376534226075
kraft,"Bruzelius, Viktor",16,29979,533.7069281830614
kraft,"Bråkenhielm, Malvina",23,139530,164.8391027019279
kraft,"Bugge Wicksell, Anna",1,8276,120.8313194780087
kraft,"Burghausen, Carl Fredrik von",4,63141,63.35027953310844
kraft,"Burnett, Frances Hodgson",2,71418,28.004144613402783
kraft,"Bursell, Bernhard Salomon",5,27180,183.95879323031642
kraft,"Busch, Oscar",17,51393,330.78434806296576
kraft,"Butenschön, Andrea",3,27834,107.78184953653805
kraft,"Bygdén, Leonard",106,1657994,63.93268009413786
kraft,"Byron, George Gordon",12,13628,880.540064572938
kraft,"Bäcklund, C. M.",13,21187,613.5838013876433
kraft,"Bäckman, Jonas",9,37740,238.4737678855326
kraft,"Bäckman, Nils P.",2,5885,339.84706881903145
kraft,"Bäckman, Wilhelm",19,195807,97.03432461556532
kraft,"Bäckmann, Ida",206,752232,273.85168405491925
kraft,"Bäckström, Edvard",63,242635,259.6492674181384
kraft,"Bäckström, Per Olof",28,413463,67.7206908477905
kraft,"Bååth, Albert Ulrik",99,224022,441.9208827704422
kraft,"Bååth-Holmberg, Cecilia",67,335640,199.61863901799546
kraft,"Böhme, Jakob",495,247997,1995.991886998633
kraft,"Börjeson, Hjalmar",4,150570,26.56571694228598
kraft,"Börjesson, Johan",8,105669,75.70810739195034
kraft,"Börk, Isak",3,59872,50.10689470871192
kraft,"Böttiger, Carl Wilhelm",283,780026,362.80841920653927
kraft,"Böös, Erik Kristian",1,1160,862.0689655172414
kraft,"Bützow Runquist, Johan Gustaf",24,58722,408.7054255645244
kraft,"Cajander, Zacharias",2,6976,286.697247706422
kraft,"Cardon, O. B.",1,37300,26.80965147453083
kraft,"Carlander, Marta",2,3808,525.2100840336135
kraft,"Carlberg, Frigga",19,118598,160.20506247997437
kraft,"Carlgren, Wilhelm Mauritz",1,2486,402.2526146419952
kraft,"Carlquist, Gustaf",1,3549,281.7695125387433
kraft,"Carlsson, Carl Adolf",10,13150,760.4562737642585
kraft,"Carlstedt, Fredrik",13,54952,236.570097539671
kraft,"Carlström, Anna",1,17514,57.09717939933767
kraft,"Carlén, Christina Serafia",2,24721,80.90287609724525
kraft,"Carlén, Johan Gabriel",29,86268,336.16172856679185
kraft,"Carlén, Octavia",64,332440,192.51594272650703
kraft,"Carlén, Rosa",111,634900,174.8306819971649
kraft,"Carroll, Lewis",5,93868,53.266288831124555
kraft,"Carstens, Fredrika Vilhelmina",33,119145,276.9734357295732
kraft,"Carter, Chichering",2,33114,60.3974149906384
kraft,"Cassel, Hjalmar",3,26241,114.32491139819366
kraft,"Cassirer, Ernst",11,53043,207.3789189902532
kraft,"Cavallin, Christian",141,227529,619.7012248988041
kraft,"Cavallin, Severin",20,186485,107.24723168083224
kraft,"Cederberg, Björn",10,160355,62.3616351220729
kraft,"Cederblad, Albert",33,67433,489.37463853009655
kraft,"Cederborg, Carl August",10,99853,100.14721640811993
kraft,"Cederborgh, Fredrik",85,644243,131.93779365860397
kraft,"Cederlund, Anna",5,4392,1138.4335154826958
kraft,"Cederman, Rosalba",35,81481,429.5479927835937
kraft,"Cederqvist, August",13,161625,80.43310131477185
kraft,"Cederström, Claes Henrik",6,24960,240.3846153846154
kraft,"Cederström, Rudolf",10,27826,359.37612305038454
kraft,"Celsius, Olof",1,2696,370.919881305638
kraft,"Centervall, Frans Jonas Gustaf",2,7733,258.631837579206
kraft,"Christiernsson, Henrik",7,68651,101.9650114346477
kraft,"Christoffersson, Olof",4,15923,251.20894303837215
kraft,"Chronwall, Johan Henrik",12,51116,234.76015337663355
kraft,"Chydenius, Karl",20,149994,133.33866688000853
kraft,"Chytræus, Betty",3,30807,97.38046547862498
kraft,"Cleve, Alma",16,117475,136.19919131730154
kraft,"Colliander, Harald",3,14545,206.2564455139223
kraft,"Collijn, Isak",2,66221,30.201899699491097
kraft,"Collin, August Zacharias",3,8173,367.0622782332069
kraft,"Columbus, Samuel",2,50848,39.33291378225299
kraft,"Cramær, Mauritz",13,117364,110.76650420912716
kraft,"Cramér, Catharina Christina",5,13009,384.34929664078714
kraft,"Cramér, Johan Niclas",3,4737,633.3122229259025
kraft,"Creutz, Gustaf Philip",8,21302,375.5515913998686
kraft,"Cronhamn, Anders Fredrik",6,40444,148.3532786074572
kraft,"Cronholm, Bernhard",48,139940,343.00414463341434
kraft,"Cronstrand, Baltzar",66,139436,473.33543704638686
kraft,"Crusenstolpe, Fredrik",16,321176,49.81692280867811
kraft,"Crusenstolpe, Magnus Jacob",280,1801700,155.40878059610367
kraft,"Cygnæus, Fredrik",227,322815,703.1891330948066
kraft,"Cöster, Fredrik",23,109641,209.77554017201595
kraft,"Daguerre, Louis Jacques Mandé",4,22310,179.29179740026893
kraft,"Dahl, Mattis",138,412666,334.4108795006131
kraft,"Dahlander, Gustaf Robert",39,44786,870.8078417362568
kraft,"Dahlberg, Johan",10,15117,661.5069127472382
kraft,"Dahlbergh, Erik",3,148587,20.19019160491833
kraft,"Dahlgren, Alta",3,32465,92.40720776220545
kraft,"Dahlgren, Carl Fredric",82,381115,215.15815436285635
kraft,"Dahlgren, Erik Wilhelm",3,18610,161.20365394948954
kraft,"Dahlgren, Fredrik August",71,1296307,54.770976319652675
kraft,"Dahlgren, Lotten",18,122195,147.3055362330701
kraft,"Dahlin, C. S.",3,44288,67.73843930635839
kraft,"Dahlqvist, J. P.",19,37595,505.38635456842667
kraft,"Dahlström, Carl Andreas",6,38470,155.96568754873928
kraft,"Dahlström, Johan Albert",20,9202,2173.4405564007825
kraft,"Dalström, Kata",135,382442,352.99470246468746
kraft,"Damm, Carl Ad.",2,7229,276.66343892654584
kraft,"Damm, Ivar",2,11443,174.77934108188413
kraft,"Damm, Janne",68,281292,241.74167768724314
kraft,"Dammert, Anna Johanna Natalia",4,24840,161.0305958132045
kraft,"Danielsson, Axel",125,281487,444.07024125448066
kraft,"Danielsson, Eleonore",8,43491,183.94610379158905
kraft,"Danielsson, Johan",8,49644,161.14736926919667
kraft,"Dardel, Fritz von",21,245712,85.4659113108029
kraft,"Darwin, Charles",91,433182,210.07336408253343
kraft,"De Bèsche, Jean Wathier",15,56529,265.3505280475508
kraft,"De Geer, Louis",172,487573,352.7676881205481
kraft,"De Vylder, Gustaf",4,48639,82.2385328645737
kraft,"Dehlgren, Alfred",3,11794,254.36662709852467
kraft,"Dehn, Ida",13,37496,346.7036483891615
kraft,"Dickens, Charles",29,540488,53.65521528692589
kraft,"Didring, Ernst",3,35523,84.45232666159953
kraft,"Dietrichson, Lorentz",9,20253,444.3786105762109
kraft,"Djurklou, Nils Gabriel",4,89057,44.91505440335965
kraft,"Djurström, H.",1,1164,859.106529209622
kraft,"Donner, Otto",1,12491,80.05764150188135
kraft,"Douglas, Ludvig",5,11552,432.8254847645429
kraft,"Douglass, Frederick",118,336092,351.0943432155481
kraft,"Doyle, Arthur Conan",23,317586,72.42132839608799
kraft,"Drake, Sigrid",30,217327,138.04083247824707
kraft,"Dufva, Elias Walfrid",9,9681,929.6560272699102
kraft,"Dunckel, Dorothea",60,240918,249.04739371902474
kraft,"Durling, Maria",11,55831,197.0231591768014
kraft,"Duse, Samuel August",18,183451,98.11884372393718
kraft,"Dybeck, Richard",2,66563,30.046722653726544
kraft,"Düben, Gustaf von",30,280522,106.94348393352394
kraft,"Eberstein, Carl Christian",24,89661,267.6749088232342
kraft,"Edelcrantz, Abraham Niclas",3,8250,363.6363636363636
kraft,"Edelfelt, Johanna Catharina, f. Benzelstjerna",19,57416,330.91821095165113
kraft,"Edenberg, Albert Anderson",188,686333,273.9195113742163
kraft,"Edgren, Hjalmar",17,37279,456.0208160090131
kraft,"Edwards, Amelia",9,64911,138.65138420298564
kraft,"Egge, Oscar David",11,25581,430.0066455572495
kraft,"Ehrenborg, Anna Fredrika",86,199937,430.13549268019426
kraft,"Ehrenborg-Posse, Betty",125,276106,452.7246782032987
kraft,"Ehrenström, Marianne",1,96371,10.376565564329518
kraft,"Ehrnrooth, Adelaide",87,466005,186.69327582322077
kraft,"Eichhorn, Christoffer",36,122666,293.4798558687819
kraft,"Ejserman, Jakob Samuel",35,49576,705.9867677908666
kraft,"Ek, Johan Gustaf",1,1706,586.1664712778429
kraft,"Ek, Karin",45,146644,306.86560650282314
kraft,"Ek, Karl",1,3641,274.64982147761606
kraft,"Ekbohrn, Carl Magnus",87,246065,353.56511490866234
kraft,"Ekeblad, Karl Johan",55,71881,765.1535176193987
kraft,"Ekebohm, David",8,21175,377.8040141676505
kraft,"Ekelund, Jacob",14,46695,299.8179676624906
kraft,"Ekelund, Vilhelm",1875,1301987,1440.1065448426136
kraft,"Ekermann, Agnes",142,274026,518.1990030143126
kraft,"Ekerot, Hjalmar",12,94950,126.38230647709321
kraft,"Ekevall, Anders Fredrik",16,13913,1150.0035937612306
kraft,"Eklund, R. R.",3,5260,570.3422053231939
kraft,"Ekman, Ernst",12,18284,656.311529205863
kraft,"Ekman, Lotten",4,28567,140.02170336402142
kraft,"Ekmarck, Carl Eric",79,64051,1233.392140637929
kraft,"Ekmarck, Lars August",15,39190,382.7507017096198
kraft,"Ekström, Carl Otto",53,305073,173.72891078528747
kraft,"Ekström, Fredrik August",3,7028,426.86397268070573
kraft,"Ekström, Hedvig Aurora",51,189156,269.61872739960666
kraft,"Elfving, Lars",3,11316,265.11134676564154
kraft,"Elgenstierna, Gustaf",39,9471030,4.117820342666003
kraft,"Elgström, Ossian",37,281299,131.53263964678155
kraft,"Elgström, Per",33,104945,314.4504264138358
kraft,"Elkan, Sophie",66,1077057,61.27809391703503
kraft,"Elliot, Hilda Maria",4,8160,490.19607843137254
kraft,"Ellmin, Johannes",2,13289,150.50041387613817
kraft,"Elmblad, Magnus",39,98880,394.41747572815535
kraft,"Elmblad, Sigrid",11,83538,131.67660226483756
kraft,"Elster, Otto",17,53951,315.1007395599711
kraft,"Emanuelsson, Vendela",117,463020,252.68886873137228
kraft,"Enander, Johan Alfred",49,65628,746.632534893643
kraft,"Enander, Samuel",3,12949,231.6781218626921
kraft,"Enbom, Per Ulrik",3,26947,111.32964708501873
kraft,"Eneberg, Karl Fredrik",6,24235,247.57582009490406
kraft,"Eneroth, Carl",114,861555,132.31888852133642
kraft,"Eneroth, Olof",31,39268,789.4468778649282
kraft,"Engdahl, Axel",10,66822,149.65131244201012
kraft,"Engelbert, Rolf",4,41955,95.34024550113216
kraft,"Engelke, Wilhelm",4,30904,129.43308309603935
kraft,"Engström, Agnes",6,23155,259.123299503347
kraft,"Engström, Albert",42,354444,118.49544638927446
kraft,"Engström, C. A.",2,19960,100.20040080160321
kraft,"Engström, Gustaf",1,4326,231.16042533518262
kraft,"Engström, Jon",128,346862,369.02283905414833
kraft,"Engström, Thekla",1,8083,123.71644191513052
kraft,"Ennes, Barthold Anders",18,261803,68.75398677631654
kraft,"Erdeman, C. G.",4,5361,746.1294534601753
kraft,"Ericson, Alfred",7,8097,864.5177226133136
kraft,"Ericsson, Olof Abraham",39,25139,1551.374358566371
kraft,"Erikson, Anders Peter",3,11081,270.7336882952802
kraft,"Eriksson, E. W.",2,10992,181.9505094614265
kraft,"Eriksson, Erik Gustaf",20,47606,420.1151115405621
kraft,"Esselin, Hedvig",8,28153,284.1615458388094
kraft,"Essen, Gustaf von",13,39673,327.67877397726414
kraft,"Essen, Johan August von",9,60413,148.97455845596147
kraft,"Essén, Ludvig",9,14230,632.4666198172874
kraft,Eugénie,11,41997,261.92347072409933
kraft,"Evers, Edvard",10,39964,250.22520268241416
kraft,"Fagerlund, Gustaf Wilhelm",15,19514,768.6788972020088
kraft,"Fagerström, Victor",4,20256,197.47235387045814
kraft,"Fahlcrantz, Axel Magnus",13,40294,322.62867920782253
kraft,"Fahlcrantz, Christian Eric",58,46904,1236.5683097390415
kraft,"Fahlstedt, Amalia",46,144983,317.2785774883952
kraft,"Falck, Alberta",4,4888,818.3306055646481
kraft,"Falck, August",14,78704,177.88168326895712
kraft,"Falk, Hugo",34,114461,297.0444081390168
kraft,"Falkman, Charlotta",19,205708,92.36393334240769
kraft,"Fallström, Daniel",39,162476,240.0354513897437
kraft,"Fant, Johan Eric",40,597435,66.95289027258195
kraft,"Fehr, Fredrik",1,6139,162.89297931259162
kraft,"Feilitzen, Otto von",47,75453,622.9043245464064
kraft,"Feilitzen, Urban von",11,50455,218.01605390942424
kraft,"Fersen, Axel von",58,814046,71.24904489426888
kraft,"Feuk, Carl Gustaf Theodor",3,11233,267.07023947298137
kraft,"Feuk, Lars",6,22702,264.2938948110299
kraft,"Fischer, Theodor",38,17013,2233.586081231999
kraft,"Fitinghoff, Laura",46,298599,154.0527597212315
kraft,"Fitzgerald, F. Scott",2,61859,32.331592815920075
kraft,"Fjetterström, Rudolf",9,8506,1058.0766517752174
kraft,"Flink, August",4,24673,162.12053661897622
kraft,"Flodin, Sigfrid",9,52321,172.01506087421876
kraft,"Flodman, Anders",162,727913,222.55406896153798
kraft,"Flygare, Edvard",34,195321,174.0724243680915
kraft,"Flygare-Carlén, Emilie",1291,5493966,234.98507271431967
kraft,"Fogelholm, Axel",3,37756,79.45756965780274
kraft,"Fogelqvist, Torsten",4,20150,198.51116625310175
kraft,"Fornell, Bror Edvard",175,427572,409.28779246536254
kraft,"Forsman, Karl Fredrik",31,52893,586.0888964513263
kraft,"Forssberg, Edvard August",1,10545,94.8316737790422
kraft,"Forssell, Didrik Christian",9,46466,193.6900098997116
kraft,"Forssell, Emil",15,68581,218.71947040725564
kraft,"Forsslund, Karl-Erik",75,231222,324.36359861950854
kraft,"Forssman, Edith",160,716693,223.24761090173897
kraft,"Frank, Sten",15,95110,157.71212280517295
kraft,"Franzén, Frans Michael",156,427605,364.8226751324236
kraft,"Fredberg, Carl Rudolf A:son",6,31647,189.5914304673429
kraft,"Fredin, Edvard",28,67725,413.43669250645996
kraft,"Frese, Jacob",3,25844,116.08110199659495
kraft,"Frey, J. M.",2,9849,203.0663011473246
kraft,"Frick-Meijer, Anders Ludvig",16,25176,635.5258976803304
kraft,"Fridlund, Anders",3,6106,491.320013101867
kraft,"Friman, Jeanette Charlotta",52,267275,194.55616874006174
kraft,"Frosterus-Segerstråle, Hanna",6,36965,162.3157040443663
kraft,"Frunck, Gudmund",38,189241,200.80215175358404
kraft,"Frykholm, Maria Barbara",29,114913,252.3648325254758
kraft,"Frykholm, Sunny",32,98036,326.4107062711657
kraft,"Fryxell, Anders",27,52461,514.668039114771
kraft,"Fryxell, Fredrik",7,15353,455.9369504331401
kraft,"Fryxell, Olof",72,199450,360.99273000752066
kraft,"Fröding, Gustaf",115,178104,645.6901585590441
kraft,"Fröléen, Johan Fredrik",1,5341,187.2308556450103
kraft,"Furuhjelm, August Leonhard",15,36425,411.8050789293068
kraft,"Furuhjelm, Maria",46,305890,150.3808558632188
kraft,"Fåhræus, Klas",6,9979,601.2626515682934
kraft,"Fåhræus, Olof Immanuel",2,8157,245.18818192963099
kraft,"Gadelius, Bror",39,197298,197.67052884469177
kraft,"Gadolin, Sara Carolina",5,24254,206.15156262884472
kraft,"Geijer, Erik Gustaf",1336,4255809,313.92386265455053
kraft,"Geijerstam, Gustaf af",394,1634054,241.11810258412513
kraft,"Gellerstedt, Albert Theodor",5,41357,120.89851778417197
kraft,"Gernandt-Claine, Jane",30,243832,123.03553266183273
kraft,"Gestrin, Mathilda",45,257351,174.85846178954034
kraft,"Gethe, Carl",25,16285,1535.1550506601168
kraft,"Giertz, Theodor",12,37772,317.6956475696283
kraft,"Gille, Elsa",12,45578,263.28491816227125
kraft,"Goethe, Johann Wolfgang von",18,105706,170.28361682402135
kraft,"Goncourt, Edmond de",11,157664,69.76862187943982
kraft,"Gottman, Georg August",2,14798,135.15339910798755
kraft,"Govenius, Lars Johan",164,895930,183.05001506814148
kraft,"Grafström, Frithiof",31,56877,545.0357789616189
kraft,"Granath, Wilhelm",1338,4318088,309.85936368133304
kraft,"Granberg, Johan",4,35561,112.48277607491353
kraft,"Granberg, Per Adolf",4,33715,118.64155420436008
kraft,"Granberg, Robert",4,6621,604.138347681619
kraft,"Granfelt, Axel Fredrik",17,38718,439.07226612944885
kraft,"Granfelt, George",3,13641,219.92522542335607
kraft,"Granholm, J.",25,70485,354.6853940554728
kraft,"Granlund, O. F.",3,4430,677.2009029345372
kraft,"Gravallius, Daniel Ehrenfried",2,30443,65.69654764642118
kraft,"Gravallius, Wilhelmina",226,957722,235.9766195200695
kraft,"Gravander, Lars Fredric",8,27033,295.9345984537417
kraft,"Grebst, William A:son",36,55567,647.8665394928645
kraft,"Grimm, Jacob",38,312708,121.51911687580747
kraft,"Gripenberg, Alexandra",29,161312,179.77583812735568
kraft,"Gross, Amalie von",3,15772,190.210499619579
kraft,"Grubbe, Samuel",9,4553,1976.7186470459037
kraft,"Gräf, Hans Gerhard",7,35604,196.60712279519154
kraft,"Gråbergh, Otto",3,33001,90.90633617163117
kraft,"Grönlund, Karl",4,9206,434.4992396263307
kraft,"Grönstedt, Johan",18,263481,68.31612146606396
kraft,"Grönwall, Wilhelmina",23,107919,213.12280506676302
kraft,"Gullberg, Gustaf Teodor ",8,52618,152.03922612033904
kraft,"Gullbrandssen, Emilia",10,140190,71.33176403452457
kraft,"Gumælius, Gustaf Wilhelm",45,106487,422.58679463220864
kraft,"Gustafsson, Richard",93,393052,236.60991420982467
kraft,"Gustav III, kung av Sverige",1,6553,152.60186174271325
kraft,"Gylander, Ebba Karolina",11,42516,258.72612663467874
kraft,"Gyllenborg, Gustaf Fredrik",2,51577,38.776974232700624
kraft,"Gyllenhaal, Aurore",48,199328,240.8091186386258
kraft,"Gyllenhaal, Mathilda",3,8527,351.8236190922951
kraft,"Gyllensvärd, Sven",2,1569,1274.6972594008923
kraft,"Gyllensvärd, Vilhelm",1,289,3460.2076124567475
kraft,"Gynther, Otto Fredrik",3,12590,238.28435266084193
kraft,"Gällstedt, Per Johan",26,82482,315.2202904876215
kraft,"Gérard, Jean Ignace Isidore",15,99295,151.06500830857544
kraft,"Gödecke, Peter August",20,73357,272.6392845945172
kraft,"Göransson, Zacharias",5,9180,544.6623093681917
kraft,"Götberg, Reinhold",15,62296,240.7859252600488
kraft,"Göthe, Georg",11,73561,149.53575943774555
kraft,"Götlind, Johan",9,136741,65.81786004197717
kraft,"Hackzell, Emilie",64,413990,154.59310611367425
kraft,"Hagberg, Carl August",12,44710,268.3963319167971
kraft,"Hagberg, Fredrik Theodor",8,6564,1218.769043266301
kraft,"Hagberg, Louise",26,307039,84.67979637765886
kraft,"Hagberg, Theodor",6,32331,185.58040270947387
kraft,"Haglöf, Karl",1,3873,258.1977794990963
kraft,"Hagström, K. A.",183,1026078,178.34901440241384
kraft,"Hagström, Per Adolf",2,7568,264.2706131078224
kraft,"Hagström, Tore",2,647980,3.0865150158955523
kraft,"Hahn, C. von",10,47419,210.88593179948967
kraft,"Hall, Wilhelm",8,8480,943.3962264150944
kraft,"Hallbäck, Henric",11,80304,136.9794779836621
kraft,"Hallenborg, Carl",3,36757,81.6171069456158
kraft,"Hallenborg, Eleonora Charlotta Filippina Fredrika Lovisa",1,42335,23.62111727884729
kraft,"Hallgrén, Gustaf",26,15737,1652.157336214018
kraft,"Hallin, Anders Herman",1,10021,99.79044007584073
kraft,"Hallman, Axel",24,82887,289.55083426834125
kraft,"Hallonlöf, Axel",19,45803,414.81998995698973
kraft,"Hallén, Birger",4,59542,67.17946995398206
kraft,"Hamilton, Knut",1,6337,157.80337699226763
kraft,"Hammargren, Tullius",7,59915,116.83217892013685
kraft,"Hammarin, Johan",9,415181,21.677292554331725
kraft,"Hammarsköld, Carin",4,11361,352.08168295044453
kraft,"Hammarsköld, Lorenzo",31,508812,60.926236016446154
kraft,"Hammarström, Anders August",1,6874,145.47570555717195
kraft,"Hamsun, Knut",1,48503,20.6172814052739
kraft,"Hanselli, Per",50,140420,356.0746332431278
kraft,"Hansson, Ola",84,565301,148.59340422182166
kraft,"Hansson, Stina",7,88498,79.09783271938349
kraft,"Hansén, M.",4,13448,297.441998810232
kraft,"Harrison, Mary St. Leger Kingsley",40,185623,215.49053727178205
kraft,"Hartelius, Truls Johan",25,27321,915.0470334175177
kraft,"Hasselberg, Sofia",8,9378,853.0603540200469
kraft,"Hasselgren, Andreas",4,69844,57.270488517267054
kraft,"Hasselskog, Nils",27,255325,105.74757661803584
kraft,"Hauptmann, Gerhart",3,26163,114.66574934067194
kraft,"Hazelius, Artur",14,77745,180.07588912470254
kraft,"Hebbe, Wendela",58,287495,201.74263900241743
kraft,"Hedberg, Frans",232,1980962,117.11481593286494
kraft,"Hedberg, John",12,30794,389.6863025264662
kraft,"Hedberg, Tor",131,465602,281.35617974149596
kraft,"Hedborn, Samuel",21,62846,334.15014479839607
kraft,"Hedenstierna, Alfred",257,1437853,178.73871668383347
kraft,"Hedin, Greta",90,161322,557.8904303194853
kraft,"Hedin, Sven",435,2332042,186.53180345808522
kraft,"Hedlund, Henrik",1,4983,200.6823198876179
kraft,"Hedlund, Sven Adolf",11,49090,224.0782236708087
kraft,"Hedvall, Yngve",73,267199,273.2046152867339
kraft,"Hedvig Elisabet Charlotta, hertiginna och drottning av Sverige",40,882900,45.30524408200249
kraft,"Heidenstam, Verner von",131,1060212,123.56019362165303
kraft,"Helgeson, Paulina",2,17088,117.04119850187266
kraft,"Hellberg, Johan Carl",14,29907,468.11783194569836
kraft,"Hellborg, Ernst",16,10532,1519.1796429927838
kraft,"Heller, Frank",38,685394,55.44256296378433
kraft,"Helvig, Amalia von",31,77907,397.91032898199137
kraft,"Hemgren, Karl",6,21800,275.22935779816515
kraft,"Hemmer, Jarl",17,51141,332.41430554740816
kraft,"Henricsson, John August Wilhelm",6,17862,335.9086328518643
kraft,"Henriksson, Johannes",15,75170,199.5476918983637
kraft,"Hermelin, Eric",25,34651,721.479899569998
kraft,"Hermelin, Olof, d. y.",6,42611,140.8087113656098
kraft,"Hernlund, Hugo",91,139274,653.3882849634533
kraft,"Herslow, G. A.",38,60794,625.061683718788
kraft,"Hertzberg, Rafaël",60,277692,216.06672140356943
kraft,"Hessling, Carl Fredrik",3,13779,217.72262138036143
kraft,"Heurgren, Paul",13,92804,140.08016895823457
kraft,"Hildebrand, Albin",27,88952,303.5344905117367
kraft,"Hildebrand, Hans",8,38520,207.68431983385256
kraft,"Hjelm, Runo",35,223295,156.74332161490406
kraft,"Hjelmqvist, Theodor",7,8288,844.5945945945946
kraft,"Hjerta, Gustaf",3,7944,377.64350453172204
kraft,"Hjohlman, Hjalmar",7,55038,127.18485410080308
kraft,"Hjorth, Ellis",17,52329,324.8676642014944
kraft,"Hjärne, Christina Charlotta",1,12731,78.54842510407666
kraft,"Hjärne, Rudolf",90,170067,529.2031963873062
kraft,"Hodell, Frans",3,24780,121.06537530266344
kraft,"Hofberg, Herman",305,1583749,192.58102136133945
kraft,"Hoff, Johan Otto",12,34340,349.44670937682
kraft,"Hoffmann, Franz",30,154897,193.67708864600348
kraft,"Hofsten, Johanna Christina von",205,801558,255.7519231297049
kraft,"Hollander, Sven August",10,45539,219.59199806759042
kraft,"Hollertz, Johan Peter",8,27149,294.67015359681756
kraft,"Hollgren, Carl Axel",13,49840,260.8346709470305
kraft,"Holm, Nils",2,5661,353.29447094152977
kraft,"Holmberg, Axel Emanuel",9,96806,92.96944404272462
kraft,"Holmberg, Fredrik",1,5279,189.42981625307823
kraft,"Holmberg, Hulda",2,20994,95.2653138992093
kraft,"Holmberg, Teodor",75,91248,821.9358232509205
kraft,"Holmes, Ludvig",29,57410,505.13847761713987
kraft,"Holmgren, Ann Margret",28,124392,225.0948614058782
kraft,"Holmgren, Frithiof",187,107290,1742.9396961506197
kraft,"Holmkvist, Albert",9,78188,115.10717757200594
kraft,"Holmström, C. F. A.",32,101206,316.18678734462384
kraft,"Holtz, Hildegard",4,11791,339.2417945890934
kraft,"Hortling, Ivar",11,31979,343.975734075487
kraft,"Hoving, Folke",2,19414,103.01844030081385
kraft,"Hoving, Isac Wilhelm",1,17466,57.25409366769724
kraft,"Huldberg, Pehr Ulric",2,16638,120.20675561966583
kraft,"Hultgren, Gustaf",11,56485,194.74196689386562
kraft,"Hultgren, Gustaf Mikael",11,3771,2916.998143728454
kraft,"Hultgren, Johan Enoch",5,19571,255.48004700832865
kraft,"Hulth, Johan",11,14759,745.3079476929331
kraft,"Hulthén, Joh.",1,1443,693.000693000693
kraft,"Hultin, Constance",72,211848,339.86631924776253
kraft,"Hultin, Måns",24,104686,229.2570162199339
kraft,"Humble, Julius",24,29616,810.3727714748784
kraft,"Huss, Elvira",4,43491,91.97305189579453
kraft,"Hvalgren, Emanuel",30,26650,1125.703564727955
kraft,"Hwasser, Daniel",7,9167,763.6085960510527
kraft,"Hwasser, Israel",351,151164,2321.981424148607
kraft,"Hydén, Nils",106,600689,176.4640271421651
kraft,"Hyltén-Cavallius, Gunnar Olof",47,447526,105.02183113383356
kraft,"Hyvönen, Kristina",5,7239,690.7031357922365
kraft,"Hägerström, Axel",19,63718,298.18889481779087
kraft,"Hällgren, Andreas Gustaf",1,2090,478.4688995215311
kraft,"Hässler, Otto",70,401643,174.2841279444681
kraft,"Hässler, Wiktor",2,3191,626.7627702914447
kraft,"Häthén, Johan Anselm",13,100609,129.21309226808734
kraft,"Håhl, Johan Isaac",35,366984,95.37200531903298
kraft,"Hård af Segerstad, Carl Gustaf Albrekt",6,17574,341.4134516899966
kraft,"Hærén, Mortimer",12,41076,292.141396435875
kraft,"Högberg, Johan Daniel",4,17699,226.00146900954857
kraft,"Högberg, Olof",30,342748,87.52786303639992
kraft,"Höggren, Fanchette",12,117916,101.76735981546186
kraft,"Höglund, Hjalmar",24,52771,454.7952473896648
kraft,"Högman, August",52,82592,629.6009298721426
kraft,"Högström, Erik",7,21820,320.80659945004584
kraft,"Höijer, Benjamin",24,41778,574.4650294413327
kraft,"Höijer, Johan Leonard",18,58891,305.64942011512795
kraft,"Höpken, Anders Johan von",49,465537,105.25479177809713
kraft,"Hörlin, Hugo",5,27886,179.30144158359033
kraft,"Hülphers, Abraham Abrahamsson",1,59439,16.823970793586703
kraft,"Ibsen, Henrik",44,172802,254.6266825615444
kraft,"Idman, Carl Johan",6,12060,497.5124378109453
kraft,"Idström, Ellen",20,240165,83.27608102762684
kraft,"Indebetou, Axel",3,3649,822.1430528912031
kraft,"Indebetou, Hedvig",23,72245,318.3611322582878
kraft,"Indebetou, Johan Govert",12,39103,306.8818249239189
kraft,"Ingelius, Axel Gabriel",97,406515,238.61358129466316
kraft,"Ingelman, Georg Gabriel",125,166856,749.148966773745
kraft,"Iser, Carl",2,13308,150.28554253080853
kraft,"Ivendorff, Carl Johan",10,78318,127.68456804310631
kraft,"Jacobson, Harald",62,68191,909.210892933085
kraft,"Jacobsson, Christoffer Fritz",35,94800,369.19831223628694
kraft,"Jacobsson, Jacob Thimoteus",51,50548,1008.9419957268339
kraft,"Jaenzon, Anders Peter",1,5584,179.0830945558739
kraft,"Jahnsson, Evald Ferdinand",38,138548,274.27317608337904
kraft,"Jakobsson, Aug.",3,4632,647.6683937823834
kraft,"James, D.",75,311224,240.98398581086292
kraft,"Janson, Betty",97,301130,322.12001461162953
kraft,"Janson, Gustaf",50,218309,229.03315942082094
kraft,"Janzon, Gustaf",17,37302,455.7396386252748
kraft,"Jensen, Alfred",6,26471,226.66314079558762
kraft,"Johanson, Klara",52,269173,193.18430897601172
kraft,"Johanson, Olle",5,9165,545.5537370430987
kraft,"Johanson, Per Johan",1,9878,101.23506782749544
kraft,"Johansson, Anna Mathilda Cecilia Johannesdotter",3,13703,218.93016127855213
kraft,"Johansson, Johannes",117,77724,1505.326540064845
kraft,"Johansson, Konrad",19,13105,1449.8283098054178
kraft,"Johansson, Strickert",1,19789,50.53312446308555
kraft,"Johansson-Dickens, Sven Johan Julius",10,79768,125.36355430749173
kraft,"Johnson, Charles Fredrick",1,14374,69.57005704744678
kraft,"Johnson, John",128,695158,184.1308019184128
kraft,"Jolin, Ellen",16,82543,193.83836303502417
kraft,"Jolin, Johan",236,1428470,165.21173003283232
kraft,"Jonsson, Hans Jonas Bernhard",9,6420,1401.8691588785048
kraft,"Jonsson, Thorsten",48,311386,154.1495121810229
kraft,"Josephson, Ernst",3,22674,132.31013495633766
kraft,"Josephson, Ludvig",51,134746,378.4898995146424
kraft,"Juhler, Charlotta Amalia",4,27035,147.95635287590162
kraft,"Junghans, Sofie",13,95748,135.77307097798388
kraft,"Juringius, Johan Paul",4,9676,413.39396444811905
kraft,"Juringius, Sofia Maria",34,123470,275.37053535271724
kraft,"Jäderin, Axel",14,81045,172.74353754087235
kraft,"Jändel, Ragnar",59,240187,245.64193732383518
kraft,"Järta, Hans",31,129571,239.25106698258097
kraft,"Jænisch, Alexander",20,97007,206.17068871318565
kraft,"Kahlson, Gustaf",16,20885,766.1000718218818
kraft,"Kamke, Hanna",7,76341,91.6938473428433
kraft,"Kantzow, Edvard Bosanquet S:t George de",5,18050,277.0083102493075
kraft,"Karadja, Mary",16,34514,463.57999652315004
kraft,"Karl XI, kung av Sverige",1,40516,24.68160726626518
kraft,"Karl XV, kung av Sverige",69,67215,1026.5565721937069
kraft,"Karlfeldt, Erik Axel",51,193894,263.0303155332295
kraft,"Kellgren, Johan Henric",7,43249,161.8534532590349
kraft,"Kellmodin, Frithiof",30,48882,613.7228427642077
kraft,"Kerfstedt, Amanda",132,672155,196.38327469110547
kraft,"Kerfve, Axel",250,1394284,179.3034991436465
kraft,"Kernell, Samuel Erik",10,14234,702.543206407194
kraft,"Key, Ellen",355,517640,685.8048064291786
kraft,"Key, Emil",1,6775,147.60147601476015
kraft,"Key, Gustaf",8,20925,382.31780167264037
kraft,"Key, Helmer",6,27372,219.20210434020166
kraft,"Key-Rasmussen, Hedda",9,27816,323.55478861087147
kraft,"Key-Åberg, Karl",4,5354,747.1049682480389
kraft,"Keyland, Nils",30,313867,95.58188659527762
kraft,"Keyser, Hilda Fredrika",104,378660,274.6527227592035
kraft,"Kiellman-Göranson, Julius Axel",402,1984954,202.52358492942406
kraft,"Kierkegaard, Søren",17,68079,249.70989585628462
kraft,"Kinberg, August",3,7480,401.06951871657753
kraft,"Kinninmundt, Sophie Henriette",1,14650,68.25938566552901
kraft,"Kipling, Rudyard",53,334573,158.4108699745646
kraft,"Kjellander, Ernst Jonas Fredrik",43,82121,523.6175886801184
kraft,"Kjellberg, Isidor",17,68685,247.50673363907694
kraft,"Kjellenberg, Matthias",64,75592,846.6504391999154
kraft,"Kjellgren, Josef",71,289746,245.04220938339097
kraft,"Kjellin, Mårten Gustaf",7,36119,193.80381516653284
kraft,"Kjellstedt, Harald",2,12270,162.99918500407497
kraft,"Kjellstrand, Johan Fredrik",1,12113,82.5559316436886
kraft,"Kjellén, Rudolf",6,5302,1131.6484345529989
kraft,"Kjersén, Elis",5,5723,873.6676568233444
kraft,"Kleen, Tyra",15,48825,307.21966205837174
kraft,"Kleman, Anna",2,6494,307.9765937788728
kraft,"Kleman, Ellen",3,37650,79.6812749003984
kraft,"Klemming, Gustaf Edvard",41,673781,60.8506324755373
kraft,"Klinckowström, Axel",21,50191,418.4017054850471
kraft,"Klinckowström, Rudolf Mauritz",3,7751,387.04683266675266
kraft,"Klockhoff, Daniel",70,161786,432.6703175800131
kraft,"Kléen, Emil",21,109423,191.91577639070397
kraft,"Knorring, Sophie von",165,1296030,127.31186778083841
kraft,"Knutsson, Albertina",8,10887,734.8213465601176
kraft,"Knutsson, Klas",1,12371,80.83420903726457
kraft,"Knös, Thekla",33,174573,189.03266828203675
kraft,"Koch, Ebba von",8,57178,139.91395291895483
kraft,"Koch, Martin",89,442498,201.13085256882516
kraft,"Koch, Richert von",92,553374,166.2528416586251
kraft,"Kock, Carl Anton",9,8177,1100.6481594716888
kraft,"Kollander, Per M.",9,12912,697.0260223048327
kraft,"Krok, Johan Peter",20,155292,128.78963501017438
kraft,"Krona, Ola",1,13911,71.88555819135935
kraft,"Kronqvist, Olivia",15,12486,1201.3455069678039
kraft,"Krook, Axel",141,505482,278.9416833833846
kraft,"Krook, Herman Salomon",17,73168,232.34200743494424
kraft,"Krook, Max",15,27655,542.3973964924968
kraft,"Krook, Nathalia",1,6256,159.846547314578
kraft,"Kruse, Sigrid",12,31330,383.0194701563996
kraft,"Krusenstjerna, Agnes von",103,1272288,80.95651299076938
kraft,"Krusenstjerna, Fredrik von",21,31371,669.4080520225687
kraft,"Kræmer, Anders Robert von",44,75135,585.6125640513742
kraft,"Kræmer, Lotten von",87,240151,362.272070488984
kraft,"Kræmer, Vera von",14,269227,52.00072801019214
kraft,"Kröningssvärd, Gustaf Carl",5,72445,69.01787562978812
kraft,"Kullberg, Carl A.",30,49463,606.5139599296443
kraft,"Kullberg, Karl Anders af",268,1320947,202.8847485932441
kraft,"Kullgren, Karl E.",3,10694,280.5311389564242
kraft,"Kullgren, Olga",19,18644,1019.0946148895086
kraft,"Kuylenstierna-Wenster, Elisabeth",20,131767,151.78307163402064
kraft,"Källström, Axel",1,2723,367.2420124862284
kraft,"Kämpe, Alfred",34,221984,153.16419201383883
kraft,"Kärrström, E. J.",3,27653,108.48732506418834
kraft,"Kåhlman, Viktor",4,12270,325.99837000814995
kraft,"Köhler, Emmy",3,28008,107.11225364181662
kraft,"Lagerberg, Swen",3,122556,24.478605698619408
kraft,"Lagerbring, Gustaf",14,103862,134.79424621131886
kraft,"Lagerfelt, Märta",3,1118,2683.3631484794278
kraft,"Lagergren, Carl",1,16540,60.45949214026602
kraft,"Lagergren, Claes",7,34748,201.45044319097502
kraft,"Lagerheim, Gustaf Adolf",5,2539,1969.2792437967703
kraft,"Lagerhjelm, Agnes",7,47239,148.18264569529416
kraft,"Lagerlöf, Erland",1,15250,65.57377049180327
kraft,"Lagerlöf, Hedvig",9,84898,106.00956441847865
kraft,"Lagerlöf, Selma",604,4219670,143.1391554315859
kraft,"Lagerlöw, Emil",1,11005,90.86778736937755
kraft,"Lagerman, J.",3,22871,131.17047789777448
kraft,"Lagerström, Selma",6,15092,397.56162205141794
kraft,"Lagervall, Gustaf Fredrik",2,34850,57.38880918220947
kraft,"Lagervall, Jacob Fredrik",16,21288,751.597143930853
kraft,"Lagus, Aina",22,18450,1192.4119241192411
kraft,"Lagus, Gabriel",47,81704,575.2472339175561
kraft,"Lallerstedt, Anders",2,13495,148.20303816228233
kraft,"Lamberg, Adalbert",2,1754,1140.2508551881415
kraft,"Lamm, Gustaf M.",4,10267,389.59774033310606
kraft,"Lamm, Martin",33,219178,150.56255646095866
kraft,"Landahl, Martin",28,146745,190.8071825275137
kraft,"Landberg, Carlo",9,10740,837.9888268156425
kraft,"Landquist, Ellen",12,44571,269.2333580130578
kraft,"Landqvist, Rudolf",5,38814,128.81949811923533
kraft,"Lange, Ina",18,120439,149.45325019304377
kraft,"Langlet, Mathilda",74,730687,101.27455394717575
kraft,"Lannerstjerna, Johan Magnus",8,42628,187.67007600638078
kraft,"Larsson, Carl",15,106489,140.85961930340224
kraft,"Larsson, Gustaf",1,742,1347.7088948787061
kraft,"Larsson, Hans",18,132200,136.15733736762482
kraft,"Larsson, Leon",6,22591,265.5924925855429
kraft,"Laula, Elsa",1,4859,205.80366330520684
kraft,"Laurin, Carl G.",12,33112,362.406378352259
kraft,"Laurén, Ludvig Leonard",23,72075,319.1120360735345
kraft,"Lavater, Johann Caspar",3,11540,259.96533795493934
kraft,"Leczinsky, Sigismund Septimus Stanislaus",3,8685,345.4231433506045
kraft,"Leffler, Anne Charlotte",57,483270,117.94648954000868
kraft,"Leijonhufvud, Gustaf Carlsson",7,7804,896.9759097898514
kraft,"Leijonhufvud, Sigrid",4,114591,34.9067553298252
kraft,"Leijonstedt, Anders",1,8069,123.93109431156277
kraft,"Leistenius, Jacob Gabriel",25,151097,165.45662719974587
kraft,"Lenngren, Anna Maria",7,54645,128.09955165156921
kraft,"Lennstrand, Viktor E.",66,72489,910.4829698299052
kraft,"Leopold, Carl Gustaf af",4,5628,710.7320540156361
kraft,"Leufstedt, Gustaf Joakim",23,105646,217.70819529371676
kraft,"Levart, Johan",15,74990,200.02667022269637
kraft,"Levedal, Anton",1,9245,108.1665765278529
kraft,"Levertin, Oscar",134,563813,237.66745357059875
kraft,"Levin, August Henrik",15,39352,381.17503557633665
kraft,"Levin, Carl Herman",17,48113,353.33485752291483
kraft,"Lewald, August",34,91769,370.49548322418246
kraft,"Lewenhaupt, Adam",6,1160323,5.170973944324124
kraft,"Lidback, Paul Gustaf Andreios",76,90611,838.7502621094569
kraft,"Lidforss, Bengt",9,19597,459.25396744399654
kraft,"Lidholm, Alfred",3,36228,82.80887711162637
kraft,"Liebesheim, J. R.",2,10913,183.26766242096582
kraft,"Liedbeck, Carl Harald",6,18771,319.642000958926
kraft,"Liedbeck, Jetta",15,25121,597.1099876597269
kraft,"Liefde, Jan de",6,25889,231.7586619799915
kraft,"Lilja, Nils",54,103547,521.5023129593325
kraft,"Lilliecrona, Casper Henning",9,9556,941.816659690247
kraft,"Lilliestierna, August Edvard",9,83278,108.07175964840654
kraft,"Lilljebjörn, Elisabeth",6,48109,124.71678895840695
kraft,"Limborg, Ossian",27,142379,189.63470736555252
kraft,"Linck, Emma Elisabeth",63,182760,344.7143795141169
kraft,"Linck, Josef",7,34819,201.03966225336742
kraft,"Lind, Carl",34,116442,291.9908624036001
kraft,"Lind, Erik Henrik",2,224146,8.922755703871584
kraft,"Lindahl, Sven Peter August",5,21318,234.54357819682897
kraft,"Lindberg, Erik Magnus",4,17659,226.51339260433772
kraft,"Lindberg, Otto Emil",6,29295,204.8131080389145
kraft,"Lindberg, Per",230,524704,438.3423797036043
kraft,"Lindblad, Adolf",22,27336,804.7995317529997
kraft,"Lindblad, Elis Wilhelm",44,79096,556.286032163447
kraft,"Lindblad, Johan Michael",38,106424,357.06231677065324
kraft,"Lindblom, Edel",18,93988,191.51381027365196
kraft,"Lindbäck, Olof",31,26587,1165.9833753338098
kraft,"Lindeberg, Anders",271,420459,644.5337119671597
kraft,"Lindeberg, Maria",1,778,1285.3470437017995
kraft,"Lindeblad, Assar",53,116008,456.86504379008346
kraft,"Lindell, Olof",1,7718,129.5672454003628
kraft,"Linder, Marie",26,52998,490.58455036039095
kraft,"Linder, Nils",1,19886,50.286633812732575
kraft,"Linder, Sten",74,185504,398.9132309815422
kraft,"Linderman, Zenaida",13,37390,347.68654720513507
kraft,"Lindfors, Otto",27,68693,393.05314952032955
kraft,"Lindgren, Hellen",14,42817,326.9729313123292
kraft,"Lindgren, Ida",6,41886,143.2459533018192
kraft,"Lindgren, Martin",21,105917,198.26845548873175
kraft,"Lindgren, Selma Theodora",3,13633,220.05428005574709
kraft,"Lindh, Theodor",23,91213,252.15703901856094
kraft,"Lindholm, Charlotte",15,22423,668.9559826963385
kraft,"Lindholm, Fredrik",41,289127,141.8061958931542
kraft,"Lindholm, Per August",41,479022,85.59105844825498
kraft,"Lindholm, Valdemar",64,85450,748.9760093622001
kraft,"Lindhé, Wilma",203,635336,319.51597265069194
kraft,"Lindkvist, Alfred",15,141703,105.8552041946889
kraft,"Lindman, Elof M.",2,14871,134.48994687647098
kraft,"Lindman, Volmar",39,102515,380.43213188313905
kraft,"Lindorm, Erik",15,80816,185.6068105325678
kraft,"Lindqvist, Fredrika Lovisa",4,20239,197.63822323237315
kraft,"Lindqvist, Gustaf",15,87979,170.4952318166835
kraft,"Lindqvist, Josef",131,733103,178.69248932278273
kraft,"Lindqvist, Märta",15,63252,237.14665148928097
kraft,"Lindqvist, Thure",6,16503,363.57025995273585
kraft,"Lindqvist, Uno Leopold",170,90064,1887.546633505063
kraft,"Lindskoug, Anders",3,28229,106.27369017676857
kraft,"Lindstedt, Sofi",4,2511,1592.9908403026682
kraft,"Lindström, Johan Gabriel",1,2032,492.12598425196853
kraft,"Lindström, Lars",3,2181,1375.515818431912
kraft,"Lindström, Sigfrid",19,116360,163.28635269852182
kraft,"Ling, Per Henrik",346,492118,703.0834068251924
kraft,"Linnarsson, Linnar",56,500119,111.97335034261846
kraft,"Linnerhielm, Jonas Carl",16,256311,62.42416439403693
kraft,"Lipmanson, Leopold",1,2912,343.4065934065934
kraft,"Lithander, Johan Georg",4,14842,269.50545748551406
kraft,"Ljungberg, Eva",55,147072,373.96649260226286
kraft,"Ljungberg, Per Adolf",27,171664,157.28399664460807
kraft,"Ljunggren, Albert Gustaf",17,98892,171.9047041216681
kraft,"Ljunggren, Algot",4,5844,684.4626967830253
kraft,"Ljunggren, C. Aug.",21,47444,442.6270972093415
kraft,"Ljunggren, Gustaf",515,1909848,269.6549673062987
kraft,"Ljunglöf, Emanuel",8,15564,514.0066820868672
kraft,"Ljungqvist, K. O.",8,12633,633.2620913480566
kraft,"Ljungstedt, Aurora",399,2310610,172.68167280501686
kraft,"Lloyd, Llewellyn",12,136804,87.7167334288471
kraft,"Londen, Lilly",18,70211,256.3700844597
kraft,"Lovisin, Carl G. G.",7,42096,166.28658304827061
kraft,"Lovén, Nils",10,19487,513.1626212346692
kraft,"Lund, Sigurd",22,19330,1138.1272633212623
kraft,"Lundberg, A. G.",1,2144,466.4179104477612
kraft,"Lundberg, Emilie",5,93190,53.653825517759415
kraft,"Lundberg, Johan Fredrik",4,7065,566.1712668082095
kraft,"Lundberg, Theo",12,10154,1181.8002757533977
kraft,"Lundberg-Nyblom, Ellen",17,9358,1816.6274845052362
kraft,"Lundblad, Ernst",5,19086,261.972126165776
kraft,"Lundeberg, Amalia",2,1930,1036.2694300518135
kraft,"Lundeblom, Richard",59,121644,485.021867087567
kraft,"Lundegård, Axel",352,997912,352.7365138408998
kraft,"Lundegård, Karl",9,24607,365.7495834518633
kraft,"Lundequist, Nils Wilhelm",27,65002,415.3718347127781
kraft,"Lundequist, Sophie",21,33250,631.578947368421
kraft,"Lundgren, Alfred",1,730,1369.86301369863
kraft,"Lundgren, Johan Erik",2,12967,154.23768026528882
kraft,"Lundgren, Nils August",6,13398,447.82803403493057
kraft,"Lundin, Anders",25,117497,212.77138990782743
kraft,"Lundin, August",25,200208,124.87013505953809
kraft,"Lundin, Claës",102,630197,161.8541503688529
kraft,"Lundmark, Janne",3,11704,256.32262474367735
kraft,"Lundquist, Aurora",44,300269,146.53527337154352
kraft,"Lundquist, Ernst",210,1133848,185.21001051287297
kraft,"Lundqvist, Johan",12,66266,181.0883409289832
kraft,"Lundstedt, Bernhard",16,784763,20.38832105998881
kraft,"Lundström, A.",1,11579,86.36324380343726
kraft,"Lundström, Enni",3,31551,95.08414947228297
kraft,"Lundström, Georg",4,72582,55.11008238957317
kraft,"Lundström, Ingeborg",6,72982,82.21205228686526
kraft,"Lundström, Isidor",2,46261,43.23296080932103
kraft,"Lundström, Mathilda",122,360084,338.80983326112795
kraft,"Lundström, Vilhelm",5,23072,216.7128987517337
kraft,"Lunell, Lars",37,156052,237.1004536949222
kraft,"Lybeck, Mikael",63,355293,177.31843858449224
kraft,"Lyckow, Gustaf",5,43595,114.69205184080744
kraft,"Lydrikson, Albin",6,6264,957.8544061302682
kraft,"Lysander, Albert Theodor",7,42442,164.9309646105273
kraft,"Läffler, Frits",12,6322,1898.1335020563113
kraft,"Långström, Erland",1,46840,21.34927412467976
kraft,"Læstadius, Petrus",12,150434,79.76920111145087
kraft,"Lénström, Carl Julius",352,594590,592.0045745808036
kraft,"Löfgren, Eliel",11,103123,106.66873539365612
kraft,"Löfgren, Nils Isak",14,302305,46.310845007525515
kraft,"Löfving, Concordia",56,103786,539.5718112269477
kraft,"Löhman, Lars Vilhelm",40,66952,597.442944198829
kraft,"Lönegren, Johan Georg",8,28009,285.6224784890571
kraft,"Lönnbeck, Gustaf Ferdinand",4,11177,357.87778473651247
kraft,"Lönnberg, Mathilda",108,816900,132.20712449504222
kraft,"Lönnegren, August Valfrid",9,12558,716.674629718108
kraft,"Löwenhjelm, Harriet",4,10265,389.6736483195324
kraft,"Magalotti, Lorenzo",5,61692,81.04778577449264
kraft,"Magnell, Carl Jakob",6,33616,178.48643503093766
kraft,"Magnell, Ernst",2,20809,96.11225911865058
kraft,"Magnussen, Johan Peter",2,9533,209.7975453687192
kraft,"Mallander, Gustaf Richard",11,112088,98.13717793162515
kraft,"Malling, Mathilda",44,500989,87.82627961891379
kraft,"Mallén, Elias Emanuel",3,25148,119.29378081756005
kraft,"Malmgren, Thure",22,97568,225.48376516890784
kraft,"Malmgren, V. E.",3,12451,240.94450244960245
kraft,"Malmquist, Frithiof",35,25594,1367.5080096897711
kraft,"Malmqvist, Anna Elisabeth",19,28818,659.310153376362
kraft,"Malmström, Bernhard Elis",93,163620,568.3901723505684
kraft,"Malmström, Karl Robert",11,82779,132.8839439954578
kraft,"Mankell, Julius",2,30340,65.91957811470007
kraft,"Mannegard, Vilhelm",38,51409,739.1701842089907
kraft,"Mannerfelt, Otto",3,28214,106.3301906854753
kraft,"Marckhl, Theodor",1,3030,330.03300330033005
kraft,"Marholm, Laura",4,42138,94.92619488347809
kraft,"Marin, Otto Ulrik",97,174931,554.5043474284146
kraft,"Martinelle, Algot",2,3157,633.5128286347799
kraft,"Martinsson, Herman",2,5114,391.08330074305826
kraft,"Marx, Karl",5,32207,155.24575402862732
kraft,"Matsson, John Sigfrid",1,2072,482.6254826254826
kraft,"Mattsson, Sven",9,84392,106.64517963788037
kraft,"Meijer, Bernhard",65,543470,119.60181794763281
kraft,"Melander, Emil",13,29322,443.3531137030216
kraft,"Melander, Richard",196,583868,335.69231401618174
kraft,"Melefors, Evert",1,70716,14.141071327563775
kraft,"Melin, Karl Alfred",6,38446,156.0630494719867
kraft,"Melin, Per-Erik",1,11512,86.86587908269631
kraft,"Mellin, Gustaf Henrik",533,2729891,195.24589076999777
kraft,"Melsted, Ingemar von",1,13130,76.16146230007617
kraft,"Meyer, Albertine",48,335249,143.17716085655738
kraft,"Meyer, Ernst",220,823782,267.06094573564366
kraft,"Meyer, Gustaf",85,159471,533.0122718237171
kraft,"Meyer, Philipp Joel",9,30894,291.3187026607108
kraft,"Meyerson, Gerda",6,97420,61.588996099363584
kraft,"Michaelson, Knut",13,185183,70.20082836977477
kraft,"Michelsen, Albert Christian",2,8923,224.1398632746834
kraft,"Mickwitz, Gerda von",26,168663,154.15354879256267
kraft,"Milow, Cecilia",11,87317,125.97775919923956
kraft,"Moberg, Nenne",13,49321,263.57940836560493
kraft,"Modin, Johan Engelbrekt",121,314090,385.239899391894
kraft,"Modin, Victor",17,24567,691.9851833760736
kraft,"Molander, Harald",28,254305,110.10400896561215
kraft,"Molin, Lars",7,53819,130.06559021906762
kraft,"Molin, Pelle",12,59495,201.69762164887806
kraft,"Moll, Viktor",17,24438,695.637940911695
kraft,"Montell, Hilma",2,12811,156.1158379517602
kraft,"Montgomery, Lucy Maud",33,346758,95.16723478621978
kraft,"Montgomery-Cederhielm, Hugo",1,16244,61.56119182467373
kraft,"Montgomery-Cederhielm, Robert",38,33543,1132.874221148973
kraft,"Montén, R. A.",15,73222,204.85646390429105
kraft,"Mortensen, Johan",95,392455,242.06596934680408
kraft,"Munck af Rosenschöld, Nils Rudolf",4,28706,139.34369121438027
kraft,"Munthe, Axel",46,519572,88.53440909055915
kraft,"Möller, Albert Wilhelm",1,13880,72.04610951008645
kraft,"Möller, Andreas",3,6943,432.08987469393634
kraft,"Möller, Arthur",1,24062,41.55930512841825
kraft,"Möller, Fredrika",1,34778,28.753809879809076
kraft,"Möller, Peter von",14,31149,449.4526309030787
kraft,"Möller, Vilhelm",4,754,5305.039787798409
kraft,"Mörne, Arvid",34,96724,351.51565278524464
kraft,"Mörner, Birger",3,42975,69.80802792321117
kraft,"Mörner, J.C.A.",67,149517,448.10957951269756
kraft,"Mörtengren, Frans",2,11394,175.53098121818502
kraft,"Nathorst, Anita",1,5497,181.91740949608877
kraft,"Naumann, Mathilda",28,133894,209.12064767652024
kraft,"Neander, John",7,31975,218.92103205629397
kraft,"Nerman, Charlotte",4,47085,84.95274503557397
kraft,"Nerman, Gustaf",2,8002,249.93751562109472
kraft,"Nervander, Emil",78,203722,382.8747017995111
kraft,"Nervander, Johan Jakob",31,95994,322.9368502198054
kraft,"Nettelbladt, Fredrik",14,37435,373.9815680512889
kraft,"Nettelbladt, Lovisa Mathilda",41,121172,338.36199782127886
kraft,"Nicander, Karl August",175,617227,283.52615812334847
kraft,"Nietzsche, Friedrich",1,4324,231.26734505087882
kraft,"Nilsdorff, Heddi",2,7904,253.03643724696357
kraft,"Nilsson, Albert",51,135571,376.1866475868733
kraft,"Nilsson, Alexander",6,15290,392.41334205362983
kraft,"Nilsson, Ernst",2,11290,177.14791851195747
kraft,"Nilsson, Karl",4,60946,65.6318708364782
kraft,"Nilsson, Lars",4,25117,159.25468805987975
kraft,"Nilsson, Nils August",2,19058,104.942806170637
kraft,"Nilsson, Nils Christer",2,6551,305.29690123645247
kraft,"Nilsson, Nils Peter",3,18411,162.94606485253382
kraft,"Nilsson, Ola",1,2942,339.9048266485384
kraft,"Nissen, Carl",22,84972,258.90881702207787
kraft,"Niurenius, Olaus Petri",3,9763,307.28259756222474
kraft,"Nonnen, Emily",96,356010,269.65534675992245
kraft,"Norberg, Augusta",3,72363,41.4576510094938
kraft,"Nordenadler, Ebba",3,58095,51.639555899819264
kraft,"Nordenberg, Anders",2,5800,344.82758620689657
kraft,"Nordenhielm, Sven",5,13856,360.8545034642032
kraft,"Nordenskiöld, Adolf Erik",15,297785,50.37191262152224
kraft,"Nordenskiöld, Gustaf",2,171081,11.69036888959031
kraft,"Nordensvan, Georg",217,846003,256.5002724576627
kraft,"Nordin, Albert",21,141167,148.75997931527905
kraft,"Nordin, Carl Gustaf",2,3683,543.0355688297584
kraft,"Nordin, Jonas",11,196759,55.90595601725969
kraft,"Nordin, Vilhelm",7,12893,542.9302722407508
kraft,"Nordlindh, Hans Magnus",1,14198,70.4324552753909
kraft,"Nordling, Johan",32,180102,177.67709409112615
kraft,"Nordlund, Johan",60,239575,250.44349368673693
kraft,"Nordlund, Sigrid",5,21761,229.76885253435043
kraft,"Nordmann, Petrus",19,95979,197.9599704101939
kraft,"Nordström, Ester Blenda",49,408622,119.91522727606443
kraft,"Nordström, Ludvig",22,343585,64.03073475268128
kraft,"Nordström, Wilhelmina",12,37324,321.5089486657379
kraft,"Nordwall, Johan",9,16579,542.8554195066048
kraft,"Noreen, Adolf",2,175580,11.390818999886092
kraft,"Noreen, Erik Adolf",9,24378,369.1853310361802
kraft,"Norlander, Emil",25,207383,120.54990042578225
kraft,"Norlin, Mauritz",31,215224,144.03598111734752
kraft,"Norling, Börje",20,120941,165.3698911039267
kraft,"Norling, Carl Gustaf",11,8262,1331.3967562333576
kraft,"Norléen, Wilhelm",6,9551,628.2064705266464
kraft,"Norman, Carl",20,54946,363.9937393076839
kraft,"Norrby, Carl",4,17883,223.6761169826092
kraft,"Norström, Vitalis",219,240646,910.0504475453571
kraft,"Norén, Victor",5,15949,313.4992789516584
kraft,"Numers, Gustaf von",2,45336,44.115052055761424
kraft,"Numers, Hedvig von",71,286710,247.63698510690244
kraft,"Nyberg, Johan Peter",22,166791,131.9016014053516
kraft,"Nyberg, Julia Christina",48,147532,325.35314372475125
kraft,"Nyberg, Sigfrid",54,152256,354.6658259773014
kraft,"Nyblom, Carl Rupert",56,95963,583.5582464074696
kraft,"Nyblom, Helena",185,1055882,175.20897221469824
kraft,"Nyblæus, Gustaf",105,94839,1107.1394679404043
kraft,"Nybom, Johan",62,151866,408.25464554278113
kraft,"Nycander, Fredrik",12,131669,91.13762540916997
kraft,"Nygren, Anders Johan",3,76609,39.15988983017661
kraft,"Nygren, Julius August",5,21740,229.9908003679853
kraft,"Nyholm, C. A. G.",27,81321,332.0175600398421
kraft,"Nylander, Conrad Wilhelm",7,70666,99.057538278663
kraft,"Nylén, Pehr Gustaf",5,65897,75.87598828474741
kraft,"Nyström, Erik",1,8102,123.42631449024933
kraft,"Nyström, Ludvig",68,278010,244.59551814682925
kraft,"Nèlson, Johannes Fredrik",73,299170,244.0084233044757
kraft,"Odel, Anders",4,5315,752.5870178739417
kraft,"Odhner, Clas Theodor",20,79891,250.3410897347636
kraft,"Odén, Klas",69,645415,106.90795844534136
kraft,"Ofvandahl, Erik",13,49617,262.00697341636936
kraft,"Ohlson, Carl Otto",2,30264,66.08511763150939
kraft,"Ohlsson, Johan",6,20113,298.3145229453587
kraft,"Oldberg, Anders Fredrik Nathanael",1,12591,79.42180922881423
kraft,"Olivecrona, Rosalie",48,88826,540.3823204917479
kraft,"Olofsson, Klas",25,258407,96.74660516162488
kraft,"Olsson Oberlin, Conrad",1,1413,707.7140835102618
kraft,"Olsson, August",8,16451,486.29262658804936
kraft,"Olsson, Helmer",7,125676,55.69878099239314
kraft,"Olsson, Johannes",42,108979,385.39535139797573
kraft,"Olsson, Paul",6,11507,521.421743286695
kraft,"Olséni, Nils",2,41550,48.13477737665463
kraft,"Olzon, Johan",3,4847,618.9395502372602
kraft,"Olán, Olivus",17,13252,1282.8252339269545
kraft,Omar Khayyam,5,44187,113.1554529612782
kraft,"Omberg, Johan Martin",14,22583,619.935349599256
kraft,"Ongelin, Hanna",71,254015,279.51105249689977
kraft,"Orczy, Emmuska",14,102234,136.94074378386838
kraft,"Oskar II, kung av Sverige och Norge",74,140073,528.2959599637333
kraft,"Oswald, Gösta",1,43590,22.941041523285158
kraft,"Oterdahl, Jeanna",60,257105,233.3676902432858
kraft,Ovidius,117,155332,753.2253495738161
kraft,"Oxenstierna, Johan Gabriel",43,141521,303.8418326608772
kraft,"Oxenstierna, Mårten Gabriel Leijonsköld",85,676468,125.65265467102657
kraft,"Paban, August Theodor",4,59259,67.500295313792
kraft,"Palm, Amy",10,139390,71.74115790228855
kraft,"Palm, August",8,29836,268.1324574339724
kraft,"Palmblad, Vilhelm Fredrik",172,1018806,168.82507562774464
kraft,"Palme, Christian Adolph",5,22087,226.37750713089147
kraft,"Palmkvist, Nanny",1,17769,56.27778715740897
kraft,"Palmstjerna, Carl Otto",103,328303,313.7345683712912
kraft,"Palmær, Henrik Bernhard",12,100059,119.92924174736905
kraft,"Panknin, Carl Ludwig",2,6955,287.56290438533426
kraft,"Paterson, Emil",10,10594,943.9305267132339
kraft,"Paul, Adolf",88,277706,316.8818822783807
kraft,"Pauli, Georg",13,50904,255.38268112525537
kraft,"Paykull, Lars Gustaf von",5,13181,379.3338896897049
kraft,"Pereswetoff-Morath, Anders Wilhelm",3,18455,162.5575724735844
kraft,"Pereswetoff-Morath, Fredrik",52,142562,364.75358089813557
kraft,"Perrault, Charles",2,36220,55.21811154058531
kraft,"Person, Johan",9,49994,180.02160259231107
kraft,"Personne, Johan Wilhelm",12,36404,329.6341061421822
kraft,"Persson, Fredrik",241,496982,484.92701948963946
kraft,"Persson, Jöns",5,12640,395.56962025316454
kraft,"Persson, Per",7,29878,234.28609679362742
kraft,"Peterson, Gottfrid",8,40161,199.1982271357785
kraft,"Peterson, Gustaf Reinhold",17,27194,625.1378980657498
kraft,"Peterson, Maria",62,104909,590.9883804058755
kraft,"Petersson, Svante",6,7104,844.5945945945946
kraft,"Petersson, Therèse",7,167213,41.8627738273938
kraft,"Petrini, Gulli",21,46643,450.2283300816843
kraft,"Pettersson, Carl",15,30587,490.4044201785072
kraft,"Pettersson, Gustaf",20,33551,596.107418556824
kraft,"Pettersson, Sven",8,296432,26.987639661035246
kraft,"Pettersson, Victor",41,363394,112.82519799446331
kraft,"Pettersson-Olin, Jonas",6,24852,241.42926122646065
kraft,"Pfeiffer, Sara",193,1362314,141.67071614914036
kraft,"Philipsson, Jonas",19,128485,147.87718410709422
kraft,"Pihl, Otto",1,5403,185.08236165093467
kraft,"Pihlstrand, Hjalmar",4,9599,416.7100739660381
kraft,"Pihlstrand, Ragnar",954,3687102,258.7397907625013
kraft,"Pinello, Nils Henrik",45,211610,212.65535655214782
kraft,"Platen, Henrica Carolina von",3,111611,26.87907105930419
kraft,"Pontin, Constans",93,265724,349.9872047688579
kraft,"Pontoppidan, Henrik",4,36980,108.1665765278529
kraft,"Porter, Eleanor H.",4,63020,63.471913678197396
kraft,"Post, Tom von",1,13868,72.10845111047014
kraft,"Poulsson, Karl",5,11156,448.18931516672643
kraft,"Preinitz, Anna",4,15448,258.9331952356292
kraft,"Procopé, Hjalmar",9,18224,493.8542581211589
kraft,"Prytz, Harald Oscar",15,90977,164.87683700275895
kraft,"Pålman, Elin",1,1168,856.1643835616438
kraft,"Quennerstedt, August",70,1839800,38.04761387107294
kraft,"Qvanten, Aurora von",74,432423,171.128732745483
kraft,"Qvanten, Emil von",43,166171,258.7695807331002
kraft,"Qvist, O.",5,22868,218.64614308203602
kraft,"Rahm, Gustaf Verner Ambrosius",10,11748,851.2087163772557
kraft,"Ramsay, Ebba",17,85664,198.44975719088532
kraft,"Randel, Rolf Ane",1,27236,36.71611102951975
kraft,"Randelin, Wendela",8,81682,97.94079478954971
kraft,"Redwitz, Oskar von",7,38390,182.33915082052619
kraft,"Reenstierna, Märta Helena",37,605548,61.10167980077549
kraft,"Regis, Julius",25,150319,166.3129744077595
kraft,"Regnér, Gustaf",8,10032,797.4481658692185
kraft,"Reuter, Jonatan",14,19594,714.5044401347351
kraft,"Reuter, Odo Morannal",26,57376,453.1511433351924
kraft,"Reuterskiöld, Edgar",21,133056,157.82828282828282
kraft,"Richter, Ludwig",1,1023,977.5171065493646
kraft,"Ridderstad, Carl Fredrik",596,2292557,259.9717258938382
kraft,"Rietz, Johan Ernst",101,1483948,68.06168410213834
kraft,"Rignell, Karl Alfred",2,15350,130.29315960912052
kraft,Rimbert,7,28958,241.72940120174044
kraft,"Ring, Herman Anakreon",14,30032,466.1694192860948
kraft,"Ringbom, Oskar Evald",14,58665,238.64314327111566
kraft,"Ripa, Ernst",7,51842,135.02565487442615
kraft,"Risberg, Emilie",85,321787,264.14988796937104
kraft,"Robertsson, Seb.",1,39754,25.15470141369422
kraft,"Rodhe, Bengt Carl",26,145541,178.64381858033133
kraft,"Rollin, Carl Gustaf",11,9930,1107.7542799597181
kraft,"Rollin, Catharina Fredrika",5,7153,699.0074094785405
kraft,"Roman, Alfred",2,8346,239.63575365444524
kraft,"Romdahl, Clara",12,58470,205.2334530528476
kraft,"Roos, Anna Maria",31,170259,182.07554373043422
kraft,"Roos, Mathilda",336,979070,343.1828163461244
kraft,"Rosander, Carl",21,27671,758.9172780166962
kraft,"Roselius, Jonas Erik",27,51910,520.1309959545367
kraft,"Rosenberg, Carl Martin",4,1933426,2.0688663543368095
kraft,"Rosendahl, Carl-Gustaf",12,18519,647.9831524380367
kraft,"Rosenius, Carl Olof",46,101527,453.0814463147734
kraft,"Rosenius, Josef",9,50108,179.6120379979245
kraft,"Rosenqvist, Peter",5,35270,141.7635384179189
kraft,"Rosén, Johan Magnus",51,404745,126.00526257273098
kraft,"Roth, Sven Olof",77,268344,286.9451152252333
kraft,"Rubenson, Olof",68,158589,428.7813152236284
kraft,"Ruda, Elias Wilhelm",15,44525,336.88938798427847
kraft,"Rudbeck, Olof, den yngste",15,7683,1952.362358453729
kraft,"Rudbeck, Thure Gustaf",74,308953,239.5186322838749
kraft,"Rudebeck, Sophia",7,28279,247.53350542805615
kraft,"Ruin, Hans",196,324767,603.5095930313116
kraft,"Runeberg, Fredrika Charlotta",43,244938,175.5546301513036
kraft,"Runeberg, Johan Ludvig",154,500896,307.44905130007027
kraft,"Runeberg, Nino",1,8352,119.73180076628353
kraft,"Runfeldt, Emil",10,9611,1040.4744563520965
kraft,"Runnqvist, Ernst",3,68182,43.99988266697955
kraft,"Runstedt, Johan Ulrik",3,15469,193.9362596160062
kraft,"Russberg, Johan Albert",12,75296,159.37101572460688
kraft,"Rusén, Lars Erik",8,21042,380.191996958464
kraft,"Ryberg, Klas",26,93264,278.7785211871676
kraft,"Rydberg, Carl August",5,3332,1500.6002400960383
kraft,"Rydberg, Carl Henrik",30,394090,76.12474307899211
kraft,"Rydberg, Viktor",422,840566,502.0426712477069
kraft,"Rydeberg, Olof Anton Arcadius",1,6979,143.2870038687491
kraft,"Rydelius, Gustaf",5,19934,250.82773151399618
kraft,"Rydforss, Karl",10,25233,396.3064241271351
kraft,"Rydqvist, Johan Erik",16,76839,208.22759275888546
kraft,"Rydström, Carl",10,11723,853.0239699735563
kraft,"Rådberg, Fredrik",93,91481,1016.6045408336157
kraft,"Rönnberg, Hanna",11,19458,565.320176791037
kraft,"Sachs, Hilda",24,58467,410.48796757145055
kraft,Sadi,17,112480,151.13798008534852
kraft,"Sager, Sophie",1,78497,12.739340356956317
kraft,"Salomonsson, Salomon",4,25665,155.85427625170465
kraft,"Saltza, Christina Gustafva von",26,180186,144.29533926054188
kraft,"Saltza, Edvard Fredrik von",21,180717,116.20378824349673
kraft,"Samzelius, Hugo",29,77418,374.5898886563848
kraft,"Sand, Arne",5,74376,67.22598687748736
kraft,"Sandahl, Anton Gustaf",38,50738,748.945563482991
kraft,"Sandberg, Algot",87,516906,168.309131640956
kraft,"Sandberg, Eric",37,135478,273.1070727350566
kraft,"Sandberg, Fredrik",6,73018,82.1715193513928
kraft,"Sandberg, Sven",1,6547,152.7417137620284
kraft,"Sandel, Maria",98,460120,212.98791619577503
kraft,"Sandell-Berg, Lina",2,7353,271.9978240174079
kraft,"Sander, Fredrik",74,173595,426.2795587430514
kraft,"Sandströmer, Clara",52,257887,201.63870222229116
kraft,"Santesson, Frithiof",9,36705,245.1982018798529
kraft,"Saxon, Johan Lindström",93,413279,225.02958050130783
kraft,"Saxén, Lily",5,13846,361.11512350137224
kraft,"Schaar, Hermania Fredrica",14,95475,146.63524482848914
kraft,"Schantz, Otto von",40,144984,275.8925122772168
kraft,"Schartau, Gustaf Johan",3,14861,201.8706681919117
kraft,"Schartau, Ivar Ejlert",3,1220,2459.0163934426228
kraft,"Schenfelt, Inga",124,462908,267.8718017403026
kraft,"Scherini, Pehr Hampus",25,79236,315.5131505881165
kraft,"Schildt, Runar",16,105782,151.25446673347074
kraft,"Schillander, Hugo",2,7273,274.98968788670425
kraft,"Schirmer, Adolf",42,249159,168.56705958845558
kraft,"Schiött, Emil",2,8610,232.28803716608596
kraft,"Schlegel, Bernhard",2,419796,4.7642188110415535
kraft,"Schmiterlöw, Adam Bonaparte",10,40815,245.00796275878966
kraft,"Scholander, Fredrik Wilhelm",169,308375,548.0340494527767
kraft,"Schreiner, Olive",34,61056,556.8658280922432
kraft,"Schröder, Gustaf",68,450001,151.1107753093882
kraft,"Schultz, Adolf Fredrik Joelsson",2,12654,158.052789631737
kraft,"Schultz, Johan Gustaf",11,58273,188.76666723868686
kraft,"Schunck, Anna Maria",2,16634,120.23566189731875
kraft,"Schwartz, Marie Sophie",676,4905025,137.8178500619263
kraft,"Schwerin, Martina von, d. y.",25,135027,185.14815555407438
kraft,"Schéele, Adolf August",24,84035,285.59528767775333
kraft,"Schéele, Frans von",22,31480,698.856416772554
kraft,"Schéele, Georg von",16,104047,153.7766586254289
kraft,"Schöldström, Birger",41,234212,175.05507830512528
kraft,"Schöldström, Karl Wilhelm",17,54619,311.2470019590252
kraft,"Schön, Alfred",7,27208,257.2772713907674
kraft,"Schön, August",13,42095,308.82527616106427
kraft,"Schönberg, Gustaf",2,21111,94.73734072284591
kraft,"Schück, Henrik",71,444831,159.61117817777986
kraft,"Schüssler, George Christian",2,18688,107.02054794520548
kraft,"Sederholm, Theodor",19,217469,87.36877440002942
kraft,"Sedgwick, Catharine",11,39871,275.88974442577313
kraft,"Seelhorst, Bertha",12,43548,275.5580049600441
kraft,"Sefbom, Augusta",31,81444,380.6296350866853
kraft,"Segerstedt, Albrekt",28,319845,87.54240335162345
kraft,"Segerstedt, Torgny",210,188372,1114.815365340921
kraft,"Segersteen, Anders Peter",1,2696,370.919881305638
kraft,"Segerstéen, Gustaf",5,59500,84.03361344537815
kraft,"Sehlstedt, Elias",8,74605,107.23141880571008
kraft,"Selin, Gustaf",2,4215,474.4958481613286
kraft,"Settervall, Hedvig Beata",5,37612,132.93629692651282
kraft,"Shierman, Jeanna",5,37075,134.86176668914362
kraft,"Sigurdh, Sigurd P.",3,34278,87.5196919306844
kraft,"Silfverhjelm, Anna Charlotta Sophia",6,12939,463.71435195919315
kraft,"Silfverskjöld, Aurore",13,70463,184.49398975348765
kraft,"Silfversparre, Gustaf Georg",7,7260,964.1873278236915
kraft,"Silfverstolpe, Carl",3,79494,37.73869726017058
kraft,"Silfverstolpe, Gudmund Leonhard",25,51620,484.30840759395585
kraft,"Silfverstolpe, Gunnar Mascoll",19,54768,346.91790826760155
kraft,"Silfverstolpe, Malla",64,547564,116.88131433037964
kraft,"Siljeström, Per Adam",16,78891,202.8114740591449
kraft,"Sillén, Abraham Wilhelm af",21,161140,130.32145960034754
kraft,"Silverstolpe, Gustaf Abraham",180,878464,204.90310359900917
kraft,"Sjöbeck, Anders Conrad",2,7425,269.36026936026934
kraft,"Sjöbeck, Pontus",1,3781,264.48029621793177
kraft,"Sjöberg, Birger",87,566959,153.45024948894013
kraft,"Sjöberg, Edvard Daniel",15,140639,106.65604846450842
kraft,"Sjöberg, Erik",1,793,1261.034047919294
kraft,"Sjögren, Arthur",1,9017,110.90163025396474
kraft,"Sjögren, Lennart",7,48769,143.53380221042056
kraft,"Sjöstedt, Helen",4,10090,396.4321110009911
kraft,"Sjöstrand, Anna",5,34152,146.4043101428906
kraft,"Sjöstrand, Nils",3,24736,121.28072445019404
kraft,"Sjöström, Carl",9,312159,28.831460890123303
kraft,"Skarstedt, Carl Wilhelm",64,788956,81.11985966264278
kraft,"Skarstedt, Ernst",52,171111,303.8963012313644
kraft,"Skoglund, Daniel Carl Alexander",1,2320,431.0344827586207
kraft,"Skytte, Nils",1,30506,32.78043663541598
kraft,"Sköldström, sjökapten",3,7427,403.9316009155783
kraft,"Smirnoff, Georg",2,2918,685.4009595613434
kraft,"Smith, Carl",3,57316,52.341405541210136
kraft,"Smith, Elsa",6,34514,173.84249869618125
kraft,"Snellman, Johan Vilhelm",46,182971,251.40596050740282
kraft,"Snoilsky, Carl",62,268030,231.3173898444204
kraft,"Snoilsky, Ebba",5,36014,138.83489753984563
kraft,"Sohlman, August",8,14122,566.491998300524
kraft,"Sommelius, Gustaf Lorentz",13,40806,318.5806008920257
kraft,"Sparre, Pehr",322,1212926,265.4737387111827
kraft,"Sparre, Sixten",4,11569,345.7515774915723
kraft,"Sparrman, Gustaf Leonard",2,18453,108.38346068389964
kraft,"Sprengtporten, Jakob Wilhelm",9,21246,423.6091499576391
kraft,"Staaff, Albert Wilhelm",31,18128,1710.0617828773168
kraft,"Staaff, Karl",9,8058,1116.9024571854059
kraft,"Stackelberg, Oskar",18,52938,340.02040122407345
kraft,"Stagnelius, Erik Johan",3,21328,140.6601650412603
kraft,"Stahre, Gustaf Wilhelm",9,27204,330.83370092633436
kraft,"Stam, Per",19,238205,79.76322915136122
kraft,"Starbäck, Carl Georg",537,1609009,333.74580254057
kraft,"Starck, Waldemar August",2,30268,66.07638430025109
kraft,"Starnberg, Märta",136,268579,506.36870343548827
kraft,"Steffen, Richard",11,100281,109.6917661371546
kraft,"Steijer, Anders",3,19160,156.57620041753654
kraft,"Stenberg, August",2,37493,53.34329074760622
kraft,"Stenberg, Elis Oscar",11,11575,950.3239740820734
kraft,"Stenborg, Gustaf Göran",3,3662,819.2244675040961
kraft,"Stenbäck, Lars",30,34241,876.1426360211442
kraft,"Stengård, Per",23,40180,572.4240915878546
kraft,"Stenhammar, Jakob Axel",39,411692,94.73101250449365
kraft,"Stenman, Isak Georg",1,3644,274.423710208562
kraft,"Sterne, Laurence",6,52170,115.00862564692352
kraft,"Sterner, Mauritz",1,268,3731.3432835820895
kraft,"Stiernhielm, Georg",23,61481,374.09931523560124
kraft,"Stiernstedt, August Wilhelm",2,3261,613.3088009812941
kraft,"Stjerngranat, August Wilhelm",4,16570,241.40012070006034
kraft,"Stjernstolpe, Jonas Magnus",4,87206,45.86840355021444
kraft,"Stjernström, Jeanette",2,18529,107.93890657887636
kraft,"Stjernström, Louise",842,2740356,307.2593487853403
kraft,"Stockenstrand, Ina",19,78099,243.2809639047875
kraft,"Stoker, Bram",50,120550,414.765657403567
kraft,"Stolpe, Mats",3,26743,112.17888793329095
kraft,"Storckenfeldt, Sigrid",31,43224,717.1941513973718
kraft,"Stowe, Harriet Beecher",64,264693,241.7895448689614
kraft,"Strandberg, Carl",21,19516,1076.0401721664275
kraft,"Strandberg, Carl Henric",5,404704,12.354708626551751
kraft,"Strandberg, Carl Vilhelm August",124,466218,265.96999686841775
kraft,"Strindberg, August",285,1575196,180.92986523581828
kraft,"Strindberg, Oskar",8,18140,441.0143329658214
kraft,"Strussenfelt, Constantia Carolina Amalia von",115,385441,298.3595414084127
kraft,"Strussenfelt, Ulrika Sophia von",478,3091227,154.63115455448596
kraft,"Stråle, Gustaf Holdo",4,16144,247.7700693756194
kraft,"Ström, Erik",3,4150,722.8915662650602
kraft,"Ström, Fredrik",217,554469,391.36543251290874
kraft,"Ström, Ulrika",33,106489,309.8911624674849
kraft,"Strömberg, Bengt Johan Gustaf Lorenz",12,34041,352.5160835463118
kraft,"Strömberg, Leonard",88,343603,256.1095217445715
kraft,"Strömberg, Theodor",38,33765,1125.4257367096106
kraft,"Strömbäck, Karl August",1,2798,357.39814152966403
kraft,"Strömer, Hjalmar",15,40024,374.7751349190486
kraft,"Strömsten, Lars Magnus",13,21372,608.272506082725
kraft,"Sturlasson, Snorre",13,58335,222.85077569212308
kraft,"Sturzen-Becker, Oscar Patric",223,1219159,182.9129752558936
kraft,"Stuxberg, Anton",14,103928,134.70864444615503
kraft,"Styffe, Carl Gustaf",39,1150524,33.897597964058114
kraft,"Ståhle, Artur",2,28970,69.03693476009666
kraft,"Stålberg, Wilhelmina",399,3336754,119.5772897852224
kraft,"Stéenhoff, Frida",73,327133,223.15082856208332
kraft,"Sundbeck, Carl",1,28330,35.29827038475115
kraft,"Sundblad, Johannes",111,669153,165.88134552187617
kraft,"Sundeborg, Lars Ture",1,4493,222.56843979523703
kraft,"Sundelin, Fredrik",1,9575,104.43864229765013
kraft,"Sundelius, Anna Sara",13,64919,200.24954173662564
kraft,"Sundelius, Carl Herman",2,22041,90.73998457420262
kraft,"Sundgren, Fritz",2,26992,74.09602845287493
kraft,"Sundler, Anders",33,178228,185.15609219651233
kraft,"Sundman, Gösta",5,25717,194.42392191935295
kraft,"Sundqvist, E. W.",60,516249,116.22298541982649
kraft,"Sundström, Gustaf",2,8710,229.6211251435132
kraft,"Sundström, Karin",38,137850,275.66195139644543
kraft,"Suttner, Bertha von",19,75529,251.55900382634485
kraft,"Svahn, Accacia",6,24610,243.80333197887037
kraft,"Svahn, Oscar",9,98574,91.30196603566864
kraft,"Svanlund, Yngve Fredrik",15,38238,392.27993095873217
kraft,"Svartengren, Jakob",11,14995,733.5778592864289
kraft,"Svartengren, Teodor",2,10927,183.03285439736433
kraft,"Svedberg, Eduard",2,14450,138.4083044982699
kraft,"Svedbom, Per Erik",45,127104,354.0407854984894
kraft,"Svedelius, Wilhelm Erik",120,169888,706.3477114334149
kraft,Svenska Litteratursällskapet,16,992409,16.12238502472267
kraft,"Svenson, Axel",6,26048,230.34398034398035
kraft,"Svenson, Frey",12,34719,345.6320746565281
kraft,"Svenson-Graner, Hilma",37,46877,789.2996565479873
kraft,"Svensson, Nils Peter",3,13249,226.43218356102346
kraft,"Swahn, Carl Wilhelm",5,6077,822.7743952608195
kraft,"Swedenborg, Emanuel",32,82514,387.81297719174927
kraft,"Swift, Jonathan",3,15234,196.92792437967705
kraft,"Swärd, Axel August",5,20874,239.53243269138642
kraft,"Sydow, Julius Leonard von",2,15811,126.49421288976029
kraft,"Sällberg, Thure",48,543462,88.322642613467
kraft,"Sätherberg, Herman",125,374315,333.9433364946636
kraft,"Såltin, Alexandra Theodora",1,2691,371.6090672612412
kraft,"Söderberg, Christian Johannes",16,44904,356.31569570639584
kraft,"Söderberg, Hjalmar",80,783283,102.13422224151424
kraft,"Söderberg, Mikael",8,63386,126.21083520020194
kraft,"Söderberg, Natan",14,19828,706.0722211014727
kraft,"Söderblom, Nathan",49,154055,318.06822238810815
kraft,"Söderbom, Anton Samuel Ernst",14,304113,46.03551969169355
kraft,"Södergran, Edith",42,52357,802.1849991405161
kraft,"Söderhjelm, Alma",11,130223,84.47048524454206
kraft,"Söderhjelm, Werner",39,124684,312.79073497802443
kraft,"Söderholm, Kerstin",13,47675,272.67960146827477
kraft,"Söderling, Johan Niklas",5,32610,153.32720024532352
kraft,"Söderman, Sven",4,6836,585.1375073142189
kraft,"Södling, Carl Erik",6,8121,738.8252678241596
kraft,"Sörensen, Sophia",47,125863,373.4218952352955
kraft,"Sörman, Py",40,271409,147.3790478576613
kraft,"Tamm, Hugo",47,28751,1634.7257486696114
kraft,"Tammelin, Filip",43,76235,564.0453859775694
kraft,Tankebyggarorden,42,93902,447.2748184277225
kraft,"Tavaststjerna, Karl August",139,500327,277.81830682733494
kraft,"Tegnér, Alice",15,47124,318.3091418385536
kraft,"Tegnér, Esaias",135,369317,365.53963126528157
kraft,"Tengberg, John",4,23080,173.3102253032929
kraft,"Tenggren, Johan Fredrik",11,10057,1093.765536442279
kraft,"Tengström, Jacob",37,129638,285.41014208796804
kraft,"Tengwall, Carl Johan",2,6703,298.37386244964944
kraft,"Tenow, Elna",14,54332,257.67503497018333
kraft,"Ternaux-Compans, Henri",1,16129,62.000124000248
kraft,"Tersmeden, Carl",25,627992,39.80942432387674
kraft,"Tersmeden, Minna",39,218930,178.13913122916
kraft,"Tessin, Carl Gustaf",2,56240,35.56187766714083
kraft,"Teuchler, Anton",15,26127,574.1187277528993
kraft,"Thelander, Curt",3,16393,183.0049411334106
kraft,"Thiesen, Sofia Albertina",13,9980,1302.6052104208418
kraft,"Thomander, Johan Henrik",16,94572,169.18326777481707
kraft,"Thomasson, Nils",140,707538,197.8692310519011
kraft,"Thomasson, Pehr",297,1451638,204.59646275448839
kraft,"Thomson, Niclas Hans",53,185354,285.9393376997529
kraft,"Thomée, Gustaf",9,7940,1133.5012594458437
kraft,"Thorell, Per",7,15965,438.45912934544316
kraft,"Thorild, Thomas",7,43963,159.22480267497667
kraft,"Thorsander, Gustaf",22,374435,58.75519115467304
kraft,"Thorsén, Alfred",7,17596,397.81768583769036
kraft,"Thörnberg, Carl Henrik",14,19742,709.1480093202309
kraft,"Tibell, Charlotta Cecilia af",53,144975,365.5802724607691
kraft,"Tigerschiöld, Carl Wickman",9,112340,80.11393982552964
kraft,"Tigerschiöld, Hugo",19,32637,582.1613506143334
kraft,"Tilas, Daniel",1,15706,63.66993505666624
kraft,"Tiselius, Carl August",10,266673,37.499109396151844
kraft,"Tjörner, Olof",36,100662,357.632473028551
kraft,"Tollstorp, Jacob Philip",4,45173,88.54846921833838
kraft,"Topelius, Zacharias",495,2307429,214.5244772428534
kraft,"Torckell, Olga",2,85119,23.49651664140791
kraft,"Tornberg, Carl Johan",28,239217,117.04853752032673
kraft,"Torpadius, Johan Israel",1,4458,224.31583669807088
kraft,"Torén, Rudolf Wilhelm",12,85669,140.0740057663799
kraft,"Trolle, Henrik af",754,2829965,266.43439053133164
kraft,"Tureson, Torsten",2,20091,99.54706087302772
kraft,"Turi, Johan",36,240734,149.54264873262605
kraft,"Tärnström, Samuel Fredrik",22,88974,247.26324544248882
kraft,"Törnberg, Carl Ludvig",8,34617,231.1003264292111
kraft,"Törnblom, Johan August",104,856702,121.39577122500006
kraft,"Törnebladh, Ragnar",60,187908,319.30519190242035
kraft,"Törnegren, Carl Wilhelm",7,10356,675.9366550791812
kraft,"Törnqvist, Johan Peter",10,94956,105.31193394835503
kraft,"Uddgren, Gustaf",90,335781,268.03184218285134
kraft,"Uddman, Ulrik",1,21512,46.48568240981778
kraft,"Ulfsson, Sten",103,425150,242.26743502293309
kraft,"Ulin, U.",2,4379,456.72527974423383
kraft,"Ullman, Gustaf",14,85560,163.62786348761102
kraft,"Ullner, Constance",5,54437,91.84929367893162
kraft,"Undset, Sigrid",11,193625,56.810845706907685
kraft,"Unge, Otto Sebastian von",22,166120,132.43438478208523
kraft,"Unonius, Gustaf",5,17886,279.54825002795485
kraft,"Upmark, Gustaf, d. y.",11,138103,79.65069549539112
kraft,Utile Dulci,41,85019,482.245145202837
kraft,"Utterström, Olof Philip",15,57762,259.68629895086735
kraft,"Valentin, Guido",2,13299,150.3872471614407
kraft,"Valerius, Johan David",33,28756,1147.5865906245654
kraft,"Vallentin, Hugo",5,46617,107.2570092455542
kraft,"Vegesack, Anna Helena von",2,42015,47.60204688801618
kraft,"Vegesack, Ernst von",9,60967,147.62084406318172
kraft,"Vendell, Herman",7,8607,813.2915069129778
kraft,"Vest, Eliel",6,24020,249.7918401332223
kraft,"Vester, A. B.",23,142413,161.5021100601771
kraft,"Vestlinger, Johanna Leontina",6,14502,413.7360364087712
kraft,"Victorin, Alfred",1,2063,484.7309743092584
kraft,"Vikström, Arvid",11,19101,575.8860792628658
kraft,"Vinell, Sigrid",4,40304,99.24573243350535
kraft,"Virdestam, Gotthard",204,1223099,166.78944222830694
kraft,"Virgin, Axel Gustaf",89,123697,719.5000687162986
kraft,"Virgin, Robert Wilhelm Urban",2,13901,143.8745413998993
kraft,"Visén, Karl",20,81564,245.2062184296994
kraft,"Väpling, Karl",2,17103,116.93854879260948
kraft,"Värnlund, Rudolf",75,288441,260.0185133181483
kraft,"Wachtmeister, Hans",1,51989,19.234838138837063
kraft,"Wadman, Johan Anders",43,95994,447.94466320811716
kraft,"Wadström, Carl Gustaf",11,27880,394.5480631276901
kraft,"Wadström, Gustaf Adolf Sebastian",9,43734,205.78954589106874
kraft,"Wahlberg, Ferdinand von",45,144025,312.4457559451484
kraft,"Wahlenberg, Anna",107,992911,107.76393856045506
kraft,"Wahlin, Olof Fredrik",15,10764,1393.5340022296543
kraft,"Wahlström, Oscar Frithiof",4,25897,154.4580453334363
kraft,"Wahlström, Pehr",22,32010,687.2852233676975
kraft,"Walanger, Augusta",11,30394,361.91353556623017
kraft,"Walde, Otto",14,393817,35.549506496672315
kraft,"Wall, Wilhelm August",8,8702,919.3288899103654
kraft,"Wallenberg, Jacob",1,79294,12.611294675511388
kraft,"Wallengren, Axel",2,57623,34.708362980060045
kraft,"Wallensteen, Nanna",18,71755,250.85359905233085
kraft,"Wallin, Johan Olof",51,48941,1042.0710651600907
kraft,"Wallin, Johan Peter",57,279251,204.11744273073327
kraft,"Wallin, R. W.",3,28377,105.7194206575748
kraft,"Wallin, William",9,9253,972.6575164811412
kraft,"Wallmark, Ernst",18,95673,188.14085478661693
kraft,"Wallmark, Peter Adam",1,399034,2.5060521158598013
kraft,"Wallmo, Uno",15,105865,141.68988806498842
kraft,"Wallén, Anders",5,7862,635.970490969219
kraft,"Wallén, Nils Jacob",4,15010,266.4890073284477
kraft,"Warburg, Karl",235,558375,420.86411461831204
kraft,"Warholm, Johan Wilhelm",25,572587,43.661487249972495
kraft,"Wavrinsky, Edvard",12,9359,1282.188267977348
kraft,"Waxberg, Harald",31,30098,1029.9687686889495
kraft,"Wecksell, Josef Julius",31,54387,569.9891518193685
kraft,"Weiland, Per",34,149275,227.76754312510468
kraft,"Wejdling, Eva",3,7023,427.16787697565144
kraft,"Welin, Carl",5,15000,333.3333333333333
kraft,"Weman, Adèle",10,56305,177.60412041559366
kraft,"Wendel, Johan",45,68237,659.4662719638906
kraft,"Wennberg, Fredrik Wilhelm",20,56848,351.81536729524345
kraft,"Wennberg, Fredrika",23,167687,137.1603046151461
kraft,"Wennerberg, Edvard",2,6179,323.6769703835572
kraft,"Wennerberg, Gunnar",29,169429,171.16314208311445
kraft,"Wennerberg, Ingrid",10,35614,280.7884539787724
kraft,"Wenström, Carl Edmund",9,29880,301.2048192771084
kraft,"Wernberg, Hjalmar",124,790174,156.9274615464442
kraft,"Weser, Lars August",2,2166,923.3610341643582
kraft,"Westdahl, Pauline",10,55517,180.12500675468775
kraft,"Wester, Anders Magnus",2,30259,66.09603754254933
kraft,"Wester, Ellen",12,51024,235.18344308560677
kraft,"Westerberg, Ernst",16,99058,161.52153283934663
kraft,"Westerdahl, Alfred",9,2955,3045.6852791878173
kraft,"Westergren, Georg",4,20389,196.18421697974398
kraft,"Westerlund, Carl Agardh",8,17232,464.2525533890436
kraft,"Westerlund, Johan Alfred",253,910029,278.0131182632641
kraft,"Westermarck, Helena",44,164540,267.4121794092622
kraft,"Westermark, Ottilia",40,160024,249.96250562415636
kraft,"Westerstrand, Adolf",4,41823,95.64115438873347
kraft,"Westholm, Erik",9,18755,479.87203412423355
kraft,"Westin, Carl Emanuel",13,51378,253.02658725524543
kraft,"Wetter, Gustaf",3,752,3989.3617021276596
kraft,"Wetterbergh, Carl Anton",678,2981866,227.37440247147256
kraft,"Wettergrund, Josefina",182,1232610,147.65416473986093
kraft,"Wetterhoff, Karl",12,38054,315.34135701897304
kraft,"Wetterhoff, Onni",9,45046,199.7957643297962
kraft,"Wetterstedt, Niklas Joakim af",4,77158,51.841675522952904
kraft,"Whitlock, Anna",10,36900,271.00271002710025
kraft,"Whitlock, Ellen",10,9299,1075.3844499408538
kraft,"Wichmann, Karl Emil",35,103838,337.0635027639207
kraft,"Wickman, Fredrika",7,30601,228.75069442175092
kraft,"Wickström, Victor Hugo",196,519663,377.1675104827552
kraft,"Widmark, Per Fredrik",23,52253,440.16611486421834
kraft,"Wieselgren, Sigfrid",89,284161,313.2027266232875
kraft,"Wigert, Inèz",13,61951,209.84326322416103
kraft,"Wigforss, John",3,20931,143.32807797047442
kraft,"Wigström, Eva",114,816884,139.5546980966698
kraft,"Wijkander, Oscar",12,110845,108.25928097794217
kraft,"Wiklund, Karl Bernhard",11,102393,107.42921879425352
kraft,"Wikner, Pontus",121,238951,506.3799691150068
kraft,"Wilde, Oscar",1,3771,265.1816494298595
kraft,"Willasson, Helge",2,11651,171.65908505707665
kraft,"Wilén, Fritz",10,60454,165.41502630098918
kraft,"Wingård, Johan",1,3257,307.0310101320233
kraft,"Winter, Reinhold",59,238949,246.91461357862974
kraft,"Wipperling, Nils Fredrik",27,115868,233.02378568716125
kraft,"Wirsén, Carl David af",97,246734,393.13592776026
kraft,"Witt, Otto",375,554078,676.8000173260805
kraft,"Witt, Theodor",1,7901,126.56625743576762
kraft,"Wranér, Henrik",28,585352,47.83446541568151
kraft,"Wulff, Margarethe",2,26111,76.59607062157711
kraft,"Wägner, Elin",591,2370616,249.30229105008993
kraft,"Wästberg, Anna",38,238567,159.28439390192273
kraft,"Wästberg, Efraim",8,40886,195.66599814117302
kraft,"Wågman, Frans Oskar",8,70243,113.89035206355082
kraft,"Wåhlin, A.",4,37543,106.54449564499375
kraft,"Wåhlin, Carl Ludvig",118,82866,1423.985711872179
kraft,"Wåhlstrand, Karin",12,69220,173.36030049118753
kraft,"Wærnér, Ninian",19,164783,115.30315627218828
kraft,"Zaar, Ludvig Christofer Gustaf",15,61577,243.5974470987544
kraft,"Zachrisson, Waldemar",50,585293,85.42729880589722
kraft,"Zedritz, Carl Edvard",9,62621,143.72175468293383
kraft,"Zeipel, Carl von",108,883195,122.28330096977452
kraft,"Zethelius, Ingeborg",10,35582,281.0409757742679
kraft,"Zethraeus, August Gerhard",16,25848,619.0034045187249
kraft,"Zetterholm, Carl",8,20889,382.97668629422185
kraft,"Zetterqvist, Edvard Alexander",31,145786,212.64044558462405
kraft,"Zetterstedt, Johan Wilhelm",25,36786,679.6063719893438
kraft,"Zetterström, Hasse",3,83274,36.02565026298725
kraft,"Zilliacus, Konni, d. ä.",8,157875,50.67300079176564
kraft,"Åberg, Johan Eggert",3,33839,88.65510210112592
kraft,"Åberg, Jon Olof",1158,4055315,285.55118406338346
kraft,"Åberg, Katie",233,282619,824.4314784214791
kraft,"Ågren, Lars Petter",1,8487,117.82726522917403
kraft,"Ågren, Robert",1,2590,386.1003861003861
kraft,"Åkerberg, Erik",16,52870,302.62909022129753
kraft,"Åkerberg, Sven",9,36123,249.1487417988539
kraft,"Åkerblom, Axel",3,4949,606.1830672863205
kraft,"Åkerholm, Samuel",1,3107,321.853878339234
kraft,"Åkerlund, P. A.",8,7450,1073.8255033557048
kraft,"Åkerlund, Sven",2,8779,227.81637999772184
kraft,"Åkerström, Gustafva",1,4961,201.57226365652087
kraft,"Ålund, Paulus",3,11188,268.1444404719342
kraft,"Åslund, Daniel",23,181864,126.46813003123214
kraft,"Öberg, Emil",11,45280,242.93286219081273
kraft,"Öberg, Ludvig Teodor",206,817009,252.1392053208716
kraft,"Ödberg, Pehr Ivar",11,24701,445.32610015788833
kraft,"Ödman, Pelle",90,393808,228.53776459594522
kraft,"Ödmann, Jenny Maria",212,1277526,165.945742004468
kraft,"Ödmann, Samuel",60,301246,199.17276909900878
kraft,"Öhberg, Viktor Wilhelm",15,60274,248.86352324385308
kraft,"Öhlin, Carl Gustaf",5,11730,426.25745950554136
kraft,"Ölander, Axel Herman",6,12017,499.2926687193143
kraft,"Öman, Victor Emanuel",29,58221,498.1020593943766
kraft,"Östergren, Carl Ludvig",41,53569,765.3680300173608
ladda,"Afzelius, Anders Johan",7,104063,67.26694406273123
ladda,"Afzelius, Arvid August",1,79683,12.54972829838234
ladda,"Agrell, Alfhild",2,704037,2.84075978961333
ladda,"Ahlbom, Mathilda",4,395655,10.109817896905133
ladda,"Ahlin, Johan Olof",2,81227,24.62235463577382
ladda,"Ahlqvist, Abraham",1,165083,6.057558924904442
ladda,"Ahnfelt, Arvid",2,834238,2.3973973853984116
ladda,"Ahrenberg, Jac",3,612997,4.893988061931788
ladda,"Alcott, Louisa May",3,411350,7.293059438434423
ladda,"Aldén, Gustaf Alfred",1,12405,80.61265618702136
ladda,"Alfthan, Johannes",2,158529,12.61598824189896
ladda,"Allardt, Anders",1,104935,9.5297088673941
ladda,"Almqvist, C.J.L.",25,2529302,9.884149856363534
ladda,"Ameen, Georg",1,156508,6.389449740588341
ladda,"Amiel, Henri Frédéric",1,79311,12.608591494244179
ladda,"Aminoff, Ivan",2,34559,57.87204490870685
ladda,"Anders, Ludwig",5,42039,118.93717738290636
ladda,"Anderson, Alfred",4,165183,24.215566977231312
ladda,"Anderson, Hedda",1,504419,1.9824788519068473
ladda,"Andersson, Dan",23,320870,71.68011967463458
ladda,"Andersson, Hilding",2,35557,56.2477149365807
ladda,"Andersson, Hilma",1,78576,12.726532274485848
ladda,"Angered Strandberg, Hilma",9,618309,14.555828881675668
ladda,Anonym,130,11696629,11.114313363277573
ladda,"Anrep, Gabriel",2,701580,2.8507084010376578
ladda,"Arfwedson, Carl David",2,505670,3.9551486147091977
ladda,"Arfwidsson, Nils",1,206738,4.837040118410742
ladda,"Armfelt, Gustaf Johan Philip",1,77667,12.87548122111064
ladda,"Arnoldson, K. P.",1,68739,14.547782190605043
ladda,"Arosenius, Fredrik Reinhold",1,66932,14.940536664076973
ladda,"Arvidsson, Adolf Ivar",1,337588,2.9621905991919144
ladda,"Atterbom, P.D.A.",2,1110581,1.8008591899195106
ladda,"Aurell, Wilhelm",2,212084,9.430225759604685
ladda,"Axelson, Maximilian",1,431878,2.315468720333057
ladda,"Axelsson, Arvid",1,57057,17.526333315807
ladda,"Backlund, Gusten",1,37637,26.56959906475011
ladda,"Bagger, Alban Agathon",10,46140,216.7316861725184
ladda,"Barnekow, Kjell Christoffer",1,41861,23.888583645875634
ladda,"Beckman, Edvard",2,57597,34.72403076549126
ladda,"Bellman, Carl Michael",3,261940,11.453004504848439
ladda,"Benedictsson, Victoria",2,715264,2.796170365068003
ladda,"Bensow, Oscar",1,76279,13.10976808820252
ladda,"Benzon, Karl",1,240552,4.1571053244205
ladda,"Berg, Carl Oscar",4,295210,13.549676501473527
ladda,"Berg, Daniel",2,145157,13.77818499968999
ladda,"Berg, Johan August",2,133607,14.969275561909182
ladda,"Berg, Per Gustaf",14,897377,15.601023872909602
ladda,"Berg, Ruben G:son",1,94593,10.571606778514266
ladda,"Berg, Wilhelm",11,3078479,3.5731931255662293
ladda,"Berger, Henning",2,498496,4.012068301450764
ladda,"Berger, Lars",1,149277,6.698955632816844
ladda,"Bergh, Richard",1,82704,12.091313600309539
ladda,"Berglund, Anders Olof",1,8107,123.35019119279634
ladda,"Bergman, Carl Johan",3,182803,16.411109226872643
ladda,"Bergman, Carl Wilhelm",1,128252,7.797149362193182
ladda,"Bergman, Dan",2,48251,41.44991813641168
ladda,"Bergman, Hjalmar",9,1469793,6.123311241787109
ladda,"Bergman, Johan Magnus",1,202066,4.948878089337147
ladda,"Bergstedt, Anna Elisabet Matilda",1,120779,8.279585027198436
ladda,"Bergsten, Richard",1,17597,56.82786838665682
ladda,"Bergstrand, Per Emanuel",2,77785,25.711898180883203
ladda,"Bergström, Richard",4,250786,15.94985366009267
ladda,"Bergsøe, Vilhelm",2,82959,24.108294458708517
ladda,"Berlin, Anna Catharina",1,124922,8.004995116952978
ladda,"Berndtson, Fredrik",2,163870,12.204796485018612
ladda,"Beskow, Bernhard von",2,165358,12.094969702100896
ladda,"Beskow, Carl Adolf",2,54121,36.95423218344081
ladda,"Beskow, Elisabeth",1,291228,3.433735767165245
ladda,"Bjursten, Herman",5,1516337,3.297420032618079
ladda,"Björkstén, Emilie",1,68378,14.624586855421335
ladda,"Björlin, Gustaf",20,863549,23.160237577717073
ladda,"Björling, Fridolf",8,410057,19.509482827997083
ladda,"Blanche, August",22,1382410,15.914236731505126
ladda,"Blixén, Amalia",1,101428,9.859210474425208
ladda,"Blomberg, Harry",4,295674,13.528413049507227
ladda,"Blomgren, E. G.",1,8061,124.05408758218583
ladda,"Blumauer, Karl",1,17434,57.359183205231155
ladda,"Boberg, Carl",1,94744,10.554758084944693
ladda,"Bohman, John G.",1,151148,6.616031968666473
ladda,"Bolander, Sophie",5,966157,5.175142342290124
ladda,"Bonaparte, Napoleon",2,82500,24.242424242424242
ladda,"Bondeson, August",14,762695,18.355961426258204
ladda,"Bore, Erik",5,53039,94.27025396406418
ladda,"Borgström, Ferdinand Ludvig",1,37312,26.801029159519725
ladda,"Boye, Karin",15,431682,34.747800464230615
ladda,"Brag, Eva",1,104257,9.5916820932887
ladda,"Branting, Anna",1,487838,2.0498608144506987
ladda,"Braun, Wilhelm von",11,859117,12.803843946749977
ladda,"Bremer, Fredrika",6,2174414,2.759364132129392
ladda,"Brinkman, Carl Gustaf von",3,438137,6.847173372712188
ladda,"Brontë, Charlotte",1,440109,2.2721643956383533
ladda,"Bruhn, Johan Niklas",1,40203,24.873765639380146
ladda,"Brunius, Carl Georg",2,111909,17.871663583804697
ladda,"Brunius, Louise",2,1104264,1.8111610991574478
ladda,"Bruzelius, Janne",6,242549,24.737269582641034
ladda,"Bygdén, Leonard",1,1657994,0.6031384914541307
ladda,"Bäckman, Wilhelm",1,195807,5.107069716608701
ladda,"Bäckmann, Ida",6,752232,7.976262642376288
ladda,"Bååth, Albert Ulrik",2,224022,8.927694601423074
ladda,"Bååth-Holmberg, Cecilia",1,335640,2.97938267191038
ladda,"Böttiger, Carl Wilhelm",9,780026,11.538076935897008
ladda,"Carlberg, Frigga",2,118598,16.863690787365723
ladda,"Carlsson, Gottfrid",2,381621,5.240801737849856
ladda,"Carlström, Anna",2,17514,114.19435879867534
ladda,"Carlén, Johan Gabriel",3,86268,34.77535123104743
ladda,"Carlén, Octavia",2,332440,6.016123210203345
ladda,"Cavallin, Christian",2,227529,8.790088296436938
ladda,"Cederborg, Carl August",1,99853,10.014721640811993
ladda,"Cederqvist, August",1,161625,6.187161639597835
ladda,"Chydenius, Karl",5,149994,33.33466672000213
ladda,"Colliander, Harald",1,14545,68.75214850464077
ladda,"Cramær, Mauritz",2,117364,17.041000647558025
ladda,"Cronhamn, Anders Fredrik",1,40444,24.725546434576206
ladda,"Cronstrand, Baltzar",2,139436,14.343498092314753
ladda,"Crusenstolpe, Magnus Jacob",13,1801700,7.215407670533385
ladda,"Cygnæus, Fredrik",1,322815,3.0977494849991483
ladda,"Dahl, Mattis",1,412666,2.4232672427580657
ladda,"Dahlgren, Carl Fredric",3,381115,7.871639793763038
ladda,"Dahlgren, Fredrik August",14,1296307,10.799910823593486
ladda,"Damm, Janne",4,281292,14.22009868748489
ladda,"Danielsson, Axel",2,281487,7.105123860071691
ladda,"Danielsson, Eleonore",1,43491,22.99326297394863
ladda,"Danielsson, Johan",2,49644,40.28684231729917
ladda,"Dardel, Fritz von",1,245712,4.069805300514424
ladda,"Darwin, Charles",2,433182,4.6169970128029325
ladda,"De Geer, Louis",6,487573,12.305849585600516
ladda,"Douglass, Frederick",1,336092,2.975375789962272
ladda,"Doyle, Arthur Conan",3,317586,9.446260225576694
ladda,"Drake, Sigrid",3,217327,13.804083247824707
ladda,"Drummond, Henry",4,12132,329.7065611605671
ladda,"Duse, Samuel August",6,183451,32.706281241312396
ladda,"Edenberg, Albert Anderson",5,686333,7.285093387612136
ladda,"Edwards, Amelia",6,64911,92.43425613532375
ladda,"Ehrnrooth, Adelaide",2,466005,4.291799444211972
ladda,"Eichhorn, Christoffer",1,122666,8.152218218577275
ladda,"Ek, Karin",1,146644,6.819235700062737
ladda,"Ekbohrn, Carl Magnus",15,246065,60.95950257045902
ladda,"Ekelund, Vilhelm",3,1301987,2.304170471748182
ladda,"Ekman, Lotten",1,28567,35.005425841005355
ladda,"Ekmarck, Carl Eric",1,64051,15.612558742252268
ladda,"Ekström, Carl Otto",28,305073,91.78131135826507
ladda,"Elgenstierna, Gustaf",1,9471030,0.10558513699143598
ladda,"Elgström, Ossian",3,281299,10.664808620009314
ladda,"Elkan, Sophie",23,1077057,21.35448727411827
ladda,"Elmblad, Magnus",2,98880,20.22653721682848
ladda,"Eneberg, Karl Fredrik",4,24235,165.05054672993603
ladda,"Eneroth, Carl",16,861555,18.571072073170026
ladda,"Engdahl, Axel",1,66822,14.965131244201011
ladda,"Engelbrecht, Fredrik Gustaf",1,5642,177.2421127259837
ladda,"Engelke, Wilhelm",1,30904,32.35827077400984
ladda,"Engström, Albert",13,354444,36.67716197763257
ladda,"Engström, Jon",2,346862,5.765981860221068
ladda,"Fagerström, Victor",1,20256,49.368088467614534
ladda,"Falck, August",3,78704,38.11750355763367
ladda,"Falk, Hugo",1,114461,8.736600239382847
ladda,"Falkman, Charlotta",1,205708,4.861259649600404
ladda,"Fallström, Daniel",3,162476,18.46426549151875
ladda,"Fant, Johan Eric",2,597435,3.3476445136290978
ladda,"Fersen, Axel von",8,814046,9.827454468175016
ladda,"Fitinghoff, Laura",9,298599,30.140757336762682
ladda,"Flink, August",2,24673,81.06026830948811
ladda,"Flodman, Anders",3,727913,4.121371647435889
ladda,"Flygare-Carlén, Emilie",14,5493966,2.548250207591383
ladda,"Fogelholm, Axel",1,37756,26.48585655260091
ladda,"Fornell, Bror Edvard",1,427572,2.3387873855163575
ladda,"Fredberg, Carl Rudolf A:son",1,31647,31.598571744557145
ladda,"Fredin, Edvard",1,67725,14.765596160944998
ladda,"Frey, J. M.",1,9849,101.5331505736623
ladda,"Friman, Jeanette Charlotta",1,267275,3.7414647834627255
ladda,"Frunck, Gudmund",1,189241,5.2842671514101065
ladda,"Geijer, Erik Gustaf",4,4255809,0.9398918043549417
ladda,"Geijerstam, Gustaf af",9,1634054,5.50777391689626
ladda,"Gernandt-Claine, Jane",1,243832,4.101184422061091
ladda,"Goncourt, Edmond de",17,157664,107.82423381367973
ladda,"Gottman, Georg August",1,14798,67.57669955399378
ladda,"Govenius, Lars Johan",13,895930,14.510062170035605
ladda,"Granath, Wilhelm",47,4318088,10.884447005248619
ladda,"Granfelt, Axel Fredrik",1,38718,25.827780360555813
ladda,"Gravallius, Daniel Ehrenfried",2,30443,65.69654764642118
ladda,"Gravallius, Wilhelmina",1,957722,1.0441443341595995
ladda,"Grimm, Jacob",3,312708,9.593614490195327
ladda,"Grönwall, Wilhelmina",2,107919,18.532417831892438
ladda,"Gullberg, Gustaf Teodor ",2,52618,38.00980653008476
ladda,"Gullbrandssen, Emilia",2,140190,14.266352806904914
ladda,"Gylander, Ebba Karolina",1,42516,23.520556966788973
ladda,"Gyllenhaal, Aurore",1,199328,5.016856638304704
ladda,"Gérard, Jean Ignace Isidore",2,99295,20.14200110781006
ladda,"Hackzell, Emilie",4,413990,9.66206913210464
ladda,"Hagström, K. A.",1,1026078,0.9745847781552669
ladda,"Hallman, Axel",1,82887,12.064618094514218
ladda,"Hallonlöf, Axel",1,45803,21.83263105036788
ladda,"Hallén, Birger",2,59542,33.58973497699103
ladda,"Hammargren, Tullius",1,59915,16.690311274305266
ladda,"Hammarin, Johan",1,415181,2.408588061592414
ladda,"Hammarström, Anders August",1,6874,145.47570555717195
ladda,"Hamsun, Knut",10,48503,206.172814052739
ladda,"Hansson, Ola",2,565301,3.537938195757658
ladda,"Harrison, Mary St. Leger Kingsley",1,185623,5.387263431794551
ladda,"Hasselskog, Nils",5,255325,19.582884558895525
ladda,"Hebbe, Wendela",1,287495,3.4783213621106452
ladda,"Hedberg, Frans",12,1980962,6.057662893079221
ladda,"Hedberg, John",1,30794,32.47385854387218
ladda,"Hedberg, Tor",5,465602,10.73878548631664
ladda,"Hedenstierna, Alfred",9,1437853,6.259332490873546
ladda,"Hedin, Sven",25,2332042,10.720218589545128
ladda,"Hedvall, Yngve",4,267199,14.970115906122404
ladda,"Hedvig Elisabet Charlotta, hertiginna och drottning av Sverige",2,882900,2.2652622041001247
ladda,"Heidenstam, Verner von",9,1060212,8.488868264083033
ladda,"Heller, Frank",4,685394,5.83605925934572
ladda,"Hemmer, Jarl",3,51141,58.661348037777906
ladda,"Hermelin, Olof, d. y.",1,42611,23.46811856093497
ladda,"Hernlund, Hugo",1,139274,7.180091043554432
ladda,"Hertzberg, Rafaël",3,277692,10.80333607017847
ladda,"Heurgren, Paul",3,92804,32.326192836515666
ladda,"Hjelm, Runo",2,223295,8.956761235137375
ladda,"Hjohlman, Hjalmar",2,55038,36.338529743086596
ladda,"Hofberg, Herman",2,1583749,1.262826369582554
ladda,"Hofsten, Johanna Christina von",2,801558,2.4951407134605357
ladda,"Holmgren, Ann Margret",2,124392,16.078204386134157
ladda,"Holmström, C. F. A.",1,101206,9.880837104519495
ladda,"Hult, Oscar Walfrid",1,1208,827.8145695364238
ladda,"Hultin, Constance",1,211848,4.720365545107813
ladda,"Hultin, Måns",1,104686,9.552375675830579
ladda,"Hydén, Nils",11,600689,18.312304703432225
ladda,"Hyltén-Cavallius, Gunnar Olof",4,447526,8.938028181602856
ladda,"Hässler, Otto",7,401643,17.42841279444681
ladda,"Högberg, Olof",2,342748,5.835190869093328
ladda,"Högman, August",11,82592,133.18481208833785
ladda,"Högström, Erik",1,21820,45.8295142071494
ladda,"Hörlin, Hugo",1,27886,35.86028831671807
ladda,"Hülphers, Abraham Abrahamsson",1,59439,16.823970793586703
ladda,"Idström, Ellen",1,240165,4.163804051381342
ladda,"Indebetou, Johan Govert",2,39103,51.146970820653145
ladda,"Ingelius, Axel Gabriel",3,406515,7.379801483340098
ladda,"Ingelman, Georg Gabriel",2,166856,11.98638346837992
ladda,"Ivendorff, Carl Johan",2,78318,25.536913608621262
ladda,"Jacobsson, Christoffer Fritz",2,94800,21.09704641350211
ladda,"Jahnsson, Evald Ferdinand",2,138548,14.435430320177845
ladda,"James, D.",10,311224,32.13119810811506
ladda,"Jensen, Alfred",1,26471,37.77719013259794
ladda,"Johannesson, Petter Johan",5,7774,643.1695394906097
ladda,"Johanson, Klara",4,269173,14.860331459693208
ladda,"Johnson, John",22,695158,31.6474815797272
ladda,"Jolin, Ellen",1,82543,12.11489768968901
ladda,"Jolin, Johan",31,1428470,21.701540809397468
ladda,"Jonason, Aron",1,625,1600.0
ladda,"Jonsson, Thorsten",1,311386,3.2114481704379774
ladda,"Jändel, Ragnar",1,240187,4.163422666505681
ladda,"Karlfeldt, Erik Axel",2,193894,10.31491433463645
ladda,"Kellgren, Johan Henric",1,43249,23.121921894147842
ladda,"Kellmodin, Frithiof",2,48882,40.91485618428051
ladda,"Kerfstedt, Amanda",3,672155,4.46325624297967
ladda,"Kerfve, Axel",20,1394284,14.34427993149172
ladda,"Kiellman-Göranson, Julius Axel",29,1984954,14.609910355605217
ladda,"Kipling, Rudyard",1,334573,2.988884339142728
ladda,"Kjellgren, Josef",5,289746,17.25649361854866
ladda,"Klemming, Gustaf Edvard",1,673781,1.4841617676960317
ladda,"Knorring, Sophie von",5,1296030,3.8579353872981335
ladda,"Knös, Thekla",1,174573,5.728262675213235
ladda,"Koch, Martin",5,442498,11.299486099372201
ladda,"Koch, Richert von",5,553374,9.035480524925276
ladda,"Krok, Johan Peter",2,155292,12.878963501017438
ladda,"Krook, Herman Salomon",1,73168,13.667176907937897
ladda,"Kruse, Sigrid",2,31330,63.83657835939994
ladda,"Krusenstjerna, Agnes von",10,1272288,7.859855630171785
ladda,"Kræmer, Lotten von",1,240151,4.164046787229701
ladda,"Kræmer, Vera von",3,269227,11.143013145041174
ladda,"Kullberg, Carl A.",1,49463,20.217131997654814
ladda,"Kullberg, Karl Anders af",19,1320947,14.3836202360882
ladda,"Kämpe, Alfred",2,221984,9.009658353755226
ladda,"Kärrström, E. J.",2,27653,72.32488337612556
ladda,"Lagerlöf, Selma",28,4219670,6.6355899868947095
ladda,"Lamm, Martin",3,219178,13.687505132814424
ladda,"Landahl, Martin",3,146745,20.44362669937647
ladda,"Landqvist, Rudolf",4,38814,103.05559849538827
ladda,"Lange, Ina",1,120439,8.302958344057988
ladda,"Langlet, Mathilda",5,730687,6.842875266701063
ladda,"Larsen, Anders",1,15156,65.98046978094484
ladda,"Leffler, Anne Charlotte",2,483270,4.138473317193287
ladda,"Leistenius, Jacob Gabriel",2,151097,13.236530175979668
ladda,"Leufstedt, Gustaf Joakim",3,105646,28.3967211252674
ladda,"Levart, Johan",1,74990,13.335111348179757
ladda,"Levertin, Oscar",1,563813,1.7736377132134236
ladda,"Levin, August Henrik",1,39352,25.411669038422442
ladda,"Liedbeck, Carl Harald",1,18771,53.27366682648767
ladda,"Liefde, Jan de",3,25889,115.87933098999575
ladda,"Lilja, Nils",6,103547,57.94470143992583
ladda,"Lilliestierna, August Edvard",3,83278,36.02391988280218
ladda,"Limborg, Ossian",15,142379,105.35261520308472
ladda,"Lindberg, Per",13,524704,24.775873635421114
ladda,"Lindblad, Johan Michael",2,106424,18.792753514244907
ladda,"Lindeberg, Anders",3,420459,7.135059542071879
ladda,"Linder, Marie",1,52998,18.86863655232273
ladda,"Lindfors, Otto",1,68693,14.557524056308504
ladda,"Lindgren, Hellen",1,42817,23.355209379452088
ladda,"Lindgren, Ida",1,41886,23.874325550303205
ladda,"Lindholm, Fredrik",1,289127,3.4586877047110787
ladda,"Lindholm, Per August",18,479022,37.57656224557536
ladda,"Lindhé, Wilma",5,635336,7.8698515431204905
ladda,"Lindorm, Erik",2,80816,24.74757473767571
ladda,"Lindqvist, Gustaf",2,87979,22.732697575557804
ladda,"Lindqvist, Josef",4,733103,5.456259215962832
ladda,"Lindqvist, Uno Leopold",1,90064,11.103215491206253
ladda,"Lindskoug, Anders",1,28229,35.42456339225619
ladda,"Ling, Per Henrik",2,492118,4.064065935405736
ladda,"Linnarsson, Linnar",10,500119,19.99524113261044
ladda,"Linnerhielm, Jonas Carl",1,256311,3.901510274627308
ladda,"Ljunggren, Albert Gustaf",2,98892,20.224082837843305
ladda,"Ljunggren, C. Aug.",3,47444,63.232442458477365
ladda,"Ljunggren, Gustaf",2,1909848,1.0472037565293155
ladda,"Ljungstedt, Aurora",16,2310610,6.924578358095914
ladda,"Lloyd, Llewellyn",4,136804,29.238911142949036
ladda,"Londen, Lilly",2,70211,28.48556493996667
ladda,"Lundeblom, Richard",3,121644,24.662128834961035
ladda,"Lundegård, Axel",7,997912,7.014646582063349
ladda,"Lundin, Anders",2,117497,17.021711192626196
ladda,"Lundin, August",1,200208,4.994805402381523
ladda,"Lundquist, Aurora",1,300269,3.3303471220805343
ladda,"Lundquist, Ernst",8,1133848,7.0556194481094465
ladda,"Lundqvist, Johan",1,66266,15.090695077415266
ladda,"Lundström, Ingeborg",3,72982,41.10602614343263
ladda,"Lundström, Isidor",2,46261,43.23296080932103
ladda,"Lunell, Lars",3,156052,19.224361110399098
ladda,"Læstadius, Petrus",1,150434,6.647433425954239
ladda,"Löfgren, Nils Isak",2,302305,6.615835001075073
ladda,"Lönnberg, Mathilda",2,816900,2.448280083241523
ladda,"Lönnegren, August Valfrid",2,12558,159.26102882624622
ladda,"Magnell, Carl Jakob",9,33616,267.7296525464065
ladda,"Mallander, Gustaf Richard",1,112088,8.92156163014774
ladda,"Malling, Mathilda",2,500989,3.992103619041536
ladda,"Malmgren, Thure",5,97568,51.246310265660874
ladda,"Malmström, Bernhard Elis",1,163620,6.111722283339445
ladda,"Malmström, Karl Robert",15,82779,181.20537817562425
ladda,"Mankell, Julius",3,30340,98.8793671720501
ladda,"Mattsson, Sven",2,84392,23.69892880841786
ladda,"Meijer, Bernhard",1,543470,1.84002796842512
ladda,"Melander, Richard",15,583868,25.69073831756493
ladda,"Melin, Karl Alfred",2,38446,52.02101649066223
ladda,"Mellin, Gustaf Henrik",47,2729891,17.216804626997927
ladda,"Meyer, Albertine",2,335249,5.9657150356898905
ladda,"Meyer, Ernst",6,823782,7.283480338244827
ladda,"Michaelson, Knut",1,185183,5.400063720751905
ladda,"Mickwitz, Gerda von",1,168663,5.928982645867795
ladda,"Molander, Harald",4,254305,15.729144137944594
ladda,"Molin, Pelle",2,59495,33.61627027481301
ladda,"Montgomery, Lucy Maud",1,346758,2.8838555995824176
ladda,"Montgomery-Cederhielm, Hugo",1,16244,61.56119182467373
ladda,"Montén, R. A.",14,73222,191.19936631067165
ladda,"Mortensen, Johan",1,392455,2.548062835229517
ladda,"Munthe, Axel",3,519572,5.773983201558206
ladda,"Myrberg, Anna",2,103512,19.321431331633047
ladda,"Mörne, Arvid",2,96724,20.677391340308507
ladda,"Mörtengren, Frans",1,11394,87.76549060909251
ladda,"Neander, John",1,31975,31.27443315089914
ladda,"Nerman, Gustaf",2,8002,249.93751562109472
ladda,"Nicander, Karl August",4,617227,6.480597899962251
ladda,"Nilsdorff, Heddi",1,7904,126.51821862348179
ladda,"Nilsson, Nils August",1,19058,52.4714030853185
ladda,"Nissen, Carl",1,84972,11.76858259191263
ladda,"Nonnen, Emily",5,356010,14.044549310412629
ladda,"Norberg, Augusta",4,72363,55.276868012658404
ladda,"Nordenskiöld, Adolf Erik",2,297785,6.7162550162029655
ladda,"Nordensvan, Georg",9,846003,10.638260148013659
ladda,"Nordin, Jonas",2,196759,10.164719275865398
ladda,"Nordling, Johan",1,180102,5.552409190347692
ladda,"Nordlund, Johan",8,239575,33.39246582489826
ladda,"Nordmann, Petrus",2,95979,20.837891622125674
ladda,"Nordström, Ester Blenda",5,408622,12.236247681231065
ladda,"Nordström, Ludvig",3,343585,8.731463829911085
ladda,"Norlander, Emil",2,207383,9.64399203406258
ladda,"Norlin, Mauritz",10,215224,46.46321971527339
ladda,"Norström, Vitalis",4,240646,16.6219259825636
ladda,"Numers, Hedvig von",2,286710,6.975689721321196
ladda,"Nyberg, Johan Peter",4,166791,23.982109346427563
ladda,"Nyberg, Sigfrid",6,152256,39.407313997477935
ladda,"Nyblom, Carl Rupert",1,95963,10.420682971561956
ladda,"Nyblom, Helena",2,1055882,1.8941510509697106
ladda,"Nyblom, Lennart",1,24080,41.52823920265781
ladda,"Nybom, Johan",2,151866,13.169504694928424
ladda,"Nycander, Fredrik",2,131669,15.18960423486166
ladda,"Nyholm, C. A. G.",1,81321,12.2969466681423
ladda,"Nèlson, Johannes Fredrik",2,299170,6.685162282314403
ladda,"Odel, Anders",1,5315,188.14675446848543
ladda,"Olofsson, Klas",7,258407,27.089049445254965
ladda,"Olsson, Helmer",1,125676,7.95696871319902
ladda,"Olsson, Paul",1,11507,86.90362388111585
ladda,"Olséni, Nils",1,41550,24.067388688327316
ladda,"Ongelin, Hanna",2,254015,7.873550774560558
ladda,"Oskar II, kung av Sverige och Norge",2,140073,14.278269188209006
ladda,"Oswald, Gösta",1,43590,22.941041523285158
ladda,"Oxenstierna, Mårten Gabriel Leijonsköld",49,676468,72.43505975153296
ladda,"Palm, August",1,29836,33.51655717924655
ladda,"Palmblad, Vilhelm Fredrik",11,1018806,10.796952511076691
ladda,"Palmstjerna, Carl Otto",4,328303,12.183866732865676
ladda,"Palmær, Henrik Bernhard",1,100059,9.994103478947421
ladda,"Paul, Adolf",1,277706,3.6009304804361446
ladda,"Pauli, Georg",1,50904,19.644821625019645
ladda,"Pereswetoff-Morath, Fredrik",3,142562,21.043475821046282
ladda,"Perrault, Charles",1,36220,27.609055770292656
ladda,"Persson, Fredrik",4,496982,8.048581236342564
ladda,"Peterson, Maria",3,104909,28.59621195512301
ladda,"Pettersson, Carl",1,30587,32.69362801190048
ladda,"Pettersson, Victor",2,363394,5.503668194851869
ladda,"Pfeiffer, Sara",1,1362314,0.7340451613945096
ladda,"Pihlstrand, Ragnar",180,3687102,48.81882844575496
ladda,"Pinello, Nils Henrik",1,211610,4.7256745900477295
ladda,"Piper, Carl",1,123642,8.087866582552854
ladda,"Platen, Henrica Carolina von",1,111611,8.959690353101397
ladda,"Pontoppidan, Henrik",1,36980,27.041644131963224
ladda,"Prytz, Harald Oscar",3,90977,32.97536740055179
ladda,"Quarnström, A. V.",3,4869,616.1429451632779
ladda,"Quennerstedt, August",23,1839800,12.501358843352538
ladda,"Qvanten, Aurora von",4,432423,9.25020177002611
ladda,"Qvanten, Emil von",3,166171,18.053691679053504
ladda,"Randelin, Wendela",1,81682,12.242599348693714
ladda,"Reenstierna, Märta Helena",5,605548,8.256983756861553
ladda,"Regis, Julius",8,150319,53.22015181048304
ladda,"Ridderstad, Carl Fredrik",27,2292557,11.777242615996025
ladda,"Rietz, Johan Ernst",8,1483948,5.3910244833376915
ladda,"Risberg, Emilie",1,321787,3.10764574081613
ladda,"Rodhe, Bengt Carl",1,145541,6.870916099243512
ladda,"Romdahl, Clara",1,58470,17.102787754403966
ladda,"Roos, Mathilda",12,979070,12.256529155218727
ladda,"Roselius, Jonas Erik",2,51910,38.528221922558274
ladda,"Rosenius, Josef",1,50108,19.956893110880497
ladda,"Rosén, Johan Magnus",2,404745,4.94138284598945
ladda,"Roth, Sven Olof",1,268344,3.7265599379900425
ladda,"Rubenson, Olof",2,158589,12.61121515363613
ladda,"Rudbeck, Thure Gustaf",1,308953,3.2367382741064175
ladda,"Ruin, Hans",8,324767,24.633044613522927
ladda,"Runeberg, Fredrika Charlotta",1,244938,4.082665817472177
ladda,"Runeberg, Johan Ludvig",7,500896,13.974956877275922
ladda,"Ryberg, Klas",2,93264,21.444501629782124
ladda,"Rydberg, Carl Henrik",8,394090,20.29993148773123
ladda,"Rydberg, Viktor",4,840566,4.758698305665468
ladda,"Salomonsson, Salomon",5,25665,194.81784531463083
ladda,"Sand, Arne",2,74376,26.890394750994943
ladda,"Sandberg, Algot",4,516906,7.738350880043954
ladda,"Sandberg, Eric",1,135478,7.381272236082611
ladda,"Sandel, Maria",1,460120,2.1733460836303573
ladda,"Sander, Fredrik",3,173595,17.281603732826408
ladda,"Saxon, Johan Lindström",3,413279,7.25901872584864
ladda,"Schantz, Otto von",1,144984,6.89731280693042
ladda,"Schildt, Runar",1,105782,9.453404170841921
ladda,"Schirmer, Adolf",2,249159,8.027002837545503
ladda,"Scholander, Fredrik Wilhelm",4,308375,12.971220105391163
ladda,"Schröder, Gustaf",22,450001,48.888780247155005
ladda,"Schwartz, Marie Sophie",18,4905025,3.669706066737682
ladda,"Schéele, Georg von",2,104047,19.22208232817861
ladda,"Schück, Henrik",1,444831,2.2480447630673224
ladda,"Sederholm, Theodor",3,217469,13.79506964210991
ladda,"Segerstedt, Albrekt",2,319845,6.253028810830246
ladda,"Segerstedt, Torgny",1,188372,5.308644596861529
ladda,"Sehlstedt, Elias",2,74605,26.80785470142752
ladda,"Seseman, Hans Jacob",1,13888,72.00460829493088
ladda,"Silfverstolpe, Gudmund Leonhard",1,51620,19.37233630375823
ladda,"Silfverstolpe, Gunnar Mascoll",1,54768,18.258837277242186
ladda,"Silfverstolpe, Malla",2,547564,3.6525410728243637
ladda,"Sillén, Abraham Wilhelm af",2,161140,12.411567580985478
ladda,"Silverstolpe, Gustaf Abraham",1,878464,1.138350575550051
ladda,"Sjöberg, Birger",12,566959,21.16555165364691
ladda,"Sjöberg, Edvard Daniel",1,140639,7.110403230967228
ladda,"Sjögren, Lennart",10,48769,205.04828887202936
ladda,"Smith, Carl",2,57316,34.89427036080676
ladda,"Sommelius, Gustaf Lorentz",1,40806,24.50620006861736
ladda,"Sparre, Pehr",29,1212926,23.909125536100305
ladda,"Stam, Per",4,238205,16.792258768707626
ladda,"Starbäck, Carl Georg",6,1609009,3.729003380341564
ladda,"Steffen, Richard",1,100281,9.971978739741328
ladda,"Stjernstolpe, Jonas Magnus",1,87206,11.46710088755361
ladda,"Stjernström, Louise",17,2740356,6.203573550297844
ladda,"Stoker, Bram",1,120550,8.29531314807134
ladda,"Stolpe, Mats",1,26743,37.39296264443032
ladda,"Stowe, Harriet Beecher",3,264693,11.333884915732567
ladda,"Strandberg, Carl",1,19516,51.24000819840131
ladda,"Strandberg, Carl Vilhelm August",10,466218,21.449193295840143
ladda,"Strindberg, August",30,1575196,19.0452489721914
ladda,"Strussenfelt, Constantia Carolina Amalia von",2,385441,5.188861589711525
ladda,"Strussenfelt, Ulrika Sophia von",7,3091227,2.2644729746472843
ladda,"Ström, Fredrik",8,554469,14.428218710153319
ladda,"Sturzen-Becker, Oscar Patric",7,1219159,5.741662900409216
ladda,"Ståhle, Artur",3,28970,103.55540214014498
ladda,"Stålberg, Wilhelmina",14,3336754,4.195694378428857
ladda,"Stålhandske, Gustaf",1,10008,99.92006394884093
ladda,"Sundblad, Johannes",7,669153,10.46098575363183
ladda,"Sundler, Anders",1,178228,5.610790672621586
ladda,"Sundqvist, E. W.",4,516249,7.748199027988432
ladda,"Suttner, Bertha von",2,75529,26.479895139615248
ladda,"Svahn, Oscar",4,98574,40.57865157140828
ladda,"Svanlund, Yngve Fredrik",1,38238,26.15199539724881
ladda,"Svedbom, Per Erik",1,127104,7.867573011077543
ladda,"Svedelius, Wilhelm Erik",1,169888,5.886230928611791
ladda,Svenska Litteratursällskapet,1,992409,1.007649064045167
ladda,"Svenson, Frey",1,34719,28.80267288804401
ladda,"Swift, Jonathan",1,15234,65.64264145989235
ladda,"Sällberg, Thure",8,543462,14.720440435577833
ladda,"Sätherberg, Herman",5,374315,13.357733459786543
ladda,"Söderberg, Hjalmar",1,783283,1.276677778018928
ladda,"Söderberg, Mikael",1,63386,15.776354400025243
ladda,"Södergran, Edith",4,52357,76.39857134671581
ladda,"Sörman, Py",1,271409,3.684476196441533
ladda,"Tavaststjerna, Karl August",4,500327,7.994771419491652
ladda,"Tersmeden, Carl",10,627992,15.923769729550695
ladda,"Thomasson, Nils",9,707538,12.720164853336499
ladda,"Thomasson, Pehr",5,1451638,3.444384894856707
ladda,"Thomson, Niclas Hans",2,185354,10.790163686783128
ladda,"Thorsander, Gustaf",14,374435,37.3896670984283
ladda,"Tilas, Daniel",1,15706,63.66993505666624
ladda,"Topelius, Zacharias",42,2307429,18.20207685696938
ladda,"Torén, Rudolf Wilhelm",1,85669,11.672833813864992
ladda,"Trolle, Henrik af",54,2829965,19.08150807518821
ladda,"Turi, Johan",2,240734,8.307924929590337
ladda,"Tärnström, Samuel Fredrik",2,88974,22.478476858408076
ladda,"Törnberg, Carl Ludvig",1,34617,28.887540803651387
ladda,"Törnblom, Johan August",32,856702,37.35254499230771
ladda,"Törnebladh, Ragnar",1,187908,5.321753198373672
ladda,"Uddgren, Gustaf",3,335781,8.934394739428377
ladda,"Ulfsson, Sten",9,425150,21.168999176761144
ladda,"Ullman, Gustaf",1,85560,11.68770453482936
ladda,"Undset, Sigrid",3,193625,15.493867010974823
ladda,"Valerius, Johan David",1,28756,34.77535123104743
ladda,"Vegesack, Anna Helena von",1,42015,23.80102344400809
ladda,"Vegesack, Ernst von",3,60967,49.206948021060576
ladda,"Virdestam, Gotthard",1,1223099,0.8175953050407203
ladda,"Visén, Karl",1,81564,12.260310921484969
ladda,"Värnlund, Rudolf",10,288441,34.66913510908643
ladda,"Wachtmeister, Hans",1,51989,19.234838138837063
ladda,"Wadman, Johan Anders",2,95994,20.834635498051963
ladda,"Wadström, Gustaf Adolf Sebastian",1,43734,22.86550509900764
ladda,"Wahlin, Olof Fredrik",1,10764,92.9022668153103
ladda,"Wallenberg, Jacob",2,79294,25.222589351022776
ladda,"Wallin, Johan Peter",11,279251,39.391085439264316
ladda,"Wallmark, Ernst",1,95673,10.452269710367606
ladda,"Wallmo, Uno",2,105865,18.89198507533179
ladda,"Wallén, Nils Jacob",4,15010,266.4890073284477
ladda,"Warburg, Karl",1,558375,1.7909111260353705
ladda,"Waxberg, Harald",1,30098,33.22479898996611
ladda,"Weiland, Per",2,149275,13.39809077206498
ladda,"Wernberg, Hjalmar",3,790174,3.796632134188166
ladda,"Westerberg, Ernst",1,99058,10.095095802459165
ladda,"Westerlund, Johan Alfred",1,910029,1.0988660800919532
ladda,"Wetterbergh, Carl Anton",7,2981866,2.3475233293514868
ladda,"Wettergrund, Josefina",3,1232610,2.433859858349356
ladda,"Wetterhoff, Onni",1,45046,22.199529369977355
ladda,"Wichmann, Karl Emil",1,103838,9.630385793254877
ladda,"Wickman, Fredrika",1,30601,32.678670631678706
ladda,"Wigert, Inèz",3,61951,48.425368436344854
ladda,"Wigforss, John",2,20931,95.55205198031628
ladda,"Wigström, Eva",9,816884,11.017476165526562
ladda,"Wijkander, Oscar",2,110845,18.043213496323695
ladda,"Wiklund, Karl Bernhard",2,102393,19.53258523531882
ladda,"Winter, Reinhold",4,238949,16.739973801941
ladda,"Wipperling, Nils Fredrik",4,115868,34.522042324023886
ladda,"Wirsén, Carl David af",3,246734,12.15884312660598
ladda,"Witt, Otto",27,554078,48.729601247477795
ladda,"Wranér, Henrik",1,585352,1.708373764845768
ladda,"Wägner, Elin",19,2370616,8.014794466923366
ladda,"Wærnér, Ninian",4,164783,24.27434868888174
ladda,"Zachrisson, Waldemar",1,585293,1.7085459761179445
ladda,"Zeipel, Carl von",5,883195,5.6612639337858575
ladda,"Zetterström, Hasse",2,83274,24.01710017532483
ladda,"Zilliacus, Konni, d. ä.",1,157875,6.334125098970705
ladda,"Åberg, Jon Olof",141,4055315,34.76918562429799
ladda,"Åberg, Katie",1,282619,3.538332525414073
ladda,"Öberg, Ludvig Teodor",13,817009,15.911697423161801
ladda,"Ödman, Pelle",1,393808,2.5393084955105025
ladda,"Ödmann, Jenny Maria",3,1277526,2.348288801950019
ladda,"Öman, Victor Emanuel",1,58221,17.17593308256471
laddning,"Agrell, Alfhild",1,704037,1.420379894806665
laddning,"Ahlbom, Mathilda",1,395655,2.527454474226283
laddning,"Ahnfelt, Arvid",1,834238,1.1986986926992058
laddning,"Almqvist, C.J.L.",1,2529302,0.3953659942545414
laddning,"Ameen, Georg",3,156508,19.168349221765023
laddning,"Anders, Ludwig",3,42039,71.36230642974381
laddning,"Anderson, Alfred",1,165183,6.053891744307828
laddning,"Anderson, August",1,53800,18.587360594795538
laddning,"Andersson, Dan",1,320870,3.1165269423754167
laddning,"Andrén, Olof",1,258552,3.8676939261734584
laddning,Anonym,32,11696629,2.735830981729864
laddning,"Arfwedson, Carl David",1,505670,1.9775743073545988
laddning,"Arfwidsson, Nils",1,206738,4.837040118410742
laddning,"Asp, Pehr Olof von",1,45124,22.161155925893095
laddning,"Bagger, Alban Agathon",1,46140,21.673168617251843
laddning,"Benedictsson, Victoria",1,715264,1.3980851825340015
laddning,"Berg, Anders Henrik",2,34619,57.771743840087815
laddning,"Berg, Daniel",1,145157,6.889092499844995
laddning,"Berg, Per Gustaf",4,897377,4.457435392259886
laddning,"Berg, Wilhelm",6,3078479,1.9490144321270342
laddning,"Berger, Henning",3,498496,6.018102452176146
laddning,"Bergh, Richard",1,82704,12.091313600309539
laddning,"Berghman, Nils",1,10716,93.3184023889511
laddning,"Bergman, Carl Wilhelm",1,128252,7.797149362193182
laddning,"Bergstrand, Per Emanuel",3,77785,38.56784727132481
laddning,"Billmark, Carl Johan",1,43905,22.776449151577268
laddning,"Bjursten, Herman",6,1516337,3.956904039141695
laddning,"Björkman, Carl Gustaf",1,266330,3.7547403597041265
laddning,"Blanche, August",2,1382410,1.446748793773193
laddning,"Blomberg, Harry",1,295674,3.382103262376807
laddning,"Blumauer, Karl",1,17434,57.359183205231155
laddning,"Blumenberg, Henrik Germund",1,57152,17.497200447928332
laddning,"Bolander, Sophie",2,966157,2.0700569369160498
laddning,"Bonaparte, Napoleon",2,82500,24.242424242424242
laddning,"Boye, Karin",1,431682,2.3165200309487077
laddning,"Brandt, Erastus",1,56132,17.81515000356303
laddning,"Braun, Wilhelm von",4,859117,4.655943253363628
laddning,"Bremer, Fredrika",2,2174414,0.9197880440431307
laddning,"Broman, Pehr Gustaf",1,16469,60.72014087072682
laddning,"Brontë, Charlotte",1,440109,2.2721643956383533
laddning,"Bruhn, Johan Niklas",1,40203,24.873765639380146
laddning,"Bruzelius, Janne",1,242549,4.122878263773505
laddning,"Bäckman, Wilhelm",2,195807,10.214139433217403
laddning,"Bäckmann, Ida",1,752232,1.3293771070627147
laddning,"Bäckström, Per Olof",1,413463,2.4185961017068034
laddning,"Bååth, Albert Ulrik",2,224022,8.927694601423074
laddning,"Börjesson, Johan",1,105669,9.463513423993792
laddning,"Böttiger, Carl Wilhelm",4,780026,5.128034193732004
laddning,"Carlén, Octavia",1,332440,3.0080616051016724
laddning,"Cederborgh, Fredrik",3,644243,4.65662801148014
laddning,"Cederström, Claes Henrik",1,24960,40.06410256410256
laddning,"Chytræus, Betty",1,30807,32.460155159541664
laddning,"Cleve, Alma",1,117475,8.512449457331346
laddning,"Cramær, Mauritz",1,117364,8.520500323779013
laddning,"Cronstrand, Baltzar",1,139436,7.171749046157377
laddning,"Crusenstolpe, Magnus Jacob",5,1801700,2.7751567963589943
laddning,"Cöster, Fredrik",2,109641,18.241351319305736
laddning,"Dahlgren, Carl Fredric",1,381115,2.6238799312543457
laddning,"Dahlgren, Fredrik August",2,1296307,1.5428444033704978
laddning,"Damm, Janne",1,281292,3.5550246718712226
laddning,"Darwin, Charles",1,433182,2.3084985064014663
laddning,"De Geer, Louis",2,487573,4.101949861866839
laddning,"Doyle, Arthur Conan",1,317586,3.1487534085255646
laddning,"Dunckel, Dorothea",1,240918,4.150789895317079
laddning,"Edenberg, Albert Anderson",2,686333,2.9140373550448544
laddning,"Ehrenborg-Posse, Betty",1,276106,3.62179742562639
laddning,"Ekbohrn, Carl Magnus",3,246065,12.191900514091804
laddning,"Ekermann, Agnes",1,274026,3.649288753621919
laddning,"Ekman, Lotten",1,28567,35.005425841005355
laddning,"Ekström, Carl Otto",1,305073,3.2779039770808955
laddning,"Elgenstierna, Gustaf",2,9471030,0.21117027398287197
laddning,"Elgström, Per",1,104945,9.528800800419267
laddning,"Elkan, Sophie",3,1077057,2.785367905319774
laddning,"Enander, Johan Alfred",1,65628,15.237398671298836
laddning,"Eneroth, Carl",10,861555,11.606920045731265
laddning,"Engström, Albert",2,354444,5.642640304251165
laddning,"Ennes, Barthold Anders",1,261803,3.819665932017586
laddning,"Flygare-Carlén, Emilie",21,5493966,3.8223753113870744
laddning,"Fredberg, Carl Rudolf A:son",1,31647,31.598571744557145
laddning,"Frykholm, Maria Barbara",1,114913,8.702235604326752
laddning,"Geijer, Erik Gustaf",5,4255809,1.174864755443677
laddning,"Govenius, Lars Johan",3,895930,3.348475885392832
laddning,"Granath, Wilhelm",6,4318088,1.389503873010462
laddning,"Granfelt, Axel Fredrik",1,38718,25.827780360555813
laddning,"Gravallius, Daniel Ehrenfried",1,30443,32.84827382321059
laddning,"Gustafsson, Richard",1,393052,2.544192625912093
laddning,"Gällstedt, Per Johan",3,82482,36.37157197934095
laddning,"Hallenborg, Eleonora Charlotta Filippina Fredrika Lovisa",2,42335,47.24223455769458
laddning,"Hallman, Axel",1,82887,12.064618094514218
laddning,"Hammargren, Tullius",1,59915,16.690311274305266
laddning,"Hansson, Ola",3,565301,5.306907293636487
laddning,"Hasselblad & Co., Fritz W.",1,203553,4.912725432688292
laddning,"Hedberg, Frans",2,1980962,1.0096104821798702
laddning,"Hedborn, Samuel",1,62846,15.91191165706648
laddning,"Hedenstierna, Alfred",1,1437853,0.6954813878748384
laddning,"Hedin, Sven",3,2332042,1.2864262307454153
laddning,"Hedvall, Yngve",1,267199,3.742528976530601
laddning,"Hedvig Elisabet Charlotta, hertiginna och drottning av Sverige",2,882900,2.2652622041001247
laddning,"Heller, Frank",2,685394,2.91802962967286
laddning,"Heurgren, Paul",3,92804,32.326192836515666
laddning,"Hjohlman, Hjalmar",1,55038,18.169264871543298
laddning,"Hodell, Frans",1,24780,40.35512510088781
laddning,"Hofberg, Herman",3,1583749,1.8942395543738306
laddning,"Hoffmann, Franz",4,154897,25.82361181946713
laddning,"Holmgren, Frithiof",1,107290,9.320533134495292
laddning,"Hultin, Måns",2,104686,19.104751351661157
laddning,"Hydén, Nils",1,600689,1.6647549730392932
laddning,"Hyltén-Cavallius, Gunnar Olof",1,447526,2.234507045400714
laddning,"Höggren, Fanchette",2,117916,16.961226635910307
laddning,"Högman, August",1,82592,12.107710189848897
laddning,"Höpken, Anders Johan von",1,465537,2.1480569750632066
laddning,"Jacobson, Harald",1,68191,14.664691821501371
laddning,"Jahnsson, Evald Ferdinand",1,138548,7.217715160088923
laddning,"James, D.",2,311224,6.426239621623011
laddning,"Janson, Gustaf",2,218309,9.161326376832838
laddning,"Johnson, John",1,695158,1.4385218899876
laddning,"Jolin, Johan",13,1428470,9.100646145876357
laddning,"Jonsson, Thorsten",1,311386,3.2114481704379774
laddning,"Kellmodin, Frithiof",1,48882,20.457428092140255
laddning,"Kerfve, Axel",9,1394284,6.454925969171273
laddning,"Kiellman-Göranson, Julius Axel",3,1984954,1.5113700367867466
laddning,"Kipling, Rudyard",1,334573,2.988884339142728
laddning,"Kjellgren, Josef",2,289746,6.902597447419464
laddning,"Kleen, Tyra",2,48825,40.9626216077829
laddning,"Knorring, Sophie von",1,1296030,0.7715870774596267
laddning,"Koch, Martin",2,442498,4.51979443974888
laddning,"Krook, Axel",2,505482,3.9566196224593555
laddning,"Kræmer, Lotten von",5,240151,20.820233936148508
laddning,"Kræmer, Vera von",1,269227,3.7143377150137247
laddning,"Kullberg, Karl Anders af",4,1320947,3.0281305760185684
laddning,"Kämpe, Alfred",1,221984,4.504829176877613
laddning,"Kärrström, E. J.",1,27653,36.16244168806278
laddning,"Lagerbring, Gustaf",1,103862,9.628160443665633
laddning,"Lagerlöf, Selma",3,4219670,0.7109560700244332
laddning,"Landqvist, Rudolf",1,38814,25.763899623847067
laddning,"Leijonhufvud, Sigrid",1,114591,8.7266888324563
laddning,"Levertin, Oscar",2,563813,3.547275426426847
laddning,"Levin, August Henrik",1,39352,25.411669038422442
laddning,"Liefde, Jan de",1,25889,38.62644366333192
laddning,"Lilliestierna, August Edvard",3,83278,36.02391988280218
laddning,"Lind, Carl",1,116442,8.587966541282356
laddning,"Lind, Erik Henrik",1,224146,4.461377851935792
laddning,"Lindberg, Per",1,524704,1.9058364334939317
laddning,"Lindblad, Johan Michael",1,106424,9.396376757122454
laddning,"Lindeberg, Anders",1,420459,2.378353180690626
laddning,"Lindgren, Martin",1,105917,9.44135502327294
laddning,"Lindholm, Charlotte",2,22423,89.19413102617848
laddning,"Lindholm, Per August",2,479022,4.1751735828417065
laddning,"Lindhé, Wilma",1,635336,1.5739703086240981
laddning,"Lindström, Sigfrid",1,116360,8.594018563080096
laddning,"Ling, Per Henrik",3,492118,6.096098903108604
laddning,"Linnarsson, Linnar",3,500119,5.998572339783132
laddning,"Ljungberg, Per Adolf",1,171664,5.825333209059559
laddning,"Lundin, Claës",4,630197,6.347221583092272
laddning,"Lundström, Georg",1,72582,13.777520597393293
laddning,"Lénström, Carl Julius",2,594590,3.3636623555727474
laddning,"Lönnegren, August Valfrid",1,12558,79.63051441312311
laddning,"Magnell, Carl Jakob",1,33616,29.747739171822943
laddning,"Malmgren, Thure",3,97568,30.747786159396522
laddning,"Marin, Otto Ulrik",3,174931,17.149618992631382
laddning,"Martinsson, Herman",1,5114,195.54165037152913
laddning,"Melander, Richard",4,583868,6.850863551350648
laddning,"Mellin, Gustaf Henrik",8,2729891,2.9305199365102856
laddning,"Meyer, Albertine",1,335249,2.9828575178449452
laddning,"Meyer, Ernst",1,823782,1.2139133897074712
laddning,"Meyer, Gustaf",1,159471,6.27073260969079
laddning,"Montén, R. A.",2,73222,27.31419518723881
laddning,"Myrberg, Anna",1,103512,9.660715665816523
laddning,"Naumann, Mathilda",2,133894,14.937189119751444
laddning,"Neander, John",1,31975,31.27443315089914
laddning,"Nervander, Emil",1,203722,4.908650023070655
laddning,"Nicander, Karl August",1,617227,1.6201494749905627
laddning,"Norberg, Augusta",1,72363,13.819217003164601
laddning,"Nordensvan, Georg",1,846003,1.1820289053348512
laddning,"Nordin, Albert",1,141167,7.0838085388228125
laddning,"Nordlund, Johan",1,239575,4.174058228112282
laddning,"Norlin, Mauritz",2,215224,9.292643943054678
laddning,"Norén, Victor",1,15949,62.69985579033168
laddning,"Nyberg, Sigfrid",1,152256,6.567885666246322
laddning,"Nyblom, Helena",3,1055882,2.841226576454566
laddning,"Nybom, Johan",1,151866,6.584752347464212
laddning,"Nylander, Conrad Wilhelm",1,70666,14.151076896951858
laddning,"Oxenstierna, Mårten Gabriel Leijonsköld",7,676468,10.347865678790424
laddning,"Palmblad, Vilhelm Fredrik",5,1018806,4.907705686853042
laddning,"Pereswetoff-Morath, Anders Wilhelm",1,18455,54.185857491194795
laddning,"Pereswetoff-Morath, Fredrik",4,142562,28.05796776139504
laddning,"Person, Johan",1,49994,20.002400288034565
laddning,"Persson, Fredrik",1,496982,2.012145309085641
laddning,"Pettersson, Victor",6,363394,16.511004584555607
laddning,"Pihlstrand, Ragnar",10,3687102,2.7121571358752754
laddning,"Quennerstedt, August",1,1839800,0.5435373410153278
laddning,"Qvanten, Emil von",2,166171,12.035794452702337
laddning,"Reenstierna, Märta Helena",2,605548,3.3027935027446214
laddning,"Ridderstad, Carl Fredrik",2,2292557,0.8723883419256315
laddning,"Rietz, Johan Ernst",1,1483948,0.6738780604172114
laddning,"Risberg, Emilie",1,321787,3.10764574081613
laddning,"Roos, Mathilda",3,979070,3.064132288804682
laddning,"Roselius, Jonas Erik",2,51910,38.528221922558274
laddning,"Runeberg, Fredrika Charlotta",1,244938,4.082665817472177
laddning,"Runeberg, Johan Ludvig",3,500896,5.989267233118252
laddning,"Russberg, Johan Albert",1,75296,13.280917977050574
laddning,"Rydberg, Carl Henrik",2,394090,5.074982871932807
laddning,"Rydberg, Viktor",4,840566,4.758698305665468
laddning,"Sandberg, Algot",7,516906,13.54211404007692
laddning,"Sandel, Maria",1,460120,2.1733460836303573
laddning,"Schenfelt, Inga",1,462908,2.1602564656476018
laddning,"Scherini, Pehr Hampus",1,79236,12.620526023524661
laddning,"Schildt, Runar",1,105782,9.453404170841921
laddning,"Schirmer, Adolf",1,249159,4.013501418772751
laddning,"Scholander, Fredrik Wilhelm",2,308375,6.4856100526955816
laddning,"Schröder, Gustaf",3,450001,6.666651851884773
laddning,"Schwartz, Marie Sophie",7,4905025,1.427107914842432
laddning,"Schöldström, Birger",3,234212,12.808908168667703
laddning,"Schüssler, George Christian",2,18688,107.02054794520548
laddning,"Sillén, Abraham Wilhelm af",1,161140,6.205783790492739
laddning,"Silverstolpe, Gustaf Abraham",2,878464,2.276701151100102
laddning,"Sjögren, Lennart",2,48769,41.00965777440587
laddning,"Skarstedt, Carl Wilhelm",1,788956,1.2674978072287935
laddning,"Sommelius, Gustaf Lorentz",1,40806,24.50620006861736
laddning,"Sparre, Pehr",24,1212926,19.786862512634737
laddning,"Stam, Per",3,238205,12.59419407653072
laddning,"Stenhammar, Jakob Axel",2,411692,4.858000641256084
laddning,"Stjernström, Louise",9,2740356,3.2842448207459176
laddning,"Stowe, Harriet Beecher",2,264693,7.555923277155044
laddning,"Strandberg, Carl Vilhelm August",2,466218,4.289838659168029
laddning,"Strussenfelt, Ulrika Sophia von",1,3091227,0.3234961392353263
laddning,"Sturzen-Becker, Oscar Patric",2,1219159,1.6404751144026333
laddning,"Stuxberg, Anton",3,103928,28.86613809560465
laddning,"Styffe, Carl Gustaf",4,1150524,3.476676714262371
laddning,"Stålberg, Wilhelmina",2,3336754,0.5993849112041223
laddning,"Sundblad, Johannes",4,669153,5.977706144932474
laddning,"Sällberg, Thure",2,543462,3.6801101088944583
laddning,"Sätherberg, Herman",1,374315,2.6715466919573085
laddning,"Söderbom, Anton Samuel Ernst",2,304113,6.576502813099078
laddning,"Söderhjelm, Werner",1,124684,8.02027525584678
laddning,"Söderling, Johan Niklas",2,32610,61.330880098129406
laddning,"Tavaststjerna, Karl August",2,500327,3.997385709745826
laddning,"Tegnér, Esaias",2,369317,5.415401944670839
laddning,"Tengström, Jacob",1,129638,7.713787623999136
laddning,"Thomasson, Nils",1,707538,1.4133516503707222
laddning,"Thomasson, Pehr",8,1451638,5.511015831770731
laddning,"Thorell, Per",1,15965,62.63701847792045
laddning,"Thorsander, Gustaf",2,374435,5.341381014061185
laddning,"Topelius, Zacharias",5,2307429,2.1669139115439737
laddning,"Trolle, Henrik af",28,2829965,9.894115298245739
laddning,"Törnblom, Johan August",1,856702,1.167267031009616
laddning,"Törnebladh, Ragnar",1,187908,5.321753198373672
laddning,"Ulfsson, Sten",1,425150,2.352111019640127
laddning,"Vester, A. B.",2,142413,14.043661744363225
laddning,"Virdestam, Gotthard",1,1223099,0.8175953050407203
laddning,"Wachtmeister, Hans",3,51989,57.70451441651119
laddning,"Wallenberg, Jacob",1,79294,12.611294675511388
laddning,"Wallin, Johan Peter",1,279251,3.581007767205847
laddning,"Wallin, R. W.",1,28377,35.239806885858265
laddning,"Wallin, William",1,9253,108.07305738679348
laddning,"Wallén, Nils Jacob",2,15010,133.24450366422386
laddning,"Wennerberg, Ingrid",1,35614,28.078845397877238
laddning,"Wetterbergh, Carl Anton",5,2981866,1.6768023781082046
laddning,"Wettergrund, Josefina",1,1232610,0.8112866194497854
laddning,"Wickström, Victor Hugo",2,519663,3.848648066150563
laddning,"Wieselgren, Sigfrid",1,284161,3.519131759812219
laddning,"Wijkander, Oscar",1,110845,9.021606748161847
laddning,"Wilén, Fritz",2,60454,33.08300526019784
laddning,"Wipperling, Nils Fredrik",1,115868,8.630510581005971
laddning,"Wirsén, Carl David af",1,246734,4.05294770886866
laddning,"Witt, Otto",14,554078,25.267200646840337
laddning,"Wägner, Elin",6,2370616,2.530987726396852
laddning,"Wåhlstrand, Karin",1,69220,14.44669170759896
laddning,"Zaar, Ludvig Christofer Gustaf",1,61577,16.23982980658363
laddning,"Zeipel, Carl von",2,883195,2.264505573514343
laddning,"Zilliacus, Konni, d. ä.",2,157875,12.66825019794141
laddning,"Åberg, Johan Eggert",1,33839,29.551700700375306
laddning,"Åberg, Jon Olof",13,4055315,3.2056695965664814
laddning,"Åkerlund, P. A.",1,7450,134.2281879194631
laddning,"Öberg, Ludvig Teodor",3,817009,3.6719301745758
laddning,"Ödberg, Pehr Ivar",1,24701,40.484190923444395
laddning,"Ödman, Pelle",2,393808,5.078616991021005
laddning,"Ödmann, Samuel",1,301246,3.3195461516501465
magnet,"Adlersparre, Carl August",1,199744,5.006408202499199
magnet,"Adlersparre, Georg Axel",1,51236,19.517526739011632
magnet,"Afzelius, Anders Johan",1,104063,9.609563437533033
magnet,"Afzelius, Arvid August",2,79683,25.09945659676468
magnet,"Agrell, Alfhild",3,704037,4.261139684419995
magnet,"Ahlbom, Mathilda",3,395655,7.582363422678849
magnet,"Ahlqvist, Abraham",1,165083,6.057558924904442
magnet,"Ahnfelt, Arvid",2,834238,2.3973973853984116
magnet,"Ahrenberg, Jac",1,612997,1.6313293539772626
magnet,"Alcott, Louisa May",2,411350,4.862039625622949
magnet,"Alfthan, Johannes",3,158529,18.923982362848438
magnet,"Altén, Victor August",1,73223,13.656911079851959
magnet,"Ameen, Georg",1,156508,6.389449740588341
magnet,"Andrén, Olof",1,258552,3.8676939261734584
magnet,Anonym,52,11696629,4.445725345311029
magnet,"Arfwedson, Carl David",1,505670,1.9775743073545988
magnet,"Arvidsson, Adolf Ivar",1,337588,2.9621905991919144
magnet,"Atterbom, P.D.A.",4,1110581,3.601718379839021
magnet,"Aurell, Wilhelm",1,212084,4.7151128798023425
magnet,"Aurén, Johan August",1,4056,246.5483234714004
magnet,"Austen, Jane",1,163429,6.118865072906277
magnet,"Bahr, Johan Fredrik",1,7485,133.6005344021376
magnet,"Benedictsson, Victoria",4,715264,5.592340730136006
magnet,"Berg, Daniel",2,145157,13.77818499968999
magnet,"Berg, Per Gustaf",2,897377,2.228717696129943
magnet,"Bergh, Richard",1,82704,12.091313600309539
magnet,"Berglund, Victoria",1,60959,16.40446857724044
magnet,"Bergström, Frans Frode Theodor",2,19449,102.83305054244434
magnet,"Berndtson, Charlotta",3,200987,14.926338519406729
magnet,"Beskow, Bernhard von",3,165358,18.142454553151346
magnet,"Bjursten, Herman",5,1516337,3.297420032618079
magnet,"Björck, Theodor",2,170512,11.729379750398799
magnet,"Björling, Fridolf",2,410057,4.877370706999271
magnet,"Blachet, Gustaf",1,17198,58.14629608093964
magnet,"Blomberg, Harry",1,295674,3.382103262376807
magnet,"Bolander, Sophie",2,966157,2.0700569369160498
magnet,"Bolinus, Andreas",1,31158,32.094486167276465
magnet,"Brag, Eva",1,104257,9.5916820932887
magnet,"Branting, Anna",1,487838,2.0498608144506987
magnet,"Braun, Wilhelm von",4,859117,4.655943253363628
magnet,"Bremer, Fredrika",2,2174414,0.9197880440431307
magnet,"Brinkman, Carl Gustaf von",2,438137,4.564782248474792
magnet,"Broberg, Johan Valentin",1,32291,30.968381282710354
magnet,"Brontë, Charlotte",3,440109,6.81649318691506
magnet,"Burghausen, Carl Fredrik von",1,63141,15.83756988327711
magnet,"Bäckmann, Ida",3,752232,3.988131321188144
magnet,"Böttiger, Carl Wilhelm",3,780026,3.8460256452990027
magnet,"Carlén, Rosa",3,634900,4.725153567490944
magnet,"Cederberg, Björn",3,160355,18.70849053662187
magnet,"Cederblad, Albert",1,67433,14.829534500912017
magnet,"Cederborg, Carl August",1,99853,10.014721640811993
magnet,"Cederborgh, Fredrik",2,644243,3.1044186743200934
magnet,"Celsius, Olof, d. ä.",1,55133,18.13795730324851
magnet,"Chronwall, Johan Henrik",1,51116,19.56334611471946
magnet,"Chydenius, Karl",1,149994,6.666933344000427
magnet,"Columbus, Samuel",1,50848,19.666456891126494
magnet,"Cramær, Mauritz",1,117364,8.520500323779013
magnet,"Cronholm, Bernhard",1,139940,7.145919679862798
magnet,"Crusenstolpe, Magnus Jacob",5,1801700,2.7751567963589943
magnet,"Dahlgren, Carl Fredric",4,381115,10.495519725017383
magnet,"Dahlgren, Fredrik August",5,1296307,3.8571110084262448
magnet,"Dahlgren, Lotten",1,122195,8.183640901837228
magnet,"Douglass, Frederick",1,336092,2.975375789962272
magnet,"Dunckel, Dorothea",1,240918,4.150789895317079
magnet,"Eberstein, Carl Christian",2,89661,22.30624240193618
magnet,"Edelfelt, Johanna Catharina, f. Benzelstjerna",1,57416,17.416747944823744
magnet,"Edenberg, Albert Anderson",10,686333,14.570186775224272
magnet,"Ehrnrooth, Adelaide",1,466005,2.145899722105986
magnet,"Eichhorn, Christoffer",1,122666,8.152218218577275
magnet,"Ekelund, Vilhelm",7,1301987,5.376397767412424
magnet,"Ekmarck, Carl Eric",1,64051,15.612558742252268
magnet,"Elgenstierna, Gustaf",1,9471030,0.10558513699143598
magnet,"Elmblad, Magnus",1,98880,10.11326860841424
magnet,"Enander, Johan Alfred",2,65628,30.47479734259767
magnet,"Eriksson, Erik Gustaf",1,47606,21.005755577028104
magnet,"Falk, Hugo",1,114461,8.736600239382847
magnet,"Feilitzen, Urban von",1,50455,19.819641264493114
magnet,"Feuk, Carl Gustaf Theodor",1,11233,89.02341315766047
magnet,"Flygare-Carlén, Emilie",13,5493966,2.36623233562057
magnet,"Fornell, Bror Edvard",2,427572,4.677574771032715
magnet,"Forssman, Edith",4,716693,5.581190272543474
magnet,"Frank, Sten",1,95110,10.514141520344864
magnet,"Franzén, Frans Michael",8,427605,18.70885513499608
magnet,"Frese, Jacob",2,25844,77.3874013310633
magnet,"Frick-Meijer, Anders Ludvig",1,25176,39.72036860502065
magnet,"Frunck, Gudmund",1,189241,5.2842671514101065
magnet,"Frykholm, Sunny",1,98036,10.200334570973927
magnet,"Fryxell, Olof",3,199450,15.041363750313362
magnet,"Furuhjelm, Maria",1,305890,3.2691490405047565
magnet,"Geijer, Erik Gustaf",1,4255809,0.23497295108873542
magnet,"Gernandt-Claine, Jane",1,243832,4.101184422061091
magnet,"Goethe, Johann Wolfgang von",1,105706,9.460200934667853
magnet,"Goncourt, Edmond de",1,157664,6.342601989039983
magnet,"Govenius, Lars Johan",5,895930,5.580793142321387
magnet,"Granath, Wilhelm",5,4318088,1.157919894175385
magnet,"Gravallius, Wilhelmina",2,957722,2.088288668319199
magnet,"Gripenberg, Alexandra",1,161312,6.199166831977783
magnet,"Gräf, Hans Gerhard",1,35604,28.086731827884506
magnet,"Gråbergh, Otto",1,33001,30.302112057210387
magnet,"Gustafsson, Richard",1,393052,2.544192625912093
magnet,"Götberg, Reinhold",1,62296,16.052395017336586
magnet,"Hagberg, Carl August",1,44710,22.36636099306643
magnet,"Hallenborg, Carl",2,36757,54.41140463041054
magnet,"Hansson, Ola",8,565301,14.151752783030632
magnet,"Hansson, Stina",2,88498,22.59938077696671
magnet,"Harrison, Mary St. Leger Kingsley",1,185623,5.387263431794551
magnet,"Hasselblad & Co., Fritz W.",8,203553,39.30180346150634
magnet,"Hebbe, Wendela",1,287495,3.4783213621106452
magnet,"Hedberg, Frans",1,1980962,0.5048052410899351
magnet,"Hedborn, Samuel",1,62846,15.91191165706648
magnet,"Hedin, Sven",2,2332042,0.8576174871636103
magnet,"Hellberg, Johan Carl",1,29907,33.43698799612131
magnet,"Heller, Frank",2,685394,2.91802962967286
magnet,"Hertzberg, Rafaël",2,277692,7.2022240467856475
magnet,"Hofberg, Herman",1,1583749,0.631413184791277
magnet,"Hoffmann, Franz",1,154897,6.455902954866782
magnet,"Höpken, Anders Johan von",2,465537,4.296113950126413
magnet,"Hülphers, Abraham Abrahamsson",1,59439,16.823970793586703
magnet,"Idström, Ellen",1,240165,4.163804051381342
magnet,"Indebetou, Johan Govert",1,39103,25.573485410326573
magnet,"Ingelius, Axel Gabriel",1,406515,2.459933827780033
magnet,"Ingelman, Georg Gabriel",11,166856,65.92510907608957
magnet,"James, D.",1,311224,3.2131198108115053
magnet,"Janson, Betty",6,301130,19.924949357420385
magnet,"Johanson, Klara",1,269173,3.715082864923302
magnet,"Johansson, Johannes",1,77724,12.866038803973034
magnet,"Johnson, John",1,695158,1.4385218899876
magnet,"Jolin, Ellen",2,82543,24.22979537937802
magnet,"Jolin, Johan",1,1428470,0.7000497035289506
magnet,"Jonsson, Thorsten",2,311386,6.422896340875955
magnet,"Josephson, Ludvig",1,134746,7.421370578718478
magnet,"Jouvin, Maria",1,27905,35.83587170757929
magnet,"Karl XV, kung av Sverige",1,67215,14.877631481068214
magnet,"Key, Ellen",1,517640,1.9318445251526157
magnet,"Keyland, Nils",1,313867,3.1860628865092537
magnet,"Kiellman-Göranson, Julius Axel",10,1984954,5.037900122622489
magnet,"Kjellberg, Isidor",1,68685,14.559219625828055
magnet,"Kjellenberg, Matthias",4,75592,52.91565244999471
magnet,"Knorring, Sophie von",4,1296030,3.086348309838507
magnet,"Koch, Richert von",1,553374,1.8070961049850554
magnet,"Kreüger, Erik",1,9089,110.02310485201892
magnet,"Krok, Johan Peter",3,155292,19.318445251526157
magnet,"Krook, Max",3,27655,108.47947929849937
magnet,"Krusenstjerna, Agnes von",2,1272288,1.571971126034357
magnet,"Kræmer, Anders Robert von",2,75135,26.6187529114261
magnet,"Kræmer, Lotten von",3,240151,12.492140361689104
magnet,"Kullberg, Karl Anders af",4,1320947,3.0281305760185684
magnet,"Kämpe, Alfred",1,221984,4.504829176877613
magnet,"Lagerlöf, Selma",1,4219670,0.23698535667481108
magnet,"Lallerstedt, Anders",2,13495,148.20303816228233
magnet,"Laurén, Ludvig Leonard",1,72075,13.87443635102324
magnet,"Leistenius, Jacob Gabriel",1,151097,6.618265087989834
magnet,"Lennstrand, Viktor E.",2,72489,27.590393025148643
magnet,"Levertin, Oscar",1,563813,1.7736377132134236
magnet,"Levin, Carl Herman",1,48113,20.78440338370087
magnet,"Lilja, Nils",1,103547,9.657450239987638
magnet,"Limborg, Ossian",1,142379,7.023507680205649
magnet,"Linck, Josef",1,34819,28.71995175048106
magnet,"Lindblad, Elis Wilhelm",1,79096,12.642864367351066
magnet,"Lindblad, Johan Michael",1,106424,9.396376757122454
magnet,"Lindholm, Fredrik",2,289127,6.917375409422157
magnet,"Lindholm, Per August",1,479022,2.0875867914208532
magnet,"Lindhé, Wilma",2,635336,3.1479406172481963
magnet,"Lindkvist, Alfred",1,141703,7.05701361297926
magnet,"Ljunggren, Gustaf",3,1909848,1.5708056347939732
magnet,"Ljungstedt, Aurora",1,2310610,0.43278614738099463
magnet,"Lund, Sigurd",2,19330,103.46611484738749
magnet,"Lundegård, Axel",2,997912,2.0041847377323854
magnet,"Lundquist, Ernst",7,1133848,6.173667017095766
magnet,"Lénström, Carl Julius",4,594590,6.727324711145495
magnet,"Lönnberg, Mathilda",1,816900,1.2241400416207615
magnet,"Malmgren, Thure",2,97568,20.498524106264348
magnet,"Meijer, Bernhard",1,543470,1.84002796842512
magnet,"Meyer, Ernst",1,823782,1.2139133897074712
magnet,"Munthe, Axel",1,519572,1.9246610671860684
magnet,"Mörner, Birger",1,42975,23.26934264107039
magnet,"Nervander, Johan Jakob",2,95994,20.834635498051963
magnet,"Nicander, Karl August",1,617227,1.6201494749905627
magnet,"Nilsson, Albert",3,135571,22.128626328639605
magnet,"Nilsson, Ernst",1,11290,88.57395925597874
magnet,"Nordenskiöld, Adolf Erik",2,297785,6.7162550162029655
magnet,"Nordensvan, Georg",7,846003,8.274202337343958
magnet,"Nordin, Jonas",1,196759,5.082359637932699
magnet,"Nordström, Ester Blenda",2,408622,4.894499072492426
magnet,"Norlander, Emil",1,207383,4.82199601703129
magnet,"Norlin, Mauritz",1,215224,4.646321971527339
magnet,"Numers, Hedvig von",1,286710,3.487844860660598
magnet,"Nyberg, Julia Christina",2,147532,13.556380988531302
magnet,"Nyblom, Carl Rupert",1,95963,10.420682971561956
magnet,"Olsson, Johannes",1,108979,9.1760797951899
magnet,"Olán, Olivus",1,13252,75.46030787805614
magnet,Ovidius,1,155332,6.437823500630906
magnet,"Oxenstierna, Mårten Gabriel Leijonsköld",1,676468,1.478266525541489
magnet,"Palmblad, Vilhelm Fredrik",3,1018806,2.944623412111825
magnet,"Persson, Jöns",1,12640,79.11392405063292
magnet,"Petersson, Therèse",1,167213,5.980396261056257
magnet,"Pettersson, Victor",1,363394,2.7518340974259345
magnet,"Pfeiffer, Sara",1,1362314,0.7340451613945096
magnet,"Philipsson, Jonas",1,128485,7.783009689847064
magnet,"Pihlstrand, Ragnar",4,3687102,1.0848628543501102
magnet,"Platen, Henrica Carolina von",1,111611,8.959690353101397
magnet,"Pontin, Constans",1,265724,3.7633032770844936
magnet,"Prytz, Harald Oscar",1,90977,10.991789133517262
magnet,"Qvanten, Emil von",1,166171,6.0178972263511685
magnet,"Randel, Rolf Ane",1,27236,36.71611102951975
magnet,"Reenstierna, Märta Helena",1,605548,1.6513967513723107
magnet,"Reuter, Jonatan",1,19594,51.036031438195366
magnet,"Ridderstad, Carl Fredrik",5,2292557,2.180970854814079
magnet,"Roos, Mathilda",1,979070,1.0213774296015607
magnet,"Rosenius, Josef",1,50108,19.956893110880497
magnet,"Rosén, Johan Magnus",1,404745,2.470691422994725
magnet,"Roth, Sven Olof",1,268344,3.7265599379900425
magnet,"Ruin, Hans",1,324767,3.079130576690366
magnet,"Runeberg, Johan Ludvig",2,500896,3.9928448220788346
magnet,"Ryberg, Klas",1,93264,10.722250814891062
magnet,"Rydberg, Carl Henrik",1,394090,2.5374914359664036
magnet,"Rydberg, Viktor",5,840566,5.948372882081835
magnet,"Samzelius, Hugo",1,77418,12.916892712289131
magnet,"Sandberg, Algot",1,516906,1.9345877200109884
magnet,"Sandberg, Sven",1,6547,152.7417137620284
magnet,"Schenfelt, Inga",4,462908,8.641025862590407
magnet,"Scholander, Fredrik Wilhelm",2,308375,6.4856100526955816
magnet,"Schwartz, Marie Sophie",15,4905025,3.0580883889480686
magnet,"Schöldström, Birger",3,234212,12.808908168667703
magnet,"Schön, August",1,42095,23.75579047392802
magnet,"Segerstedt, Albrekt",1,319845,3.126514405415123
magnet,"Segerstedt, Torgny",1,188372,5.308644596861529
magnet,"Silfverstolpe, Gudmund Leonhard",2,51620,38.74467260751646
magnet,"Silverstolpe, Gustaf Abraham",1,878464,1.138350575550051
magnet,"Sjöberg, Birger",2,566959,3.5275919422744852
magnet,"Sjöberg, Edvard Daniel",1,140639,7.110403230967228
magnet,"Sjöström, Carl",1,312159,3.2034956544581448
magnet,"Skarstedt, Carl Wilhelm",1,788956,1.2674978072287935
magnet,"Sparre, Pehr",5,1212926,4.12226302346557
magnet,"Stackelberg, Oskar",4,52938,75.5600891609052
magnet,"Starbäck, Carl Georg",2,1609009,1.2430011267805214
magnet,"Stiernhielm, Georg",1,61481,16.265187618939184
magnet,"Stjernstolpe, Jonas Magnus",2,87206,22.93420177510722
magnet,"Stjernström, Louise",3,2740356,1.0947482735819725
magnet,"Strandberg, Carl Vilhelm August",1,466218,2.1449193295840145
magnet,"Strindberg, August",1,1575196,0.6348416324063799
magnet,"Strussenfelt, Ulrika Sophia von",14,3091227,4.5289459492945685
magnet,"Ström, Fredrik",1,554469,1.8035273387691648
magnet,"Strömberg, Bengt Johan Gustaf Lorenz",1,34041,29.376340295525985
magnet,"Sturzen-Becker, Oscar Patric",1,1219159,0.8202375572013166
magnet,"Stålberg, Wilhelmina",9,3336754,2.6972321004185504
magnet,"Sundblad, Johannes",1,669153,1.4944265362331186
magnet,"Sundler, Anders",2,178228,11.221581345243171
magnet,"Svanlund, Yngve Fredrik",2,38238,52.30399079449762
magnet,"Svartengren, Jakob",2,14995,133.3777925975325
magnet,"Svenson, Axel",1,26048,38.39066339066339
magnet,"Sätherberg, Herman",1,374315,2.6715466919573085
magnet,"Söderberg, Hjalmar",1,783283,1.276677778018928
magnet,"Söderhjelm, Werner",2,124684,16.04055051169356
magnet,"Sörman, Py",1,271409,3.684476196441533
magnet,Tankebyggarorden,1,93902,10.649400438755299
magnet,"Tavaststjerna, Karl August",1,500327,1.998692854872913
magnet,"Tersmeden, Carl",1,627992,1.5923769729550694
magnet,"Tersmeden, Minna",2,218930,9.135340063033846
magnet,"Thomasson, Nils",1,707538,1.4133516503707222
magnet,"Thomasson, Pehr",2,1451638,1.3777539579426827
magnet,"Tibell, Charlotta Cecilia af",1,144975,6.897740989825832
magnet,"Tollstorp, Jacob Philip",4,45173,88.54846921833838
magnet,"Trolle, Henrik af",4,2829965,1.413445042606534
magnet,"Utterström, Olof Philip",1,57762,17.312419930057825
magnet,"Vinell, Sigrid",1,40304,24.811433108376338
magnet,"Virgin, Axel Gustaf",1,123697,8.084270435014592
magnet,"Wahlenberg, Anna",1,992911,1.0071396127145333
magnet,"Wallmo, Uno",1,105865,9.445992537665894
magnet,"Warburg, Karl",2,558375,3.581822252070741
magnet,"Wernberg, Hjalmar",3,790174,3.796632134188166
magnet,"Westerlund, Johan Alfred",1,910029,1.0988660800919532
magnet,"Westerstrand, Adolf",2,41823,47.820577194366734
magnet,"Westholm, Erik",1,18755,53.31911490269262
magnet,"Wetterbergh, Carl Anton",6,2981866,2.0121628537298455
magnet,"Wettergrund, Josefina",4,1232610,3.2451464777991417
magnet,"Wetterstedt, Niklas Joakim af",1,77158,12.960418880738226
magnet,"Whitlock, Anna",1,36900,27.100271002710027
magnet,"Wickström, Victor Hugo",2,519663,3.848648066150563
magnet,"Wigström, Eva",4,816884,4.896656073567361
magnet,"Wijkander, Oscar",1,110845,9.021606748161847
magnet,"Winter, Reinhold",1,238949,4.18499345048525
magnet,"Witt, Otto",50,554078,90.24000231014406
magnet,"Wranér, Henrik",1,585352,1.708373764845768
magnet,"Wägner, Elin",2,2370616,0.8436625754656174
magnet,"Wåhlstrand, Karin",1,69220,14.44669170759896
magnet,"Wærnér, Ninian",2,164783,12.13717434444087
magnet,"Zedritz, Carl Edvard",1,62621,15.969083853659315
magnet,"Zeipel, Carl von",1,883195,1.1322527867571714
magnet,"Zethelius, Ingeborg",1,35582,28.10409757742679
magnet,"Öberg, Ludvig Teodor",2,817009,2.4479534497172
magnet,"Ödmann, Samuel",1,301246,3.3195461516501465
magnetisera,"Agrell, Alfhild",3,704037,4.261139684419995
magnetisera,"Almqvist, C.J.L.",3,2529302,1.1860979827636242
magnetisera,"Améen, Elin",1,180341,5.545050764939753
magnetisera,Anonym,10,11696629,0.8549471817905826
magnetisera,"Backlund, Gusten",4,37637,106.27839625900044
magnetisera,"Beckman, Edvard",3,57597,52.08604614823689
magnetisera,"Berg, Per Gustaf",1,897377,1.1143588480649715
magnetisera,"Berger, Henning",1,498496,2.006034150725382
magnetisera,"Bergh, Richard",1,82704,12.091313600309539
magnetisera,"Berglund, Victoria",1,60959,16.40446857724044
magnetisera,"Bergman, Hjalmar",1,1469793,0.6803679157541233
magnetisera,"Bremer, Fredrika",3,2174414,1.379682066064696
magnetisera,"Bruzelius, Janne",2,242549,8.24575652754701
magnetisera,"Carlén, Rosa",1,634900,1.5750511891636478
magnetisera,"Dahl, Mattis",1,412666,2.4232672427580657
magnetisera,"Edenberg, Albert Anderson",6,686333,8.742112065134563
magnetisera,"Flygare, Edvard",1,195321,5.119777187296809
magnetisera,"Flygare-Carlén, Emilie",2,5493966,0.36403574394162613
magnetisera,"Fogelholm, Axel",1,37756,26.48585655260091
magnetisera,"Fornell, Bror Edvard",3,427572,7.016362156549072
magnetisera,"Forssman, Edith",1,716693,1.3952975681358686
magnetisera,"Gernandt-Claine, Jane",1,243832,4.101184422061091
magnetisera,"Goncourt, Edmond de",1,157664,6.342601989039983
magnetisera,"Govenius, Lars Johan",1,895930,1.1161586284642773
magnetisera,"Granath, Wilhelm",3,4318088,0.694751936505231
magnetisera,"Gyllenhaal, Aurore",1,199328,5.016856638304704
magnetisera,"Hansson, Ola",1,565301,1.768969097878829
magnetisera,"Hebbe, Wendela",1,287495,3.4783213621106452
magnetisera,"Hedberg, Frans",2,1980962,1.0096104821798702
magnetisera,"Hedvig Elisabet Charlotta, hertiginna och drottning av Sverige",3,882900,3.397893306150187
magnetisera,"Hult, Oscar Walfrid",1,1208,827.8145695364238
magnetisera,"Hultin, Måns",1,104686,9.552375675830579
magnetisera,"Hwasser, Israel",2,151164,13.230663385462147
magnetisera,"Johnson, John",5,695158,7.192609449938
magnetisera,"Jolin, Ellen",1,82543,12.11489768968901
magnetisera,"Jolin, Johan",2,1428470,1.4000994070579011
magnetisera,"Kerfstedt, Amanda",1,672155,1.4877520809932232
magnetisera,"Key, Ellen",1,517640,1.9318445251526157
magnetisera,"Landquist, Ellen",1,44571,22.43611316775482
magnetisera,"Lange, Ina",1,120439,8.302958344057988
magnetisera,"Leffler, Anne Charlotte",1,483270,2.0692366585966435
magnetisera,"Levertin, Oscar",2,563813,3.547275426426847
magnetisera,"Lindberg, Otto Emil",1,29295,34.135518006485746
magnetisera,"Linder, Marie",1,52998,18.86863655232273
magnetisera,"Lindhé, Wilma",1,635336,1.5739703086240981
magnetisera,"Ljunggren, Gustaf",3,1909848,1.5708056347939732
magnetisera,"Ljungstedt, Aurora",2,2310610,0.8655722947619893
magnetisera,"Lundquist, Ernst",2,1133848,1.7639048620273616
magnetisera,"Lönnberg, Mathilda",1,816900,1.2241400416207615
magnetisera,"Magnell, Ernst",1,20809,48.05612955932529
magnetisera,"Meyer, Ernst",2,823782,2.4278267794149424
magnetisera,"Meyer, Philipp Joel",3,30894,97.10623422023694
magnetisera,"Mortensen, Johan",3,392455,7.64418850568855
magnetisera,"Nordström, Ludvig",1,343585,2.910487943303695
magnetisera,"Pettersson, Victor",1,363394,2.7518340974259345
magnetisera,"Ridderstad, Carl Fredrik",4,2292557,1.744776683851263
magnetisera,"Risberg, Emilie",1,321787,3.10764574081613
magnetisera,"Roos, Mathilda",1,979070,1.0213774296015607
magnetisera,"Roth, Sven Olof",2,268344,7.453119875980085
magnetisera,"Scholander, Fredrik Wilhelm",2,308375,6.4856100526955816
magnetisera,"Schwartz, Marie Sophie",11,4905025,2.2425981518952502
magnetisera,"Schöldström, Birger",1,234212,4.269636056222567
magnetisera,"Seelhorst, Bertha",1,43548,22.963167080003675
magnetisera,"Sefbom, Augusta",1,81444,12.278375325376945
magnetisera,"Silfverstolpe, Malla",1,547564,1.8262705364121818
magnetisera,"Starbäck, Carl Georg",1,1609009,0.6215005633902607
magnetisera,"Stengård, Per",1,40180,24.888003982080637
magnetisera,"Stjernstolpe, Jonas Magnus",1,87206,11.46710088755361
magnetisera,"Stoker, Bram",1,120550,8.29531314807134
magnetisera,"Strindberg, August",2,1575196,1.2696832648127598
magnetisera,"Strussenfelt, Ulrika Sophia von",2,3091227,0.6469922784706525
magnetisera,"Sturzen-Becker, Oscar Patric",2,1219159,1.6404751144026333
magnetisera,"Sundler, Anders",3,178228,16.832372017864756
magnetisera,"Svedelius, Wilhelm Erik",1,169888,5.886230928611791
magnetisera,"Sätherberg, Herman",4,374315,10.686186767829234
magnetisera,"Thomasson, Nils",1,707538,1.4133516503707222
magnetisera,"Thomasson, Pehr",1,1451638,0.6888769789713414
magnetisera,"Tjörner, Olof",1,100662,9.934235361904195
magnetisera,"Trolle, Henrik af",2,2829965,0.706722521303267
magnetisera,"Ulfsson, Sten",1,425150,2.352111019640127
magnetisera,"Wallensteen, Nanna",2,71755,27.87262211692565
magnetisera,"Warburg, Karl",1,558375,1.7909111260353705
magnetisera,"Wernberg, Hjalmar",1,790174,1.2655440447293886
magnetisera,"Wetterbergh, Carl Anton",6,2981866,2.0121628537298455
magnetisera,"Widmark, Per Fredrik",1,52253,19.137657168009493
magnetisera,"Wigström, Eva",2,816884,2.4483280367836806
magnetisera,"Witt, Otto",3,554078,5.414400138608643
magnetisera,"Wranér, Henrik",2,585352,3.416747529691536
magnetisera,"Öberg, Ludvig Teodor",1,817009,1.2239767248586
magnetisera,"Ödmann, Jenny Maria",2,1277526,1.5655258679666793
magnetism,"Ahlbom, Mathilda",3,395655,7.582363422678849
magnetism,"Ahrenberg, Jac",1,612997,1.6313293539772626
magnetism,"Almqvist, C.J.L.",7,2529302,2.7675619597817898
magnetism,Anonym,7,11696629,0.5984630272534078
magnetism,"Atterbom, P.D.A.",11,1110581,9.904725544557309
magnetism,"Bagger, Alban Agathon",1,46140,21.673168617251843
magnetism,"Bellman, Carl Michael",1,261940,3.817668168282813
magnetism,"Berg, Wilhelm",1,3078479,0.32483573868783905
magnetism,"Bergh, Richard",9,82704,108.82182240278584
magnetism,"Bergman, Hjalmar",1,1469793,0.6803679157541233
magnetism,"Berndtson, Charlotta",1,200987,4.975446173135576
magnetism,"Blom, Lydia",1,37775,26.472534745201852
magnetism,"Bohman, John G.",1,151148,6.616031968666473
magnetism,"Bollsten, Johan Christian",2,107829,18.547886004692614
magnetism,"Bremer, Fredrika",7,2174414,3.2192581541509573
magnetism,"Brinkman, Carl Gustaf von",1,438137,2.282391124237396
magnetism,"Bruzelius, Janne",6,242549,24.737269582641034
magnetism,"Bygdén, Leonard",9,1657994,5.4282464230871765
magnetism,"Carlén, Rosa",1,634900,1.5750511891636478
magnetism,"Cramær, Mauritz",1,117364,8.520500323779013
magnetism,"Dahlgren, Carl Fredric",1,381115,2.6238799312543457
magnetism,"Darwin, Charles",3,433182,6.925495519204399
magnetism,"De Geer, Louis",1,487573,2.0509749309334193
magnetism,"Dietrichson, Lorentz",1,20253,49.37540117513455
magnetism,"Edenberg, Albert Anderson",26,686333,37.88248561558311
magnetism,"Elgenstierna, Gustaf",2,9471030,0.21117027398287197
magnetism,"Fallström, Daniel",1,162476,6.1547551638395825
magnetism,"Fersen, Axel von",1,814046,1.228431808521877
magnetism,"Flodman, Anders",1,727913,1.3737905491452962
magnetism,"Flygare-Carlén, Emilie",7,5493966,1.2741251037956915
magnetism,"Fornell, Bror Edvard",7,427572,16.3715116986145
magnetism,"Fryxell, Olof",1,199450,5.013787916771121
magnetism,"Geijer, Erik Gustaf",7,4255809,1.6448106576211479
magnetism,"Govenius, Lars Johan",1,895930,1.1161586284642773
magnetism,"Gräf, Hans Gerhard",1,35604,28.086731827884506
magnetism,"Grönstedt, Johan",1,263481,3.795340081447998
magnetism,"Hagberg, Carl August",1,44710,22.36636099306643
magnetism,"Hagström, Tore",8,647980,12.34606006358221
magnetism,"Hallman, Axel",1,82887,12.064618094514218
magnetism,"Hasselblad & Co., Fritz W.",3,203553,14.738176298064877
magnetism,"Hedberg, Frans",1,1980962,0.5048052410899351
magnetism,"Hedenstierna, Alfred",5,1437853,3.477406939374192
magnetism,"Hedvig Elisabet Charlotta, hertiginna och drottning av Sverige",5,882900,5.663155510250311
magnetism,"Heurgren, Paul",1,92804,10.77539761217189
magnetism,"Hofberg, Herman",5,1583749,3.1570659239563845
magnetism,"Hultin, Måns",2,104686,19.104751351661157
magnetism,"Huss, Elvira",1,43491,22.99326297394863
magnetism,"Hvalgren, Emanuel",1,26650,37.5234521575985
magnetism,"Hwasser, Israel",8,151164,52.92265354184859
magnetism,"Indebetou, Johan Govert",2,39103,51.146970820653145
magnetism,"Ingelius, Axel Gabriel",1,406515,2.459933827780033
magnetism,"Johanson, Klara",1,269173,3.715082864923302
magnetism,"Jolin, Johan",3,1428470,2.1001491105868517
magnetism,"Kiellman-Göranson, Julius Axel",1,1984954,0.5037900122622488
magnetism,"Kleen, Tyra",1,48825,20.48131080389145
magnetism,"Klemming, Gustaf Edvard",2,673781,2.9683235353920634
magnetism,"Krok, Johan Peter",1,155292,6.439481750508719
magnetism,"Krook, Nathalia",1,6256,159.846547314578
magnetism,"Kræmer, Anders Robert von",3,75135,39.92812936713915
magnetism,"Leijonhufvud, Sigrid",1,114591,8.7266888324563
magnetism,"Lindhé, Wilma",1,635336,1.5739703086240981
magnetism,"Lindqvist, Fredrika Lovisa",2,20239,98.81911161618658
magnetism,"Lindqvist, Uno Leopold",1,90064,11.103215491206253
magnetism,"Ling, Per Henrik",8,492118,16.256263741622945
magnetism,"Ljunggren, Gustaf",16,1909848,8.377630052234524
magnetism,"Ljungstedt, Aurora",5,2310610,2.163930736904973
magnetism,"Lloyd, Llewellyn",1,136804,7.309727785737259
magnetism,"Lund, Sigurd",3,19330,155.1991722710812
magnetism,"Lundquist, Ernst",3,1133848,2.6458572930410424
magnetism,"Lundstedt, Bernhard",4,784763,5.097080264997203
magnetism,"Lundström, Georg",1,72582,13.777520597393293
magnetism,"Lénström, Carl Julius",1,594590,1.6818311777863737
magnetism,"Meijer, Bernhard",5,543470,9.2001398421256
magnetism,"Meyer, Ernst",5,823782,6.069566948537355
magnetism,"Meyer, Gustaf",1,159471,6.27073260969079
magnetism,"Meyer, Philipp Joel",1,30894,32.36874474007898
magnetism,"Mortensen, Johan",2,392455,5.096125670459034
magnetism,"Nervander, Johan Jakob",1,95994,10.417317749025981
magnetism,"Norlander, Emil",1,207383,4.82199601703129
magnetism,"Norström, Vitalis",3,240646,12.4664444869227
magnetism,"Pettersson, Victor",1,363394,2.7518340974259345
magnetism,"Philipsson, Jonas",1,128485,7.783009689847064
magnetism,"Pihlstrand, Ragnar",2,3687102,0.5424314271750551
magnetism,"Ridderstad, Carl Fredrik",1,2292557,0.43619417096281576
magnetism,"Risberg, Emilie",1,321787,3.10764574081613
magnetism,"Rosén, Johan Magnus",1,404745,2.470691422994725
magnetism,"Ruin, Hans",1,324767,3.079130576690366
magnetism,"Rådberg, Fredrik",1,91481,10.931231621866836
magnetism,"Samzelius, Hugo",1,77418,12.916892712289131
magnetism,"Sandberg, Algot",1,516906,1.9345877200109884
magnetism,"Santesson, Frithiof",2,36705,54.48848930663397
magnetism,"Schwartz, Marie Sophie",52,4905025,10.601373081686638
magnetism,"Schéele, Georg von",5,104047,48.05520582044653
magnetism,"Schöldström, Birger",4,234212,17.07854422489027
magnetism,"Sefbom, Augusta",1,81444,12.278375325376945
magnetism,"Silfverstolpe, Gudmund Leonhard",1,51620,19.37233630375823
magnetism,"Silfverstolpe, Malla",2,547564,3.6525410728243637
magnetism,"Skarstedt, Ernst",2,171111,11.688319278129402
magnetism,"Stengård, Per",4,40180,99.55201592832255
magnetism,"Stenhammar, Jakob Axel",1,411692,2.429000320628042
magnetism,"Strandberg, Carl Vilhelm August",1,466218,2.1449193295840145
magnetism,"Strindberg, August",2,1575196,1.2696832648127598
magnetism,"Strussenfelt, Ulrika Sophia von",1,3091227,0.3234961392353263
magnetism,"Sturzen-Becker, Oscar Patric",2,1219159,1.6404751144026333
magnetism,"Sundler, Anders",1,178228,5.610790672621586
magnetism,"Sundman, Gösta",1,25717,38.88478438387059
magnetism,"Svedelius, Wilhelm Erik",1,169888,5.886230928611791
magnetism,"Tavaststjerna, Karl August",4,500327,7.994771419491652
magnetism,"Thomasson, Nils",1,707538,1.4133516503707222
magnetism,"Tibell, Charlotta Cecilia af",1,144975,6.897740989825832
magnetism,"Tjörner, Olof",6,100662,59.605412171425165
magnetism,"Topelius, Zacharias",3,2307429,1.3001483469263844
magnetism,"Torén, Rudolf Wilhelm",1,85669,11.672833813864992
magnetism,"Trolle, Henrik af",6,2829965,2.120167563909801
magnetism,"Uddgren, Gustaf",1,335781,2.978131579809459
magnetism,"Vegesack, Anna Helena von",1,42015,23.80102344400809
magnetism,"Wahlenberg, Anna",4,992911,4.028558450858133
magnetism,"Wallmark, Peter Adam",1,399034,2.5060521158598013
magnetism,"Warburg, Karl",2,558375,3.581822252070741
magnetism,"Wetterbergh, Carl Anton",12,2981866,4.024325707459691
magnetism,"Wigström, Eva",1,816884,1.2241640183918403
magnetism,"Wikner, Pontus",1,238951,4.184958422438073
magnetism,"Wirsén, Carl David af",2,246734,8.10589541773732
magnetism,"Witt, Otto",62,554078,111.89760286457863
magnetism,"Wägner, Elin",5,2370616,2.1091564386640433
magnetism,"Öberg, Ludvig Teodor",1,817009,1.2239767248586
magnetism,"Ödmann, Jenny Maria",2,1277526,1.5655258679666793
nerv,"Aberstén, Simon",1,24082,41.524790299808984
nerv,"Afzelius, Anders Johan",3,104063,28.8286903125991
nerv,"Agardh, Carl Adolph",1,10371,96.42271719217048
nerv,"Agrell, Alfhild",15,704037,21.305698422099976
nerv,"Ahlbom, Mathilda",8,395655,20.219635793810266
nerv,"Ahnfelt, Arvid",5,834238,5.993493463496029
nerv,"Ahrenberg, Jac",18,612997,29.363928371590724
nerv,"Aikio, Matti",5,32848,152.21626887481733
nerv,"Alcott, Louisa May",11,411350,26.74121794092622
nerv,"Alfredson, Cai",1,24371,41.032374543514834
nerv,"Alfthan, Georg Edvard von",2,95134,21.02297811507978
nerv,"Alfthan, Johannes",6,158529,37.847964725696876
nerv,"Almkvist, Johan Alfred",1,34984,28.584495769494627
nerv,"Almquist, Viktor",1,57218,17.47701772169597
nerv,"Almqvist, C.J.L.",61,2529302,24.117325649527025
nerv,"Almqvist, Carolina",2,186124,10.745524489050311
nerv,"Altén, Victor August",1,73223,13.656911079851959
nerv,"Ameen, Georg",2,156508,12.778899481176682
nerv,"Amiel, Henri Frédéric",2,79311,25.217182988488357
nerv,"Améen, Elin",4,180341,22.180203059759013
nerv,"Anders, Ludwig",1,42039,23.78743547658127
nerv,"Anderson, Alfred",3,165183,18.161675232923486
nerv,"Andersson, Anders",1,12120,82.50825082508251
nerv,"Andersson, Dan",9,320870,28.048742481378753
nerv,"Andersson, Hilding",1,35557,28.12385746829035
nerv,"Andrén, Olof",7,258552,27.07385748321421
nerv,"Angered Strandberg, Hilma",26,618309,42.050172324840815
nerv,"Anholm, Maria",1,154652,6.466130408918087
nerv,Anonym,77,11696629,6.583093299787485
nerv,"Arfwedson, Carl David",1,505670,1.9775743073545988
nerv,"Arfwidsson, Alvar",4,26904,148.6767766874814
nerv,"Arosenius, Fredrik Reinhold",1,66932,14.940536664076973
nerv,"Arrhén von Kapfelman, Erik Jakob",1,2907,343.9972480220158
nerv,"Atterbom, P.D.A.",9,1110581,8.103866354637798
nerv,"Austen, Jane",8,163429,48.950920583250216
nerv,"Avellan, Herman",1,37900,26.385224274406333
nerv,"Bagge, Peter",4,239146,16.726184004750237
nerv,"Beckman, Edvard",2,57597,34.72403076549126
nerv,"Beckman, Ernst",1,73165,13.667737306088977
nerv,"Beckman, Susen",2,17920,111.60714285714286
nerv,"Benedictsson, Victoria",25,715264,34.952129563350034
nerv,"Benzon, Karl",7,240552,29.099737270943496
nerv,"Berg, Anders Henrik",2,34619,57.771743840087815
nerv,"Berg, Carl Oscar",6,295210,20.32451475221029
nerv,"Berg, Daniel",9,145157,62.00183249860496
nerv,"Berg, Johan August",1,133607,7.484637780954591
nerv,"Berg, Wilhelm",4,3078479,1.2993429547513562
nerv,"Berger, Henning",17,498496,34.1025805623315
nerv,"Bergh, Richard",4,82704,48.365254401238154
nerv,"Bergman, Carl Johan",2,182803,10.940739484581762
nerv,"Bergman, Dan",1,48251,20.72495906820584
nerv,"Bergman, Hjalmar",32,1469793,21.771773304131944
nerv,"Bergman, Johan Magnus",4,202066,19.79551235734859
nerv,"Bergstedt, Anna Elisabet Matilda",2,120779,16.559170054396873
nerv,"Bergström, Richard",2,250786,7.974926830046335
nerv,"Bergsøe, Vilhelm",1,82959,12.054147229354259
nerv,"Berndtson, Charlotta",6,200987,29.852677038813457
nerv,"Berndtson, Fredrik",3,163870,18.307194727527918
nerv,"Beskow, Bernhard von",1,165358,6.047484851050448
nerv,"Beskow, Carl Adolf",2,54121,36.95423218344081
nerv,"Beskow, Elisabeth",3,291228,10.301207301495735
nerv,"Bjarke, Fredrik Constantin",3,114160,26.278906797477227
nerv,"Bjursten, Herman",15,1516337,9.892260097854237
nerv,"Bjurström, Gustaf",1,259622,3.8517537034611857
nerv,"Bjurström, Per Gustaf",2,17210,116.21150493898897
nerv,"Björck, Theodor",2,170512,11.729379750398799
nerv,"Björkman, Carl Gustaf",5,266330,18.773701798520634
nerv,"Björlin, Gustaf",10,863549,11.580118788858536
nerv,"Björling, Fridolf",11,410057,26.82553888849599
nerv,"Blanche, August",2,1382410,1.446748793773193
nerv,"Blom, Lydia",2,37775,52.945069490403704
nerv,"Blomberg, Harry",7,295674,23.67472283663765
nerv,"Boberg, Carl",1,94744,10.554758084944693
nerv,"Boisman, Alexander Wilhelm",2,34257,58.38222844965993
nerv,"Bolander, Sophie",13,966157,13.455370089954323
nerv,"Bonaparte, Napoleon",3,82500,36.36363636363637
nerv,"Bonde, Krister",1,29334,34.0901343151292
nerv,"Boye, Karin",22,431682,50.96344068087157
nerv,"Branting, Anna",23,487838,47.14679873236607
nerv,"Bratt, Erland Axel",1,14394,69.47339169098235
nerv,"Braun, Wilhelm von",3,859117,3.491957440022721
nerv,"Braunerhjelm, Augusta",4,182117,21.963902326526355
nerv,"Bremer, Fredrika",18,2174414,8.278092396388177
nerv,"Brontë, Charlotte",31,440109,70.43709626478895
nerv,"Bruhn, Johan Niklas",1,40203,24.873765639380146
nerv,"Brunius, Louise",8,1104264,7.244644396629791
nerv,"Bruzelius, Janne",18,242549,74.2118087479231
nerv,"Burnett, Frances Hodgson",1,71418,14.002072306701391
nerv,"Busch, Oscar",1,51393,19.45790282723328
nerv,"Bygdén, Leonard",1,1657994,0.6031384914541307
nerv,"Bäcklund, C. M.",2,21187,94.39750790579129
nerv,"Bäckmann, Ida",36,752232,47.85757585425773
nerv,"Bäckström, Per Olof",1,413463,2.4185961017068034
nerv,"Bååth-Holmberg, Cecilia",3,335640,8.93814801573114
nerv,"Böhme, Jakob",1,247997,4.032306842421481
nerv,"Böttiger, Carl Wilhelm",3,780026,3.8460256452990027
nerv,"Carlberg, Frigga",1,118598,8.431845393682861
nerv,"Carlsson, Carl Adolf",1,13150,76.04562737642586
nerv,"Carlström, F. Adolph",1,2169,461.04195481788844
nerv,"Carlén, Johan Gabriel",1,86268,11.591783743682479
nerv,"Carlén, Rosa",6,634900,9.450307134981887
nerv,"Cavallin, Christian",2,227529,8.790088296436938
nerv,"Cederberg, Björn",2,160355,12.47232702441458
nerv,"Cederborg, Carl August",1,99853,10.014721640811993
nerv,"Cederström, Claes Henrik",1,24960,40.06410256410256
nerv,"Cleve, Alma",1,117475,8.512449457331346
nerv,"Cramær, Mauritz",1,117364,8.520500323779013
nerv,"Cronholm, Bernhard",2,139940,14.291839359725596
nerv,"Crusenstolpe, Magnus Jacob",3,1801700,1.6650940778153966
nerv,"Cygnæus, Fredrik",4,322815,12.390997939996593
nerv,"Dahl, Mattis",3,412666,7.269801728274198
nerv,"Dahlgren, Carl Fredric",2,381115,5.247759862508691
nerv,"Dahlgren, Fredrik August",1,1296307,0.7714222016852489
nerv,"Dahlgren, Lotten",1,122195,8.183640901837228
nerv,"Dahlin, C. S.",1,44288,22.579479768786126
nerv,"Damm, Janne",3,281292,10.66507401561367
nerv,"Dammert, Anna Johanna Natalia",1,24840,40.25764895330113
nerv,"Danielsson, Axel",10,281487,35.52561930035845
nerv,"Danielsson, Johan",1,49644,20.143421158649584
nerv,"Dardel, Fritz von",3,245712,12.20941590154327
nerv,"Darwin, Charles",12,433182,27.701982076817597
nerv,"De Geer, Louis",1,487573,2.0509749309334193
nerv,"Dickens, Charles",6,540488,11.10107902488122
nerv,"Douglass, Frederick",10,336092,29.753757899622723
nerv,"Doyle, Arthur Conan",21,317586,66.12382157903686
nerv,"Drummond, Henry",1,12132,82.42664029014178
nerv,"Dunckel, Dorothea",5,240918,20.753949476585394
nerv,"Duse, Samuel August",5,183451,27.255234367760327
nerv,"Düben, Gustaf von",2,280522,7.129565595568262
nerv,"Eberstein, Carl Christian",2,89661,22.30624240193618
nerv,"Edenberg, Albert Anderson",12,686333,17.484224130269126
nerv,"Edgren, Hjalmar",2,37279,53.64950776576625
nerv,"Edwards, Amelia",1,64911,15.405709355887291
nerv,"Ehrenborg, Anna Fredrika",1,199937,5.001575496281329
nerv,"Ehrenborg-Posse, Betty",3,276106,10.86539227687917
nerv,"Ehrnrooth, Adelaide",7,466005,15.021298054741901
nerv,"Eichhorn, Christoffer",3,122666,24.456654655731825
nerv,"Ejserman, Jakob Samuel",1,49576,20.171050508310472
nerv,"Ek, Karin",3,146644,20.457707100188212
nerv,"Ekbohrn, Carl Magnus",2,246065,8.127933676061204
nerv,"Ekeblad, Karl Johan",1,71881,13.911882138534523
nerv,"Ekelund, Vilhelm",76,1301987,58.37231861762061
nerv,"Ekermann, Agnes",3,274026,10.947866260865757
nerv,"Ekerot, Hjalmar",2,94950,21.063717746182203
nerv,"Eklund, R. R.",1,5260,190.11406844106463
nerv,"Ekman, Ernst",2,18284,109.38525486764384
nerv,"Ekman, Lotten",1,28567,35.005425841005355
nerv,"Ekmarck, Carl Eric",1,64051,15.612558742252268
nerv,"Ekström, Carl Otto",4,305073,13.111615908323582
nerv,"Elfving, Lars",1,11316,88.37044892188052
nerv,"Elgenstierna, Gustaf",2,9471030,0.21117027398287197
nerv,"Elgström, Ossian",5,281299,17.774681033348855
nerv,"Elgström, Per",12,104945,114.3456096050312
nerv,"Elkan, Sophie",46,1077057,42.70897454823654
nerv,"Elmblad, Magnus",1,98880,10.11326860841424
nerv,"Elmblad, Sigrid",4,83538,47.88240082357729
nerv,"Emanuelsson, Vendela",2,463020,4.319467841561919
nerv,"Enander, Johan Alfred",1,65628,15.237398671298836
nerv,"Eneroth, Carl",25,861555,29.01730011432816
nerv,"Engdahl, Axel",1,66822,14.965131244201011
nerv,"Engström, Albert",5,354444,14.106600760627913
nerv,"Esselin, Hedvig",1,28153,35.520193229851174
nerv,"Essen, Johan August von",2,60413,33.105457434658106
nerv,"Evers, Edvard",1,39964,25.02252026824142
nerv,"Fahlstedt, Amalia",4,144983,27.589441520730016
nerv,"Falck, August",4,78704,50.823338076844884
nerv,"Falk, Hugo",2,114461,17.473200478765694
nerv,"Fallström, Daniel",2,162476,12.309510327679165
nerv,"Fersen, Axel von",3,814046,3.6852954255656316
nerv,"Fitinghoff, Laura",9,298599,30.140757336762682
nerv,"Fitzgerald, F. Scott",1,61859,16.165796407960038
nerv,"Flodman, Anders",5,727913,6.868952745726481
nerv,"Flygare, Edvard",2,195321,10.239554374593618
nerv,"Flygare-Carlén, Emilie",145,5493966,26.392591435767894
nerv,"Fornell, Bror Edvard",9,427572,21.049086469647218
nerv,"Forsman, Karl Fredrik",1,52893,18.90609343391375
nerv,"Forssman, Edith",26,716693,36.27773677153258
nerv,"Frank, Sten",3,95110,31.54242456103459
nerv,"Franzén, Frans Michael",4,427605,9.35442756749804
nerv,"Fredberg, Carl Rudolf A:son",1,31647,31.598571744557145
nerv,"Fredin, Edvard",1,67725,14.765596160944998
nerv,"Frick-Meijer, Anders Ludvig",1,25176,39.72036860502065
nerv,"Friman, Jeanette Charlotta",1,267275,3.7414647834627255
nerv,"Frunck, Gudmund",2,189241,10.568534302820213
nerv,"Frykholm, Sunny",3,98036,30.601003712921784
nerv,"Fryxell, Olof",1,199450,5.013787916771121
nerv,"Fröding, Gustaf",11,178104,61.76166734043031
nerv,"Furuhjelm, Maria",7,305890,22.884043283533295
nerv,"Fåhræus, Klas",1,9979,100.21044192804891
nerv,"Gadelius, Bror",12,197298,60.82170118298209
nerv,"Geijer, Erik Gustaf",2,4255809,0.46994590217747084
nerv,"Geijerstam, Gustaf af",64,1634054,39.16639229792896
nerv,"Gernandt-Claine, Jane",2,243832,8.202368844122182
nerv,"Gestrin, Mathilda",2,257351,7.771487190646238
nerv,"Giertz, Theodor",1,37772,26.474637297469023
nerv,"Goncourt, Edmond de",7,157664,44.39821392327988
nerv,"Govenius, Lars Johan",19,895930,21.20701394082127
nerv,"Granath, Wilhelm",21,4318088,4.8632635555366175
nerv,"Gravallius, Wilhelmina",5,957722,5.220721670797998
nerv,"Grebst, William A:son",2,55567,35.99258552738136
nerv,"Gripenberg, Alexandra",3,161312,18.597500495933346
nerv,"Grönstedt, Johan",1,263481,3.795340081447998
nerv,"Gullberg, Gustaf Teodor ",3,52618,57.014709795127146
nerv,"Gustafsson, Richard",1,393052,2.544192625912093
nerv,"Gyllenhaal, Aurore",7,199328,35.11799646813293
nerv,"Gérard, Jean Ignace Isidore",1,99295,10.07100055390503
nerv,"Götberg, Reinhold",1,62296,16.052395017336586
nerv,"Hackzell, Emilie",2,413990,4.83103456605232
nerv,"Hagberg, Carl August",1,44710,22.36636099306643
nerv,"Hahn, C. von",1,47419,21.088593179948965
nerv,"Hallenborg, Carl",2,36757,54.41140463041054
nerv,"Hallman, Axel",1,82887,12.064618094514218
nerv,"Hallonlöf, Axel",1,45803,21.83263105036788
nerv,"Hallén, Birger",1,59542,16.794867488495516
nerv,"Hammargren, Tullius",1,59915,16.690311274305266
nerv,"Hanselli, Per",1,140420,7.121492664862555
nerv,"Hansson, Ola",59,565301,104.36917677485091
nerv,"Hansén, M.",1,13448,74.360499702558
nerv,"Harrison, Mary St. Leger Kingsley",12,185623,64.64716118153461
nerv,"Hartelius, Truls Johan",1,27321,36.60188133670071
nerv,"Hasselblad & Co., Fritz W.",1,203553,4.912725432688292
nerv,"Hasselskog, Nils",7,255325,27.416038382453735
nerv,"Hebbe, Wendela",1,287495,3.4783213621106452
nerv,"Hedberg, Frans",21,1980962,10.600910062888637
nerv,"Hedberg, Tor",6,465602,12.886542583579967
nerv,"Hedenstierna, Alfred",32,1437853,22.255404411994828
nerv,"Hedin, Greta",1,161322,6.198782559105392
nerv,"Hedin, Sven",4,2332042,1.7152349743272206
nerv,"Hedvall, Yngve",12,267199,44.91034771836721
nerv,"Hedvig Elisabet Charlotta, hertiginna och drottning av Sverige",2,882900,2.2652622041001247
nerv,"Heidenstam, Verner von",4,1060212,3.772830339592459
nerv,"Hellborg, Ernst",1,10532,94.94872768704899
nerv,"Heller, Frank",11,685394,16.04916296320073
nerv,"Helvig, Amalia von",1,77907,12.835817063935204
nerv,"Hemmer, Jarl",4,51141,78.21513071703721
nerv,"Henricsson, John August Wilhelm",1,17862,55.98477214197738
nerv,"Hertzberg, Rafaël",3,277692,10.80333607017847
nerv,"Hjelm, Runo",5,223295,22.391903087843435
nerv,"Hjohlman, Hjalmar",1,55038,18.169264871543298
nerv,"Hjorth, Ellis",2,52329,38.21972520017581
nerv,"Hjärne, Rudolf",2,170067,11.760071030829026
nerv,"Hofberg, Herman",7,1583749,4.419892293538938
nerv,"Hofsten, Johanna Christina von",5,801558,6.237851783651339
nerv,"Holmgren, Ann Margret",7,124392,56.27371535146955
nerv,"Holmgren, Frithiof",1,107290,9.320533134495292
nerv,"Holmkvist, Albert",8,78188,102.31749117511639
nerv,"Hulth, Johan",1,14759,67.75526797208482
nerv,"Humble, Julius",1,29616,33.765532144786604
nerv,"Hydén, Nils",18,600689,29.96558951470728
nerv,"Hässler, Otto",7,401643,17.42841279444681
nerv,"Häthén, Johan Anselm",5,100609,49.6973431800336
nerv,"Hærén, Mortimer",2,41076,48.69023273931249
nerv,"Höggren, Fanchette",1,117916,8.480613317955154
nerv,"Höglund, Hjalmar",1,52771,18.949801974569365
nerv,"Högman, August",3,82592,36.323130569546684
nerv,"Idström, Ellen",10,240165,41.63804051381342
nerv,"Indebetou, Johan Govert",1,39103,25.573485410326573
nerv,"Ingelius, Axel Gabriel",7,406515,17.21953679446023
nerv,"Ingelman, Georg Gabriel",1,166856,5.99319173418996
nerv,"Jacobsson, Christoffer Fritz",1,94800,10.548523206751055
nerv,"Jahnsson, Evald Ferdinand",2,138548,14.435430320177845
nerv,"James, D.",1,311224,3.2131198108115053
nerv,"Janson, Betty",7,301130,23.24577425032378
nerv,"Janson, Gustaf",4,218309,18.322652753665675
nerv,"Johanson, Klara",17,269173,63.15640870369614
nerv,"Johansson, Strickert",1,19789,50.53312446308555
nerv,"Johansson-Dickens, Sven Johan Julius",1,79768,12.536355430749172
nerv,"Johnson, John",8,695158,11.5081751199008
nerv,"Johnsson, Harald",1,47347,21.120662343971105
nerv,"Jolin, Ellen",3,82543,36.344693069067034
nerv,"Jolin, Johan",25,1428470,17.501242588223764
nerv,"Jonsson, Thorsten",5,311386,16.057240852189885
nerv,"Josephson, Ernst",1,22674,44.10337831877922
nerv,"Josephson, Ludvig",4,134746,29.685482314873912
nerv,"Jouvin, Maria",6,27905,215.01523024547572
nerv,"Junghans, Sofie",3,95748,31.33224714876551
nerv,"Juringius, Sofia Maria",2,123470,16.198266785453956
nerv,"Jäderin, Axel",1,81045,12.338824110062312
nerv,"Jändel, Ragnar",6,240187,24.980535999034085
nerv,"Järta, Hans",1,129571,7.717776354276806
nerv,"Jænisch, Alexander",1,97007,10.308534435659283
nerv,"Karadja, Mary",1,34514,28.973749782696878
nerv,"Karlfeldt, Erik Axel",1,193894,5.157457167318225
nerv,"Kellmodin, Frithiof",4,48882,81.82971236856102
nerv,"Kerfstedt, Amanda",7,672155,10.414264566952562
nerv,"Kerfve, Axel",68,1394284,48.770551767071844
nerv,"Key, Ellen",13,517640,25.113978826984006
nerv,"Keyland, Nils",1,313867,3.1860628865092537
nerv,"Keyser, Hilda Fredrika",1,378660,2.6408915649923412
nerv,"Kiellman-Göranson, Julius Axel",23,1984954,11.587170282031725
nerv,"Kierkegaard, Søren",1,68079,14.688817403310859
nerv,"Kipling, Rudyard",7,334573,20.922190373999097
nerv,"Kjellberg, Isidor",3,68685,43.67765887748417
nerv,"Kjellgren, Josef",11,289746,37.964285960807054
nerv,"Kjellin, Mårten Gustaf",4,36119,110.74503723801877
nerv,"Klockhoff, Daniel",2,161786,12.36200907371466
nerv,"Kléen, Emil",8,109423,73.11077195836342
nerv,"Knorring, Sophie von",6,1296030,4.62952246475776
nerv,"Koch, Martin",9,442498,20.33907497886996
nerv,"Koch, Richert von",1,553374,1.8070961049850554
nerv,"Kock, Carl Anton",1,8177,122.29423994129877
nerv,"Krok, Johan Peter",1,155292,6.439481750508719
nerv,"Krook, Axel",3,505482,5.9349294336890335
nerv,"Krusenstjerna, Agnes von",31,1272288,24.365552453532533
nerv,"Krusenstjerna, Fredrik von",1,31371,31.8765739058366
nerv,"Kræmer, Lotten von",8,240151,33.31237429783761
nerv,"Kræmer, Vera von",7,269227,26.00036400509607
nerv,"Kullberg, Karl Anders af",13,1320947,9.841424372060347
nerv,"Kuylenstierna-Wenster, Elisabeth",6,131767,45.534921490206195
nerv,"Kämpe, Alfred",5,221984,22.524145884388066
nerv,"Lagerheim, Gustaf Adolf",1,2539,393.8558487593541
nerv,"Lagerlöf, Selma",30,4219670,7.109560700244332
nerv,"Lamm, Gustaf M.",2,10267,194.79887016655303
nerv,"Lamm, Martin",8,219178,36.50001368750513
nerv,"Landahl, Martin",4,146745,27.25816893250196
nerv,"Landquist, Ellen",8,44571,179.48890534203855
nerv,"Lange, Ina",4,120439,33.21183337623195
nerv,"Langlet, Mathilda",3,730687,4.105725160020638
nerv,"Larsson, Carl",1,106489,9.390641286893482
nerv,"Laurén, Ludvig Leonard",1,72075,13.87443635102324
nerv,"Leffler, Anne Charlotte",5,483270,10.346183292983218
nerv,"Leufstedt, Gustaf Joakim",1,105646,9.465573708422468
nerv,"Levart, Johan",4,74990,53.340445392719026
nerv,"Levertin, Oscar",23,563813,40.79366740390874
nerv,"Levin, Carl Herman",3,48113,62.353210151102616
nerv,"Lewald, August",2,91769,21.793851954363674
nerv,"Lilljebjörn, Elisabeth",2,48109,41.57226298613565
nerv,"Limborg, Ossian",3,142379,21.070523040616944
nerv,"Linck, Emma Elisabeth",4,182760,21.88662727073758
nerv,"Lindbeck, Clas",2,4671,428.17383857846283
nerv,"Lindberg, Otto Emil",1,29295,34.135518006485746
nerv,"Lindberg, Per",26,524704,49.55174727084223
nerv,"Lindblad, Adolf",6,27336,219.49078138718173
nerv,"Lindblad, Johan Michael",1,106424,9.396376757122454
nerv,"Lindblom, Edel",2,93988,21.279312252627996
nerv,"Linder, Nils",1,19886,50.286633812732575
nerv,"Linder, Sten",6,185504,32.344316025530446
nerv,"Linderman, Zenaida",5,37390,133.7255950788981
nerv,"Lindgren, Hellen",4,42817,93.42083751780835
nerv,"Lindgren, Ida",1,41886,23.874325550303205
nerv,"Lindgren, Martin",1,105917,9.44135502327294
nerv,"Lindholm, Fredrik",3,289127,10.376063114133236
nerv,"Lindholm, Per August",1,479022,2.0875867914208532
nerv,"Lindhé, Wilma",10,635336,15.739703086240981
nerv,"Lindkvist, Alfred",15,141703,105.8552041946889
nerv,"Lindorm, Erik",2,80816,24.74757473767571
nerv,"Lindqvist, Gustaf",2,87979,22.732697575557804
nerv,"Lindqvist, Josef",9,733103,12.276583235916371
nerv,"Lindqvist, Märta",4,63252,63.23910706380826
nerv,"Lindskoug, Anders",1,28229,35.42456339225619
nerv,"Ling, Per Henrik",26,492118,52.83285716027457
nerv,"Linnerhielm, Jonas Carl",1,256311,3.901510274627308
nerv,"Ljungberg, Eva",3,147072,20.39817232375979
nerv,"Ljunggren, Albert Gustaf",3,98892,30.336124256764954
nerv,"Ljunggren, Gustaf",11,1909848,5.759620660911235
nerv,"Ljungstedt, Aurora",40,2310610,17.311445895239785
nerv,"Londen, Lilly",1,70211,14.242782469983336
nerv,"Lundberg, Emilie",1,93190,10.730765103551883
nerv,"Lundeblom, Richard",1,121644,8.220709611653678
nerv,"Lundegård, Axel",135,997912,135.282469796936
nerv,"Lundin, August",3,200208,14.98441620714457
nerv,"Lundin, Claës",4,630197,6.347221583092272
nerv,"Lundquist, Aurora",14,300269,46.624859709127485
nerv,"Lundquist, Ernst",21,1133848,18.521001051287296
nerv,"Lundström, Ingeborg",1,72982,13.702008714477543
nerv,"Lundström, Mathilda",9,360084,24.99416802746026
nerv,"Lunell, Lars",1,156052,6.408120370133033
nerv,"Lybeck, Mikael",13,355293,36.58951907299046
nerv,"Lénström, Carl Julius",3,594590,5.045493533359122
nerv,"Löfgren, Eliel",1,103123,9.697157763059646
nerv,"Löfving, Concordia",2,103786,19.27042182953385
nerv,"Löhman, Lars Vilhelm",1,66952,14.936073604970725
nerv,"Lönnberg, Mathilda",4,816900,4.896560166483046
nerv,"Malling, Mathilda",8,500989,15.968414476166144
nerv,"Malmström, Bernhard Elis",1,163620,6.111722283339445
nerv,"Malmström, Karl Robert",1,82779,12.080358545041618
nerv,"Marholm, Laura",1,42138,23.731548720869522
nerv,"Marin, Otto Ulrik",3,174931,17.149618992631382
nerv,"Mattsson, Sven",3,84392,35.54839321262679
nerv,"Meijer, Bernhard",4,543470,7.36011187370048
nerv,"Melander, Richard",7,583868,11.989011214863634
nerv,"Mellin, Gustaf Henrik",6,2729891,2.197889952382714
nerv,"Meyer, Albertine",8,335249,23.862860142759562
nerv,"Meyer, Ernst",4,823782,4.855653558829885
nerv,"Meyer, Philipp Joel",2,30894,64.73748948015796
nerv,"Meyerson, Gerda",2,97420,20.529665366454527
nerv,"Michaelson, Knut",2,185183,10.80012744150381
nerv,"Mickwitz, Gerda von",14,168663,83.00575704214914
nerv,"Milow, Cecilia",1,87317,11.452523563567231
nerv,"Moberg, Nenne",4,49321,81.10135642018612
nerv,"Montell, Hilma",1,12811,78.0579189758801
nerv,"Montgomery, Lucy Maud",8,346758,23.07084479665934
nerv,"Montén, R. A.",4,73222,54.62839037447762
nerv,"Mortensen, Johan",16,392455,40.76900536367227
nerv,"Munthe, Axel",18,519572,34.643899209349236
nerv,"Möller, Vilhelm",1,754,1326.2599469496022
nerv,"Mörne, Arvid",8,96724,82.70956536123403
nerv,"Naumann, Mathilda",1,133894,7.468594559875722
nerv,"Nicander, Karl August",2,617227,3.2402989499811254
nerv,"Nilsson, Albert",3,135571,22.128626328639605
nerv,"Nissen, Carl",5,84972,58.84291295956315
nerv,"Nonnen, Emily",7,356010,19.66236903457768
nerv,"Nordenhielm, Sven",1,13856,72.17090069284065
nerv,"Nordenskiöld, Adolf Erik",1,297785,3.3581275081014827
nerv,"Nordensvan, Georg",4,846003,4.728115621339405
nerv,"Nordling, Johan",7,180102,38.86686433243384
nerv,"Nordmann, Petrus",2,95979,20.837891622125674
nerv,"Nordström, Ester Blenda",9,408622,22.025245826215915
nerv,"Nordström, Ludvig",2,343585,5.82097588660739
nerv,"Noreen, Erik Adolf",1,24378,41.02059233735335
nerv,"Norlander, Emil",2,207383,9.64399203406258
nerv,"Norlin, Mauritz",3,215224,13.938965914582017
nerv,"Norrby, Carl",1,17883,55.9190292456523
nerv,"Norström, Vitalis",8,240646,33.2438519651272
nerv,"Numers, Hedvig von",1,286710,3.487844860660598
nerv,"Nyberg, Sigfrid",2,152256,13.135771332492643
nerv,"Nyblom, Carl Rupert",1,95963,10.420682971561956
nerv,"Nyblom, Helena",2,1055882,1.8941510509697106
nerv,"Nyblæus, Gustaf",2,94839,21.088370817912462
nerv,"Nybom, Johan",2,151866,13.169504694928424
nerv,"Nycander, Fredrik",1,131669,7.59480211743083
nerv,"Ofvandahl, Erik",2,49617,40.30876514097991
nerv,"Oldberg, Anders Fredrik Nathanael",1,12591,79.42180922881423
nerv,"Olivecrona, Rosalie",2,88826,22.515930020489495
nerv,"Ongelin, Hanna",3,254015,11.810326161840836
nerv,"Orczy, Emmuska",10,102234,97.81481698847742
nerv,"Oswald, Gösta",8,43590,183.52833218628126
nerv,"Oxenstierna, Mårten Gabriel Leijonsköld",4,676468,5.913066102165956
nerv,"Palm, Amy",1,139390,7.174115790228854
nerv,"Palm, August",1,29836,33.51655717924655
nerv,"Palmblad, Vilhelm Fredrik",6,1018806,5.88924682422365
nerv,"Palmkvist, Nanny",1,17769,56.27778715740897
nerv,"Palmstjerna, Carl Otto",2,328303,6.091933366432838
nerv,"Paul, Adolf",11,277706,39.61023528479759
nerv,"Person, Johan",1,49994,20.002400288034565
nerv,"Personne, Johan Wilhelm",4,36404,109.8780353807274
nerv,"Persson, Fredrik",1,496982,2.012145309085641
nerv,"Petersson, Therèse",1,167213,5.980396261056257
nerv,"Pfeiffer, Sara",20,1362314,14.680903227890193
nerv,"Pihl, Otto",2,5403,370.16472330186934
nerv,"Pihlstrand, Ragnar",44,3687102,11.933491397851212
nerv,"Platen, Henrica Carolina von",1,111611,8.959690353101397
nerv,"Pontoppidan, Henrik",2,36980,54.08328826392645
nerv,"Porter, Eleanor H.",1,63020,15.867978419549349
nerv,"Prytz, Harald Oscar",2,90977,21.983578267034524
nerv,"Quennerstedt, August",3,1839800,1.6306120230459833
nerv,"Qvanten, Aurora von",11,432423,25.4380548675718
nerv,"Qvanten, Emil von",1,166171,6.0178972263511685
nerv,"Regis, Julius",11,150319,73.17770873941419
nerv,"Ridderstad, Carl Fredrik",14,2292557,6.1067183934794205
nerv,"Rietz, Johan Ernst",2,1483948,1.3477561208344229
nerv,"Risberg, Emilie",3,321787,9.32293722244839
nerv,"Romdahl, Clara",1,58470,17.102787754403966
nerv,"Roos, Mathilda",14,979070,14.299284014421849
nerv,"Rosenius, Carl Olof",1,101527,9.849596659016813
nerv,"Rosén, Johan Magnus",5,404745,12.353457114973626
nerv,"Roth, Sven Olof",5,268344,18.632799689950215
nerv,"Ruin, Hans",8,324767,24.633044613522927
nerv,"Runeberg, Johan Ludvig",2,500896,3.9928448220788346
nerv,"Runfeldt, Emil",1,9611,104.04744563520966
nerv,"Rusén, Lars Erik",1,21042,47.523999619808
nerv,"Rydberg, Carl Henrik",1,394090,2.5374914359664036
nerv,"Rydberg, Viktor",23,840566,27.362515257576444
nerv,"Sachs, Hilda",1,58467,17.103665315477105
nerv,"Samzelius, Hugo",3,77418,38.75067813686739
nerv,"Sand, Arne",2,74376,26.890394750994943
nerv,"Sandberg, Algot",8,516906,15.476701760087908
nerv,"Sandberg, Eric",2,135478,14.762544472165223
nerv,"Sandel, Maria",4,460120,8.69338433452143
nerv,"Sandströmer, Clara",3,257887,11.633002051286029
nerv,"Saxon, Johan Lindström",3,413279,7.25901872584864
nerv,"Schaar, Hermania Fredrica",2,95475,20.94789211835559
nerv,"Schenfelt, Inga",3,462908,6.480769396942805
nerv,"Schildt, Runar",3,105782,28.36021251252576
nerv,"Schirmer, Adolf",1,249159,4.013501418772751
nerv,"Scholander, Fredrik Wilhelm",5,308375,16.214025131738953
nerv,"Schreiner, Olive",2,61056,32.75681341719078
nerv,"Schultz, Adolf Fredrik Joelsson",1,12654,79.0263948158685
nerv,"Schwartz, Marie Sophie",37,4905025,7.5432846927385695
nerv,"Schwerin, Martina von, d. y.",1,135027,7.405926222162975
nerv,"Schéele, Adolf August",2,84035,23.799607306479444
nerv,"Schöldström, Birger",3,234212,12.808908168667703
nerv,"Schück, Henrik",3,444831,6.744134289201966
nerv,"Sedgwick, Catharine",1,39871,25.080885856888465
nerv,"Segerstedt, Albrekt",1,319845,3.126514405415123
nerv,"Segerstedt, Torgny",27,188372,143.3334041152613
nerv,"Sehlstedt, Elias",1,74605,13.40392735071376
nerv,"Settervall, Hedvig Beata",1,37612,26.587259385302563
nerv,"Silfverstolpe, Gunnar Mascoll",1,54768,18.258837277242186
nerv,"Silfverstolpe, Malla",1,547564,1.8262705364121818
nerv,"Siljeström, Per Adam",2,78891,25.351434257393112
nerv,"Sillén, Abraham Wilhelm af",1,161140,6.205783790492739
nerv,"Silverstolpe, Gustaf Abraham",6,878464,6.830103453300306
nerv,"Sjöberg, Birger",18,566959,31.74832748047037
nerv,"Sjöberg, Edvard Daniel",1,140639,7.110403230967228
nerv,"Sjöholm, Carl",1,2876,347.70514603616135
nerv,"Skarstedt, Ernst",1,171111,5.844159639064701
nerv,"Smith, Carl",4,57316,69.78854072161351
nerv,"Snellman, Johan Vilhelm",2,182971,10.93069393510447
nerv,"Snoilsky, Carl",12,268030,44.771107711823305
nerv,"Sommelius, Gustaf Lorentz",3,40806,73.51860020585208
nerv,"Sparre, Pehr",8,1212926,6.595620837544912
nerv,"Staaff, Karl",1,8058,124.10027302060064
nerv,"Stam, Per",8,238205,33.58451753741525
nerv,"Starbäck, Carl Georg",2,1609009,1.2430011267805214
nerv,"Starnberg, Märta",2,268579,7.446598579933651
nerv,"Stjernstolpe, Jonas Magnus",1,87206,11.46710088755361
nerv,"Stjernström, Louise",2,2740356,0.7298321823879818
nerv,"Stockenstrand, Ina",4,78099,51.217045032586846
nerv,"Stoker, Bram",12,120550,99.54375777685608
nerv,"Stowe, Harriet Beecher",8,264693,30.223693108620175
nerv,"Strandberg, Carl Vilhelm August",8,466218,17.159354636672116
nerv,"Strindberg, August",72,1575196,45.70859753325935
nerv,"Strindberg, Oskar",1,18140,55.12679162072767
nerv,"Strussenfelt, Ulrika Sophia von",11,3091227,3.5584575315885894
nerv,"Ström, Fredrik",2,554469,3.6070546775383296
nerv,"Ström, Ulrika",1,106489,9.390641286893482
nerv,"Sturzen-Becker, Oscar Patric",17,1219159,13.944038472422383
nerv,"Stålberg, Wilhelmina",37,3336754,11.088620857276263
nerv,"Stéenhoff, Frida",25,327133,76.42151663085045
nerv,"Sundblad, Johannes",5,669153,7.472132681165593
nerv,"Sundqvist, E. W.",1,516249,1.937049756997108
nerv,"Sundström, Karin",4,137850,29.017047515415307
nerv,"Suttner, Bertha von",7,75529,92.67963298865337
nerv,"Svahn, Oscar",1,98574,10.14466289285207
nerv,"Svedbom, Per Erik",1,127104,7.867573011077543
nerv,Svenska Litteratursällskapet,1,992409,1.007649064045167
nerv,"Svenson, Frey",1,34719,28.80267288804401
nerv,"Sällberg, Thure",6,543462,11.040330326683375
nerv,"Sätherberg, Herman",3,374315,8.014640075871926
nerv,"Söderberg, Hjalmar",9,783283,11.490100002170353
nerv,"Söderberg, Mikael",4,63386,63.10541760010097
nerv,"Söderblom, Nathan",1,154055,6.491188212002207
nerv,"Söderhjelm, Alma",9,130223,69.11221520007986
nerv,"Söderhjelm, Werner",5,124684,40.101376279233904
nerv,"Söderholm, Kerstin",5,47675,104.8767697954903
nerv,"Sörman, Py",15,271409,55.267142946623
nerv,"Tamm, Hugo",2,28751,69.56279781572815
nerv,"Tammelin, Filip",1,76235,13.117334557617893
nerv,"Tavaststjerna, Karl August",28,500327,55.96339993644157
nerv,"Tersmeden, Minna",2,218930,9.135340063033846
nerv,"Teuchler, Anton",1,26127,38.274581850193286
nerv,"Thomander, Johan Henrik",1,94572,10.573954235926067
nerv,"Thomasson, Nils",60,707538,84.80109902224333
nerv,"Thomasson, Pehr",7,1451638,4.822138852799389
nerv,"Thorsander, Gustaf",2,374435,5.341381014061185
nerv,"Tibell, Charlotta Cecilia af",1,144975,6.897740989825832
nerv,"Tigerschiöld, Hugo",1,32637,30.640071084964916
nerv,"Tjörner, Olof",1,100662,9.934235361904195
nerv,"Topelius, Zacharias",25,2307429,10.834569557719869
nerv,"Torckell, Olga",4,85119,46.99303328281582
nerv,"Trolle, Henrik af",21,2829965,7.4205864736843035
nerv,"Törnblom, Johan August",11,856702,12.839937341105776
nerv,"Uddgren, Gustaf",13,335781,38.715710537522966
nerv,"Ulfsson, Sten",2,425150,4.704222039280254
nerv,"Ullner, Constance",2,54437,36.739717471572646
nerv,"Undset, Sigrid",6,193625,30.987734021949645
nerv,"Utterström, Olof Philip",1,57762,17.312419930057825
nerv,"Valerius, Johan David",2,28756,69.55070246209486
nerv,"Vester, A. B.",2,142413,14.043661744363225
nerv,"Vikström, Arvid",1,19101,52.3532799329878
nerv,"Virgin, Axel Gustaf",1,123697,8.084270435014592
nerv,"Värnlund, Rudolf",18,288441,62.40444319635558
nerv,"Wachtmeister, Hans",1,51989,19.234838138837063
nerv,"Wadman, Johan Anders",2,95994,20.834635498051963
nerv,"Wahlenberg, Anna",32,992911,32.22846760686507
nerv,"Wallenberg, Jacob",1,79294,12.611294675511388
nerv,"Wallengren, Axel",1,57623,17.354181490030022
nerv,"Wallin, Johan Peter",3,279251,10.74302330161754
nerv,"Wallmo, Uno",4,105865,37.78397015066358
nerv,"Warburg, Karl",5,558375,8.954555630176852
nerv,"Waxberg, Harald",1,30098,33.22479898996611
nerv,"Weman, Adèle",1,56305,17.760412041559363
nerv,"Wernberg, Hjalmar",14,790174,17.71761662621144
nerv,"Westerlund, Johan Alfred",1,910029,1.0988660800919532
nerv,"Westermarck, Helena",9,164540,54.697945788258174
nerv,"Wetterbergh, Carl Anton",30,2981866,10.060814268649228
nerv,"Wettergrund, Josefina",11,1232610,8.92415281394764
nerv,"Wetterhoff, Onni",1,45046,22.199529369977355
nerv,"Whitlock, Ellen",1,9299,107.53844499408538
nerv,"Wickström, Victor Hugo",1,519663,1.9243240330752815
nerv,"Widmark, Per Fredrik",1,52253,19.137657168009493
nerv,"Wieselgren, Sigfrid",1,284161,3.519131759812219
nerv,"Wigforss, John",1,20931,47.77602599015814
nerv,"Wigström, Eva",5,816884,6.120820091959201
nerv,"Wijkander, Oscar",11,110845,99.23767422978032
nerv,"Wikner, Pontus",1,238951,4.184958422438073
nerv,"Wipperling, Nils Fredrik",2,115868,17.261021162011943
nerv,"Wirsén, Carl David af",1,246734,4.05294770886866
nerv,"Witt, Otto",11,554078,19.85280050823169
nerv,"Wägner, Elin",80,2370616,33.74650301862469
nerv,"Wästberg, Anna",3,238567,12.575083729099163
nerv,"Wästberg, Efraim",1,40886,24.458249767646628
nerv,"Wågman, Frans Oskar",6,70243,85.41776404766311
nerv,"Wåhlstrand, Karin",1,69220,14.44669170759896
nerv,"Zachrisson, Waldemar",1,585293,1.7085459761179445
nerv,"Zeipel, Carl von",2,883195,2.264505573514343
nerv,"Zethraeus, August Gerhard",1,25848,38.687712782420306
nerv,"Zetterström, Hasse",1,83274,12.008550087662416
nerv,"Zilliacus, Konni, d. ä.",3,157875,19.002375296912113
nerv,"Åberg, Jon Olof",13,4055315,3.2056695965664814
nerv,"Åberg, Katie",7,282619,24.768327677898515
nerv,"Åslund, Daniel",2,181864,10.997228698368012
nerv,"Öberg, Ludvig Teodor",8,817009,9.7918137988688
nerv,"Ödman, Pelle",1,393808,2.5393084955105025
nerv,"Ödmann, Jenny Maria",6,1277526,4.696577603900038
nerv,"Ödmann, Samuel",2,301246,6.639092303300293
repulsion,"Almqvist, C.J.L.",1,2529302,0.3953659942545414
repulsion,Anonym,1,11696629,0.08549471817905825
repulsion,"Beckman, Edvard",1,57597,17.36201538274563
repulsion,"Berger, Henning",1,498496,2.006034150725382
repulsion,"Cronholm, Bernhard",1,139940,7.145919679862798
repulsion,"Edenberg, Albert Anderson",1,686333,1.4570186775224272
repulsion,"Ekelund, Vilhelm",2,1301987,1.5361136478321211
repulsion,"Ekman, Ernst",1,18284,54.69262743382192
repulsion,"Fornell, Bror Edvard",1,427572,2.3387873855163575
repulsion,"Geijer, Erik Gustaf",1,4255809,0.23497295108873542
repulsion,"Goethe, Johann Wolfgang von",1,105706,9.460200934667853
repulsion,"Hansson, Ola",2,565301,3.537938195757658
repulsion,"Hasselblad & Co., Fritz W.",4,203553,19.65090173075317
repulsion,"Hedberg, Tor",1,465602,2.147757097263328
repulsion,"Heller, Frank",1,685394,1.45901481483643
repulsion,"Key, Ellen",1,517640,1.9318445251526157
repulsion,"Kierkegaard, Søren",1,68079,14.688817403310859
repulsion,"Knorring, Sophie von",1,1296030,0.7715870774596267
repulsion,"Levertin, Oscar",3,563813,5.320913139640271
repulsion,"Linder, Sten",1,185504,5.390719337588408
repulsion,"Lénström, Carl Julius",1,594590,1.6818311777863737
repulsion,"Sillén, Abraham Wilhelm af",1,161140,6.205783790492739
repulsion,"Silverstolpe, Gustaf Abraham",2,878464,2.276701151100102
repulsion,Svenska Litteratursällskapet,1,992409,1.007649064045167
repulsion,"Wetterbergh, Carl Anton",1,2981866,0.33536047562164095
spänning,"Afzelius, Anders Johan",1,104063,9.609563437533033
spänning,"Agrell, Alfhild",7,704037,9.942659263646656
spänning,"Ahlbom, Mathilda",3,395655,7.582363422678849
spänning,"Ahlin, Johan Olof",1,81227,12.31117731788691
spänning,"Ahnfelt, Arvid",2,834238,2.3973973853984116
spänning,"Ahrenberg, Jac",24,612997,39.1519044954543
spänning,"Alcott, Louisa May",1,411350,2.4310198128114746
spänning,"Alfthan, Johannes",1,158529,6.30799412094948
spänning,"Almqvist, C.J.L.",21,2529302,8.302685879345368
spänning,"Almqvist, Carolina",1,186124,5.3727622445251555
spänning,"Almqvist, Gertrud",1,65623,15.238559651341756
spänning,"Amiel, Henri Frédéric",2,79311,25.217182988488357
spänning,"Améen, Elin",2,180341,11.090101529879506
spänning,"Anders, Ludwig",1,42039,23.78743547658127
spänning,"Anderson, Alfred",2,165183,12.107783488615656
spänning,"Anderson, August",1,53800,18.587360594795538
spänning,"Andersson, Dan",6,320870,18.6991616542525
spänning,"Andersson, J.",4,20115,198.85657469550088
spänning,"Andersson, Johan",1,20092,49.77105315548477
spänning,"Andræ, Tor",1,8066,123.97718819737169
spänning,"Andrén, Olof",1,258552,3.8676939261734584
spänning,"Angered Strandberg, Hilma",49,618309,79.24840168912307
spänning,"Anholm, Maria",7,154652,45.26291286242661
spänning,Anonym,112,11696629,9.575408436054525
spänning,"Arbman, Eva",1,12270,81.49959250203749
spänning,"Arfwedson, Carl David",1,505670,1.9775743073545988
spänning,"Arfwidsson, Nils",1,206738,4.837040118410742
spänning,"Atterbom, P.D.A.",5,1110581,4.502147974798777
spänning,"Axelson, Maximilian",1,431878,2.315468720333057
spänning,"Bagge, Peter",1,239146,4.181546001187559
spänning,"Beckman, Edvard",3,57597,52.08604614823689
spänning,"Benedictsson, Victoria",22,715264,30.757874015748033
spänning,"Bensow, Oscar",2,76279,26.21953617640504
spänning,"Benzon, Karl",7,240552,29.099737270943496
spänning,"Berg, Anders Henrik",2,34619,57.771743840087815
spänning,"Berg, Daniel",14,145157,96.44729499782994
spänning,"Berg, Johan August",1,133607,7.484637780954591
spänning,"Berg, Per Gustaf",5,897377,5.5717942403248575
spänning,"Berg, Ruben G:son",1,94593,10.571606778514266
spänning,"Berg, Wilhelm",5,3078479,1.624178693439195
spänning,"Berger, Henning",22,498496,44.1327513159584
spänning,"Berger, Lars",1,149277,6.698955632816844
spänning,"Bergh, Richard",2,82704,24.182627200619077
spänning,"Berglund, Victoria",1,60959,16.40446857724044
spänning,"Bergman, Dan",1,48251,20.72495906820584
spänning,"Bergman, Hjalmar",103,1469793,70.07789532267469
spänning,"Bergman, Johan Magnus",1,202066,4.948878089337147
spänning,"Bergström, Richard",1,250786,3.9874634150231674
spänning,"Bergsøe, Vilhelm",1,82959,12.054147229354259
spänning,"Berndtson, Charlotta",1,200987,4.975446173135576
spänning,"Berndtson, Fredrik",1,163870,6.102398242509306
spänning,"Beskow, Carl Adolf",2,54121,36.95423218344081
spänning,"Beskow, Elisabeth",12,291228,41.20482920598294
spänning,"Bjarke, Fredrik Constantin",4,114160,35.0385423966363
spänning,"Bjursten, Herman",4,1516337,2.6379360260944633
spänning,"Björkman, Carl Gustaf",5,266330,18.773701798520634
spänning,"Björkman, Göran",1,39312,25.437525437525437
spänning,"Björlin, Gustaf",9,863549,10.422106909972683
spänning,"Björling, Fridolf",2,410057,4.877370706999271
spänning,"Blanche, Thore",1,87983,11.365832035734176
spänning,"Blom, Lydia",1,37775,26.472534745201852
spänning,"Blomberg, Harry",13,295674,43.96734241089849
spänning,"Blomgren, E. G.",1,8061,124.05408758218583
spänning,"Bohman, John G.",3,151148,19.84809590599942
spänning,"Boisman, Alexander Wilhelm",1,34257,29.191114224829963
spänning,"Bolander, Sophie",28,966157,28.980797116824697
spänning,"Bollsten, Johan Christian",2,107829,18.547886004692614
spänning,"Bonaparte, Napoleon",3,82500,36.36363636363637
spänning,"Bondeson, August",1,762695,1.311140101875586
spänning,"Bore, Erik",1,53039,18.854050792812835
spänning,"Borelius, Hilma",3,80317,37.351992728812085
spänning,"Borgström, Gustaf",2,64685,30.919069336012985
spänning,"Boye, Karin",43,431682,99.61036133079443
spänning,"Brag, Eva",4,104257,38.3667283731548
spänning,"Branting, Anna",10,487838,20.49860814450699
spänning,"Bratt, Erland Axel",1,14394,69.47339169098235
spänning,"Braun, Wilhelm von",4,859117,4.655943253363628
spänning,"Braunerhjelm, Augusta",8,182117,43.92780465305271
spänning,"Bremer, Fredrika",9,2174414,4.139046198194088
spänning,"Brinkman, Carl Gustaf von",1,438137,2.282391124237396
spänning,"Brontë, Charlotte",4,440109,9.088657582553413
spänning,"Brunius, Louise",7,1104264,6.339063847051068
spänning,"Bruzelius, Janne",1,242549,4.122878263773505
spänning,"Bråkenhielm, Malvina",2,139530,14.333835017558949
spänning,"Burghausen, Carl Fredrik von",1,63141,15.83756988327711
spänning,"Burnett, Frances Hodgson",2,71418,28.004144613402783
spänning,"Busch, Oscar",3,51393,58.37370848169984
spänning,"Bygdén, Leonard",1,1657994,0.6031384914541307
spänning,"Bäckmann, Ida",23,752232,30.575673462442438
spänning,"Bååth, Albert Ulrik",1,224022,4.463847300711537
spänning,"Bååth-Holmberg, Cecilia",10,335640,29.7938267191038
spänning,"Böttiger, Carl Wilhelm",5,780026,6.410042742165005
spänning,"Bützow Runquist, Johan Gustaf",1,58722,17.029392731855182
spänning,"Carlberg, Frigga",2,118598,16.863690787365723
spänning,"Carlén, Octavia",1,332440,3.0080616051016724
spänning,"Cavallin, Christian",1,227529,4.395044148218469
spänning,"Cederborg, Carl August",1,99853,10.014721640811993
spänning,"Cederborgh, Fredrik",2,644243,3.1044186743200934
spänning,"Cederman, Rosalba",2,81481,24.545599587633927
spänning,"Cederqvist, August",1,161625,6.187161639597835
spänning,"Cleve, Alma",4,117475,34.049797829325385
spänning,"Cronholm, Bernhard",1,139940,7.145919679862798
spänning,"Crusenstolpe, Magnus Jacob",25,1801700,13.87578398179497
spänning,"Cygnæus, Fredrik",1,322815,3.0977494849991483
spänning,"Cöster, Fredrik",1,109641,9.120675659652868
spänning,"Dahl, Mattis",16,412666,38.77227588412905
spänning,"Dahlbergh, Erik",2,148587,13.46012773661222
spänning,"Dahlgren, Lotten",3,122195,24.55092270551168
spänning,"Dalström, Kata",3,382442,7.844326721437499
spänning,"Damm, Ivar",1,11443,87.38967054094206
spänning,"Damm, Janne",3,281292,10.66507401561367
spänning,"Danielsson, Axel",2,281487,7.105123860071691
spänning,"De Geer, Louis",1,487573,2.0509749309334193
spänning,"Dickens, Charles",3,540488,5.55053951244061
spänning,"Dietrichson, Lorentz",1,20253,49.37540117513455
spänning,"Douglass, Frederick",4,336092,11.901503159849089
spänning,"Doyle, Arthur Conan",6,317586,18.892520451153388
spänning,"Dunckel, Dorothea",1,240918,4.150789895317079
spänning,"Duse, Samuel August",19,183451,103.56989059748925
spänning,"Edenberg, Albert Anderson",10,686333,14.570186775224272
spänning,"Ehrenborg, Anna Fredrika",2,199937,10.003150992562658
spänning,"Ehrenborg-Posse, Betty",2,276106,7.24359485125278
spänning,"Ehrnrooth, Adelaide",3,466005,6.437699166317958
spänning,"Eichhorn, Christoffer",1,122666,8.152218218577275
spänning,"Ek, Karin",2,146644,13.638471400125473
spänning,"Ekelund, Vilhelm",103,1301987,79.10985286335425
spänning,"Ekermann, Agnes",1,274026,3.649288753621919
spänning,"Ekerot, Hjalmar",1,94950,10.531858873091101
spänning,"Ekman, Ernst",2,18284,109.38525486764384
spänning,"Ekman, Lotten",1,28567,35.005425841005355
spänning,"Ekmarck, Carl Eric",1,64051,15.612558742252268
spänning,"Ekström, Hedvig Aurora",1,189156,5.286641713717778
spänning,"Elgström, Ossian",9,281299,31.994425860027942
spänning,"Elgström, Per",2,104945,19.057601600838534
spänning,"Elkan, Sophie",27,1077057,25.068311147877967
spänning,"Elmblad, Sigrid",1,83538,11.970600205894323
spänning,"Emanuelsson, Vendela",2,463020,4.319467841561919
spänning,"Eneroth, Carl",6,861555,6.964152027438759
spänning,"Eneroth, Olof",1,39268,25.46602831822349
spänning,"Engdahl, Axel",1,66822,14.965131244201011
spänning,"Engelbert, Rolf",1,41955,23.83506137528304
spänning,"Engström, Albert",6,354444,16.927920912753496
spänning,"Essen, Johan August von",3,60413,49.65818615198715
spänning,Eugénie,1,41997,23.81122461128176
spänning,"Evers, Edvard",1,39964,25.02252026824142
spänning,"Fahlstedt, Amalia",2,144983,13.794720760365008
spänning,"Falck, August",5,78704,63.52917259605611
spänning,"Falk, Hugo",7,114461,61.156201675679924
spänning,"Falkman, Charlotta",1,205708,4.861259649600404
spänning,"Fallström, Daniel",2,162476,12.309510327679165
spänning,"Fant, Johan Eric",1,597435,1.6738222568145489
spänning,"Fersen, Axel von",5,814046,6.142159042609386
spänning,"Fitinghoff, Laura",4,298599,13.395892149672303
spänning,"Fitzgerald, F. Scott",4,61859,64.66318563184015
spänning,"Flodman, Anders",8,727913,10.99032439316237
spänning,"Flygare-Carlén, Emilie",129,5493966,23.480305484234886
spänning,"Fogelqvist, Torsten",1,20150,49.62779156327544
spänning,"Fornell, Bror Edvard",7,427572,16.3715116986145
spänning,"Forssell, Emil",3,68581,43.74389408145113
spänning,"Forsslund, Karl-Erik",4,231222,17.299391926373787
spänning,"Forssman, Edith",10,716693,13.952975681358685
spänning,"Frank, Sten",5,95110,52.57070760172432
spänning,"Franzén, Frans Michael",3,427605,7.015820675623531
spänning,"Friman, Jeanette Charlotta",5,267275,18.707323917313627
spänning,"Frosterus-Segerstråle, Hanna",2,36965,54.10523468145543
spänning,"Frunck, Gudmund",1,189241,5.2842671514101065
spänning,"Frykholm, Sunny",1,98036,10.200334570973927
spänning,"Fryxell, Anders",1,52461,19.061779226473
spänning,"Fröding, Gustaf",1,178104,5.61469703094821
spänning,"Furuhjelm, Maria",1,305890,3.2691490405047565
spänning,"Gadelius, Bror",22,197298,111.5064521688005
spänning,"Gagner, Marie Louise",3,12309,243.72410431391665
spänning,"Geijer, Erik Gustaf",19,4255809,4.464486070685973
spänning,"Geijerstam, Gustaf af",58,1634054,35.49454301999811
spänning,"Gernandt-Claine, Jane",11,243832,45.113028642672006
spänning,"Gestrin, Mathilda",3,257351,11.657230785969357
spänning,"Gille, Elsa",2,45578,43.88081969371188
spänning,"Goncourt, Edmond de",3,157664,19.027805967119953
spänning,"Govenius, Lars Johan",10,895930,11.161586284642773
spänning,"Granath, Wilhelm",43,4318088,9.95811108990831
spänning,"Granberg, Johan",2,35561,56.241388037456765
spänning,"Granfelt, Axel Fredrik",1,38718,25.827780360555813
spänning,"Gravallius, Wilhelmina",10,957722,10.441443341595996
spänning,"Grebst, William A:son",1,55567,17.99629276369068
spänning,"Gripenberg, Alexandra",3,161312,18.597500495933346
spänning,"Grönwall, Wilhelmina",7,107919,64.86346241162353
spänning,"Gullberg, Gustaf Teodor ",3,52618,57.014709795127146
spänning,"Gumælius, Gustaf Wilhelm",3,106487,28.172452975480574
spänning,"Gustafsson, Richard",5,393052,12.720963129560465
spänning,"Gällstedt, Per Johan",4,82482,48.49542930578793
spänning,"Gérard, Jean Ignace Isidore",1,99295,10.07100055390503
spänning,"Gödecke, Peter August",6,73357,81.79178537835517
spänning,"Hackzell, Emilie",1,413990,2.41551728302616
spänning,"Hagström, K. A.",2,1026078,1.9491695563105338
spänning,"Hahn, C. von",4,47419,84.35437271979586
spänning,"Hallenborg, Carl",2,36757,54.41140463041054
spänning,"Hallenborg, Eleonora Charlotta Filippina Fredrika Lovisa",1,42335,23.62111727884729
spänning,"Hallonlöf, Axel",1,45803,21.83263105036788
spänning,"Hallén, Birger",1,59542,16.794867488495516
spänning,"Hammarin, Johan",1,415181,2.408588061592414
spänning,"Hammarsköld, Lorenzo",1,508812,1.9653624521434243
spänning,"Hamsun, Knut",5,48503,103.0864070263695
spänning,"Hanselli, Per",3,140420,21.364477994587666
spänning,"Hansson, Ola",20,565301,35.379381957576584
spänning,"Harrison, Mary St. Leger Kingsley",12,185623,64.64716118153461
spänning,"Hasselblad & Co., Fritz W.",1,203553,4.912725432688292
spänning,"Hasselskog, Nils",18,255325,70.4983844120239
spänning,"Hebbe, Wendela",1,287495,3.4783213621106452
spänning,"Hedberg, Frans",5,1980962,2.5240262054496756
spänning,"Hedberg, Tor",18,465602,38.6596277507399
spänning,"Hedenstierna, Alfred",10,1437853,6.954813878748384
spänning,"Hedin, Greta",4,161322,24.795130236421567
spänning,"Hedin, Sven",117,2332042,50.1706229990712
spänning,"Hedvall, Yngve",17,267199,63.622992601020215
spänning,"Hedvig Elisabet Charlotta, hertiginna och drottning av Sverige",2,882900,2.2652622041001247
spänning,"Heidenstam, Verner von",7,1060212,6.602453094286803
spänning,"Heller, Frank",37,685394,53.983548148947904
spänning,"Helvig, Amalia von",1,77907,12.835817063935204
spänning,"Henriksson, Johannes",1,75170,13.303179459890915
spänning,"Hertzberg, Rafaël",6,277692,21.60667214035694
spänning,"Hjelm, Runo",8,223295,35.8270449405495
spänning,"Hjohlman, Hjalmar",1,55038,18.169264871543298
spänning,"Hjärne, Rudolf",3,170067,17.64010654624354
spänning,"Hofberg, Herman",6,1583749,3.7884791087476613
spänning,"Hofsten, Johanna Christina von",8,801558,9.980562853842143
spänning,"Hollgren, Carl Axel",1,49840,20.064205457463885
spänning,"Holmgren, Ann Margret",2,124392,16.078204386134157
spänning,"Holmkvist, Albert",1,78188,12.789686396889548
spänning,"Huldberg, Pehr Ulric",1,16638,60.103377809832914
spänning,"Hultin, Constance",3,211848,14.161096635323439
spänning,"Hultin, Måns",1,104686,9.552375675830579
spänning,"Hwasser, Israel",11,151164,72.76864862004182
spänning,"Hydén, Nils",12,600689,19.97705967647152
spänning,"Hyltén-Cavallius, Gunnar Olof",3,447526,6.703521136202142
spänning,"Hässler, Otto",5,401643,12.448866281747721
spänning,"Hærén, Mortimer",2,41076,48.69023273931249
spänning,"Högberg, Olof",10,342748,29.17595434546664
spänning,"Höggren, Fanchette",1,117916,8.480613317955154
spänning,"Höglund, Hjalmar",1,52771,18.949801974569365
spänning,"Högman, August",1,82592,12.107710189848897
spänning,"Ibsen, Henrik",9,172802,52.08273052395227
spänning,"Idström, Ellen",5,240165,20.81902025690671
spänning,"Ingelius, Axel Gabriel",6,406515,14.759602966680196
spänning,"Ingelman, Georg Gabriel",2,166856,11.98638346837992
spänning,"Ivendorff, Carl Johan",1,78318,12.768456804310631
spänning,"Jahnsson, Evald Ferdinand",3,138548,21.653145480266765
spänning,"James, D.",6,311224,19.278718864869035
spänning,"Janson, Betty",1,301130,3.320824892903397
spänning,"Johanson, Klara",19,269173,70.58657443354274
spänning,"Johansson-Dickens, Sven Johan Julius",1,79768,12.536355430749172
spänning,"Johnson, John",9,695158,12.9466970098884
spänning,"Johnsson, Harald",2,47347,42.24132468794221
spänning,"Jolin, Johan",6,1428470,4.200298221173703
spänning,"Jonsson, Thorsten",11,311386,35.32592987481775
spänning,"Junghans, Sofie",1,95748,10.444082382921836
spänning,"Jäderin, Axel",1,81045,12.338824110062312
spänning,"Jändel, Ragnar",11,240187,45.79764933156249
spänning,"Järta, Hans",1,129571,7.717776354276806
spänning,"Kamke, Hanna",1,76341,13.099121048977613
spänning,"Karl XI, kung av Sverige",1,40516,24.68160726626518
spänning,"Karlfeldt, Erik Axel",4,193894,20.6298286692729
spänning,"Kerfstedt, Amanda",5,672155,7.438760404966116
spänning,"Kerfve, Axel",25,1394284,17.930349914364648
spänning,"Key, Ellen",1,517640,1.9318445251526157
spänning,"Key-Rasmussen, Hedda",2,27816,71.90106413574921
spänning,"Keyland, Nils",1,313867,3.1860628865092537
spänning,"Keyser, Hilda Fredrika",6,378660,15.845349389954048
spänning,"Kiellman-Göranson, Julius Axel",11,1984954,5.541690134884738
spänning,"Kierkegaard, Søren",4,68079,58.755269613243435
spänning,"Kipling, Rudyard",1,334573,2.988884339142728
spänning,"Kjellgren, Josef",12,289746,41.41558468451679
spänning,"Kleen, Tyra",1,48825,20.48131080389145
spänning,"Kleman, Ellen",1,37650,26.56042496679947
spänning,"Klinckowström, Axel",1,50191,19.923890737383196
spänning,"Klockhoff, Daniel",1,161786,6.18100453685733
spänning,"Kléen, Emil",1,109423,9.138846494795427
spänning,"Knorring, Sophie von",2,1296030,1.5431741549192535
spänning,"Koch, Martin",20,442498,45.197944397488804
spänning,"Koch, Richert von",1,553374,1.8070961049850554
spänning,"Krook, Axel",9,505482,17.8047883010671
spänning,"Krook, Herman Salomon",2,73168,27.334353815875794
spänning,"Krusenstjerna, Agnes von",49,1272288,38.51329258784175
spänning,"Kræmer, Lotten von",2,240151,8.328093574459402
spänning,"Kræmer, Vera von",11,269227,40.85771486515097
spänning,"Kullberg, Karl Anders af",9,1320947,6.813293796041779
spänning,"Kuylenstierna-Wenster, Elisabeth",1,131767,7.589153581701033
spänning,"Källström, Axel",1,2723,367.2420124862284
spänning,"Kämpe, Alfred",5,221984,22.524145884388066
spänning,"Kärrström, E. J.",1,27653,36.16244168806278
spänning,"Lagerbring, Gustaf",2,103862,19.256320887331267
spänning,"Lagergren, Carl",1,16540,60.45949214026602
spänning,"Lagerhjelm, Agnes",1,47239,21.16894938504202
spänning,"Lagerlöf, Selma",51,4219670,12.086253190415365
spänning,"Lamm, Martin",6,219178,27.37501026562885
spänning,"Landahl, Martin",3,146745,20.44362669937647
spänning,"Landquist, Ellen",1,44571,22.43611316775482
spänning,"Larsson, Carl",4,106489,37.56256514757393
spänning,"Larsson, Hans",5,132200,37.821482602118
spänning,"Leffler, Anne Charlotte",29,483270,60.00786309930267
spänning,"Lennstrand, Viktor E.",1,72489,13.795196512574321
spänning,"Leopold, Carl Gustaf af",1,5628,177.68301350390902
spänning,"Levart, Johan",2,74990,26.670222696359513
spänning,"Levertin, Oscar",13,563813,23.057290271774505
spänning,"Lewald, August",1,91769,10.896925977181837
spänning,"Lidforss, Bengt",1,19597,51.0282186048885
spänning,"Lilliestierna, August Edvard",1,83278,12.007973294267394
spänning,"Lilljebjörn, Elisabeth",1,48109,20.786131493067824
spänning,"Linck, Emma Elisabeth",3,182760,16.414970453053183
spänning,"Lind, Carl",1,116442,8.587966541282356
spänning,"Lindberg, Otto Emil",1,29295,34.135518006485746
spänning,"Lindberg, Per",100,524704,190.58364334939318
spänning,"Lindblad, Adolf",5,27336,182.90898448931813
spänning,"Lindblom, Edel",1,93988,10.639656126313998
spänning,"Linder, Sten",1,185504,5.390719337588408
spänning,"Lindholm, Fredrik",2,289127,6.917375409422157
spänning,"Lindholm, Per August",3,479022,6.26276037426256
spänning,"Lindhé, Wilma",11,635336,17.31367339486508
spänning,"Lindkvist, Alfred",1,141703,7.05701361297926
spänning,"Lindqvist, Gustaf",1,87979,11.366348787778902
spänning,"Lindqvist, Josef",11,733103,15.004712843897789
spänning,"Lindqvist, Märta",3,63252,47.4293302978562
spänning,"Lindqvist, Uno Leopold",2,90064,22.206430982412506
spänning,"Lindström, Sigfrid",8,116360,68.75214850464077
spänning,"Ling, Per Henrik",9,492118,18.288296709325813
spänning,"Linnarsson, Linnar",1,500119,1.999524113261044
spänning,"Ljungberg, Eva",4,147072,27.19756309834639
spänning,"Ljunggren, Albert Gustaf",1,98892,10.112041418921653
spänning,"Ljunggren, Gustaf",16,1909848,8.377630052234524
spänning,"Ljungstedt, Aurora",21,2310610,9.088509095000887
spänning,"Londen, Lilly",3,70211,42.72834740995001
spänning,"Lovén, Nils",1,19487,51.31626212346693
spänning,"Lundberg, Emilie",1,93190,10.730765103551883
spänning,"Lundegård, Axel",100,997912,100.20923688661927
spänning,"Lundin, August",3,200208,14.98441620714457
spänning,"Lundin, Claës",2,630197,3.173610791546136
spänning,"Lundquist, Aurora",3,300269,9.991041366241603
spänning,"Lundquist, Ernst",22,1133848,19.40295348230098
spänning,"Lundström, Ingeborg",2,72982,27.404017428955086
spänning,"Lybeck, Mikael",12,355293,33.77494068276042
spänning,"Lyckow, Gustaf",1,43595,22.938410368161488
spänning,"Lysander, Albert Theodor",1,42442,23.56156637293247
spänning,"Lénström, Carl Julius",5,594590,8.409155888931869
spänning,"Löfgren, Eliel",3,103123,29.091473289178943
spänning,"Lönnberg, Mathilda",2,816900,2.448280083241523
spänning,"Magnell, Carl Jakob",1,33616,29.747739171822943
spänning,"Malling, Mathilda",27,500989,53.89339885706073
spänning,"Mallén, Elias Emanuel",1,25148,39.76459360585335
spänning,"Malmgren, Thure",1,97568,10.249262053132174
spänning,"Marholm, Laura",1,42138,23.731548720869522
spänning,"Marin, Otto Ulrik",3,174931,17.149618992631382
spänning,"Meijer, Bernhard",11,543470,20.24030765267632
spänning,"Melander, Emil",1,29322,34.1040856694632
spänning,"Melander, Richard",23,583868,39.39246542026623
spänning,"Mellin, Gustaf Henrik",57,2729891,20.879954547635784
spänning,"Meyer, Albertine",8,335249,23.862860142759562
spänning,"Meyer, Ernst",1,823782,1.2139133897074712
spänning,"Meyer, Gustaf",1,159471,6.27073260969079
spänning,"Meyerson, Gerda",2,97420,20.529665366454527
spänning,"Mickwitz, Gerda von",7,168663,41.50287852107457
spänning,"Milow, Cecilia",1,87317,11.452523563567231
spänning,"Modin, Johan Engelbrekt",16,314090,50.94081314272979
spänning,"Molander, Harald",6,254305,23.59371620691689
spänning,"Molin, Pelle",2,59495,33.61627027481301
spänning,"Montgomery, Lucy Maud",11,346758,31.722411595406594
spänning,"Montén, R. A.",3,73222,40.971292780858214
spänning,"Mortensen, Johan",3,392455,7.64418850568855
spänning,"Munthe, Axel",7,519572,13.472627470302479
spänning,"Myrberg, Anna",2,103512,19.321431331633047
spänning,"Möller, Albert Wilhelm",1,13880,72.04610951008645
spänning,"Mörne, Arvid",3,96724,31.01608701046276
spänning,"Mörner, J.C.A.",9,149517,60.19382411364594
spänning,"Nervander, Johan Jakob",1,95994,10.417317749025981
spänning,"Nissen, Carl",1,84972,11.76858259191263
spänning,"Nonnen, Emily",2,356010,5.617819724165051
spänning,"Nordenskiöld, Adolf Erik",1,297785,3.3581275081014827
spänning,"Nordensvan, Georg",6,846003,7.0921734320091065
spänning,"Nordling, Johan",13,180102,72.18131947452
spänning,"Nordlund, Johan",1,239575,4.174058228112282
spänning,"Nordmann, Petrus",1,95979,10.418945811062837
spänning,"Nordström, Ester Blenda",14,408622,34.26149350744698
spänning,"Nordström, Ludvig",1,343585,2.910487943303695
spänning,"Norlander, Emil",5,207383,24.10998008515645
spänning,"Norlin, Mauritz",3,215224,13.938965914582017
spänning,"Norström, Vitalis",20,240646,83.109629912818
spänning,"Numers, Gustaf von",1,45336,22.057526027880712
spänning,"Numers, Hedvig von",5,286710,17.43922430330299
spänning,"Nyberg, Julia Christina",1,147532,6.778190494265651
spänning,"Nyberg, Sigfrid",2,152256,13.135771332492643
spänning,"Nyblom, Carl Rupert",1,95963,10.420682971561956
spänning,"Nyblom, Helena",11,1055882,10.417830780333409
spänning,"Nycander, Fredrik",1,131669,7.59480211743083
spänning,"Nylén, Pehr Gustaf",2,65897,30.350395313898964
spänning,"Nyström, Ludvig",1,278010,3.5969929139239594
spänning,"Nèlson, Johannes Fredrik",2,299170,6.685162282314403
spänning,"Olivecrona, Rosalie",1,88826,11.257965010244748
spänning,"Olofsson, Klas",1,258407,3.869864206464995
spänning,"Orczy, Emmuska",4,102234,39.12592679539097
spänning,"Oswald, Gösta",1,43590,22.941041523285158
spänning,"Oterdahl, Jeanna",10,257105,38.894615040547635
spänning,Ovidius,2,155332,12.875647001261813
spänning,"Oxenstierna, Mårten Gabriel Leijonsköld",1,676468,1.478266525541489
spänning,"Palm, Amy",1,139390,7.174115790228854
spänning,"Palmblad, Vilhelm Fredrik",13,1018806,12.760034785817908
spänning,"Palmstjerna, Carl Otto",5,328303,15.229833416082094
spänning,"Paul, Adolf",4,277706,14.403721921744578
spänning,"Pauli, Georg",2,50904,39.28964325003929
spänning,"Pereswetoff-Morath, Fredrik",1,142562,7.01449194034876
spänning,"Person, Johan",1,49994,20.002400288034565
spänning,"Persson, Fredrik",24,496982,48.29148741805538
spänning,"Persson, Per",1,29878,33.46944239908963
spänning,"Pettersson, Victor",1,363394,2.7518340974259345
spänning,"Pfeiffer, Sara",11,1362314,8.074496775339606
spänning,"Pihlstrand, Ragnar",16,3687102,4.339451417400441
spänning,"Pontin, Constans",1,265724,3.7633032770844936
spänning,"Pontoppidan, Henrik",1,36980,27.041644131963224
spänning,"Quennerstedt, August",12,1839800,6.522448092183933
spänning,"Qvanten, Aurora von",1,432423,2.3125504425065273
spänning,"Qvanten, Emil von",1,166171,6.0178972263511685
spänning,"Qvist, O.",2,22868,87.45845723281441
spänning,"Randelin, Wendela",1,81682,12.242599348693714
spänning,"Regis, Julius",15,150319,99.7877846446557
spänning,"Reuterskiöld, Edgar",1,133056,7.515632515632515
spänning,"Ridderstad, Carl Fredrik",21,2292557,9.160077590219132
spänning,"Rietz, Johan Ernst",6,1483948,4.043268362503269
spänning,"Ringbom, Oskar Evald",1,58665,17.04593880507969
spänning,"Ripa, Ernst",1,51842,19.289379267775164
spänning,"Risberg, Emilie",2,321787,6.21529148163226
spänning,"Roos, Anna Maria",5,170259,29.3670231823281
spänning,"Roos, Mathilda",7,979070,7.149642007210924
spänning,"Rosenius, Carl Olof",2,101527,19.699193318033625
spänning,"Rosén, Johan Magnus",1,404745,2.470691422994725
spänning,"Roth, Sven Olof",2,268344,7.453119875980085
spänning,"Rubenson, Olof",5,158589,31.52803788409032
spänning,"Rudbeck, Thure Gustaf",2,308953,6.473476548212835
spänning,"Rudebeck, Sophia",1,28279,35.36192934686517
spänning,"Ruin, Hans",16,324767,49.26608922704585
spänning,"Runeberg, Fredrika Charlotta",2,244938,8.165331634944353
spänning,"Runeberg, Johan Ludvig",3,500896,5.989267233118252
spänning,"Rydberg, Carl Henrik",1,394090,2.5374914359664036
spänning,"Rydberg, Viktor",12,840566,14.276094916996405
spänning,"Sachs, Hilda",1,58467,17.103665315477105
spänning,"Sand, Arne",3,74376,40.335592126492415
spänning,"Sandberg, Algot",11,516906,21.280464920120874
spänning,"Sandberg, Eric",2,135478,14.762544472165223
spänning,"Sandel, Maria",20,460120,43.46692167260714
spänning,"Sandströmer, Clara",1,257887,3.877667350428676
spänning,"Saxon, Johan Lindström",6,413279,14.51803745169728
spänning,"Schenfelt, Inga",5,462908,10.801282328238008
spänning,"Schildt, Runar",4,105782,37.813616683367684
spänning,"Schirmer, Adolf",4,249159,16.054005675091005
spänning,"Scholander, Fredrik Wilhelm",10,308375,32.42805026347791
spänning,"Schreiner, Olive",1,61056,16.37840670859539
spänning,"Schröder, Gustaf",1,450001,2.2222172839615912
spänning,"Schultz, Adolf Fredrik Joelsson",1,12654,79.0263948158685
spänning,"Schwartz, Marie Sophie",29,4905025,5.912304218632933
spänning,"Schwerin, Martina von, d. y.",2,135027,14.81185244432595
spänning,"Schöldström, Birger",2,234212,8.539272112445135
spänning,"Schöldström, Karl Wilhelm",4,54619,73.23458869624123
spänning,"Schück, Henrik",1,444831,2.2480447630673224
spänning,"Sederholm, Theodor",1,217469,4.59835654736997
spänning,"Sefbom, Augusta",1,81444,12.278375325376945
spänning,"Segerstedt, Albrekt",6,319845,18.759086432490736
spänning,"Segerstedt, Torgny",10,188372,53.086445968615294
spänning,"Silfverstolpe, Gunnar Mascoll",3,54768,54.77651183172656
spänning,"Sillén, Abraham Wilhelm af",1,161140,6.205783790492739
spänning,"Silverstolpe, Gustaf Abraham",2,878464,2.276701151100102
spänning,"Sjöberg, Birger",22,566959,38.80351136501934
spänning,"Sjöberg, Edvard Daniel",1,140639,7.110403230967228
spänning,"Sjögren, Lennart",9,48769,184.54345998482643
spänning,"Skarstedt, Carl Wilhelm",1,788956,1.2674978072287935
spänning,"Snellman, Johan Vilhelm",7,182971,38.257428772865644
spänning,"Sommelius, Gustaf Lorentz",1,40806,24.50620006861736
spänning,"Sparre, Pehr",4,1212926,3.297810418772456
spänning,"Stam, Per",18,238205,75.56516445918432
spänning,"Starbäck, Carl Georg",26,1609009,16.15901464814678
spänning,"Starnberg, Märta",2,268579,7.446598579933651
spänning,"Stenhammar, Jakob Axel",2,411692,4.858000641256084
spänning,"Stjernström, Louise",9,2740356,3.2842448207459176
spänning,"Stockenstrand, Ina",1,78099,12.804261258146711
spänning,"Stoker, Bram",4,120550,33.18125259228536
spänning,"Stowe, Harriet Beecher",2,264693,7.555923277155044
spänning,"Strandberg, Carl Vilhelm August",4,466218,8.579677318336058
spänning,"Strindberg, August",17,1575196,10.792307750908458
spänning,"Strussenfelt, Constantia Carolina Amalia von",7,385441,18.16101556399034
spänning,"Strussenfelt, Ulrika Sophia von",21,3091227,6.793418923941852
spänning,"Ström, Fredrik",9,554469,16.23174604892248
spänning,"Ström, Ulrika",1,106489,9.390641286893482
spänning,"Strömberg, Leonard",2,343603,5.820670948740261
spänning,"Strömer, Hjalmar",1,40024,24.985008994603238
spänning,"Sturzen-Becker, Oscar Patric",2,1219159,1.6404751144026333
spänning,"Styffe, Carl Gustaf",5,1150524,4.345845892827963
spänning,"Stålberg, Wilhelmina",19,3336754,5.694156656439162
spänning,"Stéenhoff, Frida",12,327133,36.68232798280822
spänning,"Sundblad, Johannes",7,669153,10.46098575363183
spänning,"Sundler, Anders",1,178228,5.610790672621586
spänning,"Sundqvist, E. W.",8,516249,15.496398055976863
spänning,"Sundström, Karin",1,137850,7.254261878853827
spänning,"Suttner, Bertha von",4,75529,52.959790279230496
spänning,Svenska Litteratursällskapet,2,992409,2.015298128090334
spänning,"Svenson-Graner, Hilma",1,46877,21.3324231499456
spänning,"Sätherberg, Herman",3,374315,8.014640075871926
spänning,"Söderberg, Hjalmar",12,783283,15.320133336227137
spänning,"Söderberg, Mikael",3,63386,47.32906320007573
spänning,"Söderblom, Nathan",6,154055,38.94712927201324
spänning,"Söderhjelm, Alma",1,130223,7.679135022231096
spänning,"Söderhjelm, Werner",4,124684,32.08110102338712
spänning,"Söderholm, Kerstin",4,47675,83.90141583639225
spänning,"Sörman, Py",4,271409,14.737904785766132
spänning,"Tamm, Hugo",1,28751,34.78139890786407
spänning,"Tammelin, Filip",1,76235,13.117334557617893
spänning,"Tavaststjerna, Karl August",40,500327,79.94771419491653
spänning,"Tegnér, Esaias",1,369317,2.7077009723354193
spänning,"Tenow, Elna",5,54332,92.0267982036369
spänning,"Tersmeden, Minna",3,218930,13.70301009455077
spänning,"Thomasson, Nils",44,707538,62.18747261631177
spänning,"Thomasson, Pehr",9,1451638,6.199892810742072
spänning,"Thorild, Thomas",1,43963,22.746400382139527
spänning,"Thorsander, Gustaf",2,374435,5.341381014061185
spänning,"Topelius, Zacharias",16,2307429,6.934124516940717
spänning,"Torckell, Olga",1,85119,11.748258320703956
spänning,"Trolle, Henrik af",14,2829965,4.947057649122869
spänning,"Törnblom, Johan August",17,856702,19.843539527163472
spänning,"Törnebladh, Ragnar",1,187908,5.321753198373672
spänning,"Uddgren, Gustaf",12,335781,35.73757895771351
spänning,"Ulfsson, Sten",16,425150,37.633776314242034
spänning,"Ullman, Gustaf",2,85560,23.37540906965872
spänning,"Undset, Sigrid",4,193625,20.65848934796643
spänning,"Unge, Otto Sebastian von",1,166120,6.019744762822056
spänning,"Valentin, Guido",1,13299,75.19362358072036
spänning,"Valerius, Johan David",2,28756,69.55070246209486
spänning,"Vester, A. B.",1,142413,7.021830872181613
spänning,"Virdestam, Gotthard",3,1223099,2.452785915122161
spänning,"Virgin, Axel Gustaf",3,123697,24.252811305043775
spänning,"Visén, Karl",2,81564,24.520621842969938
spänning,"Värnlund, Rudolf",26,288441,90.13975128362473
spänning,"Wachtmeister, Hans",1,51989,19.234838138837063
spänning,"Wadström, Gustaf Adolf Sebastian",4,43734,91.46202039603055
spänning,"Wahlenberg, Anna",22,992911,22.157071479719733
spänning,"Walanger, Augusta",1,30394,32.90123050602092
spänning,"Wallengren, Axel",2,57623,34.708362980060045
spänning,"Wallin, Johan Peter",2,279251,7.162015534411694
spänning,"Wallmo, Uno",1,105865,9.445992537665894
spänning,"Warburg, Karl",4,558375,7.163644504141482
spänning,"Weman, Adèle",1,56305,17.760412041559363
spänning,"Wernberg, Hjalmar",61,790174,77.19818672849271
spänning,"Westerberg, Ernst",1,99058,10.095095802459165
spänning,"Westerlund, Johan Alfred",1,910029,1.0988660800919532
spänning,"Westermarck, Helena",4,164540,24.310198128114745
spänning,"Westin, Carl Emanuel",2,51378,38.92716727003776
spänning,"Wetterbergh, Carl Anton",23,2981866,7.713290939297742
spänning,"Wettergrund, Josefina",6,1232610,4.867719716698712
spänning,"Wickström, Victor Hugo",3,519663,5.772972099225845
spänning,"Widmark, Per Fredrik",1,52253,19.137657168009493
spänning,"Wieselgren, Sigfrid",4,284161,14.076527039248877
spänning,"Wigert, Inèz",2,61951,32.283578957563236
spänning,"Wigström, Eva",13,816884,15.914132239093922
spänning,"Wikner, Pontus",2,238951,8.369916844876146
spänning,"Wilén, Fritz",2,60454,33.08300526019784
spänning,"Winter, Reinhold",4,238949,16.739973801941
spänning,"Wirsén, Carl David af",5,246734,20.264738544343302
spänning,"Witt, Otto",60,554078,108.28800277217287
spänning,"Wranér, Henrik",3,585352,5.125121294537304
spänning,"Wägner, Elin",132,2370616,55.68172998073074
spänning,"Wågman, Frans Oskar",7,70243,99.65405805560697
spänning,"Wåhlstrand, Karin",1,69220,14.44669170759896
spänning,"Wærnér, Ninian",2,164783,12.13717434444087
spänning,"Zachrisson, Waldemar",4,585293,6.834183904471778
spänning,"Zeipel, Carl von",2,883195,2.264505573514343
spänning,"Zetterström, Hasse",1,83274,12.008550087662416
spänning,"Zilliacus, Konni, d. ä.",1,157875,6.334125098970705
spänning,"Åberg, Jon Olof",65,4055315,16.028347982832408
spänning,"Åberg, Katie",3,282619,10.61499757624222
spänning,"Ågren, Robert",1,2590,386.1003861003861
spänning,"Åkerberg, Sven",1,36123,27.68319353320599
spänning,"Öberg, Ludvig Teodor",2,817009,2.4479534497172
spänning,"Ödman, Pelle",14,393808,35.55031893714703
spänning,"Ödmann, Jenny Maria",9,1277526,7.044866405850057
spänning,"Ödmann, Samuel",7,301246,23.236823061551025
strålning,Anonym,1,11696629,0.08549471817905825
strålning,"Atterbom, P.D.A.",1,1110581,0.9004295949597553
strålning,"Bremer, Fredrika",1,2174414,0.4598940220215654
strålning,"Bäckström, Edvard",1,242635,4.121416943145054
strålning,"Edenberg, Albert Anderson",1,686333,1.4570186775224272
strålning,"Ekelund, Vilhelm",12,1301987,9.216681886992728
strålning,"Govenius, Lars Johan",1,895930,1.1161586284642773
strålning,"Hasselskog, Nils",1,255325,3.916576911779105
strålning,"Jonsson, Thorsten",1,311386,3.2114481704379774
strålning,"Levertin, Oscar",1,563813,1.7736377132134236
strålning,"Lindberg, Per",1,524704,1.9058364334939317
strålning,"Lindqvist, Märta",1,63252,15.809776765952066
strålning,"Nilsson, Albert",1,135571,7.376208776213202
strålning,"Nordström, Ludvig",1,343585,2.910487943303695
strålning,"Ruin, Hans",2,324767,6.158261153380732
strålning,"Rydberg, Viktor",1,840566,1.189674576416367
strålning,"Strindberg, August",2,1575196,1.2696832648127598
strålning,"Stéenhoff, Frida",1,327133,3.056860665234018
strålning,"Wigström, Eva",1,816884,1.2241640183918403
strålning,"Witt, Otto",6,554078,10.828800277217287
strålning,"Wägner, Elin",2,2370616,0.8436625754656174
ström,"Adelborg, Ottilia",2,85133,23.49265267287656
ström,"Adlersparre, Carl August",16,199744,80.10253123998719
ström,"Adlersparre, Georg Axel",8,51236,156.14021391209306
ström,"Adlersparre, Karin Alcyone",3,12368,242.5614489003881
ström,"Afzelius, Anders Johan",3,104063,28.8286903125991
ström,"Afzelius, Arvid August",16,79683,200.79565277411743
ström,"Agrell, Alfhild",19,704037,26.987218001326635
ström,"Ahlbom, Mathilda",10,395655,25.27454474226283
ström,"Ahlbom, Sophia",2,12389,161.43352974412787
ström,"Ahlborg, Georg",2,18847,106.11768451212394
ström,"Ahlqvist, Abraham",4,165083,24.23023569961777
ström,"Ahlstrand, J.E.",4,112036,35.702809811132134
ström,"Ahlström, Olof Crispin",9,151393,59.447926918681844
ström,"Ahnfelt, Arvid",55,834238,65.92842809845632
ström,"Ahnfelt, Paul Gabriel",1,11640,85.91065292096219
ström,"Ahnfelt-Laurin, Emilia",1,14138,70.73136228603762
ström,"Ahrenberg, Jac",115,612997,187.60287570738518
ström,"Alcenius, Maria Charlotta",2,14053,142.3183661851562
ström,"Alcott, Louisa May",7,411350,17.01713868968032
ström,"Alfredson, Cai",2,24371,82.06474908702967
ström,"Alfthan, Georg Edvard von",6,95134,63.06893434523935
ström,"Alfthan, Johannes",14,158529,88.31191769329271
ström,"Alin, Johan",1,26936,37.125037125037124
ström,"Allardt, Anders",17,104935,162.00505074569972
ström,"Allvarsson, Anders",1,5759,173.64125716270186
ström,"Alm, Leopold",1,17961,55.67618729469406
ström,"Almkvist, Johan Alfred",4,34984,114.3379830779785
ström,"Almquist, C. A.",2,32996,60.613407685780096
ström,"Almquist, Johan Axel",13,710363,18.30050270073188
ström,"Almquist, Viktor",1,57218,17.47701772169597
ström,"Almqvist, C.J.L.",85,2529302,33.606109511636014
ström,"Almqvist, Carolina",7,186124,37.60933571167609
ström,"Almqvist, Gertrud",7,65623,106.66991755939229
ström,"Almén, Ruth",1,12459,80.26326350429409
ström,"Althén, Gustaf",1,41569,24.056388173879572
ström,"Altén, Victor August",6,73223,81.94146647911175
ström,"Ameen, Georg",13,156508,83.06284662764843
ström,"Amiel, Henri Frédéric",10,79311,126.08591494244178
ström,"Améen, Elin",16,180341,88.72081223903605
ström,"Andelin, Karl August",2,11466,174.4287458573173
ström,"Anders, Ludwig",1,42039,23.78743547658127
ström,"Andersen, Hans Christian",1,12265,81.53281695882593
ström,"Anderson, Alfred",2,165183,12.107783488615656
ström,"Anderson, August",1,53800,18.587360594795538
ström,"Anderson, Hedda",20,504419,39.64957703813695
ström,"Andersson, Anders",1,12120,82.50825082508251
ström,"Andersson, Carl Gustaf",5,37115,134.71642193183348
ström,"Andersson, Dan",15,320870,46.74790413563125
ström,"Andersson, F. A.",1,3490,286.5329512893983
ström,"Andersson, Hilding",1,35557,28.12385746829035
ström,"Andersson, Hilma",2,78576,25.453064548971696
ström,"Andersson, Johan",2,20092,99.54210631096954
ström,"Andrée, Andreas",1,18924,52.8429507503699
ström,"Andrén, Olof",5,258552,19.33846963086729
ström,"Angered Strandberg, Hilma",39,618309,63.07525848726122
ström,"Angerstein, Uno",1,9300,107.52688172043011
ström,"Anholm, Maria",25,154652,161.65326022295218
ström,Anonym,755,11696629,64.54851222518899
ström,"Anrep, Gabriel",36,701580,51.31275121867784
ström,"Appelberg, Henrik Adolf",1,10795,92.63547938860583
ström,"Arfwedson, Carl David",18,505670,35.596337532382776
ström,"Arfwidsson, Alvar",3,26904,111.50758251561106
ström,"Arfwidsson, Nils",10,206738,48.37040118410742
ström,"Armfelt, Gustaf Johan Philip",5,77667,64.37740610555319
ström,"Arnoldson, K. P.",4,68739,58.19112876242017
ström,"Arosenius, Fredrik Reinhold",10,66932,149.40536664076973
ström,"Arosenius, Ivar",1,19538,51.182311393182516
ström,"Arrhén von Kapfelman, Erik Jakob",1,2907,343.9972480220158
ström,"Arvidsson, Adolf Ivar",22,337588,65.16819318222211
ström,"Atterbom, P.D.A.",67,1110581,60.328782862303605
ström,"Atterling, Carl Henrik",1,16544,60.44487427466151
ström,"Aurelius, Hedvig",1,18591,53.78946802216126
ström,"Aurell, Wilhelm",15,212084,70.72669319703513
ström,"Austen, Jane",1,163429,6.118865072906277
ström,"Avellan, Herman",1,37900,26.385224274406333
ström,"Axelson, Maximilian",17,431878,39.36296824566197
ström,"Axelsson, Arvid",2,57057,35.052666631614
ström,"Backlund, A.",1,27412,36.480373559025246
ström,"Backlund, Gusten",1,37637,26.56959906475011
ström,"Backman, Anders",5,85526,58.46175432032364
ström,"Bagge, Peter",17,239146,71.0862820201885
ström,"Bagger, Alban Agathon",10,46140,216.7316861725184
ström,"Bahr, Johan Fredrik",1,7485,133.6005344021376
ström,"Banér, Barbro",1,9134,109.48105977665864
ström,"Barkstedt, Zacharias Ludvig",1,12098,82.65829062654984
ström,"Barnekow, Kjell Christoffer",16,41861,382.21733833401015
ström,"Barthelson, Fredrik",2,28595,69.94229760447631
ström,"Bechman, H.",1,37309,26.803184218285132
ström,"Becker, Hugo von",8,92134,86.83005188095599
ström,"Beckman, Edvard",9,57597,156.25813844471065
ström,"Beckman, Ernst",9,73165,123.0096357548008
ström,"Beckman, Susen",1,17920,55.80357142857143
ström,"Behm, Oscar",1,105179,9.507601327261145
ström,"Bellman, Carl Michael",7,261940,26.723677177979692
ström,"Benedictsson, Victoria",21,715264,29.35978883321403
ström,"Bensow, Oscar",6,76279,78.65860852921512
ström,"Benzelstierna, Gustaf",4,92912,43.05148958153952
ström,"Benzon, Karl",3,240552,12.471315973261499
ström,"Berg, Carl Oscar",15,295210,50.81128688052573
ström,"Berg, Daniel",10,145157,68.89092499844996
ström,"Berg, Gustaf Oskar",1,13084,76.42922653622745
ström,"Berg, Johan August",19,133607,142.2081178381372
ström,"Berg, Per Gustaf",54,897377,60.17537779550847
ström,"Berg, Ruben G:son",4,94593,42.28642711405706
ström,"Berg, Wilhelm",195,3078479,63.34296904412861
ström,"Bergenström, A. J.",4,23494,170.25623563463012
ström,"Berger, Henning",40,498496,80.24136602901528
ström,"Berger, Lars",10,149277,66.98955632816843
ström,"Berggren, August J.",1,13072,76.49938800489596
ström,"Bergh, Richard",3,82704,36.273940800928614
ström,"Bergklint, Olof",5,87150,57.37234652897303
ström,"Berglund, Victoria",1,60959,16.40446857724044
ström,"Bergman, Bengt",9,83717,107.50504676469534
ström,"Bergman, Carl Johan",10,182803,54.70369742290882
ström,"Bergman, Carl Wilhelm",3,128252,23.391448086579548
ström,"Bergman, Dan",2,48251,41.44991813641168
ström,"Bergman, Daniel Fredrik",1,20406,49.00519455062236
ström,"Bergman, Hjalmar",22,1469793,14.96809414659071
ström,"Bergman, Johan",5,29220,171.11567419575633
ström,"Bergman, Johan Magnus",2,202066,9.897756178674294
ström,"Bergstedt, Anna Elisabet Matilda",5,120779,41.39792513599218
ström,"Bergsten, Richard",1,17597,56.82786838665682
ström,"Bergstrand, Per Emanuel",3,77785,38.56784727132481
ström,"Bergström, E. O.",10,12110,825.7638315441784
ström,"Bergström, Frans Frode Theodor",6,19449,308.49915162733305
ström,"Bergström, Richard",20,250786,79.74926830046334
ström,"Bergsøe, Vilhelm",6,82959,72.32488337612556
ström,"Berlin, Anna Catharina",13,124922,104.06493652038873
ström,"Berndtson, Charlotta",1,200987,4.975446173135576
ström,"Berndtson, Fredrik",18,163870,109.84316836516751
ström,"Bernhardt, Gustaf",8,17252,463.71435195919315
ström,"Beskow, Bernhard von",8,165358,48.37987880840358
ström,"Beskow, Carl Adolf",3,54121,55.43134827516121
ström,"Beskow, Elisabeth",5,291228,17.168678835826224
ström,"Billing, Lars Theodor",2,14021,142.64317809000784
ström,"Billmark, Carl Johan",8,43905,182.21159321261814
ström,"Bjarke, Fredrik Constantin",6,114160,52.55781359495445
ström,"Bjerre, Andreas",10,63395,157.74114677813708
ström,"Bjursten, Herman",85,1516337,56.056140554507344
ström,"Bjurström, Gustaf",8,259622,30.814029627689486
ström,"Björck, Ernst Daniel",8,46536,171.909919202338
ström,"Björck, Johan Henrik",2,3408,586.8544600938967
ström,"Björck, Theodor",8,170512,46.917519001595196
ström,"Björklund, Carl Peter",3,13905,215.7497303128371
ström,"Björkman, Carl Gustaf",3,266330,11.26422107911238
ström,"Björkman, Göran",3,39312,76.31257631257631
ström,"Björkstén, Emilie",5,68378,73.12293427710667
ström,"Björlin, Gustaf",85,863549,98.43100970529756
ström,"Björlin, Knut Salomon",1,9937,100.63399416322834
ström,"Björling, Fridolf",28,410057,68.28318989798979
ström,"Björndal, Maria",2,6186,323.31070158422244
ström,"Blachet, Gustaf",1,17198,58.14629608093964
ström,"Blanche, August",56,1382410,40.50896622564941
ström,"Blanche, Thore",8,87983,90.9266562858734
ström,"Blixén, Amalia",3,101428,29.577631423275623
ström,"Blom, Lydia",3,37775,79.41760423560557
ström,"Blomberg, Harry",39,295674,131.90202723269547
ström,"Blomgren, E. G.",1,8061,124.05408758218583
ström,"Blomgren, Joseph C.",1,42011,23.80328961462474
ström,"Blomqvist, Petter",3,29051,103.26666896148153
ström,"Blumauer, Karl",1,17434,57.359183205231155
ström,"Blumenberg, Henrik Germund",5,57152,87.48600223964166
ström,"Boberg, Carl",43,94744,453.8545976526218
ström,"Bohlin, S. A. T.",2,10166,196.7342120794806
ström,"Bohman, John G.",3,151148,19.84809590599942
ström,"Boisman, Alexander Wilhelm",1,34257,29.191114224829963
ström,"Bolander, Sophie",58,966157,60.031651170565446
ström,"Bolau, Heinrich",1,2913,343.2887058015791
ström,"Bolinus, Andreas",2,31158,64.18897233455293
ström,"Bollsten, Johan Christian",6,107829,55.64365801407784
ström,"Bolm, Jonas Adolf",12,95392,125.79671251257967
ström,"Bonaparte, Napoleon",2,82500,24.242424242424242
ström,"Bonde, Krister",3,29334,102.2704029453876
ström,"Bondeson, August",39,762695,51.13446397314785
ström,"Bonggren, Jakob",5,29060,172.0578114246387
ström,"Bore, Erik",2,53039,37.70810158562567
ström,"Borelius, Hilma",3,80317,37.351992728812085
ström,"Borgström, Ferdinand Ludvig",2,37312,53.60205831903945
ström,"Boye, Karin",21,431682,48.64692064992286
ström,"Brag, Hanna",2,23418,85.40438978563498
ström,"Brager, Martin H.",2,3600,555.5555555555555
ström,"Brahe, Per, d. ä.",1,72820,13.732491073880801
ström,"Brandt, Erastus",7,56132,124.7060500249412
ström,"Brandt, G. J. W.",5,79180,63.14725940894165
ström,"Branting, Anna",20,487838,40.99721628901398
ström,"Bratt, Erland Axel",1,14394,69.47339169098235
ström,"Bratt, Iwan",2,6487,308.3089255433945
ström,"Braun, Wilhelm von",46,859117,53.54334741368172
ström,"Braunerhjelm, Augusta",11,182117,60.400731397947474
ström,"Bredberg, Henrik Wilhelm",2,25162,79.48493760432397
ström,"Bremer, Fredrika",166,2174414,76.34240765557985
ström,"Brenner, Sophia Elisabeth",4,98020,40.807998367680064
ström,"Brinkman, Carl Gustaf von",28,438137,63.90695147864709
ström,"Broberg, Frans August",9,16621,541.4836652427651
ström,"Brodén, Johan Ivar",2,21988,90.95870474804438
ström,"Broman, Pehr Gustaf",1,16469,60.72014087072682
ström,"Brontë, Charlotte",29,440109,65.89276747351224
ström,"Brunius, Carl Georg",18,111909,160.8449722542423
ström,"Brunius, Louise",34,1104264,30.789738685676614
ström,"Bruzelius, Janne",22,242549,90.70332180301712
ström,"Bruzelius, Viktor",5,29979,166.78341505720672
ström,"Bråkenhielm, Malvina",10,139530,71.66917508779474
ström,"Burghausen, Carl Fredrik von",3,63141,47.51270964983133
ström,"Bursell, Bernhard Salomon",4,27180,147.16703458425312
ström,"Busch, Oscar",2,51393,38.91580565446656
ström,"Butenschön, Andrea",3,27834,107.78184953653805
ström,"Bygdén, Leonard",213,1657994,128.46849867972983
ström,"Byron, George Gordon",3,13628,220.1350161432345
ström,"Bäcklund, C. M.",5,21187,235.99376976447823
ström,"Bäckman, Jonas",1,37740,26.497085320614733
ström,"Bäckman, Wilhelm",19,195807,97.03432461556532
ström,"Bäckmann, Ida",34,752232,45.1988216401323
ström,"Bäckström, Edvard",30,242635,123.6425082943516
ström,"Bäckström, Per Olof",26,413463,62.883498644376886
ström,"Bååth, Albert Ulrik",13,224022,58.030014909249985
ström,"Bååth-Holmberg, Cecilia",13,335640,38.73197473483494
ström,"Börjeson, Hjalmar",9,150570,59.772863120143455
ström,"Börjesson, Johan",7,105669,66.24459396795655
ström,"Börk, Isak",2,59872,33.404596472474616
ström,"Böttiger, Carl Wilhelm",71,780026,91.02260693874307
ström,"Bützow Runquist, Johan Gustaf",1,58722,17.029392731855182
ström,"Cardon, O. B.",2,37300,53.61930294906166
ström,"Carlberg, Frigga",2,118598,16.863690787365723
ström,"Carlsson, Carl Adolf",4,13150,304.1825095057034
ström,"Carlsson, Gottfrid",14,381621,36.68561216494899
ström,"Carlstedt, Fredrik",7,54952,127.38389867520745
ström,"Carlström, Anna",2,17514,114.19435879867534
ström,"Carlén, Johan Gabriel",27,86268,312.9781610794269
ström,"Carlén, Octavia",22,332440,66.1773553122368
ström,"Carlén, Rosa",20,634900,31.501023783272956
ström,"Carroll, Lewis",1,93868,10.653257766224911
ström,"Carstens, Fredrika Vilhelmina",3,119145,25.179403248143018
ström,"Cassel, Hjalmar",2,26241,76.21660759879578
ström,"Cassirer, Ernst",1,53043,18.852628999113925
ström,"Cavallin, Christian",11,227529,48.34548563040316
ström,"Cavallin, Severin",6,186485,32.17416950424967
ström,"Cederberg, Björn",9,160355,56.12547160986561
ström,"Cederblad, Albert",5,67433,74.14767250456008
ström,"Cederborg, Carl August",9,99853,90.13249476730795
ström,"Cederborgh, Fredrik",25,644243,38.80523342900117
ström,"Cederman, Rosalba",7,81481,85.90959855671875
ström,"Cederqvist, August",10,161625,61.87161639597834
ström,"Cederström, Rudolf",1,27826,35.937612305038456
ström,"Christiernsson, Henrik",1,68651,14.566430204949674
ström,"Chronwall, Johan Henrik",4,51116,78.25338445887785
ström,"Chydenius, Karl",65,149994,433.3506673600277
ström,"Clementsson, C.",1,13775,72.59528130671507
ström,"Cleve, Alma",4,117475,34.049797829325385
ström,"Colling, Frithiof",4,31120,128.53470437017995
ström,"Columbus, Samuel",1,50848,19.666456891126494
ström,"Cramær, Mauritz",9,117364,76.6845029140111
ström,"Creutz, Gustaf Philip",1,21302,46.94394892498357
ström,"Cronhamn, Anders Fredrik",1,40444,24.725546434576206
ström,"Cronholm, Bernhard",7,139940,50.021437759039586
ström,"Cronstrand, Baltzar",19,139436,136.26323187699015
ström,"Crusenstolpe, Fredrik",7,321176,21.794903728796672
ström,"Crusenstolpe, Magnus Jacob",88,1801700,48.8427596159183
ström,"Cygnæus, Fredrik",83,322815,257.1132072549293
ström,"Cöster, Fredrik",18,109641,164.1721618737516
ström,"Dahl, Mattis",44,412666,106.6237586813549
ström,"Dahlander, Gustaf Robert",2,44786,44.65681239673112
ström,"Dahlbergh, Erik",41,148587,275.93261860055054
ström,"Dahlgren, Alta",4,32465,123.20961034960727
ström,"Dahlgren, Carl Fredric",81,381115,212.534274431602
ström,"Dahlgren, Fredrik August",29,1296307,22.37124384887222
ström,"Dahlgren, Johan H.",1,4877,205.0440844781628
ström,"Dahlgren, Lotten",8,122195,65.46912721469782
ström,"Dahlin, C. S.",8,44288,180.635838150289
ström,"Dahlqvist, J. P.",2,37595,53.198563638781756
ström,"Dahlström, Carl Andreas",4,38470,103.97712503249285
ström,"Dalman, Hilda",3,5571,538.5029617662897
ström,"Dalström, Kata",24,382442,62.75461377149999
ström,"Damm, Ivar",1,11443,87.38967054094206
ström,"Damm, Janne",10,281292,35.55024671871223
ström,"Danielsson, Axel",21,281487,74.60380053075275
ström,"Danielsson, Johan",1,49644,20.143421158649584
ström,"Dardel, Fritz von",24,245712,97.67532721234616
ström,"Darwin, Charles",92,433182,212.3818625889349
ström,"De Bèsche, Jean Wathier",8,56529,141.52028162536044
ström,"De Geer, Louis",23,487573,47.17242341146864
ström,"De Vylder, Gustaf",4,48639,82.2385328645737
ström,"Dehn, Ida",1,37496,26.669511414550886
ström,"Dickens, Charles",19,540488,35.15341691212386
ström,"Didring, Ernst",2,35523,56.30155110773302
ström,"Djurklou, Nils Gabriel",1,89057,11.228763600839912
ström,"Donner, Otto",2,12491,160.1152830037627
ström,"Douglass, Frederick",13,336092,38.67988526950954
ström,"Doyle, Arthur Conan",11,317586,34.63628749378121
ström,"Drake, Sigrid",1,217327,4.601361082608236
ström,"Drummond, Henry",1,12132,82.42664029014178
ström,"Dufva, Elias Walfrid",1,9681,103.29511414110112
ström,"Dunckel, Dorothea",7,240918,29.05552926721955
ström,"Durling, Maria",1,55831,17.911196288800127
ström,"Duse, Samuel August",8,183451,43.60837498841653
ström,"Dybeck, Richard",1,66563,15.023361326863272
ström,"Düben, Gustaf von",19,280522,67.73087315789849
ström,"Eberstein, Carl Christian",1,89661,11.15312120096809
ström,"Edelcrantz, Abraham Niclas",2,8250,242.42424242424244
ström,"Edelfelt, Johanna Catharina, f. Benzelstjerna",2,57416,34.83349588964749
ström,"Edenberg, Albert Anderson",68,686333,99.07727007152505
ström,"Edgren, Hjalmar",18,37279,482.8455698918962
ström,"Edwards, Amelia",4,64911,61.622837423549164
ström,"Egge, Oscar David",2,25581,78.18302646495445
ström,"Ehrenborg, Anna Fredrika",10,199937,50.01575496281328
ström,"Ehrenborg-Posse, Betty",18,276106,65.19235366127502
ström,"Ehrnrooth, Adelaide",27,466005,57.93929249686162
ström,"Eichhorn, Christoffer",14,122666,114.13105506008185
ström,"Ejserman, Jakob Samuel",4,49576,80.68420203324189
ström,"Ek, Karin",39,146644,265.95019230244674
ström,"Ekbohrn, Carl Magnus",14,246065,56.89553573242842
ström,"Ekeblad, Karl Johan",17,71881,236.50199635508687
ström,"Ekebohm, David",1,21175,47.22550177095631
ström,"Ekelund, Jacob",6,46695,128.493414712496
ström,"Ekelund, Vilhelm",127,1301987,97.5432166373397
ström,"Ekermann, Agnes",27,274026,98.53079634779182
ström,"Ekerot, Hjalmar",1,94950,10.531858873091101
ström,"Ekevall, Anders Fredrik",2,13913,143.75044922015383
ström,"Eklund, R. R.",1,5260,190.11406844106463
ström,"Ekman, Lotten",4,28567,140.02170336402142
ström,"Ekmarck, Carl Eric",10,64051,156.12558742252267
ström,"Ekmarck, Lars August",5,39190,127.58356723653993
ström,"Ekström, Carl Otto",10,305073,32.77903977080896
ström,"Ekström, Hedvig Aurora",4,189156,21.14656685487111
ström,"Elfving, Lars",1,11316,88.37044892188052
ström,"Elgenstierna, Gustaf",504,9471030,53.21490904368374
ström,"Elgström, Ossian",26,281299,92.42834137341406
ström,"Elgström, Per",14,104945,133.40321120586975
ström,"Elkan, Sophie",35,1077057,32.495958895397365
ström,"Ellmin, Johannes",2,13289,150.50041387613817
ström,"Elmblad, Magnus",21,98880,212.37864077669903
ström,"Elster, Otto",3,53951,55.606012863524306
ström,"Emanuelsson, Vendela",16,463020,34.555742732495354
ström,"Enander, Johan Alfred",11,65628,167.6113853842872
ström,"Enbom, Per Ulrik",1,26947,37.109882361672916
ström,"Eneberg, Karl Fredrik",2,24235,82.52527336496802
ström,"Eneroth, Carl",68,861555,78.9270563109726
ström,"Eneroth, Olof",4,39268,101.86411327289396
ström,"Engdahl, Axel",2,66822,29.930262488402022
ström,"Engelbert, Rolf",1,41955,23.83506137528304
ström,"Engström, Agnes",1,23155,43.18721658389117
ström,"Engström, Albert",25,354444,70.53300380313956
ström,"Engström, Gustaf",1,4326,231.16042533518262
ström,"Engström, Jon",40,346862,115.31963720442135
ström,"Ennes, Barthold Anders",82,261803,313.212606425442
ström,"Ericson, Alfred",5,8097,617.5126590095097
ström,"Ericsson, Olof Abraham",1,25139,39.778829706830024
ström,"Eriksson, E. W.",1,10992,90.97525473071325
ström,"Eriksson, Erik Gustaf",3,47606,63.01726673108432
ström,"Essen, Gustaf von",4,39673,100.8242381468505
ström,"Essen, Johan August von",2,60413,33.105457434658106
ström,"Essén, Ludvig",1,14230,70.27406886858749
ström,Eugénie,7,41997,166.6785722789723
ström,"Evers, Edvard",1,39964,25.02252026824142
ström,"Fagerlund, Gustaf Wilhelm",2,19514,102.49051962693451
ström,"Fahlcrantz, Axel Magnus",1,40294,24.817590708294038
ström,"Fahlcrantz, Christian Eric",5,46904,106.60071635681392
ström,"Fahlstedt, Amalia",12,144983,82.76832456219005
ström,"Falck, Alberta",2,4888,409.16530278232403
ström,"Falck, August",2,78704,25.411669038422442
ström,"Falk, Hugo",29,114461,253.36140694210255
ström,"Falkman, Charlotta",1,205708,4.861259649600404
ström,"Fallström, Daniel",16,162476,98.47608262143332
ström,"Fant, Johan Eric",21,597435,35.15026739310552
ström,"Fehr, Fredrik",2,6139,325.78595862518324
ström,"Feilitzen, Otto von",1,75453,13.25328350098737
ström,"Feilitzen, Urban von",2,50455,39.63928252898623
ström,"Fersen, Axel von",23,814046,28.253931596003174
ström,"Feuk, Carl Gustaf Theodor",1,11233,89.02341315766047
ström,"Fischer, Theodor",2,17013,117.55716217010522
ström,"Fitinghoff, Laura",5,298599,16.74486518709038
ström,"Fitzgerald, F. Scott",2,61859,32.331592815920075
ström,"Flodin, Johan Joakim",1,13349,74.91197842535021
ström,"Flodin, Ludvig",1,7727,129.41633234114144
ström,"Flodman, Anders",8,727913,10.99032439316237
ström,"Flygare, Edvard",10,195321,51.19777187296809
ström,"Flygare-Carlén, Emilie",176,5493966,32.0351454668631
ström,"Fogelholm, Axel",2,37756,52.97171310520182
ström,"Fogelqvist, Torsten",1,20150,49.62779156327544
ström,"Fornell, Bror Edvard",9,427572,21.049086469647218
ström,"Forsman, Karl Fredrik",28,52893,529.370616149585
ström,"Forssberg, Edvard August",1,10545,94.8316737790422
ström,"Forssell, Didrik Christian",2,46466,43.042224422158135
ström,"Forssell, Emil",8,68581,116.65038421720301
ström,"Forsslund, Karl-Erik",16,231222,69.19756770549515
ström,"Forssman, Edith",35,716693,48.835414884755394
ström,"Frank, Sten",2,95110,21.02828304068973
ström,"Franzén, Frans Michael",29,427605,67.8195998643608
ström,"Fredberg, Carl Rudolf A:son",3,31647,94.79571523367144
ström,"Fredin, Edvard",4,67725,59.06238464377999
ström,"Frese, Jacob",8,25844,309.5496053242532
ström,"Fridlund, Anders",1,6106,163.77333770062233
ström,"Friman, Jeanette Charlotta",12,267275,44.89757740155271
ström,"Frunck, Gudmund",6,189241,31.70560290846064
ström,"Frykholm, Maria Barbara",8,114913,69.61788483461402
ström,"Frykholm, Sunny",3,98036,30.601003712921784
ström,"Fryxell, Olof",19,199450,95.26197041865129
ström,"Fröding, Gustaf",13,178104,72.99106140232674
ström,"Furuhjelm, August Leonhard",2,36425,54.9073438572409
ström,"Furuhjelm, Maria",10,305890,32.69149040504757
ström,"Fåhræus, Klas",2,9979,200.42088385609782
ström,"Fåhræus, Olof Immanuel",1,8157,122.59409096481549
ström,"Gadelius, Bror",7,197298,35.47932569007288
ström,"Gadolin, Sara Carolina",1,24254,41.230312525768944
ström,"Geijer, Erik Gustaf",196,4255809,46.054698413392146
ström,"Geijerstam, Gustaf af",84,1634054,51.405889891031755
ström,"Gellerstedt, Albert Theodor",3,41357,72.53911067050318
ström,"Gernandt-Claine, Jane",20,243832,82.02368844122182
ström,"Gestrin, Mathilda",5,257351,19.428717976615594
ström,"Gethe, Carl",1,16285,61.406202026404664
ström,"Giertz, Theodor",4,37772,105.89854918987609
ström,"Gille, Elsa",2,45578,43.88081969371188
ström,"Goethe, Johann Wolfgang von",5,105706,47.301004673339264
ström,"Goncourt, Edmond de",7,157664,44.39821392327988
ström,"Gottman, Georg August",16,14798,1081.2271928639004
ström,"Govenius, Lars Johan",45,895930,50.22713828089248
ström,"Grafström, Frithiof",18,56877,316.47238778416585
ström,"Granath, Wilhelm",279,4318088,64.61193009498649
ström,"Granberg, Johan",2,35561,56.241388037456765
ström,"Granberg, Per Adolf",10,33715,296.60388551090017
ström,"Granfelt, Axel Fredrik",4,38718,103.31112144222325
ström,"Granfelt, George",3,13641,219.92522542335607
ström,"Granholm, J.",2,70485,28.374831524437823
ström,"Granlund, O. F.",1,4430,225.73363431151242
ström,"Gravallius, Wilhelmina",30,957722,31.324330024787987
ström,"Gravander, Lars Fredric",6,27033,221.9509488403063
ström,"Grebst, William A:son",12,55567,215.95551316428816
ström,"Grimm, Jacob",3,312708,9.593614490195327
ström,"Gripenberg, Alexandra",2,161312,12.398333663955565
ström,"Gripenhielm, Carl",4,10407,384.3566830018257
ström,"Gräf, Hans Gerhard",3,35604,84.26019548365352
ström,"Gråbergh, Otto",1,33001,30.302112057210387
ström,"Grönlund, Karl",1,9206,108.62480990658267
ström,"Grönstedt, Johan",3,263481,11.386020244343994
ström,"Grönwall, Wilhelmina",5,107919,46.33104457973109
ström,"Gullberg, Gustaf Teodor ",1,52618,19.00490326504238
ström,"Gullbrandssen, Emilia",2,140190,14.266352806904914
ström,"Gumælius, Gustaf Wilhelm",3,106487,28.172452975480574
ström,"Gustafsson, Richard",37,393052,94.13512715874744
ström,"Gylander, Ebba Karolina",1,42516,23.520556966788973
ström,"Gyllenhaal, Aurore",7,199328,35.11799646813293
ström,"Gyllenhaal, Mathilda",1,8527,117.27453969743169
ström,"Gyllenius, Petrus",6,135528,44.271294492650966
ström,"Gällstedt, Per Johan",1,82482,12.123857326446982
ström,"Gérard, Jean Ignace Isidore",2,99295,20.14200110781006
ström,"Gödecke, Peter August",9,73357,122.68767806753274
ström,"Götberg, Reinhold",2,62296,32.10479003467317
ström,"Göthe, Georg",8,73561,108.75327959108768
ström,"Götlind, Johan",7,136741,51.1916689215378
ström,"Hackzell, Emilie",4,413990,9.66206913210464
ström,"Hagberg, Carl August",3,44710,67.09908297919928
ström,"Hagberg, Fredrik Theodor",2,6564,304.69226081657524
ström,"Hagberg, J. A.",1,487,2053.388090349076
ström,"Hagberg, Louise",8,307039,26.055321962356572
ström,"Haglöf, Karl",3,3873,774.5933384972889
ström,"Hagström, K. A.",23,1026078,22.41544989757114
ström,"Hagström, Tore",40,647980,61.730300317911045
ström,"Hahn, C. von",1,47419,21.088593179948965
ström,"Hall, Wilhelm",2,8480,235.8490566037736
ström,"Hallbäck, Henric",8,80304,99.62143853357243
ström,"Hallenborg, Carl",2,36757,54.41140463041054
ström,"Hallenborg, Eleonora Charlotta Filippina Fredrika Lovisa",1,42335,23.62111727884729
ström,"Hallman, Axel",11,82887,132.7107990396564
ström,"Hallonlöf, Axel",6,45803,130.99578630220728
ström,"Hamilton, Knut",1,6337,157.80337699226763
ström,"Hammarin, Johan",16,415181,38.53740898547862
ström,"Hammarsköld, Lorenzo",13,508812,25.549711877864517
ström,"Hammarström, Anders August",1,6874,145.47570555717195
ström,"Hamsun, Knut",3,48503,61.8518442158217
ström,"Hanselli, Per",5,140420,35.607463324312775
ström,"Hansson, Ola",25,565301,44.22422744697073
ström,"Hansson, Stina",1,88498,11.299690388483356
ström,"Hansén, M.",1,13448,74.360499702558
ström,"Harrison, Mary St. Leger Kingsley",14,185623,75.42168804512372
ström,"Hartelius, Truls Johan",3,27321,109.80564401010211
ström,"Hasselberg, Sofia",1,9378,106.63254425250587
ström,"Hasselblad & Co., Fritz W.",27,203553,132.6435866825839
ström,"Hasselgren, Andreas",3,69844,42.95286638795029
ström,"Hasselskog, Nils",23,255325,90.08126897091941
ström,"Hazelius, Artur",19,77745,244.38870666923918
ström,"Hebbe, Wendela",20,287495,69.56642724221291
ström,"Hedberg, Frans",100,1980962,50.48052410899351
ström,"Hedberg, John",13,30794,422.1601610703384
ström,"Hedberg, Tor",21,465602,45.102899042529884
ström,"Hedborn, Samuel",10,62846,159.1191165706648
ström,"Hedenstierna, Alfred",48,1437853,33.38310661799224
ström,"Hedin, Greta",6,161322,37.19269535463235
ström,"Hedin, Sven",355,2332042,152.22710397154083
ström,"Hedlund, Sven Adolf",1,49090,20.370747606437156
ström,"Hedvall, Yngve",13,267199,48.65287669489781
ström,"Hedvig Elisabet Charlotta, hertiginna och drottning av Sverige",24,882900,27.183146449201494
ström,"Heidenstam, Verner von",41,1060212,38.6715109808227
ström,"Hellberg, Johan Carl",1,29907,33.43698799612131
ström,"Heller, Frank",25,685394,36.475370370910746
ström,"Helvig, Amalia von",7,77907,89.85071944754644
ström,"Hemgren, Karl",5,21800,229.3577981651376
ström,"Hemmer, Jarl",4,51141,78.21513071703721
ström,"Henriksson, Johannes",2,75170,26.60635891978183
ström,"Hernlund, Hugo",7,139274,50.26063730488102
ström,"Herslow, G. A.",3,60794,49.346975030430634
ström,"Hertzberg, Rafaël",36,277692,129.64003284214166
ström,"Heurgren, Paul",8,92804,86.20318089737512
ström,"Hildebrand, Emil",6,258026,23.253470580484137
ström,"Hildebrand, Hans",1,38520,25.96053997923157
ström,"Hjelm, Runo",15,223295,67.17570926353031
ström,"Hjerta, Gustaf",1,7944,125.88116817724068
ström,"Hjohlman, Hjalmar",3,55038,54.507794614629894
ström,"Hjorth, Ellis",3,52329,57.32958780026372
ström,"Hjorth, Richard",3,72697,41.26717746261882
ström,"Hjärne, Christina Charlotta",1,12731,78.54842510407666
ström,"Hjärne, Rudolf",8,170067,47.040284123316106
ström,"Hodell, Frans",1,24780,40.35512510088781
ström,"Hofberg, Herman",114,1583749,71.98110306620556
ström,"Hoffmann, Franz",7,154897,45.19132068406748
ström,"Hofsten, Johanna Christina von",26,801558,32.43682927498696
ström,"Hollander, Sven August",4,45539,87.83679922703617
ström,"Holmberg, Axel Emanuel",3,96806,30.989814680908207
ström,"Holmberg, Teodor",11,91248,120.55058741013502
ström,"Holmes, Ludvig",17,57410,296.11565929280613
ström,"Holmgren, Ann Margret",10,124392,80.39102193067079
ström,"Holmgren, Frithiof",37,107290,344.8597259763258
ström,"Holmkvist, Albert",2,78188,25.579372793779097
ström,"Holmström, C. F. A.",6,101206,59.285022627116966
ström,"Hortling, Ivar",3,31979,93.81156383876919
ström,"Hoving, Folke",2,19414,103.01844030081385
ström,"Hoving, Isac Wilhelm",1,17466,57.25409366769724
ström,"Hultgren, Gustaf",1,56485,17.7038151721696
ström,"Hulth, Johan",1,14759,67.75526797208482
ström,"Hultin, Constance",5,211848,23.601827725539067
ström,"Hultin, Måns",9,104686,85.9713810824752
ström,"Humble, Julius",1,29616,33.765532144786604
ström,"Hvalgren, Emanuel",5,26650,187.6172607879925
ström,"Hwasser, Israel",1,151164,6.615331692731074
ström,"Hydén, Nils",33,600689,54.93691411029668
ström,"Hyltén-Cavallius, Gunnar Olof",20,447526,44.690140908014286
ström,"Hyvönen, Kristina",1,7239,138.1406271584473
ström,"Hägerström, Axel",1,63718,15.694152358831099
ström,"Hässler, Otto",5,401643,12.448866281747721
ström,"Häthén, Johan Anselm",16,100609,159.0314981761075
ström,"Håhl, Johan Isaac",15,366984,40.87371656529985
ström,"Hård af Segerstad, Carl Gustaf Albrekt",3,17574,170.7067258449983
ström,"Hærén, Mortimer",2,41076,48.69023273931249
ström,"Högberg, Olof",15,342748,43.76393151819996
ström,"Höggren, Fanchette",1,117916,8.480613317955154
ström,"Höglund, Hjalmar",15,52771,284.24702961854047
ström,"Högman, August",5,82592,60.53855094924448
ström,"Högström, Erik",5,21820,229.14757103574703
ström,"Höijer, Johan Leonard",2,58891,33.96104667945866
ström,"Hökerberg, Thea",1,5209,191.9754271453254
ström,"Höpken, Anders Johan von",25,465537,53.701424376580164
ström,"Hülphers, Abraham Abrahamsson",21,59439,353.3033866653208
ström,"Ibsen, Henrik",11,172802,63.6566706403861
ström,"Idman, Carl Johan",1,12060,82.91873963515755
ström,"Idström, Ellen",7,240165,29.146628359669393
ström,"Inberg, Fredrik Leonard",2,8228,243.07243558580456
ström,"Indebetou, Hedvig",3,72245,41.52536507716797
ström,"Indebetou, Johan Govert",2,39103,51.146970820653145
ström,"Ingelius, Axel Gabriel",17,406515,41.81887507226055
ström,"Ingelman, Georg Gabriel",11,166856,65.92510907608957
ström,"Iser, Carl",1,13308,75.14277126540426
ström,"Ivendorff, Carl Johan",2,78318,25.536913608621262
ström,"Jacobson, Harald",19,68191,278.6291446085261
ström,"Jacobsson, Christoffer Fritz",11,94800,116.03375527426161
ström,"Jacobsson, Jacob Thimoteus",3,50548,59.34952916040199
ström,"Jaenzon, Anders Peter",2,5584,358.1661891117478
ström,"Jahnsson, Evald Ferdinand",2,138548,14.435430320177845
ström,"James, D.",29,311224,93.18047451353367
ström,"Janson, Betty",11,301130,36.52907382193737
ström,"Janson, Gustaf",6,218309,27.483979130498515
ström,"Janzon, Gustaf",3,37302,80.4246421103426
ström,"Jensen, Alfred",3,26471,113.33157039779381
ström,"Johanson, Klara",15,269173,55.72624297384953
ström,"Johansson, Johannes",13,77724,167.25850445164943
ström,"Johansson, Konrad",3,13105,228.9202594429607
ström,"Johnson, John",45,695158,64.733485049442
ström,"Jolin, Ellen",6,82543,72.68938613813407
ström,"Jolin, Johan",75,1428470,52.50372776467129
ström,"Jonsson, Hans Jonas Bernhard",1,6420,155.76323987538942
ström,"Jonsson, Thorsten",26,311386,83.49765243138741
ström,"Josephson, Ernst",5,22674,220.5168915938961
ström,"Josephson, Ludvig",10,134746,74.21370578718478
ström,"Jouvin, Maria",10,27905,358.35871707579287
ström,"Juhler, Charlotta Amalia",2,27035,73.97817643795081
ström,"Juringius, Johan Paul",3,9676,310.0454733360893
ström,"Juringius, Sofia Maria",1,123470,8.099133392726978
ström,"Jäderin, Axel",5,81045,61.69412055031155
ström,"Jändel, Ragnar",17,240187,70.77818533059657
ström,"Järta, Hans",4,129571,30.871105417107223
ström,"Jænisch, Alexander",5,97007,51.542672178296414
ström,"Kamke, Hanna",2,76341,26.198242097955227
ström,"Kantzow, Edvard Bosanquet S:t George de",3,18050,166.2049861495845
ström,"Karadja, Mary",2,34514,57.947499565393755
ström,"Karl XI, kung av Sverige",2,40516,49.36321453253036
ström,"Karl XV, kung av Sverige",10,67215,148.77631481068215
ström,"Karlberg, Gustaf",2,43170,46.328468844104705
ström,"Karlfeldt, Erik Axel",34,193894,175.35354368881966
ström,"Kellgren, Johan Henric",1,43249,23.121921894147842
ström,"Kellmodin, Frithiof",10,48882,204.57428092140256
ström,"Kemner, Gustaf Wilhelm",1,6076,164.58196181698486
ström,"Kerfstedt, Amanda",26,672155,38.68155410582381
ström,"Kerfve, Axel",105,1394284,75.30746964033152
ström,"Key, Ellen",13,517640,25.113978826984006
ström,"Key, Gustaf",5,20925,238.94862604540023
ström,"Key, Helmer",2,27372,73.06736811340056
ström,"Key-Rasmussen, Hedda",2,27816,71.90106413574921
ström,"Keyland, Nils",16,313867,50.97700618414806
ström,"Keyser, Hilda Fredrika",23,378660,60.740505994823856
ström,"Kiechel, Samuel",2,15043,132.95220368277603
ström,"Kiellman-Göranson, Julius Axel",84,1984954,42.31836103002891
ström,"Kinberg, August",1,7480,133.6898395721925
ström,"Kinninmundt, Sophie Henriette",1,14650,68.25938566552901
ström,"Kipling, Rudyard",33,334573,98.63318319171003
ström,"Kjellander, Ernst Jonas Fredrik",1,82121,12.177153225119032
ström,"Kjellberg, Isidor",1,68685,14.559219625828055
ström,"Kjellenberg, Matthias",8,75592,105.83130489998942
ström,"Kjellgren, Josef",26,289746,89.73376681645303
ström,"Kjellstedt, Harald",3,12270,244.49877750611248
ström,"Kjellstrand, Johan Fredrik",5,12113,412.779658218443
ström,"Kjellén, Rudolf",2,5302,377.2161448509996
ström,"Kjersén, Elis",4,5723,698.9341254586756
ström,"Kleman, Ellen",1,37650,26.56042496679947
ström,"Klemming, Gustaf Edvard",48,673781,71.23976484940953
ström,"Klinckowström, Axel",5,50191,99.61945368691597
ström,"Klinckowström, Rudolf Mauritz",2,7751,258.0312217778351
ström,"Klockhoff, Daniel",16,161786,98.89607258971728
ström,"Kléen, Emil",16,109423,146.22154391672683
ström,"Knorring, Sophie von",14,1296030,10.802219084434775
ström,"Knutsson, Albertina",1,10887,91.8526683200147
ström,"Knös, Thekla",1,174573,5.728262675213235
ström,"Koch, Ebba von",1,57178,17.489244114869354
ström,"Koch, Martin",50,442498,112.994860993722
ström,"Koch, Richert von",26,553374,46.98449872961144
ström,"Kock, Carl Anton",1,8177,122.29423994129877
ström,"Krok, Johan Peter",3,155292,19.318445251526157
ström,"Kronqvist, Olivia",1,12486,80.08970046452026
ström,"Krook, Axel",21,505482,41.54450603582323
ström,"Krook, Herman Salomon",3,73168,41.00153072381369
ström,"Krook, Nathalia",2,6256,319.693094629156
ström,"Kruse, Sigrid",4,31330,127.67315671879987
ström,"Krusenstjerna, Agnes von",75,1272288,58.94891722628839
ström,"Krusenstjerna, Fredrik von",2,31371,63.7531478116732
ström,"Kræmer, Anders Robert von",24,75135,319.4250349371132
ström,"Kræmer, Lotten von",61,240151,254.00685402101178
ström,"Kræmer, Vera von",7,269227,26.00036400509607
ström,"Kullberg, Carl A.",11,49463,222.38845197420295
ström,"Kullberg, Karl Anders af",56,1320947,42.39382806425996
ström,"Kullgren, Karl E.",3,10694,280.5311389564242
ström,"Kullgren, Olga",10,18644,536.3655867839519
ström,"Kuylenstierna-Wenster, Elisabeth",7,131767,53.12407507190723
ström,"Kämpe, Alfred",11,221984,49.55312094565374
ström,"Kärrström, E. J.",1,27653,36.16244168806278
ström,"Lagerberg, Swen",40,122556,326.3814093149254
ström,"Lagerbring, Gustaf",9,103862,86.6534439929907
ström,"Lagergren, Carl",4,16540,241.8379685610641
ström,"Lagergren, Claes",2,34748,57.55726948313572
ström,"Lagerhjelm, Agnes",2,47239,42.33789877008404
ström,"Lagerlöf, Hedvig",2,84898,23.557680981884143
ström,"Lagerlöf, Selma",202,4219670,47.871042048311836
ström,"Lagerlöw, Emil",2,11005,181.7355747387551
ström,"Lagerman, J.",2,22871,87.44698526518299
ström,"Lagerström, Selma",2,15092,132.520540683806
ström,"Lagervall, Gustaf Fredrik",2,34850,57.38880918220947
ström,"Lagus, Gabriel",6,81704,73.43581709585823
ström,"Lahng, Lars Herman",2,10587,188.91092849721358
ström,"Lamberg, Adalbert",1,1754,570.1254275940707
ström,"Lamm, Gustaf M.",1,10267,97.39943508327652
ström,"Lamm, Martin",17,219178,77.56252908594841
ström,"Landahl, Martin",13,146745,88.58904903063137
ström,"Landberg, Carlo",1,10740,93.10986964618249
ström,"Landquist, Ellen",2,44571,44.87222633550964
ström,"Landqvist, Rudolf",4,38814,103.05559849538827
ström,"Lange, Ina",2,120439,16.605916688115975
ström,"Langlet, Mathilda",12,730687,16.422900640082553
ström,"Lannerstjerna, Johan Magnus",2,42628,46.917519001595196
ström,"Larsson, Carl",4,106489,37.56256514757393
ström,"Larsson, Hans",7,132200,52.9500756429652
ström,"Larsson, Leon",4,22591,177.06166172369527
ström,"Laurén, Ludvig Leonard",18,72075,249.7398543184183
ström,"Leffler, Anne Charlotte",22,483270,45.52320648912616
ström,"Leijonhufvud, Sigrid",10,114591,87.26688832456301
ström,"Leinberg, Karl Gabriel",4,111514,35.86993561346557
ström,"Leistenius, Jacob Gabriel",21,151097,138.98356684778653
ström,"Lenngren, Anna Maria",1,54645,18.299935950224175
ström,"Lennstrand, Viktor E.",8,72489,110.36157210059457
ström,"Leopold, Carl Gustaf af",1,5628,177.68301350390902
ström,"Leufstedt, Gustaf Joakim",2,105646,18.931147416844937
ström,"Levart, Johan",5,74990,66.67555674089878
ström,"Levertin, Oscar",59,563813,104.64462507959199
ström,"Levin, August Henrik",4,39352,101.64667615368977
ström,"Levin, Carl Herman",2,48113,41.56880676740174
ström,"Lewald, August",8,91769,87.1754078174547
ström,"Lewenhaupt, Adam",25,1160323,21.54572476801718
ström,"Lidback, Paul Gustaf Andreios",4,90611,44.14475063733984
ström,"Lidforss, Bengt",3,19597,153.08465581466552
ström,"Liedbeck, Carl Harald",3,18771,159.821000479463
ström,"Liedbeck, Jetta",6,25121,238.84399506389076
ström,"Lilja, Nils",7,103547,67.60215167991348
ström,"Lilliecrona, Casper Henning",3,9556,313.9388865634157
ström,"Lilliestierna, August Edvard",3,83278,36.02391988280218
ström,"Lilljebjörn, Elisabeth",2,48109,41.57226298613565
ström,"Limborg, Ossian",7,142379,49.164553761439535
ström,"Linck, Emma Elisabeth",7,182760,38.30159772379076
ström,"Linck, Josef",1,34819,28.71995175048106
ström,"Lind, Carl",8,116442,68.70373233025884
ström,"Lind, Christer",1,5078,196.92792437967705
ström,"Lind, Erik Henrik",1,224146,4.461377851935792
ström,"Lindahl, Sven Peter August",1,21318,46.908715639365795
ström,"Lindbeck, Clas",2,4671,428.17383857846283
ström,"Lindberg, Erik Magnus",3,17659,169.8850444532533
ström,"Lindberg, Otto Emil",1,29295,34.135518006485746
ström,"Lindberg, Per",33,524704,62.89260230529975
ström,"Lindblad, Adolf",2,27336,73.16359379572725
ström,"Lindblad, Elis Wilhelm",6,79096,75.8571862041064
ström,"Lindblad, Johan Michael",12,106424,112.75652108546944
ström,"Lindblom, Edel",2,93988,21.279312252627996
ström,"Lindbäck, Olof",2,26587,75.22473389250385
ström,"Lindeberg, Anders",51,420459,121.29601221522194
ström,"Lindeblad, Assar",5,116008,43.100475829253156
ström,"Lindell, Olof",1,7718,129.5672454003628
ström,"Linder, Marie",1,52998,18.86863655232273
ström,"Linder, Sten",2,185504,10.781438675176815
ström,"Lindfors, Otto",6,68693,87.34514433785102
ström,"Lindgren, Anders",1,32577,30.69650366823219
ström,"Lindgren, Hellen",10,42817,233.55209379452086
ström,"Lindgren, Ida",1,41886,23.874325550303205
ström,"Lindgren, Martin",3,105917,28.324065069818822
ström,"Lindh, Theodor",22,91213,241.19368949601483
ström,"Lindholm, Charlotte",4,22423,178.38826205235696
ström,"Lindholm, Fredrik",4,289127,13.834750818844315
ström,"Lindholm, Per August",14,479022,29.226215079891947
ström,"Lindholm, Valdemar",11,85450,128.73025160912815
ström,"Lindhé, Wilma",25,635336,39.349257715602455
ström,"Lindkvist, Alfred",3,141703,21.171040838937778
ström,"Lindman, Volmar",6,102515,58.5280202897137
ström,"Lindorm, Erik",9,80816,111.36408631954069
ström,"Lindqvist, Fredrika Lovisa",1,20239,49.40955580809329
ström,"Lindqvist, Gustaf",5,87979,56.83174393889451
ström,"Lindqvist, Josef",33,733103,45.01413853169336
ström,"Lindqvist, Märta",2,63252,31.61955353190413
ström,"Lindqvist, Uno Leopold",1,90064,11.103215491206253
ström,"Lindskoug, Anders",7,28229,247.97194374579334
ström,"Lindström, Sigfrid",7,116360,60.158129941560674
ström,"Ling, Per Henrik",19,492118,38.608626386354494
ström,"Linnarsson, Linnar",32,500119,63.98477162435341
ström,"Linnerhielm, Jonas Carl",92,256311,358.93894526571233
ström,"Lipmanson, Leopold",2,2912,686.8131868131868
ström,"Lithander, Johan Georg",1,14842,67.37636437137851
ström,"Ljungberg, Eva",7,147072,47.59573542210618
ström,"Ljungberg, Per Adolf",13,171664,75.72933171777426
ström,"Ljunggren, Albert Gustaf",8,98892,80.89633135137322
ström,"Ljunggren, Algot",1,5844,171.11567419575633
ström,"Ljunggren, C. Aug.",1,47444,21.077480819492454
ström,"Ljunggren, Gustaf",99,1909848,51.83658594820111
ström,"Ljunglöf, Emanuel",9,15564,578.2575173477255
ström,"Ljungstedt, Aurora",97,2310610,41.98025629595648
ström,"Lloyd, Llewellyn",7,136804,51.16809450016081
ström,"Londen, Lilly",3,70211,42.72834740995001
ström,"Lovén, Nils",5,19487,256.5813106173346
ström,"Lund, Sigurd",8,19330,413.86445938954995
ström,"Lundberg, Emilie",4,93190,42.923060414207534
ström,"Lundberg, Johan Fredrik",1,7065,141.54281670205236
ström,"Lundberg, Theo",5,10154,492.4167815639157
ström,"Lundberg-Nyblom, Ellen",3,9358,320.5813207950417
ström,"Lundeblom, Richard",15,121644,123.31064417480516
ström,"Lundegård, Axel",63,997912,63.13181923857013
ström,"Lundegård, Karl",5,24607,203.19421302881295
ström,"Lundequist, Nils Wilhelm",2,65002,30.768284052798375
ström,"Lundequist, Sophie",3,33250,90.22556390977444
ström,"Lundgren, Elam",1,6541,152.88182235132243
ström,"Lundgren, Johan Erik",2,12967,154.23768026528882
ström,"Lundgren, Nils August",2,13398,149.27601134497687
ström,"Lundin, Anders",27,117497,229.79310110045364
ström,"Lundin, August",9,200208,44.95324862143371
ström,"Lundin, Claës",28,630197,44.430551081645895
ström,"Lundius, Nicolaus Andreas",3,16833,178.22135091783997
ström,"Lundmark, Janne",2,11704,170.88174982911826
ström,"Lundquist, Aurora",15,300269,49.95520683120802
ström,"Lundquist, Ernst",40,1133848,35.27809724054723
ström,"Lundstedt, Bernhard",85,784763,108.31295563119056
ström,"Lundström, A.",5,11579,431.8162190171863
ström,"Lundström, Enni",1,31551,31.69471649076099
ström,"Lundström, Georg",14,72582,192.8852883635061
ström,"Lundström, Ingeborg",2,72982,27.404017428955086
ström,"Lundström, Isidor",1,46261,21.616480404660514
ström,"Lundström, Mathilda",8,360084,22.21703824663134
ström,"Lundström, Vilhelm",5,23072,216.7128987517337
ström,"Lunell, Lars",7,156052,44.85684259093123
ström,"Lybeck, Mikael",20,355293,56.29156780460071
ström,"Lyckow, Gustaf",3,43595,68.81523110448445
ström,"Læstadius, Petrus",47,150434,312.4293710198492
ström,"Lénström, Carl Julius",41,594590,68.95507828924133
ström,"Löfgren, Eliel",3,103123,29.091473289178943
ström,"Löfgren, Nils Isak",9,302305,29.77125750483783
ström,"Löfving, Concordia",11,103786,105.98732006243617
ström,"Löhman, Lars Vilhelm",12,66952,179.2328832596487
ström,"Lönnbeck, Gustaf Ferdinand",2,11177,178.93889236825623
ström,"Lönnberg, Mathilda",48,816900,58.75872199779655
ström,"Magalotti, Lorenzo",1,61692,16.20955715489853
ström,"Magnell, Carl Jakob",6,33616,178.48643503093766
ström,"Magnell, Ernst",1,20809,48.05612955932529
ström,"Magnussen, Johan Peter",2,9533,209.7975453687192
ström,"Mallander, Gustaf Richard",2,112088,17.84312326029548
ström,"Malling, Mathilda",10,500989,19.96051809520768
ström,"Mallén, Elias Emanuel",3,25148,119.29378081756005
ström,"Malmgren, Thure",3,97568,30.747786159396522
ström,"Malmquist, Frithiof",5,25594,195.3582870985387
ström,"Malmqvist, Anna Elisabeth",1,28818,34.70053438822958
ström,"Malmström, Bernhard Elis",26,163620,158.90477936682558
ström,"Malmström, Karl Robert",6,82779,72.4821512702497
ström,"Mankell, Julius",12,30340,395.5174686882004
ström,"Mannerfelt, Otto",1,28214,35.44339689515843
ström,"Marholm, Laura",2,42138,47.463097441739045
ström,"Marin, Otto Ulrik",16,174931,91.46463462736736
ström,"Martinsson, Herman",1,5114,195.54165037152913
ström,"Matsson, John Sigfrid",1,2072,482.6254826254826
ström,"Mattsson, Sven",5,84392,59.247322021044646
ström,"Meijer, Bernhard",40,543470,73.6011187370048
ström,"Melander, Richard",62,583868,106.18838504593504
ström,"Melefors, Evert",1,70716,14.141071327563775
ström,"Melin, Karl Alfred",4,38446,104.04203298132445
ström,"Mellin, Gustaf Henrik",220,2729891,80.58929825403285
ström,"Melsted, Ingemar von",2,13130,152.32292460015233
ström,"Meyer, Albertine",26,335249,77.55429546396857
ström,"Meyer, Ernst",57,823782,69.19306321332586
ström,"Meyer, Gustaf",13,159471,81.51952392598027
ström,"Meyer, Philipp Joel",5,30894,161.8437237003949
ström,"Meyerson, Gerda",2,97420,20.529665366454527
ström,"Michelsen, Albert Christian",1,8923,112.0699316373417
ström,"Mickwitz, Gerda von",6,168663,35.57389587520677
ström,"Milow, Cecilia",3,87317,34.3575706907017
ström,"Moberg, Nenne",2,49321,40.55067821009306
ström,"Modin, Johan Engelbrekt",22,314090,70.04361807125346
ström,"Modin, Victor",4,24567,162.82004314731142
ström,"Molander, Harald",7,254305,27.526002241403038
ström,"Molin, Lars",2,53819,37.16159720544789
ström,"Molin, Pelle",29,59495,487.43591898478866
ström,"Moll, Viktor",5,24438,204.5993943857926
ström,"Montgomery, Lucy Maud",8,346758,23.07084479665934
ström,"Montgomery-Cederhielm, Robert",9,33543,268.31231553528306
ström,"Montén, R. A.",2,73222,27.31419518723881
ström,"Mortensen, Johan",23,392455,58.60544521027889
ström,"Munthe, Axel",8,519572,15.397288537488548
ström,"Murberg, Johan",1,5272,189.6813353566009
ström,"Myrberg, Anna",7,103512,67.62500966071566
ström,"Möller, Arthur",1,24062,41.55930512841825
ström,"Möller, Fredrika",1,34778,28.753809879809076
ström,"Mörne, Arvid",4,96724,41.354782680617014
ström,"Mörner, Birger",2,42975,46.53868528214078
ström,"Mörner, J.C.A.",6,149517,40.129216075763956
ström,"Mörtengren, Frans",1,11394,87.76549060909251
ström,"Naumann, Mathilda",4,133894,29.87437823950289
ström,"Neander, John",1,31975,31.27443315089914
ström,"Nerman, Gustaf",1,8002,124.96875781054736
ström,"Nervander, Emil",8,203722,39.26920018456524
ström,"Nervander, Johan Jakob",20,95994,208.3463549805196
ström,"Nettelbladt, Lovisa Mathilda",2,121172,16.505463308355065
ström,"Nicander, Karl August",30,617227,48.604484249716876
ström,"Nilsdorff, Heddi",2,7904,253.03643724696357
ström,"Nilsson, Albert",21,135571,154.90038430047724
ström,"Nilsson, Ernst",2,11290,177.14791851195747
ström,"Nilsson, Lars",1,25117,39.81367201496994
ström,"Nilsson, Nils Peter",1,18411,54.3153549508446
ström,"Nissen, Carl",10,84972,117.6858259191263
ström,"Nonnen, Emily",26,356010,73.03165641414567
ström,"Nordenadler, Ebba",1,58095,17.213185299939752
ström,"Nordenberg, Anders",4,5800,689.6551724137931
ström,"Nordenhielm, Sven",4,13856,288.6836027713626
ström,"Nordenskiöld, Adolf Erik",27,297785,90.66944271874003
ström,"Nordenskiöld, Gustaf",1,171081,5.845184444795155
ström,"Nordensvan, Georg",60,846003,70.92173432009106
ström,"Nordin, Albert",5,141167,35.41904269411406
ström,"Nordin, Jonas",1,196759,5.082359637932699
ström,"Nordlander, Johan",3,133066,22.54520313228022
ström,"Nordling, Johan",21,180102,116.60059299730153
ström,"Nordlund, Johan",13,239575,54.262756965459666
ström,"Nordlund, Sigrid",1,21761,45.953770506870086
ström,"Nordmann, Petrus",3,95979,31.25683743318851
ström,"Nordström, Ester Blenda",25,408622,61.18123840615532
ström,"Nordström, Ludvig",20,343585,58.2097588660739
ström,"Nordström, Wilhelmina",10,37324,267.9241238881149
ström,"Noreen, Adolf",3,175580,17.086228499829136
ström,"Noreen, Erik Adolf",2,24378,82.0411846747067
ström,"Norlander, Emil",17,207383,81.97393228953193
ström,"Norlin, Mauritz",30,215224,139.38965914582016
ström,"Norling, Börje",35,120941,289.39730943187175
ström,"Norman, Carl",4,54946,72.79874786153678
ström,"Norman, Erik",6,4636,1294.2191544434859
ström,"Norström, Vitalis",16,240646,66.4877039302544
ström,"Noræus, Sophia",2,10829,184.6892603195124
ström,"Norén, Victor",2,15949,125.39971158066336
ström,"Numers, Hedvig von",10,286710,34.87844860660598
ström,"Nyberg, Johan Peter",9,166791,53.959746029462025
ström,"Nyberg, Julia Christina",26,147532,176.2329528509069
ström,"Nyberg, Sigfrid",20,152256,131.35771332492644
ström,"Nyblom, Carl Rupert",7,95963,72.9447808009337
ström,"Nyblom, Helena",63,1055882,59.66575810554588
ström,"Nyblom, Lennart",2,24080,83.05647840531562
ström,"Nyblæus, Gustaf",4,94839,42.176741635824925
ström,"Nybom, Johan",17,151866,111.9407899068916
ström,"Nycander, Fredrik",12,131669,91.13762540916997
ström,"Nygren, Anders Johan",2,76609,26.10659322011774
ström,"Nyholm, C. A. G.",2,81321,24.5938933362846
ström,"Nylander, Conrad Wilhelm",2,70666,28.302153793903717
ström,"Nylén, Pehr Gustaf",8,65897,121.40158125559586
ström,"Nyström, Ludvig",8,278010,28.775943311391675
ström,"Nèlson, Johannes Fredrik",17,299170,56.82387939967243
ström,"Odel, Anders",1,5315,188.14675446848543
ström,"Odén, Klas",10,645415,15.493907021063967
ström,"Ohlson, Carl Otto",2,30264,66.08511763150939
ström,"Oldberg, Anders Fredrik Nathanael",2,12591,158.84361845762845
ström,"Olivecrona, Rosalie",5,88826,56.289825051223744
ström,"Olofsson, Klas",9,258407,34.82877785818496
ström,"Olsson, August",3,16451,182.3597349705185
ström,"Olsson, Helmer",4,125676,31.82787485279608
ström,"Olsson, Johannes",6,108979,55.056478771139396
ström,"Olán, Olivus",1,13252,75.46030787805614
ström,Omar Khayyam,2,44187,45.262181184511284
ström,"Omberg, Johan Martin",1,22583,44.28109639994686
ström,"Ongelin, Hanna",13,254015,51.17808003464362
ström,"Oskar II, kung av Sverige och Norge",28,140073,199.89576863492607
ström,"Oswald, Gösta",5,43590,114.70520761642578
ström,"Oterdahl, Jeanna",12,257105,46.673538048657164
ström,Ovidius,15,155332,96.5673525094636
ström,"Oxenstierna, Johan Gabriel",11,141521,77.72698044813137
ström,"Oxenstierna, Mårten Gabriel Leijonsköld",63,676468,93.13079110911382
ström,"Paban, August Theodor",1,59259,16.875073828448
ström,"Palm, Amy",1,139390,7.174115790228854
ström,"Palm, August",2,29836,67.0331143584931
ström,"Palmblad, Vilhelm Fredrik",53,1018806,52.021680280642244
ström,"Palme, Christian Adolph",2,22087,90.55100285235659
ström,"Palmkvist, Nanny",2,17769,112.55557431481795
ström,"Palmstjerna, Carl Otto",15,328303,45.68950024824628
ström,"Palmær, Henrik Bernhard",6,100059,59.964620873684524
ström,"Palmér, Fritiof",3,8666,346.18047542118626
ström,"Panknin, Carl Ludwig",1,6955,143.78145219266713
ström,"Paterson, Emil",3,10594,283.17915801397015
ström,"Paul, Adolf",13,277706,46.81209624566988
ström,"Pauli, Georg",3,50904,58.934464875058936
ström,"Paykull, Lars Gustaf von",2,13181,151.73355587588196
ström,"Pereswetoff-Morath, Fredrik",8,142562,56.11593552279008
ström,"Perrault, Charles",1,36220,27.609055770292656
ström,"Person, Johan",2,49994,40.00480057606913
ström,"Persson, Fredrik",37,496982,74.44937643616872
ström,"Persson, Jöns",1,12640,79.11392405063292
ström,"Peterson, Gottfrid",4,40161,99.59911356788925
ström,"Peterson, Gustaf Reinhold",5,27194,183.864087666397
ström,"Peterson, Maria",3,104909,28.59621195512301
ström,"Petersson, Svante",2,7104,281.5315315315315
ström,"Petersson, Therèse",3,167213,17.941188783168773
ström,"Petrini, Gulli",2,46643,42.878888579208024
ström,"Pettersson, Carl",5,30587,163.4681400595024
ström,"Pettersson, Sven",18,296432,60.7221892373293
ström,"Pettersson, Victor",40,363394,110.07336389703738
ström,"Pettersson-Olin, Jonas",1,24852,40.23821020441011
ström,"Pfeiffer, Sara",38,1362314,27.893716132991365
ström,"Philipsson, Jonas",5,128485,38.91504844923532
ström,"Pihlstrand, Ragnar",184,3687102,49.903691300105066
ström,"Pihlström, Anders",190,44596,4260.471791192035
ström,"Pinello, Nils Henrik",15,211610,70.88511885071594
ström,"Piper, Carl",2,123642,16.175733165105708
ström,"Pira, Nils Erik",1,15754,63.475942617747876
ström,"Platen, Henrica Carolina von",1,111611,8.959690353101397
ström,"Pontin, Constans",21,265724,79.02936881877437
ström,"Pontoppidan, Henrik",1,36980,27.041644131963224
ström,"Post, Tom von",1,13868,72.10845111047014
ström,"Poulsson, Karl",5,11156,448.18931516672643
ström,"Prytz, Harald Oscar",4,90977,43.96715653406905
ström,"Quarnström, A. V.",2,4869,410.7619634421853
ström,"Quennerstedt, August",703,1839800,382.1067507337754
ström,"Qvanten, Aurora von",19,432423,43.93845840762402
ström,"Qvanten, Emil von",21,166171,126.37584175337453
ström,"Ramsay, Ebba",3,85664,35.02054538662682
ström,"Randel, Rolf Ane",2,27236,73.4322220590395
ström,"Randelin, Wendela",6,81682,73.45559609216228
ström,"Redwitz, Oskar von",6,38390,156.29070070330815
ström,"Reenstierna, Märta Helena",96,605548,158.53408813174184
ström,"Regis, Julius",6,150319,39.91511385786228
ström,"Reuter, Jonatan",8,19594,408.2882515055629
ström,"Reuter, Odo Morannal",7,57376,122.00223089793641
ström,"Rheen, Samuel",1,23901,41.839253587715994
ström,"Ridderstad, Carl Fredrik",85,2292557,37.07650453183934
ström,"Rietz, Johan Ernst",40,1483948,26.955122416688454
ström,Rimbert,1,28958,34.53277160024864
ström,"Ring, Herman Anakreon",8,30032,266.3825253063399
ström,"Ripa, Ernst",6,51842,115.73627560665098
ström,"Risberg, Emilie",14,321787,43.507040371425816
ström,"Rodhe, Bengt Carl",8,145541,54.9673287939481
ström,"Rollin, Carl Gustaf",3,9930,302.11480362537765
ström,"Rondeletius, Jacobus Petri",2,20421,97.93839674844523
ström,"Roos, Anna Maria",8,170259,46.98723709172496
ström,"Roos, Mathilda",45,979070,45.96198433207023
ström,"Rosander, Carl",6,27671,216.83350800477035
ström,"Roselius, Jonas Erik",2,51910,38.528221922558274
ström,"Rosenberg, Carl Martin",138,1933426,71.37588922461993
ström,"Rosenius, Carl Olof",5,101527,49.24798329508407
ström,"Rosenius, Josef",5,50108,99.78446555440249
ström,"Rosenqvist, Peter",7,35270,198.46895378508648
ström,"Rosén, Johan Magnus",7,404745,17.294839960963074
ström,"Roth, Sven Olof",14,268344,52.171839131860594
ström,"Rubenson, Olof",13,158589,81.97289849863483
ström,"Ruda, Elias Wilhelm",1,44525,22.459292532285232
ström,"Rudbeck, Olof, den yngste",2,7683,260.3149811271639
ström,"Rudbeck, Thure Gustaf",29,308953,93.8654099490861
ström,"Rudebeck, Sophia",1,28279,35.36192934686517
ström,"Ruin, Hans",30,324767,92.37391730071097
ström,"Runeberg, Fredrika Charlotta",5,244938,20.413329087360882
ström,"Runeberg, Johan Ludvig",29,500896,57.896249920143106
ström,"Runeberg, Nino",1,8352,119.73180076628353
ström,"Runfeldt, Emil",3,9611,312.14233690562895
ström,"Runnqvist, Ernst",5,68182,73.33313777829926
ström,"Russberg, Johan Albert",3,75296,39.84275393115172
ström,"Rusén, Lars Erik",5,21042,237.61999809904
ström,"Ryberg, Klas",10,93264,107.22250814891062
ström,"Rydberg, Carl August",1,3332,300.1200480192077
ström,"Rydberg, Carl Henrik",17,394090,43.13735441142886
ström,"Rydberg, Viktor",38,840566,45.20763390382195
ström,"Rydeberg, Olof Anton Arcadius",2,6979,286.5740077374982
ström,"Rydelius, Gustaf",3,19934,150.4966389083977
ström,"Rydforss, Karl",5,25233,198.15321206356754
ström,"Rydqvist, Johan Erik",5,76839,65.07112273715171
ström,"Rydström, Carl",1,11723,85.30239699735563
ström,"Rådberg, Fredrik",2,91481,21.86246324373367
ström,"Rönnberg, Hanna",2,19458,102.78548668927948
ström,"Sachs, Hilda",4,58467,68.41466126190842
ström,Sadi,4,112480,35.56187766714083
ström,"Sager, Sophie",2,78497,25.478680713912635
ström,"Sallander, Thure Reinhold",2,7055,283.48688873139616
ström,"Salomonsson, Salomon",2,25665,77.92713812585232
ström,"Saltza, Christina Gustafva von",5,180186,27.74910370395036
ström,"Saltza, Edvard Fredrik von",14,180717,77.46919216233115
ström,"Samzelius, Hugo",13,77418,167.91960525975873
ström,"Sand, Arne",1,74376,13.445197375497472
ström,"Sandahl, Anton Gustaf",3,50738,59.12728132760456
ström,"Sandberg, Algot",25,516906,48.36469300027471
ström,"Sandberg, Eric",7,135478,51.66890565257828
ström,"Sandberg, Fredrik",4,73018,54.78101290092854
ström,"Sandberg, Sven",1,6547,152.7417137620284
ström,"Sandel, Maria",7,460120,15.2134225854125
ström,"Sander, Fredrik",19,173595,109.45015697456724
ström,"Sandström, Anna",1,8980,111.35857461024499
ström,"Sandströmer, Clara",13,257887,50.40967555557279
ström,"Santesson, Frithiof",3,36705,81.73273395995096
ström,"Saxon, Johan Lindström",21,413279,50.81313108094048
ström,"Saxén, Lily",2,13846,144.4460494005489
ström,"Schaar, Hermania Fredrica",2,95475,20.94789211835559
ström,"Schantz, Otto von",7,144984,48.28118964851294
ström,"Schartau, Gustaf Johan",2,14861,134.58044546127448
ström,"Schartau, Ivar Ejlert",2,1220,1639.344262295082
ström,"Schenfelt, Inga",9,462908,19.442308190828417
ström,"Scherini, Pehr Hampus",11,79236,138.82578625877127
ström,"Schildt, Runar",6,105782,56.72042502505152
ström,"Schillander, Hugo",1,7273,137.49484394335212
ström,"Schirmer, Adolf",20,249159,80.27002837545503
ström,"Schiött, Emil",4,8610,464.5760743321719
ström,"Schlegel, Bernhard",54,419796,128.63390789812195
ström,"Schmiterlöw, Adam Bonaparte",4,40815,98.00318510351586
ström,"Scholander, Fredrik Wilhelm",25,308375,81.07012565869478
ström,"Schreiner, Olive",4,61056,65.51362683438155
ström,"Schröder, Gustaf",54,450001,119.99973333392593
ström,"Schröderheim, Elis",1,9772,102.33319688907082
ström,"Schultz, Adolf Fredrik Joelsson",2,12654,158.052789631737
ström,"Schultz, Gustaf Christoffer",2,2651,754.4322897019993
ström,"Schultz, Johan Gustaf",5,58273,85.80303056303948
ström,"Schunck, Anna Maria",2,16634,120.23566189731875
ström,"Schwartz, Marie Sophie",96,4905025,19.57176568926764
ström,"Schwerin, Martina von, d. y.",1,135027,7.405926222162975
ström,"Schéele, Adolf August",4,84035,47.59921461295889
ström,"Schéele, Georg von",21,104047,201.83186444587542
ström,"Schöldström, Birger",23,234212,98.20162929311905
ström,"Schöldström, Karl Wilhelm",17,54619,311.2470019590252
ström,"Schön, Alfred",3,27208,110.26168773890032
ström,"Schück, Henrik",31,444831,69.68938765508699
ström,"Schüssler, George Christian",3,18688,160.53082191780823
ström,"Sederholm, Theodor",12,217469,55.18027856843964
ström,"Sefbom, Augusta",1,81444,12.278375325376945
ström,"Segerstedt, Albrekt",10,319845,31.26514405415123
ström,"Segerstedt, Torgny",31,188372,164.5679825027074
ström,"Sehlstedt, Elias",5,74605,67.01963675356879
ström,"Selin, Gustaf",3,4215,711.7437722419929
ström,"Sellin, Per Gustaf",2,2200,909.0909090909091
ström,"Settervall, Hedvig Beata",2,37612,53.174518770605125
ström,"Shierman, Jeanna",8,37075,215.7788267026298
ström,"Sigurdh, Sigurd P.",3,34278,87.5196919306844
ström,"Silfverstolpe, Carl",1,79494,12.579565753390193
ström,"Silfverstolpe, Gudmund Leonhard",3,51620,58.1170089112747
ström,"Silfverstolpe, Gunnar Mascoll",12,54768,219.10604732690624
ström,"Silfverstolpe, Malla",8,547564,14.610164291297455
ström,"Sillén, Abraham Wilhelm af",7,161140,43.440486533449175
ström,"Silverstolpe, Gustaf Abraham",26,878464,29.597114964301326
ström,"Sjöbeck, Anders Conrad",1,7425,134.68013468013467
ström,"Sjöberg, Birger",14,566959,24.6931435959214
ström,"Sjöberg, Edvard Daniel",9,140639,63.993629078705055
ström,"Sjögren, Lennart",9,48769,184.54345998482643
ström,"Sjöstedt, Helen",1,10090,99.10802775024777
ström,"Sjöström, Carl",17,312159,54.45942612578846
ström,"Skarstedt, Carl Wilhelm",44,788956,55.76990351806691
ström,"Skarstedt, Ernst",13,171111,75.9740753078411
ström,"Skytte, Nils",3,30506,98.34130990624796
ström,"Sköldström, sjökapten",1,7427,134.64386697185944
ström,"Smirnoff, Georg",1,2918,342.7004797806717
ström,"Smith, Carl",15,57316,261.70702770605067
ström,"Snellman, Johan Vilhelm",19,182971,103.84159238349247
ström,"Snoilsky, Carl",52,268030,194.00813341790098
ström,"Snoilsky, Ebba",2,36014,55.533959015938244
ström,"Sohlman, August",2,14122,141.622999575131
ström,"Sommelius, Gustaf Lorentz",6,40806,147.03720041170416
ström,"Sparre, Pehr",37,1212926,30.50474637364522
ström,"Sprengtporten, Jakob Wilhelm",2,21246,94.13536665725313
ström,"Staaff, Karl",1,8058,124.10027302060064
ström,"Stagnelius, Erik Johan",3,21328,140.6601650412603
ström,"Stam, Per",9,238205,37.78258222959216
ström,"Starbäck, Carl Georg",102,1609009,63.39305746580659
ström,"Starck, Waldemar August",1,30268,33.038192150125546
ström,"Starnberg, Märta",15,268579,55.849489349502385
ström,"Steffen, Richard",6,100281,59.83187243844796
ström,"Stenberg, August",1,37493,26.67164537380311
ström,"Stenborg, Gustaf Göran",1,3662,273.07482250136536
ström,"Stenbäck, Lars",3,34241,87.61426360211442
ström,"Stenhammar, Jakob Axel",19,411692,46.15100609193281
ström,"Stenman, Isak Georg",1,3644,274.423710208562
ström,"Stiernhielm, Georg",3,61481,48.795562856817554
ström,"Stille, Arthur",5,34896,143.28289775332416
ström,"Stjerngranat, August Wilhelm",3,16570,181.05009052504525
ström,"Stjernstolpe, Jonas Magnus",3,87206,34.401302662660825
ström,"Stjernström, Jeanette",2,18529,107.93890657887636
ström,"Stjernström, Louise",58,2740356,21.165133289251468
ström,"Stockenstrand, Ina",2,78099,25.608522516293423
ström,"Stoker, Bram",9,120550,74.65781833264205
ström,"Stolpe, Mats",2,26743,74.78592528886064
ström,"Stowe, Harriet Beecher",16,264693,60.44738621724035
ström,"Strandberg, Carl",2,19516,102.48001639680263
ström,"Strandberg, Carl Henric",8,404704,19.767533802482802
ström,"Strandberg, Carl Vilhelm August",56,466218,120.1154824567048
ström,"Strindberg, August",88,1575196,55.86606365176143
ström,"Strindberg, Oskar",2,18140,110.25358324145535
ström,"Strussenfelt, Constantia Carolina Amalia von",36,385441,93.39950861480746
ström,"Strussenfelt, Ulrika Sophia von",61,3091227,19.733264493354906
ström,"Ström, Fredrik",52,554469,93.78342161599656
ström,"Ström, Ulrika",8,106489,75.12513029514786
ström,"Strömberg, Bengt Johan Gustaf Lorenz",3,34041,88.12902088657795
ström,"Strömberg, Leonard",10,343603,29.103354743701306
ström,"Strömmerstedt, Frithiof",2,7778,257.1355104139882
ström,"Strömsten, Lars Magnus",1,21372,46.790192775594235
ström,"Sturlasson, Snorre",8,58335,137.13893888746037
ström,"Sturzen-Becker, Oscar Patric",71,1219159,58.23686656129348
ström,"Stuxberg, Anton",24,103928,230.9291047648372
ström,"Styffe, Carl Gustaf",12,1150524,10.430030142787112
ström,"Stålberg, Wilhelmina",142,3336754,42.55632869549269
ström,"Stéenhoff, Frida",14,327133,42.79604931327625
ström,"Sundbeck, Carl",2,28330,70.5965407695023
ström,"Sundblad, Johannes",31,669153,46.327222623226675
ström,"Sundelin, Fredrik",1,9575,104.43864229765013
ström,"Sundelius, Anna Sara",2,64919,30.807621805634714
ström,"Sundgren, Fritz",3,26992,111.14404267931239
ström,"Sundin, Carl O.",1,4780,209.20502092050208
ström,"Sundler, Anders",10,178228,56.10790672621586
ström,"Sundman, Gösta",4,25717,155.53913753548235
ström,"Sundqvist, E. W.",11,516249,21.307547326968187
ström,"Sundström, Gustaf",1,8710,114.8105625717566
ström,"Sundström, Karin",8,137850,58.03409503083061
ström,"Suttner, Bertha von",7,75529,92.67963298865337
ström,"Svahn, Accacia",1,24610,40.633888663145065
ström,"Svahn, Oscar",3,98574,30.43398867855621
ström,"Svanlund, Yngve Fredrik",1,38238,26.15199539724881
ström,"Svartengren, Jakob",2,14995,133.3777925975325
ström,"Svartengren, Teodor",1,10927,91.51642719868217
ström,"Svedberg, Eduard",1,14450,69.20415224913495
ström,"Svedbom, Per Erik",7,127104,55.0730110775428
ström,"Svedelius, Wilhelm Erik",1,169888,5.886230928611791
ström,Svenska Litteratursällskapet,139,992409,140.0632199022782
ström,"Svenson, Axel",2,26048,76.78132678132678
ström,"Svenson, Frey",10,34719,288.0267288804401
ström,"Svenson-Graner, Hilma",13,46877,277.32150094929284
ström,"Svensson, Nils Peter",3,13249,226.43218356102346
ström,"Swahn, Carl Wilhelm",4,6077,658.2195162086556
ström,"Swedenborg, Emanuel",3,82514,36.357466611726494
ström,"Swärd, Axel August",8,20874,383.2518923062183
ström,"Sydow, Julius Leonard von",3,15811,189.74131933464045
ström,"Säfström, August",1,5936,168.46361185983827
ström,"Sällberg, Thure",9,543462,16.560495490025062
ström,"Sätherberg, Herman",67,374315,178.99362836113968
ström,"Söderberg, Christian Johannes",7,44904,155.8881168715482
ström,"Söderberg, Hjalmar",77,783283,98.30418890745746
ström,"Söderberg, Mikael",9,63386,141.98718960022717
ström,"Söderberg, Natan",2,19828,100.86746015735324
ström,"Söderblom, Nathan",3,154055,19.47356463600662
ström,"Söderbom, Anton Samuel Ernst",31,304113,101.93579360303572
ström,"Södergran, Edith",8,52357,152.79714269343162
ström,"Söderhjelm, Alma",4,130223,30.716540088924383
ström,"Söderhjelm, Werner",9,124684,72.18247730262102
ström,"Söderholm, Kerstin",2,47675,41.95070791819612
ström,"Söderling, Johan Niklas",1,32610,30.665440049064703
ström,"Söderman, Sven",3,6836,438.8531304856641
ström,"Sörman, Py",3,271409,11.053428589324598
ström,"Tamm, Hugo",1,28751,34.78139890786407
ström,"Tammelin, Filip",12,76235,157.4080146914147
ström,Tankebyggarorden,1,93902,10.649400438755299
ström,"Tavaststjerna, Karl August",50,500327,99.93464274364565
ström,"Tegnér, Alice",8,47124,169.7648756472286
ström,"Tegnér, Esaias",12,369317,32.49241166802503
ström,"Tengberg, Alexis",2,10245,195.21717911176182
ström,"Tenggren, Johan Fredrik",4,10057,397.73292234264693
ström,"Tengström, Jacob",50,129638,385.6893811999568
ström,"Tenow, Elna",4,54332,73.62143856290952
ström,"Tersmeden, Carl",55,627992,87.58073351252882
ström,"Tersmeden, Minna",6,218930,27.40602018910154
ström,"Tessin, Carl Gustaf",4,56240,71.12375533428165
ström,"Teuchler, Anton",2,26127,76.54916370038657
ström,"Thelander, Curt",5,16393,305.008235222351
ström,"Thomander, Johan Henrik",2,94572,21.147908471852134
ström,"Thomasson, Nils",15,707538,21.200274755560834
ström,"Thomasson, Pehr",81,1451638,55.799035296678646
ström,"Thomson, Niclas Hans",6,185354,32.37049106034939
ström,"Thomée, Gustaf",1,7940,125.94458438287154
ström,"Thorell, Per",1,15965,62.63701847792045
ström,"Thorsander, Gustaf",29,374435,77.4500247038872
ström,"Thörnberg, Carl Henrik",2,19742,101.30685847431872
ström,"Tibell, Charlotta Cecilia af",5,144975,34.48870494912916
ström,"Tidander, Lars Gustaf Teodor",1,5194,192.52984212552946
ström,"Tigerschiöld, Carl Wickman",14,112340,124.6216841730461
ström,"Tigerschiöld, Hugo",10,32637,306.40071084964916
ström,"Tilas, Daniel",6,15706,382.0196103399974
ström,"Tiselius, Carl August",8,266673,29.999287516921473
ström,"Tjörner, Olof",2,100662,19.86847072380839
ström,"Tollstorp, Jacob Philip",5,45173,110.68558652292299
ström,"Topelius, Zacharias",180,2307429,78.00890081558306
ström,"Torckell, Olga",3,85119,35.24477496211187
ström,"Tornberg, Carl Johan",3,239217,12.54091473432072
ström,"Torén, Rudolf Wilhelm",4,85669,46.69133525545997
ström,"Trolle, Henrik af",188,2829965,66.43191700250709
ström,"Tunelli, Charlotta",2,3949,506.4573309698658
ström,"Turi, Johan",5,240734,20.76981232397584
ström,"Tärnström, Samuel Fredrik",4,88974,44.95695371681615
ström,"Törnberg, Carl Ludvig",6,34617,173.3252448219083
ström,"Törnblom, Johan August",45,856702,52.52701639543272
ström,"Törnebladh, Ragnar",39,187908,207.5483747365732
ström,"Törnegren, Carl Wilhelm",2,10356,193.12475859405177
ström,"Törnqvist, Johan Peter",6,94956,63.187160369013014
ström,"Uddgren, Gustaf",54,335781,160.8191053097108
ström,"Uddman, Ulrik",2,21512,92.97136481963555
ström,"Ulfsson, Sten",23,425150,54.09855345172292
ström,"Ullman, Gustaf",2,85560,23.37540906965872
ström,"Ullner, Constance",5,54437,91.84929367893162
ström,"Undset, Sigrid",11,193625,56.810845706907685
ström,"Unge, Otto Sebastian von",12,166120,72.23693715386467
ström,"Unonius, Gustaf",2,17886,111.81930001118192
ström,"Upmark, Gustaf, d. y.",93,138103,673.4104255519431
ström,Utile Dulci,11,85019,129.3828438349075
ström,"Utterström, Olof Philip",8,57762,138.4993594404626
ström,"Valentin, Guido",1,13299,75.19362358072036
ström,"Valerius, Johan David",3,28756,104.3260536931423
ström,"Vegesack, Anna Helena von",1,42015,23.80102344400809
ström,"Vegesack, Ernst von",3,60967,49.206948021060576
ström,"Vendell, Herman",1,8607,116.18450098756826
ström,"Vest, Eliel",3,24020,124.89592006661115
ström,"Vester, A. B.",2,142413,14.043661744363225
ström,"Victorin, Alfred",1,2063,484.7309743092584
ström,"Vikström, Arvid",1,19101,52.3532799329878
ström,"Vinell, Sigrid",5,40304,124.0571655418817
ström,"Virdestam, Gotthard",53,1223099,43.33255116715818
ström,"Virgin, Axel Gustaf",15,123697,121.26405652521888
ström,"Virgin, Robert Wilhelm Urban",2,13901,143.8745413998993
ström,"Väpling, Karl",1,17103,58.46927439630474
ström,"Värnlund, Rudolf",24,288441,83.20592426180744
ström,"Wachtmeister, Hans",3,51989,57.70451441651119
ström,"Wadman, Johan Anders",6,95994,62.503906494155885
ström,"Wadström, Carl Gustaf",6,27880,215.20803443328552
ström,"Wadström, Gustaf Adolf Sebastian",6,43734,137.1930305940458
ström,"Wahlberg, Ferdinand von",8,144025,55.54591216802638
ström,"Wahlenberg, Anna",50,992911,50.356980635726664
ström,"Wahlin, Olof Fredrik",2,10764,185.8045336306206
ström,"Wahlström, Pehr",6,32010,187.44142455482663
ström,"Walde, Otto",1,393817,2.5392504640480222
ström,"Wall, Wilhelm August",1,8702,114.91611123879568
ström,"Wallenberg, Jacob",10,79294,126.11294675511388
ström,"Wallengren, Axel",3,57623,52.06254447009007
ström,"Wallin, Johan Peter",26,279251,93.10620194735202
ström,"Wallin, R. W.",3,28377,105.7194206575748
ström,"Wallin, William",7,9253,756.5114017075543
ström,"Wallmark, Ernst",5,95673,52.26134855183803
ström,"Wallmo, Uno",5,105865,47.22996268832948
ström,"Wallén, Anders",1,7862,127.1940981938438
ström,"Warburg, Karl",40,558375,71.63644504141482
ström,"Warholm, Johan Wilhelm",27,572587,47.15440622997029
ström,"Wecksell, Josef Julius",7,54387,128.70722783018002
ström,"Weibull, Martin",1,4309,232.07240659085636
ström,"Weiland, Per",9,149275,60.29140847429241
ström,"Wejdling, Eva",1,7023,142.38929232521716
ström,"Welin, Carl",1,15000,66.66666666666667
ström,"Weman, Adèle",5,56305,88.80206020779683
ström,"Wendel, Johan",2,68237,29.309612087284023
ström,"Wennberg, Fredrik Wilhelm",1,56848,17.590768364762173
ström,"Wennberg, Fredrika",8,167687,47.70793204005081
ström,"Wennerberg, Gunnar",11,169429,64.92395044531928
ström,"Wennerberg, Ingrid",1,35614,28.078845397877238
ström,"Wernberg, Hjalmar",41,790174,51.88730583390494
ström,"Weser, Lars August",2,2166,923.3610341643582
ström,"Westdahl, Pauline",3,55517,54.03750202640633
ström,"Wester, Anders Magnus",1,30259,33.04801877127466
ström,"Wester, Ellen",3,51024,58.79586077140169
ström,"Westerberg, Ernst",3,99058,30.285287407377496
ström,"Westerdahl, Alfred",1,2955,338.40947546531305
ström,"Westergren, Georg",4,20389,196.18421697974398
ström,"Westerlund, Carl Agardh",7,17232,406.2209842154132
ström,"Westerlund, Johan Alfred",38,910029,41.75691104349422
ström,"Westermarck, Helena",4,164540,24.310198128114745
ström,"Westermark, Ottilia",3,160024,18.74718792181173
ström,"Westholm, Erik",2,18755,106.63822980538524
ström,"Westin, Carl Emanuel",2,51378,38.92716727003776
ström,"Wetterbergh, Carl Anton",195,2981866,65.39529274621998
ström,"Wettergrund, Josefina",26,1232610,21.09345210569442
ström,"Wetterhoff, Karl",6,38054,157.67067850948652
ström,"Wetterhoff, Onni",1,45046,22.199529369977355
ström,"Whitlock, Anna",8,36900,216.80216802168022
ström,"Whitlock, Ellen",1,9299,107.53844499408538
ström,"Wichmann, Karl Emil",7,103838,67.41270055278414
ström,"Wickström, Victor Hugo",39,519663,75.04863728993598
ström,"Widmark, Per Fredrik",3,52253,57.41297150402848
ström,"Wieselgren, Sigfrid",29,284161,102.05482103455435
ström,"Wigforss, John",3,20931,143.32807797047442
ström,"Wigström, Eva",37,816884,45.294068680498086
ström,"Wijkander, Oscar",2,110845,18.043213496323695
ström,"Wiklund, Karl Bernhard",4,102393,39.06517047063764
ström,"Wikner, Pontus",11,238951,46.03454264681881
ström,"Willasson, Helge",1,11651,85.82954252853833
ström,"Wilén, Fritz",2,60454,33.08300526019784
ström,"Winter, Reinhold",16,238949,66.959895207764
ström,"Wipperling, Nils Fredrik",6,115868,51.783063486035836
ström,"Wirsén, Carl David af",16,246734,64.84716334189856
ström,"Witt, Otto",88,554078,158.82240406585353
ström,"Wranér, Henrik",11,585352,18.79211141330345
ström,"Wägner, Elin",80,2370616,33.74650301862469
ström,"Wästberg, Anna",8,238567,33.5335566109311
ström,"Wästberg, Efraim",1,40886,24.458249767646628
ström,"Wågman, Frans Oskar",2,70243,28.472588015887705
ström,"Wåhlin, A.",3,37543,79.90837173374531
ström,"Wåhlstrand, Karin",2,69220,28.89338341519792
ström,"Wærnér, Ninian",6,164783,36.41152303332261
ström,"Zachrisson, Waldemar",10,585293,17.085459761179443
ström,"Zedritz, Carl Edvard",1,62621,15.969083853659315
ström,"Zeipel, Carl von",33,883195,37.36434196298666
ström,"Zethelius, Ingeborg",1,35582,28.10409757742679
ström,"Zethraeus, August Gerhard",4,25848,154.75085112968122
ström,"Zetterholm, Carl",1,20889,47.87208578677773
ström,"Zetterqvist, Edvard Alexander",5,145786,34.29684606203614
ström,"Zetterstedt, Johan Wilhelm",3,36786,81.55276463872126
ström,"Zetterström, Hasse",4,83274,48.03420035064966
ström,"Zilliacus, Konni, d. ä.",16,157875,101.34600158353128
ström,"Åberg, Johan Eggert",8,33839,236.41360560300245
ström,"Åberg, Jon Olof",200,4055315,49.31799379333048
ström,"Åberg, Katie",16,282619,56.61332040662517
ström,"Ågren, Robert",1,2590,386.1003861003861
ström,"Åkerberg, Erik",2,52870,37.82863627766219
ström,"Åkerberg, Sven",6,36123,166.09916119923594
ström,"Åkerblom, Axel",2,4949,404.122044857547
ström,"Åkerlund, P. A.",2,7450,268.4563758389262
ström,"Åkesson, Christin",1,9163,109.13456291607552
ström,"Ålund, Paulus",1,11188,89.3814801573114
ström,"Åslund, Daniel",11,181864,60.48475784102406
ström,"Öberg, Emil",4,45280,88.33922261484099
ström,"Öberg, Ludvig Teodor",116,817009,141.9813000835976
ström,"Ödberg, Pehr Ivar",2,24701,80.96838184688879
ström,"Ödman, Pelle",34,393808,86.33648884735709
ström,"Ödmann, Jenny Maria",19,1277526,14.872495745683453
ström,"Ödmann, Samuel",17,301246,56.43228457805249
ström,"Öhberg, Viktor Wilhelm",5,60274,82.95450774795103
ström,"Ölander, Axel Herman",1,12017,83.21544478655238
ström,"Öman, Victor Emanuel",8,58221,137.4074646605177
ström,"Östergren, Carl Ludvig",16,53569,298.6802068360432
strömning,"Ahnfelt, Arvid",4,834238,4.794794770796823
strömning,"Ahrenberg, Jac",1,612997,1.6313293539772626
strömning,"Alfthan, Georg Edvard von",1,95134,10.51148905753989
strömning,"Amiel, Henri Frédéric",1,79311,12.608591494244179
strömning,"Angered Strandberg, Hilma",1,618309,1.6173143201861853
strömning,Anonym,8,11696629,0.683957745432466
strömning,"Bagge, Peter",1,239146,4.181546001187559
strömning,"Berg, Wilhelm",1,3078479,0.32483573868783905
strömning,"Bergh, Richard",2,82704,24.182627200619077
strömning,"Björlin, Gustaf",1,863549,1.1580118788858536
strömning,"Blicher-Clausen, Jenny",1,31237,32.01331754009668
strömning,"Borelius, Hilma",1,80317,12.45066424293736
strömning,"Bremer, Fredrika",4,2174414,1.8395760880862615
strömning,"Bygdén, Leonard",1,1657994,0.6031384914541307
strömning,"Bäckmann, Ida",1,752232,1.3293771070627147
strömning,"Cavallin, Christian",2,227529,8.790088296436938
strömning,"Chydenius, Karl",1,149994,6.666933344000427
strömning,"Cleve, Alma",1,117475,8.512449457331346
strömning,"Dalström, Kata",4,382442,10.459102295249998
strömning,"Danielsson, Axel",10,281487,35.52561930035845
strömning,"Darwin, Charles",2,433182,4.6169970128029325
strömning,"De Geer, Louis",1,487573,2.0509749309334193
strömning,"Edenberg, Albert Anderson",1,686333,1.4570186775224272
strömning,"Eichhorn, Christoffer",1,122666,8.152218218577275
strömning,"Ekelund, Vilhelm",4,1301987,3.0722272956642422
strömning,"Eneroth, Carl",3,861555,3.4820760137193796
strömning,"Engström, Albert",1,354444,2.8213201521255824
strömning,"Fahlstedt, Amalia",1,144983,6.897360380182504
strömning,"Fersen, Axel von",1,814046,1.228431808521877
strömning,"Flygare-Carlén, Emilie",1,5493966,0.18201787197081307
strömning,"Forssman, Edith",2,716693,2.790595136271737
strömning,"Fredberg, Carl Rudolf A:son",1,31647,31.598571744557145
strömning,"Frykholm, Sunny",4,98036,40.80133828389571
strömning,"Fryxell, Anders",1,52461,19.061779226473
strömning,"Gadelius, Bror",1,197298,5.068475098581841
strömning,"Geijerstam, Gustaf af",14,1634054,8.567648315171958
strömning,"Gernandt-Claine, Jane",2,243832,8.202368844122182
strömning,"Goncourt, Edmond de",1,157664,6.342601989039983
strömning,"Göthe, Georg",1,73561,13.59415994888596
strömning,"Hagström, Tore",2,647980,3.0865150158955523
strömning,"Hallén, Birger",1,59542,16.794867488495516
strömning,"Hasselskog, Nils",1,255325,3.916576911779105
strömning,"Hedenstierna, Alfred",3,1437853,2.086444163624515
strömning,"Hedin, Greta",3,161322,18.596347677316174
strömning,"Hedin, Sven",5,2332042,2.1440437179090255
strömning,"Heidenstam, Verner von",17,1060212,16.03452894326795
strömning,"Hofberg, Herman",3,1583749,1.8942395543738306
strömning,"Hofsten, Johanna Christina von",1,801558,1.2475703567302678
strömning,"Holmberg, Teodor",1,91248,10.959144310012274
strömning,"Humble, Julius",1,29616,33.765532144786604
strömning,"Hvalgren, Emanuel",1,26650,37.5234521575985
strömning,"Hägerström, Axel",1,63718,15.694152358831099
strömning,"Jacobson, Harald",1,68191,14.664691821501371
strömning,"Janson, Betty",2,301130,6.641649785806794
strömning,"Johanson, Klara",3,269173,11.145248594769907
strömning,"Johansson, Konrad",3,13105,228.9202594429607
strömning,"Jonsson, Thorsten",5,311386,16.057240852189885
strömning,"Josephson, Ludvig",1,134746,7.421370578718478
strömning,"Jändel, Ragnar",2,240187,8.326845333011361
strömning,"Jænisch, Alexander",1,97007,10.308534435659283
strömning,"Kerfve, Axel",1,1394284,0.717213996574586
strömning,"Key, Ellen",7,517640,13.52291167606831
strömning,"Koch, Richert von",3,553374,5.421288314955166
strömning,"Krook, Nathalia",1,6256,159.846547314578
strömning,"Kræmer, Lotten von",2,240151,8.328093574459402
strömning,"Lagerlöf, Selma",3,4219670,0.7109560700244332
strömning,"Lamm, Martin",3,219178,13.687505132814424
strömning,"Leffler, Anne Charlotte",4,483270,8.276946634386574
strömning,"Levertin, Oscar",6,563813,10.641826279280542
strömning,"Lidforss, Bengt",1,19597,51.0282186048885
strömning,"Limborg, Ossian",1,142379,7.023507680205649
strömning,"Linder, Sten",14,185504,75.47007072623771
strömning,"Linnarsson, Linnar",1,500119,1.999524113261044
strömning,"Ljunggren, Gustaf",6,1909848,3.1416112695879463
strömning,"Lundegård, Axel",4,997912,4.008369475464771
strömning,"Lundquist, Ernst",3,1133848,2.6458572930410424
strömning,"Lundström, Georg",1,72582,13.777520597393293
strömning,"Lundström, Vilhelm",1,23072,43.342579750346744
strömning,"Meijer, Bernhard",3,543470,5.52008390527536
strömning,"Meyer, Albertine",1,335249,2.9828575178449452
strömning,"Mortensen, Johan",32,392455,81.53801072734454
strömning,"Munthe, Axel",5,519572,9.623305335930343
strömning,"Nilsson, Albert",10,135571,73.76208776213203
strömning,"Nissen, Carl",1,84972,11.76858259191263
strömning,"Nordin, Jonas",4,196759,20.329438551730796
strömning,"Nordström, Ester Blenda",2,408622,4.894499072492426
strömning,"Norlander, Emil",1,207383,4.82199601703129
strömning,"Norman, Carl",1,54946,18.199686965384196
strömning,"Norström, Vitalis",1,240646,4.1554814956409
strömning,"Nyström, Ludvig",3,278010,10.790978741771879
strömning,"Pauli, Georg",1,50904,19.644821625019645
strömning,"Petersson, Svante",2,7104,281.5315315315315
strömning,"Pihlstrand, Ragnar",1,3687102,0.27121571358752755
strömning,"Quennerstedt, August",1,1839800,0.5435373410153278
strömning,"Regis, Julius",1,150319,6.65251897631038
strömning,"Ridderstad, Carl Fredrik",2,2292557,0.8723883419256315
strömning,"Rietz, Johan Ernst",1,1483948,0.6738780604172114
strömning,"Roos, Mathilda",4,979070,4.085509718406243
strömning,"Ruin, Hans",11,324767,33.87043634359402
strömning,"Ryberg, Klas",1,93264,10.722250814891062
strömning,"Rydberg, Viktor",2,840566,2.379349152832734
strömning,"Samzelius, Hugo",1,77418,12.916892712289131
strömning,"Sandel, Maria",1,460120,2.1733460836303573
strömning,"Santesson, Frithiof",1,36705,27.244244653316986
strömning,"Saxon, Johan Lindström",1,413279,2.419672908616213
strömning,"Schück, Henrik",2,444831,4.496089526134645
strömning,"Segerstedt, Torgny",5,188372,26.543222984307647
strömning,"Sjögren, Lennart",1,48769,20.504828887202937
strömning,"Skarstedt, Ernst",1,171111,5.844159639064701
strömning,"Stam, Per",5,238205,20.990323460884532
strömning,"Stjernström, Louise",2,2740356,0.7298321823879818
strömning,"Stowe, Harriet Beecher",1,264693,3.777961638577522
strömning,"Strindberg, August",1,1575196,0.6348416324063799
strömning,"Ström, Fredrik",3,554469,5.410582016307494
strömning,"Stéenhoff, Frida",2,327133,6.113721330468036
strömning,"Sundblad, Johannes",1,669153,1.4944265362331186
strömning,"Suttner, Bertha von",1,75529,13.239947569807624
strömning,Svenska Litteratursällskapet,25,992409,25.19122660112917
strömning,"Söderberg, Hjalmar",4,783283,5.106711112075712
strömning,"Söderhjelm, Werner",4,124684,32.08110102338712
strömning,"Tenow, Elna",1,54332,18.40535964072738
strömning,"Uddgren, Gustaf",1,335781,2.978131579809459
strömning,"Undset, Sigrid",1,193625,5.1646223369916076
strömning,"Virdestam, Gotthard",5,1223099,4.087976525203602
strömning,"Warburg, Karl",6,558375,10.745466756212222
strömning,"Weman, Adèle",1,56305,17.760412041559363
strömning,"Wennerberg, Gunnar",1,169429,5.902177313210843
strömning,"Wernberg, Hjalmar",1,790174,1.2655440447293886
strömning,"Wickström, Victor Hugo",6,519663,11.54594419845169
strömning,"Witt, Otto",3,554078,5.414400138608643
strömning,"Wranér, Henrik",2,585352,3.416747529691536
strömning,"Wägner, Elin",13,2370616,5.4838067405265125
strömning,"Wåhlin, Carl Ludvig",2,82866,24.135351048681002
strömning,"Zachrisson, Waldemar",1,585293,1.7085459761179445
strömning,"Zetterqvist, Edvard Alexander",1,145786,6.859369212407227
strömning,"Zilliacus, Konni, d. ä.",1,157875,6.334125098970705
strömning,"Åberg, Jon Olof",1,4055315,0.24658996896665242
strömning,"Ödman, Pelle",2,393808,5.078616991021005
styrka,"Adelborg, Ottilia",4,85133,46.98530534575312
styrka,"Adlersparre, Carl August",27,199744,135.17302146747838
styrka,"Adlersparre, Georg Axel",4,51236,78.07010695604653
styrka,"Adlersparre, Karin Alcyone",11,12368,889.391979301423
styrka,"Afzelius, Anders Johan",3,104063,28.8286903125991
styrka,"Afzelius, Arvid August",15,79683,188.2459244757351
styrka,"Agardh, Carl Adolph",1,10371,96.42271719217048
styrka,"Agrell, Alfhild",50,704037,71.01899474033326
styrka,"Ahlbom, Mathilda",21,395655,53.07654395875194
styrka,"Ahlbom, Sophia",1,12389,80.71676487206393
styrka,"Ahlborg, Georg",4,18847,212.2353690242479
styrka,"Ahlin, Johan Olof",12,81227,147.7341278146429
styrka,"Ahlqvist, Abraham",3,165083,18.172676774713327
styrka,"Ahlstrand, J.E.",9,112036,80.33132207504731
styrka,"Ahlström, Olof Crispin",1,151393,6.605325213186871
styrka,"Ahnfelt, Arvid",57,834238,68.32582548385473
styrka,"Ahnfelt, Paul Gabriel",1,11640,85.91065292096219
styrka,"Ahnfelt-Laurin, Emilia",4,14138,282.9254491441505
styrka,"Ahrenberg, Jac",49,612997,79.93513834488586
styrka,"Alcenius, Maria Charlotta",2,14053,142.3183661851562
styrka,"Alcott, Louisa May",21,411350,51.05141606904096
styrka,"Aldén, Gustaf Alfred",1,12405,80.61265618702136
styrka,"Alfthan, Georg Edvard von",3,95134,31.534467172619674
styrka,"Alfthan, Johannes",19,158529,119.85188829804011
styrka,"Allardt, Anders",14,104935,133.41592414351743
styrka,"Allvarsson, Anders",1,5759,173.64125716270186
styrka,"Alm, Leopold",1,17961,55.67618729469406
styrka,"Almkvist, Johan Alfred",5,34984,142.92247884747314
styrka,"Almquist, C. A.",2,32996,60.613407685780096
styrka,"Almquist, Viktor",13,57218,227.2012303820476
styrka,"Almqvist, C.J.L.",158,2529302,62.46782709221754
styrka,"Almqvist, Carolina",15,186124,80.59143366787733
styrka,"Almqvist, Gertrud",5,65623,76.19279825670877
styrka,"Almén, Ruth",4,12459,321.05305401717635
styrka,"Althén, Gustaf",6,41569,144.33832904327744
styrka,"Altén, Victor August",25,73223,341.422776996299
styrka,"Ameen, Georg",9,156508,57.505047665295066
styrka,"Amiel, Henri Frédéric",51,79311,643.0381662064531
styrka,"Aminoff, Ivan",3,34559,86.80806736306027
styrka,"Améen, Elin",5,180341,27.725253824698765
styrka,"Andelin, Karl August",1,11466,87.21437292865865
styrka,"Anders, Ludwig",7,42039,166.5120483360689
styrka,"Andersen, Hans Christian",2,12265,163.06563391765187
styrka,"Anderson, Alfred",22,165183,133.18561837477222
styrka,"Anderson, August",2,53800,37.174721189591075
styrka,"Anderson, Hedda",37,504419,73.35171752055335
styrka,"Andersson, Carl Gustaf",2,37115,53.8865687727334
styrka,"Andersson, Christen",1,10873,91.9709371838499
styrka,"Andersson, Dan",13,320870,40.51485025088042
styrka,"Andersson, F. A.",1,3490,286.5329512893983
styrka,"Andersson, Hilding",5,35557,140.61928734145175
styrka,"Andersson, Hilma",4,78576,50.90612909794339
styrka,"Andersson, J.",2,20115,99.42828734775044
styrka,"Andersson, Johan",1,20092,49.77105315548477
styrka,"Andersson, Magnus Ernhold",1,30915,32.346757237586935
styrka,"Andrée, Andreas",3,18924,158.5288522511097
styrka,"Andrén, Olof",34,258552,131.50159348989757
styrka,"Angered Strandberg, Hilma",57,618309,92.18691625061255
styrka,"Angerstein, Uno",1,9300,107.52688172043011
styrka,"Anholm, Maria",30,154652,193.98391226754262
styrka,Anonym,953,11696629,81.47646642464252
styrka,"Anrep, Gabriel",8,701580,11.402833604150631
styrka,"Antell, G. W.",1,9442,105.90976488032197
styrka,"Arfvidsson, Mathilda Katarina Johanna",13,104045,124.94593685424576
styrka,"Arfvidsson, Nils",1,18882,52.960491473360875
styrka,"Arfwedson, Carl David",58,505670,114.69930982656673
styrka,"Arfwidsson, Nils",28,206738,135.43712331550077
styrka,"Armfelt, Gustaf Johan Philip",3,77667,38.62644366333192
styrka,"Armfelt, Gustaf Mauritz",6,2316,2590.6735751295337
styrka,"Arnoldson, K. P.",7,68739,101.8344753342353
styrka,"Arosenius, Fredrik Reinhold",5,66932,74.70268332038486
styrka,"Arosenius, Ivar",2,19538,102.36462278636503
styrka,"Arrhén von Kapfelman, Erik Jakob",1,2907,343.9972480220158
styrka,"Arvidson, Bernt",1,20350,49.14004914004914
styrka,"Arvidsson, Adolf Ivar",19,337588,56.28162138464637
styrka,"Asp, Pehr Olof von",5,45124,110.80577962946548
styrka,"Atterbom, P.D.A.",213,1110581,191.7915037264279
styrka,"Atterling, Carl Henrik",1,16544,60.44487427466151
styrka,"Aurelius, Hedvig",3,18591,161.36840406648378
styrka,"Aurell, Fr.",1,3729,268.1684097613301
styrka,"Aurell, Wilhelm",13,212084,61.29646743743045
styrka,"Austen, Jane",17,163429,104.02070623940672
styrka,"Avellan, Herman",3,37900,79.15567282321899
styrka,"Axelson, Maximilian",19,431878,43.993905686328084
styrka,"Axelsson, Arvid",1,57057,17.526333315807
styrka,"Backlund, A.",3,27412,109.44112067707573
styrka,"Backlund, Gusten",3,37637,79.70879719425034
styrka,"Backman, Anders",3,85526,35.077052592194185
styrka,"Bagge, Peter",55,239146,229.98503006531575
styrka,"Bagger, Alban Agathon",11,46140,238.40485478977027
styrka,"Bahr, Johan Fredrik",4,7485,534.4021376085504
styrka,"Barnekow, Kjell Christoffer",8,41861,191.10866916700508
styrka,"Barthelson, Fredrik",4,28595,139.88459520895262
styrka,"Bechman, H.",5,37309,134.01592109142567
styrka,"Becker, Hugo von",2,92134,21.707512970238998
styrka,"Beckman, Edvard",2,57597,34.72403076549126
styrka,"Beckman, Ernst",8,73165,109.34189844871182
styrka,"Behm, Oscar",5,105179,47.538006636305724
styrka,"Bellander, Gustaf",1,3535,282.88543140028287
styrka,"Bellman, Carl Michael",29,261940,110.71237688020157
styrka,"Benedictsson, Victoria",37,715264,51.72915175375805
styrka,"Bengtsson, Hans",2,2579,775.4943776657619
styrka,"Bensow, Oscar",13,76279,170.42698514663275
styrka,"Benzelstierna, Gustaf",3,92912,32.28861718615464
styrka,"Benzon, Karl",12,240552,49.885263893045995
styrka,"Berg, Anders Henrik",4,34619,115.54348768017563
styrka,"Berg, Carl Oscar",18,295210,60.97354425663087
styrka,"Berg, Daniel",6,145157,41.33455499906997
styrka,"Berg, Johan August",34,133607,254.47768455245608
styrka,"Berg, Per Gustaf",165,897377,183.8692099307203
styrka,"Berg, Ruben G:son",14,94593,148.00249489919972
styrka,"Berg, Wilhelm",120,3078479,38.980288642540685
styrka,"Bergenström, A. J.",2,23494,85.12811781731506
styrka,"Berger, Henning",25,498496,50.150853768134546
styrka,"Berger, Lars",10,149277,66.98955632816843
styrka,"Bergh, Richard",12,82704,145.09576320371445
styrka,"Bergklint, Olof",32,87150,367.1830177854274
styrka,"Berglund, Alrik",2,25581,78.18302646495445
styrka,"Berglund, Anders Olof",1,8107,123.35019119279634
styrka,"Berglund, Erik Wilhelm",1,6580,151.9756838905775
styrka,"Berglund, Victoria",3,60959,49.21340573172132
styrka,"Bergman, Bengt",2,83717,23.89001039215452
styrka,"Bergman, Carl Johan",17,182803,92.99628561894498
styrka,"Bergman, Carl Wilhelm",5,128252,38.985746810965914
styrka,"Bergman, Daniel Fredrik",4,20406,196.02077820248945
styrka,"Bergman, Hjalmar",110,1469793,74.84047073295355
styrka,"Bergman, Johan",4,29220,136.89253935660506
styrka,"Bergman, Johan Magnus",7,202066,34.642146625360034
styrka,"Bergstedt, Anna Elisabet Matilda",10,120779,82.79585027198436
styrka,"Bergsten, Richard",4,17597,227.31147354662727
styrka,"Bergstrand, Erik",1,289651,3.4524306838229455
styrka,"Bergstrand, Per Emanuel",8,77785,102.84759272353281
styrka,"Bergström, E. O.",4,12110,330.30553261767136
styrka,"Bergström, Ottilia E:a",4,19206,208.26824950536292
styrka,"Bergström, Richard",31,250786,123.61136586571818
styrka,"Bergsøe, Vilhelm",9,82959,108.48732506418834
styrka,"Berlin, Anna Catharina",44,124922,352.21978514593104
styrka,"Berndtson, Charlotta",23,200987,114.43526198211825
styrka,"Berndtson, Fredrik",15,163870,91.53597363763959
styrka,"Bernhardt, Gustaf",7,17252,405.750057964294
styrka,"Beskow, Bernhard von",24,165358,145.13963642521077
styrka,"Beskow, Carl Adolf",2,54121,36.95423218344081
styrka,"Beskow, Elisabeth",9,291228,30.903621904487206
styrka,"Biberg, Jacob Fredrik",1,3499,285.7959416976279
styrka,"Billing, Lars Theodor",1,14021,71.32158904500392
styrka,"Bjarke, Fredrik Constantin",6,114160,52.55781359495445
styrka,"Bjelkengren, Conrad",2,22008,90.87604507451836
styrka,"Bjerre, Andreas",8,63395,126.19291742250967
styrka,"Bjursten, Herman",158,1516337,104.1984730307313
styrka,"Bjurström, Gustaf",16,259622,61.62805925537897
styrka,"Bjurström, Per Gustaf",3,17210,174.31725740848344
styrka,"Björck, Ernst Daniel",8,46536,171.909919202338
styrka,"Björck, Theodor",26,170512,152.4819367551844
styrka,"Björk, Charlotte",1,20503,48.77335024142808
styrka,"Björklund, Carl Peter",1,13905,71.91657677094571
styrka,"Björklund, Ulrik",1,3242,308.45157310302284
styrka,"Björkman, Carl Gustaf",46,266330,172.71805654638982
styrka,"Björkman, Göran",2,39312,50.875050875050874
styrka,"Björkstén, Emilie",4,68378,58.49834742168534
styrka,"Björlin, Gustaf",99,863549,114.6431760096995
styrka,"Björlin, Knut Salomon",1,9937,100.63399416322834
styrka,"Björling, Fridolf",41,410057,99.98609949348506
styrka,"Blachet, Gustaf",2,17198,116.29259216187928
styrka,"Blanche, August",148,1382410,107.05941073921629
styrka,"Blanche, Thore",8,87983,90.9266562858734
styrka,"Blixén, Amalia",5,101428,49.29605237212604
styrka,"Blom, Lydia",2,37775,52.945069490403704
styrka,"Blomberg, Harry",23,295674,77.78837503466656
styrka,"Blomgren, E. G.",3,8061,372.1622627465575
styrka,"Blomgren, Joseph C.",2,42011,47.60657922924948
styrka,"Blomqvist, Petter",7,29051,240.95556091012358
styrka,"Blum, Fredrique",2,1260,1587.3015873015872
styrka,"Blumauer, Karl",2,17434,114.71836641046231
styrka,"Blumenberg, Henrik Germund",1,57152,17.497200447928332
styrka,"Boberg, Carl",14,94744,147.7666131892257
styrka,"Bohman, John G.",7,151148,46.312223780665306
styrka,"Boisman, Alexander Wilhelm",1,34257,29.191114224829963
styrka,"Bolander, Sophie",212,966157,219.4260353131013
styrka,"Bollsten, Johan Christian",13,107829,120.561259030502
styrka,"Bolm, Jonas Adolf",10,95392,104.83059376048305
styrka,"Bonaparte, Napoleon",2,82500,24.242424242424242
styrka,"Bonde, Krister",2,29334,68.1802686302584
styrka,"Bondeson, August",32,762695,41.95648326001875
styrka,"Bonggren, Jakob",2,29060,68.82312456985547
styrka,"Borelius, Hilma",4,80317,49.80265697174944
styrka,"Borgström, Ferdinand Ludvig",6,37312,160.80617495711834
styrka,"Borgström, Gustaf",5,64685,77.29767334003246
styrka,"Boye, Karin",44,431682,101.92688136174314
styrka,"Brag, Eva",2,104257,19.1833641865774
styrka,"Brag, Hanna",3,23418,128.10658467845246
styrka,"Brager, Martin H.",2,3600,555.5555555555555
styrka,"Brandt, Erastus",3,56132,53.44545001068909
styrka,"Brandt, G. J. W.",10,79180,126.2945188178833
styrka,"Branting, Anna",28,487838,57.39610280461957
styrka,"Brask, Samuel",2,21749,91.95825095406686
styrka,"Bratt, Erland Axel",4,14394,277.8935667639294
styrka,"Bratt, Iwan",1,6487,154.15446277169724
styrka,"Braun, Wilhelm von",108,859117,125.71046784081796
styrka,"Braunerhjelm, Augusta",14,182117,76.87365814284225
styrka,"Bredberg, Henrik Wilhelm",4,25162,158.96987520864795
styrka,"Bremer, Fredrika",143,2174414,65.76484514908384
styrka,"Brenner, Sophia Elisabeth",8,98020,81.61599673536013
styrka,"Brinkman, Carl Gustaf von",43,438137,98.14281834220803
styrka,"Broberg, Frans August",1,16621,60.16485169364058
styrka,"Broberg, Johan Valentin",2,32291,61.93676256542071
styrka,"Broman, Pehr Gustaf",3,16469,182.16042261218047
styrka,"Brontë, Charlotte",70,440109,159.05150769468472
styrka,"Bruce, Robert Edward",1,492,2032.520325203252
styrka,"Bruhn, August",4,5266,759.5898214963919
styrka,"Bruhn, Johan Niklas",7,40203,174.11635947566103
styrka,"Brunius, Carl Georg",16,111909,142.97330867043758
styrka,"Brunius, Louise",154,1104264,139.4594046351235
styrka,"Bruzelius, Janne",17,242549,70.0889304841496
styrka,"Bruzelius, Viktor",4,29979,133.42673204576536
styrka,"Bråkenhielm, Malvina",3,139530,21.50075252633842
styrka,"Burghausen, Carl Fredrik von",8,63141,126.70055906621688
styrka,"Burnett, Frances Hodgson",5,71418,70.01036153350695
styrka,"Busch, Oscar",3,51393,58.37370848169984
styrka,"Butenschön, Andrea",3,27834,107.78184953653805
styrka,"Bygdén, Leonard",35,1657994,21.109847200894574
styrka,"Byron, George Gordon",2,13628,146.75667742882302
styrka,"Bäcklund, C. M.",5,21187,235.99376976447823
styrka,"Bäckman, Jonas",3,37740,79.4912559618442
styrka,"Bäckman, Wilhelm",11,195807,56.177766882695714
styrka,"Bäckmann, Ida",56,752232,74.44511799551202
styrka,"Bäckström, Edvard",25,242635,103.03542357862634
styrka,"Bäckström, Per Olof",14,413463,33.86034542389525
styrka,"Bååth, Albert Ulrik",54,224022,241.047754238423
styrka,"Bååth-Holmberg, Cecilia",16,335640,47.67012275056608
styrka,"Böhme, Jakob",15,247997,60.484602636322215
styrka,"Börjeson, Hjalmar",6,150570,39.84857541342897
styrka,"Börjesson, Johan",4,105669,37.85405369597517
styrka,"Börk, Isak",2,59872,33.404596472474616
styrka,"Böttiger, Carl Wilhelm",78,780026,99.99666677777408
styrka,"Böös, Erik Kristian",1,1160,862.0689655172414
styrka,"Bützow Runquist, Johan Gustaf",1,58722,17.029392731855182
styrka,"Cajander, Zacharias",1,6976,143.348623853211
styrka,"Cardon, O. B.",2,37300,53.61930294906166
styrka,"Carlberg, Frigga",8,118598,67.45476314946289
styrka,"Carlstedt, Fredrik",21,54952,382.15169602562236
styrka,"Carlström, Anna",1,17514,57.09717939933767
styrka,"Carlström, F. Adolph",3,2169,1383.1258644536654
styrka,"Carlén, Christina Serafia",1,24721,40.45143804862263
styrka,"Carlén, Johan Gabriel",11,86268,127.50962118050725
styrka,"Carlén, Octavia",41,332440,123.33052580916858
styrka,"Carlén, Rosa",82,634900,129.1541975114191
styrka,"Carroll, Lewis",4,93868,42.613031064899644
styrka,"Carstens, Fredrika Vilhelmina",22,119145,184.6489571530488
styrka,"Cavallin, Christian",33,227529,145.03645689120947
styrka,"Cavallin, Severin",13,186485,69.71070059254096
styrka,"Cederberg, Björn",7,160355,43.65314458545103
styrka,"Cederblad, Albert",6,67433,88.9772070054721
styrka,"Cederborg, Carl August",3,99853,30.044164922435982
styrka,"Cederborgh, Fredrik",69,644243,107.10244426404323
styrka,"Cederlund, Anna",9,4392,2049.1803278688526
styrka,"Cederman, Rosalba",12,81481,147.27359752580355
styrka,"Cederqvist, August",5,161625,30.93580819798917
styrka,"Cederström, Claes Henrik",3,24960,120.1923076923077
styrka,"Cederström, Rudolf",2,27826,71.87522461007691
styrka,"Celsius, Olof",1,2696,370.919881305638
styrka,"Centervall, Frans Jonas Gustaf",1,7733,129.315918789603
styrka,"Christiernsson, Henrik",2,68651,29.132860409899347
styrka,"Chronander, Jacobus Petri",3,26460,113.37868480725623
styrka,"Chronwall, Johan Henrik",3,51116,58.69003834415839
styrka,"Chydenius, Karl",18,149994,120.00480019200768
styrka,"Chytræus, Betty",1,30807,32.460155159541664
styrka,"Clementsson, C.",1,13775,72.59528130671507
styrka,"Cleve, Alma",6,117475,51.074696743988085
styrka,"Columbus, Samuel",1,50848,19.666456891126494
styrka,"Cramær, Mauritz",15,117364,127.80750485668518
styrka,"Cramér, Catharina Christina",3,13009,230.60957798447228
styrka,"Cramér, Johan Niclas",1,4737,211.10407430863415
styrka,"Creutz, Gustaf Philip",12,21302,563.3273870998029
styrka,"Cronhamn, Anders Fredrik",1,40444,24.725546434576206
styrka,"Cronholm, Bernhard",6,139940,42.87551807917679
styrka,"Cronstrand, Baltzar",17,139436,121.9197337846754
styrka,"Crusenstolpe, Fredrik",25,321176,77.83894188855955
styrka,"Crusenstolpe, Magnus Jacob",166,1801700,92.13520563911861
styrka,"Cygnæus, Fredrik",67,322815,207.54921549494293
styrka,"Cöster, Fredrik",23,109641,209.77554017201595
styrka,"Daguerre, Louis Jacques Mandé",1,22310,44.82294935006723
styrka,"Dahl, Mattis",72,412666,174.47524147858073
styrka,"Dahlander, Gustaf Robert",4,44786,89.31362479346224
styrka,"Dahlbergh, Erik",1,148587,6.73006386830611
styrka,"Dahlgren, Alta",2,32465,61.60480517480364
styrka,"Dahlgren, Carl Fredric",23,381115,60.34923841884995
styrka,"Dahlgren, Erik Wilhelm",1,18610,53.73455131649651
styrka,"Dahlgren, Fredrik August",27,1296307,20.82839944550172
styrka,"Dahlgren, Lotten",12,122195,98.20369082204672
styrka,"Dahlin, C. S.",4,44288,90.3179190751445
styrka,"Dahlqvist, J. P.",5,37595,132.99640909695438
styrka,"Dahlström, Carl Andreas",7,38470,181.9599688068625
styrka,"Dalström, Kata",62,382442,162.11608557637499
styrka,"Damm, Janne",40,281292,142.20098687484892
styrka,"Dammert, Anna Johanna Natalia",6,24840,241.54589371980677
styrka,"Danielsson, Axel",45,281487,159.86528685161304
styrka,"Danielsson, Eleonore",7,43491,160.95284081764044
styrka,"Danielsson, Johan",6,49644,120.86052695189751
styrka,"Dardel, Fritz von",5,245712,20.349026502572116
styrka,"Darwin, Charles",62,433182,143.1269073968909
styrka,"De Bèsche, Jean Wathier",6,56529,106.14021121902033
styrka,"De Geer, Louis",86,487573,176.38384406027404
styrka,"De Vylder, Gustaf",2,48639,41.11926643228685
styrka,"Dehn, Ida",4,37496,106.67804565820354
styrka,"Dickens, Charles",39,540488,72.15701366172792
styrka,"Didring, Ernst",3,35523,84.45232666159953
styrka,"Dietrichson, Lorentz",2,20253,98.7508023502691
styrka,"Djurklou, Nils Gabriel",1,89057,11.228763600839912
styrka,"Djurström, H.",1,1164,859.106529209622
styrka,"Douglas, Ludvig",5,11552,432.8254847645429
styrka,"Douglass, Frederick",64,336092,190.42405055758542
styrka,"Doyle, Arthur Conan",14,317586,44.082547719357905
styrka,"Drake, Sigrid",14,217327,64.4190551565153
styrka,"Drummond, Henry",1,12132,82.42664029014178
styrka,"Dufva, Elias Walfrid",1,9681,103.29511414110112
styrka,"Dunckel, Dorothea",62,240918,257.3489735096589
styrka,"Durling, Maria",1,55831,17.911196288800127
styrka,"Duse, Samuel August",4,183451,21.804187494208264
styrka,"Dybeck, Richard",1,66563,15.023361326863272
styrka,"Düben, Gustaf von",22,280522,78.42522155125089
styrka,"Eberstein, Carl Christian",3,89661,33.459363602904276
styrka,"Edelcrantz, Abraham Niclas",22,8250,2666.6666666666665
styrka,"Edelfelt, Johanna Catharina, f. Benzelstjerna",9,57416,156.75073150341368
styrka,"Edenberg, Albert Anderson",52,686333,75.76497123116621
styrka,"Edgren, Hjalmar",1,37279,26.824753882883126
styrka,"Edwards, Amelia",7,64911,107.83996549121105
styrka,"Egge, Oscar David",8,25581,312.7321058598178
styrka,"Ehrenborg, Anna Fredrika",31,199937,155.0488403847212
styrka,"Ehrenborg-Posse, Betty",39,276106,141.2500995994292
styrka,"Ehrnrooth, Adelaide",29,466005,62.23109194107359
styrka,"Eichhorn, Christoffer",11,122666,89.67440040435002
styrka,"Ejserman, Jakob Samuel",3,49576,60.513151524931416
styrka,"Ek, Karin",19,146644,129.565478301192
styrka,"Ekbohrn, Carl Magnus",23,246065,93.47123727470384
styrka,"Ekeblad, Karl Johan",4,71881,55.64752855413809
styrka,"Ekebohm, David",1,21175,47.22550177095631
styrka,"Ekelund, Jacob",8,46695,171.32455294999465
styrka,"Ekelund, Vilhelm",435,1301987,334.10471840348634
styrka,"Ekermann, Agnes",49,274026,178.81514892747404
styrka,"Ekerot, Hjalmar",16,94950,168.50974196945762
styrka,"Ekevall, Anders Fredrik",1,13913,71.87522461007691
styrka,"Eklund, R. R.",6,5260,1140.6844106463877
styrka,"Ekman, Ernst",5,18284,273.4631371691096
styrka,"Ekman, Lotten",3,28567,105.01627752301607
styrka,"Ekmarck, Carl Eric",31,64051,483.9893210098203
styrka,"Ekmarck, Lars August",7,39190,178.6169941311559
styrka,"Ekström, Carl Otto",29,305073,95.05921533534597
styrka,"Ekström, Fredrik August",1,7028,142.28799089356858
styrka,"Ekström, Hedvig Aurora",10,189156,52.86641713717778
styrka,"Elfving, Lars",1,11316,88.37044892188052
styrka,"Elgenstierna, Gustaf",52,9471030,5.490427123554672
styrka,"Elgström, Ossian",25,281299,88.87340516674428
styrka,"Elgström, Per",20,104945,190.57601600838535
styrka,"Elkan, Sophie",30,1077057,27.85367905319774
styrka,"Ellmin, Johannes",1,13289,75.25020693806908
styrka,"Elmblad, Magnus",25,98880,252.83171521035598
styrka,"Elmblad, Sigrid",10,83538,119.70600205894324
styrka,"Elmbladh, Alfred",1,419,2386.634844868735
styrka,"Elster, Otto",1,53951,18.53533762117477
styrka,"Emanuelsson, Vendela",15,463020,32.396008811714395
styrka,"Enander, Johan Alfred",15,65628,228.56098006948253
styrka,"Enbom, Per Ulrik",9,26947,333.9889412550562
styrka,"Eneberg, Karl Fredrik",7,24235,288.8384567773881
styrka,"Eneroth, Carl",102,861555,118.3905844664589
styrka,"Eneroth, Olof",7,39268,178.26219822756443
styrka,"Engbom, John Fredrik",1,796,1256.2814070351758
styrka,"Engdahl, Axel",5,66822,74.82565622100506
styrka,"Engelke, Wilhelm",2,30904,64.71654154801968
styrka,"Engström, Agnes",2,23155,86.37443316778234
styrka,"Engström, Albert",16,354444,45.14112243400932
styrka,"Engström, Jon",19,346862,54.77682767210015
styrka,"Engström, Thekla",1,8083,123.71644191513052
styrka,"Ennes, Barthold Anders",30,261803,114.58997796052758
styrka,"Erdeman, C. G.",1,5361,186.53236336504384
styrka,"Ericsson, Olof Abraham",11,25139,437.56712677513025
styrka,"Eriksson, Erik Gustaf",10,47606,210.05755577028106
styrka,"Esselin, Hedvig",5,28153,177.60096614925584
styrka,"Essen, Gustaf von",6,39673,151.23635722027575
styrka,"Essen, Johan August von",4,60413,66.21091486931621
styrka,Eugénie,4,41997,95.24489844512703
styrka,"Evers, Edvard",3,39964,75.06756080472425
styrka,"Fagerlund, Gustaf Wilhelm",3,19514,153.73577944040176
styrka,"Fagerström, Victor",1,20256,49.368088467614534
styrka,"Fahlcrantz, Axel Magnus",5,40294,124.0879535414702
styrka,"Fahlcrantz, Christian Eric",9,46904,191.88128944226506
styrka,"Fahlgrén, Carl Isaac",3,52325,57.33397037744864
styrka,"Fahlstedt, Amalia",6,144983,41.38416228109502
styrka,"Falck, August",3,78704,38.11750355763367
styrka,"Falk, Hugo",20,114461,174.73200478765693
styrka,"Falkman, Charlotta",10,205708,48.612596496004045
styrka,"Fallström, Daniel",15,162476,92.32132745759374
styrka,"Fant, Johan Eric",20,597435,33.47644513629098
styrka,"Feilitzen, Otto von",15,75453,198.79925251481055
styrka,"Feilitzen, Urban von",18,50455,356.75354276087603
styrka,"Fersen, Axel von",73,814046,89.67552202209703
styrka,"Feuk, Carl Gustaf Theodor",4,11233,356.0936526306419
styrka,"Fischer, Theodor",6,17013,352.6714865103156
styrka,"Fitinghoff, Laura",6,298599,20.093838224508456
styrka,"Fitzgerald, F. Scott",1,61859,16.165796407960038
styrka,"Fjetterström, Rudolf",1,8506,117.56407241946862
styrka,"Flink, August",1,24673,40.530134154744054
styrka,"Flodin, Sigfrid",1,52321,19.112784541579863
styrka,"Flodman, Anders",60,727913,82.42743294871778
styrka,"Flygare, Edvard",5,195321,25.598885936484045
styrka,"Flygare-Carlén, Emilie",579,5493966,105.38834787110076
styrka,"Fogelholm, Axel",1,37756,26.48585655260091
styrka,"Fogelqvist, Torsten",4,20150,198.51116625310175
styrka,"Fornell, Bror Edvard",101,427572,236.21752593715212
styrka,"Forsman, Karl Fredrik",4,52893,75.624373735655
styrka,"Forssberg, Edvard August",4,10545,379.3266951161688
styrka,"Forssell, Didrik Christian",5,46466,107.60556105539534
styrka,"Forssell, Emil",5,68581,72.90649013575188
styrka,"Forsslund, Karl-Erik",22,231222,95.14665559505583
styrka,"Forssman, Edith",61,716693,85.11315165628798
styrka,"Frank, Sten",14,95110,147.1979812848281
styrka,"Fransén, Johan",1,1718,582.0721769499418
styrka,"Franzén, Frans Michael",79,427605,184.7499444580863
styrka,"Fredberg, Carl Rudolf A:son",6,31647,189.5914304673429
styrka,"Fredin, Edvard",14,67725,206.71834625322998
styrka,"Frese, Jacob",6,25844,232.1622039931899
styrka,"Friman, Jeanette Charlotta",25,267275,93.53661958656814
styrka,"Frunck, Gudmund",7,189241,36.989870059870746
styrka,"Frykholm, Maria Barbara",3,114913,26.106706812980253
styrka,"Frykholm, Sunny",3,98036,30.601003712921784
styrka,"Fryxell, Anders",6,52461,114.370675358838
styrka,"Fryxell, Fredrik",2,15353,130.2677001237543
styrka,"Fryxell, Olof",24,199450,120.3309100025069
styrka,"Fröding, Gustaf",13,178104,72.99106140232674
styrka,"Fröléen, Johan Fredrik",2,5341,374.4617112900206
styrka,"Furuhjelm, August Leonhard",4,36425,109.8146877144818
styrka,"Furuhjelm, Maria",7,305890,22.884043283533295
styrka,"Fåhræus, Olof Immanuel",1,8157,122.59409096481549
styrka,"Gadelius, Bror",24,197298,121.64340236596418
styrka,"Gadolin, Sara Carolina",2,24254,82.46062505153789
styrka,"Geijer, Erik Gustaf",521,4255809,122.42090751723116
styrka,"Geijerstam, Gustaf af",158,1634054,96.6920309855121
styrka,"Gellerstedt, Albert Theodor",1,41357,24.179703556834394
styrka,"Gernandt-Claine, Jane",16,243832,65.61895075297745
styrka,"Gestrin, Mathilda",15,257351,58.28615392984678
styrka,"Gethe, Carl",16,16285,982.4992324224746
styrka,"Giertz, Theodor",2,37772,52.949274594938046
styrka,"Gille, Elsa",10,45578,219.4040984685594
styrka,"Gleerup, Nils",1,6097,164.0150893882237
styrka,"Goethe, Johann Wolfgang von",3,105706,28.38060280400356
styrka,"Goncourt, Edmond de",7,157664,44.39821392327988
styrka,"Gottman, Georg August",1,14798,67.57669955399378
styrka,"Govenius, Lars Johan",88,895930,98.22195930485641
styrka,"Grafström, Frithiof",14,56877,246.14519049879564
styrka,"Granath, Wilhelm",732,4318088,169.51947250727636
styrka,"Granberg, Johan",3,35561,84.36208205618514
styrka,"Granberg, Per Adolf",14,33715,415.24543971526026
styrka,"Granberg, Robert",1,6621,151.03458692040476
styrka,"Granfelt, Axel Fredrik",12,38718,309.9333643266698
styrka,"Granfelt, George",1,13641,73.30840847445202
styrka,"Granholm, J.",16,70485,226.9986521955026
styrka,"Granlund, O. F.",2,4430,451.46726862302484
styrka,"Gravallius, Daniel Ehrenfried",4,30443,131.39309529284236
styrka,"Gravallius, Wilhelmina",114,957722,119.03245409419435
styrka,"Gravander, Lars Fredric",3,27033,110.97547442015315
styrka,"Grebst, William A:son",4,55567,71.98517105476272
styrka,"Grimm, Jacob",6,312708,19.187228980390653
styrka,"Gripenberg, Alexandra",5,161312,30.99583415988891
styrka,"Gripenhielm, Carl",1,10407,96.08917075045642
styrka,"Gross, Amalie von",1,15772,63.403499873193
styrka,"Grubbe, Samuel",1,4553,219.63540522732265
styrka,"Gräf, Hans Gerhard",3,35604,84.26019548365352
styrka,"Gråbergh, Otto",1,33001,30.302112057210387
styrka,"Grönstedt, Johan",6,263481,22.77204048868799
styrka,"Grönwall, Wilhelmina",14,107919,129.72692482324706
styrka,"Gullberg, Gustaf Teodor ",1,52618,19.00490326504238
styrka,"Gullbrandssen, Emilia",11,140190,78.46494043797703
styrka,"Gumælius, Gustaf Wilhelm",4,106487,37.5632706339741
styrka,"Gustafsson, Richard",33,393052,83.95835665509907
styrka,"Gustav III, kung av Sverige",7,6553,1068.2130321989928
styrka,"Gylander, Ebba Karolina",4,42516,94.0822278671559
styrka,"Gyllenborg, Gustaf Fredrik",23,51577,445.93520367605714
styrka,"Gyllenhaal, Aurore",16,199328,80.26970621287526
styrka,"Gyllenhaal, Mathilda",3,8527,351.8236190922951
styrka,"Gynther, Otto Fredrik",5,12590,397.1405877680699
styrka,"Gällstedt, Per Johan",9,82482,109.11471593802284
styrka,"Gérard, Jean Ignace Isidore",15,99295,151.06500830857544
styrka,"Gödecke, Peter August",5,73357,68.1598211486293
styrka,"Göransson, Zacharias",6,9180,653.59477124183
styrka,"Götberg, Reinhold",6,62296,96.31437010401952
styrka,"Göthe, Georg",16,73561,217.50655918217535
styrka,"Götlind, Johan",3,136741,21.939286680659055
styrka,"Hackzell, Emilie",45,413990,108.6982777361772
styrka,"Hagberg, Carl August",8,44710,178.93088794453143
styrka,"Hagberg, Fredrik Theodor",1,6564,152.34613040828762
styrka,"Hagberg, Louise",6,307039,19.54149147176743
styrka,"Hagberg, Theodor",3,32331,92.79020135473694
styrka,"Haglöf, Karl",1,3873,258.1977794990963
styrka,"Hagström, K. A.",32,1026078,31.18671290096854
styrka,"Hagström, Per Adolf",1,7568,132.1353065539112
styrka,"Hagström, Tore",1,647980,1.5432575079477762
styrka,"Hagströmer, Johan",1,5483,182.3819077147547
styrka,"Hahn, C. von",6,47419,126.53155907969379
styrka,"Hallbäck, Henric",8,80304,99.62143853357243
styrka,"Hallenborg, Eleonora Charlotta Filippina Fredrika Lovisa",4,42335,94.48446911538916
styrka,"Hallgrén, Gustaf",7,15737,444.8115905191587
styrka,"Hallman, Axel",4,82887,48.25847237805687
styrka,"Hallonlöf, Axel",3,45803,65.49789315110364
styrka,"Hallén, Birger",8,59542,134.35893990796413
styrka,"Hammargren, Tullius",1,59915,16.690311274305266
styrka,"Hammarin, Johan",14,415181,33.72023286229379
styrka,"Hammarsköld, Carin",1,11361,88.02042073761113
styrka,"Hammarsköld, Lorenzo",25,508812,49.134061303585604
styrka,"Hammarström, Anders August",1,6874,145.47570555717195
styrka,"Hanselli, Per",42,140420,299.1026919242273
styrka,"Hansson, Ola",19,565301,33.61041285969775
styrka,"Hansson, Stina",3,88498,33.89907116545007
styrka,"Hansén, M.",2,13448,148.720999405116
styrka,"Harrison, Mary St. Leger Kingsley",18,185623,96.97074177230192
styrka,"Hartelius, Truls Johan",3,27321,109.80564401010211
styrka,"Hasselberg, Sofia",2,9378,213.26508850501173
styrka,"Hasselblad & Co., Fritz W.",4,203553,19.65090173075317
styrka,"Hasselgren, Andreas",4,69844,57.270488517267054
styrka,"Hasselskog, Nils",12,255325,46.998922941349264
styrka,"Hazelius, Artur",13,77745,167.21332561579524
styrka,"Hebbe, Wendela",19,287495,66.08810588010226
styrka,"Hedberg, Frans",112,1980962,56.53818700207273
styrka,"Hedberg, John",1,30794,32.47385854387218
styrka,"Hedberg, Tor",38,465602,81.61476969600646
styrka,"Hedborn, Samuel",6,62846,95.47146994239888
styrka,"Hedenstierna, Alfred",76,1437853,52.856585478487716
styrka,"Hedin, Greta",15,161322,92.98173838658087
styrka,"Hedin, Sven",166,2332042,71.18225143457965
styrka,"Hedlund, Henrik",1,4983,200.6823198876179
styrka,"Hedlund, Sven Adolf",4,49090,81.48299042574862
styrka,"Hedvall, Yngve",21,267199,78.59310850714262
styrka,"Hedvig Elisabet Charlotta, hertiginna och drottning av Sverige",55,882900,62.29471061275343
styrka,"Heidenstam, Verner von",83,1060212,78.28622954654352
styrka,"Hellberg, Johan Carl",2,29907,66.87397599224262
styrka,"Hellborg, Ernst",6,10532,569.692366122294
styrka,"Heller, Frank",15,685394,21.88522222254645
styrka,"Helvig, Amalia von",6,77907,77.01490238361123
styrka,"Hemgren, Karl",5,21800,229.3577981651376
styrka,"Hemmer, Jarl",5,51141,97.76891339629651
styrka,"Henriksson, Johannes",10,75170,133.03179459890913
styrka,"Hermelin, Eric",4,34651,115.43678393119967
styrka,"Hermelin, Olof, d. y.",10,42611,234.6811856093497
styrka,"Hernlund, Hugo",31,139274,222.5828223501874
styrka,"Herslow, G. A.",14,60794,230.28588347534296
styrka,"Hertzberg, Rafaël",27,277692,97.23002463160624
styrka,"Hessling, Carl Fredrik",1,13779,72.57420712678714
styrka,"Heurgren, Paul",3,92804,32.326192836515666
styrka,"Hildebrand, Albin",12,88952,134.9042180052163
styrka,"Hildebrand, Hans",1,38520,25.96053997923157
styrka,"Hjelm, Runo",13,223295,58.21894802839293
styrka,"Hjelmqvist, Theodor",6,8288,723.9382239382239
styrka,"Hjerta, Gustaf",3,7944,377.64350453172204
styrka,"Hjohlman, Hjalmar",4,55038,72.67705948617319
styrka,"Hjorth, Ellis",1,52329,19.109862600087904
styrka,"Hjärne, Gustafva Sophia",3,2155,1392.1113689095127
styrka,"Hjärne, Rudolf",24,170067,141.12085236994832
styrka,"Hodell, Frans",2,24780,80.71025020177562
styrka,"Hofberg, Herman",104,1583749,65.6669712182928
styrka,"Hoffmann, Franz",7,154897,45.19132068406748
styrka,"Hofsten, Johanna Christina von",48,801558,59.88337712305285
styrka,"Hollander, Sven August",3,45539,65.87759942027712
styrka,"Hollgren, Carl Axel",5,49840,100.32102728731942
styrka,"Holmberg, Axel Emanuel",25,96806,258.24845567423506
styrka,"Holmberg, Paul Elis",1,2995,333.889816360601
styrka,"Holmberg, Teodor",37,91248,405.48833947045415
styrka,"Holmes, Ludvig",5,57410,87.09284096847239
styrka,"Holmgren, Ann Margret",9,124392,72.35191973760371
styrka,"Holmgren, Frithiof",21,107290,195.73119582440117
styrka,"Holmkvist, Albert",3,78188,38.369059190668644
styrka,"Holmström, C. F. A.",11,101206,108.68920814971445
styrka,"Holtz, Hildegard",5,11791,424.05224323636673
styrka,"Hortling, Ivar",5,31979,156.35260639794865
styrka,"Hoving, Folke",2,19414,103.01844030081385
styrka,"Hoving, Isac Wilhelm",4,17466,229.01637467078896
styrka,"Huldberg, Pehr Ulric",2,16638,120.20675561966583
styrka,"Hulth, Johan",3,14759,203.2658039162545
styrka,"Hulthén, Joh.",1,1443,693.000693000693
styrka,"Hultin, Constance",26,211848,122.72950417280315
styrka,"Hultin, Måns",10,104686,95.5237567583058
styrka,"Humble, Julius",2,29616,67.53106428957321
styrka,"Huss, Elvira",3,43491,68.9797889218459
styrka,"Hwasser, Daniel",3,9167,327.2608268790226
styrka,"Hwasser, Israel",20,151164,132.30663385462148
styrka,"Hydén, Nils",81,600689,134.84515281618275
styrka,"Hyltén-Cavallius, Gunnar Olof",21,447526,46.924647953415
styrka,"Hyvönen, Kristina",2,7239,276.2812543168946
styrka,"Hägerström, Axel",3,63718,47.0824570764933
styrka,"Hässler, Otto",16,401643,39.83637210159271
styrka,"Häthén, Johan Anselm",2,100609,19.878937272013438
styrka,"Håhl, Johan Isaac",3,366984,8.17474331305997
styrka,"Hård af Segerstad, Carl Gustaf Albrekt",4,17574,227.60896779333106
styrka,"Hærén, Mortimer",5,41076,121.72558184828124
styrka,"Högberg, Johan Daniel",1,17699,56.50036725238714
styrka,"Högberg, Olof",55,342748,160.4677489000665
styrka,"Höggren, Fanchette",5,117916,42.403066589775776
styrka,"Högman, August",5,82592,60.53855094924448
styrka,"Högström, Erik",3,21820,137.4885426214482
styrka,"Höijer, Benjamin",2,41778,47.87208578677773
styrka,"Höijer, Johan Leonard",8,58891,135.84418671783465
styrka,"Höpken, Anders Johan von",48,465537,103.10673480303392
styrka,"Hülphers, Abraham Abrahamsson",1,59439,16.823970793586703
styrka,"Ibsen, Henrik",31,172802,179.39607180472447
styrka,"Idman, Carl Johan",4,12060,331.6749585406302
styrka,"Idström, Ellen",9,240165,37.47423646243208
styrka,"Indebetou, Hedvig",4,72245,55.36715343622396
styrka,"Indebetou, Johan Govert",8,39103,204.58788328261258
styrka,"Ingelius, Axel Gabriel",80,406515,196.79470622240262
styrka,"Ingelman, Georg Gabriel",17,166856,101.88425948122932
styrka,"Iser, Carl",6,13308,450.8566275924256
styrka,"Ivendorff, Carl Johan",11,78318,140.45302484741694
styrka,"Jacobson, Harald",15,68191,219.97037732252056
styrka,"Jacobsson, Christoffer Fritz",20,94800,210.9704641350211
styrka,"Jacobsson, Jacob Thimoteus",15,50548,296.74764580200997
styrka,"Jahnsson, Evald Ferdinand",11,138548,79.39486676097815
styrka,"James, D.",22,311224,70.68863583785313
styrka,"Janson, Betty",22,301130,73.05814764387473
styrka,"Janson, Gustaf",24,218309,109.93591652199406
styrka,"Janson, Lorens Edvard",1,12204,81.94034742707309
styrka,"Janzon, Gustaf",3,37302,80.4246421103426
styrka,"Jefferyes, James Bavington",1,59136,16.91017316017316
styrka,"Jensen, Alfred",4,26471,151.10876053039175
styrka,"Johanson, Klara",17,269173,63.15640870369614
styrka,"Johanson, Olle",1,9165,109.11074740861974
styrka,"Johanson, Per Johan",2,9878,202.47013565499088
styrka,"Johansson, Anna Mathilda Cecilia Johannesdotter",1,13703,72.97672042618404
styrka,"Johansson, Johannes",10,77724,128.66038803973032
styrka,"Johansson, Konrad",5,13105,381.53376573826785
styrka,"Johansson-Dickens, Sven Johan Julius",3,79768,37.60906629224752
styrka,"Johnson, John",20,695158,28.770437799752
styrka,"Jolin, Ellen",5,82543,60.57448844844505
styrka,"Jolin, Johan",97,1428470,67.9048212423082
styrka,"Jonsson, Hans Jonas Bernhard",1,6420,155.76323987538942
styrka,"Jonsson, Thorsten",28,311386,89.92054877226336
styrka,"Josephson, Ludvig",14,134746,103.89918810205869
styrka,"Jouvin, Maria",1,27905,35.83587170757929
styrka,"Junghans, Sofie",1,95748,10.444082382921836
styrka,"Juringius, Johan Paul",1,9676,103.34849111202976
styrka,"Juringius, Sofia Maria",5,123470,40.49566696363489
styrka,"Jäderin, Axel",6,81045,74.03294466037387
styrka,"Jändel, Ragnar",12,240187,49.96107199806817
styrka,"Järta, Hans",52,129571,401.3243704223939
styrka,"Jænisch, Alexander",3,97007,30.925603306977848
styrka,"Kahlson, Gustaf",10,20885,478.8125448886761
styrka,"Kamke, Hanna",4,76341,52.39648419591045
styrka,"Kantzow, Edvard Bosanquet S:t George de",1,18050,55.40166204986149
styrka,"Karadja, Mary",3,34514,86.92124934809063
styrka,"Karl XV, kung av Sverige",23,67215,342.18552406456894
styrka,"Karlfeldt, Erik Axel",19,193894,97.99168617904628
styrka,"Kellgren, Johan Henric",16,43249,369.9507503063655
styrka,"Kellmodin, Frithiof",16,48882,327.3188494742441
styrka,"Kemner, Gustaf Wilhelm",1,6076,164.58196181698486
styrka,"Kerfstedt, Amanda",48,672155,71.41209988767471
styrka,"Kerfve, Axel",254,1394284,182.17235512994483
styrka,"Kernell, Samuel Erik",8,14234,562.0345651257552
styrka,"Key, Ellen",143,517640,276.25376709682405
styrka,"Key, Gustaf",4,20925,191.15890083632019
styrka,"Key, Helmer",4,27372,146.13473622680112
styrka,"Key-Rasmussen, Hedda",8,27816,287.60425654299684
styrka,"Keyland, Nils",8,313867,25.48850309207403
styrka,"Keyser, Hilda Fredrika",39,378660,102.99477103470132
styrka,"Kiellman-Göranson, Julius Axel",125,1984954,62.973751532781115
styrka,"Kierkegaard, Søren",5,68079,73.44408701655429
styrka,"Kinberg, August",2,7480,267.379679144385
styrka,"Kinninmundt, Sophie Henriette",3,14650,204.77815699658703
styrka,"Kipling, Rudyard",57,334573,170.36640733113552
styrka,"Kjellander, Ernst Jonas Fredrik",17,82121,207.01160482702355
styrka,"Kjellberg, Isidor",9,68685,131.0329766324525
styrka,"Kjellenberg, Matthias",24,75592,317.49391469996823
styrka,"Kjellgren, Josef",28,289746,96.6363642638725
styrka,"Kjellin, Mårten Gustaf",5,36119,138.43129654752346
styrka,"Kjellstedt, Harald",2,12270,162.99918500407497
styrka,"Kjellstrand, Johan Fredrik",2,12113,165.1118632873772
styrka,"Kjellén, Rudolf",1,5302,188.6080724254998
styrka,"Kleen, Tyra",9,48825,184.33179723502303
styrka,"Kleman, Anna",1,6494,153.9882968894364
styrka,"Kleman, Ellen",12,37650,318.7250996015936
styrka,"Klemming, Gustaf Edvard",19,673781,28.199073586224603
styrka,"Klinckowström, Axel",5,50191,99.61945368691597
styrka,"Klinckowström, Rudolf Mauritz",1,7751,129.01561088891756
styrka,"Klockhoff, Daniel",9,161786,55.62904083171597
styrka,"Kléen, Emil",6,109423,54.83307896877256
styrka,"Knorring, Sophie von",98,1296030,75.61553359104342
styrka,"Knutsson, Albertina",3,10887,275.5580049600441
styrka,"Knös, Thekla",5,174573,28.641313376066172
styrka,"Koch, Martin",50,442498,112.994860993722
styrka,"Koch, Richert von",24,553374,43.370306519641325
styrka,"Kock, Carl Anton",2,8177,244.58847988259754
styrka,"Krok, Johan Peter",14,155292,90.15274450712207
styrka,"Krona, Ola",1,13911,71.88555819135935
styrka,"Kronqvist, Olivia",2,12486,160.17940092904053
styrka,"Krook, Axel",43,505482,85.06732188287614
styrka,"Krook, Herman Salomon",16,73168,218.67483052700635
styrka,"Krook, Max",1,27655,36.15982643283312
styrka,"Kruse, Sigrid",3,31330,95.7548675390999
styrka,"Krusenstjerna, Agnes von",67,1272288,52.661032722150956
styrka,"Krusenstjerna, Fredrik von",5,31371,159.382869529183
styrka,"Kræmer, Anders Robert von",20,75135,266.187529114261
styrka,"Kræmer, Lotten von",21,240151,87.44498253182373
styrka,"Kræmer, Vera von",5,269227,18.571688575068624
styrka,"Kröningssvärd, Gustaf Carl",1,72445,13.803575125957623
styrka,"Kullberg, Carl A.",2,49463,40.43426399530963
styrka,"Kullberg, Karl Anders af",110,1320947,83.27359084051064
styrka,"Kullgren, Karl E.",1,10694,93.51037965214138
styrka,"Kullgren, Olga",2,18644,107.2731173567904
styrka,"Kuylenstierna-Wenster, Elisabeth",5,131767,37.94576790850516
styrka,"Kvist, Johan",1,2216,451.2635379061372
styrka,"Källström, Axel",3,2723,1101.7260374586854
styrka,"Kämpe, Alfred",22,221984,99.10624189130748
styrka,"Kärrström, E. J.",6,27653,216.97465012837668
styrka,"Kåhlman, Viktor",4,12270,325.99837000814995
styrka,"Köhler, Emmy",1,28008,35.70408454727221
styrka,"Lagerberg, Swen",3,122556,24.478605698619408
styrka,"Lagerbring, Gustaf",8,103862,77.02528354932507
styrka,"Lagergren, Carl",2,16540,120.91898428053204
styrka,"Lagergren, Claes",2,34748,57.55726948313572
styrka,"Lagerheim, Gustaf Adolf",1,2539,393.8558487593541
styrka,"Lagerhjelm, Agnes",6,47239,127.01369631025213
styrka,"Lagerlöf, Hedvig",1,84898,11.778840490942072
styrka,"Lagerlöf, Selma",175,4219670,41.472437418091936
styrka,"Lagerman, J.",1,22871,43.723492632591494
styrka,"Lagerström, Selma",1,15092,66.260270341903
styrka,"Lagervall, Gustaf Fredrik",1,34850,28.694404591104735
styrka,"Lagervall, Jacob Fredrik",7,21288,328.82375046974823
styrka,"Lagus, Aina",3,18450,162.60162601626016
styrka,"Lagus, Gabriel",5,81704,61.19651424654852
styrka,"Lamm, Martin",15,219178,68.43752566407213
styrka,"Landahl, Martin",12,146745,81.77450679750588
styrka,"Landberg, Carlo",1,10740,93.10986964618249
styrka,"Landquist, Ellen",9,44571,201.92501850979338
styrka,"Landqvist, Rudolf",3,38814,77.2916988715412
styrka,"Lange, Ina",7,120439,58.12070840840592
styrka,"Langlet, Mathilda",5,730687,6.842875266701063
styrka,"Lannerstjerna, Johan Magnus",7,42628,164.2113165055832
styrka,"Larsson, Carl",3,106489,28.171923860680447
styrka,"Larsson, Hans",7,132200,52.9500756429652
styrka,"Larsson, Leon",2,22591,88.53083086184763
styrka,"Laurin, Carl G.",1,33112,30.200531529354915
styrka,"Laurén, Ludvig Leonard",8,72075,110.99549080818592
styrka,"Lavater, Johann Caspar",2,11540,173.3102253032929
styrka,"Leffler, Anne Charlotte",32,483270,66.21557307509259
styrka,"Leijonhufvud, Sigrid",1,114591,8.7266888324563
styrka,"Leistenius, Jacob Gabriel",18,151097,119.12877158381701
styrka,"Lenngren, Anna Maria",9,54645,164.69942355201758
styrka,"Lennstrand, Viktor E.",19,72489,262.1087337389121
styrka,"Leopold, Carl Gustaf af",10,5628,1776.8301350390902
styrka,"Leufstedt, Gustaf Joakim",9,105646,85.19016337580221
styrka,"Levart, Johan",9,74990,120.01600213361782
styrka,"Levertin, Oscar",57,563813,101.09734965316514
styrka,"Levin, August Henrik",1,39352,25.411669038422442
styrka,"Levin, Carl Herman",7,48113,145.4908236859061
styrka,"Lewald, August",16,91769,174.3508156349094
styrka,"Lidback, Paul Gustaf Andreios",25,90611,275.904691483374
styrka,"Lidforss, Bengt",1,19597,51.0282186048885
styrka,"Lidholm, Alfred",1,36228,27.602959037208787
styrka,"Liebesheim, J. R.",1,10913,91.63383121048291
styrka,"Lilja, Nils",9,103547,86.91705215988874
styrka,"Liljegren, Johan Gustaf",1,110408,9.057314687341497
styrka,"Lilliecrona, Casper Henning",1,9556,104.64629552113855
styrka,"Lilliestierna, August Edvard",13,83278,156.1036528254761
styrka,"Lilljebjörn, Elisabeth",2,48109,41.57226298613565
styrka,"Limborg, Ossian",13,142379,91.30559984267343
styrka,"Linck, Emma Elisabeth",8,182760,43.77325454147516
styrka,"Linck, Josef",2,34819,57.43990350096212
styrka,"Lind, Carl",23,116442,197.52323044949418
styrka,"Lind, Erik Henrik",2,224146,8.922755703871584
styrka,"Lindahl, Sven Peter August",3,21318,140.72614691809738
styrka,"Lindberg, Erik Magnus",7,17659,396.398437057591
styrka,"Lindberg, Otto Emil",2,29295,68.27103601297149
styrka,"Lindberg, Per",38,524704,72.4217844727694
styrka,"Lindblad, Adolf",3,27336,109.74539069359086
styrka,"Lindblad, Elis Wilhelm",21,79096,265.5001517143724
styrka,"Lindblad, Johan Michael",10,106424,93.96376757122454
styrka,"Lindblom, Edel",10,93988,106.39656126313997
styrka,"Lindbäck, Olof",9,26587,338.51130251626734
styrka,"Lindeberg, Anders",98,420459,233.07861170768138
styrka,"Lindeberg, Axel",1,15797,63.303158827625495
styrka,"Lindeblad, Assar",13,116008,112.0612371560582
styrka,"Lindell, Olof",2,7718,259.1344908007256
styrka,"Linder, Marie",7,52998,132.08045586625911
styrka,"Linder, Sten",40,185504,215.6287735035363
styrka,"Linderman, Zenaida",6,37390,160.47071409467773
styrka,"Lindfors, Otto",5,68693,72.78762028154252
styrka,"Lindgren, Anders",1,32577,30.69650366823219
styrka,"Lindgren, Hellen",6,42817,140.13125627671252
styrka,"Lindgren, Ida",4,41886,95.49730220121282
styrka,"Lindgren, Martin",9,105917,84.97219520945646
styrka,"Lindh, Theodor",9,91213,98.67014570291515
styrka,"Lindholm, Charlotte",2,22423,89.19413102617848
styrka,"Lindholm, Fredrik",24,289127,83.00850491306589
styrka,"Lindholm, Per August",22,479022,45.92690941125878
styrka,"Lindholm, Valdemar",14,85450,163.83850204798128
styrka,"Lindhé, Wilma",44,635336,69.25469357946032
styrka,"Lindkvist, Alfred",3,141703,21.171040838937778
styrka,"Lindman, Volmar",11,102515,107.30137053114179
styrka,"Lindorm, Erik",5,80816,61.86893684418927
styrka,"Lindqvist, Fredrika Lovisa",1,20239,49.40955580809329
styrka,"Lindqvist, Gustaf",1,87979,11.366348787778902
styrka,"Lindqvist, Josef",34,733103,46.37820333568407
styrka,"Lindqvist, Märta",2,63252,31.61955353190413
styrka,"Lindqvist, Thure",1,16503,60.595043325455975
styrka,"Lindqvist, Uno Leopold",11,90064,122.13537040326878
styrka,"Lindskoug, Anders",4,28229,141.69825356902476
styrka,"Lindstedt, Sofi",2,2511,796.4954201513341
styrka,"Lindström, Johan Gabriel",1,2032,492.12598425196853
styrka,"Lindström, Lars",4,2181,1834.0210912425493
styrka,"Lindström, Sigfrid",9,116360,77.34616706772087
styrka,"Ling, Per Henrik",168,492118,341.38153857408184
styrka,"Linnarsson, Linnar",26,500119,51.98762694478714
styrka,"Linnerhielm, Jonas Carl",31,256311,120.94681851344656
styrka,"Ljungberg, Eva",19,147072,129.18842471714535
styrka,"Ljungberg, Per Adolf",6,171664,34.95199925435735
styrka,"Ljunggren, Albert Gustaf",8,98892,80.89633135137322
styrka,"Ljunggren, C. Aug.",4,47444,84.30992327796982
styrka,"Ljunggren, Gustaf",340,1909848,178.0246386099836
styrka,"Ljungqvist, K. O.",1,12633,79.15776141850708
styrka,"Ljungstedt, Aurora",149,2310610,64.4851359597682
styrka,"Lloyd, Llewellyn",21,136804,153.50428350048244
styrka,"Londen, Lilly",9,70211,128.18504222985
styrka,"Lovisin, Carl G. G.",3,42096,71.26567844925884
styrka,"Lovén, Nils",1,19487,51.31626212346693
styrka,"Lund, Sigurd",1,19330,51.733057423693744
styrka,"Lundberg, Emilie",2,93190,21.461530207103767
styrka,"Lundberg, Johan Fredrik",1,7065,141.54281670205236
styrka,"Lundberg, Theo",2,10154,196.9667126255663
styrka,"Lundeberg, Amalia",1,1930,518.1347150259068
styrka,"Lundeblom, Richard",10,121644,82.20709611653677
styrka,"Lundegård, Axel",100,997912,100.20923688661927
styrka,"Lundequist, Nils Wilhelm",14,65002,215.37798836958862
styrka,"Lundequist, Sophie",6,33250,180.45112781954887
styrka,"Lundgren, Johan Erik",3,12967,231.35652039793322
styrka,"Lundgren, Nils August",1,13398,74.63800567248843
styrka,"Lundin, Anders",15,117497,127.66283394469646
styrka,"Lundin, August",3,200208,14.98441620714457
styrka,"Lundin, Claës",37,630197,58.711799643603506
styrka,"Lundmark, Janne",1,11704,85.44087491455913
styrka,"Lundquist, Aurora",9,300269,29.97312409872481
styrka,"Lundquist, Ernst",47,1133848,41.451764257643
styrka,"Lundqvist, Johan",4,66266,60.36278030966106
styrka,"Lundstedt, Bernhard",9,784763,11.468430596243707
styrka,"Lundström, Georg",7,72582,96.44264418175305
styrka,"Lundström, Ingeborg",2,72982,27.404017428955086
styrka,"Lundström, Isidor",1,46261,21.616480404660514
styrka,"Lundström, Mathilda",46,360084,127.74796991813021
styrka,"Lundström, Vilhelm",2,23072,86.68515950069349
styrka,"Lunell, Lars",9,156052,57.67308333119729
styrka,"Lybeck, Mikael",30,355293,84.43735170690107
styrka,"Lyckow, Gustaf",3,43595,68.81523110448445
styrka,"Lydrikson, Albin",1,6264,159.64240102171138
styrka,"Lysander, Albert Theodor",2,42442,47.12313274586494
styrka,"Läffler, Frits",1,6322,158.17779183802594
styrka,"Læstadius, Petrus",9,150434,59.826900833588155
styrka,"Lénström, Carl Julius",90,594590,151.36480600077365
styrka,"Löfgren, Eliel",22,103123,213.33747078731224
styrka,"Löfgren, Nils Isak",7,302305,23.155422503762757
styrka,"Löfving, Concordia",11,103786,105.98732006243617
styrka,"Löhman, Lars Vilhelm",15,66952,224.04110407456088
styrka,"Lönegren, Johan Georg",4,28009,142.81123924452854
styrka,"Lönnbeck, Gustaf Ferdinand",1,11177,89.46944618412812
styrka,"Lönnberg, Mathilda",39,816900,47.741461623209695
styrka,"Magalotti, Lorenzo",7,61692,113.46690008428969
styrka,"Magnell, Carl Jakob",3,33616,89.24321751546883
styrka,"Magnussen, Johan Peter",3,9533,314.69631805307876
styrka,"Mallander, Gustaf Richard",6,112088,53.52936978088645
styrka,"Malling, Mathilda",26,500989,51.89734704753997
styrka,"Mallén, Elias Emanuel",2,25148,79.5291872117067
styrka,"Malm, Gustaf",1,5521,181.12660749864156
styrka,"Malmgren, Thure",18,97568,184.48671695637915
styrka,"Malmgren, V. E.",5,12451,401.5741707493374
styrka,"Malmquist, Frithiof",16,25594,625.1465187153239
styrka,"Malmqvist, Anna Elisabeth",6,28818,208.20320632937748
styrka,"Malmström, Bernhard Elis",26,163620,158.90477936682558
styrka,"Malmström, Karl Robert",6,82779,72.4821512702497
styrka,"Mankell, Julius",14,30340,461.43704680290045
styrka,"Mannegard, Vilhelm",5,51409,97.25923476434087
styrka,"Mannerfelt, Otto",1,28214,35.44339689515843
styrka,"Marin, Otto Ulrik",20,174931,114.33079328420921
styrka,"Martinsson, Herman",3,5114,586.6249511145874
styrka,"Mattsson, Sven",3,84392,35.54839321262679
styrka,"Meijer, Bernhard",37,543470,68.08103483172944
styrka,"Melander, Emil",4,29322,136.4163426778528
styrka,"Melander, Richard",103,583868,176.4097364472792
styrka,"Melefors, Evert",3,70716,42.42321398269133
styrka,"Melin, Karl Alfred",4,38446,104.04203298132445
styrka,"Melin, Per-Erik",1,11512,86.86587908269631
styrka,"Mellin, Gustaf Henrik",347,2729891,127.11130224613363
styrka,"Melsted, Ingemar von",3,13130,228.4843869002285
styrka,"Meyer, Albertine",38,335249,113.34858567810791
styrka,"Meyer, Ernst",237,823782,287.69747336067064
styrka,"Meyer, Gustaf",18,159471,112.87318697443422
styrka,"Meyer, Philipp Joel",2,30894,64.73748948015796
styrka,"Meyerson, Gerda",4,97420,41.05933073290905
styrka,"Michaelson, Knut",11,185183,59.40070092827095
styrka,"Michelsen, Albert Christian",1,8923,112.0699316373417
styrka,"Mickwitz, Gerda von",10,168663,59.28982645867796
styrka,"Moberg, Nenne",2,49321,40.55067821009306
styrka,"Modin, Johan Engelbrekt",32,314090,101.88162628545957
styrka,"Modin, Victor",3,24567,122.11503236048358
styrka,"Molander, Harald",13,254305,51.11971844831993
styrka,"Molin, Lars",3,53819,55.742395808171835
styrka,"Molin, Pelle",1,59495,16.808135137406506
styrka,"Montgomery, Lucy Maud",7,346758,20.186989197076922
styrka,"Montgomery-Cederhielm, Robert",11,33543,327.93727454312375
styrka,"Montén, R. A.",6,73222,81.94258556171643
styrka,"Mortensen, Johan",21,392455,53.50931953981985
styrka,"Munthe, Axel",14,519572,26.945254940604958
styrka,"Murberg, Johan",3,5272,569.0440060698028
styrka,"Myrberg, Anna",1,103512,9.660715665816523
styrka,"Möller, Andreas",1,6943,144.02995823131212
styrka,"Möller, Fredrika",3,34778,86.26142963942722
styrka,"Möller, Peter von",5,31149,160.51879675109956
styrka,"Mörne, Arvid",7,96724,72.37086969107978
styrka,"Mörner, Birger",2,42975,46.53868528214078
styrka,"Mörner, J.C.A.",43,149517,287.5927152096417
styrka,"Mörtengren, Frans",1,11394,87.76549060909251
styrka,"Nathorst, Anita",3,5497,545.7522284882664
styrka,"Naumann, Mathilda",9,133894,67.2173510388815
styrka,"Neander, Eva",1,1352,739.6449704142012
styrka,"Neander, John",3,31975,93.82329945269743
styrka,"Nerman, Charlotte",1,47085,21.238186258893492
styrka,"Nervander, Emil",11,203722,53.995150253777204
styrka,"Nervander, Johan Jakob",14,95994,145.84244848636374
styrka,"Nettelbladt, Fredrik",7,37435,186.99078402564444
styrka,"Nettelbladt, Lovisa Mathilda",38,121172,313.60380285874623
styrka,"Nicander, Karl August",102,617227,165.2552464490374
styrka,"Nilsdorff, Heddi",6,7904,759.1093117408907
styrka,"Nilsson, Albert",7,135571,51.633461433492414
styrka,"Nilsson, Alexander",1,15290,65.40222367560497
styrka,"Nilsson, Lars",4,25117,159.25468805987975
styrka,"Nilsson, Ola",2,2942,679.8096532970768
styrka,"Nissen, Carl",5,84972,58.84291295956315
styrka,"Nonnen, Emily",6,356010,16.853459172495153
styrka,"Norberg, Augusta",2,72363,27.638434006329202
styrka,"Nordenadler, Ebba",1,58095,17.213185299939752
styrka,"Nordenhielm, Sven",4,13856,288.6836027713626
styrka,"Nordenskiöld, Adolf Erik",8,297785,26.865020064811862
styrka,"Nordenskiöld, Gustaf",4,171081,23.38073777918062
styrka,"Nordensvan, Georg",58,846003,68.55767650942136
styrka,"Nordin, Albert",41,141167,290.4361500917353
styrka,"Nordin, Carl Gustaf",5,3683,1357.588922074396
styrka,"Nordin, Jonas",2,196759,10.164719275865398
styrka,"Nordlindh, Hans Magnus",1,14198,70.4324552753909
styrka,"Nordling, Johan",9,180102,49.971682713129226
styrka,"Nordlund, Johan",118,239575,492.5388709172493
styrka,"Nordlund, Sigrid",1,21761,45.953770506870086
styrka,"Nordmann, Petrus",13,95979,135.4462955438169
styrka,"Nordström, Ester Blenda",15,408622,36.7087430436932
styrka,"Nordström, Ludvig",13,343585,37.836343262948034
styrka,"Nordström, Wilhelmina",1,37324,26.79241238881149
styrka,"Noreen, Erik Adolf",2,24378,82.0411846747067
styrka,"Norlander, Emil",7,207383,33.75397211921903
styrka,"Norlin, Mauritz",13,215224,60.40218562985541
styrka,"Norling, Börje",9,120941,74.41645099676703
styrka,"Norling, Carl Gustaf",5,8262,605.1803437424353
styrka,"Norléen, Wilhelm",2,9551,209.40215684221548
styrka,"Norman, Carl",4,54946,72.79874786153678
styrka,"Norrby, Carl",2,17883,111.8380584913046
styrka,"Norström, Vitalis",29,240646,120.5089633735861
styrka,"Noræus, Sophia",3,10829,277.0338904792686
styrka,"Numers, Gustaf von",6,45336,132.34515616728427
styrka,"Numers, Hedvig von",20,286710,69.75689721321196
styrka,"Nyberg, Johan Peter",6,166791,35.973164019641345
styrka,"Nyberg, Julia Christina",27,147532,183.01114334517257
styrka,"Nyberg, Sigfrid",34,152256,223.30811265237494
styrka,"Nyblom, Carl Rupert",3,95963,31.26204891468587
styrka,"Nyblom, Helena",46,1055882,43.56547417230335
styrka,"Nyblæus, Gustaf",34,94839,358.50230390451185
styrka,"Nybom, Johan",11,151866,72.43227582210633
styrka,"Nycander, Fredrik",4,131669,30.37920846972332
styrka,"Nygren, Julius August",1,21740,45.998160073597056
styrka,"Nyholm, C. A. G.",8,81321,98.3755733451384
styrka,"Nylander, Conrad Wilhelm",9,70666,127.35969207256672
styrka,"Nylén, Pehr Gustaf",2,65897,30.350395313898964
styrka,"Nyström, Ludvig",6,278010,21.581957483543757
styrka,"Nèlson, Johannes Fredrik",39,299170,130.36066450513087
styrka,"Odel, Anders",4,5315,752.5870178739417
styrka,"Odhner, Clas Theodor",2,79891,25.03410897347636
styrka,"Odén, Klas",8,645415,12.395125616851173
styrka,"Ofvandahl, Erik",8,49617,161.23506056391963
styrka,"Ohlsson, Johan",1,20113,49.719087157559784
styrka,"Olivecrona, Rosalie",21,88826,236.4172652151397
styrka,"Olofsson, Klas",11,258407,42.56850627111495
styrka,"Olsson, August",4,16451,243.14631329402468
styrka,"Olsson, Johannes",12,108979,110.11295754227879
styrka,"Olsson, Paul",3,11507,260.7108716433475
styrka,"Olzon, Johan",3,4847,618.9395502372602
styrka,"Olán, Olivus",1,13252,75.46030787805614
styrka,Omar Khayyam,6,44187,135.78654355353385
styrka,"Omberg, Johan Martin",3,22583,132.8432891998406
styrka,"Ongelin, Hanna",11,254015,43.304529260083065
styrka,"Orczy, Emmuska",10,102234,97.81481698847742
styrka,"Oskar II, kung av Sverige och Norge",28,140073,199.89576863492607
styrka,"Oswald, Gösta",1,43590,22.941041523285158
styrka,"Oterdahl, Jeanna",11,257105,42.7840765446024
styrka,Ovidius,58,155332,373.3937630365926
styrka,"Oxenstierna, Johan Gabriel",61,141521,431.0314370305467
styrka,"Oxenstierna, Mårten Gabriel Leijonsköld",100,676468,147.8266525541489
styrka,"Paban, August Theodor",2,59259,33.750147656896
styrka,"Palm, Amy",1,139390,7.174115790228854
styrka,"Palm, August",2,29836,67.0331143584931
styrka,"Palmblad, Vilhelm Fredrik",122,1018806,119.74801875921422
styrka,"Palme, Christian Adolph",1,22087,45.275501426178295
styrka,"Palmstjerna, Carl Otto",54,328303,164.48220089368664
styrka,"Palmær, Henrik Bernhard",6,100059,59.964620873684524
styrka,"Paterson, Emil",4,10594,377.57221068529356
styrka,"Paul, Adolf",8,277706,28.807443843489157
styrka,"Pauli, Georg",3,50904,58.934464875058936
styrka,"Paykull, Lars Gustaf von",1,13181,75.86677793794098
styrka,"Pehrsson, J.",3,16603,180.6902367042101
styrka,"Pereswetoff-Morath, Anders Wilhelm",1,18455,54.185857491194795
styrka,"Pereswetoff-Morath, Fredrik",16,142562,112.23187104558016
styrka,"Perrault, Charles",1,36220,27.609055770292656
styrka,"Person, Johan",2,49994,40.00480057606913
styrka,"Personne, Johan Wilhelm",4,36404,109.8780353807274
styrka,"Persson, Fredrik",55,496982,110.66799199971025
styrka,"Persson, Jöns",1,12640,79.11392405063292
styrka,"Persson, Per",16,29878,535.5110783854341
styrka,"Peterson, Gottfrid",2,40161,49.799556783944624
styrka,"Peterson, Gustaf Reinhold",7,27194,257.4097227329558
styrka,"Peterson, Maria",19,104909,181.10934238244573
styrka,"Petersson, Svante",2,7104,281.5315315315315
styrka,"Petersson, Therèse",8,167213,47.84317008845006
styrka,"Petrini, Gulli",8,46643,171.5155543168321
styrka,"Pettersson, Carl",3,30587,98.08088403570144
styrka,"Pettersson, Gustaf",4,33551,119.22148371136478
styrka,"Pettersson, Sven",12,296432,40.48145949155287
styrka,"Pettersson, Victor",16,363394,44.02934555881495
styrka,"Pettersson-Olin, Jonas",2,24852,80.47642040882022
styrka,"Pfeiffer, Sara",58,1362314,42.574619360881556
styrka,"Philipsson, Jonas",4,128485,31.132038759388255
styrka,"Pihlstrand, Ragnar",578,3687102,156.7626824535909
styrka,"Pinello, Nils Henrik",16,211610,75.61079344076367
styrka,"Piper, Carl",1,123642,8.087866582552854
styrka,"Platen, Henrica Carolina von",5,111611,44.79845176550698
styrka,"Pontin, Constans",22,265724,82.79267209585886
styrka,"Pontoppidan, Henrik",3,36980,81.12493239588967
styrka,"Porter, Eleanor H.",1,63020,15.867978419549349
styrka,"Procopé, Hjalmar",2,18224,109.74539069359086
styrka,"Prytz, Harald Oscar",26,90977,285.7865174714488
styrka,"Quennerstedt, August",85,1839800,46.20067398630286
styrka,"Qvanten, Aurora von",23,432423,53.18866017765013
styrka,"Qvanten, Emil von",12,166171,72.21476671621402
styrka,"Rahm, Gustaf Verner Ambrosius",4,11748,340.4834865509023
styrka,"Ramsay, Ebba",6,85664,70.04109077325364
styrka,"Randelin, Wendela",17,81682,208.12418892779314
styrka,"Redwitz, Oskar von",4,38390,104.1938004688721
styrka,"Reenstierna, Märta Helena",9,605548,14.862570762350796
styrka,"Regis, Julius",5,150319,33.2625948815519
styrka,"Regnér, Gustaf",5,10032,498.4051036682616
styrka,"Reuter, Jonatan",1,19594,51.036031438195366
styrka,"Reuter, Odo Morannal",14,57376,244.00446179587283
styrka,"Reuterskiöld, Edgar",3,133056,22.546897546897547
styrka,"Richter, Ludwig",1,1023,977.5171065493646
styrka,"Ridderstad, Carl Fredrik",211,2292557,92.03697007315412
styrka,"Rietz, Johan Ernst",64,1483948,43.12819586670153
styrka,Rimbert,1,28958,34.53277160024864
styrka,"Ring, Herman Anakreon",5,30032,166.48907831646244
styrka,"Ringbom, Oskar Evald",15,58665,255.68908207619535
styrka,"Ripa, Ernst",2,51842,38.57875853555033
styrka,"Risberg, Emilie",35,321787,108.76760092856455
styrka,"Robertsson, Seb.",2,39754,50.30940282738844
styrka,"Rodhe, Bengt Carl",10,145541,68.70916099243512
styrka,"Rollin, Carl Gustaf",1,9930,100.70493454179255
styrka,"Rollin, Catharina Fredrika",3,7153,419.4044456871243
styrka,"Roman, Alfred",1,8346,119.81787682722262
styrka,"Romdahl, Clara",1,58470,17.102787754403966
styrka,"Rondeletius, Jacobus Petri",1,20421,48.969198374222614
styrka,"Roos, Anna Maria",4,170259,23.49361854586248
styrka,"Roos, Mathilda",56,979070,57.197136057687395
styrka,"Rosander, Carl",5,27671,180.6945900039753
styrka,"Roselius, Jonas Erik",3,51910,57.79233288383741
styrka,"Rosenberg, Carl Martin",5,1933426,2.5860829429210117
styrka,"Rosendahl, Carl-Gustaf",2,18519,107.9971920730061
styrka,"Rosenius, Carl Olof",8,101527,78.7967732721345
styrka,"Rosenius, Josef",3,50108,59.870679332641494
styrka,"Rosenqvist, Peter",6,35270,170.1162461015027
styrka,"Rosenstein, Nils von",5,1355,3690.036900369004
styrka,"Rosén, Johan Magnus",24,404745,59.2965941518734
styrka,"Roth, Sven Olof",47,268344,175.148317085532
styrka,"Rubenson, Olof",18,158589,113.50093638272516
styrka,"Ruda, Elias Wilhelm",3,44525,67.3778775968557
styrka,"Rudbeck, Olof, den yngste",9,7683,1171.4174150722374
styrka,"Rudbeck, Thure Gustaf",46,308953,148.8899606088952
styrka,"Rudebeck, Sophia",7,28279,247.53350542805615
styrka,"Ruin, Hans",23,324767,70.8200032638784
styrka,"Runeberg, Fredrika Charlotta",41,244938,167.38929851635925
styrka,"Runeberg, Johan Ludvig",41,500896,81.85331885261611
styrka,"Runeberg, Nino",1,8352,119.73180076628353
styrka,"Runfeldt, Emil",3,9611,312.14233690562895
styrka,"Runnqvist, Ernst",4,68182,58.66651022263941
styrka,"Russberg, Johan Albert",2,75296,26.56183595410115
styrka,"Rusén, Lars Erik",1,21042,47.523999619808
styrka,"Ryberg, Klas",7,93264,75.05575570423743
styrka,"Rydberg, Carl Henrik",17,394090,43.13735441142886
styrka,"Rydberg, Viktor",149,840566,177.2615118860387
styrka,"Rydelius, Gustaf",6,19934,300.9932778167954
styrka,"Rydelius, Jan Petter",1,1569,637.3486297004462
styrka,"Rydforss, Karl",4,25233,158.52256965085405
styrka,"Rydqvist, Johan Erik",1,76839,13.014224547430342
styrka,"Rydström, Carl",2,11723,170.60479399471126
styrka,"Rådberg, Fredrik",4,91481,43.72492648746734
styrka,"Rönnberg, Hanna",2,19458,102.78548668927948
styrka,"Sachs, Hilda",17,58467,290.7623103631108
styrka,Sadi,23,112480,204.48079658605974
styrka,"Saltza, Christina Gustafva von",21,180186,116.54623555659153
styrka,"Saltza, Edvard Fredrik von",16,180717,88.53621961409276
styrka,"Samzelius, Hugo",10,77418,129.16892712289132
styrka,"Sand, Arne",6,74376,80.67118425298483
styrka,"Sandahl, Anton Gustaf",24,50738,473.01825062083645
styrka,"Sandberg, Algot",38,516906,73.51433336041757
styrka,"Sandberg, Eric",15,135478,110.71908354123917
styrka,"Sandberg, Fredrik",4,73018,54.78101290092854
styrka,"Sandberg, Sven",1,6547,152.7417137620284
styrka,"Sandel, Maria",41,460120,89.10718942884465
styrka,"Sander, Fredrik",26,173595,149.77389901782885
styrka,"Sandströmer, Clara",20,257887,77.55334700857352
styrka,"Santesson, Frithiof",3,36705,81.73273395995096
styrka,"Saxon, Johan Lindström",49,413279,118.56397252219445
styrka,"Schaar, Hermania Fredrica",7,95475,73.31762241424457
styrka,"Schantz, Otto von",22,144984,151.74088175246925
styrka,"Schartau, Gustaf Johan",1,14861,67.29022273063724
styrka,"Schenfelt, Inga",35,462908,75.60897629766606
styrka,"Scherini, Pehr Hampus",5,79236,63.1026301176233
styrka,"Schildt, Runar",5,105782,47.2670208542096
styrka,"Schirmer, Adolf",19,249159,76.25652695668228
styrka,"Schlegel, Bernhard",8,419796,19.056875244166214
styrka,"Schmiterlöw, Adam Bonaparte",8,40815,196.00637020703172
styrka,"Scholander, Fredrik Wilhelm",28,308375,90.79854073773815
styrka,"Schreiner, Olive",29,61056,474.97379454926624
styrka,"Schröder, Gustaf",54,450001,119.99973333392593
styrka,"Schröder, Johan Henrik",1,4698,212.85653469561515
styrka,"Schröderheim, Elis",5,9772,511.66598444535407
styrka,"Schultz, Adolf Fredrik Joelsson",1,12654,79.0263948158685
styrka,"Schultz, Johan Gustaf",3,58273,51.48181833782369
styrka,"Schunck, Anna Maria",1,16634,60.117830948659375
styrka,"Schwartz, Marie Sophie",408,4905025,83.18000417938747
styrka,"Schwerin, Martina von, d. y.",6,135027,44.43555733297785
styrka,"Schéele, Adolf August",7,84035,83.29862557267805
styrka,"Schéele, Frans von",4,31480,127.06480304955528
styrka,"Schéele, Georg von",9,104047,86.49937047680375
styrka,"Schöldström, Birger",16,234212,68.31417689956108
styrka,"Schöldström, Karl Wilhelm",5,54619,91.54323587030154
styrka,"Schön, Alfred",3,27208,110.26168773890032
styrka,"Schön, August",2,42095,47.51158094785604
styrka,"Schück, Henrik",39,444831,87.67374575962556
styrka,"Schüssler, George Christian",2,18688,107.02054794520548
styrka,"Sederholm, Theodor",6,217469,27.59013928421982
styrka,"Sedgwick, Catharine",10,39871,250.80885856888466
styrka,"Sefbom, Augusta",3,81444,36.83512597613084
styrka,"Segerstedt, Albrekt",17,319845,53.15074489205709
styrka,"Segerstedt, Torgny",51,188372,270.740874439938
styrka,"Segersteen, Anders Peter",1,2696,370.919881305638
styrka,"Segerstéen, Gustaf",2,59500,33.61344537815126
styrka,"Sehlstedt, Elias",1,74605,13.40392735071376
styrka,"Seseman, Hans Jacob",1,13888,72.00460829493088
styrka,"Settervall, Hedvig Beata",6,37612,159.52355631181538
styrka,"Shierman, Jeanna",15,37075,404.58530006743086
styrka,"Sigurdh, Sigurd P.",1,34278,29.173230643561467
styrka,"Silfverhjelm, Anna Charlotta Sophia",2,12939,154.57145065306437
styrka,"Silfverskjöld, Aurore",19,70463,269.645061947405
styrka,"Silfversparre, Gustaf Georg",1,7260,137.7410468319559
styrka,"Silfverstolpe, Carl",5,79494,62.897828766950965
styrka,"Silfverstolpe, Gudmund Leonhard",26,51620,503.6807438977141
styrka,"Silfverstolpe, Gunnar Mascoll",6,54768,109.55302366345312
styrka,"Silfverstolpe, Malla",37,547564,67.57200984725073
styrka,"Siljeström, Per Adam",8,78891,101.40573702957245
styrka,"Sillén, Abraham Wilhelm af",2,161140,12.411567580985478
styrka,"Silverstolpe, Gustaf Abraham",156,878464,177.58268978580796
styrka,"Sjöbeck, Anders Conrad",1,7425,134.68013468013467
styrka,"Sjöberg, Birger",28,566959,49.3862871918428
styrka,"Sjöberg, Edvard Daniel",4,140639,28.441612923868913
styrka,"Sjöberg, Nils Lorents",7,3974,1761.4494212380473
styrka,"Sjögren, Lennart",1,48769,20.504828887202937
styrka,"Sjöstedt, Helen",3,10090,297.3240832507433
styrka,"Sjöström, Carl",1,312159,3.2034956544581448
styrka,"Skarstedt, Carl Wilhelm",24,788956,30.419947373491045
styrka,"Skarstedt, Ernst",6,171111,35.0649578343882
styrka,"Skoglund, Daniel Carl Alexander",1,2320,431.0344827586207
styrka,"Sköldström, sjökapten",1,7427,134.64386697185944
styrka,"Smith, Carl",2,57316,34.89427036080676
styrka,"Smitt, C.",1,4763,209.95171110644552
styrka,"Snellman, Johan Vilhelm",14,182971,76.51485754573129
styrka,"Snoilsky, Carl",36,268030,134.31332313546991
styrka,"Sohlman, August",1,14122,70.8114997875655
styrka,"Sommelius, Gustaf Lorentz",1,40806,24.50620006861736
styrka,"Sparre, Pehr",266,1212926,219.30439284836834
styrka,"Sparre, Sixten",1,11569,86.43789437289307
styrka,"Sparrman, Gustaf Leonard",3,18453,162.57519102584945
styrka,"Staaff, Albert Wilhelm",4,18128,220.6531332744925
styrka,"Staaff, Karl",3,8058,372.3008190618019
styrka,"Stackelberg, Oskar",4,52938,75.5600891609052
styrka,"Stagnelius, Erik Johan",1,21328,46.8867216804201
styrka,"Stahre, Gustaf Wilhelm",3,27204,110.27790030877811
styrka,"Stam, Per",9,238205,37.78258222959216
styrka,"Starbäck, Carl Georg",260,1609009,161.5901464814678
styrka,"Starck, Waldemar August",4,30268,132.15276860050218
styrka,"Starnberg, Märta",45,268579,167.54846804850715
styrka,"Steffen, Richard",3,100281,29.91593621922398
styrka,"Steijer, Anders",2,19160,104.38413361169103
styrka,"Stenberg, August",2,37493,53.34329074760622
styrka,"Stengård, Per",8,40180,199.1040318566451
styrka,"Stenhammar, Jakob Axel",50,411692,121.45001603140211
styrka,"Stiernhielm, Georg",2,61481,32.53037523787837
styrka,"Stiernstedt, Marika",1,5042,198.33399444664815
styrka,"Stille, Arthur",2,34896,57.31315910132967
styrka,"Stjerngranat, August Wilhelm",2,16570,120.70006035003017
styrka,"Stjernstolpe, Jonas Magnus",14,87206,160.53941242575053
styrka,"Stjernström, Jeanette",1,18529,53.96945328943818
styrka,"Stjernström, Louise",310,2740356,113.12398827013716
styrka,"Stockenstrand, Ina",4,78099,51.217045032586846
styrka,"Stoker, Bram",21,120550,174.20157610949812
styrka,"Stolpe, Mats",2,26743,74.78592528886064
styrka,"Storckenfeldt, Sigrid",2,43224,46.27059041273367
styrka,"Stowe, Harriet Beecher",18,264693,68.0033094943954
styrka,"Strandberg, Carl",2,19516,102.48001639680263
styrka,"Strandberg, Carl Henric",7,404704,17.296592077172452
styrka,"Strandberg, Carl Vilhelm August",66,466218,141.56467575254496
styrka,"Strindberg, August",101,1575196,64.11900487304437
styrka,"Strindberg, Oskar",3,18140,165.38037486218303
styrka,"Strussenfelt, Constantia Carolina Amalia von",97,385441,251.659787101009
styrka,"Strussenfelt, Ulrika Sophia von",363,3091227,117.42909854242345
styrka,"Stråle, Gustaf Holdo",5,16144,309.71258671952427
styrka,"Ström, Erik",1,4150,240.96385542168676
styrka,"Ström, Fredrik",61,554469,110.01516766491905
styrka,"Ström, Ulrika",13,106489,122.07833672961526
styrka,"Strömberg, Bengt Johan Gustaf Lorenz",2,34041,58.75268059105197
styrka,"Strömberg, Leonard",12,343603,34.92402569244157
styrka,"Strömberg, Theodor",9,33765,266.5482007996446
styrka,"Strömer, Hjalmar",2,40024,49.970017989206475
styrka,"Strömsten, Lars Magnus",4,21372,187.16077110237694
styrka,"Sturlasson, Snorre",13,58335,222.85077569212308
styrka,"Sturzen-Becker, Oscar Patric",57,1219159,46.75354076047505
styrka,"Stuxberg, Anton",11,103928,105.84250635055038
styrka,"Styffe, Carl Gustaf",145,1150524,126.02953089201094
styrka,"Stålberg, Wilhelmina",282,3336754,84.51327247978125
styrka,"Stålhandske, Gustaf",2,10008,199.84012789768187
styrka,"Stéenhoff, Frida",11,327133,33.6254673175742
styrka,"Sundblad, Johannes",74,669153,110.58756368125077
styrka,"Sundborg, Johan Wilhelm",1,4054,246.66995559940798
styrka,"Sundelin, Fredrik",2,9575,208.87728459530027
styrka,"Sundelius, Anna Sara",5,64919,77.01905451408679
styrka,"Sundelius, Carl Herman",1,22041,45.36999228710131
styrka,"Sundgren, Fritz",1,26992,37.048014226437466
styrka,"Sundler, Anders",17,178228,95.38344143456696
styrka,"Sundman, Gösta",1,25717,38.88478438387059
styrka,"Sundqvist, E. W.",13,516249,25.181646840962404
styrka,"Sundström, Gustaf",6,8710,688.8633754305396
styrka,"Sundström, Karin",18,137850,130.57671381936888
styrka,"Suttner, Bertha von",5,75529,66.19973784903812
styrka,"Svahn, Accacia",5,24610,203.16944331572532
styrka,"Svahn, Oscar",2,98574,20.28932578570414
styrka,"Svanlund, Yngve Fredrik",1,38238,26.15199539724881
styrka,"Svartengren, Jakob",1,14995,66.68889629876625
styrka,"Svartengren, Teodor",1,10927,91.51642719868217
styrka,"Svedbom, Per Erik",24,127104,188.82175226586102
styrka,"Svedelius, Wilhelm Erik",46,169888,270.7666227161424
styrka,Svenska Litteratursällskapet,1,992409,1.007649064045167
styrka,"Svenson, Frey",4,34719,115.21069155217604
styrka,"Svenson-Graner, Hilma",4,46877,85.3296925997824
styrka,"Svensson, Nils Peter",4,13249,301.90957808136466
styrka,"Swedenborg, Emanuel",8,82514,96.95324429793732
styrka,"Swärd, Axel August",2,20874,95.81297307655457
styrka,"Säfström, August",1,5936,168.46361185983827
styrka,"Sällberg, Thure",29,543462,53.361596578969646
styrka,"Sätherberg, Herman",38,374315,101.51877429437774
styrka,"Söderberg, Christian Johannes",3,44904,66.80919294494923
styrka,"Söderberg, Hjalmar",49,783283,62.55721112292747
styrka,"Söderberg, Mikael",3,63386,47.32906320007573
styrka,"Söderberg, Natan",5,19828,252.1686503933831
styrka,"Söderblom, Nathan",28,154055,181.7532699360618
styrka,"Söderbom, Anton Samuel Ernst",5,304113,16.441257032747696
styrka,"Södergran, Edith",8,52357,152.79714269343162
styrka,"Söderhjelm, Alma",8,130223,61.433080177848765
styrka,"Söderhjelm, Werner",11,124684,88.22302781431459
styrka,"Söderholm, Kerstin",1,47675,20.97535395909806
styrka,"Söderling, Johan Niklas",3,32610,91.99632014719411
styrka,"Södling, Carl Erik",6,8121,738.8252678241596
styrka,"Sörensen, Sophia",3,125863,23.83544012140184
styrka,"Sörman, Py",15,271409,55.267142946623
styrka,"Tamm, Hugo",3,28751,104.34419672359222
styrka,"Tammelin, Filip",14,76235,183.6426838066505
styrka,Tankebyggarorden,13,93902,138.44220570381887
styrka,"Tavaststjerna, Karl August",42,500327,83.94509990466236
styrka,"Tegnér, Alice",5,47124,106.10304727951787
styrka,"Tegnér, Esaias",28,369317,75.81562722539174
styrka,"Tengberg, Alexis",1,10245,97.60858955588091
styrka,"Tenggren, Johan Fredrik",2,10057,198.86646117132346
styrka,"Tengström, Jacob",30,129638,231.41362871997407
styrka,"Tenow, Elna",6,54332,110.43215784436428
styrka,"Ternaux-Compans, Henri",4,16129,248.000496000992
styrka,"Tersmeden, Carl",84,627992,133.75966572822583
styrka,"Tersmeden, Minna",25,218930,114.19175078792308
styrka,"Tessin, Carl Gustaf",1,56240,17.780938833570413
styrka,"Teuchler, Anton",8,26127,306.1966548015463
styrka,"Thiesen, Sofia Albertina",2,9980,200.40080160320642
styrka,"Thomander, Johan Henrik",2,94572,21.147908471852134
styrka,"Thomasson, Nils",28,707538,39.57384621038022
styrka,"Thomasson, Pehr",124,1451638,85.42074539244632
styrka,"Thomson, Niclas Hans",47,185354,253.56884663940352
styrka,"Thorell, Per",2,15965,125.2740369558409
styrka,"Thorild, Thomas",3,43963,68.23920114641858
styrka,"Thorsander, Gustaf",53,374435,141.54659687262142
styrka,"Thörnberg, Carl Henrik",6,19742,303.9205754229561
styrka,"Tibell, Charlotta Cecilia af",7,144975,48.28418692878083
styrka,"Tidander, Lars Gustaf Teodor",3,5194,577.5895263765884
styrka,"Tigerschiöld, Carl Wickman",25,112340,222.53872173758234
styrka,"Tigerschiöld, Hugo",5,32637,153.20035542482458
styrka,"Tiselius, Carl August",5,266673,18.749554698075922
styrka,"Tjörner, Olof",6,100662,59.605412171425165
styrka,"Tollstorp, Jacob Philip",3,45173,66.41135191375379
styrka,"Topelius, Zacharias",183,2307429,79.30904916250944
styrka,"Torckell, Olga",3,85119,35.24477496211187
styrka,"Tornberg, Carl Johan",3,239217,12.54091473432072
styrka,"Torpadius, Johan Israel",1,4458,224.31583669807088
styrka,"Torén, Rudolf Wilhelm",10,85669,116.72833813864992
styrka,"Trolle, Henrik af",518,2829965,183.04113301754614
styrka,"Turi, Johan",7,240734,29.077737253566177
styrka,"Tärnström, Samuel Fredrik",8,88974,89.9139074336323
styrka,"Törnberg, Carl Ludvig",9,34617,259.98786723286247
styrka,"Törnblom, Johan August",22,856702,25.67987468221155
styrka,"Törnebladh, Ragnar",28,187908,149.00908955446283
styrka,"Törnegren, Carl Wilhelm",1,10356,96.56237929702588
styrka,"Törnqvist, Johan Peter",4,94956,42.12477357934201
styrka,"Törnström, Anna",4,20046,199.54105557218398
styrka,"Uddgren, Gustaf",20,335781,59.562631596189185
styrka,"Ulfsson, Sten",28,425150,65.85910854992356
styrka,"Ulin, U.",1,4379,228.36263987211692
styrka,"Ullman, Gustaf",7,85560,81.81393174380551
styrka,"Undset, Sigrid",3,193625,15.493867010974823
styrka,"Unge, Otto Sebastian von",6,166120,36.11846857693234
styrka,"Upmark, Gustaf, d. y.",3,138103,21.722916953288486
styrka,Utile Dulci,43,85019,505.76929862736563
styrka,"Utterström, Olof Philip",12,57762,207.74903916069388
styrka,"Valerius, Johan David",21,28756,730.2823758519961
styrka,"Vallentin, Hugo",1,46617,21.45140184911084
styrka,"Vegesack, Ernst von",5,60967,82.01158003510096
styrka,"Vendell, Herman",3,8607,348.5535029627048
styrka,"Vest, Eliel",2,24020,83.2639467110741
styrka,"Vester, A. B.",3,142413,21.065492616544837
styrka,"Vestlinger, Johanna Leontina",5,14502,344.78003034064267
styrka,"Vikström, Arvid",3,19101,157.0598397989634
styrka,"Vinell, Sigrid",1,40304,24.811433108376338
styrka,"Virdestam, Gotthard",37,1223099,30.25102628650665
styrka,"Virgin, Axel Gustaf",11,123697,88.92697478516051
styrka,"Virgin, Robert Wilhelm Urban",2,13901,143.8745413998993
styrka,"Visén, Karl",5,81564,61.30155460742485
styrka,"Väpling, Karl",1,17103,58.46927439630474
styrka,"Värnlund, Rudolf",31,288441,107.47431883816795
styrka,"Wachtmeister, Hans",3,51989,57.70451441651119
styrka,"Wadman, Johan Anders",28,95994,291.6848969727275
styrka,"Wadström, Carl Gustaf",9,27880,322.81205164992826
styrka,"Wadström, Gustaf Adolf Sebastian",13,43734,297.2515662870993
styrka,"Wahlberg, Ferdinand von",16,144025,111.09182433605277
styrka,"Wahlenberg, Anna",26,992911,26.185629930577868
styrka,"Wahlin, Olof Fredrik",3,10764,278.70680044593087
styrka,"Wahlström, Oscar Frithiof",3,25897,115.84353400007723
styrka,"Wahlström, Pehr",7,32010,218.68166198063105
styrka,"Walanger, Augusta",5,30394,164.50615253010463
styrka,"Walde, Otto",7,393817,17.774753248336157
styrka,"Wall, Wilhelm August",1,8702,114.91611123879568
styrka,"Wallenberg, Jacob",5,79294,63.05647337755694
styrka,"Wallengren, Axel",12,57623,208.25017788036027
styrka,"Wallensteen, Nanna",4,71755,55.7452442338513
styrka,"Wallin, Johan Olof",13,48941,265.6259577859055
styrka,"Wallin, Johan Peter",27,279251,96.68720971455787
styrka,"Wallin, William",2,9253,216.14611477358696
styrka,"Wallmark, Ernst",1,95673,10.452269710367606
styrka,"Wallmark, Peter Adam",1,399034,2.5060521158598013
styrka,"Wallmo, Uno",12,105865,113.35191045199075
styrka,"Wallén, Anders",3,7862,381.5822945815314
styrka,"Wallén, Nils Jacob",1,15010,66.62225183211193
styrka,"Warburg, Karl",57,558375,102.08193418401612
styrka,"Warholm, Johan Wilhelm",9,572587,15.718135409990097
styrka,"Wavrinsky, Edvard",1,9359,106.84902233144567
styrka,"Waxberg, Harald",3,30098,99.67439696989834
styrka,"Wecksell, Josef Julius",2,54387,36.77349366576571
styrka,"Weiland, Per",13,149275,87.08759001842238
styrka,"Wejdling, Eva",1,7023,142.38929232521716
styrka,"Welin, Carl",3,15000,200.0
styrka,"Weman, Adèle",8,56305,142.0832963324749
styrka,"Wendel, Johan",11,68237,161.20286648006214
styrka,"Wennberg, Fredrik Wilhelm",5,56848,87.95384182381086
styrka,"Wennberg, Fredrika",18,167687,107.34284709011432
styrka,"Wennerberg, Gunnar",5,169429,29.510886566054218
styrka,"Wennerberg, Ingrid",2,35614,56.157690795754476
styrka,"Wenström, Carl Edmund",1,29880,33.467202141900934
styrka,"Wernberg, Hjalmar",49,790174,62.01165819174005
styrka,"Westdahl, Pauline",4,55517,72.0500027018751
styrka,"Wester, Anders Magnus",1,30259,33.04801877127466
styrka,"Wester, Ellen",2,51024,39.1972405142678
styrka,"Westerberg, Ernst",3,99058,30.285287407377496
styrka,"Westerdahl, Alfred",1,2955,338.40947546531305
styrka,"Westergren, Georg",1,20389,49.046054244935995
styrka,"Westerlund, Carl Agardh",2,17232,116.0631383472609
styrka,"Westerlund, Johan Alfred",79,910029,86.8104203272643
styrka,"Westermarck, Helena",11,164540,66.85304485231555
styrka,"Westermark, Ottilia",6,160024,37.49437584362346
styrka,"Westerstrand, Adolf",3,41823,71.7308657915501
styrka,"Westerstrand, Pehr",3,13021,230.39705091774826
styrka,"Westholm, Erik",3,18755,159.95734470807784
styrka,"Westin, Carl Emanuel",2,51378,38.92716727003776
styrka,"Wetterbergh, Carl Anton",134,2981866,44.93830373329989
styrka,"Wettergrund, Josefina",58,1232610,47.05462392808755
styrka,"Wetterhoff, Karl",2,38054,52.55689283649551
styrka,"Wetterhoff, Onni",2,45046,44.39905873995471
styrka,"Wetterstedt, Niklas Joakim af",2,77158,25.920837761476452
styrka,"Whitlock, Anna",2,36900,54.200542005420054
styrka,"Wichmann, Karl Emil",15,103838,144.45578689882316
styrka,"Wickman, Fredrika",2,30601,65.35734126335741
styrka,"Wickström, Victor Hugo",33,519663,63.50269309148429
styrka,"Widmark, Per Fredrik",7,52253,133.96360017606645
styrka,"Wieselgren, Sigfrid",10,284161,35.19131759812219
styrka,"Wigforss, John",2,20931,95.55205198031628
styrka,"Wigström, Eva",51,816884,62.43236493798385
styrka,"Wijkander, Oscar",2,110845,18.043213496323695
styrka,"Wikner, Pontus",12,238951,50.21950106925688
styrka,"Wilén, Fritz",2,60454,33.08300526019784
styrka,"Wingård, Johan",2,3257,614.0620202640466
styrka,"Winter, Reinhold",15,238949,62.77490175727875
styrka,"Wipperling, Nils Fredrik",25,115868,215.76276452514932
styrka,"Wirsén, Carl David af",48,246734,194.54149002569568
styrka,"Witt, Otto",31,554078,55.948801432289315
styrka,"Wranér, Henrik",6,585352,10.250242589074608
styrka,"Wägner, Elin",122,2370616,51.46341710340266
styrka,"Wästberg, Anna",2,238567,8.383389152732775
styrka,"Wågman, Frans Oskar",2,70243,28.472588015887705
styrka,"Wåhlin, A.",1,37543,26.636123911248436
styrka,"Wåhlin, Carl Ludvig",16,82866,193.08280838944802
styrka,"Wåhlstrand, Karin",3,69220,43.34007512279688
styrka,"Wærnér, Ninian",7,164783,42.48011020554305
styrka,"Zaar, Ludvig Christofer Gustaf",4,61577,64.95931922633451
styrka,"Zachrisson, Waldemar",21,585293,35.87946549847683
styrka,"Zedritz, Carl Edvard",11,62621,175.65992239025246
styrka,"Zeipel, Carl von",51,883195,57.74489212461574
styrka,"Zethelius, Ingeborg",1,35582,28.10409757742679
styrka,"Zethraeus, August Gerhard",5,25848,193.43856391210153
styrka,"Zetterholm, Carl",4,20889,191.48834314711092
styrka,"Zetterqvist, Edvard Alexander",9,145786,61.734322911665046
styrka,"Zetterstedt, Johan Wilhelm",19,36786,516.5008427119012
styrka,"Zetterström, Hasse",2,83274,24.01710017532483
styrka,"Zilliacus, Konni, d. ä.",4,157875,25.33650039588282
styrka,"Åberg, Johan Eggert",6,33839,177.31020420225184
styrka,"Åberg, Jon Olof",1071,4055315,264.0978567632847
styrka,"Åberg, Katie",69,282619,244.14494425357105
styrka,"Ågren, Lars Petter",1,8487,117.82726522917403
styrka,"Åkerberg, Erik",4,52870,75.65727255532438
styrka,"Åkerberg, Sven",3,36123,83.04958059961797
styrka,"Åkerblom, Axel",3,4949,606.1830672863205
styrka,"Åkerholm, Samuel",2,3107,643.707756678468
styrka,"Åkerlund, P. A.",4,7450,536.9127516778524
styrka,"Ålund, Paulus",1,11188,89.3814801573114
styrka,"Åslund, Daniel",4,181864,21.994457396736024
styrka,"Öberg, Emil",4,45280,88.33922261484099
styrka,"Öberg, Ludvig Teodor",87,817009,106.4859750626982
styrka,"Ödberg, Pehr Ivar",1,24701,40.484190923444395
styrka,"Ödman, Pelle",25,393808,63.48271238776256
styrka,"Ödmann, Jenny Maria",73,1277526,57.141694180783794
styrka,"Ödmann, Samuel",46,301246,152.69912297590673
styrka,"Öhlin, Carl Gustaf",1,11730,85.25149190110827
styrka,"Ölander, Axel Herman",1,12017,83.21544478655238
styrka,"Öman, Victor Emanuel",12,58221,206.11119699077653
styrka,"Östergren, Carl Ludvig",8,53569,149.3401034180216
tension,"Ljunggren, Gustaf",1,1909848,0.5236018782646578
tension,"Quennerstedt, August",1,1839800,0.5435373410153278
tension,"Silverstolpe, Gustaf Abraham",1,878464,1.138350575550051
tension,"Skarstedt, Carl Wilhelm",1,788956,1.2674978072287935
tension,"Strindberg, August",4,1575196,2.5393665296255197
tension,"Thomasson, Pehr",1,1451638,0.6888769789713414
