word,newspaper_id,decade,api_absolute,newspaper_tokens,api_per_million_newspaper_tokens,workbook_examples,difference_api_minus_workbook
attraktion,aftonbladet,1870,30,96758392,0.3100506258929975,30,0
elektricitet,aftonbladet,1870,868,96758392,8.970798109170728,868,0
elektriker,aftonbladet,1870,3,96758392,0.031005062589299748,3,0
elektrisk,aftonbladet,1870,2118,96758392,21.88957418804562,2118,0
emanation,aftonbladet,1870,7,96758392,0.0723451460416994,7,0
emanera,aftonbladet,1870,53,96758392,0.5477561057442956,53,0
fluidum,aftonbladet,1870,48,96758392,0.49608100142879596,48,0
induktion,aftonbladet,1870,31,96758392,0.3203856467560974,31,0
influens,aftonbladet,1870,1,96758392,0.010335020863099917,1,0
influera,aftonbladet,1870,38,96758392,0.3927307927977968,37,1
kondensation,aftonbladet,1870,4,96758392,0.041340083452399666,4,0
kraft,aftonbladet,1870,13929,96758392,143.95650560211874,13927,2
ladda,aftonbladet,1870,432,96758392,4.464729012859164,432,0
laddning,aftonbladet,1870,627,96758392,6.480058081163647,626,1
magnet,aftonbladet,1870,122,96758392,1.2608725452981897,122,0
magnetisera,aftonbladet,1870,9,96758392,0.09301518776789924,9,0
magnetism,aftonbladet,1870,133,96758392,1.3745577747922888,133,0
nerv,aftonbladet,1870,433,96758392,4.475064033722264,433,0
repulsion,aftonbladet,1870,3,96758392,0.031005062589299748,3,0
spänning,aftonbladet,1870,646,96758392,6.676423477562546,646,0
strålning,aftonbladet,1870,14,96758392,0.1446902920833988,14,0
ström,aftonbladet,1870,3750,96758392,38.75632823662468,3748,2
strömning,aftonbladet,1870,163,96758392,1.6846084006852864,163,0
styrka,aftonbladet,1870,10687,96758392,110.4503679639488,10682,5
tension,aftonbladet,1870,5,96758392,0.05167510431549958,5,0
attraktion,aftonbladet,1880,45,100382714,0.4482843530211785,45,0
elektricitet,aftonbladet,1880,1748,100382714,17.41335664624489,1748,0
elektriker,aftonbladet,1880,72,100382714,0.7172549648338856,72,0
elektrisk,aftonbladet,1880,6815,100382714,67.89017479642959,6815,0
emanation,aftonbladet,1880,5,100382714,0.049809372557908724,5,0
emanera,aftonbladet,1880,32,100382714,0.31877998437061583,32,0
fluidum,aftonbladet,1880,35,100382714,0.34866560790536105,35,0
induktion,aftonbladet,1880,28,100382714,0.27893248632428885,28,0
influens,aftonbladet,1880,1,100382714,0.009961874511581745,1,0
influera,aftonbladet,1880,25,100382714,0.24904686278954363,25,0
kondensation,aftonbladet,1880,12,100382714,0.11954249413898094,12,0
kraft,aftonbladet,1880,13395,100382714,133.43930908263746,13392,3
ladda,aftonbladet,1880,570,100382714,5.678268471601594,570,0
laddning,aftonbladet,1880,398,100382714,3.9648260556095347,398,0
magnet,aftonbladet,1880,154,100382714,1.5341286747835887,154,0
magnetisera,aftonbladet,1880,23,100382714,0.22912311376638014,23,0
magnetism,aftonbladet,1880,157,100382714,1.564014298318334,157,0
nerv,aftonbladet,1880,655,100382714,6.525027805086043,655,0
repulsion,aftonbladet,1880,3,100382714,0.029885623534745234,3,0
spänning,aftonbladet,1880,820,100382714,8.168737099497031,820,0
strålning,aftonbladet,1880,6,100382714,0.05977124706949047,6,0
ström,aftonbladet,1880,4749,100382714,47.30894205550171,4749,0
strömning,aftonbladet,1880,342,100382714,3.4069610829609567,342,0
styrka,aftonbladet,1880,8443,100382714,84.10810650128467,8441,2
tension,aftonbladet,1880,7,100382714,0.06973312158107221,7,0
attraktion,aftonbladet,1890,47,101943656,0.461038988046495,47,0
elektricitet,aftonbladet,1890,1556,101943656,15.263333306390345,1555,1
elektriker,aftonbladet,1890,137,101943656,1.343879603454677,137,0
elektrisk,aftonbladet,1890,10307,101943656,101.10486914457924,10303,4
emanation,aftonbladet,1890,2,101943656,0.019618680342404042,2,0
emanera,aftonbladet,1890,69,101943656,0.6768444718129395,69,0
fluidum,aftonbladet,1890,23,101943656,0.2256148239376465,23,0
induktion,aftonbladet,1890,17,101943656,0.16675878291043436,17,0
influens,aftonbladet,1890,17,101943656,0.16675878291043436,17,0
influera,aftonbladet,1890,62,101943656,0.6081790906145254,62,0
kondensation,aftonbladet,1890,20,101943656,0.19618680342404043,20,0
kraft,aftonbladet,1890,13762,101943656,134.99613943608222,13761,1
ladda,aftonbladet,1890,548,101943656,5.375518413818708,548,0
laddning,aftonbladet,1890,275,101943656,2.697568547080556,275,0
magnet,aftonbladet,1890,157,101943656,1.5400664068787173,157,0
magnetisera,aftonbladet,1890,15,101943656,0.1471401025680303,15,0
magnetism,aftonbladet,1890,88,101943656,0.8632219350657779,88,0
nerv,aftonbladet,1890,1782,101943656,17.480244185082004,1782,0
repulsion,aftonbladet,1890,7,101943656,0.06866538119841416,7,0
spänning,aftonbladet,1890,1338,101943656,13.124897149068305,1338,0
strålning,aftonbladet,1890,50,101943656,0.49046700856010106,50,0
ström,aftonbladet,1890,5803,101943656,56.92360101348533,5803,0
strömning,aftonbladet,1890,412,101943656,4.041448150535233,412,0
styrka,aftonbladet,1890,8183,101943656,80.26983062094614,8182,1
tension,aftonbladet,1890,18,101943656,0.17656812308163639,18,0
attraktion,aftonbladet,1900,6,11031971,0.5438738009735522,6,0
elektricitet,aftonbladet,1900,147,11031971,13.32490812385203,147,0
elektriker,aftonbladet,1900,15,11031971,1.3596845024338806,15,0
elektrisk,aftonbladet,1900,1378,11031971,124.90968295692583,1378,0
emanation,aftonbladet,1900,0,11031971,0.0,0,0
emanera,aftonbladet,1900,8,11031971,0.7251650679647363,8,0
fluidum,aftonbladet,1900,3,11031971,0.2719369004867761,3,0
induktion,aftonbladet,1900,0,11031971,0.0,0,0
influens,aftonbladet,1900,0,11031971,0.0,0,0
influera,aftonbladet,1900,6,11031971,0.5438738009735522,6,0
kondensation,aftonbladet,1900,2,11031971,0.18129126699118409,2,0
kraft,aftonbladet,1900,1410,11031971,127.81034322878477,1407,3
ladda,aftonbladet,1900,56,11031971,5.076155475753154,56,0
laddning,aftonbladet,1900,16,11031971,1.4503301359294727,16,0
magnet,aftonbladet,1900,11,11031971,0.9971019684515124,11,0
magnetisera,aftonbladet,1900,0,11031971,0.0,0,0
magnetism,aftonbladet,1900,0,11031971,0.0,0,0
nerv,aftonbladet,1900,76,11031971,6.889068145664995,76,0
repulsion,aftonbladet,1900,0,11031971,0.0,0,0
spänning,aftonbladet,1900,149,11031971,13.506199390843214,149,0
strålning,aftonbladet,1900,1,11031971,0.09064563349559204,1,0
ström,aftonbladet,1900,480,11031971,43.50990407788418,479,1
strömning,aftonbladet,1900,36,11031971,3.263242805841313,36,0
styrka,aftonbladet,1900,1049,11031971,95.08726953687605,1049,0
tension,aftonbladet,1900,1,11031971,0.09064563349559204,1,0
attraktion,barometern,1870,7,25488681,0.27463170809034804,7,0
elektricitet,barometern,1870,99,25488681,3.8840770144206362,99,0
elektriker,barometern,1870,0,25488681,0.0,0,0
elektrisk,barometern,1870,203,25488681,7.964319534620093,203,0
emanation,barometern,1870,0,25488681,0.0,0,0
emanera,barometern,1870,6,25488681,0.23539860693458403,6,0
fluidum,barometern,1870,24,25488681,0.9415944277383361,24,0
induktion,barometern,1870,0,25488681,0.0,0,0
influens,barometern,1870,0,25488681,0.0,0,0
influera,barometern,1870,4,25488681,0.15693240462305602,4,0
kondensation,barometern,1870,3,25488681,0.11769930346729202,3,0
kraft,barometern,1870,2738,25488681,107.42023096448185,2738,0
ladda,barometern,1870,246,25488681,9.651342884317945,246,0
laddning,barometern,1870,125,25488681,4.9041376444705005,125,0
magnet,barometern,1870,169,25488681,6.6303940953241165,169,0
magnetisera,barometern,1870,17,25488681,0.666962719647988,17,0
magnetism,barometern,1870,35,25488681,1.3731585404517401,35,0
nerv,barometern,1870,109,25488681,4.276408025978276,109,0
repulsion,barometern,1870,0,25488681,0.0,0,0
spänning,barometern,1870,126,25488681,4.9433707456262646,126,0
strålning,barometern,1870,0,25488681,0.0,0,0
ström,barometern,1870,939,25488681,36.8398819852624,939,0
strömning,barometern,1870,14,25488681,0.5492634161806961,14,0
styrka,barometern,1870,2367,25488681,92.8647504356934,2366,1
tension,barometern,1870,0,25488681,0.0,0,0
attraktion,barometern,1880,5,39808549,0.1256011617002167,5,0
elektricitet,barometern,1880,431,39808549,10.82682013855868,431,0
elektriker,barometern,1880,10,39808549,0.2512023234004334,10,0
elektrisk,barometern,1880,534,39808549,13.414204069583144,534,0
emanation,barometern,1880,0,39808549,0.0,0,0
emanera,barometern,1880,12,39808549,0.3014427880805201,12,0
fluidum,barometern,1880,27,39808549,0.6782462731811703,27,0
induktion,barometern,1880,0,39808549,0.0,0,0
influens,barometern,1880,0,39808549,0.0,0,0
influera,barometern,1880,7,39808549,0.17584162638030337,7,0
kondensation,barometern,1880,2,39808549,0.05024046468008668,2,0
kraft,barometern,1880,4746,39808549,119.2206226858457,4744,2
ladda,barometern,1880,453,39808549,11.379465250039633,453,0
laddning,barometern,1880,99,39808549,2.486903001664291,99,0
magnet,barometern,1880,102,39808549,2.5622636986844207,102,0
magnetisera,barometern,1880,19,39808549,0.4772844144608235,19,0
magnetism,barometern,1880,63,39808549,1.5825746374227305,63,0
nerv,barometern,1880,296,39808549,7.435588772652829,296,0
repulsion,barometern,1880,0,39808549,0.0,0,0
spänning,barometern,1880,404,39808549,10.148573865377509,404,0
strålning,barometern,1880,1,39808549,0.02512023234004334,1,0
ström,barometern,1880,1266,39808549,31.80221414249487,1266,0
strömning,barometern,1880,79,39808549,1.9844983548634239,79,0
styrka,barometern,1880,2897,39808549,72.77331308910556,2897,0
tension,barometern,1880,1,39808549,0.02512023234004334,1,0
attraktion,barometern,1890,13,28408936,0.4576024952148859,13,0
elektricitet,barometern,1890,216,28408936,7.6032414589550275,215,1
elektriker,barometern,1890,10,28408936,0.35200191939606607,10,0
elektrisk,barometern,1890,402,28408936,14.150477159721856,402,0
emanation,barometern,1890,0,28408936,0.0,0,0
emanera,barometern,1890,17,28408936,0.5984032629733124,17,0
fluidum,barometern,1890,22,28408936,0.7744042226713453,22,0
induktion,barometern,1890,0,28408936,0.0,0,0
influens,barometern,1890,0,28408936,0.0,0,0
influera,barometern,1890,11,28408936,0.38720211133567267,11,0
kondensation,barometern,1890,0,28408936,0.0,0,0
kraft,barometern,1890,3259,28408936,114.71742553117794,3259,0
ladda,barometern,1890,243,28408936,8.553646641324406,243,0
laddning,barometern,1890,77,28408936,2.710414779349709,77,0
magnet,barometern,1890,70,28408936,2.4640134357724626,70,0
magnetisera,barometern,1890,5,28408936,0.17600095969803303,5,0
magnetism,barometern,1890,21,28408936,0.7392040307317388,21,0
nerv,barometern,1890,288,28408936,10.137655278606703,288,0
repulsion,barometern,1890,0,28408936,0.0,0,0
spänning,barometern,1890,333,28408936,11.721663915889,333,0
strålning,barometern,1890,0,28408936,0.0,0,0
ström,barometern,1890,930,28408936,32.73617850383415,929,1
strömning,barometern,1890,43,28408936,1.5136082534030841,43,0
styrka,barometern,1890,1841,28408936,64.80355336081577,1841,0
tension,barometern,1890,0,28408936,0.0,0,0
attraktion,blekingsposten,1870,5,13863380,0.36066240700319835,5,0
elektricitet,blekingsposten,1870,371,13863380,26.76115059963732,371,0
elektriker,blekingsposten,1870,0,13863380,0.0,0,0
elektrisk,blekingsposten,1870,225,13863380,16.229808315143927,225,0
emanation,blekingsposten,1870,0,13863380,0.0,0,0
emanera,blekingsposten,1870,2,13863380,0.14426496280127935,2,0
fluidum,blekingsposten,1870,5,13863380,0.36066240700319835,5,0
induktion,blekingsposten,1870,0,13863380,0.0,0,0
influens,blekingsposten,1870,0,13863380,0.0,0,0
influera,blekingsposten,1870,0,13863380,0.0,0,0
kondensation,blekingsposten,1870,0,13863380,0.0,0,0
kraft,blekingsposten,1870,1440,13863380,103.87077321692112,1440,0
ladda,blekingsposten,1870,80,13863380,5.770598512051174,79,1
laddning,blekingsposten,1870,59,13863380,4.25581640263774,59,0
magnet,blekingsposten,1870,8,13863380,0.5770598512051174,8,0
magnetisera,blekingsposten,1870,2,13863380,0.14426496280127935,2,0
magnetism,blekingsposten,1870,8,13863380,0.5770598512051174,8,0
nerv,blekingsposten,1870,67,13863380,4.832876253842858,67,0
repulsion,blekingsposten,1870,0,13863380,0.0,0,0
spänning,blekingsposten,1870,74,13863380,5.337803623647336,74,0
strålning,blekingsposten,1870,0,13863380,0.0,0,0
ström,blekingsposten,1870,328,13863380,23.65945389940981,327,1
strömning,blekingsposten,1870,5,13863380,0.36066240700319835,5,0
styrka,blekingsposten,1870,1436,13863380,103.58224329131856,1436,0
tension,blekingsposten,1870,0,13863380,0.0,0,0
attraktion,blekingsposten,1880,0,7493604,0.0,0,0
elektricitet,blekingsposten,1880,67,7493604,8.940958182471345,67,0
elektriker,blekingsposten,1880,0,7493604,0.0,0,0
elektrisk,blekingsposten,1880,279,7493604,37.2317512374553,279,0
emanation,blekingsposten,1880,0,7493604,0.0,0,0
emanera,blekingsposten,1880,1,7493604,0.1334471370518111,1,0
fluidum,blekingsposten,1880,5,7493604,0.6672356852590556,5,0
induktion,blekingsposten,1880,3,7493604,0.40034141115543337,3,0
influens,blekingsposten,1880,0,7493604,0.0,0,0
influera,blekingsposten,1880,3,7493604,0.40034141115543337,3,0
kondensation,blekingsposten,1880,1,7493604,0.1334471370518111,1,0
kraft,blekingsposten,1880,792,7493604,105.6901325450344,792,0
ladda,blekingsposten,1880,77,7493604,10.275429552989456,77,0
laddning,blekingsposten,1880,33,7493604,4.4037555227097664,33,0
magnet,blekingsposten,1880,14,7493604,1.8682599187253557,14,0
magnetisera,blekingsposten,1880,0,7493604,0.0,0,0
magnetism,blekingsposten,1880,5,7493604,0.6672356852590556,5,0
nerv,blekingsposten,1880,44,7493604,5.8716740302796895,44,0
repulsion,blekingsposten,1880,0,7493604,0.0,0,0
spänning,blekingsposten,1880,48,7493604,6.405462578486934,48,0
strålning,blekingsposten,1880,0,7493604,0.0,0,0
ström,blekingsposten,1880,249,7493604,33.22833712590097,249,0
strömning,blekingsposten,1880,1,7493604,0.1334471370518111,1,0
styrka,blekingsposten,1880,651,7493604,86.87408622072904,651,0
tension,blekingsposten,1880,1,7493604,0.1334471370518111,1,0
attraktion,bollnastidning,1870,2,2808820,0.7120427795301941,2,0
elektricitet,bollnastidning,1870,21,2808820,7.476449185067039,21,0
elektriker,bollnastidning,1870,0,2808820,0.0,0,0
elektrisk,bollnastidning,1870,56,2808820,19.937197826845438,56,0
emanation,bollnastidning,1870,0,2808820,0.0,0,0
emanera,bollnastidning,1870,0,2808820,0.0,0,0
fluidum,bollnastidning,1870,1,2808820,0.35602138976509706,1,0
induktion,bollnastidning,1870,0,2808820,0.0,0,0
influens,bollnastidning,1870,0,2808820,0.0,0,0
influera,bollnastidning,1870,0,2808820,0.0,0,0
kondensation,bollnastidning,1870,0,2808820,0.0,0,0
kraft,bollnastidning,1870,450,2808820,160.20962539429368,450,0
ladda,bollnastidning,1870,37,2808820,13.172791421308592,37,0
laddning,bollnastidning,1870,11,2808820,3.9162352874160677,11,0
magnet,bollnastidning,1870,6,2808820,2.1361283385905825,6,0
magnetisera,bollnastidning,1870,1,2808820,0.35602138976509706,1,0
magnetism,bollnastidning,1870,1,2808820,0.35602138976509706,1,0
nerv,bollnastidning,1870,10,2808820,3.560213897650971,10,0
repulsion,bollnastidning,1870,0,2808820,0.0,0,0
spänning,bollnastidning,1870,27,2808820,9.612577523657622,27,0
strålning,bollnastidning,1870,0,2808820,0.0,0,0
ström,bollnastidning,1870,143,2808820,50.91105873640888,143,0
strömning,bollnastidning,1870,4,2808820,1.4240855590603883,4,0
styrka,bollnastidning,1870,312,2808820,111.0786736067103,312,0
tension,bollnastidning,1870,0,2808820,0.0,0,0
attraktion,bollnastidning,1880,0,285091,0.0,0,0
elektricitet,bollnastidning,1880,5,285091,17.538259713565143,5,0
elektriker,bollnastidning,1880,0,285091,0.0,0,0
elektrisk,bollnastidning,1880,12,285091,42.09182331255634,12,0
emanation,bollnastidning,1880,0,285091,0.0,0,0
emanera,bollnastidning,1880,0,285091,0.0,0,0
fluidum,bollnastidning,1880,0,285091,0.0,0,0
induktion,bollnastidning,1880,0,285091,0.0,0,0
influens,bollnastidning,1880,0,285091,0.0,0,0
influera,bollnastidning,1880,0,285091,0.0,0,0
kondensation,bollnastidning,1880,0,285091,0.0,0,0
kraft,bollnastidning,1880,40,285091,140.30607770852114,40,0
ladda,bollnastidning,1880,2,285091,7.015303885426057,2,0
laddning,bollnastidning,1880,0,285091,0.0,0,0
magnet,bollnastidning,1880,0,285091,0.0,0,0
magnetisera,bollnastidning,1880,2,285091,7.015303885426057,2,0
magnetism,bollnastidning,1880,5,285091,17.538259713565143,5,0
nerv,bollnastidning,1880,0,285091,0.0,0,0
repulsion,bollnastidning,1880,0,285091,0.0,0,0
spänning,bollnastidning,1880,5,285091,17.538259713565143,5,0
strålning,bollnastidning,1880,0,285091,0.0,0,0
ström,bollnastidning,1880,14,285091,49.1071271979824,14,0
strömning,bollnastidning,1880,1,285091,3.5076519427130286,1,0
styrka,bollnastidning,1880,28,285091,98.2142543959648,28,0
tension,bollnastidning,1880,0,285091,0.0,0,0
attraktion,borastidning,1870,13,13525455,0.9611506599962811,13,0
elektricitet,borastidning,1870,158,13525455,11.681677252262492,157,1
elektriker,borastidning,1870,2,13525455,0.14786933230712015,2,0
elektrisk,borastidning,1870,344,13525455,25.43352515682467,343,1
emanation,borastidning,1870,0,13525455,0.0,0,0
emanera,borastidning,1870,0,13525455,0.0,0,0
fluidum,borastidning,1870,11,13525455,0.813281327689161,11,0
induktion,borastidning,1870,1,13525455,0.07393466615356008,1,0
influens,borastidning,1870,0,13525455,0.0,0,0
influera,borastidning,1870,0,13525455,0.0,0,0
kondensation,borastidning,1870,2,13525455,0.14786933230712015,2,0
kraft,borastidning,1870,2205,13525455,163.02593886859998,2205,0
ladda,borastidning,1870,137,13525455,10.129049263037732,137,0
laddning,borastidning,1870,74,13525455,5.471165295363446,74,0
magnet,borastidning,1870,30,13525455,2.2180399846068024,30,0
magnetisera,borastidning,1870,3,13525455,0.22180399846068025,3,0
magnetism,borastidning,1870,23,13525455,1.700497321531882,23,0
nerv,borastidning,1870,89,13525455,6.580185287666848,89,0
repulsion,borastidning,1870,0,13525455,0.0,0,0
spänning,borastidning,1870,121,13525455,8.94609460458077,121,0
strålning,borastidning,1870,3,13525455,0.22180399846068025,3,0
ström,borastidning,1870,665,13525455,49.16655299211745,665,0
strömning,borastidning,1870,39,13525455,2.8834519799888434,39,0
styrka,borastidning,1870,1343,13525455,99.2942566442312,1342,1
tension,borastidning,1870,0,13525455,0.0,0,0
attraktion,borastidning,1880,12,25140556,0.47731641257257795,12,0
elektricitet,borastidning,1880,372,25140556,14.796808789749916,372,0
elektriker,borastidning,1880,9,25140556,0.35798730942943346,9,0
elektrisk,borastidning,1880,1432,25140556,56.9597585669943,1431,1
emanation,borastidning,1880,1,25140556,0.0397763677143815,1,0
emanera,borastidning,1880,13,25140556,0.5170927802869595,13,0
fluidum,borastidning,1880,20,25140556,0.7955273542876299,20,0
induktion,borastidning,1880,6,25140556,0.23865820628628898,6,0
influens,borastidning,1880,0,25140556,0.0,0,0
influera,borastidning,1880,11,25140556,0.4375400448581965,11,0
kondensation,borastidning,1880,0,25140556,0.0,0,0
kraft,borastidning,1880,4247,25140556,168.9302336829782,4246,1
ladda,borastidning,1880,254,25140556,10.1031973994529,253,1
laddning,borastidning,1880,72,25140556,2.8638984754354677,72,0
magnet,borastidning,1880,33,25140556,1.3126201345745894,33,0
magnetisera,borastidning,1880,13,25140556,0.5170927802869595,13,0
magnetism,borastidning,1880,47,25140556,1.8694892825759304,47,0
nerv,borastidning,1880,239,25140556,9.506551883737178,239,0
repulsion,borastidning,1880,0,25140556,0.0,0,0
spänning,borastidning,1880,341,25140556,13.56374139060409,341,0
strålning,borastidning,1880,2,25140556,0.079552735428763,2,0
ström,borastidning,1880,930,25140556,36.992021974374794,930,0
strömning,borastidning,1880,138,25140556,5.489138744584646,138,0
styrka,borastidning,1880,2227,25140556,88.5819708999276,2226,1
tension,borastidning,1880,12,25140556,0.47731641257257795,12,0
attraktion,borastidning,1890,6,15800963,0.379723691524371,6,0
elektricitet,borastidning,1890,136,15800963,8.607070341219076,136,0
elektriker,borastidning,1890,9,15800963,0.5695855372865565,9,0
elektrisk,borastidning,1890,970,15800963,61.388663463106646,970,0
emanation,borastidning,1890,0,15800963,0.0,0,0
emanera,borastidning,1890,15,15800963,0.9493092288109275,15,0
fluidum,borastidning,1890,11,15800963,0.6961601011280135,11,0
induktion,borastidning,1890,1,15800963,0.06328728192072851,1,0
influens,borastidning,1890,1,15800963,0.06328728192072851,1,0
influera,borastidning,1890,11,15800963,0.6961601011280135,11,0
kondensation,borastidning,1890,0,15800963,0.0,0,0
kraft,borastidning,1890,2500,15800963,158.21820480182126,2499,1
ladda,borastidning,1890,174,15800963,11.01198705420676,174,0
laddning,borastidning,1890,53,15800963,3.3542259417986107,53,0
magnet,borastidning,1890,11,15800963,0.6961601011280135,11,0
magnetisera,borastidning,1890,2,15800963,0.12657456384145702,2,0
magnetism,borastidning,1890,10,15800963,0.632872819207285,10,0
nerv,borastidning,1890,130,15800963,8.227346649694706,130,0
repulsion,borastidning,1890,0,15800963,0.0,0,0
spänning,borastidning,1890,217,15800963,13.733340176798086,217,0
strålning,borastidning,1890,2,15800963,0.12657456384145702,2,0
ström,borastidning,1890,451,15800963,28.542564146248555,451,0
strömning,borastidning,1890,25,15800963,1.5821820480182125,25,0
styrka,borastidning,1890,1281,15800963,81.07100814045322,1280,1
tension,borastidning,1890,0,15800963,0.0,0,0
attraktion,carlscronaswekoblad,1870,2,14676571,0.13627161276295396,2,0
elektricitet,carlscronaswekoblad,1870,365,14676571,24.8695693292391,365,0
elektriker,carlscronaswekoblad,1870,0,14676571,0.0,0,0
elektrisk,carlscronaswekoblad,1870,140,14676571,9.539012893406777,140,0
emanation,carlscronaswekoblad,1870,1,14676571,0.06813580638147698,1,0
emanera,carlscronaswekoblad,1870,0,14676571,0.0,0,0
fluidum,carlscronaswekoblad,1870,7,14676571,0.4769506446703389,7,0
induktion,carlscronaswekoblad,1870,0,14676571,0.0,0,0
influens,carlscronaswekoblad,1870,0,14676571,0.0,0,0
influera,carlscronaswekoblad,1870,1,14676571,0.06813580638147698,1,0
kondensation,carlscronaswekoblad,1870,0,14676571,0.0,0,0
kraft,carlscronaswekoblad,1870,1529,14676571,104.1796479572783,1529,0
ladda,carlscronaswekoblad,1870,93,14676571,6.336629993477359,93,0
laddning,carlscronaswekoblad,1870,62,14676571,4.224419995651573,62,0
magnet,carlscronaswekoblad,1870,4,14676571,0.27254322552590793,4,0
magnetisera,carlscronaswekoblad,1870,2,14676571,0.13627161276295396,2,0
magnetism,carlscronaswekoblad,1870,7,14676571,0.4769506446703389,7,0
nerv,carlscronaswekoblad,1870,38,14676571,2.5891606424961253,38,0
repulsion,carlscronaswekoblad,1870,0,14676571,0.0,0,0
spänning,carlscronaswekoblad,1870,55,14676571,3.747469350981234,55,0
strålning,carlscronaswekoblad,1870,0,14676571,0.0,0,0
ström,carlscronaswekoblad,1870,375,14676571,25.55092739305387,375,0
strömning,carlscronaswekoblad,1870,7,14676571,0.4769506446703389,7,0
styrka,carlscronaswekoblad,1870,1376,14676571,93.75486958091233,1376,0
tension,carlscronaswekoblad,1870,0,14676571,0.0,0,0
attraktion,dalpilen,1870,1,10123214,0.09878285690690723,1,0
elektricitet,dalpilen,1870,52,10123214,5.136708559159176,52,0
elektriker,dalpilen,1870,0,10123214,0.0,0,0
elektrisk,dalpilen,1870,73,10123214,7.211148554204228,73,0
emanation,dalpilen,1870,0,10123214,0.0,0,0
emanera,dalpilen,1870,0,10123214,0.0,0,0
fluidum,dalpilen,1870,2,10123214,0.19756571381381446,2,0
induktion,dalpilen,1870,0,10123214,0.0,0,0
influens,dalpilen,1870,0,10123214,0.0,0,0
influera,dalpilen,1870,2,10123214,0.19756571381381446,2,0
kondensation,dalpilen,1870,0,10123214,0.0,0,0
kraft,dalpilen,1870,1091,10123214,107.77209688543579,1091,0
ladda,dalpilen,1870,84,10123214,8.297759980180208,84,0
laddning,dalpilen,1870,25,10123214,2.469571422672681,25,0
magnet,dalpilen,1870,5,10123214,0.4939142845345362,5,0
magnetisera,dalpilen,1870,0,10123214,0.0,0,0
magnetism,dalpilen,1870,7,10123214,0.6914799983483506,7,0
nerv,dalpilen,1870,14,10123214,1.3829599966967012,14,0
repulsion,dalpilen,1870,0,10123214,0.0,0,0
spänning,dalpilen,1870,34,10123214,3.358617134834846,34,0
strålning,dalpilen,1870,0,10123214,0.0,0,0
ström,dalpilen,1870,315,10123214,31.11659992567578,314,1
strömning,dalpilen,1870,3,10123214,0.2963485707207217,3,0
styrka,dalpilen,1870,968,10123214,95.6218054858862,968,0
tension,dalpilen,1870,0,10123214,0.0,0,0
attraktion,dalpilen,1880,2,15058367,0.13281652651977469,2,0
elektricitet,dalpilen,1880,172,15058367,11.422221280700622,172,0
elektriker,dalpilen,1880,3,15058367,0.19922478977966204,3,0
elektrisk,dalpilen,1880,588,15058367,39.048058796813756,588,0
emanation,dalpilen,1880,0,15058367,0.0,0,0
emanera,dalpilen,1880,3,15058367,0.19922478977966204,3,0
fluidum,dalpilen,1880,3,15058367,0.19922478977966204,3,0
induktion,dalpilen,1880,6,15058367,0.3984495795593241,6,0
influens,dalpilen,1880,0,15058367,0.0,0,0
influera,dalpilen,1880,0,15058367,0.0,0,0
kondensation,dalpilen,1880,0,15058367,0.0,0,0
kraft,dalpilen,1880,1959,15058367,130.0937877261193,1959,0
ladda,dalpilen,1880,99,15058367,6.574418062728847,99,0
laddning,dalpilen,1880,27,15058367,1.7930231080169583,27,0
magnet,dalpilen,1880,11,15058367,0.7304908958587608,11,0
magnetisera,dalpilen,1880,2,15058367,0.13281652651977469,2,0
magnetism,dalpilen,1880,10,15058367,0.6640826325988735,10,0
nerv,dalpilen,1880,61,15058367,4.050904058853128,61,0
repulsion,dalpilen,1880,0,15058367,0.0,0,0
spänning,dalpilen,1880,73,15058367,4.8478032179717765,73,0
strålning,dalpilen,1880,0,15058367,0.0,0,0
ström,dalpilen,1880,443,15058367,29.418860624130094,443,0
strömning,dalpilen,1880,29,15058367,1.925839634536733,29,0
styrka,dalpilen,1880,1281,15058367,85.06898523591569,1281,0
tension,dalpilen,1880,1,15058367,0.06640826325988734,1,0
attraktion,dalpilen,1890,2,19548081,0.10231183306432995,2,0
elektricitet,dalpilen,1890,163,19548081,8.338414394742891,163,0
elektriker,dalpilen,1890,9,19548081,0.46040324878948474,9,0
elektrisk,dalpilen,1890,1442,19548081,73.76683163938189,1441,1
emanation,dalpilen,1890,0,19548081,0.0,0,0
emanera,dalpilen,1890,14,19548081,0.7161828314503096,14,0
fluidum,dalpilen,1890,8,19548081,0.4092473322573198,8,0
induktion,dalpilen,1890,0,19548081,0.0,0,0
influens,dalpilen,1890,0,19548081,0.0,0,0
influera,dalpilen,1890,8,19548081,0.4092473322573198,8,0
kondensation,dalpilen,1890,0,19548081,0.0,0,0
kraft,dalpilen,1890,2484,19548081,127.07129666589779,2483,1
ladda,dalpilen,1890,160,19548081,8.184946645146395,160,0
laddning,dalpilen,1890,48,19548081,2.4554839935439188,48,0
magnet,dalpilen,1890,6,19548081,0.30693549919298985,6,0
magnetisera,dalpilen,1890,2,19548081,0.10231183306432995,2,0
magnetism,dalpilen,1890,8,19548081,0.4092473322573198,8,0
nerv,dalpilen,1890,88,19548081,4.5017206548305175,88,0
repulsion,dalpilen,1890,0,19548081,0.0,0,0
spänning,dalpilen,1890,150,19548081,7.673387479824746,150,0
strålning,dalpilen,1890,0,19548081,0.0,0,0
ström,dalpilen,1890,729,19548081,37.29266315194827,728,1
strömning,dalpilen,1890,41,19548081,2.097392577818764,41,0
styrka,dalpilen,1890,1590,19548081,81.33790728614231,1589,1
tension,dalpilen,1890,3,19548081,0.15346774959649492,3,0
attraktion,dalpilen,1900,5,16074986,0.3110422615609121,5,0
elektricitet,dalpilen,1900,326,16074986,20.279955453771468,326,0
elektriker,dalpilen,1900,23,16074986,1.4307944031801956,23,0
elektrisk,dalpilen,1900,2152,16074986,133.87258937581657,2150,2
emanation,dalpilen,1900,0,16074986,0.0,0,0
emanera,dalpilen,1900,12,16074986,0.746501427746189,12,0
fluidum,dalpilen,1900,3,16074986,0.18662535693654725,3,0
induktion,dalpilen,1900,1,16074986,0.062208452312182416,1,0
influens,dalpilen,1900,3,16074986,0.18662535693654725,3,0
influera,dalpilen,1900,1,16074986,0.062208452312182416,1,0
kondensation,dalpilen,1900,0,16074986,0.0,0,0
kraft,dalpilen,1900,2824,16074986,175.67666932960316,2797,27
ladda,dalpilen,1900,135,16074986,8.398141062144626,135,0
laddning,dalpilen,1900,39,16074986,2.4261296401751142,39,0
magnet,dalpilen,1900,190,16074986,11.819605939314659,190,0
magnetisera,dalpilen,1900,1,16074986,0.062208452312182416,1,0
magnetism,dalpilen,1900,4,16074986,0.24883380924872966,4,0
nerv,dalpilen,1900,77,16074986,4.790050828038046,86,-9
repulsion,dalpilen,1900,0,16074986,0.0,0,0
spänning,dalpilen,1900,152,16074986,9.455684751451727,152,0
strålning,dalpilen,1900,1,16074986,0.062208452312182416,1,0
ström,dalpilen,1900,746,16074986,46.407505424888086,745,1
strömning,dalpilen,1900,23,16074986,1.4307944031801956,23,0
styrka,dalpilen,1900,1533,16074986,95.36555739457565,1533,0
tension,dalpilen,1900,1,16074986,0.062208452312182416,1,0
attraktion,falkopingstidning,1870,1,13270711,0.07535391283858114,1,0
elektricitet,falkopingstidning,1870,75,13270711,5.651543462893586,75,0
elektriker,falkopingstidning,1870,0,13270711,0.0,0,0
elektrisk,falkopingstidning,1870,202,13270711,15.22149039339339,202,0
emanation,falkopingstidning,1870,0,13270711,0.0,0,0
emanera,falkopingstidning,1870,3,13270711,0.22606173851574343,3,0
fluidum,falkopingstidning,1870,3,13270711,0.22606173851574343,3,0
induktion,falkopingstidning,1870,0,13270711,0.0,0,0
influens,falkopingstidning,1870,0,13270711,0.0,0,0
influera,falkopingstidning,1870,0,13270711,0.0,0,0
kondensation,falkopingstidning,1870,0,13270711,0.0,0,0
kraft,falkopingstidning,1870,1423,13270711,107.22861796930097,1423,0
ladda,falkopingstidning,1870,99,13270711,7.460037371019533,99,0
laddning,falkopingstidning,1870,59,13270711,4.445880857476287,59,0
magnet,falkopingstidning,1870,8,13270711,0.6028313027086492,8,0
magnetisera,falkopingstidning,1870,1,13270711,0.07535391283858114,1,0
magnetism,falkopingstidning,1870,8,13270711,0.6028313027086492,8,0
nerv,falkopingstidning,1870,57,13270711,4.295173031799125,57,0
repulsion,falkopingstidning,1870,0,13270711,0.0,0,0
spänning,falkopingstidning,1870,70,13270711,5.27477389870068,70,0
strålning,falkopingstidning,1870,0,13270711,0.0,0,0
ström,falkopingstidning,1870,372,13270711,28.031655575952186,372,0
strömning,falkopingstidning,1870,8,13270711,0.6028313027086492,8,0
styrka,falkopingstidning,1870,1376,13270711,103.68698406588766,1376,0
tension,falkopingstidning,1870,0,13270711,0.0,0,0
attraktion,falkopingstidning,1880,2,19956757,0.10021668350223435,2,0
elektricitet,falkopingstidning,1880,309,19956757,15.483477601095208,309,0
elektriker,falkopingstidning,1880,9,19956757,0.4509750757600546,9,0
elektrisk,falkopingstidning,1880,582,19956757,29.163054899150197,582,0
emanation,falkopingstidning,1880,0,19956757,0.0,0,0
emanera,falkopingstidning,1880,4,19956757,0.2004333670044687,4,0
fluidum,falkopingstidning,1880,6,19956757,0.30065005050670307,6,0
induktion,falkopingstidning,1880,0,19956757,0.0,0,0
influens,falkopingstidning,1880,0,19956757,0.0,0,0
influera,falkopingstidning,1880,1,19956757,0.050108341751117176,1,0
kondensation,falkopingstidning,1880,0,19956757,0.0,0,0
kraft,falkopingstidning,1880,2721,19956757,136.34479790478983,2721,0
ladda,falkopingstidning,1880,251,19956757,12.577193779530411,251,0
laddning,falkopingstidning,1880,70,19956757,3.5075839225782026,70,0
magnet,falkopingstidning,1880,28,19956757,1.403033569031281,28,0
magnetisera,falkopingstidning,1880,5,19956757,0.2505417087555859,5,0
magnetism,falkopingstidning,1880,21,19956757,1.0522751767734608,21,0
nerv,falkopingstidning,1880,151,19956757,7.566359604418694,150,1
repulsion,falkopingstidning,1880,0,19956757,0.0,0,0
spänning,falkopingstidning,1880,204,19956757,10.222101717227904,204,0
strålning,falkopingstidning,1880,0,19956757,0.0,0,0
ström,falkopingstidning,1880,586,19956757,29.363488266154665,586,0
strömning,falkopingstidning,1880,56,19956757,2.806067138062562,56,0
styrka,falkopingstidning,1880,2005,19956757,100.46722521098994,2005,0
tension,falkopingstidning,1880,0,19956757,0.0,0,0
attraktion,falkopingstidning,1890,0,14229802,0.0,0,0
elektricitet,falkopingstidning,1890,181,14229802,12.719783451660115,181,0
elektriker,falkopingstidning,1890,9,14229802,0.632475420248293,9,0
elektrisk,falkopingstidning,1890,502,14229802,35.2780734405159,502,0
emanation,falkopingstidning,1890,0,14229802,0.0,0,0
emanera,falkopingstidning,1890,4,14229802,0.2811001867770191,4,0
fluidum,falkopingstidning,1890,7,14229802,0.4919253268597834,7,0
induktion,falkopingstidning,1890,3,14229802,0.21082514008276432,3,0
influens,falkopingstidning,1890,0,14229802,0.0,0,0
influera,falkopingstidning,1890,3,14229802,0.21082514008276432,3,0
kondensation,falkopingstidning,1890,0,14229802,0.0,0,0
kraft,falkopingstidning,1890,1836,14229802,129.02498573065176,1835,1
ladda,falkopingstidning,1890,120,14229802,8.433005603310573,120,0
laddning,falkopingstidning,1890,48,14229802,3.373202241324229,48,0
magnet,falkopingstidning,1890,14,14229802,0.9838506537195668,14,0
magnetisera,falkopingstidning,1890,0,14229802,0.0,0,0
magnetism,falkopingstidning,1890,2,14229802,0.14055009338850954,2,0
nerv,falkopingstidning,1890,158,14229802,11.103457377692255,158,0
repulsion,falkopingstidning,1890,0,14229802,0.0,0,0
spänning,falkopingstidning,1890,137,14229802,9.627681397112905,136,1
strålning,falkopingstidning,1890,0,14229802,0.0,0,0
ström,falkopingstidning,1890,403,14229802,28.320843817784674,401,2
strömning,falkopingstidning,1890,18,14229802,1.264950840496586,18,0
styrka,falkopingstidning,1890,1227,14229802,86.22748229385061,1227,0
tension,falkopingstidning,1890,0,14229802,0.0,0,0
attraktion,faluposten,1870,2,9330151,0.21435880298185955,2,0
elektricitet,faluposten,1870,19,9330151,2.0364086283276657,19,0
elektriker,faluposten,1870,0,9330151,0.0,0,0
elektrisk,faluposten,1870,56,9330151,6.002046483492068,56,0
emanation,faluposten,1870,1,9330151,0.10717940149092978,1,0
emanera,faluposten,1870,0,9330151,0.0,0,0
fluidum,faluposten,1870,7,9330151,0.7502558104365085,7,0
induktion,faluposten,1870,0,9330151,0.0,0,0
influens,faluposten,1870,0,9330151,0.0,0,0
influera,faluposten,1870,3,9330151,0.32153820447278936,3,0
kondensation,faluposten,1870,0,9330151,0.0,0,0
kraft,faluposten,1870,1282,9330151,137.40399271137198,1281,1
ladda,faluposten,1870,118,9330151,12.647169375929714,118,0
laddning,faluposten,1870,40,9330151,4.287176059637192,40,0
magnet,faluposten,1870,4,9330151,0.4287176059637191,4,0
magnetisera,faluposten,1870,0,9330151,0.0,0,0
magnetism,faluposten,1870,8,9330151,0.8574352119274382,8,0
nerv,faluposten,1870,39,9330151,4.179996658146261,39,0
repulsion,faluposten,1870,0,9330151,0.0,0,0
spänning,faluposten,1870,63,9330151,6.752302293928576,63,0
strålning,faluposten,1870,0,9330151,0.0,0,0
ström,faluposten,1870,283,9330151,30.331770621933128,283,0
strömning,faluposten,1870,5,9330151,0.535897007454649,5,0
styrka,faluposten,1870,923,9330151,98.92658757612818,923,0
tension,faluposten,1870,0,9330151,0.0,0,0
attraktion,faluposten,1880,0,5810333,0.0,0,0
elektricitet,faluposten,1880,28,5810333,4.8190009075211355,28,0
elektriker,faluposten,1880,0,5810333,0.0,0,0
elektrisk,faluposten,1880,88,5810333,15.145431423637854,88,0
emanation,faluposten,1880,0,5810333,0.0,0,0
emanera,faluposten,1880,0,5810333,0.0,0,0
fluidum,faluposten,1880,1,5810333,0.17210717526861197,1,0
induktion,faluposten,1880,0,5810333,0.0,0,0
influens,faluposten,1880,0,5810333,0.0,0,0
influera,faluposten,1880,0,5810333,0.0,0,0
kondensation,faluposten,1880,0,5810333,0.0,0,0
kraft,faluposten,1880,593,5810333,102.0595549342869,593,0
ladda,faluposten,1880,34,5810333,5.851643959132807,34,0
laddning,faluposten,1880,23,5810333,3.958465031178075,23,0
magnet,faluposten,1880,4,5810333,0.6884287010744479,4,0
magnetisera,faluposten,1880,1,5810333,0.17210717526861197,1,0
magnetism,faluposten,1880,5,5810333,0.8605358763430598,5,0
nerv,faluposten,1880,70,5810333,12.047502268802837,70,0
repulsion,faluposten,1880,0,5810333,0.0,0,0
spänning,faluposten,1880,21,5810333,3.6142506806408514,21,0
strålning,faluposten,1880,0,5810333,0.0,0,0
ström,faluposten,1880,166,5810333,28.569791094589586,166,0
strömning,faluposten,1880,11,5810333,1.8931789279547317,11,0
styrka,faluposten,1880,271,5810333,46.64104449779384,271,0
tension,faluposten,1880,0,5810333,0.0,0,0
attraktion,faluposten,1890,0,648897,0.0,0,0
elektricitet,faluposten,1890,2,648897,3.082153253906244,2,0
elektriker,faluposten,1890,0,648897,0.0,0,0
elektrisk,faluposten,1890,8,648897,12.328613015624976,8,0
emanation,faluposten,1890,0,648897,0.0,0,0
emanera,faluposten,1890,0,648897,0.0,0,0
fluidum,faluposten,1890,0,648897,0.0,0,0
induktion,faluposten,1890,0,648897,0.0,0,0
influens,faluposten,1890,0,648897,0.0,0,0
influera,faluposten,1890,0,648897,0.0,0,0
kondensation,faluposten,1890,0,648897,0.0,0,0
kraft,faluposten,1890,57,648897,87.84136773632795,57,0
ladda,faluposten,1890,5,648897,7.70538313476561,5,0
laddning,faluposten,1890,0,648897,0.0,0,0
magnet,faluposten,1890,0,648897,0.0,0,0
magnetisera,faluposten,1890,0,648897,0.0,0,0
magnetism,faluposten,1890,1,648897,1.541076626953122,1,0
nerv,faluposten,1890,52,648897,80.13598460156234,52,0
repulsion,faluposten,1890,0,648897,0.0,0,0
spänning,faluposten,1890,1,648897,1.541076626953122,1,0
strålning,faluposten,1890,0,648897,0.0,0,0
ström,faluposten,1890,20,648897,30.82153253906244,20,0
strömning,faluposten,1890,1,648897,1.541076626953122,1,0
styrka,faluposten,1890,30,648897,46.23229880859366,30,0
tension,faluposten,1890,0,648897,0.0,0,0
attraktion,ghost,1870,12,105868348,0.11334832579044304,12,0
elektricitet,ghost,1870,643,105868348,6.073581123604574,642,1
elektriker,ghost,1870,0,105868348,0.0,0,0
elektrisk,ghost,1870,1628,105868348,15.377589532236774,1627,1
emanation,ghost,1870,0,105868348,0.0,0,0
emanera,ghost,1870,13,105868348,0.12279401960631331,13,0
fluidum,ghost,1870,30,105868348,0.2833708144761076,30,0
induktion,ghost,1870,18,105868348,0.17002248868566458,18,0
influens,ghost,1870,0,105868348,0.0,0,0
influera,ghost,1870,14,105868348,0.13223971342218355,14,0
kondensation,ghost,1870,6,105868348,0.05667416289522152,6,0
kraft,ghost,1870,14073,105868348,132.9292490707421,14071,2
ladda,ghost,1870,426,105868348,4.023865565560729,426,0
laddning,ghost,1870,1560,105868348,14.735282352757597,1559,1
magnet,ghost,1870,183,105868348,1.7285619683042566,183,0
magnetisera,ghost,1870,9,105868348,0.08501124434283229,9,0
magnetism,ghost,1870,68,105868348,0.6423071794791773,68,0
nerv,ghost,1870,365,105868348,3.4476782427926427,365,0
repulsion,ghost,1870,1,105868348,0.009445693815870255,1,0
spänning,ghost,1870,846,105868348,7.991056968226235,846,0
strålning,ghost,1870,8,105868348,0.07556555052696204,8,0
ström,ghost,1870,3035,105868348,28.66768073116622,3035,0
strömning,ghost,1870,186,105868348,1.7568990497518673,186,0
styrka,ghost,1870,8930,105868348,84.35004577572137,8930,0
tension,ghost,1870,4,105868348,0.03778277526348102,4,0
attraktion,ghost,1880,38,126449799,0.3005145148550216,37,1
elektricitet,ghost,1880,1520,126449799,12.020580594200865,1520,0
elektriker,ghost,1880,34,126449799,0.2688814080281772,34,0
elektrisk,ghost,1880,6689,126449799,52.89846289119052,6687,2
emanation,ghost,1880,5,126449799,0.03954138353355548,5,0
emanera,ghost,1880,33,126449799,0.26097313132146616,33,0
fluidum,ghost,1880,55,126449799,0.43495521886911026,55,0
induktion,ghost,1880,25,126449799,0.1977069176677774,25,0
influens,ghost,1880,3,126449799,0.023724830120133288,3,0
influera,ghost,1880,37,126449799,0.29260623814831055,37,0
kondensation,ghost,1880,8,126449799,0.06326621365368877,8,0
kraft,ghost,1880,15448,126449799,122.16705856527301,15445,3
ladda,ghost,1880,585,126449799,4.626341873425991,585,0
laddning,ghost,1880,404,126449799,3.1949437895112824,404,0
magnet,ghost,1880,148,126449799,1.1704249525932422,148,0
magnetisera,ghost,1880,36,126449799,0.2846979614415994,36,0
magnetism,ghost,1880,168,126449799,1.328590486727464,168,0
nerv,ghost,1880,775,126449799,6.128914447701099,775,0
repulsion,ghost,1880,1,126449799,0.007908276706711096,1,0
spänning,ghost,1880,1178,126449799,9.315949960505671,1178,0
strålning,ghost,1880,4,126449799,0.031633106826844386,4,0
ström,ghost,1880,22285,126449799,176.23594640905677,22281,4
strömning,ghost,1880,498,126449799,3.9383217999421256,497,1
styrka,ghost,1880,10619,126449799,83.97799034856513,10618,1
tension,ghost,1880,17,126449799,0.1344407040140886,17,0
attraktion,ghost,1890,14,85890778,0.16299770855492776,14,0
elektricitet,ghost,1890,980,85890778,11.409839598844941,980,0
elektriker,ghost,1890,71,85890778,0.8266312362428478,71,0
elektrisk,ghost,1890,6761,85890778,78.7162505385619,6759,2
emanation,ghost,1890,0,85890778,0.0,0,0
emanera,ghost,1890,16,85890778,0.186283095491346,16,0
fluidum,ghost,1890,36,85890778,0.4191369648555285,36,0
induktion,ghost,1890,20,85890778,0.2328538693641825,20,0
influens,ghost,1890,1,85890778,0.011642693468209125,1,0
influera,ghost,1890,32,85890778,0.372566190982692,32,0
kondensation,ghost,1890,2,85890778,0.02328538693641825,2,0
kraft,ghost,1890,10944,85890778,127.41763731608066,10943,1
ladda,ghost,1890,592,85890778,6.892474533179802,592,0
laddning,ghost,1890,292,85890778,3.3996664927170643,292,0
magnet,ghost,1890,94,85890778,1.0944131860116577,94,0
magnetisera,ghost,1890,32,85890778,0.372566190982692,32,0
magnetism,ghost,1890,91,85890778,1.0594851056070305,91,0
nerv,ghost,1890,519,85890778,6.042557910000536,519,0
repulsion,ghost,1890,2,85890778,0.02328538693641825,2,0
spänning,ghost,1890,880,85890778,10.245570252024029,879,1
strålning,ghost,1890,5,85890778,0.05821346734104563,5,0
ström,ghost,1890,10761,85890778,125.28702441139839,10758,3
strömning,ghost,1890,343,85890778,3.99344385959573,343,0
styrka,ghost,1890,5832,85890778,67.90018830659561,5828,4
tension,ghost,1890,23,85890778,0.26778194976880987,23,0
attraktion,goteborgsposten,1870,16,76702361,0.20859853323159114,16,0
elektricitet,goteborgsposten,1870,395,76702361,5.149776289154906,395,0
elektriker,goteborgsposten,1870,1,76702361,0.013037408326974446,1,0
elektrisk,goteborgsposten,1870,1008,76702361,13.141707593590242,1008,0
emanation,goteborgsposten,1870,2,76702361,0.026074816653948892,2,0
emanera,goteborgsposten,1870,9,76702361,0.11733667494277002,9,0
fluidum,goteborgsposten,1870,45,76702361,0.5866833747138501,45,0
induktion,goteborgsposten,1870,20,76702361,0.2607481665394889,20,0
influens,goteborgsposten,1870,1,76702361,0.013037408326974446,1,0
influera,goteborgsposten,1870,17,76702361,0.22163594155856559,17,0
kondensation,goteborgsposten,1870,0,76702361,0.0,0,0
kraft,goteborgsposten,1870,8419,76702361,109.76194070479787,8418,1
ladda,goteborgsposten,1870,302,76702361,3.937297314746283,302,0
laddning,goteborgsposten,1870,1015,76702361,13.232969451879063,1015,0
magnet,goteborgsposten,1870,113,76702361,1.4732271409481124,113,0
magnetisera,goteborgsposten,1870,7,76702361,0.09126185828882112,7,0
magnetism,goteborgsposten,1870,38,76702361,0.49542151642502896,38,0
nerv,goteborgsposten,1870,216,76702361,2.8160801986264805,216,0
repulsion,goteborgsposten,1870,0,76702361,0.0,0,0
spänning,goteborgsposten,1870,530,76702361,6.909826413296456,530,0
strålning,goteborgsposten,1870,4,76702361,0.052149633307897784,4,0
ström,goteborgsposten,1870,1986,76702361,25.89229293737125,1986,0
strömning,goteborgsposten,1870,69,76702361,0.8995811745612368,69,0
styrka,goteborgsposten,1870,7803,76702361,101.7308971753816,7799,4
tension,goteborgsposten,1870,1,76702361,0.013037408326974446,1,0
attraktion,goteborgsposten,1880,36,106175803,0.33906030359855155,36,0
elektricitet,goteborgsposten,1880,1401,106175803,13.19509681504363,1400,1
elektriker,goteborgsposten,1880,35,106175803,0.3296419618319251,35,0
elektrisk,goteborgsposten,1880,5172,106175803,48.711663616991906,5172,0
emanation,goteborgsposten,1880,6,106175803,0.05651005059975859,6,0
emanera,goteborgsposten,1880,31,106175803,0.29196859476541936,31,0
fluidum,goteborgsposten,1880,77,106175803,0.7252123160302353,77,0
induktion,goteborgsposten,1880,18,106175803,0.16953015179927577,18,0
influens,goteborgsposten,1880,1,106175803,0.009418341766626433,1,0
influera,goteborgsposten,1880,41,106175803,0.3861520124316837,41,0
kondensation,goteborgsposten,1880,2,106175803,0.018836683533252865,2,0
kraft,goteborgsposten,1880,11512,106175803,108.42395041740349,11510,2
ladda,goteborgsposten,1880,520,106175803,4.8975377186457445,520,0
laddning,goteborgsposten,1880,434,106175803,4.087560326715871,434,0
magnet,goteborgsposten,1880,139,106175803,1.309149505561074,139,0
magnetisera,goteborgsposten,1880,46,106175803,0.43324372126481586,46,0
magnetism,goteborgsposten,1880,142,106175803,1.3374045308609532,142,0
nerv,goteborgsposten,1880,532,106175803,5.010557819845261,532,0
repulsion,goteborgsposten,1880,0,106175803,0.0,0,0
spänning,goteborgsposten,1880,875,106175803,8.241049045798128,874,1
strålning,goteborgsposten,1880,0,106175803,0.0,0,0
ström,goteborgsposten,1880,10497,106175803,98.86433352427765,10496,1
strömning,goteborgsposten,1880,275,106175803,2.590043985822269,274,1
styrka,goteborgsposten,1880,17059,106175803,160.6674921968803,17054,5
tension,goteborgsposten,1880,5,106175803,0.047091708833132156,5,0
attraktion,goteborgsposten,1890,12,65852833,0.18222450657513853,12,0
elektricitet,goteborgsposten,1890,679,65852833,10.310869997043255,678,1
elektriker,goteborgsposten,1890,57,65852833,0.8655664062319081,57,0
elektrisk,goteborgsposten,1890,4247,65852833,64.49228995205111,4245,2
emanation,goteborgsposten,1890,5,65852833,0.07592687773964106,5,0
emanera,goteborgsposten,1890,24,65852833,0.36444901315027706,24,0
fluidum,goteborgsposten,1890,43,65852833,0.6529711485609131,43,0
induktion,goteborgsposten,1890,6,65852833,0.09111225328756926,6,0
influens,goteborgsposten,1890,0,65852833,0.0,0,0
influera,goteborgsposten,1890,53,65852833,0.8048249040401952,53,0
kondensation,goteborgsposten,1890,2,65852833,0.03037075109585642,2,0
kraft,goteborgsposten,1890,7179,65852833,109.01581105857663,7179,0
ladda,goteborgsposten,1890,310,65852833,4.707466419857745,310,0
laddning,goteborgsposten,1890,210,65852833,3.1889288650649243,210,0
magnet,goteborgsposten,1890,79,65852833,1.1996446682863287,79,0
magnetisera,goteborgsposten,1890,6,65852833,0.09111225328756926,6,0
magnetism,goteborgsposten,1890,60,65852833,0.9111225328756927,60,0
nerv,goteborgsposten,1890,333,65852833,5.056730057460094,332,1
repulsion,goteborgsposten,1890,1,65852833,0.01518537554792821,1,0
spänning,goteborgsposten,1890,656,65852833,9.961606359440907,656,0
strålning,goteborgsposten,1890,4,65852833,0.06074150219171284,4,0
ström,goteborgsposten,1890,7276,65852833,110.48879248672567,7273,3
strömning,goteborgsposten,1890,117,65852833,1.7766889391076008,117,0
styrka,goteborgsposten,1890,10479,65852833,159.12755036673974,10478,1
tension,goteborgsposten,1890,6,65852833,0.09111225328756926,6,0
attraktion,goteborgsweckoblad,1870,0,4882576,0.0,0,0
elektricitet,goteborgsweckoblad,1870,48,4882576,9.830876160453007,48,0
elektriker,goteborgsweckoblad,1870,0,4882576,0.0,0,0
elektrisk,goteborgsweckoblad,1870,36,4882576,7.373157120339755,36,0
emanation,goteborgsweckoblad,1870,0,4882576,0.0,0,0
emanera,goteborgsweckoblad,1870,0,4882576,0.0,0,0
fluidum,goteborgsweckoblad,1870,1,4882576,0.20480992000943765,1,0
induktion,goteborgsweckoblad,1870,0,4882576,0.0,0,0
influens,goteborgsweckoblad,1870,0,4882576,0.0,0,0
influera,goteborgsweckoblad,1870,0,4882576,0.0,0,0
kondensation,goteborgsweckoblad,1870,0,4882576,0.0,0,0
kraft,goteborgsweckoblad,1870,1456,4882576,298.2032435337412,1455,1
ladda,goteborgsweckoblad,1870,13,4882576,2.6625289601226894,13,0
laddning,goteborgsweckoblad,1870,7,4882576,1.4336694400660634,7,0
magnet,goteborgsweckoblad,1870,7,4882576,1.4336694400660634,7,0
magnetisera,goteborgsweckoblad,1870,1,4882576,0.20480992000943765,1,0
magnetism,goteborgsweckoblad,1870,4,4882576,0.8192396800377506,4,0
nerv,goteborgsweckoblad,1870,13,4882576,2.6625289601226894,13,0
repulsion,goteborgsweckoblad,1870,0,4882576,0.0,0,0
spänning,goteborgsweckoblad,1870,40,4882576,8.192396800377505,40,0
strålning,goteborgsweckoblad,1870,0,4882576,0.0,0,0
ström,goteborgsweckoblad,1870,193,4882576,39.52831456182147,193,0
strömning,goteborgsweckoblad,1870,9,4882576,1.8432892800849388,9,0
styrka,goteborgsweckoblad,1870,366,4882576,74.96043072345418,366,0
tension,goteborgsweckoblad,1870,0,4882576,0.0,0,0
attraktion,goteborgsweckoblad,1880,11,8408798,1.3081536742825788,11,0
elektricitet,goteborgsweckoblad,1880,101,8408798,12.01122919114004,101,0
elektriker,goteborgsweckoblad,1880,0,8408798,0.0,0,0
elektrisk,goteborgsweckoblad,1880,102,8408798,12.130152252438458,102,0
emanation,goteborgsweckoblad,1880,0,8408798,0.0,0,0
emanera,goteborgsweckoblad,1880,0,8408798,0.0,0,0
fluidum,goteborgsweckoblad,1880,5,8408798,0.5946153064920813,5,0
induktion,goteborgsweckoblad,1880,0,8408798,0.0,0,0
influens,goteborgsweckoblad,1880,0,8408798,0.0,0,0
influera,goteborgsweckoblad,1880,1,8408798,0.11892306129841626,1,0
kondensation,goteborgsweckoblad,1880,0,8408798,0.0,0,0
kraft,goteborgsweckoblad,1880,2528,8408798,300.6374989623963,2528,0
ladda,goteborgsweckoblad,1880,27,8408798,3.2109226550572387,27,0
laddning,goteborgsweckoblad,1880,9,8408798,1.0703075516857463,9,0
magnet,goteborgsweckoblad,1880,6,8408798,0.7135383677904975,6,0
magnetisera,goteborgsweckoblad,1880,0,8408798,0.0,0,0
magnetism,goteborgsweckoblad,1880,7,8408798,0.8324614290889137,7,0
nerv,goteborgsweckoblad,1880,53,8408798,6.302922248816062,53,0
repulsion,goteborgsweckoblad,1880,2,8408798,0.23784612259683252,2,0
spänning,goteborgsweckoblad,1880,29,8408798,3.448768777654071,29,0
strålning,goteborgsweckoblad,1880,0,8408798,0.0,0,0
ström,goteborgsweckoblad,1880,245,8408798,29.136150018111984,245,0
strömning,goteborgsweckoblad,1880,44,8408798,5.232614697130315,44,0
styrka,goteborgsweckoblad,1880,607,8408798,72.18629820813867,607,0
tension,goteborgsweckoblad,1880,0,8408798,0.0,0,0
attraktion,goteborgsweckoblad,1890,1,2973018,0.3363585420606266,1,0
elektricitet,goteborgsweckoblad,1890,40,2973018,13.454341682425065,40,0
elektriker,goteborgsweckoblad,1890,1,2973018,0.3363585420606266,1,0
elektrisk,goteborgsweckoblad,1890,86,2973018,28.92683461721389,86,0
emanation,goteborgsweckoblad,1890,0,2973018,0.0,0,0
emanera,goteborgsweckoblad,1890,0,2973018,0.0,0,0
fluidum,goteborgsweckoblad,1890,1,2973018,0.3363585420606266,1,0
induktion,goteborgsweckoblad,1890,0,2973018,0.0,0,0
influens,goteborgsweckoblad,1890,0,2973018,0.0,0,0
influera,goteborgsweckoblad,1890,1,2973018,0.3363585420606266,1,0
kondensation,goteborgsweckoblad,1890,0,2973018,0.0,0,0
kraft,goteborgsweckoblad,1890,948,2973018,318.867897873474,948,0
ladda,goteborgsweckoblad,1890,16,2973018,5.381736672970026,16,0
laddning,goteborgsweckoblad,1890,7,2973018,2.3545097944243865,7,0
magnet,goteborgsweckoblad,1890,1,2973018,0.3363585420606266,1,0
magnetisera,goteborgsweckoblad,1890,1,2973018,0.3363585420606266,1,0
magnetism,goteborgsweckoblad,1890,0,2973018,0.0,0,0
nerv,goteborgsweckoblad,1890,18,2973018,6.054453757091279,18,0
repulsion,goteborgsweckoblad,1890,0,2973018,0.0,0,0
spänning,goteborgsweckoblad,1890,13,2973018,4.372661046788146,13,0
strålning,goteborgsweckoblad,1890,0,2973018,0.0,0,0
ström,goteborgsweckoblad,1890,85,2973018,28.590476075153262,85,0
strömning,goteborgsweckoblad,1890,16,2973018,5.381736672970026,16,0
styrka,goteborgsweckoblad,1890,210,2973018,70.63529383273159,210,0
tension,goteborgsweckoblad,1890,0,2973018,0.0,0,0
attraktion,gotlandstidning,1880,2,5818599,0.3437253538179895,2,0
elektricitet,gotlandstidning,1880,38,5818599,6.530781722541801,38,0
elektriker,gotlandstidning,1880,0,5818599,0.0,0,0
elektrisk,gotlandstidning,1880,161,5818599,27.669890982348157,161,0
emanation,gotlandstidning,1880,0,5818599,0.0,0,0
emanera,gotlandstidning,1880,6,5818599,1.0311760614539685,6,0
fluidum,gotlandstidning,1880,0,5818599,0.0,0,0
induktion,gotlandstidning,1880,0,5818599,0.0,0,0
influens,gotlandstidning,1880,0,5818599,0.0,0,0
influera,gotlandstidning,1880,2,5818599,0.3437253538179895,2,0
kondensation,gotlandstidning,1880,0,5818599,0.0,0,0
kraft,gotlandstidning,1880,800,5818599,137.49014152719582,800,0
ladda,gotlandstidning,1880,25,5818599,4.296566922724869,25,0
laddning,gotlandstidning,1880,16,5818599,2.749802830543916,16,0
magnet,gotlandstidning,1880,7,5818599,1.2030387383629633,7,0
magnetisera,gotlandstidning,1880,3,5818599,0.5155880307269842,3,0
magnetism,gotlandstidning,1880,7,5818599,1.2030387383629633,7,0
nerv,gotlandstidning,1880,35,5818599,6.015193691814817,35,0
repulsion,gotlandstidning,1880,0,5818599,0.0,0,0
spänning,gotlandstidning,1880,43,5818599,7.390095107086775,43,0
strålning,gotlandstidning,1880,0,5818599,0.0,0,0
ström,gotlandstidning,1880,205,5818599,35.23184876634392,205,0
strömning,gotlandstidning,1880,8,5818599,1.374901415271958,8,0
styrka,gotlandstidning,1880,387,5818599,66.51085596378097,387,0
tension,gotlandstidning,1880,0,5818599,0.0,0,0
attraktion,harnosandsposten,1870,3,17447318,0.17194619826382485,3,0
elektricitet,harnosandsposten,1870,92,17447318,5.273016746757295,92,0
elektriker,harnosandsposten,1870,1,17447318,0.05731539942127495,1,0
elektrisk,harnosandsposten,1870,219,17447318,12.552072473259214,219,0
emanation,harnosandsposten,1870,1,17447318,0.05731539942127495,1,0
emanera,harnosandsposten,1870,10,17447318,0.5731539942127495,10,0
fluidum,harnosandsposten,1870,5,17447318,0.28657699710637474,5,0
induktion,harnosandsposten,1870,0,17447318,0.0,0,0
influens,harnosandsposten,1870,0,17447318,0.0,0,0
influera,harnosandsposten,1870,3,17447318,0.17194619826382485,3,0
kondensation,harnosandsposten,1870,0,17447318,0.0,0,0
kraft,harnosandsposten,1870,1947,17447318,111.59308267322233,1947,0
ladda,harnosandsposten,1870,84,17447318,4.814493551387096,84,0
laddning,harnosandsposten,1870,45,17447318,2.579192973957373,45,0
magnet,harnosandsposten,1870,23,17447318,1.3182541866893238,23,0
magnetisera,harnosandsposten,1870,4,17447318,0.2292615976850998,4,0
magnetism,harnosandsposten,1870,6,17447318,0.3438923965276497,6,0
nerv,harnosandsposten,1870,46,17447318,2.6365083733786476,46,0
repulsion,harnosandsposten,1870,0,17447318,0.0,0,0
spänning,harnosandsposten,1870,90,17447318,5.158385947914746,90,0
strålning,harnosandsposten,1870,0,17447318,0.0,0,0
ström,harnosandsposten,1870,421,17447318,24.129783156356755,421,0
strömning,harnosandsposten,1870,22,17447318,1.2609387872680489,22,0
styrka,harnosandsposten,1870,2441,17447318,139.90688998733216,2438,3
tension,harnosandsposten,1870,0,17447318,0.0,0,0
attraktion,harnosandsposten,1880,10,30659412,0.32616411560665287,10,0
elektricitet,harnosandsposten,1880,380,30659412,12.39423639305281,380,0
elektriker,harnosandsposten,1880,10,30659412,0.32616411560665287,10,0
elektrisk,harnosandsposten,1880,1486,30659412,48.46798757914861,1486,0
emanation,harnosandsposten,1880,0,30659412,0.0,0,0
emanera,harnosandsposten,1880,19,30659412,0.6197118196526404,19,0
fluidum,harnosandsposten,1880,17,30659412,0.5544789965313098,17,0
induktion,harnosandsposten,1880,2,30659412,0.06523282312133057,2,0
influens,harnosandsposten,1880,0,30659412,0.0,0,0
influera,harnosandsposten,1880,8,30659412,0.26093129248532226,8,0
kondensation,harnosandsposten,1880,1,30659412,0.03261641156066528,1,0
kraft,harnosandsposten,1880,3639,30659412,118.69112166926098,3639,0
ladda,harnosandsposten,1880,210,30659412,6.84944642773971,210,0
laddning,harnosandsposten,1880,83,30659412,2.7071621595352187,83,0
magnet,harnosandsposten,1880,32,30659412,1.043725169941289,32,0
magnetisera,harnosandsposten,1880,14,30659412,0.45662976184931403,14,0
magnetism,harnosandsposten,1880,40,30659412,1.3046564624266115,40,0
nerv,harnosandsposten,1880,146,30659412,4.761996087857132,146,0
repulsion,harnosandsposten,1880,1,30659412,0.03261641156066528,1,0
spänning,harnosandsposten,1880,294,30659412,9.589224998835594,294,0
strålning,harnosandsposten,1880,0,30659412,0.0,0,0
ström,harnosandsposten,1880,801,30659412,26.125745660092893,801,0
strömning,harnosandsposten,1880,62,30659412,2.022217516761248,62,0
styrka,harnosandsposten,1880,2979,30659412,97.16429003922188,2978,1
tension,harnosandsposten,1880,4,30659412,0.13046564624266113,4,0
attraktion,harnosandsposten,1890,2,21722080,0.0920722140789464,2,0
elektricitet,harnosandsposten,1890,340,21722080,15.652276393420888,340,0
elektriker,harnosandsposten,1890,11,21722080,0.5063971774342052,11,0
elektrisk,harnosandsposten,1890,1690,21722080,77.8010208967097,1690,0
emanation,harnosandsposten,1890,0,21722080,0.0,0,0
emanera,harnosandsposten,1890,17,21722080,0.7826138196710444,17,0
fluidum,harnosandsposten,1890,11,21722080,0.5063971774342052,11,0
induktion,harnosandsposten,1890,4,21722080,0.1841444281578928,4,0
influens,harnosandsposten,1890,0,21722080,0.0,0,0
influera,harnosandsposten,1890,3,21722080,0.13810832111841959,3,0
kondensation,harnosandsposten,1890,0,21722080,0.0,0,0
kraft,harnosandsposten,1890,2646,21722080,121.81153922644609,2646,0
ladda,harnosandsposten,1890,176,21722080,8.102354838947283,176,0
laddning,harnosandsposten,1890,92,21722080,4.235321847631535,92,0
magnet,harnosandsposten,1890,23,21722080,1.0588304619078837,23,0
magnetisera,harnosandsposten,1890,1,21722080,0.0460361070394732,1,0
magnetism,harnosandsposten,1890,21,21722080,0.9667582478289372,21,0
nerv,harnosandsposten,1890,220,21722080,10.127943548684105,220,0
repulsion,harnosandsposten,1890,0,21722080,0.0,0,0
spänning,harnosandsposten,1890,205,21722080,9.437401943092006,205,0
strålning,harnosandsposten,1890,1,21722080,0.0460361070394732,1,0
ström,harnosandsposten,1890,634,21722080,29.18689186302601,634,0
strömning,harnosandsposten,1890,54,21722080,2.485949780131553,54,0
styrka,harnosandsposten,1890,1887,21722080,86.87013398348593,1886,1
tension,harnosandsposten,1890,5,21722080,0.230180535197366,5,0
attraktion,jonkopingsbladet,1870,0,4772883,0.0,0,0
elektricitet,jonkopingsbladet,1870,31,4772883,6.495026171812718,31,0
elektriker,jonkopingsbladet,1870,0,4772883,0.0,0,0
elektrisk,jonkopingsbladet,1870,19,4772883,3.980822492401343,19,0
emanation,jonkopingsbladet,1870,0,4772883,0.0,0,0
emanera,jonkopingsbladet,1870,3,4772883,0.6285509198528436,3,0
fluidum,jonkopingsbladet,1870,0,4772883,0.0,0,0
induktion,jonkopingsbladet,1870,2,4772883,0.41903394656856247,2,0
influens,jonkopingsbladet,1870,0,4772883,0.0,0,0
influera,jonkopingsbladet,1870,0,4772883,0.0,0,0
kondensation,jonkopingsbladet,1870,0,4772883,0.0,0,0
kraft,jonkopingsbladet,1870,606,4772883,126.96728581027442,605,1
ladda,jonkopingsbladet,1870,29,4772883,6.075992225244155,29,0
laddning,jonkopingsbladet,1870,15,4772883,3.1427545992642183,15,0
magnet,jonkopingsbladet,1870,2,4772883,0.41903394656856247,2,0
magnetisera,jonkopingsbladet,1870,1,4772883,0.20951697328428123,1,0
magnetism,jonkopingsbladet,1870,3,4772883,0.6285509198528436,3,0
nerv,jonkopingsbladet,1870,17,4772883,3.5617885458327807,17,0
repulsion,jonkopingsbladet,1870,0,4772883,0.0,0,0
spänning,jonkopingsbladet,1870,32,4772883,6.7045431450969994,32,0
strålning,jonkopingsbladet,1870,0,4772883,0.0,0,0
ström,jonkopingsbladet,1870,92,4772883,19.275561542153874,92,0
strömning,jonkopingsbladet,1870,1,4772883,0.20951697328428123,1,0
styrka,jonkopingsbladet,1870,493,4772883,103.29186782915065,493,0
tension,jonkopingsbladet,1870,0,4772883,0.0,0,0
attraktion,jonkopingsposten,1870,3,18066544,0.16605278795988873,3,0
elektricitet,jonkopingsposten,1870,100,18066544,5.535092931996291,100,0
elektriker,jonkopingsposten,1870,0,18066544,0.0,0,0
elektrisk,jonkopingsposten,1870,211,18066544,11.679046086512175,211,0
emanation,jonkopingsposten,1870,0,18066544,0.0,0,0
emanera,jonkopingsposten,1870,0,18066544,0.0,0,0
fluidum,jonkopingsposten,1870,3,18066544,0.16605278795988873,3,0
induktion,jonkopingsposten,1870,0,18066544,0.0,0,0
influens,jonkopingsposten,1870,0,18066544,0.0,0,0
influera,jonkopingsposten,1870,4,18066544,0.22140371727985164,4,0
kondensation,jonkopingsposten,1870,0,18066544,0.0,0,0
kraft,jonkopingsposten,1870,3064,18066544,169.59524743636635,3063,1
ladda,jonkopingsposten,1870,121,18066544,6.6974624477155125,121,0
laddning,jonkopingsposten,1870,75,18066544,4.151319698997218,75,0
magnet,jonkopingsposten,1870,20,18066544,1.1070185863992583,20,0
magnetisera,jonkopingsposten,1870,2,18066544,0.11070185863992582,2,0
magnetism,jonkopingsposten,1870,20,18066544,1.1070185863992583,20,0
nerv,jonkopingsposten,1870,74,18066544,4.095968769677255,74,0
repulsion,jonkopingsposten,1870,0,18066544,0.0,0,0
spänning,jonkopingsposten,1870,71,18066544,3.929915981717367,71,0
strålning,jonkopingsposten,1870,0,18066544,0.0,0,0
ström,jonkopingsposten,1870,817,18066544,45.221709254409696,816,1
strömning,jonkopingsposten,1870,9,18066544,0.4981583638796662,9,0
styrka,jonkopingsposten,1870,1701,18066544,94.15193077325691,1700,1
tension,jonkopingsposten,1870,0,18066544,0.0,0,0
attraktion,jonkopingsposten,1880,3,25555420,0.11739192703543906,3,0
elektricitet,jonkopingsposten,1880,418,25555420,16.356608500271175,418,0
elektriker,jonkopingsposten,1880,7,25555420,0.27391449641602444,7,0
elektrisk,jonkopingsposten,1880,880,25555420,34.43496526372879,880,0
emanation,jonkopingsposten,1880,0,25555420,0.0,0,0
emanera,jonkopingsposten,1880,1,25555420,0.03913064234514635,1,0
fluidum,jonkopingsposten,1880,7,25555420,0.27391449641602444,7,0
induktion,jonkopingsposten,1880,2,25555420,0.0782612846902927,2,0
influens,jonkopingsposten,1880,0,25555420,0.0,0,0
influera,jonkopingsposten,1880,1,25555420,0.03913064234514635,1,0
kondensation,jonkopingsposten,1880,0,25555420,0.0,0,0
kraft,jonkopingsposten,1880,4608,25555420,180.3139999264344,4607,1
ladda,jonkopingsposten,1880,198,25555420,7.747867184338978,198,0
laddning,jonkopingsposten,1880,46,25555420,1.8000095478767322,46,0
magnet,jonkopingsposten,1880,21,25555420,0.8217434892480734,21,0
magnetisera,jonkopingsposten,1880,2,25555420,0.0782612846902927,2,0
magnetism,jonkopingsposten,1880,5,25555420,0.19565321172573177,5,0
nerv,jonkopingsposten,1880,152,25555420,5.9478576364622455,152,0
repulsion,jonkopingsposten,1880,0,25555420,0.0,0,0
spänning,jonkopingsposten,1880,128,25555420,5.008722220178733,128,0
strålning,jonkopingsposten,1880,0,25555420,0.0,0,0
ström,jonkopingsposten,1880,876,25555420,34.27844269434821,876,0
strömning,jonkopingsposten,1880,55,25555420,2.1521853289830495,55,0
styrka,jonkopingsposten,1880,2031,25555420,79.47433460299224,2030,1
tension,jonkopingsposten,1880,2,25555420,0.0782612846902927,2,0
attraktion,jonkopingsposten,1890,3,21737525,0.13801019205268308,3,0
elektricitet,jonkopingsposten,1890,237,21737525,10.902805172161964,237,0
elektriker,jonkopingsposten,1890,7,21737525,0.32202378145626054,7,0
elektrisk,jonkopingsposten,1890,752,21737525,34.59455480787256,752,0
emanation,jonkopingsposten,1890,0,21737525,0.0,0,0
emanera,jonkopingsposten,1890,4,21737525,0.18401358940357745,4,0
fluidum,jonkopingsposten,1890,4,21737525,0.18401358940357745,4,0
induktion,jonkopingsposten,1890,2,21737525,0.09200679470178873,2,0
influens,jonkopingsposten,1890,0,21737525,0.0,0,0
influera,jonkopingsposten,1890,6,21737525,0.27602038410536617,6,0
kondensation,jonkopingsposten,1890,1,21737525,0.046003397350894364,1,0
kraft,jonkopingsposten,1890,4776,21737525,219.71222574787149,4776,0
ladda,jonkopingsposten,1890,151,21737525,6.946512999985049,151,0
laddning,jonkopingsposten,1890,47,21737525,2.162159675492035,46,1
magnet,jonkopingsposten,1890,21,21737525,0.9660713443687816,21,0
magnetisera,jonkopingsposten,1890,0,21737525,0.0,0,0
magnetism,jonkopingsposten,1890,6,21737525,0.27602038410536617,6,0
nerv,jonkopingsposten,1890,109,21737525,5.014370311247486,109,0
repulsion,jonkopingsposten,1890,0,21737525,0.0,0,0
spänning,jonkopingsposten,1890,213,21737525,9.7987236357405,213,0
strålning,jonkopingsposten,1890,0,21737525,0.0,0,0
ström,jonkopingsposten,1890,778,21737525,35.79064313899581,778,0
strömning,jonkopingsposten,1890,70,21737525,3.2202378145626054,70,0
styrka,jonkopingsposten,1890,1686,21737525,77.5617279336079,1685,1
tension,jonkopingsposten,1890,1,21737525,0.046003397350894364,1,0
attraktion,kalmar,1870,9,29829121,0.3017185789685187,9,0
elektricitet,kalmar,1870,207,29829121,6.939527316275931,207,0
elektriker,kalmar,1870,1,29829121,0.033524286552057636,1,0
elektrisk,kalmar,1870,362,29829121,12.135791731844863,362,0
emanation,kalmar,1870,0,29829121,0.0,0,0
emanera,kalmar,1870,5,29829121,0.16762143276028818,5,0
fluidum,kalmar,1870,17,29829121,0.5699128713849798,17,0
induktion,kalmar,1870,0,29829121,0.0,0,0
influens,kalmar,1870,0,29829121,0.0,0,0
influera,kalmar,1870,3,29829121,0.10057285965617291,3,0
kondensation,kalmar,1870,4,29829121,0.13409714620823054,4,0
kraft,kalmar,1870,3740,29829121,125.38083170469555,3737,3
ladda,kalmar,1870,291,29829121,9.755567386648773,290,1
laddning,kalmar,1870,193,29829121,6.470187304547124,193,0
magnet,kalmar,1870,210,29829121,7.040100175932103,210,0
magnetisera,kalmar,1870,11,29829121,0.368767152072634,11,0
magnetism,kalmar,1870,29,29829121,0.9722043100096714,29,0
nerv,kalmar,1870,116,29829121,3.888817240038686,116,0
repulsion,kalmar,1870,0,29829121,0.0,0,0
spänning,kalmar,1870,229,29829121,7.677061620421198,229,0
strålning,kalmar,1870,0,29829121,0.0,0,0
ström,kalmar,1870,1027,29829121,34.429442288963195,1026,1
strömning,kalmar,1870,24,29829121,0.8045828772493833,24,0
styrka,kalmar,1870,3008,29829121,100.84105394858936,3008,0
tension,kalmar,1870,0,29829121,0.0,0,0
attraktion,kalmar,1880,16,38076326,0.4202086094125783,16,0
elektricitet,kalmar,1880,539,38076326,14.155777529586231,539,0
elektriker,kalmar,1880,8,38076326,0.21010430470628916,8,0
elektrisk,kalmar,1880,1426,38076326,37.45109231389604,1425,1
emanation,kalmar,1880,2,38076326,0.05252607617657229,2,0
emanera,kalmar,1880,6,38076326,0.15757822852971687,6,0
fluidum,kalmar,1880,27,38076326,0.7091020283837259,27,0
induktion,kalmar,1880,3,38076326,0.07878911426485843,3,0
influens,kalmar,1880,0,38076326,0.0,0,0
influera,kalmar,1880,7,38076326,0.183841266618003,7,0
kondensation,kalmar,1880,3,38076326,0.07878911426485843,3,0
kraft,kalmar,1880,4708,38076326,123.64638331965116,4707,1
ladda,kalmar,1880,447,38076326,11.739578025463906,447,0
laddning,kalmar,1880,138,38076326,3.624299256183488,138,0
magnet,kalmar,1880,231,38076326,6.066761798394099,231,0
magnetisera,kalmar,1880,16,38076326,0.4202086094125783,16,0
magnetism,kalmar,1880,42,38076326,1.103047599708018,42,0
nerv,kalmar,1880,235,38076326,6.171813950747244,235,0
repulsion,kalmar,1880,0,38076326,0.0,0,0
spänning,kalmar,1880,344,38076326,9.034485102370434,344,0
strålning,kalmar,1880,1,38076326,0.026263038088286145,1,0
ström,kalmar,1880,1280,38076326,33.616688753006265,1280,0
strömning,kalmar,1880,94,38076326,2.4687255802988974,94,0
styrka,kalmar,1880,3251,38076326,85.38113682501826,3251,0
tension,kalmar,1880,0,38076326,0.0,0,0
attraktion,kalmar,1890,15,39962136,0.37535531133771227,15,0
elektricitet,kalmar,1890,495,39962136,12.386725274144505,495,0
elektriker,kalmar,1890,32,39962136,0.8007579975204528,32,0
elektrisk,kalmar,1890,1839,39962136,46.01856117000352,1838,1
emanation,kalmar,1890,0,39962136,0.0,0,0
emanera,kalmar,1890,21,39962136,0.5254974358727972,21,0
fluidum,kalmar,1890,20,39962136,0.500473748450283,20,0
induktion,kalmar,1890,3,39962136,0.07507106226754245,3,0
influens,kalmar,1890,1,39962136,0.02502368742251415,1,0
influera,kalmar,1890,17,39962136,0.4254026861827406,17,0
kondensation,kalmar,1890,3,39962136,0.07507106226754245,3,0
kraft,kalmar,1890,5615,39962136,140.50800487741697,5615,0
ladda,kalmar,1890,449,39962136,11.235635652708854,449,0
laddning,kalmar,1890,157,39962136,3.9287189253347217,157,0
magnet,kalmar,1890,91,39962136,2.277155555448788,91,0
magnetisera,kalmar,1890,19,39962136,0.4754500610277689,19,0
magnetism,kalmar,1890,20,39962136,0.500473748450283,20,0
nerv,kalmar,1890,401,39962136,10.034498656428175,401,0
repulsion,kalmar,1890,0,39962136,0.0,0,0
spänning,kalmar,1890,554,39962136,13.86312283207284,554,0
strålning,kalmar,1890,3,39962136,0.07507106226754245,3,0
ström,kalmar,1890,1491,39962136,37.3103179469686,1491,0
strömning,kalmar,1890,63,39962136,1.5764923076183917,63,0
styrka,kalmar,1890,2981,39962136,74.59561220651469,2980,1
tension,kalmar,1890,4,39962136,0.1000947496900566,4,0
attraktion,kalmar,1900,13,38272079,0.3396732118994633,13,0
elektricitet,kalmar,1900,451,38272079,11.784047582050611,451,0
elektriker,kalmar,1900,31,38272079,0.8099899668371817,31,0
elektrisk,kalmar,1900,2385,38272079,62.31697002924769,2385,0
emanation,kalmar,1900,2,38272079,0.05225741721530205,2,0
emanera,kalmar,1900,10,38272079,0.26128708607651024,10,0
fluidum,kalmar,1900,8,38272079,0.2090296688612082,8,0
induktion,kalmar,1900,2,38272079,0.05225741721530205,2,0
influens,kalmar,1900,1,38272079,0.026128708607651024,1,0
influera,kalmar,1900,24,38272079,0.6270890065836245,24,0
kondensation,kalmar,1900,3,38272079,0.07838612582295307,3,0
kraft,kalmar,1900,5732,38272079,149.76975773905568,5732,0
ladda,kalmar,1900,249,38272079,6.506048443305105,249,0
laddning,kalmar,1900,158,38272079,4.128335960008862,158,0
magnet,kalmar,1900,64,38272079,1.6722373508896655,64,0
magnetisera,kalmar,1900,3,38272079,0.07838612582295307,3,0
magnetism,kalmar,1900,8,38272079,0.2090296688612082,8,0
nerv,kalmar,1900,438,38272079,11.444374370151149,438,0
repulsion,kalmar,1900,1,38272079,0.026128708607651024,1,0
spänning,kalmar,1900,588,38272079,15.363680661298803,586,2
strålning,kalmar,1900,30,38272079,0.7838612582295307,30,0
ström,kalmar,1900,1610,38272079,42.06722085831815,1610,0
strömning,kalmar,1900,73,38272079,1.9073957283585248,73,0
styrka,kalmar,1900,3178,38272079,83.03703595511496,3178,0
tension,kalmar,1900,1,38272079,0.026128708607651024,1,0
attraktion,karlshamnsallehanda,1870,3,16249770,0.18461799767012088,3,0
elektricitet,karlshamnsallehanda,1870,94,16249770,5.784697260330454,94,0
elektriker,karlshamnsallehanda,1870,0,16249770,0.0,0,0
elektrisk,karlshamnsallehanda,1870,147,16249770,9.046281885835922,147,0
emanation,karlshamnsallehanda,1870,1,16249770,0.061539332556706954,1,0
emanera,karlshamnsallehanda,1870,1,16249770,0.061539332556706954,1,0
fluidum,karlshamnsallehanda,1870,16,16249770,0.9846293209073113,16,0
induktion,karlshamnsallehanda,1870,1,16249770,0.061539332556706954,1,0
influens,karlshamnsallehanda,1870,0,16249770,0.0,0,0
influera,karlshamnsallehanda,1870,2,16249770,0.12307866511341391,2,0
kondensation,karlshamnsallehanda,1870,0,16249770,0.0,0,0
kraft,karlshamnsallehanda,1870,1900,16249770,116.92473185774321,1900,0
ladda,karlshamnsallehanda,1870,142,16249770,8.738585223052388,142,0
laddning,karlshamnsallehanda,1870,75,16249770,4.615449941753022,75,0
magnet,karlshamnsallehanda,1870,9,16249770,0.5538539930103626,9,0
magnetisera,karlshamnsallehanda,1870,3,16249770,0.18461799767012088,3,0
magnetism,karlshamnsallehanda,1870,16,16249770,0.9846293209073113,16,0
nerv,karlshamnsallehanda,1870,63,16249770,3.876977951072538,63,0
repulsion,karlshamnsallehanda,1870,0,16249770,0.0,0,0
spänning,karlshamnsallehanda,1870,122,16249770,7.507798571918249,122,0
strålning,karlshamnsallehanda,1870,0,16249770,0.0,0,0
ström,karlshamnsallehanda,1870,593,16249770,36.492824206127224,593,0
strömning,karlshamnsallehanda,1870,17,16249770,1.0461686534640182,17,0
styrka,karlshamnsallehanda,1870,1424,16249770,87.6320095607507,1424,0
tension,karlshamnsallehanda,1870,0,16249770,0.0,0,0
attraktion,karlshamnsallehanda,1880,0,22146996,0.0,0,0
elektricitet,karlshamnsallehanda,1880,188,22146996,8.488735898990544,187,1
elektriker,karlshamnsallehanda,1880,4,22146996,0.18061140210618182,4,0
elektrisk,karlshamnsallehanda,1880,743,22146996,33.54856794122327,743,0
emanation,karlshamnsallehanda,1880,0,22146996,0.0,0,0
emanera,karlshamnsallehanda,1880,4,22146996,0.18061140210618182,4,0
fluidum,karlshamnsallehanda,1880,10,22146996,0.4515285052654545,10,0
induktion,karlshamnsallehanda,1880,2,22146996,0.09030570105309091,2,0
influens,karlshamnsallehanda,1880,0,22146996,0.0,0,0
influera,karlshamnsallehanda,1880,3,22146996,0.13545855157963635,3,0
kondensation,karlshamnsallehanda,1880,1,22146996,0.045152850526545454,1,0
kraft,karlshamnsallehanda,1880,2309,22146996,104.25793186579345,2309,0
ladda,karlshamnsallehanda,1880,214,22146996,9.662710012680726,214,0
laddning,karlshamnsallehanda,1880,61,22146996,2.7543238821192726,61,0
magnet,karlshamnsallehanda,1880,21,22146996,0.9482098610574545,21,0
magnetisera,karlshamnsallehanda,1880,9,22146996,0.4063756547389091,9,0
magnetism,karlshamnsallehanda,1880,26,22146996,1.1739741136901818,26,0
nerv,karlshamnsallehanda,1880,123,22146996,5.55380061476509,123,0
repulsion,karlshamnsallehanda,1880,0,22146996,0.0,0,0
spänning,karlshamnsallehanda,1880,188,22146996,8.488735898990544,188,0
strålning,karlshamnsallehanda,1880,0,22146996,0.0,0,0
ström,karlshamnsallehanda,1880,612,22146996,27.633544522245817,612,0
strömning,karlshamnsallehanda,1880,28,22146996,1.2642798147432726,28,0
styrka,karlshamnsallehanda,1880,1277,22146996,57.66019012239854,1277,0
tension,karlshamnsallehanda,1880,0,22146996,0.0,0,0
attraktion,karlshamnsallehanda,1890,4,22033065,0.18154532744309518,4,0
elektricitet,karlshamnsallehanda,1890,162,22033065,7.352585761445355,162,0
elektriker,karlshamnsallehanda,1890,5,22033065,0.226931659303869,5,0
elektrisk,karlshamnsallehanda,1890,940,22033065,42.66315194912737,940,0
emanation,karlshamnsallehanda,1890,0,22033065,0.0,0,0
emanera,karlshamnsallehanda,1890,13,22033065,0.5900223141900593,13,0
fluidum,karlshamnsallehanda,1890,3,22033065,0.1361589955823214,3,0
induktion,karlshamnsallehanda,1890,2,22033065,0.09077266372154759,2,0
influens,karlshamnsallehanda,1890,0,22033065,0.0,0,0
influera,karlshamnsallehanda,1890,6,22033065,0.2723179911646428,6,0
kondensation,karlshamnsallehanda,1890,0,22033065,0.0,0,0
kraft,karlshamnsallehanda,1890,3195,22033065,145.00933029517228,3194,1
ladda,karlshamnsallehanda,1890,212,22033065,9.621902354484044,212,0
laddning,karlshamnsallehanda,1890,56,22033065,2.5416345842033325,56,0
magnet,karlshamnsallehanda,1890,16,22033065,0.7261813097723807,16,0
magnetisera,karlshamnsallehanda,1890,3,22033065,0.1361589955823214,3,0
magnetism,karlshamnsallehanda,1890,11,22033065,0.4992496504685118,11,0
nerv,karlshamnsallehanda,1890,145,22033065,6.5810181198122,145,0
repulsion,karlshamnsallehanda,1890,0,22033065,0.0,0,0
spänning,karlshamnsallehanda,1890,218,22033065,9.894220345648687,218,0
strålning,karlshamnsallehanda,1890,2,22033065,0.09077266372154759,2,0
ström,karlshamnsallehanda,1890,657,22033065,29.818820032528382,657,0
strömning,karlshamnsallehanda,1890,27,22033065,1.2254309602408926,27,0
styrka,karlshamnsallehanda,1890,1286,22033065,58.3668227729551,1286,0
tension,karlshamnsallehanda,1890,0,22033065,0.0,0,0
attraktion,karlskronaweckoblad,1870,0,2318091,0.0,0,0
elektricitet,karlskronaweckoblad,1870,16,2318091,6.902231189370909,16,0
elektriker,karlskronaweckoblad,1870,1,2318091,0.4313894493356818,1,0
elektrisk,karlskronaweckoblad,1870,77,2318091,33.2169875988475,77,0
emanation,karlskronaweckoblad,1870,0,2318091,0.0,0,0
emanera,karlskronaweckoblad,1870,0,2318091,0.0,0,0
fluidum,karlskronaweckoblad,1870,1,2318091,0.4313894493356818,1,0
induktion,karlskronaweckoblad,1870,0,2318091,0.0,0,0
influens,karlskronaweckoblad,1870,0,2318091,0.0,0,0
influera,karlskronaweckoblad,1870,0,2318091,0.0,0,0
kondensation,karlskronaweckoblad,1870,0,2318091,0.0,0,0
kraft,karlskronaweckoblad,1870,181,2318091,78.08149032975841,181,0
ladda,karlskronaweckoblad,1870,17,2318091,7.3336206387065905,17,0
laddning,karlskronaweckoblad,1870,12,2318091,5.1766733920281816,12,0
magnet,karlskronaweckoblad,1870,0,2318091,0.0,0,0
magnetisera,karlskronaweckoblad,1870,1,2318091,0.4313894493356818,1,0
magnetism,karlskronaweckoblad,1870,1,2318091,0.4313894493356818,1,0
nerv,karlskronaweckoblad,1870,12,2318091,5.1766733920281816,12,0
repulsion,karlskronaweckoblad,1870,0,2318091,0.0,0,0
spänning,karlskronaweckoblad,1870,7,2318091,3.0197261453497726,7,0
strålning,karlskronaweckoblad,1870,0,2318091,0.0,0,0
ström,karlskronaweckoblad,1870,52,2318091,22.432251365455453,52,0
strömning,karlskronaweckoblad,1870,5,2318091,2.156947246678409,5,0
styrka,karlskronaweckoblad,1870,161,2318091,69.45370134304477,161,0
tension,karlskronaweckoblad,1870,0,2318091,0.0,0,0
attraktion,karlskronaweckoblad,1880,12,24504026,0.48971544512726195,12,0
elektricitet,karlskronaweckoblad,1880,445,24504026,18.160281090135964,445,0
elektriker,karlskronaweckoblad,1880,5,24504026,0.20404810213635916,5,0
elektrisk,karlskronaweckoblad,1880,1293,24504026,52.76683921246247,1293,0
emanation,karlskronaweckoblad,1880,0,24504026,0.0,0,0
emanera,karlskronaweckoblad,1880,7,24504026,0.2856673429909028,7,0
fluidum,karlskronaweckoblad,1880,14,24504026,0.5713346859818056,14,0
induktion,karlskronaweckoblad,1880,1,24504026,0.04080962042727183,1,0
influens,karlskronaweckoblad,1880,0,24504026,0.0,0,0
influera,karlskronaweckoblad,1880,2,24504026,0.08161924085454365,2,0
kondensation,karlskronaweckoblad,1880,0,24504026,0.0,0,0
kraft,karlskronaweckoblad,1880,2834,24504026,115.65446429088836,2834,0
ladda,karlskronaweckoblad,1880,196,24504026,7.998685603745279,196,0
laddning,karlskronaweckoblad,1880,101,24504026,4.121771663154455,101,0
magnet,karlskronaweckoblad,1880,20,24504026,0.8161924085454366,20,0
magnetisera,karlskronaweckoblad,1880,7,24504026,0.2856673429909028,7,0
magnetism,karlskronaweckoblad,1880,12,24504026,0.48971544512726195,12,0
nerv,karlskronaweckoblad,1880,165,24504026,6.733587370499852,165,0
repulsion,karlskronaweckoblad,1880,0,24504026,0.0,0,0
spänning,karlskronaweckoblad,1880,192,24504026,7.835447122036191,192,0
strålning,karlskronaweckoblad,1880,0,24504026,0.0,0,0
ström,karlskronaweckoblad,1880,684,24504026,27.91378037225393,684,0
strömning,karlskronaweckoblad,1880,70,24504026,2.856673429909028,70,0
styrka,karlskronaweckoblad,1880,2097,24504026,85.57777403598902,2097,0
tension,karlskronaweckoblad,1880,1,24504026,0.04080962042727183,1,0
attraktion,karlskronaweckoblad,1890,1,17977977,0.05562361104366748,1,0
elektricitet,karlskronaweckoblad,1890,284,17977977,15.797105536401565,283,1
elektriker,karlskronaweckoblad,1890,9,17977977,0.5006124993930073,9,0
elektrisk,karlskronaweckoblad,1890,1059,17977977,58.90540409524387,1059,0
emanation,karlskronaweckoblad,1890,0,17977977,0.0,0,0
emanera,karlskronaweckoblad,1890,10,17977977,0.5562361104366749,10,0
fluidum,karlskronaweckoblad,1890,11,17977977,0.6118597214803423,11,0
induktion,karlskronaweckoblad,1890,2,17977977,0.11124722208733497,2,0
influens,karlskronaweckoblad,1890,0,17977977,0.0,0,0
influera,karlskronaweckoblad,1890,6,17977977,0.3337416662620049,6,0
kondensation,karlskronaweckoblad,1890,0,17977977,0.0,0,0
kraft,karlskronaweckoblad,1890,2611,17977977,145.2332484350158,2610,1
ladda,karlskronaweckoblad,1890,144,17977977,8.009799990288117,144,0
laddning,karlskronaweckoblad,1890,53,17977977,2.9480513853143764,53,0
magnet,karlskronaweckoblad,1890,29,17977977,1.613084720266357,29,0
magnetisera,karlskronaweckoblad,1890,7,17977977,0.3893652773056724,7,0
magnetism,karlskronaweckoblad,1890,7,17977977,0.3893652773056724,7,0
nerv,karlskronaweckoblad,1890,119,17977977,6.619209714196431,119,0
repulsion,karlskronaweckoblad,1890,1,17977977,0.05562361104366748,1,0
spänning,karlskronaweckoblad,1890,221,17977977,12.292818040650515,221,0
strålning,karlskronaweckoblad,1890,0,17977977,0.0,0,0
ström,karlskronaweckoblad,1890,518,17977977,28.813030520619755,518,0
strömning,karlskronaweckoblad,1890,34,17977977,1.8912027754846945,34,0
styrka,karlskronaweckoblad,1890,1587,17977977,88.2746707263003,1587,0
tension,karlskronaweckoblad,1890,3,17977977,0.16687083313100246,3,0
attraktion,kristianstadsbladet,1870,4,21877349,0.18283750924300746,4,0
elektricitet,kristianstadsbladet,1870,106,21877349,4.845193994939698,106,0
elektriker,kristianstadsbladet,1870,0,21877349,0.0,0,0
elektrisk,kristianstadsbladet,1870,224,21877349,10.238900517608418,224,0
emanation,kristianstadsbladet,1870,0,21877349,0.0,0,0
emanera,kristianstadsbladet,1870,5,21877349,0.22854688655375932,5,0
fluidum,kristianstadsbladet,1870,25,21877349,1.1427344327687967,25,0
induktion,kristianstadsbladet,1870,0,21877349,0.0,0,0
influens,kristianstadsbladet,1870,0,21877349,0.0,0,0
influera,kristianstadsbladet,1870,1,21877349,0.045709377310751864,1,0
kondensation,kristianstadsbladet,1870,0,21877349,0.0,0,0
kraft,kristianstadsbladet,1870,2900,21877349,132.5571942011804,2899,1
ladda,kristianstadsbladet,1870,149,21877349,6.810697219302027,149,0
laddning,kristianstadsbladet,1870,83,21877349,3.7938783167924046,83,0
magnet,kristianstadsbladet,1870,5,21877349,0.22854688655375932,5,0
magnetisera,kristianstadsbladet,1870,2,21877349,0.09141875462150373,2,0
magnetism,kristianstadsbladet,1870,11,21877349,0.5028031504182705,11,0
nerv,kristianstadsbladet,1870,137,21877349,6.2621846915730055,137,0
repulsion,kristianstadsbladet,1870,0,21877349,0.0,0,0
spänning,kristianstadsbladet,1870,161,21877349,7.35920974703105,161,0
strålning,kristianstadsbladet,1870,0,21877349,0.0,0,0
ström,kristianstadsbladet,1870,674,21877349,30.808120307446757,673,1
strömning,kristianstadsbladet,1870,38,21877349,1.7369563378085708,38,0
styrka,kristianstadsbladet,1870,2326,21877349,106.32001162480884,2326,0
tension,kristianstadsbladet,1870,1,21877349,0.045709377310751864,1,0
attraktion,kristianstadsbladet,1880,3,27428670,0.10937460693500632,3,0
elektricitet,kristianstadsbladet,1880,279,27428670,10.171838444955588,279,0
elektriker,kristianstadsbladet,1880,17,27428670,0.6197894392983692,17,0
elektrisk,kristianstadsbladet,1880,766,27428670,27.926982970738283,766,0
emanation,kristianstadsbladet,1880,1,27428670,0.036458202311668776,1,0
emanera,kristianstadsbladet,1880,4,27428670,0.1458328092466751,4,0
fluidum,kristianstadsbladet,1880,14,27428670,0.5104148323633628,14,0
induktion,kristianstadsbladet,1880,6,27428670,0.21874921387001264,6,0
influens,kristianstadsbladet,1880,0,27428670,0.0,0,0
influera,kristianstadsbladet,1880,4,27428670,0.1458328092466751,4,0
kondensation,kristianstadsbladet,1880,0,27428670,0.0,0,0
kraft,kristianstadsbladet,1880,3811,27428670,138.9422090097697,3810,1
ladda,kristianstadsbladet,1880,158,27428670,5.760395965243666,158,0
laddning,kristianstadsbladet,1880,61,27428670,2.223950341011795,61,0
magnet,kristianstadsbladet,1880,11,27428670,0.40104022542835654,11,0
magnetisera,kristianstadsbladet,1880,4,27428670,0.1458328092466751,4,0
magnetism,kristianstadsbladet,1880,17,27428670,0.6197894392983692,17,0
nerv,kristianstadsbladet,1880,259,27428670,9.442674398722213,259,0
repulsion,kristianstadsbladet,1880,0,27428670,0.0,0,0
spänning,kristianstadsbladet,1880,290,27428670,10.572878670383945,290,0
strålning,kristianstadsbladet,1880,10,27428670,0.36458202311668775,10,0
ström,kristianstadsbladet,1880,581,27428670,21.182215543079558,581,0
strömning,kristianstadsbladet,1880,126,27428670,4.593733491270266,125,1
styrka,kristianstadsbladet,1880,2424,27428670,88.37468240348511,2423,1
tension,kristianstadsbladet,1880,0,27428670,0.0,0,0
attraktion,kristianstadsbladet,1890,3,24305967,0.12342648206508303,3,0
elektricitet,kristianstadsbladet,1890,282,24305967,11.602089314117805,282,0
elektriker,kristianstadsbladet,1890,8,24305967,0.3291372855068881,8,0
elektrisk,kristianstadsbladet,1890,1002,24305967,41.224445009737735,1001,1
emanation,kristianstadsbladet,1890,1,24305967,0.04114216068836101,1,0
emanera,kristianstadsbladet,1890,8,24305967,0.3291372855068881,8,0
fluidum,kristianstadsbladet,1890,12,24305967,0.4937059282603321,12,0
induktion,kristianstadsbladet,1890,2,24305967,0.08228432137672202,2,0
influens,kristianstadsbladet,1890,1,24305967,0.04114216068836101,1,0
influera,kristianstadsbladet,1890,5,24305967,0.20571080344180506,5,0
kondensation,kristianstadsbladet,1890,0,24305967,0.0,0,0
kraft,kristianstadsbladet,1890,3475,24305967,142.96900839205452,3475,0
ladda,kristianstadsbladet,1890,212,24305967,8.722138065932533,212,0
laddning,kristianstadsbladet,1890,91,24305967,3.743936622640852,91,0
magnet,kristianstadsbladet,1890,20,24305967,0.8228432137672202,20,0
magnetisera,kristianstadsbladet,1890,3,24305967,0.12342648206508303,3,0
magnetism,kristianstadsbladet,1890,10,24305967,0.4114216068836101,10,0
nerv,kristianstadsbladet,1890,211,24305967,8.680995905244172,211,0
repulsion,kristianstadsbladet,1890,0,24305967,0.0,0,0
spänning,kristianstadsbladet,1890,321,24305967,13.206633580963885,321,0
strålning,kristianstadsbladet,1890,0,24305967,0.0,0,0
ström,kristianstadsbladet,1890,706,24305967,29.04636544598287,705,1
strömning,kristianstadsbladet,1890,90,24305967,3.702794461952491,90,0
styrka,kristianstadsbladet,1890,1879,24305967,77.30611993343034,1879,0
tension,kristianstadsbladet,1890,2,24305967,0.08228432137672202,2,0
attraktion,lindesbergsallehanda,1870,0,1992715,0.0,0,0
elektricitet,lindesbergsallehanda,1870,17,1992715,8.531074438642756,17,0
elektriker,lindesbergsallehanda,1870,0,1992715,0.0,0,0
elektrisk,lindesbergsallehanda,1870,106,1992715,53.19375826447836,106,0
emanation,lindesbergsallehanda,1870,0,1992715,0.0,0,0
emanera,lindesbergsallehanda,1870,0,1992715,0.0,0,0
fluidum,lindesbergsallehanda,1870,1,1992715,0.5018279081554563,1,0
induktion,lindesbergsallehanda,1870,0,1992715,0.0,0,0
influens,lindesbergsallehanda,1870,0,1992715,0.0,0,0
influera,lindesbergsallehanda,1870,0,1992715,0.0,0,0
kondensation,lindesbergsallehanda,1870,0,1992715,0.0,0,0
kraft,lindesbergsallehanda,1870,281,1992715,141.0136421916832,281,0
ladda,lindesbergsallehanda,1870,20,1992715,10.036558163109126,20,0
laddning,lindesbergsallehanda,1870,11,1992715,5.520106989710019,11,0
magnet,lindesbergsallehanda,1870,4,1992715,2.007311632621825,4,0
magnetisera,lindesbergsallehanda,1870,0,1992715,0.0,0,0
magnetism,lindesbergsallehanda,1870,5,1992715,2.5091395407772814,5,0
nerv,lindesbergsallehanda,1870,14,1992715,7.025590714176388,14,0
repulsion,lindesbergsallehanda,1870,0,1992715,0.0,0,0
spänning,lindesbergsallehanda,1870,11,1992715,5.520106989710019,11,0
strålning,lindesbergsallehanda,1870,0,1992715,0.0,0,0
ström,lindesbergsallehanda,1870,51,1992715,25.59322331592827,51,0
strömning,lindesbergsallehanda,1870,1,1992715,0.5018279081554563,1,0
styrka,lindesbergsallehanda,1870,149,1992715,74.77235831516298,149,0
tension,lindesbergsallehanda,1870,0,1992715,0.0,0,0
attraktion,lindesbergsallehanda,1880,0,506868,0.0,0,0
elektricitet,lindesbergsallehanda,1880,3,506868,5.918700726816449,3,0
elektriker,lindesbergsallehanda,1880,0,506868,0.0,0,0
elektrisk,lindesbergsallehanda,1880,3,506868,5.918700726816449,3,0
emanation,lindesbergsallehanda,1880,0,506868,0.0,0,0
emanera,lindesbergsallehanda,1880,0,506868,0.0,0,0
fluidum,lindesbergsallehanda,1880,1,506868,1.9729002422721498,1,0
induktion,lindesbergsallehanda,1880,0,506868,0.0,0,0
influens,lindesbergsallehanda,1880,0,506868,0.0,0,0
influera,lindesbergsallehanda,1880,0,506868,0.0,0,0
kondensation,lindesbergsallehanda,1880,0,506868,0.0,0,0
kraft,lindesbergsallehanda,1880,60,506868,118.37401453632899,60,0
ladda,lindesbergsallehanda,1880,2,506868,3.9458004845442995,2,0
laddning,lindesbergsallehanda,1880,2,506868,3.9458004845442995,2,0
magnet,lindesbergsallehanda,1880,0,506868,0.0,0,0
magnetisera,lindesbergsallehanda,1880,0,506868,0.0,0,0
magnetism,lindesbergsallehanda,1880,0,506868,0.0,0,0
nerv,lindesbergsallehanda,1880,3,506868,5.918700726816449,3,0
repulsion,lindesbergsallehanda,1880,0,506868,0.0,0,0
spänning,lindesbergsallehanda,1880,2,506868,3.9458004845442995,2,0
strålning,lindesbergsallehanda,1880,0,506868,0.0,0,0
ström,lindesbergsallehanda,1880,21,506868,41.430905087715146,21,0
strömning,lindesbergsallehanda,1880,0,506868,0.0,0,0
styrka,lindesbergsallehanda,1880,22,506868,43.40380532998729,22,0
tension,lindesbergsallehanda,1880,0,506868,0.0,0,0
attraktion,lundsweckoblad,1870,8,21768589,0.3675020002444807,8,0
elektricitet,lundsweckoblad,1870,86,21768589,3.9506465026281674,86,0
elektriker,lundsweckoblad,1870,0,21768589,0.0,0,0
elektrisk,lundsweckoblad,1870,274,21768589,12.586943508373464,274,0
emanation,lundsweckoblad,1870,1,21768589,0.04593775003056009,1,0
emanera,lundsweckoblad,1870,3,21768589,0.13781325009168027,3,0
fluidum,lundsweckoblad,1870,6,21768589,0.27562650018336055,6,0
induktion,lundsweckoblad,1870,1,21768589,0.04593775003056009,1,0
influens,lundsweckoblad,1870,0,21768589,0.0,0,0
influera,lundsweckoblad,1870,0,21768589,0.0,0,0
kondensation,lundsweckoblad,1870,1,21768589,0.04593775003056009,1,0
kraft,lundsweckoblad,1870,3047,21768589,139.97232434311658,3047,0
ladda,lundsweckoblad,1870,132,21768589,6.063783004033931,132,0
laddning,lundsweckoblad,1870,60,21768589,2.7562650018336052,60,0
magnet,lundsweckoblad,1870,22,21768589,1.010630500672322,22,0
magnetisera,lundsweckoblad,1870,1,21768589,0.04593775003056009,1,0
magnetism,lundsweckoblad,1870,17,21768589,0.7809417505195215,17,0
nerv,lundsweckoblad,1870,116,21768589,5.3287790035449705,116,0
repulsion,lundsweckoblad,1870,0,21768589,0.0,0,0
spänning,lundsweckoblad,1870,176,21768589,8.085044005378576,176,0
strålning,lundsweckoblad,1870,0,21768589,0.0,0,0
ström,lundsweckoblad,1870,622,21768589,28.573280519008375,622,0
strömning,lundsweckoblad,1870,32,21768589,1.4700080009779228,32,0
styrka,lundsweckoblad,1870,1992,21768589,91.50799806087569,1992,0
tension,lundsweckoblad,1870,1,21768589,0.04593775003056009,1,0
attraktion,lundsweckoblad,1880,8,26475538,0.302165719918515,8,0
elektricitet,lundsweckoblad,1880,233,26475538,8.800576592626749,233,0
elektriker,lundsweckoblad,1880,9,26475538,0.33993643490832937,9,0
elektrisk,lundsweckoblad,1880,1077,26475538,40.67906004403008,1077,0
emanation,lundsweckoblad,1880,0,26475538,0.0,0,0
emanera,lundsweckoblad,1880,7,26475538,0.2643950049287006,7,0
fluidum,lundsweckoblad,1880,17,26475538,0.6421021548268443,17,0
induktion,lundsweckoblad,1880,1,26475538,0.03777071498981437,1,0
influens,lundsweckoblad,1880,0,26475538,0.0,0,0
influera,lundsweckoblad,1880,10,26475538,0.3777071498981437,10,0
kondensation,lundsweckoblad,1880,9,26475538,0.33993643490832937,9,0
kraft,lundsweckoblad,1880,3599,26475538,135.93680324834193,3598,1
ladda,lundsweckoblad,1880,135,26475538,5.09904652362494,135,0
laddning,lundsweckoblad,1880,54,26475538,2.039618609449976,54,0
magnet,lundsweckoblad,1880,28,26475538,1.0575800197148024,28,0
magnetisera,lundsweckoblad,1880,7,26475538,0.2643950049287006,7,0
magnetism,lundsweckoblad,1880,38,26475538,1.4352871696129461,38,0
nerv,lundsweckoblad,1880,185,26475538,6.987582273115659,185,0
repulsion,lundsweckoblad,1880,1,26475538,0.03777071498981437,1,0
spänning,lundsweckoblad,1880,299,26475538,11.293443781954497,299,0
strålning,lundsweckoblad,1880,0,26475538,0.0,0,0
ström,lundsweckoblad,1880,898,26475538,33.91810206085331,898,0
strömning,lundsweckoblad,1880,89,26475538,3.361593634093479,89,0
styrka,lundsweckoblad,1880,2071,26475538,78.22315074390556,2070,1
tension,lundsweckoblad,1880,1,26475538,0.03777071498981437,1,0
attraktion,lundsweckoblad,1890,7,20782902,0.3368153302171179,7,0
elektricitet,lundsweckoblad,1890,150,20782902,7.217471361795384,150,0
elektriker,lundsweckoblad,1890,12,20782902,0.5773977089436306,12,0
elektrisk,lundsweckoblad,1890,942,20782902,45.32572015207501,942,0
emanation,lundsweckoblad,1890,2,20782902,0.09623295149060511,2,0
emanera,lundsweckoblad,1890,9,20782902,0.433048281707723,9,0
fluidum,lundsweckoblad,1890,8,20782902,0.38493180596242044,8,0
induktion,lundsweckoblad,1890,2,20782902,0.09623295149060511,2,0
influens,lundsweckoblad,1890,2,20782902,0.09623295149060511,2,0
influera,lundsweckoblad,1890,13,20782902,0.6255141846889333,13,0
kondensation,lundsweckoblad,1890,0,20782902,0.0,0,0
kraft,lundsweckoblad,1890,3009,20782902,144.78247551761538,3007,2
ladda,lundsweckoblad,1890,149,20782902,7.169354886050081,149,0
laddning,lundsweckoblad,1890,69,20782902,3.3200368264258766,69,0
magnet,lundsweckoblad,1890,6,20782902,0.2886988544718153,6,0
magnetisera,lundsweckoblad,1890,3,20782902,0.14434942723590766,3,0
magnetism,lundsweckoblad,1890,12,20782902,0.5773977089436306,12,0
nerv,lundsweckoblad,1890,237,20782902,11.403604751636706,237,0
repulsion,lundsweckoblad,1890,1,20782902,0.048116475745302555,1,0
spänning,lundsweckoblad,1890,234,20782902,11.2592553244008,234,0
strålning,lundsweckoblad,1890,0,20782902,0.0,0,0
ström,lundsweckoblad,1890,708,20782902,34.06646482767421,706,2
strömning,lundsweckoblad,1890,85,20782902,4.089900438350718,85,0
styrka,lundsweckoblad,1890,1765,20782902,84.92557969045902,1765,0
tension,lundsweckoblad,1890,1,20782902,0.048116475745302555,1,0
attraktion,malmoallehanda,1870,3,23278716,0.12887308733007438,3,0
elektricitet,malmoallehanda,1870,125,23278716,5.369711972086433,125,0
elektriker,malmoallehanda,1870,1,23278716,0.042957695776691465,1,0
elektrisk,malmoallehanda,1870,345,23278716,14.820405042958555,343,2
emanation,malmoallehanda,1870,0,23278716,0.0,0,0
emanera,malmoallehanda,1870,0,23278716,0.0,0,0
fluidum,malmoallehanda,1870,8,23278716,0.3436615662135317,8,0
induktion,malmoallehanda,1870,0,23278716,0.0,0,0
influens,malmoallehanda,1870,0,23278716,0.0,0,0
influera,malmoallehanda,1870,1,23278716,0.042957695776691465,1,0
kondensation,malmoallehanda,1870,0,23278716,0.0,0,0
kraft,malmoallehanda,1870,2545,23278716,109.32733575167977,2545,0
ladda,malmoallehanda,1870,219,23278716,9.407735375095431,219,0
laddning,malmoallehanda,1870,112,23278716,4.811261926989444,112,0
magnet,malmoallehanda,1870,15,23278716,0.6443654366503719,15,0
magnetisera,malmoallehanda,1870,3,23278716,0.12887308733007438,3,0
magnetism,malmoallehanda,1870,15,23278716,0.6443654366503719,15,0
nerv,malmoallehanda,1870,62,23278716,2.6633771381548708,62,0
repulsion,malmoallehanda,1870,0,23278716,0.0,0,0
spänning,malmoallehanda,1870,164,23278716,7.0450621073774,164,0
strålning,malmoallehanda,1870,0,23278716,0.0,0,0
ström,malmoallehanda,1870,738,23278716,31.7027794831983,738,0
strömning,malmoallehanda,1870,28,23278716,1.202815481747361,28,0
styrka,malmoallehanda,1870,2217,23278716,95.23721153692497,2215,2
tension,malmoallehanda,1870,1,23278716,0.042957695776691465,1,0
attraktion,malmoallehanda,1880,8,23683386,0.3377895373575383,8,0
elektricitet,malmoallehanda,1880,191,23683386,8.064725204411227,191,0
elektriker,malmoallehanda,1880,5,23683386,0.21111846084846145,5,0
elektrisk,malmoallehanda,1880,480,23683386,20.2673722414523,480,0
emanation,malmoallehanda,1880,0,23683386,0.0,0,0
emanera,malmoallehanda,1880,3,23683386,0.12667107650907686,3,0
fluidum,malmoallehanda,1880,14,23683386,0.591131690375692,14,0
induktion,malmoallehanda,1880,2,23683386,0.08444738433938458,2,0
influens,malmoallehanda,1880,0,23683386,0.0,0,0
influera,malmoallehanda,1880,3,23683386,0.12667107650907686,3,0
kondensation,malmoallehanda,1880,0,23683386,0.0,0,0
kraft,malmoallehanda,1880,2276,23683386,96.10112337821965,2276,0
ladda,malmoallehanda,1880,250,23683386,10.555923042423073,250,0
laddning,malmoallehanda,1880,71,23683386,2.9978821440481527,71,0
magnet,malmoallehanda,1880,13,23683386,0.5489079982059998,13,0
magnetisera,malmoallehanda,1880,2,23683386,0.08444738433938458,2,0
magnetism,malmoallehanda,1880,22,23683386,0.9289212277332304,22,0
nerv,malmoallehanda,1880,181,23683386,7.642488282714305,181,0
repulsion,malmoallehanda,1880,0,23683386,0.0,0,0
spänning,malmoallehanda,1880,226,23683386,9.542554430350458,226,0
strålning,malmoallehanda,1880,0,23683386,0.0,0,0
ström,malmoallehanda,1880,743,23683386,31.372203282081372,743,0
strömning,malmoallehanda,1880,28,23683386,1.182263380751384,28,0
styrka,malmoallehanda,1880,1930,23683386,81.49172588750612,1930,0
tension,malmoallehanda,1880,0,23683386,0.0,0,0
attraktion,malmoallehanda,1890,5,11588787,0.4314515401827646,5,0
elektricitet,malmoallehanda,1890,113,11588787,9.75080480813048,113,0
elektriker,malmoallehanda,1890,15,11588787,1.2943546205482939,15,0
elektrisk,malmoallehanda,1890,519,11588787,44.784669870970966,518,1
emanation,malmoallehanda,1890,0,11588787,0.0,0,0
emanera,malmoallehanda,1890,2,11588787,0.17258061607310585,2,0
fluidum,malmoallehanda,1890,1,11588787,0.08629030803655292,1,0
induktion,malmoallehanda,1890,2,11588787,0.17258061607310585,2,0
influens,malmoallehanda,1890,1,11588787,0.08629030803655292,1,0
influera,malmoallehanda,1890,2,11588787,0.17258061607310585,2,0
kondensation,malmoallehanda,1890,0,11588787,0.0,0,0
kraft,malmoallehanda,1890,1156,11588787,99.75159609025518,1155,1
ladda,malmoallehanda,1890,115,11588787,9.923385424203586,115,0
laddning,malmoallehanda,1890,31,11588787,2.6749995491331404,31,0
magnet,malmoallehanda,1890,11,11588787,0.9491933884020821,11,0
magnetisera,malmoallehanda,1890,1,11588787,0.08629030803655292,1,0
magnetism,malmoallehanda,1890,7,11588787,0.6040321562558705,7,0
nerv,malmoallehanda,1890,73,11588787,6.299192486668363,73,0
repulsion,malmoallehanda,1890,0,11588787,0.0,0,0
spänning,malmoallehanda,1890,112,11588787,9.664514500093928,112,0
strålning,malmoallehanda,1890,2,11588787,0.17258061607310585,2,0
ström,malmoallehanda,1890,292,11588787,25.196769946673452,292,0
strömning,malmoallehanda,1890,23,11588787,1.9846770848407171,23,0
styrka,malmoallehanda,1890,827,11588787,71.36208474622927,826,1
tension,malmoallehanda,1890,1,11588787,0.08629030803655292,1,0
attraktion,nerikesallehanda,1870,5,27703908,0.18047995250345186,5,0
elektricitet,nerikesallehanda,1870,217,27703908,7.832829938649811,217,0
elektriker,nerikesallehanda,1870,0,27703908,0.0,0,0
elektrisk,nerikesallehanda,1870,438,27703908,15.810043839302383,438,0
emanation,nerikesallehanda,1870,1,27703908,0.03609599050069037,1,0
emanera,nerikesallehanda,1870,7,27703908,0.2526719335048326,7,0
fluidum,nerikesallehanda,1870,11,27703908,0.39705589550759407,11,0
induktion,nerikesallehanda,1870,1,27703908,0.03609599050069037,1,0
influens,nerikesallehanda,1870,0,27703908,0.0,0,0
influera,nerikesallehanda,1870,1,27703908,0.03609599050069037,1,0
kondensation,nerikesallehanda,1870,3,27703908,0.10828797150207112,3,0
kraft,nerikesallehanda,1870,3095,27703908,111.7170905996367,3095,0
ladda,nerikesallehanda,1870,127,27703908,4.584190793587677,127,0
laddning,nerikesallehanda,1870,89,27703908,3.212543154561443,89,0
magnet,nerikesallehanda,1870,24,27703908,0.8663037720165689,24,0
magnetisera,nerikesallehanda,1870,3,27703908,0.10828797150207112,3,0
magnetism,nerikesallehanda,1870,9,27703908,0.3248639145062133,9,0
nerv,nerikesallehanda,1870,85,27703908,3.0681591925586815,85,0
repulsion,nerikesallehanda,1870,0,27703908,0.0,0,0
spänning,nerikesallehanda,1870,119,27703908,4.295422869582154,119,0
strålning,nerikesallehanda,1870,1,27703908,0.03609599050069037,1,0
ström,nerikesallehanda,1870,903,27703908,32.594679422123406,903,0
strömning,nerikesallehanda,1870,33,27703908,1.1911676865227823,33,0
styrka,nerikesallehanda,1870,2174,27703908,78.47268334850087,2174,0
tension,nerikesallehanda,1870,0,27703908,0.0,0,0
attraktion,nerikesallehanda,1880,3,40030978,0.0749419611981501,3,0
elektricitet,nerikesallehanda,1880,738,40030978,18.435722454744923,738,0
elektriker,nerikesallehanda,1880,25,40030978,0.6245163433179174,25,0
elektrisk,nerikesallehanda,1880,1958,40030978,48.91212000865929,1958,0
emanation,nerikesallehanda,1880,0,40030978,0.0,0,0
emanera,nerikesallehanda,1880,5,40030978,0.12490326866358349,4,1
fluidum,nerikesallehanda,1880,14,40030978,0.34972915225803375,14,0
induktion,nerikesallehanda,1880,1,40030978,0.0249806537327167,1,0
influens,nerikesallehanda,1880,0,40030978,0.0,0,0
influera,nerikesallehanda,1880,5,40030978,0.12490326866358349,5,0
kondensation,nerikesallehanda,1880,0,40030978,0.0,0,0
kraft,nerikesallehanda,1880,4393,40030978,109.74001184782445,4393,0
ladda,nerikesallehanda,1880,232,40030978,5.795511665990274,232,0
laddning,nerikesallehanda,1880,79,40030978,1.973471644884619,79,0
magnet,nerikesallehanda,1880,25,40030978,0.6245163433179174,25,0
magnetisera,nerikesallehanda,1880,14,40030978,0.34972915225803375,14,0
magnetism,nerikesallehanda,1880,31,40030978,0.7744002657142176,31,0
nerv,nerikesallehanda,1880,241,40030978,6.020337549584724,241,0
repulsion,nerikesallehanda,1880,0,40030978,0.0,0,0
spänning,nerikesallehanda,1880,277,40030978,6.919641083962525,277,0
strålning,nerikesallehanda,1880,4,40030978,0.0999226149308668,4,0
ström,nerikesallehanda,1880,1218,40030978,30.426436246448937,1218,0
strömning,nerikesallehanda,1880,106,40030978,2.6479492956679698,106,0
styrka,nerikesallehanda,1880,2951,40030978,73.71790916524698,2950,1
tension,nerikesallehanda,1880,15,40030978,0.3747098059907505,15,0
attraktion,nerikesallehanda,1890,5,28330520,0.17648811246669668,5,0
elektricitet,nerikesallehanda,1890,332,28330520,11.718810667788661,332,0
elektriker,nerikesallehanda,1890,22,28330520,0.7765476948534654,22,0
elektrisk,nerikesallehanda,1890,2303,28330520,81.2904246021605,2302,1
emanation,nerikesallehanda,1890,0,28330520,0.0,0,0
emanera,nerikesallehanda,1890,3,28330520,0.10589286748001801,3,0
fluidum,nerikesallehanda,1890,4,28330520,0.14119048997335734,4,0
induktion,nerikesallehanda,1890,3,28330520,0.10589286748001801,3,0
influens,nerikesallehanda,1890,0,28330520,0.0,0,0
influera,nerikesallehanda,1890,0,28330520,0.0,0,0
kondensation,nerikesallehanda,1890,0,28330520,0.0,0,0
kraft,nerikesallehanda,1890,3420,28330520,120.71786892722054,3419,1
ladda,nerikesallehanda,1890,211,28330520,7.447798346094601,211,0
laddning,nerikesallehanda,1890,94,28330520,3.317976514373898,94,0
magnet,nerikesallehanda,1890,38,28330520,1.3413096547468948,38,0
magnetisera,nerikesallehanda,1890,2,28330520,0.07059524498667867,2,0
magnetism,nerikesallehanda,1890,6,28330520,0.21178573496003603,6,0
nerv,nerikesallehanda,1890,240,28330520,8.471429398401442,240,0
repulsion,nerikesallehanda,1890,0,28330520,0.0,0,0
spänning,nerikesallehanda,1890,288,28330520,10.165715278081729,288,0
strålning,nerikesallehanda,1890,1,28330520,0.035297622493339335,1,0
ström,nerikesallehanda,1890,1052,28330520,37.13309886299299,1052,0
strömning,nerikesallehanda,1890,64,28330520,2.2590478395737175,64,0
styrka,nerikesallehanda,1890,1944,28330520,68.61857812705168,1943,1
tension,nerikesallehanda,1890,13,28330520,0.4588690924134114,13,0
attraktion,nlk,1870,0,6199223,0.0,0,0
elektricitet,nlk,1870,20,6199223,3.2262107686721384,20,0
elektriker,nlk,1870,0,6199223,0.0,0,0
elektrisk,nlk,1870,54,6199223,8.710769075414774,54,0
emanation,nlk,1870,0,6199223,0.0,0,0
emanera,nlk,1870,1,6199223,0.16131053843360693,1,0
fluidum,nlk,1870,2,6199223,0.32262107686721386,2,0
induktion,nlk,1870,0,6199223,0.0,0,0
influens,nlk,1870,0,6199223,0.0,0,0
influera,nlk,1870,0,6199223,0.0,0,0
kondensation,nlk,1870,0,6199223,0.0,0,0
kraft,nlk,1870,735,6199223,118.56324574870109,735,0
ladda,nlk,1870,37,6199223,5.968489922043456,37,0
laddning,nlk,1870,26,6199223,4.19407399927378,26,0
magnet,nlk,1870,3,6199223,0.48393161530082074,3,0
magnetisera,nlk,1870,1,6199223,0.16131053843360693,1,0
magnetism,nlk,1870,5,6199223,0.8065526921680346,5,0
nerv,nlk,1870,7,6199223,1.1291737690352484,7,0
repulsion,nlk,1870,0,6199223,0.0,0,0
spänning,nlk,1870,31,6199223,5.0006266914418145,31,0
strålning,nlk,1870,0,6199223,0.0,0,0
ström,nlk,1870,167,6199223,26.938859918412355,166,1
strömning,nlk,1870,2,6199223,0.32262107686721386,2,0
styrka,nlk,1870,569,6199223,91.78569636872234,569,0
tension,nlk,1870,0,6199223,0.0,0,0
attraktion,norraskane,1880,0,15762436,0.0,0,0
elektricitet,norraskane,1880,179,15762436,11.356112722678144,179,0
elektriker,norraskane,1880,8,15762436,0.5075357641420399,8,0
elektrisk,norraskane,1880,390,15762436,24.74236850192445,390,0
emanation,norraskane,1880,0,15762436,0.0,0,0
emanera,norraskane,1880,6,15762436,0.38065182310653,6,0
fluidum,norraskane,1880,8,15762436,0.5075357641420399,8,0
induktion,norraskane,1880,2,15762436,0.12688394103550998,2,0
influens,norraskane,1880,0,15762436,0.0,0,0
influera,norraskane,1880,2,15762436,0.12688394103550998,2,0
kondensation,norraskane,1880,1,15762436,0.06344197051775499,1,0
kraft,norraskane,1880,2022,15762436,128.2796643869006,2022,0
ladda,norraskane,1880,195,15762436,12.371184250962225,195,0
laddning,norraskane,1880,55,15762436,3.4893083784765246,55,0
magnet,norraskane,1880,11,15762436,0.697861675695305,11,0
magnetisera,norraskane,1880,5,15762436,0.317209852588775,5,0
magnetism,norraskane,1880,14,15762436,0.8881875872485699,14,0
nerv,norraskane,1880,150,15762436,9.51629557766325,150,0
repulsion,norraskane,1880,0,15762436,0.0,0,0
spänning,norraskane,1880,149,15762436,9.452853607145494,149,0
strålning,norraskane,1880,0,15762436,0.0,0,0
ström,norraskane,1880,483,15762436,30.642471760075665,483,0
strömning,norraskane,1880,46,15762436,2.91833064381673,46,0
styrka,norraskane,1880,1199,15762436,76.06692265078824,1199,0
tension,norraskane,1880,2,15762436,0.12688394103550998,2,0
attraktion,norraskane,1890,4,15049749,0.2657851635930938,4,0
elektricitet,norraskane,1890,247,15049749,16.41223385187354,247,0
elektriker,norraskane,1890,7,15049749,0.46512403628791416,7,0
elektrisk,norraskane,1890,433,15049749,28.771243958952404,432,1
emanation,norraskane,1890,1,15049749,0.06644629089827345,1,0
emanera,norraskane,1890,6,15049749,0.39867774538964074,6,0
fluidum,norraskane,1890,2,15049749,0.1328925817965469,2,0
induktion,norraskane,1890,2,15049749,0.1328925817965469,2,0
influens,norraskane,1890,0,15049749,0.0,0,0
influera,norraskane,1890,4,15049749,0.2657851635930938,4,0
kondensation,norraskane,1890,1,15049749,0.06644629089827345,1,0
kraft,norraskane,1890,2030,15049749,134.8859705234951,2030,0
ladda,norraskane,1890,164,15049749,10.897191707316846,164,0
laddning,norraskane,1890,80,15049749,5.315703271861876,80,0
magnet,norraskane,1890,20,15049749,1.328925817965469,20,0
magnetisera,norraskane,1890,2,15049749,0.1328925817965469,2,0
magnetism,norraskane,1890,5,15049749,0.33223145449136726,5,0
nerv,norraskane,1890,249,15049749,16.545126433670088,249,0
repulsion,norraskane,1890,0,15049749,0.0,0,0
spänning,norraskane,1890,163,15049749,10.830745416418573,163,0
strålning,norraskane,1890,5,15049749,0.33223145449136726,5,0
ström,norraskane,1890,673,15049749,44.71835377453803,673,0
strömning,norraskane,1890,31,15049749,2.059835017846477,31,0
styrka,norraskane,1890,1366,15049749,90.76563336704153,1366,0
tension,norraskane,1890,0,15049749,0.0,0,0
attraktion,norrbottenskuriren,1870,0,6231425,0.0,0,0
elektricitet,norrbottenskuriren,1870,29,6231425,4.6538311862856405,29,0
elektriker,norrbottenskuriren,1870,0,6231425,0.0,0,0
elektrisk,norrbottenskuriren,1870,43,6231425,6.900508310699399,43,0
emanation,norrbottenskuriren,1870,0,6231425,0.0,0,0
emanera,norrbottenskuriren,1870,0,6231425,0.0,0,0
fluidum,norrbottenskuriren,1870,1,6231425,0.16047693745812555,1,0
induktion,norrbottenskuriren,1870,0,6231425,0.0,0,0
influens,norrbottenskuriren,1870,0,6231425,0.0,0,0
influera,norrbottenskuriren,1870,0,6231425,0.0,0,0
kondensation,norrbottenskuriren,1870,0,6231425,0.0,0,0
kraft,norrbottenskuriren,1870,1048,6231425,168.17983045611558,1047,1
ladda,norrbottenskuriren,1870,54,6231425,8.66575462273878,54,0
laddning,norrbottenskuriren,1870,44,6231425,7.060985248157524,44,0
magnet,norrbottenskuriren,1870,14,6231425,2.2466771244137576,14,0
magnetisera,norrbottenskuriren,1870,1,6231425,0.16047693745812555,1,0
magnetism,norrbottenskuriren,1870,4,6231425,0.6419077498325022,4,0
nerv,norrbottenskuriren,1870,29,6231425,4.6538311862856405,29,0
repulsion,norrbottenskuriren,1870,0,6231425,0.0,0,0
spänning,norrbottenskuriren,1870,42,6231425,6.740031373241273,42,0
strålning,norrbottenskuriren,1870,0,6231425,0.0,0,0
ström,norrbottenskuriren,1870,230,6231425,36.909695615368875,230,0
strömning,norrbottenskuriren,1870,8,6231425,1.2838154996650044,8,0
styrka,norrbottenskuriren,1870,871,6231425,139.77541252602737,870,1
tension,norrbottenskuriren,1870,0,6231425,0.0,0,0
attraktion,norrbottenskuriren,1880,7,14174058,0.49385997997186126,7,0
elektricitet,norrbottenskuriren,1880,172,14174058,12.134845222165733,172,0
elektriker,norrbottenskuriren,1880,3,14174058,0.21165427713079768,3,0
elektrisk,norrbottenskuriren,1880,294,14174058,20.742119158818173,294,0
emanation,norrbottenskuriren,1880,0,14174058,0.0,0,0
emanera,norrbottenskuriren,1880,3,14174058,0.21165427713079768,3,0
fluidum,norrbottenskuriren,1880,5,14174058,0.35275712855132946,5,0
induktion,norrbottenskuriren,1880,2,14174058,0.14110285142053178,2,0
influens,norrbottenskuriren,1880,0,14174058,0.0,0,0
influera,norrbottenskuriren,1880,2,14174058,0.14110285142053178,2,0
kondensation,norrbottenskuriren,1880,0,14174058,0.0,0,0
kraft,norrbottenskuriren,1880,1974,14174058,139.26851435206487,1973,1
ladda,norrbottenskuriren,1880,147,14174058,10.371059579409087,147,0
laddning,norrbottenskuriren,1880,48,14174058,3.386468434092763,48,0
magnet,norrbottenskuriren,1880,12,14174058,0.8466171085231907,12,0
magnetisera,norrbottenskuriren,1880,13,14174058,0.9171685342334567,13,0
magnetism,norrbottenskuriren,1880,23,14174058,1.6226827913361157,23,0
nerv,norrbottenskuriren,1880,79,14174058,5.573562631111006,79,0
repulsion,norrbottenskuriren,1880,1,14174058,0.07055142571026589,1,0
spänning,norrbottenskuriren,1880,137,14174058,9.665545322306428,137,0
strålning,norrbottenskuriren,1880,0,14174058,0.0,0,0
ström,norrbottenskuriren,1880,491,14174058,34.64075002374055,490,1
strömning,norrbottenskuriren,1880,36,14174058,2.5398513255695723,36,0
styrka,norrbottenskuriren,1880,1262,14174058,89.03589924635556,1262,0
tension,norrbottenskuriren,1880,1,14174058,0.07055142571026589,1,0
attraktion,norrbottenskuriren,1890,6,17126811,0.35032791568728117,6,0
elektricitet,norrbottenskuriren,1890,193,17126811,11.268881287940879,193,0
elektriker,norrbottenskuriren,1890,8,17126811,0.4671038875830416,8,0
elektrisk,norrbottenskuriren,1890,429,17126811,25.048445971640604,429,0
emanation,norrbottenskuriren,1890,0,17126811,0.0,0,0
emanera,norrbottenskuriren,1890,5,17126811,0.29193992973940097,5,0
fluidum,norrbottenskuriren,1890,2,17126811,0.1167759718957604,2,0
induktion,norrbottenskuriren,1890,2,17126811,0.1167759718957604,2,0
influens,norrbottenskuriren,1890,0,17126811,0.0,0,0
influera,norrbottenskuriren,1890,4,17126811,0.2335519437915208,4,0
kondensation,norrbottenskuriren,1890,0,17126811,0.0,0,0
kraft,norrbottenskuriren,1890,2176,17126811,127.05225742258732,2175,1
ladda,norrbottenskuriren,1890,173,17126811,10.101121568983274,173,0
laddning,norrbottenskuriren,1890,50,17126811,2.9193992973940097,50,0
magnet,norrbottenskuriren,1890,32,17126811,1.8684155503321664,32,0
magnetisera,norrbottenskuriren,1890,2,17126811,0.1167759718957604,2,0
magnetism,norrbottenskuriren,1890,8,17126811,0.4671038875830416,8,0
nerv,norrbottenskuriren,1890,164,17126811,9.575629695452353,164,0
repulsion,norrbottenskuriren,1890,0,17126811,0.0,0,0
spänning,norrbottenskuriren,1890,166,17126811,9.692405667348114,166,0
strålning,norrbottenskuriren,1890,0,17126811,0.0,0,0
ström,norrbottenskuriren,1890,537,17126811,31.354348454011667,537,0
strömning,norrbottenskuriren,1890,39,17126811,2.277131451967328,39,0
styrka,norrbottenskuriren,1890,1244,17126811,72.63465451916296,1242,2
tension,norrbottenskuriren,1890,0,17126811,0.0,0,0
attraktion,norrbottensposten,1870,2,4015959,0.498013052424091,2,0
elektricitet,norrbottensposten,1870,16,4015959,3.984104419392728,16,0
elektriker,norrbottensposten,1870,0,4015959,0.0,0,0
elektrisk,norrbottensposten,1870,41,4015959,10.209267574693865,41,0
emanation,norrbottensposten,1870,0,4015959,0.0,0,0
emanera,norrbottensposten,1870,3,4015959,0.7470195786361364,3,0
fluidum,norrbottensposten,1870,2,4015959,0.498013052424091,2,0
induktion,norrbottensposten,1870,0,4015959,0.0,0,0
influens,norrbottensposten,1870,0,4015959,0.0,0,0
influera,norrbottensposten,1870,0,4015959,0.0,0,0
kondensation,norrbottensposten,1870,0,4015959,0.0,0,0
kraft,norrbottensposten,1870,641,4015959,159.61318330192117,641,0
ladda,norrbottensposten,1870,34,4015959,8.466221891209546,34,0
laddning,norrbottensposten,1870,21,4015959,5.229137050452955,21,0
magnet,norrbottensposten,1870,4,4015959,0.996026104848182,4,0
magnetisera,norrbottensposten,1870,0,4015959,0.0,0,0
magnetism,norrbottensposten,1870,0,4015959,0.0,0,0
nerv,norrbottensposten,1870,19,4015959,4.731123998028864,19,0
repulsion,norrbottensposten,1870,0,4015959,0.0,0,0
spänning,norrbottensposten,1870,18,4015959,4.482117471816819,18,0
strålning,norrbottensposten,1870,0,4015959,0.0,0,0
ström,norrbottensposten,1870,174,4015959,43.32713556089592,174,0
strömning,norrbottensposten,1870,1,4015959,0.2490065262120455,1,0
styrka,norrbottensposten,1870,362,4015959,90.14036248876047,362,0
tension,norrbottensposten,1870,0,4015959,0.0,0,0
attraktion,norrbottensposten,1880,2,7259972,0.27548315613338453,2,0
elektricitet,norrbottensposten,1880,84,7259972,11.570292557602151,84,0
elektriker,norrbottensposten,1880,2,7259972,0.27548315613338453,2,0
elektrisk,norrbottensposten,1880,165,7259972,22.727360381004225,165,0
emanation,norrbottensposten,1880,0,7259972,0.0,0,0
emanera,norrbottensposten,1880,1,7259972,0.13774157806669227,1,0
fluidum,norrbottensposten,1880,1,7259972,0.13774157806669227,1,0
induktion,norrbottensposten,1880,0,7259972,0.0,0,0
influens,norrbottensposten,1880,0,7259972,0.0,0,0
influera,norrbottensposten,1880,0,7259972,0.0,0,0
kondensation,norrbottensposten,1880,0,7259972,0.0,0,0
kraft,norrbottensposten,1880,874,7259972,120.38613923028905,874,0
ladda,norrbottensposten,1880,80,7259972,11.019326245335382,80,0
laddning,norrbottensposten,1880,29,7259972,3.9945057639340757,29,0
magnet,norrbottensposten,1880,8,7259972,1.1019326245335381,8,0
magnetisera,norrbottensposten,1880,0,7259972,0.0,0,0
magnetism,norrbottensposten,1880,3,7259972,0.4132247342000768,3,0
nerv,norrbottensposten,1880,46,7259972,6.336112591067844,46,0
repulsion,norrbottensposten,1880,0,7259972,0.0,0,0
spänning,norrbottensposten,1880,62,7259972,8.53997784013492,62,0
strålning,norrbottensposten,1880,0,7259972,0.0,0,0
ström,norrbottensposten,1880,282,7259972,38.84312501480722,281,1
strömning,norrbottensposten,1880,9,7259972,1.2396742026002303,9,0
styrka,norrbottensposten,1880,585,7259972,80.57882316901498,585,0
tension,norrbottensposten,1880,1,7259972,0.13774157806669227,1,0
attraktion,norrbottensposten,1890,4,10366517,0.38585766077458805,4,0
elektricitet,norrbottensposten,1890,130,10366517,12.540373975174111,130,0
elektriker,norrbottensposten,1890,7,10366517,0.6752509063555291,7,0
elektrisk,norrbottensposten,1890,339,10366517,32.70143675064634,339,0
emanation,norrbottensposten,1890,0,10366517,0.0,0,0
emanera,norrbottensposten,1890,4,10366517,0.38585766077458805,4,0
fluidum,norrbottensposten,1890,1,10366517,0.09646441519364701,1,0
induktion,norrbottensposten,1890,3,10366517,0.28939324558094104,3,0
influens,norrbottensposten,1890,0,10366517,0.0,0,0
influera,norrbottensposten,1890,1,10366517,0.09646441519364701,1,0
kondensation,norrbottensposten,1890,0,10366517,0.0,0,0
kraft,norrbottensposten,1890,1772,10366517,170.9349437231425,1772,0
ladda,norrbottensposten,1890,97,10366517,9.357048273783759,97,0
laddning,norrbottensposten,1890,64,10366517,6.173722572393409,64,0
magnet,norrbottensposten,1890,16,10366517,1.5434306430983522,16,0
magnetisera,norrbottensposten,1890,2,10366517,0.19292883038729403,2,0
magnetism,norrbottensposten,1890,7,10366517,0.6752509063555291,7,0
nerv,norrbottensposten,1890,74,10366517,7.138366724329878,74,0
repulsion,norrbottensposten,1890,0,10366517,0.0,0,0
spänning,norrbottensposten,1890,126,10366517,12.154516314399523,126,0
strålning,norrbottensposten,1890,0,10366517,0.0,0,0
ström,norrbottensposten,1890,372,10366517,35.88476245203669,372,0
strömning,norrbottensposten,1890,23,10366517,2.218681549453881,23,0
styrka,norrbottensposten,1890,862,10366517,83.15232589692373,862,0
tension,norrbottensposten,1890,0,10366517,0.0,0,0
attraktion,norrkopingstidningar,1870,8,49139894,0.16280051397750267,8,0
elektricitet,norrkopingstidningar,1870,370,49139894,7.529523771459499,370,0
elektriker,norrkopingstidningar,1870,0,49139894,0.0,0,0
elektrisk,norrkopingstidningar,1870,567,49139894,11.538486428155503,565,2
emanation,norrkopingstidningar,1870,0,49139894,0.0,0,0
emanera,norrkopingstidningar,1870,13,49139894,0.26455083521344186,13,0
fluidum,norrkopingstidningar,1870,25,49139894,0.5087516061796958,25,0
induktion,norrkopingstidningar,1870,1,49139894,0.020350064247187834,1,0
influens,norrkopingstidningar,1870,0,49139894,0.0,0,0
influera,norrkopingstidningar,1870,16,49139894,0.32560102795500534,16,0
kondensation,norrkopingstidningar,1870,4,49139894,0.08140025698875133,4,0
kraft,norrkopingstidningar,1870,5225,49139894,106.32908569155644,5225,0
ladda,norrkopingstidningar,1870,336,49139894,6.8376215870551125,336,0
laddning,norrkopingstidningar,1870,233,49139894,4.741564969594766,233,0
magnet,norrkopingstidningar,1870,45,49139894,0.9157528911234526,45,0
magnetisera,norrkopingstidningar,1870,3,49139894,0.0610501927415635,3,0
magnetism,norrkopingstidningar,1870,39,49139894,0.7936525056403255,39,0
nerv,norrkopingstidningar,1870,240,49139894,4.88401541932508,240,0
repulsion,norrkopingstidningar,1870,0,49139894,0.0,0,0
spänning,norrkopingstidningar,1870,358,49139894,7.2853230004932445,358,0
strålning,norrkopingstidningar,1870,0,49139894,0.0,0,0
ström,norrkopingstidningar,1870,2820,49139894,57.38718117706969,2820,0
strömning,norrkopingstidningar,1870,52,49139894,1.0582033408537674,52,0
styrka,norrkopingstidningar,1870,3592,49139894,73.0974307758987,3592,0
tension,norrkopingstidningar,1870,0,49139894,0.0,0,0
attraktion,norrkopingstidningar,1880,18,67358103,0.2672284283302931,18,0
elektricitet,norrkopingstidningar,1880,847,67358103,12.574582155319902,847,0
elektriker,norrkopingstidningar,1880,21,67358103,0.31176649971867526,21,0
elektrisk,norrkopingstidningar,1880,2460,67358103,36.52121853847339,2460,0
emanation,norrkopingstidningar,1880,1,67358103,0.014846023796127395,1,0
emanera,norrkopingstidningar,1880,38,67358103,0.5641489042528409,38,0
fluidum,norrkopingstidningar,1880,38,67358103,0.5641489042528409,38,0
induktion,norrkopingstidningar,1880,5,67358103,0.07423011898063697,5,0
influens,norrkopingstidningar,1880,1,67358103,0.014846023796127395,1,0
influera,norrkopingstidningar,1880,20,67358103,0.2969204759225479,20,0
kondensation,norrkopingstidningar,1880,2,67358103,0.02969204759225479,2,0
kraft,norrkopingstidningar,1880,8457,67358103,125.55282324384937,8456,1
ladda,norrkopingstidningar,1880,448,67358103,6.6510186606650725,447,1
laddning,norrkopingstidningar,1880,146,67358103,2.1675194742345996,146,0
magnet,norrkopingstidningar,1880,99,67358103,1.469756355816612,99,0
magnetisera,norrkopingstidningar,1880,22,67358103,0.3266125235148027,22,0
magnetism,norrkopingstidningar,1880,93,67358103,1.3806802130398477,93,0
nerv,norrkopingstidningar,1880,478,67358103,7.096399374548894,478,0
repulsion,norrkopingstidningar,1880,1,67358103,0.014846023796127395,1,0
spänning,norrkopingstidningar,1880,714,67358103,10.60006099043496,714,0
strålning,norrkopingstidningar,1880,0,67358103,0.0,0,0
ström,norrkopingstidningar,1880,4223,67358103,62.69475849104598,4223,0
strömning,norrkopingstidningar,1880,240,67358103,3.5630457110705747,240,0
styrka,norrkopingstidningar,1880,5210,67358103,77.34778397782372,5209,1
tension,norrkopingstidningar,1880,3,67358103,0.04453807138838218,3,0
attraktion,norrkopingstidningar,1890,23,46195195,0.4978872802680019,23,0
elektricitet,norrkopingstidningar,1890,727,46195195,15.737567511079886,727,0
elektriker,norrkopingstidningar,1890,33,46195195,0.7143600108193071,33,0
elektrisk,norrkopingstidningar,1890,2919,46195195,63.18839004792598,2918,1
emanation,norrkopingstidningar,1890,2,46195195,0.04329454611026103,2,0
emanera,norrkopingstidningar,1890,39,46195195,0.8442436491500902,39,0
fluidum,norrkopingstidningar,1890,28,46195195,0.6061236455436545,28,0
induktion,norrkopingstidningar,1890,13,46195195,0.2814145497166967,13,0
influens,norrkopingstidningar,1890,20,46195195,0.43294546110261034,20,0
influera,norrkopingstidningar,1890,18,46195195,0.38965091499234933,18,0
kondensation,norrkopingstidningar,1890,1,46195195,0.021647273055130516,1,0
kraft,norrkopingstidningar,1890,6050,46195195,130.96600198353963,6049,1
ladda,norrkopingstidningar,1890,423,46195195,9.156796502320208,423,0
laddning,norrkopingstidningar,1890,147,46195195,3.182149139104186,147,0
magnet,norrkopingstidningar,1890,67,46195195,1.4503672946937447,67,0
magnetisera,norrkopingstidningar,1890,33,46195195,0.7143600108193071,33,0
magnetism,norrkopingstidningar,1890,23,46195195,0.4978872802680019,23,0
nerv,norrkopingstidningar,1890,410,46195195,8.875381952603512,410,0
repulsion,norrkopingstidningar,1890,1,46195195,0.021647273055130516,1,0
spänning,norrkopingstidningar,1890,535,46195195,11.581291084494827,535,0
strålning,norrkopingstidningar,1890,2,46195195,0.04329454611026103,2,0
ström,norrkopingstidningar,1890,2818,46195195,61.0020154693578,2817,1
strömning,norrkopingstidningar,1890,116,46195195,2.51108367439514,116,0
styrka,norrkopingstidningar,1890,2865,46195195,62.01943730294893,2865,0
tension,norrkopingstidningar,1890,8,46195195,0.17317818444104413,8,0
attraktion,norrlandsposten,1880,1,1979114,0.5052766035710929,1,0
elektricitet,norrlandsposten,1880,12,1979114,6.063319242853115,12,0
elektriker,norrlandsposten,1880,0,1979114,0.0,0,0
elektrisk,norrlandsposten,1880,113,1979114,57.0962562035335,113,0
emanation,norrlandsposten,1880,0,1979114,0.0,0,0
emanera,norrlandsposten,1880,0,1979114,0.0,0,0
fluidum,norrlandsposten,1880,1,1979114,0.5052766035710929,1,0
induktion,norrlandsposten,1880,0,1979114,0.0,0,0
influens,norrlandsposten,1880,0,1979114,0.0,0,0
influera,norrlandsposten,1880,2,1979114,1.0105532071421859,2,0
kondensation,norrlandsposten,1880,0,1979114,0.0,0,0
kraft,norrlandsposten,1880,164,1979114,82.86536298565925,164,0
ladda,norrlandsposten,1880,6,1979114,3.0316596214265576,6,0
laddning,norrlandsposten,1880,3,1979114,1.5158298107132788,3,0
magnet,norrlandsposten,1880,1,1979114,0.5052766035710929,1,0
magnetisera,norrlandsposten,1880,0,1979114,0.0,0,0
magnetism,norrlandsposten,1880,1,1979114,0.5052766035710929,1,0
nerv,norrlandsposten,1880,10,1979114,5.052766035710929,10,0
repulsion,norrlandsposten,1880,0,1979114,0.0,0,0
spänning,norrlandsposten,1880,7,1979114,3.5369362249976506,7,0
strålning,norrlandsposten,1880,0,1979114,0.0,0,0
ström,norrlandsposten,1880,50,1979114,25.263830178554645,50,0
strömning,norrlandsposten,1880,4,1979114,2.0211064142843718,4,0
styrka,norrlandsposten,1880,116,1979114,58.61208601424678,116,0
tension,norrlandsposten,1880,0,1979114,0.0,0,0
attraktion,nyadagligtallehanda,1870,48,108932888,0.4406382762935653,48,0
elektricitet,nyadagligtallehanda,1870,722,108932888,6.627934072582377,722,0
elektriker,nyadagligtallehanda,1870,3,108932888,0.02753989226834783,3,0
elektrisk,nyadagligtallehanda,1870,1631,108932888,14.972521429891769,1631,0
emanation,nyadagligtallehanda,1870,3,108932888,0.02753989226834783,3,0
emanera,nyadagligtallehanda,1870,23,108932888,0.21113917405733335,23,0
fluidum,nyadagligtallehanda,1870,39,108932888,0.35801859948852177,39,0
induktion,nyadagligtallehanda,1870,20,108932888,0.18359928178898552,20,0
influens,nyadagligtallehanda,1870,0,108932888,0.0,0,0
influera,nyadagligtallehanda,1870,31,108932888,0.2845788867729276,30,1
kondensation,nyadagligtallehanda,1870,9,108932888,0.0826196768050435,9,0
kraft,nyadagligtallehanda,1870,13026,108932888,119.57821222916627,13022,4
ladda,nyadagligtallehanda,1870,506,108932888,4.6450618292613335,506,0
laddning,nyadagligtallehanda,1870,518,108932888,4.755221398334725,518,0
magnet,nyadagligtallehanda,1870,140,108932888,1.2851949725228986,140,0
magnetisera,nyadagligtallehanda,1870,13,108932888,0.11933953316284059,13,0
magnetism,nyadagligtallehanda,1870,124,108932888,1.1383155470917103,124,0
nerv,nyadagligtallehanda,1870,405,108932888,3.717885456226957,405,0
repulsion,nyadagligtallehanda,1870,2,108932888,0.018359928178898553,2,0
spänning,nyadagligtallehanda,1870,788,108932888,7.23381170248603,788,0
strålning,nyadagligtallehanda,1870,3,108932888,0.02753989226834783,3,0
ström,nyadagligtallehanda,1870,3397,108932888,31.184338011859193,3397,0
strömning,nyadagligtallehanda,1870,177,108932888,1.6248536438325218,177,0
styrka,nyadagligtallehanda,1870,9535,108932888,87.53095759289884,9534,1
tension,nyadagligtallehanda,1870,4,108932888,0.03671985635779711,4,0
attraktion,nyadagligtallehanda,1880,43,127689132,0.3367553630171125,43,0
elektricitet,nyadagligtallehanda,1880,1493,127689132,11.692459464756954,1493,0
elektriker,nyadagligtallehanda,1880,54,127689132,0.422902083788932,54,0
elektrisk,nyadagligtallehanda,1880,5604,127689132,43.88783847320695,5604,0
emanation,nyadagligtallehanda,1880,10,127689132,0.07831520070165407,10,0
emanera,nyadagligtallehanda,1880,41,127689132,0.3210923228767817,41,0
fluidum,nyadagligtallehanda,1880,39,127689132,0.3054292827364509,39,0
induktion,nyadagligtallehanda,1880,28,127689132,0.21928256196463142,28,0
influens,nyadagligtallehanda,1880,1,127689132,0.007831520070165408,1,0
influera,nyadagligtallehanda,1880,20,127689132,0.15663040140330814,20,0
kondensation,nyadagligtallehanda,1880,10,127689132,0.07831520070165407,10,0
kraft,nyadagligtallehanda,1880,13232,127689132,103.62667356842867,13232,0
ladda,nyadagligtallehanda,1880,546,127689132,4.276009958310312,546,0
laddning,nyadagligtallehanda,1880,410,127689132,3.2109232287678173,410,0
magnet,nyadagligtallehanda,1880,144,127689132,1.1277388901038188,144,0
magnetisera,nyadagligtallehanda,1880,18,127689132,0.14096736126297735,18,0
magnetism,nyadagligtallehanda,1880,159,127689132,1.2452116911562998,159,0
nerv,nyadagligtallehanda,1880,424,127689132,3.320564509750133,424,0
repulsion,nyadagligtallehanda,1880,3,127689132,0.023494560210496222,3,0
spänning,nyadagligtallehanda,1880,921,127689132,7.21282998462234,920,1
strålning,nyadagligtallehanda,1880,3,127689132,0.023494560210496222,3,0
ström,nyadagligtallehanda,1880,4495,127689132,35.20268271539351,4493,2
strömning,nyadagligtallehanda,1880,531,127689132,4.158537157257832,530,1
styrka,nyadagligtallehanda,1880,8220,127689132,64.37509497675966,8217,3
tension,nyadagligtallehanda,1880,11,127689132,0.08614672077181948,11,0
attraktion,nyadagligtallehanda,1890,28,82878309,0.33784473088127315,28,0
elektricitet,nyadagligtallehanda,1890,834,82878309,10.062946626963637,834,0
elektriker,nyadagligtallehanda,1890,63,82878309,0.7601506444828646,63,0
elektrisk,nyadagligtallehanda,1890,5105,82878309,61.596333969603556,5105,0
emanation,nyadagligtallehanda,1890,2,82878309,0.02413176649151951,2,0
emanera,nyadagligtallehanda,1890,36,82878309,0.4343717968473512,36,0
fluidum,nyadagligtallehanda,1890,16,82878309,0.1930541319321561,16,0
induktion,nyadagligtallehanda,1890,10,82878309,0.12065883245759756,10,0
influens,nyadagligtallehanda,1890,1,82878309,0.012065883245759756,1,0
influera,nyadagligtallehanda,1890,30,82878309,0.3619764973727927,30,0
kondensation,nyadagligtallehanda,1890,30,82878309,0.3619764973727927,30,0
kraft,nyadagligtallehanda,1890,9198,82878309,110.98199409449823,9196,2
ladda,nyadagligtallehanda,1890,290,82878309,3.499106141270329,290,0
laddning,nyadagligtallehanda,1890,187,82878309,2.2563201669570745,187,0
magnet,nyadagligtallehanda,1890,83,82878309,1.0014683093980596,83,0
magnetisera,nyadagligtallehanda,1890,10,82878309,0.12065883245759756,10,0
magnetism,nyadagligtallehanda,1890,51,82878309,0.6153600455337476,50,1
nerv,nyadagligtallehanda,1890,637,82878309,7.685967627548965,637,0
repulsion,nyadagligtallehanda,1890,1,82878309,0.012065883245759756,1,0
spänning,nyadagligtallehanda,1890,717,82878309,8.651238287209745,717,0
strålning,nyadagligtallehanda,1890,12,82878309,0.14479059894911708,12,0
ström,nyadagligtallehanda,1890,3731,82878309,45.01781038992965,3730,1
strömning,nyadagligtallehanda,1890,330,82878309,3.9817414711007193,330,0
styrka,nyadagligtallehanda,1890,4487,82878309,54.13961812372403,4486,1
tension,nyadagligtallehanda,1890,4,82878309,0.04826353298303902,4,0
attraktion,nyakarlskronaweckoblad,1870,0,737697,0.0,0,0
elektricitet,nyakarlskronaweckoblad,1870,4,737697,5.422280421365412,4,0
elektriker,nyakarlskronaweckoblad,1870,0,737697,0.0,0,0
elektrisk,nyakarlskronaweckoblad,1870,29,737697,39.311533054899236,29,0
emanation,nyakarlskronaweckoblad,1870,0,737697,0.0,0,0
emanera,nyakarlskronaweckoblad,1870,0,737697,0.0,0,0
fluidum,nyakarlskronaweckoblad,1870,1,737697,1.355570105341353,1,0
induktion,nyakarlskronaweckoblad,1870,0,737697,0.0,0,0
influens,nyakarlskronaweckoblad,1870,0,737697,0.0,0,0
influera,nyakarlskronaweckoblad,1870,0,737697,0.0,0,0
kondensation,nyakarlskronaweckoblad,1870,0,737697,0.0,0,0
kraft,nyakarlskronaweckoblad,1870,81,737697,109.80117853264959,81,0
ladda,nyakarlskronaweckoblad,1870,8,737697,10.844560842730823,8,0
laddning,nyakarlskronaweckoblad,1870,1,737697,1.355570105341353,1,0
magnet,nyakarlskronaweckoblad,1870,1,737697,1.355570105341353,1,0
magnetisera,nyakarlskronaweckoblad,1870,0,737697,0.0,0,0
magnetism,nyakarlskronaweckoblad,1870,0,737697,0.0,0,0
nerv,nyakarlskronaweckoblad,1870,0,737697,0.0,0,0
repulsion,nyakarlskronaweckoblad,1870,0,737697,0.0,0,0
spänning,nyakarlskronaweckoblad,1870,4,737697,5.422280421365412,4,0
strålning,nyakarlskronaweckoblad,1870,0,737697,0.0,0,0
ström,nyakarlskronaweckoblad,1870,23,737697,31.178112422851115,23,0
strömning,nyakarlskronaweckoblad,1870,1,737697,1.355570105341353,1,0
styrka,nyakarlskronaweckoblad,1870,49,737697,66.42293516172629,49,0
tension,nyakarlskronaweckoblad,1870,0,737697,0.0,0,0
attraktion,nyawermlandstidningen,1870,1,17995836,0.05556841038115706,1,0
elektricitet,nyawermlandstidningen,1870,106,17995836,5.890251500402648,106,0
elektriker,nyawermlandstidningen,1870,1,17995836,0.05556841038115706,1,0
elektrisk,nyawermlandstidningen,1870,201,17995836,11.16925048661257,201,0
emanation,nyawermlandstidningen,1870,0,17995836,0.0,0,0
emanera,nyawermlandstidningen,1870,1,17995836,0.05556841038115706,1,0
fluidum,nyawermlandstidningen,1870,7,17995836,0.38897887266809944,7,0
induktion,nyawermlandstidningen,1870,0,17995836,0.0,0,0
influens,nyawermlandstidningen,1870,0,17995836,0.0,0,0
influera,nyawermlandstidningen,1870,4,17995836,0.22227364152462825,4,0
kondensation,nyawermlandstidningen,1870,0,17995836,0.0,0,0
kraft,nyawermlandstidningen,1870,1838,17995836,102.13473828056668,1838,0
ladda,nyawermlandstidningen,1870,89,17995836,4.945588523922979,89,0
laddning,nyawermlandstidningen,1870,130,17995836,7.223893349550418,130,0
magnet,nyawermlandstidningen,1870,25,17995836,1.3892102595289266,25,0
magnetisera,nyawermlandstidningen,1870,3,17995836,0.1667052311434712,3,0
magnetism,nyawermlandstidningen,1870,18,17995836,1.0002313868608272,18,0
nerv,nyawermlandstidningen,1870,37,17995836,2.056031184102811,37,0
repulsion,nyawermlandstidningen,1870,0,17995836,0.0,0,0
spänning,nyawermlandstidningen,1870,88,17995836,4.890020113541822,88,0
strålning,nyawermlandstidningen,1870,0,17995836,0.0,0,0
ström,nyawermlandstidningen,1870,457,17995836,25.394763544188777,457,0
strömning,nyawermlandstidningen,1870,17,17995836,0.9446629764796701,17,0
styrka,nyawermlandstidningen,1870,1494,17995836,83.01920510944865,1494,0
tension,nyawermlandstidningen,1870,0,17995836,0.0,0,0
attraktion,nyawermlandstidningen,1880,8,36339856,0.2201439653475787,8,0
elektricitet,nyawermlandstidningen,1880,678,36339856,18.657201063207296,678,0
elektriker,nyawermlandstidningen,1880,16,36339856,0.4402879306951574,16,0
elektrisk,nyawermlandstidningen,1880,1478,36339856,40.67159759796517,1476,2
emanation,nyawermlandstidningen,1880,0,36339856,0.0,0,0
emanera,nyawermlandstidningen,1880,13,36339856,0.35773394368981537,13,0
fluidum,nyawermlandstidningen,1880,28,36339856,0.7705038787165255,28,0
induktion,nyawermlandstidningen,1880,4,36339856,0.11007198267378936,4,0
influens,nyawermlandstidningen,1880,1,36339856,0.02751799566844734,1,0
influera,nyawermlandstidningen,1880,6,36339856,0.16510797401068403,6,0
kondensation,nyawermlandstidningen,1880,3,36339856,0.08255398700534201,3,0
kraft,nyawermlandstidningen,1880,4454,36339856,122.56515270726445,4451,3
ladda,nyawermlandstidningen,1880,236,36339856,6.494246977753572,236,0
laddning,nyawermlandstidningen,1880,92,36339856,2.531655601497155,92,0
magnet,nyawermlandstidningen,1880,52,36339856,1.4309357747592615,52,0
magnetisera,nyawermlandstidningen,1880,21,36339856,0.5778779090373941,21,0
magnetism,nyawermlandstidningen,1880,26,36339856,0.7154678873796307,25,1
nerv,nyawermlandstidningen,1880,166,36339856,4.567987280962258,166,0
repulsion,nyawermlandstidningen,1880,1,36339856,0.02751799566844734,1,0
spänning,nyawermlandstidningen,1880,252,36339856,6.934534908448729,252,0
strålning,nyawermlandstidningen,1880,1,36339856,0.02751799566844734,1,0
ström,nyawermlandstidningen,1880,1251,36339856,34.42501258122762,1250,1
strömning,nyawermlandstidningen,1880,107,36339856,2.944425536523865,107,0
styrka,nyawermlandstidningen,1880,2995,36339856,82.41639702699977,2994,1
tension,nyawermlandstidningen,1880,0,36339856,0.0,0,0
attraktion,nyawermlandstidningen,1890,7,23100257,0.30302693169171235,7,0
elektricitet,nyawermlandstidningen,1890,208,23100257,9.00422882741088,208,0
elektriker,nyawermlandstidningen,1890,8,23100257,0.34631649336195697,8,0
elektrisk,nyawermlandstidningen,1890,1078,23100257,46.666147480523705,1076,2
emanation,nyawermlandstidningen,1890,0,23100257,0.0,0,0
emanera,nyawermlandstidningen,1890,8,23100257,0.34631649336195697,8,0
fluidum,nyawermlandstidningen,1890,11,23100257,0.4761851783726908,11,0
induktion,nyawermlandstidningen,1890,3,23100257,0.12986868501073387,3,0
influens,nyawermlandstidningen,1890,2,23100257,0.08657912334048924,2,0
influera,nyawermlandstidningen,1890,7,23100257,0.30302693169171235,7,0
kondensation,nyawermlandstidningen,1890,0,23100257,0.0,0,0
kraft,nyawermlandstidningen,1890,3373,23100257,146.0156915137351,3372,1
ladda,nyawermlandstidningen,1890,142,23100257,6.147117757174736,142,0
laddning,nyawermlandstidningen,1890,65,23100257,2.8138215085659004,65,0
magnet,nyawermlandstidningen,1890,22,23100257,0.9523703567453816,22,0
magnetisera,nyawermlandstidningen,1890,6,23100257,0.25973737002146774,6,0
magnetism,nyawermlandstidningen,1890,9,23100257,0.3896060550322016,9,0
nerv,nyawermlandstidningen,1890,137,23100257,5.930669948823513,137,0
repulsion,nyawermlandstidningen,1890,0,23100257,0.0,0,0
spänning,nyawermlandstidningen,1890,195,23100257,8.4414645256977,195,0
strålning,nyawermlandstidningen,1890,2,23100257,0.08657912334048924,2,0
ström,nyawermlandstidningen,1890,908,23100257,39.30692199658212,908,0
strömning,nyawermlandstidningen,1890,67,23100257,2.9004006319063897,67,0
styrka,nyawermlandstidningen,1890,1805,23100257,78.13765881479154,1804,1
tension,nyawermlandstidningen,1890,3,23100257,0.12986868501073387,3,0
attraktion,nyawexjobladet,1870,2,15123735,0.13224246523758845,2,0
elektricitet,nyawexjobladet,1870,89,15123735,5.884789703072687,89,0
elektriker,nyawexjobladet,1870,0,15123735,0.0,0,0
elektrisk,nyawexjobladet,1870,168,15123735,11.10836707995743,168,0
emanation,nyawexjobladet,1870,2,15123735,0.13224246523758845,2,0
emanera,nyawexjobladet,1870,1,15123735,0.06612123261879423,1,0
fluidum,nyawexjobladet,1870,10,15123735,0.6612123261879423,10,0
induktion,nyawexjobladet,1870,0,15123735,0.0,0,0
influens,nyawexjobladet,1870,0,15123735,0.0,0,0
influera,nyawexjobladet,1870,0,15123735,0.0,0,0
kondensation,nyawexjobladet,1870,0,15123735,0.0,0,0
kraft,nyawexjobladet,1870,1962,15123735,129.7298583980743,1962,0
ladda,nyawexjobladet,1870,149,15123735,9.85206366020034,149,0
laddning,nyawexjobladet,1870,91,15123735,6.017032168310275,91,0
magnet,nyawexjobladet,1870,19,15123735,1.2563034197570904,19,0
magnetisera,nyawexjobladet,1870,3,15123735,0.1983636978563827,3,0
magnetism,nyawexjobladet,1870,16,15123735,1.0579397219007076,16,0
nerv,nyawexjobladet,1870,99,15123735,6.546002029260629,99,0
repulsion,nyawexjobladet,1870,0,15123735,0.0,0,0
spänning,nyawexjobladet,1870,99,15123735,6.546002029260629,99,0
strålning,nyawexjobladet,1870,1,15123735,0.06612123261879423,1,0
ström,nyawexjobladet,1870,515,15123735,34.05243479867903,515,0
strömning,nyawexjobladet,1870,16,15123735,1.0579397219007076,16,0
styrka,nyawexjobladet,1870,1633,15123735,107.97597286649098,1633,0
tension,nyawexjobladet,1870,1,15123735,0.06612123261879423,1,0
attraktion,nyawexjobladet,1880,3,19205333,0.15620661198636857,3,0
elektricitet,nyawexjobladet,1880,161,19205333,8.383088176601781,161,0
elektriker,nyawexjobladet,1880,4,19205333,0.20827548264849144,4,0
elektrisk,nyawexjobladet,1880,619,19205333,32.23063093985405,619,0
emanation,nyawexjobladet,1880,0,19205333,0.0,0,0
emanera,nyawexjobladet,1880,4,19205333,0.20827548264849144,4,0
fluidum,nyawexjobladet,1880,13,19205333,0.6768953186075972,13,0
induktion,nyawexjobladet,1880,1,19205333,0.05206887066212286,1,0
influens,nyawexjobladet,1880,0,19205333,0.0,0,0
influera,nyawexjobladet,1880,0,19205333,0.0,0,0
kondensation,nyawexjobladet,1880,0,19205333,0.0,0,0
kraft,nyawexjobladet,1880,2339,19205333,121.78908847870537,2339,0
ladda,nyawexjobladet,1880,256,19205333,13.329630889503452,256,0
laddning,nyawexjobladet,1880,50,19205333,2.603443533106143,50,0
magnet,nyawexjobladet,1880,30,19205333,1.5620661198636858,30,0
magnetisera,nyawexjobladet,1880,4,19205333,0.20827548264849144,4,0
magnetism,nyawexjobladet,1880,41,19205333,2.1348236971470373,41,0
nerv,nyawexjobladet,1880,157,19205333,8.174812693953289,157,0
repulsion,nyawexjobladet,1880,0,19205333,0.0,0,0
spänning,nyawexjobladet,1880,192,19205333,9.997223167127588,192,0
strålning,nyawexjobladet,1880,0,19205333,0.0,0,0
ström,nyawexjobladet,1880,575,19205333,29.939600630720644,575,0
strömning,nyawexjobladet,1880,42,19205333,2.18689256780916,42,0
styrka,nyawexjobladet,1880,1663,19205333,86.59053191111032,1661,2
tension,nyawexjobladet,1880,0,19205333,0.0,0,0
attraktion,nyawexjobladet,1890,3,14706831,0.2039868412168468,3,0
elektricitet,nyawexjobladet,1890,156,14706831,10.607315743276033,156,0
elektriker,nyawexjobladet,1890,14,14706831,0.951938592345285,14,0
elektrisk,nyawexjobladet,1890,582,14706831,39.57344719606827,582,0
emanation,nyawexjobladet,1890,0,14706831,0.0,0,0
emanera,nyawexjobladet,1890,7,14706831,0.4759692961726425,7,0
fluidum,nyawexjobladet,1890,7,14706831,0.4759692961726425,7,0
induktion,nyawexjobladet,1890,0,14706831,0.0,0,0
influens,nyawexjobladet,1890,2,14706831,0.13599122747789785,2,0
influera,nyawexjobladet,1890,4,14706831,0.2719824549557957,4,0
kondensation,nyawexjobladet,1890,0,14706831,0.0,0,0
kraft,nyawexjobladet,1890,1955,14706831,132.93142485964515,1955,0
ladda,nyawexjobladet,1890,154,14706831,10.471324515798134,154,0
laddning,nyawexjobladet,1890,23,14706831,1.5638991159958253,23,0
magnet,nyawexjobladet,1890,16,14706831,1.0879298198231828,16,0
magnetisera,nyawexjobladet,1890,5,14706831,0.3399780686947446,5,0
magnetism,nyawexjobladet,1890,5,14706831,0.3399780686947446,5,0
nerv,nyawexjobladet,1890,267,14706831,18.154828868299365,267,0
repulsion,nyawexjobladet,1890,1,14706831,0.06799561373894893,1,0
spänning,nyawexjobladet,1890,139,14706831,9.4513903097139,139,0
strålning,nyawexjobladet,1890,0,14706831,0.0,0,0
ström,nyawexjobladet,1890,498,14706831,33.861815641996564,498,0
strömning,nyawexjobladet,1890,27,14706831,1.835881570951621,27,0
styrka,nyawexjobladet,1890,1124,14706831,76.42706984257859,1124,0
tension,nyawexjobladet,1890,0,14706831,0.0,0,0
attraktion,ostergotlandsveckoblad,1880,0,5665006,0.0,0,0
elektricitet,ostergotlandsveckoblad,1880,33,5665006,5.825236548734458,33,0
elektriker,ostergotlandsveckoblad,1880,1,5665006,0.17652231965861995,1,0
elektrisk,ostergotlandsveckoblad,1880,128,5665006,22.594856916303353,128,0
emanation,ostergotlandsveckoblad,1880,0,5665006,0.0,0,0
emanera,ostergotlandsveckoblad,1880,2,5665006,0.3530446393172399,2,0
fluidum,ostergotlandsveckoblad,1880,1,5665006,0.17652231965861995,1,0
induktion,ostergotlandsveckoblad,1880,0,5665006,0.0,0,0
influens,ostergotlandsveckoblad,1880,0,5665006,0.0,0,0
influera,ostergotlandsveckoblad,1880,1,5665006,0.17652231965861995,1,0
kondensation,ostergotlandsveckoblad,1880,0,5665006,0.0,0,0
kraft,ostergotlandsveckoblad,1880,943,5665006,166.4605474380786,943,0
ladda,ostergotlandsveckoblad,1880,84,5665006,14.827874851324076,84,0
laddning,ostergotlandsveckoblad,1880,15,5665006,2.6478347948792993,15,0
magnet,ostergotlandsveckoblad,1880,5,5665006,0.8826115982930998,5,0
magnetisera,ostergotlandsveckoblad,1880,0,5665006,0.0,0,0
magnetism,ostergotlandsveckoblad,1880,1,5665006,0.17652231965861995,1,0
nerv,ostergotlandsveckoblad,1880,28,5665006,4.942624950441359,28,0
repulsion,ostergotlandsveckoblad,1880,0,5665006,0.0,0,0
spänning,ostergotlandsveckoblad,1880,51,5665006,9.002638302589618,51,0
strålning,ostergotlandsveckoblad,1880,0,5665006,0.0,0,0
ström,ostergotlandsveckoblad,1880,278,5665006,49.07320486509635,278,0
strömning,ostergotlandsveckoblad,1880,16,5665006,2.824357114537919,16,0
styrka,ostergotlandsveckoblad,1880,496,5665006,87.5550705506755,495,1
tension,ostergotlandsveckoblad,1880,0,5665006,0.0,0,0
attraktion,ostergotlandsveckoblad,1890,3,7022424,0.4272029145491642,3,0
elektricitet,ostergotlandsveckoblad,1890,76,7022424,10.822473835245493,76,0
elektriker,ostergotlandsveckoblad,1890,6,7022424,0.8544058290983284,6,0
elektrisk,ostergotlandsveckoblad,1890,365,7022424,51.976354603481646,365,0
emanation,ostergotlandsveckoblad,1890,0,7022424,0.0,0,0
emanera,ostergotlandsveckoblad,1890,2,7022424,0.2848019430327762,2,0
fluidum,ostergotlandsveckoblad,1890,2,7022424,0.2848019430327762,2,0
induktion,ostergotlandsveckoblad,1890,1,7022424,0.1424009715163881,1,0
influens,ostergotlandsveckoblad,1890,0,7022424,0.0,0,0
influera,ostergotlandsveckoblad,1890,1,7022424,0.1424009715163881,1,0
kondensation,ostergotlandsveckoblad,1890,0,7022424,0.0,0,0
kraft,ostergotlandsveckoblad,1890,1180,7022424,168.03314638933793,1180,0
ladda,ostergotlandsveckoblad,1890,144,7022424,20.50573989835988,144,0
laddning,ostergotlandsveckoblad,1890,34,7022424,4.841633031557195,34,0
magnet,ostergotlandsveckoblad,1890,7,7022424,0.9968068006147165,7,0
magnetisera,ostergotlandsveckoblad,1890,0,7022424,0.0,0,0
magnetism,ostergotlandsveckoblad,1890,1,7022424,0.1424009715163881,1,0
nerv,ostergotlandsveckoblad,1890,34,7022424,4.841633031557195,34,0
repulsion,ostergotlandsveckoblad,1890,0,7022424,0.0,0,0
spänning,ostergotlandsveckoblad,1890,76,7022424,10.822473835245493,76,0
strålning,ostergotlandsveckoblad,1890,0,7022424,0.0,0,0
ström,ostergotlandsveckoblad,1890,404,7022424,57.529992492620785,403,1
strömning,ostergotlandsveckoblad,1890,11,7022424,1.5664106866802687,11,0
styrka,ostergotlandsveckoblad,1890,576,7022424,82.02295959343952,576,0
tension,ostergotlandsveckoblad,1890,1,7022424,0.1424009715163881,1,0
attraktion,ostgotacorrespondenten,1870,10,35528000,0.28146813780680024,10,0
elektricitet,ostgotacorrespondenten,1870,181,35528000,5.094573294303085,181,0
elektriker,ostgotacorrespondenten,1870,0,35528000,0.0,0,0
elektrisk,ostgotacorrespondenten,1870,367,35528000,10.32988065750957,367,0
emanation,ostgotacorrespondenten,1870,3,35528000,0.08444044134204008,3,0
emanera,ostgotacorrespondenten,1870,8,35528000,0.22517451024544022,8,0
fluidum,ostgotacorrespondenten,1870,10,35528000,0.28146813780680024,10,0
induktion,ostgotacorrespondenten,1870,1,35528000,0.028146813780680027,1,0
influens,ostgotacorrespondenten,1870,0,35528000,0.0,0,0
influera,ostgotacorrespondenten,1870,1,35528000,0.028146813780680027,1,0
kondensation,ostgotacorrespondenten,1870,0,35528000,0.0,0,0
kraft,ostgotacorrespondenten,1870,4007,35528000,112.78428281918487,4007,0
ladda,ostgotacorrespondenten,1870,157,35528000,4.419049763566764,157,0
laddning,ostgotacorrespondenten,1870,125,35528000,3.5183517225850034,125,0
magnet,ostgotacorrespondenten,1870,33,35528000,0.9288448547624409,33,0
magnetisera,ostgotacorrespondenten,1870,8,35528000,0.22517451024544022,8,0
magnetism,ostgotacorrespondenten,1870,11,35528000,0.3096149515874803,11,0
nerv,ostgotacorrespondenten,1870,131,35528000,3.6872326052690836,131,0
repulsion,ostgotacorrespondenten,1870,0,35528000,0.0,0,0
spänning,ostgotacorrespondenten,1870,311,35528000,8.753659085791488,311,0
strålning,ostgotacorrespondenten,1870,0,35528000,0.0,0,0
ström,ostgotacorrespondenten,1870,1505,35528000,42.36095473992344,1505,0
strömning,ostgotacorrespondenten,1870,29,35528000,0.8162575996397208,29,0
styrka,ostgotacorrespondenten,1870,3131,35528000,88.12767394730916,3131,0
tension,ostgotacorrespondenten,1870,0,35528000,0.0,0,0
attraktion,ostgotacorrespondenten,1880,6,51586143,0.1163103044939801,6,0
elektricitet,ostgotacorrespondenten,1880,617,51586143,11.960576312130954,616,1
elektriker,ostgotacorrespondenten,1880,17,51586143,0.3295458627329436,17,0
elektrisk,ostgotacorrespondenten,1880,1537,51586143,29.794823001207902,1536,1
emanation,ostgotacorrespondenten,1880,1,51586143,0.01938505074899668,1,0
emanera,ostgotacorrespondenten,1880,26,51586143,0.5040113194739138,26,0
fluidum,ostgotacorrespondenten,1880,15,51586143,0.29077576123495025,15,0
induktion,ostgotacorrespondenten,1880,2,51586143,0.03877010149799336,2,0
influens,ostgotacorrespondenten,1880,1,51586143,0.01938505074899668,1,0
influera,ostgotacorrespondenten,1880,6,51586143,0.1163103044939801,6,0
kondensation,ostgotacorrespondenten,1880,1,51586143,0.01938505074899668,1,0
kraft,ostgotacorrespondenten,1880,6805,51586143,131.91527034692243,6802,3
ladda,ostgotacorrespondenten,1880,380,51586143,7.36631928461874,380,0
laddning,ostgotacorrespondenten,1880,122,51586143,2.3649761913775955,122,0
magnet,ostgotacorrespondenten,1880,60,51586143,1.163103044939801,60,0
magnetisera,ostgotacorrespondenten,1880,17,51586143,0.3295458627329436,17,0
magnetism,ostgotacorrespondenten,1880,43,51586143,0.8335571822068574,43,0
nerv,ostgotacorrespondenten,1880,294,51586143,5.699204920205025,294,0
repulsion,ostgotacorrespondenten,1880,1,51586143,0.01938505074899668,1,0
spänning,ostgotacorrespondenten,1880,475,51586143,9.207899105773425,475,0
strålning,ostgotacorrespondenten,1880,0,51586143,0.0,0,0
ström,ostgotacorrespondenten,1880,1913,51586143,37.08360208283065,1913,0
strömning,ostgotacorrespondenten,1880,186,51586143,3.605619439313383,186,0
styrka,ostgotacorrespondenten,1880,4079,51586143,79.07162200515747,4079,0
tension,ostgotacorrespondenten,1880,0,51586143,0.0,0,0
attraktion,ostgotacorrespondenten,1890,15,38477887,0.38983429625436555,15,0
elektricitet,ostgotacorrespondenten,1890,546,38477887,14.189968383658906,546,0
elektriker,ostgotacorrespondenten,1890,27,38477887,0.7017017332578579,27,0
elektrisk,ostgotacorrespondenten,1890,2575,38477887,66.92155419033274,2574,1
emanation,ostgotacorrespondenten,1890,0,38477887,0.0,0,0
emanera,ostgotacorrespondenten,1890,14,38477887,0.36384534317074113,14,0
fluidum,ostgotacorrespondenten,1890,14,38477887,0.36384534317074113,14,0
induktion,ostgotacorrespondenten,1890,4,38477887,0.10395581233449748,4,0
influens,ostgotacorrespondenten,1890,0,38477887,0.0,0,0
influera,ostgotacorrespondenten,1890,11,38477887,0.28587848391986803,11,0
kondensation,ostgotacorrespondenten,1890,1,38477887,0.02598895308362437,1,0
kraft,ostgotacorrespondenten,1890,5856,38477887,152.1913092577043,5856,0
ladda,ostgotacorrespondenten,1890,305,38477887,7.926630690505433,305,0
laddning,ostgotacorrespondenten,1890,99,38477887,2.5729063552788123,99,0
magnet,ostgotacorrespondenten,1890,45,38477887,1.1695028887630965,45,0
magnetisera,ostgotacorrespondenten,1890,2,38477887,0.05197790616724874,2,0
magnetism,ostgotacorrespondenten,1890,12,38477887,0.3118674370034924,12,0
nerv,ostgotacorrespondenten,1890,204,38477887,5.301746429059371,204,0
repulsion,ostgotacorrespondenten,1890,0,38477887,0.0,0,0
spänning,ostgotacorrespondenten,1890,414,38477887,10.759426576620488,414,0
strålning,ostgotacorrespondenten,1890,2,38477887,0.05197790616724874,2,0
ström,ostgotacorrespondenten,1890,1708,38477887,44.38913186683042,1708,0
strömning,ostgotacorrespondenten,1890,90,38477887,2.339005777526193,90,0
styrka,ostgotacorrespondenten,1890,3190,38477887,82.90476033676174,3189,1
tension,ostgotacorrespondenten,1890,11,38477887,0.28587848391986803,11,0
attraktion,ostgotaposten,1890,2,6030944,0.3316230427608016,2,0
elektricitet,ostgotaposten,1890,42,6030944,6.964083897976834,42,0
elektriker,ostgotaposten,1890,1,6030944,0.1658115213804008,1,0
elektrisk,ostgotaposten,1890,511,6030944,84.72968742538481,511,0
emanation,ostgotaposten,1890,0,6030944,0.0,0,0
emanera,ostgotaposten,1890,4,6030944,0.6632460855216032,4,0
fluidum,ostgotaposten,1890,4,6030944,0.6632460855216032,4,0
induktion,ostgotaposten,1890,0,6030944,0.0,0,0
influens,ostgotaposten,1890,0,6030944,0.0,0,0
influera,ostgotaposten,1890,1,6030944,0.1658115213804008,1,0
kondensation,ostgotaposten,1890,0,6030944,0.0,0,0
kraft,ostgotaposten,1890,1282,6030944,212.57037040967384,1282,0
ladda,ostgotaposten,1890,88,6030944,14.59141388147527,87,1
laddning,ostgotaposten,1890,14,6030944,2.3213612993256114,14,0
magnet,ostgotaposten,1890,3,6030944,0.49743456414120246,3,0
magnetisera,ostgotaposten,1890,5,6030944,0.829057606902004,5,0
magnetism,ostgotaposten,1890,3,6030944,0.49743456414120246,3,0
nerv,ostgotaposten,1890,36,6030944,5.969214769694429,36,0
repulsion,ostgotaposten,1890,0,6030944,0.0,0,0
spänning,ostgotaposten,1890,65,6030944,10.777748889726054,65,0
strålning,ostgotaposten,1890,0,6030944,0.0,0,0
ström,ostgotaposten,1890,373,6030944,61.8476974748895,373,0
strömning,ostgotaposten,1890,10,6030944,1.658115213804008,10,0
styrka,ostgotaposten,1890,590,6030944,97.82879761443648,590,0
tension,ostgotaposten,1890,0,6030944,0.0,0,0
attraktion,ostgotaposten,1900,6,12373702,0.48489934540204704,6,0
elektricitet,ostgotaposten,1900,135,12373702,10.910235271546059,134,1
elektriker,ostgotaposten,1900,15,12373702,1.2122483635051176,15,0
elektrisk,ostgotaposten,1900,1075,12373702,86.87779938453342,1074,1
emanation,ostgotaposten,1900,0,12373702,0.0,0,0
emanera,ostgotaposten,1900,4,12373702,0.32326623026803136,4,0
fluidum,ostgotaposten,1900,5,12373702,0.4040827878350392,5,0
induktion,ostgotaposten,1900,0,12373702,0.0,0,0
influens,ostgotaposten,1900,0,12373702,0.0,0,0
influera,ostgotaposten,1900,3,12373702,0.24244967270102352,3,0
kondensation,ostgotaposten,1900,2,12373702,0.16163311513401568,2,0
kraft,ostgotaposten,1900,2878,12373702,232.59005267784855,2878,0
ladda,ostgotaposten,1900,145,12373702,11.718400847216136,145,0
laddning,ostgotaposten,1900,43,12373702,3.475111975381337,43,0
magnet,ostgotaposten,1900,17,12373702,1.3738814786391331,17,0
magnetisera,ostgotaposten,1900,3,12373702,0.24244967270102352,3,0
magnetism,ostgotaposten,1900,4,12373702,0.32326623026803136,4,0
nerv,ostgotaposten,1900,110,12373702,8.889821332370863,110,0
repulsion,ostgotaposten,1900,0,12373702,0.0,0,0
spänning,ostgotaposten,1900,261,12373702,21.093121524989044,261,0
strålning,ostgotaposten,1900,23,12373702,1.8587808240411803,23,0
ström,ostgotaposten,1900,797,12373702,64.41079638090524,797,0
strömning,ostgotaposten,1900,48,12373702,3.8791947632163764,48,0
styrka,ostgotaposten,1900,1265,12373702,102.23294532226491,1264,1
tension,ostgotaposten,1900,0,12373702,0.0,0,0
attraktion,post-ochinrikestidningar,1880,130,84999696,1.529417234621639,130,0
elektricitet,post-ochinrikestidningar,1880,868,84999696,10.211801228089097,867,1
elektriker,post-ochinrikestidningar,1880,64,84999696,0.7529438693521916,64,0
elektrisk,post-ochinrikestidningar,1880,4267,84999696,50.200179539465644,4266,1
emanation,post-ochinrikestidningar,1880,6,84999696,0.07058848775176796,6,0
emanera,post-ochinrikestidningar,1880,30,84999696,0.3529424387588398,30,0
fluidum,post-ochinrikestidningar,1880,67,84999696,0.7882381132280756,67,0
induktion,post-ochinrikestidningar,1880,105,84999696,1.2352985356559394,105,0
influens,post-ochinrikestidningar,1880,0,84999696,0.0,0,0
influera,post-ochinrikestidningar,1880,15,84999696,0.1764712193794199,15,0
kondensation,post-ochinrikestidningar,1880,118,84999696,1.3882402591181031,118,0
kraft,post-ochinrikestidningar,1880,9391,84999696,110.48274807947548,9389,2
ladda,post-ochinrikestidningar,1880,341,84999696,4.011779053892146,341,0
laddning,post-ochinrikestidningar,1880,460,84999696,5.411784060968877,460,0
magnet,post-ochinrikestidningar,1880,935,84999696,11.000039341317173,935,0
magnetisera,post-ochinrikestidningar,1880,70,84999696,0.8235323571039596,70,0
magnetism,post-ochinrikestidningar,1880,153,84999696,1.800006437670083,153,0
nerv,post-ochinrikestidningar,1880,171,84999696,2.0117719009253867,171,0
repulsion,post-ochinrikestidningar,1880,11,84999696,0.12941222754490792,11,0
spänning,post-ochinrikestidningar,1880,1246,84999696,14.65887595645048,1245,1
strålning,post-ochinrikestidningar,1880,16,84999696,0.1882359673380479,16,0
ström,post-ochinrikestidningar,1880,5888,84999696,69.27083598040163,5888,0
strömning,post-ochinrikestidningar,1880,222,84999696,2.6117740468154147,222,0
styrka,post-ochinrikestidningar,1880,32089,84999696,377.5189972444137,32078,11
tension,post-ochinrikestidningar,1880,217,84999696,2.5529503070222743,217,0
attraktion,post-ochinrikestidningar,1890,7,26068986,0.2685183075398483,7,0
elektricitet,post-ochinrikestidningar,1890,132,26068986,5.0634880850371395,132,0
elektriker,post-ochinrikestidningar,1890,77,26068986,2.9537013829383314,77,0
elektrisk,post-ochinrikestidningar,1890,885,26068986,33.94838602468082,885,0
emanation,post-ochinrikestidningar,1890,1,26068986,0.03835975821997833,1,0
emanera,post-ochinrikestidningar,1890,8,26068986,0.3068780657598266,8,0
fluidum,post-ochinrikestidningar,1890,3,26068986,0.11507927465993499,3,0
induktion,post-ochinrikestidningar,1890,1,26068986,0.03835975821997833,1,0
influens,post-ochinrikestidningar,1890,0,26068986,0.0,0,0
influera,post-ochinrikestidningar,1890,8,26068986,0.3068780657598266,8,0
kondensation,post-ochinrikestidningar,1890,0,26068986,0.0,0,0
kraft,post-ochinrikestidningar,1890,2611,26068986,100.15732871236342,2610,1
ladda,post-ochinrikestidningar,1890,46,26068986,1.764548878119003,46,0
laddning,post-ochinrikestidningar,1890,66,26068986,2.5317440425185698,66,0
magnet,post-ochinrikestidningar,1890,18,26068986,0.6904756479596099,18,0
magnetisera,post-ochinrikestidningar,1890,4,26068986,0.1534390328799133,4,0
magnetism,post-ochinrikestidningar,1890,9,26068986,0.34523782397980496,9,0
nerv,post-ochinrikestidningar,1890,51,26068986,1.9563476692188948,51,0
repulsion,post-ochinrikestidningar,1890,1,26068986,0.03835975821997833,1,0
spänning,post-ochinrikestidningar,1890,232,26068986,8.899463907034972,232,0
strålning,post-ochinrikestidningar,1890,0,26068986,0.0,0,0
ström,post-ochinrikestidningar,1890,685,26068986,26.276434380685156,685,0
strömning,post-ochinrikestidningar,1890,73,26068986,2.8002623500584183,73,0
styrka,post-ochinrikestidningar,1890,7192,26068986,275.8833811180842,7192,0
tension,post-ochinrikestidningar,1890,2,26068986,0.07671951643995666,2,0
attraktion,stnlk,1870,2,13280744,0.15059397274730993,2,0
elektricitet,stnlk,1870,16,13280744,1.2047517819784794,16,0
elektriker,stnlk,1870,0,13280744,0.0,0,0
elektrisk,stnlk,1870,168,13280744,12.649893710774036,168,0
emanation,stnlk,1870,1,13280744,0.07529698637365496,1,0
emanera,stnlk,1870,5,13280744,0.37648493186827486,5,0
fluidum,stnlk,1870,10,13280744,0.7529698637365497,10,0
induktion,stnlk,1870,2,13280744,0.15059397274730993,2,0
influens,stnlk,1870,0,13280744,0.0,0,0
influera,stnlk,1870,1,13280744,0.07529698637365496,1,0
kondensation,stnlk,1870,0,13280744,0.0,0,0
kraft,stnlk,1870,1489,13280744,112.11721271037226,1489,0
ladda,stnlk,1870,72,13280744,5.421383018903158,72,0
laddning,stnlk,1870,43,13280744,3.237770414067164,43,0
magnet,stnlk,1870,14,13280744,1.0541578092311696,14,0
magnetisera,stnlk,1870,0,13280744,0.0,0,0
magnetism,stnlk,1870,12,13280744,0.9035638364838596,12,0
nerv,stnlk,1870,17,13280744,1.2800487683521344,17,0
repulsion,stnlk,1870,0,13280744,0.0,0,0
spänning,stnlk,1870,76,13280744,5.722570964397778,76,0
strålning,stnlk,1870,0,13280744,0.0,0,0
ström,stnlk,1870,354,13280744,26.65513317627386,354,0
strömning,stnlk,1870,21,13280744,1.5812367138467545,21,0
styrka,stnlk,1870,1245,13280744,93.74474803520043,1245,0
tension,stnlk,1870,1,13280744,0.07529698637365496,1,0
attraktion,stockholmsdagblad,1870,30,132779856,0.22593788624081654,30,0
elektricitet,stockholmsdagblad,1870,439,132779856,3.3062244019906153,439,0
elektriker,stockholmsdagblad,1870,1,132779856,0.0075312628746938845,1,0
elektrisk,stockholmsdagblad,1870,1449,132779856,10.912799905431438,1449,0
emanation,stockholmsdagblad,1870,4,132779856,0.030125051498775538,4,0
emanera,stockholmsdagblad,1870,7,132779856,0.05271884012285719,7,0
fluidum,stockholmsdagblad,1870,24,132779856,0.18075030899265324,24,0
induktion,stockholmsdagblad,1870,21,132779856,0.15815652036857156,21,0
influens,stockholmsdagblad,1870,0,132779856,0.0,0,0
influera,stockholmsdagblad,1870,10,132779856,0.07531262874693884,10,0
kondensation,stockholmsdagblad,1870,4,132779856,0.030125051498775538,4,0
kraft,stockholmsdagblad,1870,9760,132779856,73.50512565701231,9759,1
ladda,stockholmsdagblad,1870,313,132779856,2.3572852797791857,313,0
laddning,stockholmsdagblad,1870,586,132779856,4.413320044570616,583,3
magnet,stockholmsdagblad,1870,129,132779856,0.9715329108355111,128,1
magnetisera,stockholmsdagblad,1870,5,132779856,0.03765631437346942,5,0
magnetism,stockholmsdagblad,1870,95,132779856,0.715469973095919,95,0
nerv,stockholmsdagblad,1870,376,132779856,2.8317548408849005,376,0
repulsion,stockholmsdagblad,1870,3,132779856,0.022593788624081654,3,0
spänning,stockholmsdagblad,1870,641,132779856,4.82753950267878,640,1
strålning,stockholmsdagblad,1870,6,132779856,0.04518757724816331,6,0
ström,stockholmsdagblad,1870,3543,132779856,26.683264365040433,3543,0
strömning,stockholmsdagblad,1870,123,132779856,0.9263453335873477,123,0
styrka,stockholmsdagblad,1870,8678,132779856,65.35629922659352,8676,2
tension,stockholmsdagblad,1870,9,132779856,0.06778136587224495,9,0
attraktion,stockholmsdagblad,1880,66,172566864,0.38246044733130224,66,0
elektricitet,stockholmsdagblad,1880,1628,172566864,9.434024367505456,1627,1
elektriker,stockholmsdagblad,1880,67,172566864,0.38825530259389773,67,0
elektrisk,stockholmsdagblad,1880,6931,172566864,40.164141825049334,6929,2
emanation,stockholmsdagblad,1880,1,172566864,0.0057948552625954886,1,0
emanera,stockholmsdagblad,1880,24,172566864,0.13907652630229173,24,0
fluidum,stockholmsdagblad,1880,33,172566864,0.19123022366565112,33,0
induktion,stockholmsdagblad,1880,39,172566864,0.22599935524122405,39,0
influens,stockholmsdagblad,1880,1,172566864,0.0057948552625954886,1,0
influera,stockholmsdagblad,1880,46,172566864,0.2665633420793925,46,0
kondensation,stockholmsdagblad,1880,4,172566864,0.023179421050381954,4,0
kraft,stockholmsdagblad,1880,15196,172566864,88.05862057040105,15194,2
ladda,stockholmsdagblad,1880,607,172566864,3.5174771443954618,607,0
laddning,stockholmsdagblad,1880,309,172566864,1.790610276142006,309,0
magnet,stockholmsdagblad,1880,172,172566864,0.996715105166424,172,0
magnetisera,stockholmsdagblad,1880,21,172566864,0.12169196051450526,21,0
magnetism,stockholmsdagblad,1880,200,172566864,1.1589710525190977,200,0
nerv,stockholmsdagblad,1880,662,172566864,3.8361941838382134,661,1
repulsion,stockholmsdagblad,1880,10,172566864,0.057948552625954886,10,0
spänning,stockholmsdagblad,1880,992,172566864,5.748496420494725,992,0
strålning,stockholmsdagblad,1880,6,172566864,0.03476913157557293,6,0
ström,stockholmsdagblad,1880,5269,172566864,30.53309237861563,5268,1
strömning,stockholmsdagblad,1880,416,172566864,2.4106597892397232,416,0
styrka,stockholmsdagblad,1880,10179,172566864,58.98583171795948,10177,2
tension,stockholmsdagblad,1880,24,172566864,0.13907652630229173,24,0
attraktion,stockholmsdagblad,1890,62,104229980,0.5948384524299055,62,0
elektricitet,stockholmsdagblad,1890,1221,104229980,11.714479845434106,1221,0
elektriker,stockholmsdagblad,1890,103,104229980,0.9881993645206494,103,0
elektrisk,stockholmsdagblad,1890,9862,104229980,94.61769061070528,9859,3
emanation,stockholmsdagblad,1890,2,104229980,0.019188337175158242,2,0
emanera,stockholmsdagblad,1890,31,104229980,0.29741922621495276,31,0
fluidum,stockholmsdagblad,1890,21,104229980,0.20147754033916154,21,0
induktion,stockholmsdagblad,1890,23,104229980,0.22066587751431976,23,0
influens,stockholmsdagblad,1890,2,104229980,0.019188337175158242,2,0
influera,stockholmsdagblad,1890,49,104229980,0.4701142607913769,49,0
kondensation,stockholmsdagblad,1890,12,104229980,0.11513002305094945,12,0
kraft,stockholmsdagblad,1890,10963,104229980,105.1808702256299,10961,2
ladda,stockholmsdagblad,1890,341,104229980,3.27161148836448,341,0
laddning,stockholmsdagblad,1890,249,104229980,2.388947978307201,249,0
magnet,stockholmsdagblad,1890,119,104229980,1.1417060619219153,119,0
magnetisera,stockholmsdagblad,1890,8,104229980,0.07675334870063297,8,0
magnetism,stockholmsdagblad,1890,58,104229980,0.556461778079589,58,0
nerv,stockholmsdagblad,1890,532,104229980,5.104097688592092,532,0
repulsion,stockholmsdagblad,1890,4,104229980,0.038376674350316484,4,0
spänning,stockholmsdagblad,1890,880,104229980,8.442868357069626,880,0
strålning,stockholmsdagblad,1890,34,104229980,0.3262017319776901,34,0
ström,stockholmsdagblad,1890,4126,104229980,39.58553959235145,4126,0
strömning,stockholmsdagblad,1890,345,104229980,3.3099881627147965,345,0
styrka,stockholmsdagblad,1890,5681,104229980,54.504471746036984,5681,0
tension,stockholmsdagblad,1890,37,104229980,0.3549842377404275,37,0
attraktion,sundsvallstidning,1880,14,28907711,0.48429984650116364,14,0
elektricitet,sundsvallstidning,1880,246,28907711,8.509840159949018,246,0
elektriker,sundsvallstidning,1880,5,28907711,0.17296423089327273,5,0
elektrisk,sundsvallstidning,1880,1674,28907711,57.908424503067714,1674,0
emanation,sundsvallstidning,1880,4,28907711,0.13837138471461818,4,0
emanera,sundsvallstidning,1880,9,28907711,0.3113356156078909,9,0
fluidum,sundsvallstidning,1880,20,28907711,0.6918569235730909,20,0
induktion,sundsvallstidning,1880,5,28907711,0.17296423089327273,5,0
influens,sundsvallstidning,1880,0,28907711,0.0,0,0
influera,sundsvallstidning,1880,0,28907711,0.0,0,0
kondensation,sundsvallstidning,1880,0,28907711,0.0,0,0
kraft,sundsvallstidning,1880,3376,28907711,116.78544869913775,3375,1
ladda,sundsvallstidning,1880,219,28907711,7.5758333131253455,219,0
laddning,sundsvallstidning,1880,85,28907711,2.9403919251856365,85,0
magnet,sundsvallstidning,1880,41,28907711,1.4183066933248365,41,0
magnetisera,sundsvallstidning,1880,17,28907711,0.5880783850371273,17,0
magnetism,sundsvallstidning,1880,71,28907711,2.4560920786844727,71,0
nerv,sundsvallstidning,1880,129,28907711,4.462477157046436,129,0
repulsion,sundsvallstidning,1880,0,28907711,0.0,0,0
spänning,sundsvallstidning,1880,224,28907711,7.748797544018618,224,0
strålning,sundsvallstidning,1880,0,28907711,0.0,0,0
ström,sundsvallstidning,1880,771,28907711,26.671084403742654,771,0
strömning,sundsvallstidning,1880,86,28907711,2.974984771364291,86,0
styrka,sundsvallstidning,1880,2422,28907711,83.78387344470131,2421,1
tension,sundsvallstidning,1880,2,28907711,0.06918569235730909,2,0
attraktion,sundsvallstidning,1890,6,25560100,0.23474086564606556,6,0
elektricitet,sundsvallstidning,1890,290,25560100,11.3458085062265,290,0
elektriker,sundsvallstidning,1890,17,25560100,0.665099119330519,17,0
elektrisk,sundsvallstidning,1890,2279,25560100,89.16240546789723,2275,4
emanation,sundsvallstidning,1890,0,25560100,0.0,0,0
emanera,sundsvallstidning,1890,12,25560100,0.4694817312921311,12,0
fluidum,sundsvallstidning,1890,12,25560100,0.4694817312921311,12,0
induktion,sundsvallstidning,1890,3,25560100,0.11737043282303278,3,0
influens,sundsvallstidning,1890,1,25560100,0.03912347760767759,1,0
influera,sundsvallstidning,1890,2,25560100,0.07824695521535519,2,0
kondensation,sundsvallstidning,1890,0,25560100,0.0,0,0
kraft,sundsvallstidning,1890,3101,25560100,121.3219040614082,3099,2
ladda,sundsvallstidning,1890,274,25560100,10.71983286450366,274,0
laddning,sundsvallstidning,1890,81,25560100,3.169001686221885,81,0
magnet,sundsvallstidning,1890,24,25560100,0.9389634625842622,24,0
magnetisera,sundsvallstidning,1890,2,25560100,0.07824695521535519,2,0
magnetism,sundsvallstidning,1890,8,25560100,0.31298782086142074,8,0
nerv,sundsvallstidning,1890,441,25560100,17.253453624985816,441,0
repulsion,sundsvallstidning,1890,0,25560100,0.0,0,0
spänning,sundsvallstidning,1890,256,25560100,10.015610267565464,256,0
strålning,sundsvallstidning,1890,0,25560100,0.0,0,0
ström,sundsvallstidning,1890,865,25560100,33.84180813064112,864,1
strömning,sundsvallstidning,1890,34,25560100,1.330198238661038,34,0
styrka,sundsvallstidning,1890,1896,25560100,74.17811354415672,1895,1
tension,sundsvallstidning,1890,0,25560100,0.0,0,0
attraktion,tfwbsol,1870,3,16451423,0.18235504612579714,3,0
elektricitet,tfwbsol,1870,89,16451423,5.4098663683986485,89,0
elektriker,tfwbsol,1870,0,16451423,0.0,0,0
elektrisk,tfwbsol,1870,161,16451423,9.78638747541778,161,0
emanation,tfwbsol,1870,0,16451423,0.0,0,0
emanera,tfwbsol,1870,0,16451423,0.0,0,0
fluidum,tfwbsol,1870,25,16451423,1.519625384381643,25,0
induktion,tfwbsol,1870,1,16451423,0.06078501537526571,1,0
influens,tfwbsol,1870,0,16451423,0.0,0,0
influera,tfwbsol,1870,2,16451423,0.12157003075053142,2,0
kondensation,tfwbsol,1870,2,16451423,0.12157003075053142,2,0
kraft,tfwbsol,1870,2432,16451423,147.8291573926462,2431,1
ladda,tfwbsol,1870,94,16451423,5.713791445274977,94,0
laddning,tfwbsol,1870,98,16451423,5.95693150677604,98,0
magnet,tfwbsol,1870,12,16451423,0.7294201845031886,12,0
magnetisera,tfwbsol,1870,2,16451423,0.12157003075053142,2,0
magnetism,tfwbsol,1870,15,16451423,0.9117752306289857,15,0
nerv,tfwbsol,1870,56,16451423,3.40396086101488,56,0
repulsion,tfwbsol,1870,0,16451423,0.0,0,0
spänning,tfwbsol,1870,104,16451423,6.321641599027634,104,0
strålning,tfwbsol,1870,0,16451423,0.0,0,0
ström,tfwbsol,1870,458,16451423,27.839537041871697,458,0
strömning,tfwbsol,1870,9,16451423,0.5470651383773915,9,0
styrka,tfwbsol,1870,1824,16451423,110.87186804448466,1823,1
tension,tfwbsol,1870,0,16451423,0.0,0,0
attraktion,tfwbsol,1880,3,19076006,0.1572656246805542,3,0
elektricitet,tfwbsol,1880,226,19076006,11.847343725935083,226,0
elektriker,tfwbsol,1880,6,19076006,0.3145312493611084,6,0
elektrisk,tfwbsol,1880,594,19076006,31.138593686749733,594,0
emanation,tfwbsol,1880,0,19076006,0.0,0,0
emanera,tfwbsol,1880,5,19076006,0.2621093744675903,5,0
fluidum,tfwbsol,1880,9,19076006,0.4717968740416626,9,0
induktion,tfwbsol,1880,3,19076006,0.1572656246805542,3,0
influens,tfwbsol,1880,0,19076006,0.0,0,0
influera,tfwbsol,1880,2,19076006,0.10484374978703613,2,0
kondensation,tfwbsol,1880,0,19076006,0.0,0,0
kraft,tfwbsol,1880,2662,19076006,139.5470309665451,2660,2
ladda,tfwbsol,1880,125,19076006,6.552734361689758,125,0
laddning,tfwbsol,1880,51,19076006,2.673515619569421,51,0
magnet,tfwbsol,1880,18,19076006,0.9435937480833252,18,0
magnetisera,tfwbsol,1880,5,19076006,0.2621093744675903,5,0
magnetism,tfwbsol,1880,24,19076006,1.2581249974444335,24,0
nerv,tfwbsol,1880,152,19076006,7.9681249838147465,152,0
repulsion,tfwbsol,1880,0,19076006,0.0,0,0
spänning,tfwbsol,1880,154,19076006,8.072968733601781,154,0
strålning,tfwbsol,1880,0,19076006,0.0,0,0
ström,tfwbsol,1880,475,19076006,24.90039057442108,475,0
strömning,tfwbsol,1880,57,19076006,2.98804686893053,57,0
styrka,tfwbsol,1880,1620,19076006,84.92343732749927,1620,0
tension,tfwbsol,1880,0,19076006,0.0,0,0
attraktion,tfwbsol,1890,11,19088057,0.5762765691657354,11,0
elektricitet,tfwbsol,1890,119,19088057,6.234264702792956,119,0
elektriker,tfwbsol,1890,8,19088057,0.41911023212053483,8,0
elektrisk,tfwbsol,1890,771,19088057,40.391748620616546,770,1
emanation,tfwbsol,1890,1,19088057,0.052388779015066854,1,0
emanera,tfwbsol,1890,13,19088057,0.6810541271958691,13,0
fluidum,tfwbsol,1890,12,19088057,0.6286653481808022,12,0
induktion,tfwbsol,1890,3,19088057,0.15716633704520055,3,0
influens,tfwbsol,1890,0,19088057,0.0,0,0
influera,tfwbsol,1890,10,19088057,0.5238877901506686,10,0
kondensation,tfwbsol,1890,0,19088057,0.0,0,0
kraft,tfwbsol,1890,3345,19088057,175.24046580539863,3344,1
ladda,tfwbsol,1890,150,19088057,7.858316852260028,150,0
laddning,tfwbsol,1890,68,19088057,3.562436973024546,68,0
magnet,tfwbsol,1890,12,19088057,0.6286653481808022,12,0
magnetisera,tfwbsol,1890,2,19088057,0.10477755803013371,2,0
magnetism,tfwbsol,1890,4,19088057,0.20955511606026742,4,0
nerv,tfwbsol,1890,178,19088057,9.3252026646819,178,0
repulsion,tfwbsol,1890,1,19088057,0.052388779015066854,1,0
spänning,tfwbsol,1890,264,19088057,13.83063765997765,264,0
strålning,tfwbsol,1890,1,19088057,0.052388779015066854,1,0
ström,tfwbsol,1890,541,19088057,28.34232944715117,540,1
strömning,tfwbsol,1890,56,19088057,2.933771624843744,56,0
styrka,tfwbsol,1890,1631,19088057,85.44609857357405,1631,0
tension,tfwbsol,1890,3,19088057,0.15716633704520055,3,0
attraktion,umebladet,1870,1,7325173,0.13651554714134398,1,0
elektricitet,umebladet,1870,26,7325173,3.549404225674943,26,0
elektriker,umebladet,1870,0,7325173,0.0,0,0
elektrisk,umebladet,1870,42,7325173,5.733652979936447,42,0
emanation,umebladet,1870,0,7325173,0.0,0,0
emanera,umebladet,1870,1,7325173,0.13651554714134398,1,0
fluidum,umebladet,1870,2,7325173,0.27303109428268796,2,0
induktion,umebladet,1870,4,7325173,0.5460621885653759,4,0
influens,umebladet,1870,0,7325173,0.0,0,0
influera,umebladet,1870,2,7325173,0.27303109428268796,2,0
kondensation,umebladet,1870,0,7325173,0.0,0,0
kraft,umebladet,1870,1044,7325173,142.5222312155631,1044,0
ladda,umebladet,1870,38,7325173,5.187590791371071,38,0
laddning,umebladet,1870,16,7325173,2.1842487542615037,16,0
magnet,umebladet,1870,4,7325173,0.5460621885653759,4,0
magnetisera,umebladet,1870,0,7325173,0.0,0,0
magnetism,umebladet,1870,4,7325173,0.5460621885653759,4,0
nerv,umebladet,1870,21,7325173,2.8668264899682234,21,0
repulsion,umebladet,1870,0,7325173,0.0,0,0
spänning,umebladet,1870,64,7325173,8.736995017046015,64,0
strålning,umebladet,1870,0,7325173,0.0,0,0
ström,umebladet,1870,200,7325173,27.303109428268794,200,0
strömning,umebladet,1870,9,7325173,1.2286399242720958,9,0
styrka,umebladet,1870,846,7325173,115.492152881577,845,1
tension,umebladet,1870,1,7325173,0.13651554714134398,1,0
attraktion,umebladet,1880,1,12731749,0.07854380415448027,1,0
elektricitet,umebladet,1880,122,12731749,9.582344106846593,122,0
elektriker,umebladet,1880,3,12731749,0.2356314124634408,3,0
elektrisk,umebladet,1880,252,12731749,19.793038646929027,252,0
emanation,umebladet,1880,0,12731749,0.0,0,0
emanera,umebladet,1880,7,12731749,0.5498066290813619,7,0
fluidum,umebladet,1880,4,12731749,0.3141752166179211,4,0
induktion,umebladet,1880,1,12731749,0.07854380415448027,1,0
influens,umebladet,1880,0,12731749,0.0,0,0
influera,umebladet,1880,3,12731749,0.2356314124634408,3,0
kondensation,umebladet,1880,0,12731749,0.0,0,0
kraft,umebladet,1880,1632,12731749,128.1834883801118,1632,0
ladda,umebladet,1880,101,12731749,7.932924219602507,101,0
laddning,umebladet,1880,36,12731749,2.8275769495612897,36,0
magnet,umebladet,1880,11,12731749,0.8639818456992829,11,0
magnetisera,umebladet,1880,3,12731749,0.2356314124634408,3,0
magnetism,umebladet,1880,7,12731749,0.5498066290813619,7,0
nerv,umebladet,1880,68,12731749,5.340978682504658,68,0
repulsion,umebladet,1880,0,12731749,0.0,0,0
spänning,umebladet,1880,138,12731749,10.839044973318277,138,0
strålning,umebladet,1880,0,12731749,0.0,0,0
ström,umebladet,1880,352,12731749,27.647419062377054,352,0
strömning,umebladet,1880,34,12731749,2.670489341252329,34,0
styrka,umebladet,1880,1261,12731749,99.04373703879962,1261,0
tension,umebladet,1880,0,12731749,0.0,0,0
attraktion,umebladet,1890,2,12505930,0.1599241319917831,2,0
elektricitet,umebladet,1890,168,12505930,13.43362708730978,168,0
elektriker,umebladet,1890,7,12505930,0.5597344619712409,7,0
elektrisk,umebladet,1890,406,12505930,32.46459879433197,406,0
emanation,umebladet,1890,0,12505930,0.0,0,0
emanera,umebladet,1890,4,12505930,0.3198482639835662,4,0
fluidum,umebladet,1890,3,12505930,0.23988619798767466,3,0
induktion,umebladet,1890,5,12505930,0.39981032997945776,5,0
influens,umebladet,1890,0,12505930,0.0,0,0
influera,umebladet,1890,5,12505930,0.39981032997945776,5,0
kondensation,umebladet,1890,0,12505930,0.0,0,0
kraft,umebladet,1890,1896,12505930,151.60807712821037,1893,3
ladda,umebladet,1890,98,12505930,7.836282467597372,98,0
laddning,umebladet,1890,31,12505930,2.478824045872638,31,0
magnet,umebladet,1890,7,12505930,0.5597344619712409,7,0
magnetisera,umebladet,1890,2,12505930,0.1599241319917831,2,0
magnetism,umebladet,1890,2,12505930,0.1599241319917831,2,0
nerv,umebladet,1890,63,12505930,5.037610157741168,63,0
repulsion,umebladet,1890,0,12505930,0.0,0,0
spänning,umebladet,1890,152,12505930,12.154234031375516,152,0
strålning,umebladet,1890,0,12505930,0.0,0,0
ström,umebladet,1890,348,12505930,27.82679896657026,348,0
strömning,umebladet,1890,17,12505930,1.3593551219301563,17,0
styrka,umebladet,1890,1016,12505930,81.24145905182581,1016,0
tension,umebladet,1890,0,12505930,0.0,0,0
attraktion,upsala,1870,3,22228827,0.1349598878969187,3,0
elektricitet,upsala,1870,106,22228827,4.768582705691128,106,0
elektriker,upsala,1870,0,22228827,0.0,0,0
elektrisk,upsala,1870,245,22228827,11.021724178248363,245,0
emanation,upsala,1870,0,22228827,0.0,0,0
emanera,upsala,1870,1,22228827,0.04498662929897291,1,0
fluidum,upsala,1870,10,22228827,0.4498662929897291,10,0
induktion,upsala,1870,2,22228827,0.08997325859794582,2,0
influens,upsala,1870,0,22228827,0.0,0,0
influera,upsala,1870,2,22228827,0.08997325859794582,2,0
kondensation,upsala,1870,2,22228827,0.08997325859794582,2,0
kraft,upsala,1870,2114,22228827,95.10173433802872,2113,1
ladda,upsala,1870,141,22228827,6.34311473115518,141,0
laddning,upsala,1870,48,22228827,2.1593582063506993,48,0
magnet,upsala,1870,16,22228827,0.7197860687835665,16,0
magnetisera,upsala,1870,3,22228827,0.1349598878969187,3,0
magnetism,upsala,1870,12,22228827,0.5398395515876748,12,0
nerv,upsala,1870,81,22228827,3.6439169732168053,80,1
repulsion,upsala,1870,0,22228827,0.0,0,0
spänning,upsala,1870,116,22228827,5.218448998680857,116,0
strålning,upsala,1870,1,22228827,0.04498662929897291,1,0
ström,upsala,1870,555,22228827,24.967579260929963,555,0
strömning,upsala,1870,7,22228827,0.3149064050928103,7,0
styrka,upsala,1870,2155,22228827,96.94618613928661,2155,0
tension,upsala,1870,0,22228827,0.0,0,0
attraktion,upsala,1880,0,35599106,0.0,0,0
elektricitet,upsala,1880,427,35599106,11.99468323727006,427,0
elektriker,upsala,1880,2,35599106,0.05618118612304478,1,1
elektrisk,upsala,1880,841,35599106,23.624188764740328,841,0
emanation,upsala,1880,0,35599106,0.0,0,0
emanera,upsala,1880,6,35599106,0.16854355836913432,6,0
fluidum,upsala,1880,5,35599106,0.14045296530761195,5,0
induktion,upsala,1880,6,35599106,0.16854355836913432,6,0
influens,upsala,1880,0,35599106,0.0,0,0
influera,upsala,1880,3,35599106,0.08427177918456716,3,0
kondensation,upsala,1880,0,35599106,0.0,0,0
kraft,upsala,1880,2841,35599106,79.8053748877851,2840,1
ladda,upsala,1880,187,35599106,5.252940902504687,186,1
laddning,upsala,1880,50,35599106,1.4045296530761193,50,0
magnet,upsala,1880,21,35599106,0.5899024542919702,21,0
magnetisera,upsala,1880,10,35599106,0.2809059306152239,10,0
magnetism,upsala,1880,62,35599106,1.741616769814388,62,0
nerv,upsala,1880,171,35599106,4.803491413520328,171,0
repulsion,upsala,1880,0,35599106,0.0,0,0
spänning,upsala,1880,155,35599106,4.35404192453597,155,0
strålning,upsala,1880,0,35599106,0.0,0,0
ström,upsala,1880,687,35599106,19.29823743326588,687,0
strömning,upsala,1880,51,35599106,1.4326202461376418,51,0
styrka,upsala,1880,2099,35599106,58.96215483613549,2098,1
tension,upsala,1880,0,35599106,0.0,0,0
attraktion,upsala,1890,5,23441722,0.213294910672518,5,0
elektricitet,upsala,1890,125,23441722,5.33237276681295,125,0
elektriker,upsala,1890,49,23441722,2.0902901245906764,49,0
elektrisk,upsala,1890,1045,23441722,44.578636330556265,1045,0
emanation,upsala,1890,0,23441722,0.0,0,0
emanera,upsala,1890,6,23441722,0.2559538928070216,6,0
fluidum,upsala,1890,3,23441722,0.1279769464035108,3,0
induktion,upsala,1890,1,23441722,0.0426589821345036,1,0
influens,upsala,1890,0,23441722,0.0,0,0
influera,upsala,1890,4,23441722,0.1706359285380144,4,0
kondensation,upsala,1890,0,23441722,0.0,0,0
kraft,upsala,1890,2083,23441722,88.858659786171,2082,1
ladda,upsala,1890,169,23441722,7.209367980731108,169,0
laddning,upsala,1890,50,23441722,2.13294910672518,50,0
magnet,upsala,1890,23,23441722,0.9811565890935828,23,0
magnetisera,upsala,1890,2,23441722,0.0853179642690072,2,0
magnetism,upsala,1890,13,23441722,0.5545667677485469,13,0
nerv,upsala,1890,109,23441722,4.649829052660892,109,0
repulsion,upsala,1890,2,23441722,0.0853179642690072,2,0
spänning,upsala,1890,131,23441722,5.588326659619971,131,0
strålning,upsala,1890,5,23441722,0.213294910672518,5,0
ström,upsala,1890,476,23441722,20.305675496023714,476,0
strömning,upsala,1890,41,23441722,1.7490182675146475,41,0
styrka,upsala,1890,1465,23441722,62.495408827047775,1464,1
tension,upsala,1890,1,23441722,0.0426589821345036,1,0
attraktion,vestmanlandslanstidning,1870,8,16826168,0.47544990636014095,8,0
elektricitet,vestmanlandslanstidning,1870,81,16826168,4.813930301896427,81,0
elektriker,vestmanlandslanstidning,1870,0,16826168,0.0,0,0
elektrisk,vestmanlandslanstidning,1870,246,16826168,14.620084620574334,246,0
emanation,vestmanlandslanstidning,1870,0,16826168,0.0,0,0
emanera,vestmanlandslanstidning,1870,1,16826168,0.05943123829501762,1,0
fluidum,vestmanlandslanstidning,1870,8,16826168,0.47544990636014095,8,0
induktion,vestmanlandslanstidning,1870,0,16826168,0.0,0,0
influens,vestmanlandslanstidning,1870,0,16826168,0.0,0,0
influera,vestmanlandslanstidning,1870,3,16826168,0.17829371488505286,3,0
kondensation,vestmanlandslanstidning,1870,0,16826168,0.0,0,0
kraft,vestmanlandslanstidning,1870,2093,16826168,124.38958175147188,2093,0
ladda,vestmanlandslanstidning,1870,117,16826168,6.953454880517061,117,0
laddning,vestmanlandslanstidning,1870,44,16826168,2.6149744849807752,44,0
magnet,vestmanlandslanstidning,1870,10,16826168,0.5943123829501762,10,0
magnetisera,vestmanlandslanstidning,1870,4,16826168,0.23772495318007048,4,0
magnetism,vestmanlandslanstidning,1870,12,16826168,0.7131748595402114,12,0
nerv,vestmanlandslanstidning,1870,91,16826168,5.408242684846603,91,0
repulsion,vestmanlandslanstidning,1870,0,16826168,0.0,0,0
spänning,vestmanlandslanstidning,1870,97,16826168,5.764830114616709,97,0
strålning,vestmanlandslanstidning,1870,1,16826168,0.05943123829501762,1,0
ström,vestmanlandslanstidning,1870,532,16826168,31.61741877294937,532,0
strömning,vestmanlandslanstidning,1870,6,16826168,0.3565874297701057,6,0
styrka,vestmanlandslanstidning,1870,1776,16826168,105.54987921195129,1775,1
tension,vestmanlandslanstidning,1870,0,16826168,0.0,0,0
attraktion,vestmanlandslanstidning,1880,8,26157841,0.3058356383464522,8,0
elektricitet,vestmanlandslanstidning,1880,428,26157841,16.362206651535192,427,1
elektriker,vestmanlandslanstidning,1880,8,26157841,0.3058356383464522,8,0
elektrisk,vestmanlandslanstidning,1880,1759,26157841,67.24561098142618,1759,0
emanation,vestmanlandslanstidning,1880,3,26157841,0.11468836437991958,3,0
emanera,vestmanlandslanstidning,1880,8,26157841,0.3058356383464522,8,0
fluidum,vestmanlandslanstidning,1880,7,26157841,0.2676061835531457,7,0
induktion,vestmanlandslanstidning,1880,5,26157841,0.19114727396653264,5,0
influens,vestmanlandslanstidning,1880,1,26157841,0.03822945479330653,1,0
influera,vestmanlandslanstidning,1880,2,26157841,0.07645890958661306,2,0
kondensation,vestmanlandslanstidning,1880,1,26157841,0.03822945479330653,1,0
kraft,vestmanlandslanstidning,1880,2960,26157841,113.15918618818732,2959,1
ladda,vestmanlandslanstidning,1880,167,26157841,6.38431895048219,167,0
laddning,vestmanlandslanstidning,1880,58,26157841,2.2173083780117784,58,0
magnet,vestmanlandslanstidning,1880,31,26157841,1.1851130985925022,31,0
magnetisera,vestmanlandslanstidning,1880,6,26157841,0.22937672875983917,6,0
magnetism,vestmanlandslanstidning,1880,44,26157841,1.6820960109054872,44,0
nerv,vestmanlandslanstidning,1880,214,26157841,8.181103325767596,213,1
repulsion,vestmanlandslanstidning,1880,0,26157841,0.0,0,0
spänning,vestmanlandslanstidning,1880,201,26157841,7.684120413454612,201,0
strålning,vestmanlandslanstidning,1880,3,26157841,0.11468836437991958,3,0
ström,vestmanlandslanstidning,1880,751,26157841,28.7103205497732,751,0
strömning,vestmanlandslanstidning,1880,61,26157841,2.331996742391698,61,0
styrka,vestmanlandslanstidning,1880,1824,26157841,69.7305255429911,1823,1
tension,vestmanlandslanstidning,1880,2,26157841,0.07645890958661306,2,0
attraktion,vestmanlandslanstidning,1890,3,21534897,0.13930876938951692,3,0
elektricitet,vestmanlandslanstidning,1890,218,21534897,10.123103908971563,218,0
elektriker,vestmanlandslanstidning,1890,14,21534897,0.6501075904844124,14,0
elektrisk,vestmanlandslanstidning,1890,2262,21534897,105.03881211969576,2262,0
emanation,vestmanlandslanstidning,1890,0,21534897,0.0,0,0
emanera,vestmanlandslanstidning,1890,7,21534897,0.3250537952422062,7,0
fluidum,vestmanlandslanstidning,1890,6,21534897,0.27861753877903384,6,0
induktion,vestmanlandslanstidning,1890,2,21534897,0.09287251292634462,2,0
influens,vestmanlandslanstidning,1890,0,21534897,0.0,0,0
influera,vestmanlandslanstidning,1890,2,21534897,0.09287251292634462,2,0
kondensation,vestmanlandslanstidning,1890,0,21534897,0.0,0,0
kraft,vestmanlandslanstidning,1890,2995,21534897,139.07658810720108,2994,1
ladda,vestmanlandslanstidning,1890,141,21534897,6.547512161307296,141,0
laddning,vestmanlandslanstidning,1890,83,21534897,3.854209286443302,83,0
magnet,vestmanlandslanstidning,1890,15,21534897,0.6965438469475846,15,0
magnetisera,vestmanlandslanstidning,1890,4,21534897,0.18574502585268923,4,0
magnetism,vestmanlandslanstidning,1890,8,21534897,0.37149005170537847,8,0
nerv,vestmanlandslanstidning,1890,138,21534897,6.4082033919177785,138,0
repulsion,vestmanlandslanstidning,1890,0,21534897,0.0,0,0
spänning,vestmanlandslanstidning,1890,215,21534897,9.983795139582046,215,0
strålning,vestmanlandslanstidning,1890,0,21534897,0.0,0,0
ström,vestmanlandslanstidning,1890,695,21534897,32.27319824190476,695,0
strömning,vestmanlandslanstidning,1890,44,21534897,2.0431952843795815,44,0
styrka,vestmanlandslanstidning,1890,1480,21534897,68.72565956549502,1480,0
tension,vestmanlandslanstidning,1890,3,21534897,0.13930876938951692,3,0
attraktion,wermlandslanstidning,1870,0,13133643,0.0,0,0
elektricitet,wermlandslanstidning,1870,48,13133643,3.65473616117021,48,0
elektriker,wermlandslanstidning,1870,0,13133643,0.0,0,0
elektrisk,wermlandslanstidning,1870,201,13133643,15.304207674900255,201,0
emanation,wermlandslanstidning,1870,3,13133643,0.22842101007313811,3,0
emanera,wermlandslanstidning,1870,5,13133643,0.3807016834552302,5,0
fluidum,wermlandslanstidning,1870,8,13133643,0.6091226935283683,8,0
induktion,wermlandslanstidning,1870,0,13133643,0.0,0,0
influens,wermlandslanstidning,1870,0,13133643,0.0,0,0
influera,wermlandslanstidning,1870,1,13133643,0.07614033669104604,1,0
kondensation,wermlandslanstidning,1870,1,13133643,0.07614033669104604,1,0
kraft,wermlandslanstidning,1870,1615,13133643,122.96664375603936,1615,0
ladda,wermlandslanstidning,1870,107,13133643,8.147016025941927,107,0
laddning,wermlandslanstidning,1870,90,13133643,6.852630302194144,90,0
magnet,wermlandslanstidning,1870,13,13133643,0.9898243769835985,13,0
magnetisera,wermlandslanstidning,1870,1,13133643,0.07614033669104604,1,0
magnetism,wermlandslanstidning,1870,7,13133643,0.5329823568373223,7,0
nerv,wermlandslanstidning,1870,62,13133643,4.720700874844854,62,0
repulsion,wermlandslanstidning,1870,0,13133643,0.0,0,0
spänning,wermlandslanstidning,1870,97,13133643,7.385612659031466,97,0
strålning,wermlandslanstidning,1870,0,13133643,0.0,0,0
ström,wermlandslanstidning,1870,307,13133643,23.375083364151134,307,0
strömning,wermlandslanstidning,1870,6,13133643,0.45684202014627623,6,0
styrka,wermlandslanstidning,1870,1304,13133643,99.28699904512403,1304,0
tension,wermlandslanstidning,1870,0,13133643,0.0,0,0
attraktion,wernamotidning,1870,3,2029114,1.478477798684549,3,0
elektricitet,wernamotidning,1870,41,2029114,20.205863248688836,41,0
elektriker,wernamotidning,1870,0,2029114,0.0,0,0
elektrisk,wernamotidning,1870,73,2029114,35.976293101324025,73,0
emanation,wernamotidning,1870,0,2029114,0.0,0,0
emanera,wernamotidning,1870,0,2029114,0.0,0,0
fluidum,wernamotidning,1870,1,2029114,0.49282593289484966,1,0
induktion,wernamotidning,1870,0,2029114,0.0,0,0
influens,wernamotidning,1870,0,2029114,0.0,0,0
influera,wernamotidning,1870,0,2029114,0.0,0,0
kondensation,wernamotidning,1870,1,2029114,0.49282593289484966,1,0
kraft,wernamotidning,1870,326,2029114,160.661254123721,326,0
ladda,wernamotidning,1870,40,2029114,19.713037315793986,40,0
laddning,wernamotidning,1870,19,2029114,9.363692725002144,19,0
magnet,wernamotidning,1870,5,2029114,2.4641296644742483,5,0
magnetisera,wernamotidning,1870,0,2029114,0.0,0,0
magnetism,wernamotidning,1870,1,2029114,0.49282593289484966,1,0
nerv,wernamotidning,1870,7,2029114,3.4497815302639476,7,0
repulsion,wernamotidning,1870,0,2029114,0.0,0,0
spänning,wernamotidning,1870,21,2029114,10.349344590791842,21,0
strålning,wernamotidning,1870,0,2029114,0.0,0,0
ström,wernamotidning,1870,110,2029114,54.210852618433464,110,0
strömning,wernamotidning,1870,0,2029114,0.0,0,0
styrka,wernamotidning,1870,210,2029114,103.49344590791843,210,0
tension,wernamotidning,1870,0,2029114,0.0,0,0
attraktion,wernamotidning,1880,0,3394983,0.0,0,0
elektricitet,wernamotidning,1880,62,3394983,18.262241666600392,62,0
elektriker,wernamotidning,1880,0,3394983,0.0,0,0
elektrisk,wernamotidning,1880,170,3394983,50.073888440678495,170,0
emanation,wernamotidning,1880,0,3394983,0.0,0,0
emanera,wernamotidning,1880,0,3394983,0.0,0,0
fluidum,wernamotidning,1880,1,3394983,0.2945522849451676,1,0
induktion,wernamotidning,1880,0,3394983,0.0,0,0
influens,wernamotidning,1880,0,3394983,0.0,0,0
influera,wernamotidning,1880,0,3394983,0.0,0,0
kondensation,wernamotidning,1880,0,3394983,0.0,0,0
kraft,wernamotidning,1880,593,3394983,174.6695049724844,593,0
ladda,wernamotidning,1880,73,3394983,21.502316800997235,73,0
laddning,wernamotidning,1880,16,3394983,4.712836559122682,16,0
magnet,wernamotidning,1880,3,3394983,0.8836568548355028,3,0
magnetisera,wernamotidning,1880,1,3394983,0.2945522849451676,1,0
magnetism,wernamotidning,1880,2,3394983,0.5891045698903352,2,0
nerv,wernamotidning,1880,29,3394983,8.542016263409861,29,0
repulsion,wernamotidning,1880,0,3394983,0.0,0,0
spänning,wernamotidning,1880,40,3394983,11.782091397806704,40,0
strålning,wernamotidning,1880,0,3394983,0.0,0,0
ström,wernamotidning,1880,151,3394983,44.47739502672031,151,0
strömning,wernamotidning,1880,14,3394983,4.123731989232347,14,0
styrka,wernamotidning,1880,370,3394983,108.98434542971202,370,0
tension,wernamotidning,1880,0,3394983,0.0,0,0
