word,author_id,decade,workbook_examples,author_url
attraktion,AdlersparreGA,1880,1,https://litteraturbanken.se/författare/AdlersparreGA
attraktion,AhlbomM,1860,2,https://litteraturbanken.se/författare/AhlbomM
attraktion,AhlinJO,1880,1,https://litteraturbanken.se/författare/AhlinJO
attraktion,AlmqvistCJL,1830,1,https://litteraturbanken.se/författare/AlmqvistCJL
attraktion,BergerH,1910,2,https://litteraturbanken.se/författare/BergerH
attraktion,BergmanHj,1910,2,https://litteraturbanken.se/författare/BergmanHj
attraktion,BruzeliusJ,1880,1,https://litteraturbanken.se/författare/BruzeliusJ
attraktion,BöttigerCW,1870,1,https://litteraturbanken.se/författare/B%C3%B6ttigerCW
attraktion,DarwinC,1870,3,https://litteraturbanken.se/författare/DarwinC
attraktion,EkelundV,1920,1,https://litteraturbanken.se/författare/EkelundV
attraktion,EkermannA,1880,1,https://litteraturbanken.se/författare/EkermannA
attraktion,EkmanE,1890,1,https://litteraturbanken.se/författare/EkmanE
attraktion,EnerothC,1890,1,https://litteraturbanken.se/författare/EnerothC
attraktion,EnerothC,1900,1,https://litteraturbanken.se/författare/EnerothC
attraktion,FalkH,1900,1,https://litteraturbanken.se/författare/FalkH
attraktion,FlygareCarlénE,1860,1,https://litteraturbanken.se/författare/FlygareCarl%C3%A9nE
attraktion,FlygareCarlénE,1870,2,https://litteraturbanken.se/författare/FlygareCarl%C3%A9nE
attraktion,FlygareCarlénE,1880,3,https://litteraturbanken.se/författare/FlygareCarl%C3%A9nE
attraktion,FlygareE,1860,1,https://litteraturbanken.se/författare/FlygareE
attraktion,FornellBE,1840,2,https://litteraturbanken.se/författare/FornellBE
attraktion,FornellBE,1850,1,https://litteraturbanken.se/författare/FornellBE
attraktion,GadeliusB,1910,1,https://litteraturbanken.se/författare/GadeliusB
attraktion,GeijerEG,1850,2,https://litteraturbanken.se/författare/GeijerEG
attraktion,GoetheJW,1900,2,https://litteraturbanken.se/författare/GoetheJW
attraktion,GranathW,1890,1,https://litteraturbanken.se/författare/GranathW
attraktion,GustafssonR,1860,1,https://litteraturbanken.se/författare/GustafssonR
attraktion,HallenborgC,1890,1,https://litteraturbanken.se/författare/HallenborgC
attraktion,HanssonO,1890,1,https://litteraturbanken.se/författare/HanssonO
attraktion,HanssonO,1910,2,https://litteraturbanken.se/författare/HanssonO
attraktion,HjelmR,1890,1,https://litteraturbanken.se/författare/HjelmR
attraktion,HolmgrenAM,1890,1,https://litteraturbanken.se/författare/HolmgrenAM
attraktion,HultgrenOJ,1880,1,https://litteraturbanken.se/författare/HultgrenOJ
attraktion,HöggrenF,1840,1,https://litteraturbanken.se/författare/H%C3%B6ggrenF
attraktion,IdstromE,1890,1,https://litteraturbanken.se/författare/IdstromE
attraktion,IngeliusAG,1850,1,https://litteraturbanken.se/författare/IngeliusAG
attraktion,JohansonK,1940,2,https://litteraturbanken.se/författare/JohansonK
attraktion,JolinJ,1890,1,https://litteraturbanken.se/författare/JolinJ
attraktion,JosephsonL,1890,1,https://litteraturbanken.se/författare/JosephsonL
attraktion,KjellgrenJ,1930,1,https://litteraturbanken.se/författare/KjellgrenJ
attraktion,LevertinO,1890,1,https://litteraturbanken.se/författare/LevertinO
attraktion,LevertinO,1900,2,https://litteraturbanken.se/författare/LevertinO
attraktion,LindbergP,1940,1,https://litteraturbanken.se/författare/LindbergP
attraktion,LingPH,1860,1,https://litteraturbanken.se/författare/LingPH
attraktion,LjunggrenG,1870,1,https://litteraturbanken.se/författare/LjunggrenG
attraktion,LjunggrenG,1890,1,https://litteraturbanken.se/författare/LjunggrenG
attraktion,LjungstedtA,1870,2,https://litteraturbanken.se/författare/LjungstedtA
attraktion,LundinAnders,1880,1,https://litteraturbanken.se/författare/LundinAnders
attraktion,LundquistE,1890,1,https://litteraturbanken.se/författare/LundquistE
attraktion,MalmströmKR,1870,1,https://litteraturbanken.se/författare/Malmstr%C3%B6mKR
attraktion,MyrbergA,1920,1,https://litteraturbanken.se/författare/MyrbergA
attraktion,NorströmV,1900,1,https://litteraturbanken.se/författare/Norstr%C3%B6mV
attraktion,NyblomL,1950,1,https://litteraturbanken.se/författare/NyblomL
attraktion,NylénPG,1920,1,https://litteraturbanken.se/författare/Nyl%C3%A9nPG
attraktion,OhlsonCO,1880,1,https://litteraturbanken.se/författare/OhlsonCO
attraktion,PerssonF,1900,1,https://litteraturbanken.se/författare/PerssonF
attraktion,PetterssonML,1870,1,https://litteraturbanken.se/författare/PetterssonML
attraktion,RidderstadCF,1840,1,https://litteraturbanken.se/författare/RidderstadCF
attraktion,RidderstadCF,1880,2,https://litteraturbanken.se/författare/RidderstadCF
attraktion,RydbergCH,1860,1,https://litteraturbanken.se/författare/RydbergCH
attraktion,RydbergV,1860,1,https://litteraturbanken.se/författare/RydbergV
attraktion,SandbergE,1890,1,https://litteraturbanken.se/författare/SandbergE
attraktion,SantessonF,1880,1,https://litteraturbanken.se/författare/SantessonF
attraktion,SchildtR,1910,1,https://litteraturbanken.se/författare/SchildtR
attraktion,SchöldströmB,1870,1,https://litteraturbanken.se/författare/Sch%C3%B6ldstr%C3%B6mB
attraktion,SchückH,1910,1,https://litteraturbanken.se/författare/Sch%C3%BCckH
attraktion,SjöbergB,1920,1,https://litteraturbanken.se/författare/Sj%C3%B6bergB
attraktion,StockenstrandI,1890,1,https://litteraturbanken.se/författare/StockenstrandI
attraktion,StrindbergA,1900,1,https://litteraturbanken.se/författare/StrindbergA
attraktion,StrömerHj,1880,1,https://litteraturbanken.se/författare/Str%C3%B6merHj
attraktion,TopeliusZ,1860,1,https://litteraturbanken.se/författare/TopeliusZ
attraktion,TörnerO,1880,1,https://litteraturbanken.se/författare/T%C3%B6rnerO
attraktion,WetterberghCA,1880,1,https://litteraturbanken.se/författare/WetterberghCA
attraktion,WettergrundJ,1860,1,https://litteraturbanken.se/författare/WettergrundJ
attraktion,WittO,1910,2,https://litteraturbanken.se/författare/WittO
attraktion,WägnerE,1930,2,https://litteraturbanken.se/författare/W%C3%A4gnerE
attraktion,ÅgrenLP,1850,1,https://litteraturbanken.se/författare/%C3%85grenLP
elektricitet,AdlersparreCA,1840,1,https://litteraturbanken.se/författare/AdlersparreCA
elektricitet,AhrenbergJ,1890,1,https://litteraturbanken.se/författare/AhrenbergJ
elektricitet,AlinJ,1910,6,https://litteraturbanken.se/författare/AlinJ
elektricitet,AlmqvistCJL,1830,1,https://litteraturbanken.se/författare/AlmqvistCJL
elektricitet,AnderssonHilma,1900,4,https://litteraturbanken.se/författare/AnderssonHilma
elektricitet,AndréeA,1830,1,https://litteraturbanken.se/författare/Andr%C3%A9eA
elektricitet,AndrénO,1890,1,https://litteraturbanken.se/författare/Andr%C3%A9nO
elektricitet,Anonym,1850,1,https://litteraturbanken.se/författare/Anonym
elektricitet,Anonym,1860,17,https://litteraturbanken.se/författare/Anonym
elektricitet,Anonym,1870,5,https://litteraturbanken.se/författare/Anonym
elektricitet,Anonym,1880,3,https://litteraturbanken.se/författare/Anonym
elektricitet,Anonym,1890,4,https://litteraturbanken.se/författare/Anonym
elektricitet,BenedictssonV,1890,1,https://litteraturbanken.se/författare/BenedictssonV
elektricitet,BenzonK,1900,1,https://litteraturbanken.se/författare/BenzonK
elektricitet,BergD,1910,1,https://litteraturbanken.se/författare/BergD
elektricitet,BergerH,1900,1,https://litteraturbanken.se/författare/BergerH
elektricitet,BergerH,1910,4,https://litteraturbanken.se/författare/BergerH
elektricitet,BerghR,1900,2,https://litteraturbanken.se/författare/BerghR
elektricitet,BergmanHj,1920,1,https://litteraturbanken.se/författare/BergmanHj
elektricitet,BergstrandPE,1880,1,https://litteraturbanken.se/författare/BergstrandPE
elektricitet,BeskowBvon,1840,1,https://litteraturbanken.se/författare/BeskowBvon
elektricitet,BlombergH,1920,1,https://litteraturbanken.se/författare/BlombergH
elektricitet,BondesonA,1890,1,https://litteraturbanken.se/författare/BondesonA
elektricitet,BoyeK,1930,3,https://litteraturbanken.se/författare/BoyeK
elektricitet,BoyeK,1940,1,https://litteraturbanken.se/författare/BoyeK
elektricitet,BrantingA,1900,1,https://litteraturbanken.se/författare/BrantingA
elektricitet,BrantingA,1910,1,https://litteraturbanken.se/författare/BrantingA
elektricitet,BruzeliusJ,1870,3,https://litteraturbanken.se/författare/BruzeliusJ
elektricitet,BäckmannI,1920,1,https://litteraturbanken.se/författare/B%C3%A4ckmannI
elektricitet,BäckmannI,1940,1,https://litteraturbanken.se/författare/B%C3%A4ckmannI
elektricitet,CarlbergF,1910,1,https://litteraturbanken.se/författare/CarlbergF
elektricitet,DarwinC,1870,8,https://litteraturbanken.se/författare/DarwinC
elektricitet,DickensC,1840,1,https://litteraturbanken.se/författare/DickensC
elektricitet,EdelfeltJC,1830,1,https://litteraturbanken.se/författare/EdelfeltJC
elektricitet,EhrnroothA,1870,1,https://litteraturbanken.se/författare/EhrnroothA
elektricitet,ElgenstiernaG,1920,4,https://litteraturbanken.se/författare/ElgenstiernaG
elektricitet,ElgenstiernaG,1930,3,https://litteraturbanken.se/författare/ElgenstiernaG
elektricitet,ElgströmO,1920,1,https://litteraturbanken.se/författare/Elgstr%C3%B6mO
elektricitet,ElkanS,1890,1,https://litteraturbanken.se/författare/ElkanS
elektricitet,EnerothC,1880,2,https://litteraturbanken.se/författare/EnerothC
elektricitet,EnerothC,1890,4,https://litteraturbanken.se/författare/EnerothC
elektricitet,EngströmA,1900,3,https://litteraturbanken.se/författare/Engstr%C3%B6mA
elektricitet,FeukCGT,1890,4,https://litteraturbanken.se/författare/FeukCGT
elektricitet,FitzgeraldFS,1940,1,https://litteraturbanken.se/författare/FitzgeraldFS
elektricitet,FlygareCarlénE,1850,2,https://litteraturbanken.se/författare/FlygareCarl%C3%A9nE
elektricitet,FranzénFM,1830,1,https://litteraturbanken.se/författare/Franz%C3%A9nFM
elektricitet,GeijerEG,1850,1,https://litteraturbanken.se/författare/GeijerEG
elektricitet,GeijerstamG,1880,1,https://litteraturbanken.se/författare/GeijerstamG
elektricitet,GeijerstamG,1890,4,https://litteraturbanken.se/författare/GeijerstamG
elektricitet,GoveniusLJ,1870,1,https://litteraturbanken.se/författare/GoveniusLJ
elektricitet,GoveniusLJ,1880,1,https://litteraturbanken.se/författare/GoveniusLJ
elektricitet,GranathW,1890,2,https://litteraturbanken.se/författare/GranathW
elektricitet,GrebstWA,1910,1,https://litteraturbanken.se/författare/GrebstWA
elektricitet,HanssonO,1890,2,https://litteraturbanken.se/författare/HanssonO
elektricitet,HarrisonMSLK,1900,3,https://litteraturbanken.se/författare/HarrisonMSLK
elektricitet,HebbeW,1840,1,https://litteraturbanken.se/författare/HebbeW
elektricitet,HedbergF,1870,1,https://litteraturbanken.se/författare/HedbergF
elektricitet,HedbergF,1890,4,https://litteraturbanken.se/författare/HedbergF
elektricitet,HedbergF,1910,1,https://litteraturbanken.se/författare/HedbergF
elektricitet,HedbergT,1890,2,https://litteraturbanken.se/författare/HedbergT
elektricitet,HedenstiernaA,1880,5,https://litteraturbanken.se/författare/HedenstiernaA
elektricitet,HedenstiernaA,1890,6,https://litteraturbanken.se/författare/HedenstiernaA
elektricitet,HedenstiernaA,1900,2,https://litteraturbanken.se/författare/HedenstiernaA
elektricitet,HedinS,1900,1,https://litteraturbanken.se/författare/HedinS
elektricitet,HedinS,1910,3,https://litteraturbanken.se/författare/HedinS
elektricitet,HeidenstamV,1890,2,https://litteraturbanken.se/författare/HeidenstamV
elektricitet,HolmgrenAM,1890,1,https://litteraturbanken.se/författare/HolmgrenAM
elektricitet,HvalgrenE,1880,1,https://litteraturbanken.se/författare/HvalgrenE
elektricitet,HäthénJA,1890,1,https://litteraturbanken.se/författare/H%C3%A4th%C3%A9nJA
elektricitet,IngeliusAG,1850,3,https://litteraturbanken.se/författare/IngeliusAG
elektricitet,JansonB,1900,1,https://litteraturbanken.se/författare/JansonB
elektricitet,JansonG,1890,1,https://litteraturbanken.se/författare/JansonG
elektricitet,JohnsonJ,1880,2,https://litteraturbanken.se/författare/JohnsonJ
elektricitet,JohnsonJ,1890,1,https://litteraturbanken.se/författare/JohnsonJ
elektricitet,JohnsonJ,1900,3,https://litteraturbanken.se/författare/JohnsonJ
elektricitet,JolinE,1910,2,https://litteraturbanken.se/författare/JolinE
elektricitet,JolinJ,1870,2,https://litteraturbanken.se/författare/JolinJ
elektricitet,JolinJ,1880,2,https://litteraturbanken.se/författare/JolinJ
elektricitet,KantzowEBSG,1890,2,https://litteraturbanken.se/författare/KantzowEBSG
elektricitet,KerfveA,1890,2,https://litteraturbanken.se/författare/KerfveA
elektricitet,KeyE,1890,3,https://litteraturbanken.se/författare/KeyE
elektricitet,KeyE,1900,4,https://litteraturbanken.se/författare/KeyE
elektricitet,KléenE,1890,2,https://litteraturbanken.se/författare/Kl%C3%A9enE
elektricitet,KochM,1910,1,https://litteraturbanken.se/författare/KochM
elektricitet,KochR,1890,2,https://litteraturbanken.se/författare/KochR
elektricitet,KrokJP,1830,2,https://litteraturbanken.se/författare/KrokJP
elektricitet,KrusenstjernaA,1910,1,https://litteraturbanken.se/författare/KrusenstjernaA
elektricitet,KrusenstjernaA,1920,3,https://litteraturbanken.se/författare/KrusenstjernaA
elektricitet,KræmerARvon,1850,1,https://litteraturbanken.se/författare/Kr%C3%A6merARvon
elektricitet,KullbergKA,1840,1,https://litteraturbanken.se/författare/KullbergKA
elektricitet,LandquistE,1910,1,https://litteraturbanken.se/författare/LandquistE
elektricitet,LangletM,1890,1,https://litteraturbanken.se/författare/LangletM
elektricitet,LevertinO,1890,2,https://litteraturbanken.se/författare/LevertinO
elektricitet,LiljaN,1830,1,https://litteraturbanken.se/författare/LiljaN
elektricitet,LimborgO,1880,1,https://litteraturbanken.se/författare/LimborgO
elektricitet,LloydL,1870,1,https://litteraturbanken.se/författare/LloydL
elektricitet,LundegårdA,1880,1,https://litteraturbanken.se/författare/Lundeg%C3%A5rdA
elektricitet,LundegårdA,1890,9,https://litteraturbanken.se/författare/Lundeg%C3%A5rdA
elektricitet,LundinC,1870,3,https://litteraturbanken.se/författare/LundinC
elektricitet,LundquistA,1890,2,https://litteraturbanken.se/författare/LundquistA
elektricitet,LundquistE,1880,3,https://litteraturbanken.se/författare/LundquistE
elektricitet,LybeckM,1900,1,https://litteraturbanken.se/författare/LybeckM
elektricitet,MagnellCJ,1890,9,https://litteraturbanken.se/författare/MagnellCJ
elektricitet,MalmgrenVE,1890,1,https://litteraturbanken.se/författare/MalmgrenVE
elektricitet,MelanderR,1880,1,https://litteraturbanken.se/författare/MelanderR
elektricitet,MolanderH,1880,4,https://litteraturbanken.se/författare/MolanderH
elektricitet,MolanderH,1890,1,https://litteraturbanken.se/författare/MolanderH
elektricitet,MöllerA,1910,1,https://litteraturbanken.se/författare/M%C3%B6llerA
elektricitet,NermanG,1890,7,https://litteraturbanken.se/författare/NermanG
elektricitet,NervanderJJ,1850,3,https://litteraturbanken.se/författare/NervanderJJ
elektricitet,NordströmL,1900,2,https://litteraturbanken.se/författare/Nordstr%C3%B6mL
elektricitet,NordströmL,1930,1,https://litteraturbanken.se/författare/Nordstr%C3%B6mL
elektricitet,NorströmV,1900,7,https://litteraturbanken.se/författare/Norstr%C3%B6mV
elektricitet,PaulA,1890,1,https://litteraturbanken.se/författare/PaulA
elektricitet,PereswetoffMorathF,1880,1,https://litteraturbanken.se/författare/PereswetoffMorathF
elektricitet,PetterssonOlinJ,1890,1,https://litteraturbanken.se/författare/PetterssonOlinJ
elektricitet,PhilipssonJ,1850,1,https://litteraturbanken.se/författare/PhilipssonJ
elektricitet,PihlstrandR,1880,1,https://litteraturbanken.se/författare/PihlstrandR
elektricitet,RidderstadCF,1880,6,https://litteraturbanken.se/författare/RidderstadCF
elektricitet,RoosM,1890,1,https://litteraturbanken.se/författare/RoosM
elektricitet,RoosM,1900,1,https://litteraturbanken.se/författare/RoosM
elektricitet,RubensonO,1880,1,https://litteraturbanken.se/författare/RubensonO
elektricitet,RuinH,1930,1,https://litteraturbanken.se/författare/RuinH
elektricitet,RuinH,1940,1,https://litteraturbanken.se/författare/RuinH
elektricitet,RybergK,1870,2,https://litteraturbanken.se/författare/RybergK
elektricitet,RådbergF,1840,2,https://litteraturbanken.se/författare/R%C3%A5dbergF
elektricitet,SandbergA,1910,1,https://litteraturbanken.se/författare/SandbergA
elektricitet,SantessonF,1880,2,https://litteraturbanken.se/författare/SantessonF
elektricitet,SchildtR,1920,1,https://litteraturbanken.se/författare/SchildtR
elektricitet,SchreinerO,1910,1,https://litteraturbanken.se/författare/SchreinerO
elektricitet,SchwartzMS,1850,1,https://litteraturbanken.se/författare/SchwartzMS
elektricitet,SchwartzMS,1870,1,https://litteraturbanken.se/författare/SchwartzMS
elektricitet,SefbomA,1870,1,https://litteraturbanken.se/författare/SefbomA
elektricitet,SernerG,1910,5,https://litteraturbanken.se/författare/SernerG
elektricitet,SjöbergB,1920,1,https://litteraturbanken.se/författare/Sj%C3%B6bergB
elektricitet,SjöstrandA,1900,1,https://litteraturbanken.se/författare/Sj%C3%B6strandA
elektricitet,SmithC,1890,1,https://litteraturbanken.se/författare/SmithC
elektricitet,SnellmanJV,1840,5,https://litteraturbanken.se/författare/SnellmanJV
elektricitet,SparreP,1850,1,https://litteraturbanken.se/författare/SparreP
elektricitet,SparreP,1860,1,https://litteraturbanken.se/författare/SparreP
elektricitet,SparreP,1870,1,https://litteraturbanken.se/författare/SparreP
elektricitet,StarnbergM,1900,1,https://litteraturbanken.se/författare/StarnbergM
elektricitet,StenhammarJA,1810,1,https://litteraturbanken.se/författare/StenhammarJA
elektricitet,StjernströmL,1880,3,https://litteraturbanken.se/författare/Stjernstr%C3%B6mL
elektricitet,StokerB,1900,1,https://litteraturbanken.se/författare/StokerB
elektricitet,StrindbergA,1880,6,https://litteraturbanken.se/författare/StrindbergA
elektricitet,StrindbergA,1890,9,https://litteraturbanken.se/författare/StrindbergA
elektricitet,Sturzen-BeckerOP,1860,3,https://litteraturbanken.se/författare/Sturzen-BeckerOP
elektricitet,StuxbergA,1890,1,https://litteraturbanken.se/författare/StuxbergA
elektricitet,StåhleA,1910,1,https://litteraturbanken.se/författare/St%C3%A5hleA
elektricitet,SundlerA,1880,2,https://litteraturbanken.se/författare/SundlerA
elektricitet,SätherbergH,1840,1,https://litteraturbanken.se/författare/S%C3%A4therbergH
elektricitet,SörmanP,1930,1,https://litteraturbanken.se/författare/S%C3%B6rmanP
elektricitet,TavaststjernaK,1890,3,https://litteraturbanken.se/författare/TavaststjernaK
elektricitet,TersmedenC,1910,1,https://litteraturbanken.se/författare/TersmedenC
elektricitet,ThomassonP,1860,1,https://litteraturbanken.se/författare/ThomassonP
elektricitet,TopeliusZ,1880,3,https://litteraturbanken.se/författare/TopeliusZ
elektricitet,TopeliusZ,1890,1,https://litteraturbanken.se/författare/TopeliusZ
elektricitet,TorénRW,1880,1,https://litteraturbanken.se/författare/Tor%C3%A9nRW
elektricitet,TrolleH,1870,2,https://litteraturbanken.se/författare/TrolleH
elektricitet,TörnblomJA,1910,1,https://litteraturbanken.se/författare/T%C3%B6rnblomJA
elektricitet,TörnblomJA,1920,1,https://litteraturbanken.se/författare/T%C3%B6rnblomJA
elektricitet,VärnlundR,1920,1,https://litteraturbanken.se/författare/V%C3%A4rnlundR
elektricitet,VärnlundR,1930,1,https://litteraturbanken.se/författare/V%C3%A4rnlundR
elektricitet,WahlenbergA,1880,2,https://litteraturbanken.se/författare/WahlenbergA
elektricitet,WallmarkE,1880,2,https://litteraturbanken.se/författare/WallmarkE
elektricitet,WallmoU,1900,10,https://litteraturbanken.se/författare/WallmoU
elektricitet,WernbergHj,1890,1,https://litteraturbanken.se/författare/WernbergHj
elektricitet,WernbergHj,1900,1,https://litteraturbanken.se/författare/WernbergHj
elektricitet,WestermarkO,1890,1,https://litteraturbanken.se/författare/WestermarkO
elektricitet,WetterberghCA,1850,1,https://litteraturbanken.se/författare/WetterberghCA
elektricitet,WetterberghCA,1880,1,https://litteraturbanken.se/författare/WetterberghCA
elektricitet,WettergrundJ,1850,3,https://litteraturbanken.se/författare/WettergrundJ
elektricitet,WickströmVH,1880,1,https://litteraturbanken.se/författare/Wickstr%C3%B6mVH
elektricitet,WijkanderO,1880,1,https://litteraturbanken.se/författare/WijkanderO
elektricitet,WiklundKB,1900,1,https://litteraturbanken.se/författare/WiklundKB
elektricitet,WiknerP,1860,4,https://litteraturbanken.se/författare/WiknerP
elektricitet,WinterR,1890,1,https://litteraturbanken.se/författare/WinterR
elektricitet,WittO,1910,26,https://litteraturbanken.se/författare/WittO
elektricitet,WittO,1920,1,https://litteraturbanken.se/författare/WittO
elektricitet,WägnerE,1920,1,https://litteraturbanken.se/författare/W%C3%A4gnerE
elektricitet,WågmanFO,1900,1,https://litteraturbanken.se/författare/W%C3%A5gmanFO
elektricitet,ZilliacusKäldre,1890,1,https://litteraturbanken.se/författare/ZilliacusK%C3%A4ldre
elektricitet,ÅbergJO,1880,1,https://litteraturbanken.se/författare/%C3%85bergJO
elektriker,BergerH,1900,1,https://litteraturbanken.se/författare/BergerH
elektriker,BergerH,1910,1,https://litteraturbanken.se/författare/BergerH
elektriker,ElgenstiernaG,1920,2,https://litteraturbanken.se/författare/ElgenstiernaG
elektriker,ElgenstiernaG,1930,6,https://litteraturbanken.se/författare/ElgenstiernaG
elektriker,KjellgrenJ,1930,1,https://litteraturbanken.se/författare/KjellgrenJ
elektriker,KræmerV,1930,1,https://litteraturbanken.se/författare/Kr%C3%A6merV
elektriker,NyblomL,1950,2,https://litteraturbanken.se/författare/NyblomL
elektriker,SchreinerO,1910,1,https://litteraturbanken.se/författare/SchreinerO
elektriker,SernerG,1920,2,https://litteraturbanken.se/författare/SernerG
elektriker,StrindbergA,1890,4,https://litteraturbanken.se/författare/StrindbergA
elektriker,StrömF,1900,1,https://litteraturbanken.se/författare/Str%C3%B6mF
elektriker,StrömF,1940,1,https://litteraturbanken.se/författare/Str%C3%B6mF
elektriker,VärnlundR,1930,3,https://litteraturbanken.se/författare/V%C3%A4rnlundR
elektriker,WittO,1910,1,https://litteraturbanken.se/författare/WittO
elektrisk,AdlersparreCA,1840,3,https://litteraturbanken.se/författare/AdlersparreCA
elektrisk,AfzeliusAA,1840,1,https://litteraturbanken.se/författare/AfzeliusAA
elektrisk,AfzeliusAJ,1850,1,https://litteraturbanken.se/författare/AfzeliusAJ
elektrisk,AgrellA,1880,1,https://litteraturbanken.se/författare/AgrellA
elektrisk,AgrellA,1890,4,https://litteraturbanken.se/författare/AgrellA
elektrisk,AhlbomM,1860,8,https://litteraturbanken.se/författare/AhlbomM
elektrisk,AhrenbergJ,1870,3,https://litteraturbanken.se/författare/AhrenbergJ
elektrisk,AhrenbergJ,1880,2,https://litteraturbanken.se/författare/AhrenbergJ
elektrisk,AhrenbergJ,1890,5,https://litteraturbanken.se/författare/AhrenbergJ
elektrisk,AlfredsonC,2010,3,https://litteraturbanken.se/författare/AlfredsonC
elektrisk,AlfthanGE,1880,3,https://litteraturbanken.se/författare/AlfthanGE
elektrisk,AlmquistV,1880,1,https://litteraturbanken.se/författare/AlmquistV
elektrisk,AlmqvistCJL,1830,2,https://litteraturbanken.se/författare/AlmqvistCJL
elektrisk,AlmqvistCJL,1840,1,https://litteraturbanken.se/författare/AlmqvistCJL
elektrisk,AlmqvistG,1890,3,https://litteraturbanken.se/författare/AlmqvistG
elektrisk,AlthénG,1870,1,https://litteraturbanken.se/författare/Alth%C3%A9nG
elektrisk,AlténVA,1830,1,https://litteraturbanken.se/författare/Alt%C3%A9nVA
elektrisk,AndersonH,1900,1,https://litteraturbanken.se/författare/AndersonH
elektrisk,AnderssonD,1910,1,https://litteraturbanken.se/författare/AnderssonD
elektrisk,AnderssonD,1920,5,https://litteraturbanken.se/författare/AnderssonD
elektrisk,AnderssonHilma,1900,3,https://litteraturbanken.se/författare/AnderssonHilma
elektrisk,AndrénO,1890,5,https://litteraturbanken.se/författare/Andr%C3%A9nO
elektrisk,AngeredStrandbergH,1890,13,https://litteraturbanken.se/författare/AngeredStrandbergH
elektrisk,AngeredStrandbergH,1900,4,https://litteraturbanken.se/författare/AngeredStrandbergH
elektrisk,AngeredStrandbergH,1910,13,https://litteraturbanken.se/författare/AngeredStrandbergH
elektrisk,AnholmM,1890,1,https://litteraturbanken.se/författare/AnholmM
elektrisk,Anonym,1840,2,https://litteraturbanken.se/författare/Anonym
elektrisk,Anonym,1850,10,https://litteraturbanken.se/författare/Anonym
elektrisk,Anonym,1860,91,https://litteraturbanken.se/författare/Anonym
elektrisk,Anonym,1870,17,https://litteraturbanken.se/författare/Anonym
elektrisk,Anonym,1880,8,https://litteraturbanken.se/författare/Anonym
elektrisk,Anonym,1890,41,https://litteraturbanken.se/författare/Anonym
elektrisk,ArfwedsonCD,1840,4,https://litteraturbanken.se/författare/ArfwedsonCD
elektrisk,ArfwedsonCD,1870,1,https://litteraturbanken.se/författare/ArfwedsonCD
elektrisk,ArfwidssonA,1880,1,https://litteraturbanken.se/författare/ArfwidssonA
elektrisk,AroseniusFR,1860,2,https://litteraturbanken.se/författare/AroseniusFR
elektrisk,AtterbomPDA,1830,1,https://litteraturbanken.se/författare/AtterbomPDA
elektrisk,AtterbomPDA,1910,1,https://litteraturbanken.se/författare/AtterbomPDA
elektrisk,AurellW,1860,1,https://litteraturbanken.se/författare/AurellW
elektrisk,AurellW,1890,1,https://litteraturbanken.se/författare/AurellW
elektrisk,AxelsonM,1880,1,https://litteraturbanken.se/författare/AxelsonM
elektrisk,AxelssonA,1880,3,https://litteraturbanken.se/författare/AxelssonA
elektrisk,BackmanA,1900,1,https://litteraturbanken.se/författare/BackmanA
elektrisk,BarthelsonF,1870,1,https://litteraturbanken.se/författare/BarthelsonF
elektrisk,BechmanH,1880,2,https://litteraturbanken.se/författare/BechmanH
elektrisk,BenedictssonV,1880,5,https://litteraturbanken.se/författare/BenedictssonV
elektrisk,BenedictssonV,1890,1,https://litteraturbanken.se/författare/BenedictssonV
elektrisk,BenzonK,1900,3,https://litteraturbanken.se/författare/BenzonK
elektrisk,BergCO,1880,2,https://litteraturbanken.se/författare/BergCO
elektrisk,BergCO,1890,4,https://litteraturbanken.se/författare/BergCO
elektrisk,BergD,1910,2,https://litteraturbanken.se/författare/BergD
elektrisk,BergD,1930,1,https://litteraturbanken.se/författare/BergD
elektrisk,BergJA,1860,1,https://litteraturbanken.se/författare/BergJA
elektrisk,BergPG,1860,1,https://litteraturbanken.se/författare/BergPG
elektrisk,BergerH,1900,36,https://litteraturbanken.se/författare/BergerH
elektrisk,BergerH,1910,58,https://litteraturbanken.se/författare/BergerH
elektrisk,BergmanCJ,1880,5,https://litteraturbanken.se/författare/BergmanCJ
elektrisk,BergmanD,1890,3,https://litteraturbanken.se/författare/BergmanD
elektrisk,BergmanHj,1910,4,https://litteraturbanken.se/författare/BergmanHj
elektrisk,BergmanHj,1920,5,https://litteraturbanken.se/författare/BergmanHj
elektrisk,BergmanHj,1930,2,https://litteraturbanken.se/författare/BergmanHj
elektrisk,BergmanJM,1870,3,https://litteraturbanken.se/författare/BergmanJM
elektrisk,BergströmR,1880,1,https://litteraturbanken.se/författare/Bergstr%C3%B6mR
elektrisk,BergströmR,1890,1,https://litteraturbanken.se/författare/Bergstr%C3%B6mR
elektrisk,BergsøeV,1870,1,https://litteraturbanken.se/författare/Bergs%C3%B8eV
elektrisk,BerlinAC,1840,1,https://litteraturbanken.se/författare/BerlinAC
elektrisk,BerndtsonF,1850,2,https://litteraturbanken.se/författare/BerndtsonF
elektrisk,BeskowElisabeth,1890,4,https://litteraturbanken.se/författare/BeskowElisabeth
elektrisk,BjarkeFC,1890,1,https://litteraturbanken.se/författare/BjarkeFC
elektrisk,BjurstenH,1840,3,https://litteraturbanken.se/författare/BjurstenH
elektrisk,BjurstenH,1850,4,https://litteraturbanken.se/författare/BjurstenH
elektrisk,BjurstenH,1860,1,https://litteraturbanken.se/författare/BjurstenH
elektrisk,BjurströmG,1870,3,https://litteraturbanken.se/författare/Bjurstr%C3%B6mG
elektrisk,BjurströmPG,1890,1,https://litteraturbanken.se/författare/Bjurstr%C3%B6mPG
elektrisk,BjörckED,1860,1,https://litteraturbanken.se/författare/Bj%C3%B6rckED
elektrisk,BjörkC,1890,1,https://litteraturbanken.se/författare/Bj%C3%B6rkC
elektrisk,BjörksténE,1860,1,https://litteraturbanken.se/författare/Bj%C3%B6rkst%C3%A9nE
elektrisk,BjörlinG,1890,5,https://litteraturbanken.se/författare/Bj%C3%B6rlinG
elektrisk,BjörlinG,1910,2,https://litteraturbanken.se/författare/Bj%C3%B6rlinG
elektrisk,BjörlingF,1860,1,https://litteraturbanken.se/författare/Bj%C3%B6rlingF
elektrisk,BjörlingF,1870,4,https://litteraturbanken.se/författare/Bj%C3%B6rlingF
elektrisk,BjörlingF,1880,1,https://litteraturbanken.se/författare/Bj%C3%B6rlingF
elektrisk,BlancheA,1840,2,https://litteraturbanken.se/författare/BlancheA
elektrisk,BlancheA,1850,5,https://litteraturbanken.se/författare/BlancheA
elektrisk,BlomL,1890,1,https://litteraturbanken.se/författare/BlomL
elektrisk,BlombergH,1920,9,https://litteraturbanken.se/författare/BlombergH
elektrisk,BohmanJG,1880,4,https://litteraturbanken.se/författare/BohmanJG
elektrisk,BolanderS,1840,2,https://litteraturbanken.se/författare/BolanderS
elektrisk,BolanderS,1850,2,https://litteraturbanken.se/författare/BolanderS
elektrisk,BolanderS,1860,4,https://litteraturbanken.se/författare/BolanderS
elektrisk,BondesonA,1880,1,https://litteraturbanken.se/författare/BondesonA
elektrisk,BoyeK,1930,4,https://litteraturbanken.se/författare/BoyeK
elektrisk,BoyeK,1940,7,https://litteraturbanken.se/författare/BoyeK
elektrisk,BrantingA,1890,1,https://litteraturbanken.se/författare/BrantingA
elektrisk,BrantingA,1900,5,https://litteraturbanken.se/författare/BrantingA
elektrisk,BrantingA,1910,3,https://litteraturbanken.se/författare/BrantingA
elektrisk,BraunWvon,1830,2,https://litteraturbanken.se/författare/BraunWvon
elektrisk,BraunWvon,1850,2,https://litteraturbanken.se/författare/BraunWvon
elektrisk,BraunWvon,1880,1,https://litteraturbanken.se/författare/BraunWvon
elektrisk,BredbergHW,1870,2,https://litteraturbanken.se/författare/BredbergHW
elektrisk,BremerF,1820,1,https://litteraturbanken.se/författare/BremerF
elektrisk,BronteC,1850,4,https://litteraturbanken.se/författare/BronteC
elektrisk,BruhnJN,1850,1,https://litteraturbanken.se/författare/BruhnJN
elektrisk,BruzeliusJ,1870,7,https://litteraturbanken.se/författare/BruzeliusJ
elektrisk,BurghausenCF,1850,1,https://litteraturbanken.se/författare/BurghausenCF
elektrisk,BuschO,1910,2,https://litteraturbanken.se/författare/BuschO
elektrisk,ButenschönA,1890,1,https://litteraturbanken.se/författare/Butensch%C3%B6nA
elektrisk,BäckmannI,1900,8,https://litteraturbanken.se/författare/B%C3%A4ckmannI
elektrisk,BäckmannI,1910,1,https://litteraturbanken.se/författare/B%C3%A4ckmannI
elektrisk,BäckmannI,1920,1,https://litteraturbanken.se/författare/B%C3%A4ckmannI
elektrisk,BäckmannI,1940,3,https://litteraturbanken.se/författare/B%C3%A4ckmannI
elektrisk,Bååth-HolmbergC,1880,1,https://litteraturbanken.se/författare/B%C3%A5%C3%A5th-HolmbergC
elektrisk,Bååth-HolmbergC,1890,2,https://litteraturbanken.se/författare/B%C3%A5%C3%A5th-HolmbergC
elektrisk,BååthAU,1900,1,https://litteraturbanken.se/författare/B%C3%A5%C3%A5thAU
elektrisk,BörjessonJ,1840,2,https://litteraturbanken.se/författare/B%C3%B6rjessonJ
elektrisk,BöttigerCW,1830,2,https://litteraturbanken.se/författare/B%C3%B6ttigerCW
elektrisk,BöttigerCW,1870,1,https://litteraturbanken.se/författare/B%C3%B6ttigerCW
elektrisk,BöttigerCW,1880,2,https://litteraturbanken.se/författare/B%C3%B6ttigerCW
elektrisk,BöttigerCW,1890,2,https://litteraturbanken.se/författare/B%C3%B6ttigerCW
elektrisk,CarlbergF,1910,3,https://litteraturbanken.se/författare/CarlbergF
elektrisk,CarlénJG,1830,1,https://litteraturbanken.se/författare/Carl%C3%A9nJG
elektrisk,CarlénO,1870,1,https://litteraturbanken.se/författare/Carl%C3%A9nO
elektrisk,CarlénR,1860,1,https://litteraturbanken.se/författare/Carl%C3%A9nR
elektrisk,CarlénR,1870,1,https://litteraturbanken.se/författare/Carl%C3%A9nR
elektrisk,CarstensFV,1840,1,https://litteraturbanken.se/författare/CarstensFV
elektrisk,CarterC,1900,4,https://litteraturbanken.se/författare/CarterC
elektrisk,CavallinC,1890,1,https://litteraturbanken.se/författare/CavallinC
elektrisk,CederbergB,1880,3,https://litteraturbanken.se/författare/CederbergB
elektrisk,CederbladA,1890,1,https://litteraturbanken.se/författare/CederbladA
elektrisk,CederborgCA,1890,1,https://litteraturbanken.se/författare/CederborgCA
elektrisk,CederborgCA,1910,6,https://litteraturbanken.se/författare/CederborgCA
elektrisk,CleveAlma,1890,1,https://litteraturbanken.se/författare/CleveAlma
elektrisk,CramærM,1840,1,https://litteraturbanken.se/författare/Cram%C3%A6rM
elektrisk,CramærM,1880,1,https://litteraturbanken.se/författare/Cram%C3%A6rM
elektrisk,CronhamnAF,1830,1,https://litteraturbanken.se/författare/CronhamnAF
elektrisk,CronholmB,1850,3,https://litteraturbanken.se/författare/CronholmB
elektrisk,CronstrandB,1870,3,https://litteraturbanken.se/författare/CronstrandB
elektrisk,CrusenstolpeMJ,1840,9,https://litteraturbanken.se/författare/CrusenstolpeMJ
elektrisk,DahlM,1890,8,https://litteraturbanken.se/författare/DahlM
elektrisk,DahlgrenCF,1830,2,https://litteraturbanken.se/författare/DahlgrenCF
elektrisk,DahlgrenCF,1900,2,https://litteraturbanken.se/författare/DahlgrenCF
elektrisk,DammCA,1850,1,https://litteraturbanken.se/författare/DammCA
elektrisk,DanielssonAx,1880,1,https://litteraturbanken.se/författare/DanielssonAx
elektrisk,DarwinC,1870,21,https://litteraturbanken.se/författare/DarwinC
elektrisk,DeGeerL,1840,3,https://litteraturbanken.se/författare/DeGeerL
elektrisk,DeGeerL,1890,2,https://litteraturbanken.se/författare/DeGeerL
elektrisk,DickensC,1840,1,https://litteraturbanken.se/författare/DickensC
elektrisk,DickensC,1910,1,https://litteraturbanken.se/författare/DickensC
elektrisk,DidringE,1890,1,https://litteraturbanken.se/författare/DidringE
elektrisk,DouglassF,1890,3,https://litteraturbanken.se/författare/DouglassF
elektrisk,DoyleAC,1890,3,https://litteraturbanken.se/författare/DoyleAC
elektrisk,DoyleAC,1910,1,https://litteraturbanken.se/författare/DoyleAC
elektrisk,DunckelD,1840,1,https://litteraturbanken.se/författare/DunckelD
elektrisk,DuseSA,1910,2,https://litteraturbanken.se/författare/DuseSA
elektrisk,EbersteinCC,1850,3,https://litteraturbanken.se/författare/EbersteinCC
elektrisk,EdelfeltJC,1830,1,https://litteraturbanken.se/författare/EdelfeltJC
elektrisk,EdgrenHj,1890,2,https://litteraturbanken.se/författare/EdgrenHj
elektrisk,EhrenborgAF,1840,1,https://litteraturbanken.se/författare/EhrenborgAF
elektrisk,EhrnroothA,1860,1,https://litteraturbanken.se/författare/EhrnroothA
elektrisk,EhrnroothA,1870,4,https://litteraturbanken.se/författare/EhrnroothA
elektrisk,EhrnroothA,1880,2,https://litteraturbanken.se/författare/EhrnroothA
elektrisk,EhrnroothA,1890,1,https://litteraturbanken.se/författare/EhrnroothA
elektrisk,EkK,1910,1,https://litteraturbanken.se/författare/EkK
elektrisk,EkbohrnCM,1850,2,https://litteraturbanken.se/författare/EkbohrnCM
elektrisk,EkbohrnCM,1860,4,https://litteraturbanken.se/författare/EkbohrnCM
elektrisk,EkebladKJ,1870,5,https://litteraturbanken.se/författare/EkebladKJ
elektrisk,EkelundV,1900,3,https://litteraturbanken.se/författare/EkelundV
elektrisk,EkelundV,1910,7,https://litteraturbanken.se/författare/EkelundV
elektrisk,EkelundV,1920,2,https://litteraturbanken.se/författare/EkelundV
elektrisk,EkelundV,1930,1,https://litteraturbanken.se/författare/EkelundV
elektrisk,EkermannA,1880,1,https://litteraturbanken.se/författare/EkermannA
elektrisk,EkerotHj,1890,1,https://litteraturbanken.se/författare/EkerotHj
elektrisk,EkevallAF,1890,1,https://litteraturbanken.se/författare/EkevallAF
elektrisk,EkmanE,1890,1,https://litteraturbanken.se/författare/EkmanE
elektrisk,EkmanL,1910,1,https://litteraturbanken.se/författare/EkmanL
elektrisk,EkmarckCE,1830,1,https://litteraturbanken.se/författare/EkmarckCE
elektrisk,EkströmHE,1840,1,https://litteraturbanken.se/författare/Ekstr%C3%B6mHE
elektrisk,ElgenstiernaG,1920,32,https://litteraturbanken.se/författare/ElgenstiernaG
elektrisk,ElgenstiernaG,1930,40,https://litteraturbanken.se/författare/ElgenstiernaG
elektrisk,ElgströmO,1910,2,https://litteraturbanken.se/författare/Elgstr%C3%B6mO
elektrisk,ElgströmO,1920,11,https://litteraturbanken.se/författare/Elgstr%C3%B6mO
elektrisk,ElkanS,1890,5,https://litteraturbanken.se/författare/ElkanS
elektrisk,ElmbladS,1890,4,https://litteraturbanken.se/författare/ElmbladS
elektrisk,EnerothC,1880,4,https://litteraturbanken.se/författare/EnerothC
elektrisk,EnerothC,1890,13,https://litteraturbanken.se/författare/EnerothC
elektrisk,EngdahlA,1910,1,https://litteraturbanken.se/författare/EngdahlA
elektrisk,EngelbertR,1880,1,https://litteraturbanken.se/författare/EngelbertR
elektrisk,EngströmA,1900,2,https://litteraturbanken.se/författare/Engstr%C3%B6mA
elektrisk,EngströmA,1910,4,https://litteraturbanken.se/författare/Engstr%C3%B6mA
elektrisk,EngströmA,1920,1,https://litteraturbanken.se/författare/Engstr%C3%B6mA
elektrisk,EngströmJ,1830,1,https://litteraturbanken.se/författare/Engstr%C3%B6mJ
elektrisk,FahlstedtA,1880,2,https://litteraturbanken.se/författare/FahlstedtA
elektrisk,FallströmD,1880,3,https://litteraturbanken.se/författare/Fallstr%C3%B6mD
elektrisk,FeilitzenU,1870,2,https://litteraturbanken.se/författare/FeilitzenU
elektrisk,FeukCGT,1890,3,https://litteraturbanken.se/författare/FeukCGT
elektrisk,FitinghoffL,1910,1,https://litteraturbanken.se/författare/FitinghoffL
elektrisk,FitzgeraldFS,1940,3,https://litteraturbanken.se/författare/FitzgeraldFS
elektrisk,FlodmanA,1860,3,https://litteraturbanken.se/författare/FlodmanA
elektrisk,FlodmanA,1870,5,https://litteraturbanken.se/författare/FlodmanA
elektrisk,FlygareCarlénE,1830,1,https://litteraturbanken.se/författare/FlygareCarl%C3%A9nE
elektrisk,FlygareCarlénE,1840,12,https://litteraturbanken.se/författare/FlygareCarl%C3%A9nE
elektrisk,FlygareCarlénE,1850,7,https://litteraturbanken.se/författare/FlygareCarl%C3%A9nE
elektrisk,FlygareCarlénE,1860,2,https://litteraturbanken.se/författare/FlygareCarl%C3%A9nE
elektrisk,FlygareCarlénE,1870,3,https://litteraturbanken.se/författare/FlygareCarl%C3%A9nE
elektrisk,FlygareCarlénE,1880,2,https://litteraturbanken.se/författare/FlygareCarl%C3%A9nE
elektrisk,FlygareE,1860,1,https://litteraturbanken.se/författare/FlygareE
elektrisk,FogelholmA,1890,3,https://litteraturbanken.se/författare/FogelholmA
elektrisk,FornellBE,1840,3,https://litteraturbanken.se/författare/FornellBE
elektrisk,FornellBE,1850,2,https://litteraturbanken.se/författare/FornellBE
elektrisk,ForsslundKE,1900,3,https://litteraturbanken.se/författare/ForsslundKE
elektrisk,ForssmanE,1890,1,https://litteraturbanken.se/författare/ForssmanE
elektrisk,ForssmanE,1900,2,https://litteraturbanken.se/författare/ForssmanE
elektrisk,FranzénFM,1830,2,https://litteraturbanken.se/författare/Franz%C3%A9nFM
elektrisk,FranzénFM,1840,1,https://litteraturbanken.se/författare/Franz%C3%A9nFM
elektrisk,FredbergCRA,1910,1,https://litteraturbanken.se/författare/FredbergCRA
elektrisk,FrickMeijerAL,1880,1,https://litteraturbanken.se/författare/FrickMeijerAL
elektrisk,FrykholmS,1890,1,https://litteraturbanken.se/författare/FrykholmS
elektrisk,FrödingG,1890,7,https://litteraturbanken.se/författare/Fr%C3%B6dingG
elektrisk,FuruhjelmM,1890,1,https://litteraturbanken.se/författare/FuruhjelmM
elektrisk,GadeliusB,1900,1,https://litteraturbanken.se/författare/GadeliusB
elektrisk,GeijerEG,1840,1,https://litteraturbanken.se/författare/GeijerEG
elektrisk,GeijerEG,1850,1,https://litteraturbanken.se/författare/GeijerEG
elektrisk,GeijerstamG,1880,3,https://litteraturbanken.se/författare/GeijerstamG
elektrisk,GeijerstamG,1890,10,https://litteraturbanken.se/författare/GeijerstamG
elektrisk,GernandtClaineJ,1890,2,https://litteraturbanken.se/författare/GernandtClaineJ
elektrisk,GernandtClaineJ,1900,1,https://litteraturbanken.se/författare/GernandtClaineJ
elektrisk,GiertzT,1890,1,https://litteraturbanken.se/författare/GiertzT
elektrisk,GilleE,1910,2,https://litteraturbanken.se/författare/GilleE
elektrisk,GoveniusLJ,1850,1,https://litteraturbanken.se/författare/GoveniusLJ
elektrisk,GoveniusLJ,1860,1,https://litteraturbanken.se/författare/GoveniusLJ
elektrisk,GoveniusLJ,1870,4,https://litteraturbanken.se/författare/GoveniusLJ
elektrisk,GoveniusLJ,1880,5,https://litteraturbanken.se/författare/GoveniusLJ
elektrisk,GranathW,1890,17,https://litteraturbanken.se/författare/GranathW
elektrisk,GravalliusW,1870,1,https://litteraturbanken.se/författare/GravalliusW
elektrisk,GravalliusW,1880,2,https://litteraturbanken.se/författare/GravalliusW
elektrisk,GravalliusW,1890,2,https://litteraturbanken.se/författare/GravalliusW
elektrisk,GrebstWA,1910,3,https://litteraturbanken.se/författare/GrebstWA
elektrisk,GrimmJ,1890,11,https://litteraturbanken.se/författare/GrimmJ
elektrisk,GripenbergA,1880,2,https://litteraturbanken.se/författare/GripenbergA
elektrisk,GrönstedtJ,1880,1,https://litteraturbanken.se/författare/Gr%C3%B6nstedtJ
elektrisk,GullbergG,1880,1,https://litteraturbanken.se/författare/GullbergG
elektrisk,GumæliusGW,1870,1,https://litteraturbanken.se/författare/Gum%C3%A6liusGW
elektrisk,GustafssonR,1870,1,https://litteraturbanken.se/författare/GustafssonR
elektrisk,GylanderEK,1840,1,https://litteraturbanken.se/författare/GylanderEK
elektrisk,GyllenhaalA,1880,2,https://litteraturbanken.se/författare/GyllenhaalA
elektrisk,GérardJII,1870,1,https://litteraturbanken.se/författare/G%C3%A9rardJII
elektrisk,GödeckePA,1860,1,https://litteraturbanken.se/författare/G%C3%B6deckePA
elektrisk,GötbergR,1860,1,https://litteraturbanken.se/författare/G%C3%B6tbergR
elektrisk,HackzellE,1860,3,https://litteraturbanken.se/författare/HackzellE
elektrisk,HackzellE,1890,1,https://litteraturbanken.se/författare/HackzellE
elektrisk,HallenborgC,1890,1,https://litteraturbanken.se/författare/HallenborgC
elektrisk,HallmanA,1860,2,https://litteraturbanken.se/författare/HallmanA
elektrisk,HallénB,1890,1,https://litteraturbanken.se/författare/Hall%C3%A9nB
elektrisk,HanssonO,1890,5,https://litteraturbanken.se/författare/HanssonO
elektrisk,HanssonO,1900,2,https://litteraturbanken.se/författare/HanssonO
elektrisk,HanssonO,1910,2,https://litteraturbanken.se/författare/HanssonO
elektrisk,HarrisonMSLK,1900,5,https://litteraturbanken.se/författare/HarrisonMSLK
elektrisk,HasselgrenA,1880,2,https://litteraturbanken.se/författare/HasselgrenA
elektrisk,HasselskogN,1930,1,https://litteraturbanken.se/författare/HasselskogN
elektrisk,HebbeW,1840,1,https://litteraturbanken.se/författare/HebbeW
elektrisk,HebbeW,1850,1,https://litteraturbanken.se/författare/HebbeW
elektrisk,HebbeW,1870,1,https://litteraturbanken.se/författare/HebbeW
elektrisk,HedbergF,1850,2,https://litteraturbanken.se/författare/HedbergF
elektrisk,HedbergF,1880,3,https://litteraturbanken.se/författare/HedbergF
elektrisk,HedbergF,1890,10,https://litteraturbanken.se/författare/HedbergF
elektrisk,HedbergF,1910,1,https://litteraturbanken.se/författare/HedbergF
elektrisk,HedbergT,1890,1,https://litteraturbanken.se/författare/HedbergT
elektrisk,HedenstiernaA,1880,7,https://litteraturbanken.se/författare/HedenstiernaA
elektrisk,HedenstiernaA,1890,14,https://litteraturbanken.se/författare/HedenstiernaA
elektrisk,HedinS,1900,6,https://litteraturbanken.se/författare/HedinS
elektrisk,HedinS,1910,31,https://litteraturbanken.se/författare/HedinS
elektrisk,HedlundSA,1850,1,https://litteraturbanken.se/författare/HedlundSA
elektrisk,HedvallY,1910,1,https://litteraturbanken.se/författare/HedvallY
elektrisk,HedvallY,1920,1,https://litteraturbanken.se/författare/HedvallY
elektrisk,HedvallY,1930,4,https://litteraturbanken.se/författare/HedvallY
elektrisk,HedvallY,1940,1,https://litteraturbanken.se/författare/HedvallY
elektrisk,HeidenstamV,1880,1,https://litteraturbanken.se/författare/HeidenstamV
elektrisk,HeidenstamV,1900,1,https://litteraturbanken.se/författare/HeidenstamV
elektrisk,HeidenstamV,1910,1,https://litteraturbanken.se/författare/HeidenstamV
elektrisk,HemmerJ,1920,1,https://litteraturbanken.se/författare/HemmerJ
elektrisk,HertzbergR,1870,1,https://litteraturbanken.se/författare/HertzbergR
elektrisk,HjelmR,1890,3,https://litteraturbanken.se/författare/HjelmR
elektrisk,HjärneR,1880,1,https://litteraturbanken.se/författare/Hj%C3%A4rneR
elektrisk,HodellF,1870,1,https://litteraturbanken.se/författare/HodellF
elektrisk,HofstenJC,1860,1,https://litteraturbanken.se/författare/HofstenJC
elektrisk,HofstenJC,1870,1,https://litteraturbanken.se/författare/HofstenJC
elektrisk,HofstenJC,1880,5,https://litteraturbanken.se/författare/HofstenJC
elektrisk,HollertzJP,1850,1,https://litteraturbanken.se/författare/HollertzJP
elektrisk,HolmgrenAM,1890,2,https://litteraturbanken.se/författare/HolmgrenAM
elektrisk,HolmgrenF,1890,1,https://litteraturbanken.se/författare/HolmgrenF
elektrisk,HultOW,1880,1,https://litteraturbanken.se/författare/HultOW
elektrisk,HultinC,1840,2,https://litteraturbanken.se/författare/HultinC
elektrisk,HvalgrenE,1880,2,https://litteraturbanken.se/författare/HvalgrenE
elektrisk,HäthénJA,1890,2,https://litteraturbanken.se/författare/H%C3%A4th%C3%A9nJA
elektrisk,HöggrenF,1840,1,https://litteraturbanken.se/författare/H%C3%B6ggrenF
elektrisk,HöglundHj,1900,1,https://litteraturbanken.se/författare/H%C3%B6glundHj
elektrisk,HögmanA,1890,3,https://litteraturbanken.se/författare/H%C3%B6gmanA
elektrisk,HöijerJL,1840,1,https://litteraturbanken.se/författare/H%C3%B6ijerJL
elektrisk,IdstromE,1890,1,https://litteraturbanken.se/författare/IdstromE
elektrisk,IngeliusAG,1850,4,https://litteraturbanken.se/författare/IngeliusAG
elektrisk,IngelmanGG,1830,2,https://litteraturbanken.se/författare/IngelmanGG
elektrisk,IngelmanGG,1840,1,https://litteraturbanken.se/författare/IngelmanGG
elektrisk,IvendorffCJ,1840,1,https://litteraturbanken.se/författare/IvendorffCJ
elektrisk,JacobsonHarald,1890,2,https://litteraturbanken.se/författare/JacobsonHarald
elektrisk,JacobssonCF,1830,1,https://litteraturbanken.se/författare/JacobssonCF
elektrisk,JamesD,1880,5,https://litteraturbanken.se/författare/JamesD
elektrisk,JansonB,1880,1,https://litteraturbanken.se/författare/JansonB
elektrisk,JansonB,1890,8,https://litteraturbanken.se/författare/JansonB
elektrisk,JansonG,1890,3,https://litteraturbanken.se/författare/JansonG
elektrisk,JensenA,1890,4,https://litteraturbanken.se/författare/JensenA
elektrisk,JohansonK,1900,3,https://litteraturbanken.se/författare/JohansonK
elektrisk,JohansonK,1940,1,https://litteraturbanken.se/författare/JohansonK
elektrisk,JohanssonDickensSJJ,1870,2,https://litteraturbanken.se/författare/JohanssonDickensSJJ
elektrisk,JohnsonJ,1880,4,https://litteraturbanken.se/författare/JohnsonJ
elektrisk,JohnsonJ,1890,19,https://litteraturbanken.se/författare/JohnsonJ
elektrisk,JohnsonJ,1900,7,https://litteraturbanken.se/författare/JohnsonJ
elektrisk,JohnssonH,1910,5,https://litteraturbanken.se/författare/JohnssonH
elektrisk,JolinJ,1860,9,https://litteraturbanken.se/författare/JolinJ
elektrisk,JolinJ,1870,13,https://litteraturbanken.se/författare/JolinJ
elektrisk,JolinJ,1880,8,https://litteraturbanken.se/författare/JolinJ
elektrisk,JolinJ,1890,4,https://litteraturbanken.se/författare/JolinJ
elektrisk,JolinJ,1920,1,https://litteraturbanken.se/författare/JolinJ
elektrisk,JonssonT,1940,1,https://litteraturbanken.se/författare/JonssonT
elektrisk,JosephsonL,1890,7,https://litteraturbanken.se/författare/JosephsonL
elektrisk,JouvinM,1890,7,https://litteraturbanken.se/författare/JouvinM
elektrisk,JäderinA,1890,1,https://litteraturbanken.se/författare/J%C3%A4derinA
elektrisk,JænischA,1890,1,https://litteraturbanken.se/författare/J%C3%A6nischA
elektrisk,KamkeH,1890,1,https://litteraturbanken.se/författare/KamkeH
elektrisk,KantzowEBSG,1890,1,https://litteraturbanken.se/författare/KantzowEBSG
elektrisk,KaradjaM,1890,2,https://litteraturbanken.se/författare/KaradjaM
elektrisk,KarlfeldtEA,1920,1,https://litteraturbanken.se/författare/KarlfeldtEA
elektrisk,KellmodinF,1870,1,https://litteraturbanken.se/författare/KellmodinF
elektrisk,KerfstedtA,1890,2,https://litteraturbanken.se/författare/KerfstedtA
elektrisk,KerfveA,1890,14,https://litteraturbanken.se/författare/KerfveA
elektrisk,KerfveA,1900,8,https://litteraturbanken.se/författare/KerfveA
elektrisk,KeyE,1890,8,https://litteraturbanken.se/författare/KeyE
elektrisk,KeyE,1900,1,https://litteraturbanken.se/författare/KeyE
elektrisk,KeyserHF,1850,2,https://litteraturbanken.se/författare/KeyserHF
elektrisk,Kiellman-GöransonJA,1850,9,https://litteraturbanken.se/författare/Kiellman-G%C3%B6ransonJA
elektrisk,Kiellman-GöransonJA,1860,4,https://litteraturbanken.se/författare/Kiellman-G%C3%B6ransonJA
elektrisk,KiplingR,1900,1,https://litteraturbanken.se/författare/KiplingR
elektrisk,KjellgrenJ,1930,18,https://litteraturbanken.se/författare/KjellgrenJ
elektrisk,KleenT,1900,1,https://litteraturbanken.se/författare/KleenT
elektrisk,KnorringS,1830,4,https://litteraturbanken.se/författare/KnorringS
elektrisk,KnorringS,1840,3,https://litteraturbanken.se/författare/KnorringS
elektrisk,KnösT,1860,1,https://litteraturbanken.se/författare/Kn%C3%B6sT
elektrisk,KochE,1890,1,https://litteraturbanken.se/författare/KochE
elektrisk,KochM,1910,3,https://litteraturbanken.se/författare/KochM
elektrisk,KochR,1890,9,https://litteraturbanken.se/författare/KochR
elektrisk,KrokJP,1830,3,https://litteraturbanken.se/författare/KrokJP
elektrisk,KrusenstjernaA,1910,1,https://litteraturbanken.se/författare/KrusenstjernaA
elektrisk,KrusenstjernaA,1920,32,https://litteraturbanken.se/författare/KrusenstjernaA
elektrisk,KrusenstjernaA,1930,42,https://litteraturbanken.se/författare/KrusenstjernaA
elektrisk,KræmerARvon,1850,6,https://litteraturbanken.se/författare/Kr%C3%A6merARvon
elektrisk,KræmerARvon,1860,3,https://litteraturbanken.se/författare/Kr%C3%A6merARvon
elektrisk,KræmerL,1880,5,https://litteraturbanken.se/författare/Kr%C3%A6merL
elektrisk,KræmerL,1890,1,https://litteraturbanken.se/författare/Kr%C3%A6merL
elektrisk,KræmerV,1930,5,https://litteraturbanken.se/författare/Kr%C3%A6merV
elektrisk,KullbergKA,1830,1,https://litteraturbanken.se/författare/KullbergKA
elektrisk,KullbergKA,1840,2,https://litteraturbanken.se/författare/KullbergKA
elektrisk,KullbergKA,1870,1,https://litteraturbanken.se/författare/KullbergKA
elektrisk,KämpeA,1900,3,https://litteraturbanken.se/författare/K%C3%A4mpeA
elektrisk,KämpeA,1910,3,https://litteraturbanken.se/författare/K%C3%A4mpeA
elektrisk,KöhlerE,1890,1,https://litteraturbanken.se/författare/K%C3%B6hlerE
elektrisk,LagerbringG,1880,4,https://litteraturbanken.se/författare/LagerbringG
elektrisk,LagergrenC,1890,1,https://litteraturbanken.se/författare/LagergrenC
elektrisk,LagerhjelmA,1870,1,https://litteraturbanken.se/författare/LagerhjelmA
elektrisk,LagerlöfS,1900,2,https://litteraturbanken.se/författare/Lagerl%C3%B6fS
elektrisk,LagerlöfS,1910,2,https://litteraturbanken.se/författare/Lagerl%C3%B6fS
elektrisk,LagerlöfS,1940,5,https://litteraturbanken.se/författare/Lagerl%C3%B6fS
elektrisk,LandahlM,1900,3,https://litteraturbanken.se/författare/LandahlM
elektrisk,LandquistE,1910,3,https://litteraturbanken.se/författare/LandquistE
elektrisk,LandqvistR,1890,1,https://litteraturbanken.se/författare/LandqvistR
elektrisk,LangeI,1880,1,https://litteraturbanken.se/författare/LangeI
elektrisk,LangletM,1890,4,https://litteraturbanken.se/författare/LangletM
elektrisk,LarssonC,1910,1,https://litteraturbanken.se/författare/LarssonC
elektrisk,LevartJ,1890,1,https://litteraturbanken.se/författare/LevartJ
elektrisk,LevertinO,1880,4,https://litteraturbanken.se/författare/LevertinO
elektrisk,LevertinO,1890,3,https://litteraturbanken.se/författare/LevertinO
elektrisk,LevertinO,1900,2,https://litteraturbanken.se/författare/LevertinO
elektrisk,LewaldA,1880,1,https://litteraturbanken.se/författare/LewaldA
elektrisk,LiljaN,1830,4,https://litteraturbanken.se/författare/LiljaN
elektrisk,LimborgO,1880,3,https://litteraturbanken.se/författare/LimborgO
elektrisk,LindbergP,1920,1,https://litteraturbanken.se/författare/LindbergP
elektrisk,LindbergP,1940,1,https://litteraturbanken.se/författare/LindbergP
elektrisk,LindbladA,1890,1,https://litteraturbanken.se/författare/LindbladA
elektrisk,LindbladEW,1860,1,https://litteraturbanken.se/författare/LindbladEW
elektrisk,LindebladA,1840,1,https://litteraturbanken.se/författare/LindebladA
elektrisk,LindgrenI,1910,1,https://litteraturbanken.se/författare/LindgrenI
elektrisk,LindgrenM,1870,1,https://litteraturbanken.se/författare/LindgrenM
elektrisk,LindholmV,1920,1,https://litteraturbanken.se/författare/LindholmV
elektrisk,LindhéW,1890,5,https://litteraturbanken.se/författare/Lindh%C3%A9W
elektrisk,LindhéW,1900,10,https://litteraturbanken.se/författare/Lindh%C3%A9W
elektrisk,LindkvistA,1880,1,https://litteraturbanken.se/författare/LindkvistA
elektrisk,LindormE,1940,1,https://litteraturbanken.se/författare/LindormE
elektrisk,LindqvistG,1890,1,https://litteraturbanken.se/författare/LindqvistG
elektrisk,LindqvistG,1900,2,https://litteraturbanken.se/författare/LindqvistG
elektrisk,LindqvistJ,1870,1,https://litteraturbanken.se/författare/LindqvistJ
elektrisk,LindqvistUL,1840,2,https://litteraturbanken.se/författare/LindqvistUL
elektrisk,LindströmSigfrid,1930,2,https://litteraturbanken.se/författare/Lindstr%C3%B6mSigfrid
elektrisk,LingPH,1860,3,https://litteraturbanken.se/författare/LingPH
elektrisk,LinnarssonL,1950,1,https://litteraturbanken.se/författare/LinnarssonL
elektrisk,LjungbergE,1880,1,https://litteraturbanken.se/författare/LjungbergE
elektrisk,LjunggrenAG,1890,1,https://litteraturbanken.se/författare/LjunggrenAG
elektrisk,LjunggrenG,1870,1,https://litteraturbanken.se/författare/LjunggrenG
elektrisk,LjunggrenG,1880,2,https://litteraturbanken.se/författare/LjunggrenG
elektrisk,LjunggrenG,1890,3,https://litteraturbanken.se/författare/LjunggrenG
elektrisk,LjunglöfE,1890,3,https://litteraturbanken.se/författare/Ljungl%C3%B6fE
elektrisk,LjungstedtA,1850,1,https://litteraturbanken.se/författare/LjungstedtA
elektrisk,LjungstedtA,1860,1,https://litteraturbanken.se/författare/LjungstedtA
elektrisk,LjungstedtA,1870,6,https://litteraturbanken.se/författare/LjungstedtA
elektrisk,LundS,1880,1,https://litteraturbanken.se/författare/LundS
elektrisk,LundegårdA,1880,1,https://litteraturbanken.se/författare/Lundeg%C3%A5rdA
elektrisk,LundegårdA,1890,13,https://litteraturbanken.se/författare/Lundeg%C3%A5rdA
elektrisk,LundegårdA,1900,4,https://litteraturbanken.se/författare/Lundeg%C3%A5rdA
elektrisk,LundegårdA,1910,5,https://litteraturbanken.se/författare/Lundeg%C3%A5rdA
elektrisk,LundinC,1870,5,https://litteraturbanken.se/författare/LundinC
elektrisk,LundinC,1880,4,https://litteraturbanken.se/författare/LundinC
elektrisk,LundinC,1890,2,https://litteraturbanken.se/författare/LundinC
elektrisk,LundquistE,1880,8,https://litteraturbanken.se/författare/LundquistE
elektrisk,LundquistE,1890,5,https://litteraturbanken.se/författare/LundquistE
elektrisk,LundquistE,1900,2,https://litteraturbanken.se/författare/LundquistE
elektrisk,LundströmM,1860,2,https://litteraturbanken.se/författare/Lundstr%C3%B6mM
elektrisk,LundströmV,1900,1,https://litteraturbanken.se/författare/Lundstr%C3%B6mV
elektrisk,LybeckM,1910,5,https://litteraturbanken.se/författare/LybeckM
elektrisk,LybeckM,1920,1,https://litteraturbanken.se/författare/LybeckM
elektrisk,LyckowG,1890,1,https://litteraturbanken.se/författare/LyckowG
elektrisk,LénströmCJ,1840,2,https://litteraturbanken.se/författare/L%C3%A9nstr%C3%B6mCJ
elektrisk,LöhmanLV,1830,1,https://litteraturbanken.se/författare/L%C3%B6hmanLV
elektrisk,LönnbergM,1880,1,https://litteraturbanken.se/författare/L%C3%B6nnbergM
elektrisk,LönnegrenAV,1880,1,https://litteraturbanken.se/författare/L%C3%B6nnegrenAV
elektrisk,MagnellCJ,1890,19,https://litteraturbanken.se/författare/MagnellCJ
elektrisk,MallanderGR,1880,4,https://litteraturbanken.se/författare/MallanderGR
elektrisk,MallingM,1880,2,https://litteraturbanken.se/författare/MallingM
elektrisk,MallingM,1900,1,https://litteraturbanken.se/författare/MallingM
elektrisk,MallingM,1920,1,https://litteraturbanken.se/författare/MallingM
elektrisk,MarholmL,1890,1,https://litteraturbanken.se/författare/MarholmL
elektrisk,MarinOU,1840,2,https://litteraturbanken.se/författare/MarinOU
elektrisk,MarxK,1900,1,https://litteraturbanken.se/författare/MarxK
elektrisk,MattssonS,1900,1,https://litteraturbanken.se/författare/MattssonS
elektrisk,MelanderR,1880,3,https://litteraturbanken.se/författare/MelanderR
elektrisk,MelanderR,1890,6,https://litteraturbanken.se/författare/MelanderR
elektrisk,MellinGH,1830,3,https://litteraturbanken.se/författare/MellinGH
elektrisk,MellinGH,1840,6,https://litteraturbanken.se/författare/MellinGH
elektrisk,MellinGH,1850,2,https://litteraturbanken.se/författare/MellinGH
elektrisk,MellinGH,1870,4,https://litteraturbanken.se/författare/MellinGH
elektrisk,MeyerA,1880,4,https://litteraturbanken.se/författare/MeyerA
elektrisk,ModinJE,1860,3,https://litteraturbanken.se/författare/ModinJE
elektrisk,ModinJE,1880,1,https://litteraturbanken.se/författare/ModinJE
elektrisk,MolanderH,1890,1,https://litteraturbanken.se/författare/MolanderH
elektrisk,MolinP,1890,1,https://litteraturbanken.se/författare/MolinP
elektrisk,MontgomeryLM,1900,2,https://litteraturbanken.se/författare/MontgomeryLM
elektrisk,MontgomeryLM,1910,1,https://litteraturbanken.se/författare/MontgomeryLM
elektrisk,MortensenJ,1910,1,https://litteraturbanken.se/författare/MortensenJ
elektrisk,MyrbergA,1930,1,https://litteraturbanken.se/författare/MyrbergA
elektrisk,MöllerA,1910,3,https://litteraturbanken.se/författare/M%C3%B6llerA
elektrisk,MörnerJCA,1870,2,https://litteraturbanken.se/författare/M%C3%B6rnerJCA
elektrisk,NermanG,1890,1,https://litteraturbanken.se/författare/NermanG
elektrisk,NervanderJJ,1850,1,https://litteraturbanken.se/författare/NervanderJJ
elektrisk,NicanderKA,1830,3,https://litteraturbanken.se/författare/NicanderKA
elektrisk,NilssonA,1910,1,https://litteraturbanken.se/författare/NilssonA
elektrisk,NordenskiöldAE,1880,3,https://litteraturbanken.se/författare/Nordenski%C3%B6ldAE
elektrisk,NordenskiöldG,1890,1,https://litteraturbanken.se/författare/Nordenski%C3%B6ldG
elektrisk,NordensvanG,1880,5,https://litteraturbanken.se/författare/NordensvanG
elektrisk,NordensvanG,1890,5,https://litteraturbanken.se/författare/NordensvanG
elektrisk,NordinJ,2020,1,https://litteraturbanken.se/författare/NordinJ
elektrisk,NordströmEB,1930,1,https://litteraturbanken.se/författare/Nordstr%C3%B6mEB
elektrisk,NordströmL,1900,1,https://litteraturbanken.se/författare/Nordstr%C3%B6mL
elektrisk,NordströmL,1930,17,https://litteraturbanken.se/författare/Nordstr%C3%B6mL
elektrisk,NorströmV,1900,8,https://litteraturbanken.se/författare/Norstr%C3%B6mV
elektrisk,NorströmV,1910,4,https://litteraturbanken.se/författare/Norstr%C3%B6mV
elektrisk,NybergJC,1830,1,https://litteraturbanken.se/författare/NybergJC
elektrisk,NyblomCR,1860,1,https://litteraturbanken.se/författare/NyblomCR
elektrisk,NyblomH,1880,1,https://litteraturbanken.se/författare/NyblomH
elektrisk,NyblomH,1910,14,https://litteraturbanken.se/författare/NyblomH
elektrisk,NyblomL,1950,4,https://litteraturbanken.se/författare/NyblomL
elektrisk,NybomJ,1850,2,https://litteraturbanken.se/författare/NybomJ
elektrisk,NycanderF,1890,1,https://litteraturbanken.se/författare/NycanderF
elektrisk,NygrenAJ,1900,2,https://litteraturbanken.se/författare/NygrenAJ
elektrisk,NèlsonJF,1880,9,https://litteraturbanken.se/författare/N%C3%A8lsonJF
elektrisk,OlivecronaR,1880,1,https://litteraturbanken.se/författare/OlivecronaR
elektrisk,OxenstiernaMGL,1890,4,https://litteraturbanken.se/författare/OxenstiernaMGL
elektrisk,PabanAT,1850,1,https://litteraturbanken.se/författare/PabanAT
elektrisk,PalmA,1900,1,https://litteraturbanken.se/författare/PalmA
elektrisk,PalmAmy,1890,2,https://litteraturbanken.se/författare/PalmAmy
elektrisk,PalmbladVF,1840,9,https://litteraturbanken.se/författare/PalmbladVF
elektrisk,PalmeCA,1860,1,https://litteraturbanken.se/författare/PalmeCA
elektrisk,PalmstjernaCO,1830,1,https://litteraturbanken.se/författare/PalmstjernaCO
elektrisk,PaulA,1890,7,https://litteraturbanken.se/författare/PaulA
elektrisk,PereswetoffMorathF,1860,2,https://litteraturbanken.se/författare/PereswetoffMorathF
elektrisk,PerssonF,1900,9,https://litteraturbanken.se/författare/PerssonF
elektrisk,PerssonF,1910,3,https://litteraturbanken.se/författare/PerssonF
elektrisk,PetersonM,1860,2,https://litteraturbanken.se/författare/PetersonM
elektrisk,PeterssonT,1880,2,https://litteraturbanken.se/författare/PeterssonT
elektrisk,PetterssonC,1850,1,https://litteraturbanken.se/författare/PetterssonC
elektrisk,PetterssonOlinJ,1890,5,https://litteraturbanken.se/författare/PetterssonOlinJ
elektrisk,PfeifferS,1880,1,https://litteraturbanken.se/författare/PfeifferS
elektrisk,PhilipssonJ,1850,1,https://litteraturbanken.se/författare/PhilipssonJ
elektrisk,PihlstrandR,1880,1,https://litteraturbanken.se/författare/PihlstrandR
elektrisk,PoulssonK,1870,1,https://litteraturbanken.se/författare/PoulssonK
elektrisk,ProcopéH,1900,1,https://litteraturbanken.se/författare/Procop%C3%A9H
elektrisk,QuennerstedtA,1910,1,https://litteraturbanken.se/författare/QuennerstedtA
elektrisk,QvantenAvon,1880,1,https://litteraturbanken.se/författare/QvantenAvon
elektrisk,RegisJ,1910,10,https://litteraturbanken.se/författare/RegisJ
elektrisk,RegnérG,1800,1,https://litteraturbanken.se/författare/Regn%C3%A9rG
elektrisk,RidderstadCF,1840,4,https://litteraturbanken.se/författare/RidderstadCF
elektrisk,RidderstadCF,1850,4,https://litteraturbanken.se/författare/RidderstadCF
elektrisk,RidderstadCF,1870,1,https://litteraturbanken.se/författare/RidderstadCF
elektrisk,RidderstadCF,1880,18,https://litteraturbanken.se/författare/RidderstadCF
elektrisk,RollinCG,1840,1,https://litteraturbanken.se/författare/RollinCG
elektrisk,RoosM,1900,1,https://litteraturbanken.se/författare/RoosM
elektrisk,RoseniusJ,1890,1,https://litteraturbanken.se/författare/RoseniusJ
elektrisk,RosénJM,1840,2,https://litteraturbanken.se/författare/Ros%C3%A9nJM
elektrisk,RubensonO,1880,4,https://litteraturbanken.se/författare/RubensonO
elektrisk,RuinH,1930,2,https://litteraturbanken.se/författare/RuinH
elektrisk,RuinH,1940,3,https://litteraturbanken.se/författare/RuinH
elektrisk,RusénLE,1850,1,https://litteraturbanken.se/författare/Rus%C3%A9nLE
elektrisk,RybergK,1870,6,https://litteraturbanken.se/författare/RybergK
elektrisk,RydbergCH,1860,5,https://litteraturbanken.se/författare/RydbergCH
elektrisk,RydbergV,1850,2,https://litteraturbanken.se/författare/RydbergV
elektrisk,SandA,1950,2,https://litteraturbanken.se/författare/SandA
elektrisk,SandahlAG,1870,1,https://litteraturbanken.se/författare/SandahlAG
elektrisk,SandbergA,1890,1,https://litteraturbanken.se/författare/SandbergA
elektrisk,SandbergA,1910,5,https://litteraturbanken.se/författare/SandbergA
elektrisk,SandbergE,1890,1,https://litteraturbanken.se/författare/SandbergE
elektrisk,SandelM,1920,1,https://litteraturbanken.se/författare/SandelM
elektrisk,SandströmerC,1870,1,https://litteraturbanken.se/författare/Sandstr%C3%B6merC
elektrisk,SaxonJL,1890,1,https://litteraturbanken.se/författare/SaxonJL
elektrisk,SchantzO,1870,2,https://litteraturbanken.se/författare/SchantzO
elektrisk,ScheriniPH,1880,2,https://litteraturbanken.se/författare/ScheriniPH
elektrisk,SchildtR,1910,5,https://litteraturbanken.se/författare/SchildtR
elektrisk,SchildtR,1920,2,https://litteraturbanken.se/författare/SchildtR
elektrisk,SchonbergG,1880,1,https://litteraturbanken.se/författare/SchonbergG
elektrisk,SchreinerO,1910,1,https://litteraturbanken.se/författare/SchreinerO
elektrisk,SchwartzMS,1850,4,https://litteraturbanken.se/författare/SchwartzMS
elektrisk,SchwartzMS,1860,3,https://litteraturbanken.se/författare/SchwartzMS
elektrisk,SchwartzMS,1870,1,https://litteraturbanken.se/författare/SchwartzMS
elektrisk,SchéeleG,1880,4,https://litteraturbanken.se/författare/Sch%C3%A9eleG
elektrisk,SchöldströmB,1870,3,https://litteraturbanken.se/författare/Sch%C3%B6ldstr%C3%B6mB
elektrisk,SchöldströmKW,1880,1,https://litteraturbanken.se/författare/Sch%C3%B6ldstr%C3%B6mKW
elektrisk,SegerstedtA,1880,1,https://litteraturbanken.se/författare/SegerstedtA
elektrisk,SegerstedtTorgny,1940,2,https://litteraturbanken.se/författare/SegerstedtTorgny
elektrisk,SehlstedtE,1850,2,https://litteraturbanken.se/författare/SehlstedtE
elektrisk,SernerG,1910,40,https://litteraturbanken.se/författare/SernerG
elektrisk,SernerG,1920,5,https://litteraturbanken.se/författare/SernerG
elektrisk,SernerG,1930,5,https://litteraturbanken.se/författare/SernerG
elektrisk,SilfverstolpeM,1900,1,https://litteraturbanken.se/författare/SilfverstolpeM
elektrisk,SilfverstopleGL,1850,1,https://litteraturbanken.se/författare/SilfverstopleGL
elektrisk,SjöbergB,1920,9,https://litteraturbanken.se/författare/Sj%C3%B6bergB
elektrisk,SkarstedtCW,1880,1,https://litteraturbanken.se/författare/SkarstedtCW
elektrisk,SnellmanJV,1840,3,https://litteraturbanken.se/författare/SnellmanJV
elektrisk,SnoilskyC,1890,4,https://litteraturbanken.se/författare/SnoilskyC
elektrisk,SnoilskyE,1880,1,https://litteraturbanken.se/författare/SnoilskyE
elektrisk,SparreP,1830,1,https://litteraturbanken.se/författare/SparreP
elektrisk,SparreP,1840,1,https://litteraturbanken.se/författare/SparreP
elektrisk,SparreP,1860,2,https://litteraturbanken.se/författare/SparreP
elektrisk,SparreP,1870,1,https://litteraturbanken.se/författare/SparreP
elektrisk,StackelbergO,1870,1,https://litteraturbanken.se/författare/StackelbergO
elektrisk,StackelbergO,1890,1,https://litteraturbanken.se/författare/StackelbergO
elektrisk,StagneliusEJ,1880,1,https://litteraturbanken.se/författare/StagneliusEJ
elektrisk,StarbäckCG,1850,1,https://litteraturbanken.se/författare/Starb%C3%A4ckCG
elektrisk,StarbäckCG,1870,3,https://litteraturbanken.se/författare/Starb%C3%A4ckCG
elektrisk,StarnbergM,1890,1,https://litteraturbanken.se/författare/StarnbergM
elektrisk,StenbergEO,1870,1,https://litteraturbanken.se/författare/StenbergEO
elektrisk,StenhammarJA,1810,1,https://litteraturbanken.se/författare/StenhammarJA
elektrisk,StjernstolpeJM,1840,1,https://litteraturbanken.se/författare/StjernstolpeJM
elektrisk,StjernströmL,1880,3,https://litteraturbanken.se/författare/Stjernstr%C3%B6mL
elektrisk,StjernströmL,1890,4,https://litteraturbanken.se/författare/Stjernstr%C3%B6mL
elektrisk,StockenstrandI,1890,3,https://litteraturbanken.se/författare/StockenstrandI
elektrisk,StokerB,1900,6,https://litteraturbanken.se/författare/StokerB
elektrisk,StoweHB,1890,2,https://litteraturbanken.se/författare/StoweHB
elektrisk,StrindbergA,1870,1,https://litteraturbanken.se/författare/StrindbergA
elektrisk,StrindbergA,1880,6,https://litteraturbanken.se/författare/StrindbergA
elektrisk,StrindbergA,1890,20,https://litteraturbanken.se/författare/StrindbergA
elektrisk,StrindbergA,1910,1,https://litteraturbanken.se/författare/StrindbergA
elektrisk,StrindbergO,1880,2,https://litteraturbanken.se/författare/StrindbergO
elektrisk,StrussenfeltCCA,1830,3,https://litteraturbanken.se/författare/StrussenfeltCCA
elektrisk,StrussenfeltCCA,1840,1,https://litteraturbanken.se/författare/StrussenfeltCCA
elektrisk,StrussenfeltU,1850,7,https://litteraturbanken.se/författare/StrussenfeltU
elektrisk,StrussenfeltU,1860,4,https://litteraturbanken.se/författare/StrussenfeltU
elektrisk,StrömF,1910,2,https://litteraturbanken.se/författare/Str%C3%B6mF
elektrisk,Sturzen-BeckerOP,1840,1,https://litteraturbanken.se/författare/Sturzen-BeckerOP
elektrisk,Sturzen-BeckerOP,1860,4,https://litteraturbanken.se/författare/Sturzen-BeckerOP
elektrisk,StålbergW,1830,1,https://litteraturbanken.se/författare/St%C3%A5lbergW
elektrisk,StålbergW,1850,4,https://litteraturbanken.se/författare/St%C3%A5lbergW
elektrisk,StålbergW,1860,6,https://litteraturbanken.se/författare/St%C3%A5lbergW
elektrisk,StålbergW,1870,2,https://litteraturbanken.se/författare/St%C3%A5lbergW
elektrisk,StéenhoffF,1900,1,https://litteraturbanken.se/författare/St%C3%A9enhoffF
elektrisk,StéenhoffF,1910,2,https://litteraturbanken.se/författare/St%C3%A9enhoffF
elektrisk,SundgrenF,1890,2,https://litteraturbanken.se/författare/SundgrenF
elektrisk,SundlerA,1880,1,https://litteraturbanken.se/författare/SundlerA
elektrisk,SundmanG,1890,1,https://litteraturbanken.se/författare/SundmanG
elektrisk,SundqvistEW,1890,1,https://litteraturbanken.se/författare/SundqvistEW
elektrisk,SundströmK,1860,1,https://litteraturbanken.se/författare/Sundstr%C3%B6mK
elektrisk,SuttnerB,1890,1,https://litteraturbanken.se/författare/SuttnerB
elektrisk,SvanlundYF,1890,1,https://litteraturbanken.se/författare/SvanlundYF
elektrisk,SvartengrenT,1880,1,https://litteraturbanken.se/författare/SvartengrenT
elektrisk,SvensonF,1890,1,https://litteraturbanken.se/författare/SvensonF
elektrisk,SydowJL,1860,1,https://litteraturbanken.se/författare/SydowJL
elektrisk,SällbergT,1890,1,https://litteraturbanken.se/författare/S%C3%A4llbergT
elektrisk,SällbergT,1900,1,https://litteraturbanken.se/författare/S%C3%A4llbergT
elektrisk,SätherbergH,1840,3,https://litteraturbanken.se/författare/S%C3%A4therbergH
elektrisk,SätherbergH,1860,1,https://litteraturbanken.se/författare/S%C3%A4therbergH
elektrisk,SätherbergH,1870,3,https://litteraturbanken.se/författare/S%C3%A4therbergH
elektrisk,SöderbergH,1890,4,https://litteraturbanken.se/författare/S%C3%B6derbergH
elektrisk,SöderbergH,1900,15,https://litteraturbanken.se/författare/S%C3%B6derbergH
elektrisk,SöderbergH,1910,5,https://litteraturbanken.se/författare/S%C3%B6derbergH
elektrisk,SöderbergH,1920,8,https://litteraturbanken.se/författare/S%C3%B6derbergH
elektrisk,SöderbergM,1920,3,https://litteraturbanken.se/författare/S%C3%B6derbergM
elektrisk,SöderbergM,1930,1,https://litteraturbanken.se/författare/S%C3%B6derbergM
elektrisk,SödergranE,1920,4,https://litteraturbanken.se/författare/S%C3%B6dergranE
elektrisk,SöderhjelmA,1920,1,https://litteraturbanken.se/författare/S%C3%B6derhjelmA
elektrisk,SöderholmK,1920,1,https://litteraturbanken.se/författare/S%C3%B6derholmK
elektrisk,SöderholmK,1930,1,https://litteraturbanken.se/författare/S%C3%B6derholmK
elektrisk,TammelinF,1880,1,https://litteraturbanken.se/författare/TammelinF
elektrisk,TammelinF,1890,1,https://litteraturbanken.se/författare/TammelinF
elektrisk,TavaststjernaK,1890,11,https://litteraturbanken.se/författare/TavaststjernaK
elektrisk,TegnérE,1830,1,https://litteraturbanken.se/författare/Tegn%C3%A9rE
elektrisk,TenowE,1880,1,https://litteraturbanken.se/författare/TenowE
elektrisk,TersmedenC,1910,2,https://litteraturbanken.se/författare/TersmedenC
elektrisk,TersmedenM,1860,2,https://litteraturbanken.se/författare/TersmedenM
elektrisk,TersmedenM,1870,1,https://litteraturbanken.se/författare/TersmedenM
elektrisk,ThomassonN,1890,3,https://litteraturbanken.se/författare/ThomassonN
elektrisk,ThomassonP,1850,1,https://litteraturbanken.se/författare/ThomassonP
elektrisk,ThomassonP,1870,1,https://litteraturbanken.se/författare/ThomassonP
elektrisk,ThomassonP,1880,1,https://litteraturbanken.se/författare/ThomassonP
elektrisk,ThorsanderG,1880,4,https://litteraturbanken.se/författare/ThorsanderG
elektrisk,ThorsanderG,1890,1,https://litteraturbanken.se/författare/ThorsanderG
elektrisk,TibellCC,1870,1,https://litteraturbanken.se/författare/TibellCC
elektrisk,TiseliusCA,1920,5,https://litteraturbanken.se/författare/TiseliusCA
elektrisk,TopeliusZ,1860,1,https://litteraturbanken.se/författare/TopeliusZ
elektrisk,TopeliusZ,1870,1,https://litteraturbanken.se/författare/TopeliusZ
elektrisk,TopeliusZ,1880,2,https://litteraturbanken.se/författare/TopeliusZ
elektrisk,TrolleH,1860,1,https://litteraturbanken.se/författare/TrolleH
elektrisk,TrolleH,1870,11,https://litteraturbanken.se/författare/TrolleH
elektrisk,TrolleH,1880,4,https://litteraturbanken.se/författare/TrolleH
elektrisk,TörnbergCL,1880,1,https://litteraturbanken.se/författare/T%C3%B6rnbergCL
elektrisk,TörnblomJA,1910,8,https://litteraturbanken.se/författare/T%C3%B6rnblomJA
elektrisk,TörnblomJA,1920,3,https://litteraturbanken.se/författare/T%C3%B6rnblomJA
elektrisk,UddgrenG,1900,2,https://litteraturbanken.se/författare/UddgrenG
elektrisk,UddgrenG,1910,6,https://litteraturbanken.se/författare/UddgrenG
elektrisk,UllmanG,1900,2,https://litteraturbanken.se/författare/UllmanG
elektrisk,UndsetS,1910,4,https://litteraturbanken.se/författare/UndsetS
elektrisk,UndsetS,1920,1,https://litteraturbanken.se/författare/UndsetS
elektrisk,UngeOS,1820,1,https://litteraturbanken.se/författare/UngeOS
elektrisk,UngeOS,1830,1,https://litteraturbanken.se/författare/UngeOS
elektrisk,UtterströmOP,1870,1,https://litteraturbanken.se/författare/Utterstr%C3%B6mOP
elektrisk,ValentinG,1910,1,https://litteraturbanken.se/författare/ValentinG
elektrisk,VallentinH,1890,1,https://litteraturbanken.se/författare/VallentinH
elektrisk,VirginAG,1860,1,https://litteraturbanken.se/författare/VirginAG
elektrisk,VirginAG,1870,2,https://litteraturbanken.se/författare/VirginAG
elektrisk,VirginAG,1880,1,https://litteraturbanken.se/författare/VirginAG
elektrisk,VärnlundR,1920,5,https://litteraturbanken.se/författare/V%C3%A4rnlundR
elektrisk,VärnlundR,1930,3,https://litteraturbanken.se/författare/V%C3%A4rnlundR
elektrisk,WahlenbergA,1880,3,https://litteraturbanken.se/författare/WahlenbergA
elektrisk,WahlenbergA,1890,3,https://litteraturbanken.se/författare/WahlenbergA
elektrisk,WahlenbergA,1900,1,https://litteraturbanken.se/författare/WahlenbergA
elektrisk,WahlenbergA,1910,2,https://litteraturbanken.se/författare/WahlenbergA
elektrisk,WahlgrenV,1890,2,https://litteraturbanken.se/författare/WahlgrenV
elektrisk,WallinJO,1820,2,https://litteraturbanken.se/författare/WallinJO
elektrisk,WallinJP,1880,2,https://litteraturbanken.se/författare/WallinJP
elektrisk,WallmoU,1900,10,https://litteraturbanken.se/författare/WallmoU
elektrisk,WeilandP,1880,1,https://litteraturbanken.se/författare/WeilandP
elektrisk,WemanA,1890,2,https://litteraturbanken.se/författare/WemanA
elektrisk,WennbergFW,1850,2,https://litteraturbanken.se/författare/WennbergFW
elektrisk,WennerbergI,1890,1,https://litteraturbanken.se/författare/WennerbergI
elektrisk,WernbergHj,1890,13,https://litteraturbanken.se/författare/WernbergHj
elektrisk,WernbergHj,1900,6,https://litteraturbanken.se/författare/WernbergHj
elektrisk,WestdahlP,1870,1,https://litteraturbanken.se/författare/WestdahlP
elektrisk,WesterstrandP,1850,1,https://litteraturbanken.se/författare/WesterstrandP
elektrisk,WestholmE,1850,1,https://litteraturbanken.se/författare/WestholmE
elektrisk,WetterberghCA,1840,6,https://litteraturbanken.se/författare/WetterberghCA
elektrisk,WetterberghCA,1850,4,https://litteraturbanken.se/författare/WetterberghCA
elektrisk,WetterberghCA,1880,9,https://litteraturbanken.se/författare/WetterberghCA
elektrisk,WettergrundJ,1850,1,https://litteraturbanken.se/författare/WettergrundJ
elektrisk,WettergrundJ,1880,3,https://litteraturbanken.se/författare/WettergrundJ
elektrisk,WickströmVH,1880,1,https://litteraturbanken.se/författare/Wickstr%C3%B6mVH
elektrisk,WickströmVH,1890,2,https://litteraturbanken.se/författare/Wickstr%C3%B6mVH
elektrisk,WickströmVH,1900,3,https://litteraturbanken.se/författare/Wickstr%C3%B6mVH
elektrisk,WigströmE,1870,2,https://litteraturbanken.se/författare/Wigstr%C3%B6mE
elektrisk,WijkanderO,1860,1,https://litteraturbanken.se/författare/WijkanderO
elektrisk,WijkanderO,1880,3,https://litteraturbanken.se/författare/WijkanderO
elektrisk,WiklundKB,1900,3,https://litteraturbanken.se/författare/WiklundKB
elektrisk,WinterR,1880,3,https://litteraturbanken.se/författare/WinterR
elektrisk,WinterR,1890,7,https://litteraturbanken.se/författare/WinterR
elektrisk,WirsénCDaf,1890,1,https://litteraturbanken.se/författare/Wirs%C3%A9nCDaf
elektrisk,WittO,1910,172,https://litteraturbanken.se/författare/WittO
elektrisk,WranérH,1880,1,https://litteraturbanken.se/författare/Wran%C3%A9rH
elektrisk,WranérH,1890,2,https://litteraturbanken.se/författare/Wran%C3%A9rH
elektrisk,WägnerE,1900,1,https://litteraturbanken.se/författare/W%C3%A4gnerE
elektrisk,WägnerE,1910,9,https://litteraturbanken.se/författare/W%C3%A4gnerE
elektrisk,WägnerE,1920,18,https://litteraturbanken.se/författare/W%C3%A4gnerE
elektrisk,WägnerE,1930,18,https://litteraturbanken.se/författare/W%C3%A4gnerE
elektrisk,WägnerE,1940,6,https://litteraturbanken.se/författare/W%C3%A4gnerE
elektrisk,WästbergE,1890,2,https://litteraturbanken.se/författare/W%C3%A4stbergE
elektrisk,WågmanFO,1900,5,https://litteraturbanken.se/författare/W%C3%A5gmanFO
elektrisk,WærnérN,1900,5,https://litteraturbanken.se/författare/W%C3%A6rn%C3%A9rN
elektrisk,ZetterströmH,1910,9,https://litteraturbanken.se/författare/Zetterstr%C3%B6mH
elektrisk,ÅbergJO,1870,1,https://litteraturbanken.se/författare/%C3%85bergJO
elektrisk,ÅbergJO,1880,12,https://litteraturbanken.se/författare/%C3%85bergJO
elektrisk,ÅbergJO,1890,3,https://litteraturbanken.se/författare/%C3%85bergJO
elektrisk,ÅbergJO,1900,1,https://litteraturbanken.se/författare/%C3%85bergJO
elektrisk,ÅbergK,1880,1,https://litteraturbanken.se/författare/%C3%85bergK
elektrisk,ÅkerbergS,1890,1,https://litteraturbanken.se/författare/%C3%85kerbergS
elektrisk,ÅslundD,1850,2,https://litteraturbanken.se/författare/%C3%85slundD
elektrisk,ÖbergLT,1850,1,https://litteraturbanken.se/författare/%C3%96bergLT
elektrisk,ÖdmanP,1880,3,https://litteraturbanken.se/författare/%C3%96dmanP
elektrisk,ÖdmannJM,1880,1,https://litteraturbanken.se/författare/%C3%96dmannJM
elektrisk,ÖdmannJM,1900,2,https://litteraturbanken.se/författare/%C3%96dmannJM
emanation,AhrenbergJ,1880,1,https://litteraturbanken.se/författare/AhrenbergJ
emanation,JamesD,1880,2,https://litteraturbanken.se/författare/JamesD
emanation,JolinJ,1860,1,https://litteraturbanken.se/författare/JolinJ
emanation,JolinJ,1880,1,https://litteraturbanken.se/författare/JolinJ
emanation,Kiellman-GöransonJA,1840,3,https://litteraturbanken.se/författare/Kiellman-G%C3%B6ransonJA
emanation,KierkegaardS,1910,1,https://litteraturbanken.se/författare/KierkegaardS
emanation,KjellanderEJF,1840,1,https://litteraturbanken.se/författare/KjellanderEJF
emanation,LandbergC,1900,2,https://litteraturbanken.se/författare/LandbergC
emanation,LjunggrenG,1890,1,https://litteraturbanken.se/författare/LjunggrenG
emanation,RuinH,1930,2,https://litteraturbanken.se/författare/RuinH
emanation,SernerG,1930,1,https://litteraturbanken.se/författare/SernerG
emanation,SillénAW,1860,3,https://litteraturbanken.se/författare/Sill%C3%A9nAW
emanation,WiknerP,1860,2,https://litteraturbanken.se/författare/WiknerP
emanation,WittO,1910,2,https://litteraturbanken.se/författare/WittO
emanation,ÅbergK,1880,2,https://litteraturbanken.se/författare/%C3%85bergK
emanera,AhrenbergJ,1890,1,https://litteraturbanken.se/författare/AhrenbergJ
emanera,AlfthanGE,1880,1,https://litteraturbanken.se/författare/AlfthanGE
emanera,Anonym,1870,1,https://litteraturbanken.se/författare/Anonym
emanera,Anonym,1930,1,https://litteraturbanken.se/författare/Anonym
emanera,AtterbomPDA,1840,3,https://litteraturbanken.se/författare/AtterbomPDA
emanera,BergmanCW,1840,2,https://litteraturbanken.se/författare/BergmanCW
emanera,BerndtsonF,1850,1,https://litteraturbanken.se/författare/BerndtsonF
emanera,BolanderS,1860,1,https://litteraturbanken.se/författare/BolanderS
emanera,BraunWvon,1850,1,https://litteraturbanken.se/författare/BraunWvon
emanera,BäckmannI,1910,1,https://litteraturbanken.se/författare/B%C3%A4ckmannI
emanera,ElkanS,1900,1,https://litteraturbanken.se/författare/ElkanS
emanera,FlygareCarlénE,1840,1,https://litteraturbanken.se/författare/FlygareCarl%C3%A9nE
emanera,FredbergCRA,1910,1,https://litteraturbanken.se/författare/FredbergCRA
emanera,GeijerEG,1850,2,https://litteraturbanken.se/författare/GeijerEG
emanera,GernandtClaineJ,1890,1,https://litteraturbanken.se/författare/GernandtClaineJ
emanera,HebbeW,1850,1,https://litteraturbanken.se/författare/HebbeW
emanera,JacobssonCF,1830,1,https://litteraturbanken.se/författare/JacobssonCF
emanera,JohansonK,1940,1,https://litteraturbanken.se/författare/JohansonK
emanera,JolinJ,1870,2,https://litteraturbanken.se/författare/JolinJ
emanera,KnorringS,1830,2,https://litteraturbanken.se/författare/KnorringS
emanera,KnorringS,1840,1,https://litteraturbanken.se/författare/KnorringS
emanera,LarssonH,1890,1,https://litteraturbanken.se/författare/LarssonH
emanera,LindbergP,1940,1,https://litteraturbanken.se/författare/LindbergP
emanera,LingPH,1860,1,https://litteraturbanken.se/författare/LingPH
emanera,LjunggrenG,1890,2,https://litteraturbanken.se/författare/LjunggrenG
emanera,LybeckM,1920,1,https://litteraturbanken.se/författare/LybeckM
emanera,MortensenJ,1910,1,https://litteraturbanken.se/författare/MortensenJ
emanera,NilssonA,1910,3,https://litteraturbanken.se/författare/NilssonA
emanera,NordinJ,2020,1,https://litteraturbanken.se/författare/NordinJ
emanera,SchwerinM,1830,1,https://litteraturbanken.se/författare/SchwerinM
emanera,StrindbergA,1890,1,https://litteraturbanken.se/författare/StrindbergA
emanera,VärnlundR,1930,1,https://litteraturbanken.se/författare/V%C3%A4rnlundR
fluidum,AhlbomM,1860,1,https://litteraturbanken.se/författare/AhlbomM
fluidum,AhnfeltA,1870,2,https://litteraturbanken.se/författare/AhnfeltA
fluidum,AlfredsonC,2010,1,https://litteraturbanken.se/författare/AlfredsonC
fluidum,AndréeA,1830,1,https://litteraturbanken.se/författare/Andr%C3%A9eA
fluidum,Anonym,1840,1,https://litteraturbanken.se/författare/Anonym
fluidum,Anonym,1850,1,https://litteraturbanken.se/författare/Anonym
fluidum,Anonym,1870,1,https://litteraturbanken.se/författare/Anonym
fluidum,Anonym,1880,3,https://litteraturbanken.se/författare/Anonym
fluidum,Anonym,1890,2,https://litteraturbanken.se/författare/Anonym
fluidum,ArfwedsonCD,1840,1,https://litteraturbanken.se/författare/ArfwedsonCD
fluidum,AtterbomPDA,1840,1,https://litteraturbanken.se/författare/AtterbomPDA
fluidum,AtterbomPDA,1850,1,https://litteraturbanken.se/författare/AtterbomPDA
fluidum,BenzonK,1900,1,https://litteraturbanken.se/författare/BenzonK
fluidum,BergerH,1900,1,https://litteraturbanken.se/författare/BergerH
fluidum,BergerH,1910,4,https://litteraturbanken.se/författare/BergerH
fluidum,BerghR,1900,2,https://litteraturbanken.se/författare/BerghR
fluidum,BergmanHj,1910,1,https://litteraturbanken.se/författare/BergmanHj
fluidum,BergmanHj,1920,1,https://litteraturbanken.se/författare/BergmanHj
fluidum,BergstedtAEM,1860,1,https://litteraturbanken.se/författare/BergstedtAEM
fluidum,BjurstenH,1850,1,https://litteraturbanken.se/författare/BjurstenH
fluidum,BjurströmG,1870,1,https://litteraturbanken.se/författare/Bjurstr%C3%B6mG
fluidum,BjörlinG,1910,1,https://litteraturbanken.se/författare/Bj%C3%B6rlinG
fluidum,BlancheA,1840,1,https://litteraturbanken.se/författare/BlancheA
fluidum,BolanderS,1840,1,https://litteraturbanken.se/författare/BolanderS
fluidum,BolanderS,1860,1,https://litteraturbanken.se/författare/BolanderS
fluidum,BondesonA,1890,1,https://litteraturbanken.se/författare/BondesonA
fluidum,BragE,1880,1,https://litteraturbanken.se/författare/BragE
fluidum,BraunWvon,1840,1,https://litteraturbanken.se/författare/BraunWvon
fluidum,BruzeliusJ,1870,1,https://litteraturbanken.se/författare/BruzeliusJ
fluidum,BruzeliusJ,1880,1,https://litteraturbanken.se/författare/BruzeliusJ
fluidum,ButenschönA,1890,1,https://litteraturbanken.se/författare/Butensch%C3%B6nA
fluidum,CardonOB,1860,1,https://litteraturbanken.se/författare/CardonOB
fluidum,CarterC,1900,1,https://litteraturbanken.se/författare/CarterC
fluidum,CederbergB,1880,2,https://litteraturbanken.se/författare/CederbergB
fluidum,CederborghF,1880,1,https://litteraturbanken.se/författare/CederborghF
fluidum,CramærM,1880,1,https://litteraturbanken.se/författare/Cram%C3%A6rM
fluidum,CronstrandB,1870,1,https://litteraturbanken.se/författare/CronstrandB
fluidum,CrusenstolpeMJ,1840,1,https://litteraturbanken.se/författare/CrusenstolpeMJ
fluidum,DahlM,1890,1,https://litteraturbanken.se/författare/DahlM
fluidum,DahlgrenCF,1830,2,https://litteraturbanken.se/författare/DahlgrenCF
fluidum,DanielssonJ,1890,1,https://litteraturbanken.se/författare/DanielssonJ
fluidum,DarwinC,1870,1,https://litteraturbanken.se/författare/DarwinC
fluidum,ElmbladM,1880,1,https://litteraturbanken.se/författare/ElmbladM
fluidum,EnerothC,1880,2,https://litteraturbanken.se/författare/EnerothC
fluidum,EnerothC,1890,3,https://litteraturbanken.se/författare/EnerothC
fluidum,EngströmA,1920,1,https://litteraturbanken.se/författare/Engstr%C3%B6mA
fluidum,FornellBE,1840,1,https://litteraturbanken.se/författare/FornellBE
fluidum,GernandtClaineJ,1900,1,https://litteraturbanken.se/författare/GernandtClaineJ
fluidum,GleerupN,1880,1,https://litteraturbanken.se/författare/GleerupN
fluidum,GranathW,1890,2,https://litteraturbanken.se/författare/GranathW
fluidum,GranathW,1900,1,https://litteraturbanken.se/författare/GranathW
fluidum,GravalliusW,1890,1,https://litteraturbanken.se/författare/GravalliusW
fluidum,HallenborgC,1890,1,https://litteraturbanken.se/författare/HallenborgC
fluidum,HallmanA,1860,1,https://litteraturbanken.se/författare/HallmanA
fluidum,HallénB,1890,1,https://litteraturbanken.se/författare/Hall%C3%A9nB
fluidum,HanssonO,1890,1,https://litteraturbanken.se/författare/HanssonO
fluidum,HanssonO,1910,1,https://litteraturbanken.se/författare/HanssonO
fluidum,HedbergF,1890,1,https://litteraturbanken.se/författare/HedbergF
fluidum,HedenstiernaA,1890,1,https://litteraturbanken.se/författare/HedenstiernaA
fluidum,HedenstiernaA,1900,1,https://litteraturbanken.se/författare/HedenstiernaA
fluidum,HedinS,1910,1,https://litteraturbanken.se/författare/HedinS
fluidum,HuldbergPU,1830,1,https://litteraturbanken.se/författare/HuldbergPU
fluidum,HultgrenG,1890,1,https://litteraturbanken.se/författare/HultgrenG
fluidum,HwasserD,1840,1,https://litteraturbanken.se/författare/HwasserD
fluidum,JacobsonHarald,1890,1,https://litteraturbanken.se/författare/JacobsonHarald
fluidum,JohansonK,1900,3,https://litteraturbanken.se/författare/JohansonK
fluidum,JohnsonJ,1880,1,https://litteraturbanken.se/författare/JohnsonJ
fluidum,JohnsonJ,1890,1,https://litteraturbanken.se/författare/JohnsonJ
fluidum,JohnsonJ,1900,1,https://litteraturbanken.se/författare/JohnsonJ
fluidum,JolinJ,1860,1,https://litteraturbanken.se/författare/JolinJ
fluidum,KerfveA,1890,1,https://litteraturbanken.se/författare/KerfveA
fluidum,Kiellman-GöransonJA,1850,1,https://litteraturbanken.se/författare/Kiellman-G%C3%B6ransonJA
fluidum,KnorringS,1830,2,https://litteraturbanken.se/författare/KnorringS
fluidum,KnorringS,1840,6,https://litteraturbanken.se/författare/KnorringS
fluidum,KrookA,1860,1,https://litteraturbanken.se/författare/KrookA
fluidum,KrookA,1880,1,https://litteraturbanken.se/författare/KrookA
fluidum,KrookMax,1880,1,https://litteraturbanken.se/författare/KrookMax
fluidum,KrusenstjernaA,1920,2,https://litteraturbanken.se/författare/KrusenstjernaA
fluidum,KrusenstjernaA,1930,1,https://litteraturbanken.se/författare/KrusenstjernaA
fluidum,KullbergKA,1840,1,https://litteraturbanken.se/författare/KullbergKA
fluidum,KullbergKA,1870,1,https://litteraturbanken.se/författare/KullbergKA
fluidum,LagerlöfS,1940,1,https://litteraturbanken.se/författare/Lagerl%C3%B6fS
fluidum,LeisteniusJG,1840,1,https://litteraturbanken.se/författare/LeisteniusJG
fluidum,LeisteniusJG,1880,2,https://litteraturbanken.se/författare/LeisteniusJG
fluidum,LevertinO,1890,2,https://litteraturbanken.se/författare/LevertinO
fluidum,LevertinO,1900,1,https://litteraturbanken.se/författare/LevertinO
fluidum,LilliestiernaAE,1870,1,https://litteraturbanken.se/författare/LilliestiernaAE
fluidum,LjunggrenAG,1890,1,https://litteraturbanken.se/författare/LjunggrenAG
fluidum,LjunggrenG,1890,1,https://litteraturbanken.se/författare/LjunggrenG
fluidum,LjungstedtA,1870,4,https://litteraturbanken.se/författare/LjungstedtA
fluidum,LundeblomR,1870,1,https://litteraturbanken.se/författare/LundeblomR
fluidum,LundinC,1860,7,https://litteraturbanken.se/författare/LundinC
fluidum,LundquistE,1890,1,https://litteraturbanken.se/författare/LundquistE
fluidum,LybeckM,1920,1,https://litteraturbanken.se/författare/LybeckM
fluidum,LöfgrenE,1930,1,https://litteraturbanken.se/författare/L%C3%B6fgrenE
fluidum,MontgomeryLM,1910,1,https://litteraturbanken.se/författare/MontgomeryLM
fluidum,MuntheA,1930,2,https://litteraturbanken.se/författare/MuntheA
fluidum,NicanderKA,1830,1,https://litteraturbanken.se/författare/NicanderKA
fluidum,NordströmEB,1910,1,https://litteraturbanken.se/författare/Nordstr%C3%B6mEB
fluidum,NorlinM,1880,1,https://litteraturbanken.se/författare/NorlinM
fluidum,NyblomCR,1870,1,https://litteraturbanken.se/författare/NyblomCR
fluidum,NylénPG,1920,1,https://litteraturbanken.se/författare/Nyl%C3%A9nPG
fluidum,NèlsonJF,1880,1,https://litteraturbanken.se/författare/N%C3%A8lsonJF
fluidum,OxenstiernaMGL,1890,2,https://litteraturbanken.se/författare/OxenstiernaMGL
fluidum,PalmærHB,1870,1,https://litteraturbanken.se/författare/Palm%C3%A6rHB
fluidum,PaulA,1890,2,https://litteraturbanken.se/författare/PaulA
fluidum,PerssonF,1900,1,https://litteraturbanken.se/författare/PerssonF
fluidum,PerssonF,1910,1,https://litteraturbanken.se/författare/PerssonF
fluidum,PeterssonT,1880,1,https://litteraturbanken.se/författare/PeterssonT
fluidum,PfeifferS,1880,1,https://litteraturbanken.se/författare/PfeifferS
fluidum,PhilipssonJ,1850,1,https://litteraturbanken.se/författare/PhilipssonJ
fluidum,PhilipssonJ,1870,7,https://litteraturbanken.se/författare/PhilipssonJ
fluidum,RuinH,1930,3,https://litteraturbanken.se/författare/RuinH
fluidum,RuinH,1940,1,https://litteraturbanken.se/författare/RuinH
fluidum,RydbergCH,1860,1,https://litteraturbanken.se/författare/RydbergCH
fluidum,RydbergV,1850,1,https://litteraturbanken.se/författare/RydbergV
fluidum,SaxonJL,1890,1,https://litteraturbanken.se/författare/SaxonJL
fluidum,SchenfeltI,1870,1,https://litteraturbanken.se/författare/SchenfeltI
fluidum,SchöldströmB,1880,1,https://litteraturbanken.se/författare/Sch%C3%B6ldstr%C3%B6mB
fluidum,SernerG,1910,3,https://litteraturbanken.se/författare/SernerG
fluidum,SernerG,1930,1,https://litteraturbanken.se/författare/SernerG
fluidum,SilfverstopleGL,1850,1,https://litteraturbanken.se/författare/SilfverstopleGL
fluidum,StrindbergA,1890,5,https://litteraturbanken.se/författare/StrindbergA
fluidum,StrindbergO,1880,2,https://litteraturbanken.se/författare/StrindbergO
fluidum,StrussenfeltU,1850,1,https://litteraturbanken.se/författare/StrussenfeltU
fluidum,StråleGH,1860,1,https://litteraturbanken.se/författare/Str%C3%A5leGH
fluidum,StråleGH,1880,1,https://litteraturbanken.se/författare/Str%C3%A5leGH
fluidum,Sturzen-BeckerOP,1860,1,https://litteraturbanken.se/författare/Sturzen-BeckerOP
fluidum,StéenhoffF,1910,1,https://litteraturbanken.se/författare/St%C3%A9enhoffF
fluidum,SundlerA,1880,2,https://litteraturbanken.se/författare/SundlerA
fluidum,SällbergT,1890,1,https://litteraturbanken.se/författare/S%C3%A4llbergT
fluidum,SätherbergH,1880,2,https://litteraturbanken.se/författare/S%C3%A4therbergH
fluidum,SöderhjelmA,1920,1,https://litteraturbanken.se/författare/S%C3%B6derhjelmA
fluidum,ThomassonN,1890,1,https://litteraturbanken.se/författare/ThomassonN
fluidum,ThomassonP,1850,1,https://litteraturbanken.se/författare/ThomassonP
fluidum,ThorsanderG,1880,1,https://litteraturbanken.se/författare/ThorsanderG
fluidum,TrolleH,1860,1,https://litteraturbanken.se/författare/TrolleH
fluidum,TrolleH,1870,2,https://litteraturbanken.se/författare/TrolleH
fluidum,TrolleH,1880,1,https://litteraturbanken.se/författare/TrolleH
fluidum,TörnblomJA,1900,2,https://litteraturbanken.se/författare/T%C3%B6rnblomJA
fluidum,TörnblomJA,1910,4,https://litteraturbanken.se/författare/T%C3%B6rnblomJA
fluidum,UngeOS,1830,3,https://litteraturbanken.se/författare/UngeOS
fluidum,VegesackAH,1840,1,https://litteraturbanken.se/författare/VegesackAH
fluidum,WadmanJA,1850,4,https://litteraturbanken.se/författare/WadmanJA
fluidum,WallmarkE,1880,1,https://litteraturbanken.se/författare/WallmarkE
fluidum,WetterstedtNJ,1830,1,https://litteraturbanken.se/författare/WetterstedtNJ
fluidum,WidmarkPF,1850,7,https://litteraturbanken.se/författare/WidmarkPF
fluidum,WidmarkPF,1860,5,https://litteraturbanken.se/författare/WidmarkPF
fluidum,WigströmE,1870,1,https://litteraturbanken.se/författare/Wigstr%C3%B6mE
fluidum,WigströmE,1890,2,https://litteraturbanken.se/författare/Wigstr%C3%B6mE
fluidum,WinterR,1880,1,https://litteraturbanken.se/författare/WinterR
fluidum,WägnerE,1920,1,https://litteraturbanken.se/författare/W%C3%A4gnerE
fluidum,ZedritzCE,1830,1,https://litteraturbanken.se/författare/ZedritzCE
fluidum,ÅbergJO,1890,1,https://litteraturbanken.se/författare/%C3%85bergJO
fluidum,ÅslundD,1850,1,https://litteraturbanken.se/författare/%C3%85slundD
fluidum,ÖbergLT,1850,1,https://litteraturbanken.se/författare/%C3%96bergLT
fluidum,ÖdmannJM,1880,1,https://litteraturbanken.se/författare/%C3%96dmannJM
induktion,Anonym,1870,1,https://litteraturbanken.se/författare/Anonym
induktion,BäckmannI,1920,6,https://litteraturbanken.se/författare/B%C3%A4ckmannI
induktion,CavallinC,1890,3,https://litteraturbanken.se/författare/CavallinC
induktion,CederborgCA,1890,1,https://litteraturbanken.se/författare/CederborgCA
induktion,KochR,1890,1,https://litteraturbanken.se/författare/KochR
induktion,LevertinO,1890,1,https://litteraturbanken.se/författare/LevertinO
induktion,LundegårdA,1900,1,https://litteraturbanken.se/författare/Lundeg%C3%A5rdA
induktion,NorströmV,1900,1,https://litteraturbanken.se/författare/Norstr%C3%B6mV
induktion,RuinH,1930,1,https://litteraturbanken.se/författare/RuinH
induktion,RuinH,1940,1,https://litteraturbanken.se/författare/RuinH
induktion,RydbergV,1860,2,https://litteraturbanken.se/författare/RydbergV
induktion,SchreinerO,1910,1,https://litteraturbanken.se/författare/SchreinerO
induktion,StrindbergA,1890,1,https://litteraturbanken.se/författare/StrindbergA
induktion,WiknerP,1880,35,https://litteraturbanken.se/författare/WiknerP
influens,Anonym,1940,2,https://litteraturbanken.se/författare/Anonym
influens,BergmanCW,1840,4,https://litteraturbanken.se/författare/BergmanCW
influens,CavallinS,1850,1,https://litteraturbanken.se/författare/CavallinS
influens,GeijerEG,1920,1,https://litteraturbanken.se/författare/GeijerEG
influens,HagströmT,1960,2,https://litteraturbanken.se/författare/Hagstr%C3%B6mT
influens,HögbergO,1900,1,https://litteraturbanken.se/författare/H%C3%B6gbergO
influens,LevertinO,1890,1,https://litteraturbanken.se/författare/LevertinO
influens,NordinJ,2020,9,https://litteraturbanken.se/författare/NordinJ
influens,StrindbergA,1890,2,https://litteraturbanken.se/författare/StrindbergA
influens,StrindbergA,1900,2,https://litteraturbanken.se/författare/StrindbergA
influens,SwedenborgE,1920,1,https://litteraturbanken.se/författare/SwedenborgE
influera,AhrenbergJ,1890,1,https://litteraturbanken.se/författare/AhrenbergJ
influera,Anonym,1930,1,https://litteraturbanken.se/författare/Anonym
influera,BergmanCW,1840,1,https://litteraturbanken.se/författare/BergmanCW
influera,BergmanHj,1910,1,https://litteraturbanken.se/författare/BergmanHj
influera,BergmanHj,1930,3,https://litteraturbanken.se/författare/BergmanHj
influera,BrantingA,1910,1,https://litteraturbanken.se/författare/BrantingA
influera,BäckmannI,1900,2,https://litteraturbanken.se/författare/B%C3%A4ckmannI
influera,BäckmannI,1940,1,https://litteraturbanken.se/författare/B%C3%A4ckmannI
influera,EhrenborgPosseB,1870,1,https://litteraturbanken.se/författare/EhrenborgPosseB
influera,ElgströmO,1920,3,https://litteraturbanken.se/författare/Elgstr%C3%B6mO
influera,EnerothC,1890,1,https://litteraturbanken.se/författare/EnerothC
influera,GeijerEG,1850,1,https://litteraturbanken.se/författare/GeijerEG
influera,HasselskogN,1930,1,https://litteraturbanken.se/författare/HasselskogN
influera,HägerströmA,1890,1,https://litteraturbanken.se/författare/H%C3%A4gerstr%C3%B6mA
influera,KnorringS,1840,1,https://litteraturbanken.se/författare/KnorringS
influera,LeisteniusJG,1880,1,https://litteraturbanken.se/författare/LeisteniusJG
influera,LevertinO,1890,2,https://litteraturbanken.se/författare/LevertinO
influera,LindebergA,1830,2,https://litteraturbanken.se/författare/LindebergA
influera,LindqvistM,1930,2,https://litteraturbanken.se/författare/LindqvistM
influera,LjunggrenG,1890,1,https://litteraturbanken.se/författare/LjunggrenG
influera,LundegårdA,1900,1,https://litteraturbanken.se/författare/Lundeg%C3%A5rdA
influera,LénströmCJ,1840,1,https://litteraturbanken.se/författare/L%C3%A9nstr%C3%B6mCJ
influera,LöfgrenE,1930,1,https://litteraturbanken.se/författare/L%C3%B6fgrenE
influera,MortensenJ,1900,2,https://litteraturbanken.se/författare/MortensenJ
influera,MortensenJ,1910,1,https://litteraturbanken.se/författare/MortensenJ
influera,NilssonA,1910,1,https://litteraturbanken.se/författare/NilssonA
influera,NordinJ,2020,4,https://litteraturbanken.se/författare/NordinJ
influera,NorströmV,1900,1,https://litteraturbanken.se/författare/Norstr%C3%B6mV
influera,OmarKhayyam,1920,1,https://litteraturbanken.se/författare/OmarKhayyam
influera,PauliG,1910,1,https://litteraturbanken.se/författare/PauliG
influera,RuinH,1930,1,https://litteraturbanken.se/författare/RuinH
influera,RydbergV,1860,1,https://litteraturbanken.se/författare/RydbergV
influera,SchreinerO,1910,1,https://litteraturbanken.se/författare/SchreinerO
influera,SteffenR,1890,1,https://litteraturbanken.se/författare/SteffenR
influera,StenhammarJA,1810,1,https://litteraturbanken.se/författare/StenhammarJA
influera,StrindbergA,1880,1,https://litteraturbanken.se/författare/StrindbergA
influera,StrömF,1920,1,https://litteraturbanken.se/författare/Str%C3%B6mF
influera,StålbergW,1850,1,https://litteraturbanken.se/författare/St%C3%A5lbergW
influera,SöderbergH,1920,1,https://litteraturbanken.se/författare/S%C3%B6derbergH
influera,SöderhjelmW,1900,1,https://litteraturbanken.se/författare/S%C3%B6derhjelmW
influera,SörmanP,1930,1,https://litteraturbanken.se/författare/S%C3%B6rmanP
influera,TersmedenC,1910,4,https://litteraturbanken.se/författare/TersmedenC
influera,TopeliusZ,1860,1,https://litteraturbanken.se/författare/TopeliusZ
influera,TopeliusZ,1880,2,https://litteraturbanken.se/författare/TopeliusZ
influera,WahlenbergA,1890,2,https://litteraturbanken.se/författare/WahlenbergA
influera,WarburgK,1900,1,https://litteraturbanken.se/författare/WarburgK
influera,WigströmE,1890,2,https://litteraturbanken.se/författare/Wigstr%C3%B6mE
influera,WittO,1910,9,https://litteraturbanken.se/författare/WittO
kondensation,StrindbergA,1890,1,https://litteraturbanken.se/författare/StrindbergA
kondensation,WittO,1910,2,https://litteraturbanken.se/författare/WittO
kraft,AberstenS,1910,1,https://litteraturbanken.se/författare/AberstenS
kraft,AdelborgO,1900,2,https://litteraturbanken.se/författare/AdelborgO
kraft,AdelborgO,1910,1,https://litteraturbanken.se/författare/AdelborgO
kraft,AdelborgO,1920,4,https://litteraturbanken.se/författare/AdelborgO
kraft,AdlerbethGJ,1800,1,https://litteraturbanken.se/författare/AdlerbethGJ
kraft,AdlersparreCA,1830,7,https://litteraturbanken.se/författare/AdlersparreCA
kraft,AdlersparreCA,1840,48,https://litteraturbanken.se/författare/AdlersparreCA
kraft,AdlersparreCA,1850,7,https://litteraturbanken.se/författare/AdlersparreCA
kraft,AdlersparreGA,1880,21,https://litteraturbanken.se/författare/AdlersparreGA
kraft,AdlersparreKA,1880,25,https://litteraturbanken.se/författare/AdlersparreKA
kraft,AfzeliusAA,1840,12,https://litteraturbanken.se/författare/AfzeliusAA
kraft,AfzeliusAA,1850,12,https://litteraturbanken.se/författare/AfzeliusAA
kraft,AfzeliusAJ,1840,5,https://litteraturbanken.se/författare/AfzeliusAJ
kraft,AfzeliusAJ,1850,15,https://litteraturbanken.se/författare/AfzeliusAJ
kraft,AgardhCA,1830,9,https://litteraturbanken.se/författare/AgardhCA
kraft,AgrellA,1880,36,https://litteraturbanken.se/författare/AgrellA
kraft,AgrellA,1890,43,https://litteraturbanken.se/författare/AgrellA
kraft,AgrellA,1900,25,https://litteraturbanken.se/författare/AgrellA
kraft,AgrellA,1910,21,https://litteraturbanken.se/författare/AgrellA
kraft,AhlbergAVH,1860,1,https://litteraturbanken.se/författare/AhlbergAVH
kraft,AhlbomM,1860,60,https://litteraturbanken.se/författare/AhlbomM
kraft,AhlborgG,1880,4,https://litteraturbanken.se/författare/AhlborgG
kraft,AhlinJO,1880,21,https://litteraturbanken.se/författare/AhlinJO
kraft,AhlinJO,1890,11,https://litteraturbanken.se/författare/AhlinJO
kraft,AhlinJO,1900,5,https://litteraturbanken.se/författare/AhlinJO
kraft,AhlqvistA,1840,2,https://litteraturbanken.se/författare/AhlqvistA
kraft,AhlstrandJE,1860,1,https://litteraturbanken.se/författare/AhlstrandJE
kraft,AhlstrandJE,1870,3,https://litteraturbanken.se/författare/AhlstrandJE
kraft,AhlströmOC,1890,1,https://litteraturbanken.se/författare/Ahlstr%C3%B6mOC
kraft,AhnfeltA,1870,6,https://litteraturbanken.se/författare/AhnfeltA
kraft,AhnfeltLaurinE,1880,22,https://litteraturbanken.se/författare/AhnfeltLaurinE
kraft,AhrenbergJ,1870,15,https://litteraturbanken.se/författare/AhrenbergJ
kraft,AhrenbergJ,1880,26,https://litteraturbanken.se/författare/AhrenbergJ
kraft,AhrenbergJ,1890,97,https://litteraturbanken.se/författare/AhrenbergJ
kraft,AlcottLM,1870,68,https://litteraturbanken.se/författare/AlcottLM
kraft,AlfredsonC,2010,2,https://litteraturbanken.se/författare/AlfredsonC
kraft,AlfthanGE,1880,14,https://litteraturbanken.se/författare/AlfthanGE
kraft,AlfthanJ,1870,46,https://litteraturbanken.se/författare/AlfthanJ
kraft,AlfthanJ,1880,12,https://litteraturbanken.se/författare/AlfthanJ
kraft,AlinJ,1910,6,https://litteraturbanken.se/författare/AlinJ
kraft,AllardtA,1880,8,https://litteraturbanken.se/författare/AllardtA
kraft,AllvarssonA,1890,1,https://litteraturbanken.se/författare/AllvarssonA
kraft,AlmL,1850,3,https://litteraturbanken.se/författare/AlmL
kraft,AlmkvistJA,1870,20,https://litteraturbanken.se/författare/AlmkvistJA
kraft,AlmquistCA,1840,5,https://litteraturbanken.se/författare/AlmquistCA
kraft,AlmquistV,1880,3,https://litteraturbanken.se/författare/AlmquistV
kraft,AlmquistV,1890,19,https://litteraturbanken.se/författare/AlmquistV
kraft,AlmqvistCJL,1810,9,https://litteraturbanken.se/författare/AlmqvistCJL
kraft,AlmqvistCJL,1830,70,https://litteraturbanken.se/författare/AlmqvistCJL
kraft,AlmqvistCJL,1840,61,https://litteraturbanken.se/författare/AlmqvistCJL
kraft,AlmqvistCJL,1870,5,https://litteraturbanken.se/författare/AlmqvistCJL
kraft,AlmqvistG,1890,11,https://litteraturbanken.se/författare/AlmqvistG
kraft,AlménR,1890,7,https://litteraturbanken.se/författare/Alm%C3%A9nR
kraft,AlménR,1900,3,https://litteraturbanken.se/författare/Alm%C3%A9nR
kraft,AlströmerJyngre,1880,1,https://litteraturbanken.se/författare/Alstr%C3%B6merJyngre
kraft,AlthénG,1870,10,https://litteraturbanken.se/författare/Alth%C3%A9nG
kraft,AlténVA,1830,45,https://litteraturbanken.se/författare/Alt%C3%A9nVA
kraft,AmeenG,1840,9,https://litteraturbanken.se/författare/AmeenG
kraft,AminoffI,1900,2,https://litteraturbanken.se/författare/AminoffI
kraft,AméenE,1880,3,https://litteraturbanken.se/författare/Am%C3%A9enE
kraft,AméenE,1890,25,https://litteraturbanken.se/författare/Am%C3%A9enE
kraft,AndersL,1890,6,https://litteraturbanken.se/författare/AndersL
kraft,AndersonA,1860,13,https://litteraturbanken.se/författare/AndersonA
kraft,AndersonH,1890,81,https://litteraturbanken.se/författare/AndersonH
kraft,AndersonH,1900,23,https://litteraturbanken.se/författare/AndersonH
kraft,AndersonW,1900,2,https://litteraturbanken.se/författare/AndersonW
kraft,AnderssonAn,1880,9,https://litteraturbanken.se/författare/AnderssonAn
kraft,AnderssonCG,1850,1,https://litteraturbanken.se/författare/AnderssonCG
kraft,AnderssonCG,1860,9,https://litteraturbanken.se/författare/AnderssonCG
kraft,AnderssonD,1910,31,https://litteraturbanken.se/författare/AnderssonD
kraft,AnderssonD,1920,16,https://litteraturbanken.se/författare/AnderssonD
kraft,AnderssonHilding,1900,6,https://litteraturbanken.se/författare/AnderssonHilding
kraft,AnderssonHilma,1900,6,https://litteraturbanken.se/författare/AnderssonHilma
kraft,AnderssonJ,1880,1,https://litteraturbanken.se/författare/AnderssonJ
kraft,AnderssonME,1880,3,https://litteraturbanken.se/författare/AnderssonME
kraft,AndræT,1930,5,https://litteraturbanken.se/författare/Andr%C3%A6T
kraft,AndréeA,1830,3,https://litteraturbanken.se/författare/Andr%C3%A9eA
kraft,AndrénO,1890,41,https://litteraturbanken.se/författare/Andr%C3%A9nO
kraft,AngeredStrandbergH,1880,26,https://litteraturbanken.se/författare/AngeredStrandbergH
kraft,AngeredStrandbergH,1890,43,https://litteraturbanken.se/författare/AngeredStrandbergH
kraft,AngeredStrandbergH,1900,46,https://litteraturbanken.se/författare/AngeredStrandbergH
kraft,AngeredStrandbergH,1910,33,https://litteraturbanken.se/författare/AngeredStrandbergH
kraft,AngeredStrandbergH,1920,18,https://litteraturbanken.se/författare/AngeredStrandbergH
kraft,AnholmM,1890,65,https://litteraturbanken.se/författare/AnholmM
kraft,Anonym,1700,312,https://litteraturbanken.se/författare/Anonym
kraft,Anonym,1830,88,https://litteraturbanken.se/författare/Anonym
kraft,Anonym,1840,111,https://litteraturbanken.se/författare/Anonym
kraft,Anonym,1850,142,https://litteraturbanken.se/författare/Anonym
kraft,Anonym,1860,469,https://litteraturbanken.se/författare/Anonym
kraft,Anonym,1870,327,https://litteraturbanken.se/författare/Anonym
kraft,Anonym,1880,245,https://litteraturbanken.se/författare/Anonym
kraft,Anonym,1890,385,https://litteraturbanken.se/författare/Anonym
kraft,Anonym,1900,20,https://litteraturbanken.se/författare/Anonym
kraft,Anonym,1910,14,https://litteraturbanken.se/författare/Anonym
kraft,Anonym,1930,123,https://litteraturbanken.se/författare/Anonym
kraft,Anonym,1940,54,https://litteraturbanken.se/författare/Anonym
kraft,AntellGW,1860,3,https://litteraturbanken.se/författare/AntellGW
kraft,ArbmanE,1900,1,https://litteraturbanken.se/författare/ArbmanE
kraft,ArckenholtzJ,1750,3,https://litteraturbanken.se/författare/ArckenholtzJ
kraft,ArfvidssonMKJ,1850,26,https://litteraturbanken.se/författare/ArfvidssonMKJ
kraft,ArfvidssonN,1880,2,https://litteraturbanken.se/författare/ArfvidssonN
kraft,ArfwedsonCD,1830,2,https://litteraturbanken.se/författare/ArfwedsonCD
kraft,ArfwedsonCD,1840,89,https://litteraturbanken.se/författare/ArfwedsonCD
kraft,ArfwedsonCD,1870,33,https://litteraturbanken.se/författare/ArfwedsonCD
kraft,ArfwidssonA,1880,3,https://litteraturbanken.se/författare/ArfwidssonA
kraft,ArmfeltGJP,1870,12,https://litteraturbanken.se/författare/ArmfeltGJP
kraft,ArmfeltGM,1800,1,https://litteraturbanken.se/författare/ArmfeltGM
kraft,ArnesonR,1870,1,https://litteraturbanken.se/författare/ArnesonR
kraft,ArnoldsonKP,1860,33,https://litteraturbanken.se/författare/ArnoldsonKP
kraft,AroseniusFR,1860,77,https://litteraturbanken.se/författare/AroseniusFR
kraft,AroseniusI,1900,3,https://litteraturbanken.se/författare/AroseniusI
kraft,ArvidsonB,1840,1,https://litteraturbanken.se/författare/ArvidsonB
kraft,ArvidsonB,1860,3,https://litteraturbanken.se/författare/ArvidsonB
kraft,ArvidssonAI,1830,11,https://litteraturbanken.se/författare/ArvidssonAI
kraft,ArvidssonAI,1840,1,https://litteraturbanken.se/författare/ArvidssonAI
kraft,AspPO,1800,2,https://litteraturbanken.se/författare/AspPO
kraft,AsteropherusMO,1900,4,https://litteraturbanken.se/författare/AsteropherusMO
kraft,AtterbomPDA,1830,57,https://litteraturbanken.se/författare/AtterbomPDA
kraft,AtterbomPDA,1840,336,https://litteraturbanken.se/författare/AtterbomPDA
kraft,AtterbomPDA,1850,64,https://litteraturbanken.se/författare/AtterbomPDA
kraft,AtterbomPDA,1910,27,https://litteraturbanken.se/författare/AtterbomPDA
kraft,AtterlingCH,1860,1,https://litteraturbanken.se/författare/AtterlingCH
kraft,AureliusH,1890,5,https://litteraturbanken.se/författare/AureliusH
kraft,AurellW,1860,14,https://litteraturbanken.se/författare/AurellW
kraft,AurellW,1890,13,https://litteraturbanken.se/författare/AurellW
kraft,AvellanH,1840,3,https://litteraturbanken.se/författare/AvellanH
kraft,AvellanH,1880,3,https://litteraturbanken.se/författare/AvellanH
kraft,AxelsonM,1840,9,https://litteraturbanken.se/författare/AxelsonM
kraft,AxelsonM,1850,5,https://litteraturbanken.se/författare/AxelsonM
kraft,AxelsonM,1860,46,https://litteraturbanken.se/författare/AxelsonM
kraft,AxelsonM,1870,7,https://litteraturbanken.se/författare/AxelsonM
kraft,AxelsonM,1880,3,https://litteraturbanken.se/författare/AxelsonM
kraft,AxelssonA,1880,7,https://litteraturbanken.se/författare/AxelssonA
kraft,BackmanA,1890,6,https://litteraturbanken.se/författare/BackmanA
kraft,BackmanA,1900,10,https://litteraturbanken.se/författare/BackmanA
kraft,BaggeP,1880,120,https://litteraturbanken.se/författare/BaggeP
kraft,BaggerAA,1890,15,https://litteraturbanken.se/författare/BaggerAA
kraft,BahrJF,1830,5,https://litteraturbanken.se/författare/BahrJF
kraft,BarkstedtZL,1840,2,https://litteraturbanken.se/författare/BarkstedtZL
kraft,BarnekowEAS,1860,1,https://litteraturbanken.se/författare/BarnekowEAS
kraft,BarthelsonF,1870,3,https://litteraturbanken.se/författare/BarthelsonF
kraft,BechmanH,1880,4,https://litteraturbanken.se/författare/BechmanH
kraft,BeckerH,1870,2,https://litteraturbanken.se/författare/BeckerH
kraft,BeckerH,1880,6,https://litteraturbanken.se/författare/BeckerH
kraft,BeckmanE,1890,1,https://litteraturbanken.se/författare/BeckmanE
kraft,BeckmanS,1880,2,https://litteraturbanken.se/författare/BeckmanS
kraft,BehmO,1880,15,https://litteraturbanken.se/författare/BehmO
kraft,BehmO,1890,5,https://litteraturbanken.se/författare/BehmO
kraft,BellanderG,1880,1,https://litteraturbanken.se/författare/BellanderG
kraft,BellmanCM,1890,12,https://litteraturbanken.se/författare/BellmanCM
kraft,BenedictssonV,1880,61,https://litteraturbanken.se/författare/BenedictssonV
kraft,BenedictssonV,1890,66,https://litteraturbanken.se/författare/BenedictssonV
kraft,BenedictssonV,1910,13,https://litteraturbanken.se/författare/BenedictssonV
kraft,BensowO,1880,1,https://litteraturbanken.se/författare/BensowO
kraft,BensowO,1890,26,https://litteraturbanken.se/författare/BensowO
kraft,BenzelstiernaG,1880,2,https://litteraturbanken.se/författare/BenzelstiernaG
kraft,BenzonK,1900,18,https://litteraturbanken.se/författare/BenzonK
kraft,BergAH,1880,8,https://litteraturbanken.se/författare/BergAH
kraft,BergCO,1880,17,https://litteraturbanken.se/författare/BergCO
kraft,BergCO,1890,38,https://litteraturbanken.se/författare/BergCO
kraft,BergD,1910,3,https://litteraturbanken.se/författare/BergD
kraft,BergD,1930,6,https://litteraturbanken.se/författare/BergD
kraft,BergJA,1860,61,https://litteraturbanken.se/författare/BergJA
kraft,BergPG,1860,63,https://litteraturbanken.se/författare/BergPG
kraft,BergPG,1870,20,https://litteraturbanken.se/författare/BergPG
kraft,BergRG,1890,14,https://litteraturbanken.se/författare/BergRG
kraft,BergRG,1900,7,https://litteraturbanken.se/författare/BergRG
kraft,BergenströmAJ,1840,11,https://litteraturbanken.se/författare/Bergenstr%C3%B6mAJ
kraft,BergerH,1900,9,https://litteraturbanken.se/författare/BergerH
kraft,BergerH,1910,16,https://litteraturbanken.se/författare/BergerH
kraft,BergerL,1880,30,https://litteraturbanken.se/författare/BergerL
kraft,BerggrenAJ,1860,2,https://litteraturbanken.se/författare/BerggrenAJ
kraft,BerghR,1900,42,https://litteraturbanken.se/författare/BerghR
kraft,BerglindAG,1840,1,https://litteraturbanken.se/författare/BerglindAG
kraft,BerglundA,1880,5,https://litteraturbanken.se/författare/BerglundA
kraft,BerglundEW,1890,11,https://litteraturbanken.se/författare/BerglundEW
kraft,BerglundV,1850,11,https://litteraturbanken.se/författare/BerglundV
kraft,BergmanCJ,1840,4,https://litteraturbanken.se/författare/BergmanCJ
kraft,BergmanCJ,1880,27,https://litteraturbanken.se/författare/BergmanCJ
kraft,BergmanCW,1840,15,https://litteraturbanken.se/författare/BergmanCW
kraft,BergmanD,1890,3,https://litteraturbanken.se/författare/BergmanD
kraft,BergmanHj,1900,36,https://litteraturbanken.se/författare/BergmanHj
kraft,BergmanHj,1910,52,https://litteraturbanken.se/författare/BergmanHj
kraft,BergmanHj,1920,96,https://litteraturbanken.se/författare/BergmanHj
kraft,BergmanHj,1930,7,https://litteraturbanken.se/författare/BergmanHj
kraft,BergmanJ,1890,12,https://litteraturbanken.se/författare/BergmanJ
kraft,BergmanJM,1870,33,https://litteraturbanken.se/författare/BergmanJM
kraft,BergstedtAEM,1860,16,https://litteraturbanken.se/författare/BergstedtAEM
kraft,BergstrandPE,1860,6,https://litteraturbanken.se/författare/BergstrandPE
kraft,BergstrandPE,1880,2,https://litteraturbanken.se/författare/BergstrandPE
kraft,BergströmA,1880,1,https://litteraturbanken.se/författare/Bergstr%C3%B6mA
kraft,BergströmEO,1890,9,https://litteraturbanken.se/författare/Bergstr%C3%B6mEO
kraft,BergströmR,1880,43,https://litteraturbanken.se/författare/Bergstr%C3%B6mR
kraft,BergströmR,1890,8,https://litteraturbanken.se/författare/Bergstr%C3%B6mR
kraft,BergsøeV,1870,22,https://litteraturbanken.se/författare/Bergs%C3%B8eV
kraft,BerlinAC,1830,6,https://litteraturbanken.se/författare/BerlinAC
kraft,BerlinAC,1840,31,https://litteraturbanken.se/författare/BerlinAC
kraft,BerndtsonF,1850,11,https://litteraturbanken.se/författare/BerndtsonF
kraft,BerndtsonF,1860,11,https://litteraturbanken.se/författare/BerndtsonF
kraft,BerndtsonF,1880,19,https://litteraturbanken.se/författare/BerndtsonF
kraft,BeskowBvon,1840,4,https://litteraturbanken.se/författare/BeskowBvon
kraft,BeskowBvon,1870,12,https://litteraturbanken.se/författare/BeskowBvon
kraft,BeskowCA,1880,4,https://litteraturbanken.se/författare/BeskowCA
kraft,BeskowCA,1890,2,https://litteraturbanken.se/författare/BeskowCA
kraft,BeskowElisabeth,1890,23,https://litteraturbanken.se/författare/BeskowElisabeth
kraft,BeskowElisabeth,1900,35,https://litteraturbanken.se/författare/BeskowElisabeth
kraft,BeskowElisabeth,1920,8,https://litteraturbanken.se/författare/BeskowElisabeth
kraft,BeskowEugenie,1890,3,https://litteraturbanken.se/författare/BeskowEugenie
kraft,BillmarkCJ,1840,5,https://litteraturbanken.se/författare/BillmarkCJ
kraft,BjarkeFC,1890,19,https://litteraturbanken.se/författare/BjarkeFC
kraft,BjurstenH,1840,7,https://litteraturbanken.se/författare/BjurstenH
kraft,BjurstenH,1850,195,https://litteraturbanken.se/författare/BjurstenH
kraft,BjurstenH,1860,76,https://litteraturbanken.se/författare/BjurstenH
kraft,BjurströmG,1850,1,https://litteraturbanken.se/författare/Bjurstr%C3%B6mG
kraft,BjurströmG,1870,46,https://litteraturbanken.se/författare/Bjurstr%C3%B6mG
kraft,BjurströmG,1880,11,https://litteraturbanken.se/författare/Bjurstr%C3%B6mG
kraft,BjurströmPG,1890,5,https://litteraturbanken.se/författare/Bjurstr%C3%B6mPG
kraft,BjörckED,1860,28,https://litteraturbanken.se/författare/Bj%C3%B6rckED
kraft,BjörckJH,1870,2,https://litteraturbanken.se/författare/Bj%C3%B6rckJH
kraft,BjörckT,1840,3,https://litteraturbanken.se/författare/Bj%C3%B6rckT
kraft,BjörckT,1850,19,https://litteraturbanken.se/författare/Bj%C3%B6rckT
kraft,BjörkC,1850,3,https://litteraturbanken.se/författare/Bj%C3%B6rkC
kraft,BjörkC,1890,4,https://litteraturbanken.se/författare/Bj%C3%B6rkC
kraft,BjörkmanCG,1880,65,https://litteraturbanken.se/författare/Bj%C3%B6rkmanCG
kraft,BjörkmanG,1880,2,https://litteraturbanken.se/författare/Bj%C3%B6rkmanG
kraft,BjörksténE,1860,3,https://litteraturbanken.se/författare/Bj%C3%B6rkst%C3%A9nE
kraft,BjörlinG,1870,20,https://litteraturbanken.se/författare/Bj%C3%B6rlinG
kraft,BjörlinG,1880,21,https://litteraturbanken.se/författare/Bj%C3%B6rlinG
kraft,BjörlinG,1890,43,https://litteraturbanken.se/författare/Bj%C3%B6rlinG
kraft,BjörlinG,1900,40,https://litteraturbanken.se/författare/Bj%C3%B6rlinG
kraft,BjörlinG,1910,23,https://litteraturbanken.se/författare/Bj%C3%B6rlinG
kraft,BjörlingF,1860,2,https://litteraturbanken.se/författare/Bj%C3%B6rlingF
kraft,BjörlingF,1870,40,https://litteraturbanken.se/författare/Bj%C3%B6rlingF
kraft,BjörlingF,1880,43,https://litteraturbanken.se/författare/Bj%C3%B6rlingF
kraft,BlachetG,1890,6,https://litteraturbanken.se/författare/BlachetG
kraft,BlancheA,1830,3,https://litteraturbanken.se/författare/BlancheA
kraft,BlancheA,1840,109,https://litteraturbanken.se/författare/BlancheA
kraft,BlancheA,1850,32,https://litteraturbanken.se/författare/BlancheA
kraft,BlancheA,1870,1,https://litteraturbanken.se/författare/BlancheA
kraft,BlancheT,1880,6,https://litteraturbanken.se/författare/BlancheT
kraft,BlancheT,1890,6,https://litteraturbanken.se/författare/BlancheT
kraft,BlicherClausenJ,1890,9,https://litteraturbanken.se/författare/BlicherClausenJ
kraft,BlixénA,1860,11,https://litteraturbanken.se/författare/Blix%C3%A9nA
kraft,BlomL,1890,2,https://litteraturbanken.se/författare/BlomL
kraft,BlombergH,1910,2,https://litteraturbanken.se/författare/BlombergH
kraft,BlombergH,1920,30,https://litteraturbanken.se/författare/BlombergH
kraft,BlomgrenEG,1860,4,https://litteraturbanken.se/författare/BlomgrenEG
kraft,BlomgrenJC,1850,3,https://litteraturbanken.se/författare/BlomgrenJC
kraft,BlumauerK,1830,5,https://litteraturbanken.se/författare/BlumauerK
kraft,BlumenbergHG,1870,4,https://litteraturbanken.se/författare/BlumenbergHG
kraft,BobergC,1890,50,https://litteraturbanken.se/författare/BobergC
kraft,BobergC,1900,44,https://litteraturbanken.se/författare/BobergC
kraft,BohlinSAT,1870,4,https://litteraturbanken.se/författare/BohlinSAT
kraft,BohmanJG,1880,24,https://litteraturbanken.se/författare/BohmanJG
kraft,BohmeJ,1920,494,https://litteraturbanken.se/författare/BohmeJ
kraft,BoijeGA,1880,2,https://litteraturbanken.se/författare/BoijeGA
kraft,BoismanAW,1890,4,https://litteraturbanken.se/författare/BoismanAW
kraft,BolanderS,1840,71,https://litteraturbanken.se/författare/BolanderS
kraft,BolanderS,1850,141,https://litteraturbanken.se/författare/BolanderS
kraft,BolanderS,1860,222,https://litteraturbanken.se/författare/BolanderS
kraft,BollstenJC,1840,34,https://litteraturbanken.se/författare/BollstenJC
kraft,BondeK,1880,4,https://litteraturbanken.se/författare/BondeK
kraft,BondesonA,1880,26,https://litteraturbanken.se/författare/BondesonA
kraft,BondesonA,1890,14,https://litteraturbanken.se/författare/BondesonA
kraft,BondesonA,1900,19,https://litteraturbanken.se/författare/BondesonA
kraft,BonggrenJ,1880,5,https://litteraturbanken.se/författare/BonggrenJ
kraft,BoreE,1900,5,https://litteraturbanken.se/författare/BoreE
kraft,BoreliusH,1900,17,https://litteraturbanken.se/författare/BoreliusH
kraft,BorgströmFL,1870,4,https://litteraturbanken.se/författare/Borgstr%C3%B6mFL
kraft,BorgströmG,1890,15,https://litteraturbanken.se/författare/Borgstr%C3%B6mG
kraft,BothénG,1870,1,https://litteraturbanken.se/författare/Both%C3%A9nG
kraft,BotinA,1800,1,https://litteraturbanken.se/författare/BotinA
kraft,BoyeK,1920,9,https://litteraturbanken.se/författare/BoyeK
kraft,BoyeK,1930,60,https://litteraturbanken.se/författare/BoyeK
kraft,BoyeK,1940,37,https://litteraturbanken.se/författare/BoyeK
kraft,BragE,1880,35,https://litteraturbanken.se/författare/BragE
kraft,BragH,1840,2,https://litteraturbanken.se/författare/BragH
kraft,BragerMH,1880,7,https://litteraturbanken.se/författare/BragerMH
kraft,BrahePäldre,1890,1,https://litteraturbanken.se/författare/BraheP%C3%A4ldre
kraft,BrandtE,1890,15,https://litteraturbanken.se/författare/BrandtE
kraft,BrandtGJW,1860,42,https://litteraturbanken.se/författare/BrandtGJW
kraft,BrantingA,1890,35,https://litteraturbanken.se/författare/BrantingA
kraft,BrantingA,1900,20,https://litteraturbanken.se/författare/BrantingA
kraft,BrantingA,1910,16,https://litteraturbanken.se/författare/BrantingA
kraft,BrantingA,1930,6,https://litteraturbanken.se/författare/BrantingA
kraft,BrattI,1940,4,https://litteraturbanken.se/författare/BrattI
kraft,BraunWvon,1830,23,https://litteraturbanken.se/författare/BraunWvon
kraft,BraunWvon,1840,39,https://litteraturbanken.se/författare/BraunWvon
kraft,BraunWvon,1850,26,https://litteraturbanken.se/författare/BraunWvon
kraft,BraunWvon,1860,4,https://litteraturbanken.se/författare/BraunWvon
kraft,BraunWvon,1880,15,https://litteraturbanken.se/författare/BraunWvon
kraft,BraunerhjelmA,1880,6,https://litteraturbanken.se/författare/BraunerhjelmA
kraft,BraunerhjelmA,1900,19,https://litteraturbanken.se/författare/BraunerhjelmA
kraft,BredbergHW,1870,15,https://litteraturbanken.se/författare/BredbergHW
kraft,BremerF,1820,15,https://litteraturbanken.se/författare/BremerF
kraft,BremerF,1840,58,https://litteraturbanken.se/författare/BremerF
kraft,BremerF,1850,58,https://litteraturbanken.se/författare/BremerF
kraft,BremerF,1860,1,https://litteraturbanken.se/författare/BremerF
kraft,BremerF,1910,71,https://litteraturbanken.se/författare/BremerF
kraft,BrennerSE,1710,15,https://litteraturbanken.se/författare/BrennerSE
kraft,BrennerSE,1730,3,https://litteraturbanken.se/författare/BrennerSE
kraft,BrinkmanCG,1840,50,https://litteraturbanken.se/författare/BrinkmanCG
kraft,BrinkmanCG,1890,5,https://litteraturbanken.se/författare/BrinkmanCG
kraft,BromanPG,1860,3,https://litteraturbanken.se/författare/BromanPG
kraft,BronteC,1850,85,https://litteraturbanken.se/författare/BronteC
kraft,BruhnA,1910,1,https://litteraturbanken.se/författare/BruhnA
kraft,BruhnJN,1850,13,https://litteraturbanken.se/författare/BruhnJN
kraft,BruniusCG,1830,8,https://litteraturbanken.se/författare/BruniusCG
kraft,BruniusL,1840,91,https://litteraturbanken.se/författare/BruniusL
kraft,BruniusL,1850,32,https://litteraturbanken.se/författare/BruniusL
kraft,BruniusL,1870,52,https://litteraturbanken.se/författare/BruniusL
kraft,BruzeliusJ,1870,34,https://litteraturbanken.se/författare/BruzeliusJ
kraft,BruzeliusJ,1880,9,https://litteraturbanken.se/författare/BruzeliusJ
kraft,BråkenhielmM,1880,7,https://litteraturbanken.se/författare/Br%C3%A5kenhielmM
kraft,BråkenhielmM,1890,16,https://litteraturbanken.se/författare/Br%C3%A5kenhielmM
kraft,BuggeWicksellA,1910,1,https://litteraturbanken.se/författare/BuggeWicksellA
kraft,BurghausenCF,1850,4,https://litteraturbanken.se/författare/BurghausenCF
kraft,BurnettFH,1880,2,https://litteraturbanken.se/författare/BurnettFH
kraft,BuschO,1910,17,https://litteraturbanken.se/författare/BuschO
kraft,ButenschönA,1890,3,https://litteraturbanken.se/författare/Butensch%C3%B6nA
kraft,ByronGG,1820,12,https://litteraturbanken.se/författare/ByronGG
kraft,BäckmanJ,1890,9,https://litteraturbanken.se/författare/B%C3%A4ckmanJ
kraft,BäckmanW,1850,7,https://litteraturbanken.se/författare/B%C3%A4ckmanW
kraft,BäckmannI,1900,46,https://litteraturbanken.se/författare/B%C3%A4ckmannI
kraft,BäckmannI,1910,41,https://litteraturbanken.se/författare/B%C3%A4ckmannI
kraft,BäckmannI,1920,9,https://litteraturbanken.se/författare/B%C3%A4ckmannI
kraft,BäckmannI,1930,25,https://litteraturbanken.se/författare/B%C3%A4ckmannI
kraft,BäckmannI,1940,46,https://litteraturbanken.se/författare/B%C3%A4ckmannI
kraft,BäckströmE,1860,12,https://litteraturbanken.se/författare/B%C3%A4ckstr%C3%B6mE
kraft,BäckströmE,1870,16,https://litteraturbanken.se/författare/B%C3%A4ckstr%C3%B6mE
kraft,BäckströmE,1890,1,https://litteraturbanken.se/författare/B%C3%A4ckstr%C3%B6mE
kraft,BäckströmPO,1840,28,https://litteraturbanken.se/författare/B%C3%A4ckstr%C3%B6mPO
kraft,Bååth-HolmbergC,1880,1,https://litteraturbanken.se/författare/B%C3%A5%C3%A5th-HolmbergC
kraft,Bååth-HolmbergC,1890,32,https://litteraturbanken.se/författare/B%C3%A5%C3%A5th-HolmbergC
kraft,Bååth-HolmbergC,1900,18,https://litteraturbanken.se/författare/B%C3%A5%C3%A5th-HolmbergC
kraft,BååthAU,1870,8,https://litteraturbanken.se/författare/B%C3%A5%C3%A5thAU
kraft,BååthAU,1880,27,https://litteraturbanken.se/författare/B%C3%A5%C3%A5thAU
kraft,BååthAU,1890,14,https://litteraturbanken.se/författare/B%C3%A5%C3%A5thAU
kraft,BååthAU,1900,11,https://litteraturbanken.se/författare/B%C3%A5%C3%A5thAU
kraft,BörjessonJ,1840,5,https://litteraturbanken.se/författare/B%C3%B6rjessonJ
kraft,BörjessonJ,1860,1,https://litteraturbanken.se/författare/B%C3%B6rjessonJ
kraft,BöttigerCW,1830,34,https://litteraturbanken.se/författare/B%C3%B6ttigerCW
kraft,BöttigerCW,1840,2,https://litteraturbanken.se/författare/B%C3%B6ttigerCW
kraft,BöttigerCW,1860,1,https://litteraturbanken.se/författare/B%C3%B6ttigerCW
kraft,BöttigerCW,1870,46,https://litteraturbanken.se/författare/B%C3%B6ttigerCW
kraft,BöttigerCW,1880,26,https://litteraturbanken.se/författare/B%C3%B6ttigerCW
kraft,BöttigerCW,1890,27,https://litteraturbanken.se/författare/B%C3%B6ttigerCW
kraft,CajanderZ,1840,2,https://litteraturbanken.se/författare/CajanderZ
kraft,CardonOB,1860,1,https://litteraturbanken.se/författare/CardonOB
kraft,CarlanderM,1890,2,https://litteraturbanken.se/författare/CarlanderM
kraft,CarlbergF,1900,4,https://litteraturbanken.se/författare/CarlbergF
kraft,CarlbergF,1910,15,https://litteraturbanken.se/författare/CarlbergF
kraft,CarlstedtF,1830,13,https://litteraturbanken.se/författare/CarlstedtF
kraft,CarlströmA,1840,1,https://litteraturbanken.se/författare/Carlstr%C3%B6mA
kraft,CarlénCS,1860,2,https://litteraturbanken.se/författare/Carl%C3%A9nCS
kraft,CarlénJG,1830,7,https://litteraturbanken.se/författare/Carl%C3%A9nJG
kraft,CarlénO,1850,7,https://litteraturbanken.se/författare/Carl%C3%A9nO
kraft,CarlénO,1860,44,https://litteraturbanken.se/författare/Carl%C3%A9nO
kraft,CarlénO,1870,4,https://litteraturbanken.se/författare/Carl%C3%A9nO
kraft,CarlénO,1880,9,https://litteraturbanken.se/författare/Carl%C3%A9nO
kraft,CarlénR,1860,74,https://litteraturbanken.se/författare/Carl%C3%A9nR
kraft,CarlénR,1870,37,https://litteraturbanken.se/författare/Carl%C3%A9nR
kraft,CarstensFV,1840,33,https://litteraturbanken.se/författare/CarstensFV
kraft,CarterC,1900,2,https://litteraturbanken.se/författare/CarterC
kraft,CasselHj,1890,3,https://litteraturbanken.se/författare/CasselHj
kraft,CavallinC,1890,141,https://litteraturbanken.se/författare/CavallinC
kraft,CavallinS,1850,20,https://litteraturbanken.se/författare/CavallinS
kraft,CederbergB,1880,10,https://litteraturbanken.se/författare/CederbergB
kraft,CederbladA,1870,20,https://litteraturbanken.se/författare/CederbladA
kraft,CederbladA,1890,13,https://litteraturbanken.se/författare/CederbladA
kraft,CederborgCA,1890,3,https://litteraturbanken.se/författare/CederborgCA
kraft,CederborgCA,1910,7,https://litteraturbanken.se/författare/CederborgCA
kraft,CederborghF,1800,5,https://litteraturbanken.se/författare/CederborghF
kraft,CederborghF,1810,10,https://litteraturbanken.se/författare/CederborghF
kraft,CederborghF,1830,25,https://litteraturbanken.se/författare/CederborghF
kraft,CederborghF,1850,17,https://litteraturbanken.se/författare/CederborghF
kraft,CederborghF,1880,28,https://litteraturbanken.se/författare/CederborghF
kraft,CederlundA,1910,5,https://litteraturbanken.se/författare/CederlundA
kraft,CedermanR,1870,25,https://litteraturbanken.se/författare/CedermanR
kraft,CedermanR,1880,10,https://litteraturbanken.se/författare/CedermanR
kraft,CederqvistA,1870,12,https://litteraturbanken.se/författare/CederqvistA
kraft,CederqvistA,1880,1,https://litteraturbanken.se/författare/CederqvistA
kraft,CelsiusO,1800,1,https://litteraturbanken.se/författare/CelsiusO
kraft,CentervallFJG,1860,2,https://litteraturbanken.se/författare/CentervallFJG
kraft,ChristiernssonH,1880,7,https://litteraturbanken.se/författare/ChristiernssonH
kraft,ChristofferssonO,1910,4,https://litteraturbanken.se/författare/ChristofferssonO
kraft,ChydeniusK,1860,20,https://litteraturbanken.se/författare/ChydeniusK
kraft,ChytræusB,1860,3,https://litteraturbanken.se/författare/Chytr%C3%A6usB
kraft,CleveAlma,1890,16,https://litteraturbanken.se/författare/CleveAlma
kraft,CollianderH,1890,3,https://litteraturbanken.se/författare/CollianderH
kraft,CollijnI,1940,2,https://litteraturbanken.se/författare/CollijnI
kraft,CollinAZ,1870,1,https://litteraturbanken.se/författare/CollinAZ
kraft,CollinAZ,1880,2,https://litteraturbanken.se/författare/CollinAZ
kraft,CramærM,1840,9,https://litteraturbanken.se/författare/Cram%C3%A6rM
kraft,CramærM,1880,4,https://litteraturbanken.se/författare/Cram%C3%A6rM
kraft,CramérJN,1830,3,https://litteraturbanken.se/författare/Cram%C3%A9rJN
kraft,CreutzGP,1860,8,https://litteraturbanken.se/författare/CreutzGP
kraft,CronhamnAF,1830,4,https://litteraturbanken.se/författare/CronhamnAF
kraft,CronholmB,1850,34,https://litteraturbanken.se/författare/CronholmB
kraft,CronstrandB,1870,66,https://litteraturbanken.se/författare/CronstrandB
kraft,CrusenstolpeF,1840,16,https://litteraturbanken.se/författare/CrusenstolpeF
kraft,CrusenstolpeMJ,1840,213,https://litteraturbanken.se/författare/CrusenstolpeMJ
kraft,CygnæusF,1850,131,https://litteraturbanken.se/författare/Cygn%C3%A6usF
kraft,DaguerreLJM,1830,4,https://litteraturbanken.se/författare/DaguerreLJM
kraft,DahlM,1890,138,https://litteraturbanken.se/författare/DahlM
kraft,DahlanderGR,1870,24,https://litteraturbanken.se/författare/DahlanderGR
kraft,DahlanderGR,1880,15,https://litteraturbanken.se/författare/DahlanderGR
kraft,DahlbergE,1910,3,https://litteraturbanken.se/författare/DahlbergE
kraft,DahlgrenA,1890,3,https://litteraturbanken.se/författare/DahlgrenA
kraft,DahlgrenCF,1830,37,https://litteraturbanken.se/författare/DahlgrenCF
kraft,DahlgrenCF,1900,3,https://litteraturbanken.se/författare/DahlgrenCF
kraft,DahlgrenEW,1910,3,https://litteraturbanken.se/författare/DahlgrenEW
kraft,DahlgrenL,1900,18,https://litteraturbanken.se/författare/DahlgrenL
kraft,DahlqvistJP,1870,19,https://litteraturbanken.se/författare/DahlqvistJP
kraft,DahlströmJA,1840,20,https://litteraturbanken.se/författare/Dahlstr%C3%B6mJA
kraft,DalströmK,1880,58,https://litteraturbanken.se/författare/Dalstr%C3%B6mK
kraft,DalströmK,1890,1,https://litteraturbanken.se/författare/Dalstr%C3%B6mK
kraft,DalströmK,1900,11,https://litteraturbanken.se/författare/Dalstr%C3%B6mK
kraft,DalströmK,1910,15,https://litteraturbanken.se/författare/Dalstr%C3%B6mK
kraft,DammAJN,1870,4,https://litteraturbanken.se/författare/DammAJN
kraft,DammCA,1850,2,https://litteraturbanken.se/författare/DammCA
kraft,DammI,1890,2,https://litteraturbanken.se/författare/DammI
kraft,DammJ,1850,8,https://litteraturbanken.se/författare/DammJ
kraft,DammJ,1870,54,https://litteraturbanken.se/författare/DammJ
kraft,DanielssonAx,1880,11,https://litteraturbanken.se/författare/DanielssonAx
kraft,DanielssonE,1860,8,https://litteraturbanken.se/författare/DanielssonE
kraft,DanielssonJ,1890,8,https://litteraturbanken.se/författare/DanielssonJ
kraft,DarwinC,1870,91,https://litteraturbanken.se/författare/DarwinC
kraft,DeBèscheJW,1840,15,https://litteraturbanken.se/författare/DeB%C3%A8scheJW
kraft,DeGeerL,1840,53,https://litteraturbanken.se/författare/DeGeerL
kraft,DeGeerL,1880,12,https://litteraturbanken.se/författare/DeGeerL
kraft,DeGeerL,1890,107,https://litteraturbanken.se/författare/DeGeerL
kraft,DehlgrenA,1860,3,https://litteraturbanken.se/författare/DehlgrenA
kraft,DehnI,1860,10,https://litteraturbanken.se/författare/DehnI
kraft,DehnI,1870,3,https://litteraturbanken.se/författare/DehnI
kraft,DickensC,1840,5,https://litteraturbanken.se/författare/DickensC
kraft,DickensC,1860,1,https://litteraturbanken.se/författare/DickensC
kraft,DickensC,1910,5,https://litteraturbanken.se/författare/DickensC
kraft,DidringE,1890,3,https://litteraturbanken.se/författare/DidringE
kraft,DodgsonCL,1870,3,https://litteraturbanken.se/författare/DodgsonCL
kraft,DodgsonCL,1890,2,https://litteraturbanken.se/författare/DodgsonCL
kraft,DouglassF,1890,89,https://litteraturbanken.se/författare/DouglassF
kraft,DouglassF,1900,29,https://litteraturbanken.se/författare/DouglassF
kraft,DoyleAC,1890,19,https://litteraturbanken.se/författare/DoyleAC
kraft,DoyleAC,1910,4,https://litteraturbanken.se/författare/DoyleAC
kraft,DufvaEW,1860,9,https://litteraturbanken.se/författare/DufvaEW
kraft,DulciU,1760,6,https://litteraturbanken.se/författare/DulciU
kraft,DulciU,1770,21,https://litteraturbanken.se/författare/DulciU
kraft,DulciU,1780,14,https://litteraturbanken.se/författare/DulciU
kraft,DunckelD,1840,48,https://litteraturbanken.se/författare/DunckelD
kraft,DunckelD,1860,12,https://litteraturbanken.se/författare/DunckelD
kraft,DurlingM,1890,11,https://litteraturbanken.se/författare/DurlingM
kraft,DuseSA,1910,6,https://litteraturbanken.se/författare/DuseSA
kraft,DybeckR,1850,2,https://litteraturbanken.se/författare/DybeckR
kraft,EbersteinCC,1850,24,https://litteraturbanken.se/författare/EbersteinCC
kraft,EdelcrantzAN,1800,3,https://litteraturbanken.se/författare/EdelcrantzAN
kraft,EdelfeltJC,1830,19,https://litteraturbanken.se/författare/EdelfeltJC
kraft,EdgrenHj,1880,6,https://litteraturbanken.se/författare/EdgrenHj
kraft,EdgrenHj,1890,11,https://litteraturbanken.se/författare/EdgrenHj
kraft,EdwardsA,1870,9,https://litteraturbanken.se/författare/EdwardsA
kraft,EhrenborgAF,1840,86,https://litteraturbanken.se/författare/EhrenborgAF
kraft,EhrenborgPosseB,1850,1,https://litteraturbanken.se/författare/EhrenborgPosseB
kraft,EhrenborgPosseB,1870,96,https://litteraturbanken.se/författare/EhrenborgPosseB
kraft,EhrenströmM,1820,1,https://litteraturbanken.se/författare/Ehrenstr%C3%B6mM
kraft,EhrnroothA,1860,18,https://litteraturbanken.se/författare/EhrnroothA
kraft,EhrnroothA,1870,24,https://litteraturbanken.se/författare/EhrnroothA
kraft,EhrnroothA,1880,32,https://litteraturbanken.se/författare/EhrnroothA
kraft,EhrnroothA,1890,7,https://litteraturbanken.se/författare/EhrnroothA
kraft,EichhornC,1860,1,https://litteraturbanken.se/författare/EichhornC
kraft,EichhornC,1870,16,https://litteraturbanken.se/författare/EichhornC
kraft,EichhornC,1880,1,https://litteraturbanken.se/författare/EichhornC
kraft,EjsermanJS,1840,35,https://litteraturbanken.se/författare/EjsermanJS
kraft,EkK,1900,1,https://litteraturbanken.se/författare/EkK
kraft,EkK,1910,42,https://litteraturbanken.se/författare/EkK
kraft,EkK,1920,2,https://litteraturbanken.se/författare/EkK
kraft,EkbohrnCM,1850,36,https://litteraturbanken.se/författare/EkbohrnCM
kraft,EkbohrnCM,1860,31,https://litteraturbanken.se/författare/EkbohrnCM
kraft,EkebladKJ,1850,1,https://litteraturbanken.se/författare/EkebladKJ
kraft,EkebladKJ,1870,26,https://litteraturbanken.se/författare/EkebladKJ
kraft,EkebohmD,1870,8,https://litteraturbanken.se/författare/EkebohmD
kraft,EkelundJ,1840,9,https://litteraturbanken.se/författare/EkelundJ
kraft,EkelundV,1900,58,https://litteraturbanken.se/författare/EkelundV
kraft,EkelundV,1910,202,https://litteraturbanken.se/författare/EkelundV
kraft,EkelundV,1920,273,https://litteraturbanken.se/författare/EkelundV
kraft,EkelundV,1930,613,https://litteraturbanken.se/författare/EkelundV
kraft,EkelundV,1940,532,https://litteraturbanken.se/författare/EkelundV
kraft,EkermannA,1880,142,https://litteraturbanken.se/författare/EkermannA
kraft,EkerotHj,1880,4,https://litteraturbanken.se/författare/EkerotHj
kraft,EkerotHj,1890,8,https://litteraturbanken.se/författare/EkerotHj
kraft,EkevallAF,1890,16,https://litteraturbanken.se/författare/EkevallAF
kraft,EklundRR,1910,3,https://litteraturbanken.se/författare/EklundRR
kraft,EkmanE,1890,12,https://litteraturbanken.se/författare/EkmanE
kraft,EkmanL,1910,4,https://litteraturbanken.se/författare/EkmanL
kraft,EkmarckCE,1830,79,https://litteraturbanken.se/författare/EkmarckCE
kraft,EkmarckLA,1850,15,https://litteraturbanken.se/författare/EkmarckLA
kraft,EkströmCO,1860,17,https://litteraturbanken.se/författare/Ekstr%C3%B6mCO
kraft,EkströmCO,1870,36,https://litteraturbanken.se/författare/Ekstr%C3%B6mCO
kraft,EkströmFA,1870,3,https://litteraturbanken.se/författare/Ekstr%C3%B6mFA
kraft,EkströmHE,1840,21,https://litteraturbanken.se/författare/Ekstr%C3%B6mHE
kraft,EkströmHE,1880,17,https://litteraturbanken.se/författare/Ekstr%C3%B6mHE
kraft,ElgenstiernaG,1920,18,https://litteraturbanken.se/författare/ElgenstiernaG
kraft,ElgenstiernaG,1930,21,https://litteraturbanken.se/författare/ElgenstiernaG
kraft,ElgströmO,1910,3,https://litteraturbanken.se/författare/Elgstr%C3%B6mO
kraft,ElgströmO,1920,31,https://litteraturbanken.se/författare/Elgstr%C3%B6mO
kraft,ElkanS,1890,30,https://litteraturbanken.se/författare/ElkanS
kraft,ElkanS,1900,31,https://litteraturbanken.se/författare/ElkanS
kraft,ElkanS,1910,5,https://litteraturbanken.se/författare/ElkanS
kraft,ElmbladM,1870,5,https://litteraturbanken.se/författare/ElmbladM
kraft,ElmbladM,1880,17,https://litteraturbanken.se/författare/ElmbladM
kraft,ElmbladS,1890,11,https://litteraturbanken.se/författare/ElmbladS
kraft,EmanuelssonV,1890,98,https://litteraturbanken.se/författare/EmanuelssonV
kraft,EmanuelssonV,1900,19,https://litteraturbanken.se/författare/EmanuelssonV
kraft,EnanderJA,1890,26,https://litteraturbanken.se/författare/EnanderJA
kraft,EnbomPU,1790,3,https://litteraturbanken.se/författare/EnbomPU
kraft,EnerothC,1880,55,https://litteraturbanken.se/författare/EnerothC
kraft,EnerothC,1890,54,https://litteraturbanken.se/författare/EnerothC
kraft,EnerothC,1900,5,https://litteraturbanken.se/författare/EnerothC
kraft,EnerothO,1860,3,https://litteraturbanken.se/författare/EnerothO
kraft,EnerothO,1870,4,https://litteraturbanken.se/författare/EnerothO
kraft,EnerothO,1880,24,https://litteraturbanken.se/författare/EnerothO
kraft,EngdahlA,1910,6,https://litteraturbanken.se/författare/EngdahlA
kraft,EngelbertR,1880,4,https://litteraturbanken.se/författare/EngelbertR
kraft,EngelkeW,1890,4,https://litteraturbanken.se/författare/EngelkeW
kraft,EngströmA,1890,2,https://litteraturbanken.se/författare/Engstr%C3%B6mA
kraft,EngströmA,1900,11,https://litteraturbanken.se/författare/Engstr%C3%B6mA
kraft,EngströmA,1910,24,https://litteraturbanken.se/författare/Engstr%C3%B6mA
kraft,EngströmA,1920,5,https://litteraturbanken.se/författare/Engstr%C3%B6mA
kraft,EngströmAgnes,1840,6,https://litteraturbanken.se/författare/Engstr%C3%B6mAgnes
kraft,EngströmCA,1880,1,https://litteraturbanken.se/författare/Engstr%C3%B6mCA
kraft,EngströmG,1860,1,https://litteraturbanken.se/författare/Engstr%C3%B6mG
kraft,EngströmJ,1830,83,https://litteraturbanken.se/författare/Engstr%C3%B6mJ
kraft,EngströmJ,1840,45,https://litteraturbanken.se/författare/Engstr%C3%B6mJ
kraft,EngströmT,1870,1,https://litteraturbanken.se/författare/Engstr%C3%B6mT
kraft,EnnesBA,1810,18,https://litteraturbanken.se/författare/EnnesBA
kraft,EricsonA,1900,7,https://litteraturbanken.se/författare/EricsonA
kraft,EricssonOA,1850,39,https://litteraturbanken.se/författare/EricssonOA
kraft,EriksonAP,1870,2,https://litteraturbanken.se/författare/EriksonAP
kraft,ErikssonEG,1880,20,https://litteraturbanken.se/författare/ErikssonEG
kraft,ErikssonEW,1860,2,https://litteraturbanken.se/författare/ErikssonEW
kraft,EsselinH,1880,8,https://litteraturbanken.se/författare/EsselinH
kraft,EssenG,1870,5,https://litteraturbanken.se/författare/EssenG
kraft,EssenJA,1840,7,https://litteraturbanken.se/författare/EssenJA
kraft,EssénL,1890,9,https://litteraturbanken.se/författare/Ess%C3%A9nL
kraft,EversE,1880,10,https://litteraturbanken.se/författare/EversE
kraft,FahlcrantzAM,1850,13,https://litteraturbanken.se/författare/FahlcrantzAM
kraft,FahlstedtA,1880,3,https://litteraturbanken.se/författare/FahlstedtA
kraft,FahlstedtA,1890,43,https://litteraturbanken.se/författare/FahlstedtA
kraft,FalckAlberta,1880,4,https://litteraturbanken.se/författare/FalckAlberta
kraft,FalkH,1890,27,https://litteraturbanken.se/författare/FalkH
kraft,FalkH,1900,7,https://litteraturbanken.se/författare/FalkH
kraft,FalkmanC,1860,10,https://litteraturbanken.se/författare/FalkmanC
kraft,FallströmD,1880,25,https://litteraturbanken.se/författare/Fallstr%C3%B6mD
kraft,FallströmD,1890,11,https://litteraturbanken.se/författare/Fallstr%C3%B6mD
kraft,FantJE,1840,40,https://litteraturbanken.se/författare/FantJE
kraft,FehrF,1870,1,https://litteraturbanken.se/författare/FehrF
kraft,FeilitzenO,1840,36,https://litteraturbanken.se/författare/FeilitzenO
kraft,FeilitzenO,1870,11,https://litteraturbanken.se/författare/FeilitzenO
kraft,FeilitzenU,1870,11,https://litteraturbanken.se/författare/FeilitzenU
kraft,FeukCGT,1890,3,https://litteraturbanken.se/författare/FeukCGT
kraft,FeukL,1860,1,https://litteraturbanken.se/författare/FeukL
kraft,FeukL,1880,5,https://litteraturbanken.se/författare/FeukL
kraft,FischerT,1890,38,https://litteraturbanken.se/författare/FischerT
kraft,FitinghoffL,1880,6,https://litteraturbanken.se/författare/FitinghoffL
kraft,FitinghoffL,1890,21,https://litteraturbanken.se/författare/FitinghoffL
kraft,FitinghoffL,1900,9,https://litteraturbanken.se/författare/FitinghoffL
kraft,FitinghoffL,1910,8,https://litteraturbanken.se/författare/FitinghoffL
kraft,FitzgeraldFS,1940,2,https://litteraturbanken.se/författare/FitzgeraldFS
kraft,FlinkA,1890,4,https://litteraturbanken.se/författare/FlinkA
kraft,FlodinS,1860,2,https://litteraturbanken.se/författare/FlodinS
kraft,FlodmanA,1860,48,https://litteraturbanken.se/författare/FlodmanA
kraft,FlodmanA,1870,114,https://litteraturbanken.se/författare/FlodmanA
kraft,FlygareCarlénE,1830,67,https://litteraturbanken.se/författare/FlygareCarl%C3%A9nE
kraft,FlygareCarlénE,1840,603,https://litteraturbanken.se/författare/FlygareCarl%C3%A9nE
kraft,FlygareCarlénE,1850,136,https://litteraturbanken.se/författare/FlygareCarl%C3%A9nE
kraft,FlygareCarlénE,1860,189,https://litteraturbanken.se/författare/FlygareCarl%C3%A9nE
kraft,FlygareCarlénE,1870,105,https://litteraturbanken.se/författare/FlygareCarl%C3%A9nE
kraft,FlygareCarlénE,1880,116,https://litteraturbanken.se/författare/FlygareCarl%C3%A9nE
kraft,FlygareE,1850,18,https://litteraturbanken.se/författare/FlygareE
kraft,FlygareE,1860,16,https://litteraturbanken.se/författare/FlygareE
kraft,FogelholmA,1890,2,https://litteraturbanken.se/författare/FogelholmA
kraft,FogelqvistT,1920,4,https://litteraturbanken.se/författare/FogelqvistT
kraft,FornellBE,1840,33,https://litteraturbanken.se/författare/FornellBE
kraft,FornellBE,1850,142,https://litteraturbanken.se/författare/FornellBE
kraft,ForsmanKF,1880,11,https://litteraturbanken.se/författare/ForsmanKF
kraft,ForsmanKF,1890,9,https://litteraturbanken.se/författare/ForsmanKF
kraft,ForssbergEA,1880,1,https://litteraturbanken.se/författare/ForssbergEA
kraft,ForssellDC,1820,9,https://litteraturbanken.se/författare/ForssellDC
kraft,ForssellE,1890,15,https://litteraturbanken.se/författare/ForssellE
kraft,ForsslundKE,1890,19,https://litteraturbanken.se/författare/ForsslundKE
kraft,ForsslundKE,1900,56,https://litteraturbanken.se/författare/ForsslundKE
kraft,ForssmanE,1880,17,https://litteraturbanken.se/författare/ForssmanE
kraft,ForssmanE,1890,109,https://litteraturbanken.se/författare/ForssmanE
kraft,ForssmanE,1900,25,https://litteraturbanken.se/författare/ForssmanE
kraft,FrankS,1890,15,https://litteraturbanken.se/författare/FrankS
kraft,FranzénFM,1810,7,https://litteraturbanken.se/författare/Franz%C3%A9nFM
kraft,FranzénFM,1820,2,https://litteraturbanken.se/författare/Franz%C3%A9nFM
kraft,FranzénFM,1830,103,https://litteraturbanken.se/författare/Franz%C3%A9nFM
kraft,FranzénFM,1840,9,https://litteraturbanken.se/författare/Franz%C3%A9nFM
kraft,FranzénFM,1850,35,https://litteraturbanken.se/författare/Franz%C3%A9nFM
kraft,FredbergCRA,1910,6,https://litteraturbanken.se/författare/FredbergCRA
kraft,FredinE,1880,11,https://litteraturbanken.se/författare/FredinE
kraft,FredinE,1890,17,https://litteraturbanken.se/författare/FredinE
kraft,FreyJM,1830,2,https://litteraturbanken.se/författare/FreyJM
kraft,FrickMeijerAL,1880,16,https://litteraturbanken.se/författare/FrickMeijerAL
kraft,FrimanJC,1850,23,https://litteraturbanken.se/författare/FrimanJC
kraft,FrimanJC,1860,29,https://litteraturbanken.se/författare/FrimanJC
kraft,FrosterusSegerstråleH,1890,6,https://litteraturbanken.se/författare/FrosterusSegerstr%C3%A5leH
kraft,FrykholmS,1890,32,https://litteraturbanken.se/författare/FrykholmS
kraft,FryxellA,1880,27,https://litteraturbanken.se/författare/FryxellA
kraft,FryxellF,1840,7,https://litteraturbanken.se/författare/FryxellF
kraft,FryxellO,1830,41,https://litteraturbanken.se/författare/FryxellO
kraft,FrödingG,1890,87,https://litteraturbanken.se/författare/Fr%C3%B6dingG
kraft,FröléenJF,1830,1,https://litteraturbanken.se/författare/Fr%C3%B6l%C3%A9enJF
kraft,FuruhjelmAL,1870,7,https://litteraturbanken.se/författare/FuruhjelmAL
kraft,FuruhjelmM,1870,35,https://litteraturbanken.se/författare/FuruhjelmM
kraft,FuruhjelmM,1890,5,https://litteraturbanken.se/författare/FuruhjelmM
kraft,FåhræusK,1890,6,https://litteraturbanken.se/författare/F%C3%A5hr%C3%A6usK
kraft,FåhræusOI,1860,2,https://litteraturbanken.se/författare/F%C3%A5hr%C3%A6usOI
kraft,GadeliusB,1900,5,https://litteraturbanken.se/författare/GadeliusB
kraft,GadeliusB,1910,2,https://litteraturbanken.se/författare/GadeliusB
kraft,GeijerEG,1810,9,https://litteraturbanken.se/författare/GeijerEG
kraft,GeijerEG,1830,33,https://litteraturbanken.se/författare/GeijerEG
kraft,GeijerEG,1840,75,https://litteraturbanken.se/författare/GeijerEG
kraft,GeijerEG,1850,610,https://litteraturbanken.se/författare/GeijerEG
kraft,GeijerEG,1920,16,https://litteraturbanken.se/författare/GeijerEG
kraft,GeijerstamG,1880,132,https://litteraturbanken.se/författare/GeijerstamG
kraft,GeijerstamG,1890,172,https://litteraturbanken.se/författare/GeijerstamG
kraft,GeijerstamG,1900,12,https://litteraturbanken.se/författare/GeijerstamG
kraft,GellerstedtAT,1870,2,https://litteraturbanken.se/författare/GellerstedtAT
kraft,GellerstedtAT,1880,2,https://litteraturbanken.se/författare/GellerstedtAT
kraft,GellerstedtAT,1900,1,https://litteraturbanken.se/författare/GellerstedtAT
kraft,GernandtClaineJ,1890,29,https://litteraturbanken.se/författare/GernandtClaineJ
kraft,GernandtClaineJ,1900,1,https://litteraturbanken.se/författare/GernandtClaineJ
kraft,GestrinM,1860,25,https://litteraturbanken.se/författare/GestrinM
kraft,GestrinM,1870,17,https://litteraturbanken.se/författare/GestrinM
kraft,GetheC,1850,25,https://litteraturbanken.se/författare/GetheC
kraft,GiertzT,1890,12,https://litteraturbanken.se/författare/GiertzT
kraft,GilleE,1910,12,https://litteraturbanken.se/författare/GilleE
kraft,GoetheJW,1900,18,https://litteraturbanken.se/författare/GoetheJW
kraft,GoveniusLJ,1850,21,https://litteraturbanken.se/författare/GoveniusLJ
kraft,GoveniusLJ,1860,29,https://litteraturbanken.se/författare/GoveniusLJ
kraft,GoveniusLJ,1870,55,https://litteraturbanken.se/författare/GoveniusLJ
kraft,GoveniusLJ,1880,48,https://litteraturbanken.se/författare/GoveniusLJ
kraft,GoveniusLJ,1890,11,https://litteraturbanken.se/författare/GoveniusLJ
kraft,GrafströmF,1880,31,https://litteraturbanken.se/författare/Grafstr%C3%B6mF
kraft,GranathW,1890,1226,https://litteraturbanken.se/författare/GranathW
kraft,GranathW,1900,110,https://litteraturbanken.se/författare/GranathW
kraft,GranbergJ,1890,4,https://litteraturbanken.se/författare/GranbergJ
kraft,GranbergPA,1800,4,https://litteraturbanken.se/författare/GranbergPA
kraft,GranbergR,1890,4,https://litteraturbanken.se/författare/GranbergR
kraft,GranholmJ,1890,25,https://litteraturbanken.se/författare/GranholmJ
kraft,GravalliusDE,1840,2,https://litteraturbanken.se/författare/GravalliusDE
kraft,GravalliusW,1840,52,https://litteraturbanken.se/författare/GravalliusW
kraft,GravalliusW,1860,50,https://litteraturbanken.se/författare/GravalliusW
kraft,GravalliusW,1870,24,https://litteraturbanken.se/författare/GravalliusW
kraft,GravalliusW,1880,55,https://litteraturbanken.se/författare/GravalliusW
kraft,GravalliusW,1890,45,https://litteraturbanken.se/författare/GravalliusW
kraft,GravanderLF,1830,8,https://litteraturbanken.se/författare/GravanderLF
kraft,GrebstWA,1900,3,https://litteraturbanken.se/författare/GrebstWA
kraft,GrebstWA,1910,33,https://litteraturbanken.se/författare/GrebstWA
kraft,GrimmJ,1890,38,https://litteraturbanken.se/författare/GrimmJ
kraft,GripenbergA,1870,6,https://litteraturbanken.se/författare/GripenbergA
kraft,GripenbergA,1880,23,https://litteraturbanken.se/författare/GripenbergA
kraft,GrubbeS,1830,9,https://litteraturbanken.se/författare/GrubbeS
kraft,GråberghO,1860,3,https://litteraturbanken.se/författare/Gr%C3%A5berghO
kraft,GrönlundK,1880,4,https://litteraturbanken.se/författare/Gr%C3%B6nlundK
kraft,GrönstedtJ,1880,11,https://litteraturbanken.se/författare/Gr%C3%B6nstedtJ
kraft,GrönstedtJ,1890,7,https://litteraturbanken.se/författare/Gr%C3%B6nstedtJ
kraft,GrönwallW,1840,23,https://litteraturbanken.se/författare/Gr%C3%B6nwallW
kraft,GullbergG,1880,3,https://litteraturbanken.se/författare/GullbergG
kraft,GullbergG,1890,5,https://litteraturbanken.se/författare/GullbergG
kraft,GullbrandssenE,1860,10,https://litteraturbanken.se/författare/GullbrandssenE
kraft,GumæliusGW,1860,11,https://litteraturbanken.se/författare/Gum%C3%A6liusGW
kraft,GumæliusGW,1870,22,https://litteraturbanken.se/författare/Gum%C3%A6liusGW
kraft,GustafIII,1800,1,https://litteraturbanken.se/författare/GustafIII
kraft,GustafssonR,1860,34,https://litteraturbanken.se/författare/GustafssonR
kraft,GustafssonR,1870,42,https://litteraturbanken.se/författare/GustafssonR
kraft,GustafssonR,1880,12,https://litteraturbanken.se/författare/GustafssonR
kraft,GylanderEK,1840,11,https://litteraturbanken.se/författare/GylanderEK
kraft,GyllenborgGF,1880,2,https://litteraturbanken.se/författare/GyllenborgGF
kraft,GyllenhaalA,1880,48,https://litteraturbanken.se/författare/GyllenhaalA
kraft,GyllensvärdS,1890,2,https://litteraturbanken.se/författare/Gyllensv%C3%A4rdS
kraft,GyllensvärdV,1870,1,https://litteraturbanken.se/författare/Gyllensv%C3%A4rdV
kraft,GyntherOF,1830,3,https://litteraturbanken.se/författare/GyntherOF
kraft,GällstedtPJ,1840,14,https://litteraturbanken.se/författare/G%C3%A4llstedtPJ
kraft,GällstedtPJ,1850,9,https://litteraturbanken.se/författare/G%C3%A4llstedtPJ
kraft,GérardJII,1870,15,https://litteraturbanken.se/författare/G%C3%A9rardJII
kraft,GödeckePA,1860,9,https://litteraturbanken.se/författare/G%C3%B6deckePA
kraft,GödeckePA,1870,11,https://litteraturbanken.se/författare/G%C3%B6deckePA
kraft,GöranssonZ,1850,5,https://litteraturbanken.se/författare/G%C3%B6ranssonZ
kraft,GötbergR,1860,4,https://litteraturbanken.se/författare/G%C3%B6tbergR
kraft,GötbergR,1870,2,https://litteraturbanken.se/författare/G%C3%B6tbergR
kraft,GötlindJ,1920,3,https://litteraturbanken.se/författare/G%C3%B6tlindJ
kraft,HackzellE,1830,2,https://litteraturbanken.se/författare/HackzellE
kraft,HackzellE,1840,4,https://litteraturbanken.se/författare/HackzellE
kraft,HackzellE,1860,46,https://litteraturbanken.se/författare/HackzellE
kraft,HackzellE,1880,4,https://litteraturbanken.se/författare/HackzellE
kraft,HackzellE,1890,8,https://litteraturbanken.se/författare/HackzellE
kraft,HagbergCA,1830,12,https://litteraturbanken.se/författare/HagbergCA
kraft,HagbergFT,1870,8,https://litteraturbanken.se/författare/HagbergFT
kraft,HagbergT,1860,6,https://litteraturbanken.se/författare/HagbergT
kraft,HagströmPA,1860,2,https://litteraturbanken.se/författare/Hagstr%C3%B6mPA
kraft,HagströmT,1960,2,https://litteraturbanken.se/författare/Hagstr%C3%B6mT
kraft,HahnC,1890,10,https://litteraturbanken.se/författare/HahnC
kraft,HallbäckH,1880,5,https://litteraturbanken.se/författare/Hallb%C3%A4ckH
kraft,HallenborgC,1890,3,https://litteraturbanken.se/författare/HallenborgC
kraft,HallenborgECFFL,1850,1,https://litteraturbanken.se/författare/HallenborgECFFL
kraft,HallmanA,1860,24,https://litteraturbanken.se/författare/HallmanA
kraft,HallonlöfA,1880,16,https://litteraturbanken.se/författare/Hallonl%C3%B6fA
kraft,HallonlöfA,1890,3,https://litteraturbanken.se/författare/Hallonl%C3%B6fA
kraft,HallénB,1890,4,https://litteraturbanken.se/författare/Hall%C3%A9nB
kraft,HamiltonK,1880,1,https://litteraturbanken.se/författare/HamiltonK
kraft,HammargrenT,1890,7,https://litteraturbanken.se/författare/HammargrenT
kraft,HammarinJ,1840,9,https://litteraturbanken.se/författare/HammarinJ
kraft,HammarsköldC,1890,4,https://litteraturbanken.se/författare/Hammarsk%C3%B6ldC
kraft,HammarströmAA,1830,1,https://litteraturbanken.se/författare/Hammarstr%C3%B6mAA
kraft,HamsunK,1900,1,https://litteraturbanken.se/författare/HamsunK
kraft,HanselliP,1840,24,https://litteraturbanken.se/författare/HanselliP
kraft,HanselliP,1860,19,https://litteraturbanken.se/författare/HanselliP
kraft,HanselliP,1870,7,https://litteraturbanken.se/författare/HanselliP
kraft,HanssonO,1880,26,https://litteraturbanken.se/författare/HanssonO
kraft,HanssonO,1890,28,https://litteraturbanken.se/författare/HanssonO
kraft,HanssonO,1900,11,https://litteraturbanken.se/författare/HanssonO
kraft,HanssonO,1910,19,https://litteraturbanken.se/författare/HanssonO
kraft,HansénM,1880,4,https://litteraturbanken.se/författare/Hans%C3%A9nM
kraft,HarrisonMSLK,1900,40,https://litteraturbanken.se/författare/HarrisonMSLK
kraft,HarteliusTJ,1890,25,https://litteraturbanken.se/författare/HarteliusTJ
kraft,HasselbergS,1860,8,https://litteraturbanken.se/författare/HasselbergS
kraft,HasselgrenA,1880,4,https://litteraturbanken.se/författare/HasselgrenA
kraft,HasselskogN,1930,3,https://litteraturbanken.se/författare/HasselskogN
kraft,HauptmannG,1910,3,https://litteraturbanken.se/författare/HauptmannG
kraft,HazeliusA,1870,14,https://litteraturbanken.se/författare/HazeliusA
kraft,HebbeW,1840,11,https://litteraturbanken.se/författare/HebbeW
kraft,HebbeW,1850,31,https://litteraturbanken.se/författare/HebbeW
kraft,HebbeW,1870,9,https://litteraturbanken.se/författare/HebbeW
kraft,HebbeW,1880,7,https://litteraturbanken.se/författare/HebbeW
kraft,HedbergF,1850,14,https://litteraturbanken.se/författare/HedbergF
kraft,HedbergF,1860,30,https://litteraturbanken.se/författare/HedbergF
kraft,HedbergF,1870,35,https://litteraturbanken.se/författare/HedbergF
kraft,HedbergF,1880,35,https://litteraturbanken.se/författare/HedbergF
kraft,HedbergF,1890,87,https://litteraturbanken.se/författare/HedbergF
kraft,HedbergF,1910,3,https://litteraturbanken.se/författare/HedbergF
kraft,HedbergT,1880,47,https://litteraturbanken.se/författare/HedbergT
kraft,HedbergT,1890,59,https://litteraturbanken.se/författare/HedbergT
kraft,HedbornS,1830,21,https://litteraturbanken.se/författare/HedbornS
kraft,HedenstiernaA,1880,49,https://litteraturbanken.se/författare/HedenstiernaA
kraft,HedenstiernaA,1890,149,https://litteraturbanken.se/författare/HedenstiernaA
kraft,HedenstiernaA,1900,18,https://litteraturbanken.se/författare/HedenstiernaA
kraft,HedinS,1900,44,https://litteraturbanken.se/författare/HedinS
kraft,HedinS,1910,113,https://litteraturbanken.se/författare/HedinS
kraft,HedinS,1920,2,https://litteraturbanken.se/författare/HedinS
kraft,HedlundH,1870,1,https://litteraturbanken.se/författare/HedlundH
kraft,HedlundSA,1850,11,https://litteraturbanken.se/författare/HedlundSA
kraft,HedvallY,1910,25,https://litteraturbanken.se/författare/HedvallY
kraft,HedvallY,1920,32,https://litteraturbanken.se/författare/HedvallY
kraft,HedvallY,1930,7,https://litteraturbanken.se/författare/HedvallY
kraft,HedvallY,1940,9,https://litteraturbanken.se/författare/HedvallY
kraft,HedvigElisabetCharlotta,1890,4,https://litteraturbanken.se/författare/HedvigElisabetCharlotta
kraft,HeidenstamV,1880,7,https://litteraturbanken.se/författare/HeidenstamV
kraft,HeidenstamV,1890,23,https://litteraturbanken.se/författare/HeidenstamV
kraft,HeidenstamV,1900,71,https://litteraturbanken.se/författare/HeidenstamV
kraft,HeidenstamV,1910,14,https://litteraturbanken.se/författare/HeidenstamV
kraft,HelgesonP,2010,2,https://litteraturbanken.se/författare/HelgesonP
kraft,HellbergJC,1830,11,https://litteraturbanken.se/författare/HellbergJC
kraft,HellbergJC,1860,3,https://litteraturbanken.se/författare/HellbergJC
kraft,HelvigA,1910,31,https://litteraturbanken.se/författare/HelvigA
kraft,HemgrenK,1880,6,https://litteraturbanken.se/författare/HemgrenK
kraft,HemmerJ,1910,8,https://litteraturbanken.se/författare/HemmerJ
kraft,HemmerJ,1920,9,https://litteraturbanken.se/författare/HemmerJ
kraft,HenrikssonJ,1880,3,https://litteraturbanken.se/författare/HenrikssonJ
kraft,HenrikssonJ,1910,12,https://litteraturbanken.se/författare/HenrikssonJ
kraft,HermelinE,1930,23,https://litteraturbanken.se/författare/HermelinE
kraft,HermelinE,1940,2,https://litteraturbanken.se/författare/HermelinE
kraft,HermelinOyngre,1880,4,https://litteraturbanken.se/författare/HermelinOyngre
kraft,HermelinOyngre,1890,2,https://litteraturbanken.se/författare/HermelinOyngre
kraft,HernlundH,1880,91,https://litteraturbanken.se/författare/HernlundH
kraft,HerslowGA,1870,38,https://litteraturbanken.se/författare/HerslowGA
kraft,HertzbergR,1870,3,https://litteraturbanken.se/författare/HertzbergR
kraft,HertzbergR,1880,17,https://litteraturbanken.se/författare/HertzbergR
kraft,HertzbergR,1890,32,https://litteraturbanken.se/författare/HertzbergR
kraft,HildebrandA,1880,27,https://litteraturbanken.se/författare/HildebrandA
kraft,HildebrandH,1870,8,https://litteraturbanken.se/författare/HildebrandH
kraft,HjelmR,1890,35,https://litteraturbanken.se/författare/HjelmR
kraft,HjelmqvistT,1890,7,https://litteraturbanken.se/författare/HjelmqvistT
kraft,HjertaG,1830,3,https://litteraturbanken.se/författare/HjertaG
kraft,HjohlmanHj,1880,7,https://litteraturbanken.se/författare/HjohlmanHj
kraft,HjorthE,1890,17,https://litteraturbanken.se/författare/HjorthE
kraft,HjärneCC,1880,1,https://litteraturbanken.se/författare/Hj%C3%A4rneCC
kraft,HjärneR,1880,26,https://litteraturbanken.se/författare/Hj%C3%A4rneR
kraft,HodellF,1870,3,https://litteraturbanken.se/författare/HodellF
kraft,HoffmannF,1870,30,https://litteraturbanken.se/författare/HoffmannF
kraft,HofstenJC,1860,40,https://litteraturbanken.se/författare/HofstenJC
kraft,HofstenJC,1870,15,https://litteraturbanken.se/författare/HofstenJC
kraft,HofstenJC,1880,80,https://litteraturbanken.se/författare/HofstenJC
kraft,HofstenJC,1890,70,https://litteraturbanken.se/författare/HofstenJC
kraft,HollanderSA,1840,10,https://litteraturbanken.se/författare/HollanderSA
kraft,HollertzJP,1850,8,https://litteraturbanken.se/författare/HollertzJP
kraft,HolmbergHulda,1890,2,https://litteraturbanken.se/författare/HolmbergHulda
kraft,HolmgrenAM,1890,27,https://litteraturbanken.se/författare/HolmgrenAM
kraft,HolmgrenAM,1910,1,https://litteraturbanken.se/författare/HolmgrenAM
kraft,HolmgrenF,1890,132,https://litteraturbanken.se/författare/HolmgrenF
kraft,HolmströmCFA,1840,7,https://litteraturbanken.se/författare/Holmstr%C3%B6mCFA
kraft,HortlingI,1920,11,https://litteraturbanken.se/författare/HortlingI
kraft,HovingF,1910,2,https://litteraturbanken.se/författare/HovingF
kraft,HovingIW,1830,1,https://litteraturbanken.se/författare/HovingIW
kraft,HuldbergPU,1830,2,https://litteraturbanken.se/författare/HuldbergPU
kraft,HultgrenG,1890,10,https://litteraturbanken.se/författare/HultgrenG
kraft,HultgrenJE,1880,5,https://litteraturbanken.se/författare/HultgrenJE
kraft,HulthénJ,1890,1,https://litteraturbanken.se/författare/Hulth%C3%A9nJ
kraft,HultinC,1840,67,https://litteraturbanken.se/författare/HultinC
kraft,HumbleJ,1870,24,https://litteraturbanken.se/författare/HumbleJ
kraft,HussE,1870,4,https://litteraturbanken.se/författare/HussE
kraft,HvalgrenE,1880,30,https://litteraturbanken.se/författare/HvalgrenE
kraft,HwasserD,1840,4,https://litteraturbanken.se/författare/HwasserD
kraft,HwasserD,1860,3,https://litteraturbanken.se/författare/HwasserD
kraft,HwasserI,1840,177,https://litteraturbanken.se/författare/HwasserI
kraft,HwasserI,1850,174,https://litteraturbanken.se/författare/HwasserI
kraft,HydénN,1890,56,https://litteraturbanken.se/författare/Hyd%C3%A9nN
kraft,HydénN,1900,49,https://litteraturbanken.se/författare/Hyd%C3%A9nN
kraft,HylténCavalliusGO,1850,2,https://litteraturbanken.se/författare/Hylt%C3%A9nCavalliusGO
kraft,HylténCavalliusGO,1870,1,https://litteraturbanken.se/författare/Hylt%C3%A9nCavalliusGO
kraft,HägerströmA,1890,19,https://litteraturbanken.se/författare/H%C3%A4gerstr%C3%B6mA
kraft,HällgrenAG,1860,1,https://litteraturbanken.se/författare/H%C3%A4llgrenAG
kraft,HässlerO,1880,70,https://litteraturbanken.se/författare/H%C3%A4sslerO
kraft,HäthénJA,1890,13,https://litteraturbanken.se/författare/H%C3%A4th%C3%A9nJA
kraft,HögbergO,1900,30,https://litteraturbanken.se/författare/H%C3%B6gbergO
kraft,HöggrenF,1840,12,https://litteraturbanken.se/författare/H%C3%B6ggrenF
kraft,HöglundHj,1900,24,https://litteraturbanken.se/författare/H%C3%B6glundHj
kraft,HögmanA,1890,52,https://litteraturbanken.se/författare/H%C3%B6gmanA
kraft,HöijerB,1790,24,https://litteraturbanken.se/författare/H%C3%B6ijerB
kraft,HöijerJL,1840,11,https://litteraturbanken.se/författare/H%C3%B6ijerJL
kraft,HöijerJL,1870,6,https://litteraturbanken.se/författare/H%C3%B6ijerJL
kraft,HörlinH,1890,5,https://litteraturbanken.se/författare/H%C3%B6rlinH
kraft,HülphersAA,1880,1,https://litteraturbanken.se/författare/H%C3%BClphersAA
kraft,IbsenH,1870,26,https://litteraturbanken.se/författare/IbsenH
kraft,IbsenH,1880,15,https://litteraturbanken.se/författare/IbsenH
kraft,IbsenH,1900,3,https://litteraturbanken.se/författare/IbsenH
kraft,IdstromE,1890,20,https://litteraturbanken.se/författare/IdstromE
kraft,IndebetouA,1870,3,https://litteraturbanken.se/författare/IndebetouA
kraft,IndebetouH,1890,21,https://litteraturbanken.se/författare/IndebetouH
kraft,IngeliusAG,1840,16,https://litteraturbanken.se/författare/IngeliusAG
kraft,IngeliusAG,1850,65,https://litteraturbanken.se/författare/IngeliusAG
kraft,IngelmanGG,1820,10,https://litteraturbanken.se/författare/IngelmanGG
kraft,IngelmanGG,1830,55,https://litteraturbanken.se/författare/IngelmanGG
kraft,IngelmanGG,1840,49,https://litteraturbanken.se/författare/IngelmanGG
kraft,IvendorffCJ,1840,10,https://litteraturbanken.se/författare/IvendorffCJ
kraft,JacobsonHarald,1890,55,https://litteraturbanken.se/författare/JacobsonHarald
kraft,JacobssonCF,1820,11,https://litteraturbanken.se/författare/JacobssonCF
kraft,JacobssonCF,1830,24,https://litteraturbanken.se/författare/JacobssonCF
kraft,JacobssonJT,1870,1,https://litteraturbanken.se/författare/JacobssonJT
kraft,JacobssonJT,1880,50,https://litteraturbanken.se/författare/JacobssonJT
kraft,JaenzonAP,1890,1,https://litteraturbanken.se/författare/JaenzonAP
kraft,JahnssonEF,1870,25,https://litteraturbanken.se/författare/JahnssonEF
kraft,JahnssonEF,1880,13,https://litteraturbanken.se/författare/JahnssonEF
kraft,JakobssonA,1890,3,https://litteraturbanken.se/författare/JakobssonA
kraft,JamesD,1880,75,https://litteraturbanken.se/författare/JamesD
kraft,JansonB,1880,13,https://litteraturbanken.se/författare/JansonB
kraft,JansonB,1890,55,https://litteraturbanken.se/författare/JansonB
kraft,JansonB,1900,29,https://litteraturbanken.se/författare/JansonB
kraft,JansonG,1890,50,https://litteraturbanken.se/författare/JansonG
kraft,JanzonG,1850,17,https://litteraturbanken.se/författare/JanzonG
kraft,JensenA,1890,6,https://litteraturbanken.se/författare/JensenA
kraft,JohansonK,1890,3,https://litteraturbanken.se/författare/JohansonK
kraft,JohansonK,1900,13,https://litteraturbanken.se/författare/JohansonK
kraft,JohansonK,1940,25,https://litteraturbanken.se/författare/JohansonK
kraft,JohansonO,1880,5,https://litteraturbanken.se/författare/JohansonO
kraft,JohanssonAMCJ,1900,3,https://litteraturbanken.se/författare/JohanssonAMCJ
kraft,JohanssonDickensSJJ,1870,10,https://litteraturbanken.se/författare/JohanssonDickensSJJ
kraft,JohanssonJ,1900,89,https://litteraturbanken.se/författare/JohanssonJ
kraft,JohanssonK,1900,19,https://litteraturbanken.se/författare/JohanssonK
kraft,JohanssonStrickert,1870,1,https://litteraturbanken.se/författare/JohanssonStrickert
kraft,JohnsonJ,1880,28,https://litteraturbanken.se/författare/JohnsonJ
kraft,JohnsonJ,1890,78,https://litteraturbanken.se/författare/JohnsonJ
kraft,JohnsonJ,1900,21,https://litteraturbanken.se/författare/JohnsonJ
kraft,JolinE,1910,16,https://litteraturbanken.se/författare/JolinE
kraft,JolinJ,1860,48,https://litteraturbanken.se/författare/JolinJ
kraft,JolinJ,1870,63,https://litteraturbanken.se/författare/JolinJ
kraft,JolinJ,1880,52,https://litteraturbanken.se/författare/JolinJ
kraft,JolinJ,1890,55,https://litteraturbanken.se/författare/JolinJ
kraft,JolinJ,1920,15,https://litteraturbanken.se/författare/JolinJ
kraft,JonssonHJB,1890,9,https://litteraturbanken.se/författare/JonssonHJB
kraft,JonssonT,1930,1,https://litteraturbanken.se/författare/JonssonT
kraft,JonssonT,1940,2,https://litteraturbanken.se/författare/JonssonT
kraft,JonssonT,1950,3,https://litteraturbanken.se/författare/JonssonT
kraft,JosephsonE,1880,1,https://litteraturbanken.se/författare/JosephsonE
kraft,JosephsonE,1890,2,https://litteraturbanken.se/författare/JosephsonE
kraft,JosephsonL,1870,18,https://litteraturbanken.se/författare/JosephsonL
kraft,JosephsonL,1890,33,https://litteraturbanken.se/författare/JosephsonL
kraft,JuhlerCA,1860,4,https://litteraturbanken.se/författare/JuhlerCA
kraft,JunghansS,1870,13,https://litteraturbanken.se/författare/JunghansS
kraft,JuringiusJP,1850,4,https://litteraturbanken.se/författare/JuringiusJP
kraft,JuringiusSM,1860,34,https://litteraturbanken.se/författare/JuringiusSM
kraft,JäderinA,1870,10,https://litteraturbanken.se/författare/J%C3%A4derinA
kraft,JäderinA,1890,4,https://litteraturbanken.se/författare/J%C3%A4derinA
kraft,JändelR,1910,8,https://litteraturbanken.se/författare/J%C3%A4ndelR
kraft,JändelR,1920,39,https://litteraturbanken.se/författare/J%C3%A4ndelR
kraft,JändelR,1930,5,https://litteraturbanken.se/författare/J%C3%A4ndelR
kraft,JärtaH,1840,2,https://litteraturbanken.se/författare/J%C3%A4rtaH
kraft,JärtaH,1890,14,https://litteraturbanken.se/författare/J%C3%A4rtaH
kraft,JænischA,1890,20,https://litteraturbanken.se/författare/J%C3%A6nischA
kraft,KahlsonG,1850,1,https://litteraturbanken.se/författare/KahlsonG
kraft,KahlsonG,1860,4,https://litteraturbanken.se/författare/KahlsonG
kraft,KahlsonG,1880,11,https://litteraturbanken.se/författare/KahlsonG
kraft,KamkeH,1890,7,https://litteraturbanken.se/författare/KamkeH
kraft,KantzowEBSG,1890,5,https://litteraturbanken.se/författare/KantzowEBSG
kraft,KaradjaM,1890,8,https://litteraturbanken.se/författare/KaradjaM
kraft,KaradjaM,1900,8,https://litteraturbanken.se/författare/KaradjaM
kraft,KarlXV,1850,31,https://litteraturbanken.se/författare/KarlXV
kraft,KarlXV,1860,38,https://litteraturbanken.se/författare/KarlXV
kraft,KarlfeldtEA,1890,4,https://litteraturbanken.se/författare/KarlfeldtEA
kraft,KarlfeldtEA,1900,3,https://litteraturbanken.se/författare/KarlfeldtEA
kraft,KarlfeldtEA,1910,12,https://litteraturbanken.se/författare/KarlfeldtEA
kraft,KarlfeldtEA,1920,12,https://litteraturbanken.se/författare/KarlfeldtEA
kraft,KarlfeldtEA,1930,20,https://litteraturbanken.se/författare/KarlfeldtEA
kraft,KellgrenJH,1780,5,https://litteraturbanken.se/författare/KellgrenJH
kraft,KellgrenJH,1790,2,https://litteraturbanken.se/författare/KellgrenJH
kraft,KellmodinF,1860,16,https://litteraturbanken.se/författare/KellmodinF
kraft,KellmodinF,1870,14,https://litteraturbanken.se/författare/KellmodinF
kraft,KerfstedtA,1880,58,https://litteraturbanken.se/författare/KerfstedtA
kraft,KerfstedtA,1890,43,https://litteraturbanken.se/författare/KerfstedtA
kraft,KerfstedtA,1900,17,https://litteraturbanken.se/författare/KerfstedtA
kraft,KerfveA,1890,143,https://litteraturbanken.se/författare/KerfveA
kraft,KerfveA,1900,64,https://litteraturbanken.se/författare/KerfveA
kraft,KernellSE,1830,10,https://litteraturbanken.se/författare/KernellSE
kraft,KeyE,1880,32,https://litteraturbanken.se/författare/KeyE
kraft,KeyE,1890,187,https://litteraturbanken.se/författare/KeyE
kraft,KeyE,1900,109,https://litteraturbanken.se/författare/KeyE
kraft,KeyE,1910,27,https://litteraturbanken.se/författare/KeyE
kraft,KeyEm,1840,1,https://litteraturbanken.se/författare/KeyEm
kraft,KeyG,1870,6,https://litteraturbanken.se/författare/KeyG
kraft,KeyG,1880,2,https://litteraturbanken.se/författare/KeyG
kraft,KeyH,1890,6,https://litteraturbanken.se/författare/KeyH
kraft,KeyserHF,1850,35,https://litteraturbanken.se/författare/KeyserHF
kraft,KeyserHF,1870,48,https://litteraturbanken.se/författare/KeyserHF
kraft,KeyserHF,1890,21,https://litteraturbanken.se/författare/KeyserHF
kraft,KeyÅbergK,1890,4,https://litteraturbanken.se/författare/Key%C3%85bergK
kraft,Kiellman-GöransonJA,1830,2,https://litteraturbanken.se/författare/Kiellman-G%C3%B6ransonJA
kraft,Kiellman-GöransonJA,1840,111,https://litteraturbanken.se/författare/Kiellman-G%C3%B6ransonJA
kraft,Kiellman-GöransonJA,1850,148,https://litteraturbanken.se/författare/Kiellman-G%C3%B6ransonJA
kraft,Kiellman-GöransonJA,1860,101,https://litteraturbanken.se/författare/Kiellman-G%C3%B6ransonJA
kraft,Kiellman-GöransonJA,1870,1,https://litteraturbanken.se/författare/Kiellman-G%C3%B6ransonJA
kraft,Kiellman-GöransonJA,1880,2,https://litteraturbanken.se/författare/Kiellman-G%C3%B6ransonJA
kraft,KierkegaardS,1910,17,https://litteraturbanken.se/författare/KierkegaardS
kraft,KinbergA,1870,3,https://litteraturbanken.se/författare/KinbergA
kraft,KinninmundtSH,1840,1,https://litteraturbanken.se/författare/KinninmundtSH
kraft,KiplingR,1890,34,https://litteraturbanken.se/författare/KiplingR
kraft,KiplingR,1900,13,https://litteraturbanken.se/författare/KiplingR
kraft,KiplingR,1910,6,https://litteraturbanken.se/författare/KiplingR
kraft,KjellanderEJF,1840,43,https://litteraturbanken.se/författare/KjellanderEJF
kraft,KjellbergI,1860,10,https://litteraturbanken.se/författare/KjellbergI
kraft,KjellbergI,1890,7,https://litteraturbanken.se/författare/KjellbergI
kraft,KjellenbergM,1830,36,https://litteraturbanken.se/författare/KjellenbergM
kraft,KjellenbergM,1840,28,https://litteraturbanken.se/författare/KjellenbergM
kraft,KjellgrenJ,1930,71,https://litteraturbanken.se/författare/KjellgrenJ
kraft,KjellinMG,1880,7,https://litteraturbanken.se/författare/KjellinMG
kraft,KjellstedtH,1880,2,https://litteraturbanken.se/författare/KjellstedtH
kraft,KjellstrandJF,1850,1,https://litteraturbanken.se/författare/KjellstrandJF
kraft,KjellénR,1900,6,https://litteraturbanken.se/författare/Kjell%C3%A9nR
kraft,KjersénE,1880,5,https://litteraturbanken.se/författare/Kjers%C3%A9nE
kraft,KleenT,1900,15,https://litteraturbanken.se/författare/KleenT
kraft,KlemanE,1900,3,https://litteraturbanken.se/författare/KlemanE
kraft,KlemmingGE,1880,1,https://litteraturbanken.se/författare/KlemmingGE
kraft,KlinckowströmA,1890,21,https://litteraturbanken.se/författare/Klinckowstr%C3%B6mA
kraft,KlinckowströmRM,1880,3,https://litteraturbanken.se/författare/Klinckowstr%C3%B6mRM
kraft,KléenE,1890,15,https://litteraturbanken.se/författare/Kl%C3%A9enE
kraft,KléenE,1900,6,https://litteraturbanken.se/författare/Kl%C3%A9enE
kraft,KnorringS,1830,62,https://litteraturbanken.se/författare/KnorringS
kraft,KnorringS,1840,103,https://litteraturbanken.se/författare/KnorringS
kraft,KnutssonA,1890,8,https://litteraturbanken.se/författare/KnutssonA
kraft,KnutssonK,1870,1,https://litteraturbanken.se/författare/KnutssonK
kraft,KnösT,1850,16,https://litteraturbanken.se/författare/Kn%C3%B6sT
kraft,KnösT,1860,16,https://litteraturbanken.se/författare/Kn%C3%B6sT
kraft,KochE,1890,8,https://litteraturbanken.se/författare/KochE
kraft,KochM,1910,73,https://litteraturbanken.se/författare/KochM
kraft,KochR,1860,21,https://litteraturbanken.se/författare/KochR
kraft,KochR,1870,17,https://litteraturbanken.se/författare/KochR
kraft,KochR,1890,49,https://litteraturbanken.se/författare/KochR
kraft,KockCA,1830,9,https://litteraturbanken.se/författare/KockCA
kraft,KollanderPM,1870,9,https://litteraturbanken.se/författare/KollanderPM
kraft,KrokJP,1830,20,https://litteraturbanken.se/författare/KrokJP
kraft,KronaO,1860,1,https://litteraturbanken.se/författare/KronaO
kraft,KronqvistO,1880,15,https://litteraturbanken.se/författare/KronqvistO
kraft,KrookA,1850,7,https://litteraturbanken.se/författare/KrookA
kraft,KrookA,1860,119,https://litteraturbanken.se/författare/KrookA
kraft,KrookA,1880,15,https://litteraturbanken.se/författare/KrookA
kraft,KrookHS,1860,17,https://litteraturbanken.se/författare/KrookHS
kraft,KrookMax,1880,15,https://litteraturbanken.se/författare/KrookMax
kraft,KrookNathalia,1890,1,https://litteraturbanken.se/författare/KrookNathalia
kraft,KruseS,1900,12,https://litteraturbanken.se/författare/KruseS
kraft,KrusenstjernaA,1910,5,https://litteraturbanken.se/författare/KrusenstjernaA
kraft,KrusenstjernaA,1920,42,https://litteraturbanken.se/författare/KrusenstjernaA
kraft,KrusenstjernaA,1930,56,https://litteraturbanken.se/författare/KrusenstjernaA
kraft,KrusenstjernaF,1870,21,https://litteraturbanken.se/författare/KrusenstjernaF
kraft,KræmerARvon,1850,38,https://litteraturbanken.se/författare/Kr%C3%A6merARvon
kraft,KræmerARvon,1860,6,https://litteraturbanken.se/författare/Kr%C3%A6merARvon
kraft,KræmerL,1860,6,https://litteraturbanken.se/författare/Kr%C3%A6merL
kraft,KræmerL,1870,5,https://litteraturbanken.se/författare/Kr%C3%A6merL
kraft,KræmerL,1880,21,https://litteraturbanken.se/författare/Kr%C3%A6merL
kraft,KræmerL,1890,21,https://litteraturbanken.se/författare/Kr%C3%A6merL
kraft,KræmerV,1930,14,https://litteraturbanken.se/författare/Kr%C3%A6merV
kraft,KröningssvärdCG,1840,2,https://litteraturbanken.se/författare/Kr%C3%B6ningssv%C3%A4rdCG
kraft,KröningssvärdCG,1850,3,https://litteraturbanken.se/författare/Kr%C3%B6ningssv%C3%A4rdCG
kraft,KullbergKA,1830,46,https://litteraturbanken.se/författare/KullbergKA
kraft,KullbergKA,1840,103,https://litteraturbanken.se/författare/KullbergKA
kraft,KullbergKA,1870,24,https://litteraturbanken.se/författare/KullbergKA
kraft,KullgrenO,1880,19,https://litteraturbanken.se/författare/KullgrenO
kraft,KuylenstiernaE,1890,12,https://litteraturbanken.se/författare/KuylenstiernaE
kraft,KuylenstiernaE,1900,8,https://litteraturbanken.se/författare/KuylenstiernaE
kraft,KällströmA,1890,1,https://litteraturbanken.se/författare/K%C3%A4llstr%C3%B6mA
kraft,KämpeA,1900,12,https://litteraturbanken.se/författare/K%C3%A4mpeA
kraft,KämpeA,1910,22,https://litteraturbanken.se/författare/K%C3%A4mpeA
kraft,KärrströmEJ,1890,3,https://litteraturbanken.se/författare/K%C3%A4rrstr%C3%B6mEJ
kraft,KåhlmanV,1900,4,https://litteraturbanken.se/författare/K%C3%A5hlmanV
kraft,KöhlerE,1890,3,https://litteraturbanken.se/författare/K%C3%B6hlerE
kraft,LagerbringG,1880,14,https://litteraturbanken.se/författare/LagerbringG
kraft,LagerfeltM,1900,3,https://litteraturbanken.se/författare/LagerfeltM
kraft,LagergrenC,1880,3,https://litteraturbanken.se/författare/LagergrenC
kraft,LagergrenC,1890,4,https://litteraturbanken.se/författare/LagergrenC
kraft,LagergrenCarl,1880,1,https://litteraturbanken.se/författare/LagergrenCarl
kraft,LagerheimGA,1830,5,https://litteraturbanken.se/författare/LagerheimGA
kraft,LagerhjelmA,1870,7,https://litteraturbanken.se/författare/LagerhjelmA
kraft,LagerlöfErland,1890,1,https://litteraturbanken.se/författare/Lagerl%C3%B6fErland
kraft,LagerlöfH,1890,5,https://litteraturbanken.se/författare/Lagerl%C3%B6fH
kraft,LagerlöfH,1900,4,https://litteraturbanken.se/författare/Lagerl%C3%B6fH
kraft,LagerlöfS,1890,116,https://litteraturbanken.se/författare/Lagerl%C3%B6fS
kraft,LagerlöfS,1900,103,https://litteraturbanken.se/författare/Lagerl%C3%B6fS
kraft,LagerlöfS,1910,103,https://litteraturbanken.se/författare/Lagerl%C3%B6fS
kraft,LagerlöfS,1920,52,https://litteraturbanken.se/författare/Lagerl%C3%B6fS
kraft,LagerlöfS,1930,86,https://litteraturbanken.se/författare/Lagerl%C3%B6fS
kraft,LagerlöfS,1940,52,https://litteraturbanken.se/författare/Lagerl%C3%B6fS
kraft,LagerlöfS,2010,70,https://litteraturbanken.se/författare/Lagerl%C3%B6fS
kraft,LagerlöwE,1870,1,https://litteraturbanken.se/författare/Lagerl%C3%B6wE
kraft,LagermanJ,1870,3,https://litteraturbanken.se/författare/LagermanJ
kraft,LagerströmS,1890,6,https://litteraturbanken.se/författare/Lagerstr%C3%B6mS
kraft,LagervallJF,1830,16,https://litteraturbanken.se/författare/LagervallJF
kraft,LagusA,1880,15,https://litteraturbanken.se/författare/LagusA
kraft,LagusG,1860,9,https://litteraturbanken.se/författare/LagusG
kraft,LagusG,1870,20,https://litteraturbanken.se/författare/LagusG
kraft,LallerstedtA,1740,2,https://litteraturbanken.se/författare/LallerstedtA
kraft,LambergA,1870,2,https://litteraturbanken.se/författare/LambergA
kraft,LammGM,1890,4,https://litteraturbanken.se/författare/LammGM
kraft,LandahlM,1890,12,https://litteraturbanken.se/författare/LandahlM
kraft,LandahlM,1900,16,https://litteraturbanken.se/författare/LandahlM
kraft,LandbergC,1900,9,https://litteraturbanken.se/författare/LandbergC
kraft,LandquistE,1910,12,https://litteraturbanken.se/författare/LandquistE
kraft,LandqvistR,1890,5,https://litteraturbanken.se/författare/LandqvistR
kraft,LangeI,1880,10,https://litteraturbanken.se/författare/LangeI
kraft,LangletM,1870,2,https://litteraturbanken.se/författare/LangletM
kraft,LangletM,1890,61,https://litteraturbanken.se/författare/LangletM
kraft,LangletM,1900,11,https://litteraturbanken.se/författare/LangletM
kraft,LarssonC,1910,2,https://litteraturbanken.se/författare/LarssonC
kraft,LarssonG,1840,1,https://litteraturbanken.se/författare/LarssonG
kraft,LarssonH,1890,4,https://litteraturbanken.se/författare/LarssonH
kraft,LarssonH,1910,8,https://litteraturbanken.se/författare/LarssonH
kraft,LarssonLeon,1900,6,https://litteraturbanken.se/författare/LarssonLeon
kraft,LaulaE,1900,1,https://litteraturbanken.se/författare/LaulaE
kraft,LaurinCG,1920,12,https://litteraturbanken.se/författare/LaurinCG
kraft,LaurénLL,1860,7,https://litteraturbanken.se/författare/Laur%C3%A9nLL
kraft,LaurénLL,1880,10,https://litteraturbanken.se/författare/Laur%C3%A9nLL
kraft,LaurénLL,1890,6,https://litteraturbanken.se/författare/Laur%C3%A9nLL
kraft,LavaterJC,1800,3,https://litteraturbanken.se/författare/LavaterJC
kraft,LeczinskySSS,1870,3,https://litteraturbanken.se/författare/LeczinskySSS
kraft,LefflerAC,1860,2,https://litteraturbanken.se/författare/LefflerAC
kraft,LefflerAC,1880,20,https://litteraturbanken.se/författare/LefflerAC
kraft,LefflerAC,1890,12,https://litteraturbanken.se/författare/LefflerAC
kraft,LeijonhufvudGC,1880,7,https://litteraturbanken.se/författare/LeijonhufvudGC
kraft,LeijonstedtA,1880,1,https://litteraturbanken.se/författare/LeijonstedtA
kraft,LeisteniusJG,1840,3,https://litteraturbanken.se/författare/LeisteniusJG
kraft,LeisteniusJG,1850,5,https://litteraturbanken.se/författare/LeisteniusJG
kraft,LeisteniusJG,1880,17,https://litteraturbanken.se/författare/LeisteniusJG
kraft,LenngrenAM,1840,7,https://litteraturbanken.se/författare/LenngrenAM
kraft,LennstrandVE,1880,66,https://litteraturbanken.se/författare/LennstrandVE
kraft,LeopoldCG,1800,4,https://litteraturbanken.se/författare/LeopoldCG
kraft,LeufstedtGJ,1870,23,https://litteraturbanken.se/författare/LeufstedtGJ
kraft,LevartJ,1890,15,https://litteraturbanken.se/författare/LevartJ
kraft,LevedalA,1880,1,https://litteraturbanken.se/författare/LevedalA
kraft,LevertinO,1880,32,https://litteraturbanken.se/författare/LevertinO
kraft,LevertinO,1890,74,https://litteraturbanken.se/författare/LevertinO
kraft,LevertinO,1900,27,https://litteraturbanken.se/författare/LevertinO
kraft,LevinCH,1840,17,https://litteraturbanken.se/författare/LevinCH
kraft,LewaldA,1880,34,https://litteraturbanken.se/författare/LewaldA
kraft,LewenhauptA,1920,6,https://litteraturbanken.se/författare/LewenhauptA
kraft,LidforssB,1910,9,https://litteraturbanken.se/författare/LidforssB
kraft,LidholmA,1880,2,https://litteraturbanken.se/författare/LidholmA
kraft,LiebesheimJR,1870,2,https://litteraturbanken.se/författare/LiebesheimJR
kraft,LiedbeckCH,1880,6,https://litteraturbanken.se/författare/LiedbeckCH
kraft,LiedbeckJ,1840,15,https://litteraturbanken.se/författare/LiedbeckJ
kraft,LiefdeJ,1850,6,https://litteraturbanken.se/författare/LiefdeJ
kraft,LiljaN,1830,36,https://litteraturbanken.se/författare/LiljaN
kraft,LiljaN,1840,11,https://litteraturbanken.se/författare/LiljaN
kraft,LiljaN,1860,7,https://litteraturbanken.se/författare/LiljaN
kraft,LilliecronaCH,1890,9,https://litteraturbanken.se/författare/LilliecronaCH
kraft,LilliestiernaAE,1870,9,https://litteraturbanken.se/författare/LilliestiernaAE
kraft,LilljebjörnE,1890,6,https://litteraturbanken.se/författare/Lilljebj%C3%B6rnE
kraft,LimborgO,1870,1,https://litteraturbanken.se/författare/LimborgO
kraft,LimborgO,1880,26,https://litteraturbanken.se/författare/LimborgO
kraft,LinckEE,1870,38,https://litteraturbanken.se/författare/LinckEE
kraft,LinckJ,1880,7,https://litteraturbanken.se/författare/LinckJ
kraft,LindC,1900,34,https://litteraturbanken.se/författare/LindC
kraft,LindbergEM,1860,4,https://litteraturbanken.se/författare/LindbergEM
kraft,LindbergOE,1890,6,https://litteraturbanken.se/författare/LindbergOE
kraft,LindbergP,1920,15,https://litteraturbanken.se/författare/LindbergP
kraft,LindbergP,1930,6,https://litteraturbanken.se/författare/LindbergP
kraft,LindbergP,1940,136,https://litteraturbanken.se/författare/LindbergP
kraft,LindbladA,1890,22,https://litteraturbanken.se/författare/LindbladA
kraft,LindbladEW,1860,37,https://litteraturbanken.se/författare/LindbladEW
kraft,LindbladEW,1870,7,https://litteraturbanken.se/författare/LindbladEW
kraft,LindbladJM,1840,10,https://litteraturbanken.se/författare/LindbladJM
kraft,LindbladJM,1850,28,https://litteraturbanken.se/författare/LindbladJM
kraft,LindblomE,1880,9,https://litteraturbanken.se/författare/LindblomE
kraft,LindbäckO,1870,31,https://litteraturbanken.se/författare/Lindb%C3%A4ckO
kraft,LindebergA,1810,15,https://litteraturbanken.se/författare/LindebergA
kraft,LindebergA,1830,256,https://litteraturbanken.se/författare/LindebergA
kraft,LindebergM,1840,1,https://litteraturbanken.se/författare/LindebergM
kraft,LindebladA,1820,2,https://litteraturbanken.se/författare/LindebladA
kraft,LindebladA,1830,19,https://litteraturbanken.se/författare/LindebladA
kraft,LindebladA,1840,18,https://litteraturbanken.se/författare/LindebladA
kraft,LindebladA,1850,14,https://litteraturbanken.se/författare/LindebladA
kraft,LinderM,1860,26,https://litteraturbanken.se/författare/LinderM
kraft,LinderN,1900,1,https://litteraturbanken.se/författare/LinderN
kraft,LindforsO,1880,25,https://litteraturbanken.se/författare/LindforsO
kraft,LindforsO,1890,2,https://litteraturbanken.se/författare/LindforsO
kraft,LindgrenH,1890,14,https://litteraturbanken.se/författare/LindgrenH
kraft,LindgrenI,1910,6,https://litteraturbanken.se/författare/LindgrenI
kraft,LindgrenM,1870,21,https://litteraturbanken.se/författare/LindgrenM
kraft,LindgrenST,1880,3,https://litteraturbanken.se/författare/LindgrenST
kraft,LindhT,1860,14,https://litteraturbanken.se/författare/LindhT
kraft,LindhT,1870,9,https://litteraturbanken.se/författare/LindhT
kraft,LindholmC,1880,10,https://litteraturbanken.se/författare/LindholmC
kraft,LindholmC,1890,5,https://litteraturbanken.se/författare/LindholmC
kraft,LindholmF,1880,22,https://litteraturbanken.se/författare/LindholmF
kraft,LindholmF,1890,19,https://litteraturbanken.se/författare/LindholmF
kraft,LindholmPA,1880,4,https://litteraturbanken.se/författare/LindholmPA
kraft,LindholmPA,1890,23,https://litteraturbanken.se/författare/LindholmPA
kraft,LindholmV,1900,54,https://litteraturbanken.se/författare/LindholmV
kraft,LindholmV,1920,10,https://litteraturbanken.se/författare/LindholmV
kraft,LindhéW,1880,95,https://litteraturbanken.se/författare/Lindh%C3%A9W
kraft,LindhéW,1890,73,https://litteraturbanken.se/författare/Lindh%C3%A9W
kraft,LindhéW,1900,35,https://litteraturbanken.se/författare/Lindh%C3%A9W
kraft,LindkvistA,1880,13,https://litteraturbanken.se/författare/LindkvistA
kraft,LindmanV,1880,3,https://litteraturbanken.se/författare/LindmanV
kraft,LindormE,1910,2,https://litteraturbanken.se/författare/LindormE
kraft,LindormE,1930,8,https://litteraturbanken.se/författare/LindormE
kraft,LindormE,1940,5,https://litteraturbanken.se/författare/LindormE
kraft,LindqvistG,1890,8,https://litteraturbanken.se/författare/LindqvistG
kraft,LindqvistG,1900,7,https://litteraturbanken.se/författare/LindqvistG
kraft,LindqvistJ,1870,48,https://litteraturbanken.se/författare/LindqvistJ
kraft,LindqvistJ,1880,40,https://litteraturbanken.se/författare/LindqvistJ
kraft,LindqvistM,1930,15,https://litteraturbanken.se/författare/LindqvistM
kraft,LindqvistT,1880,2,https://litteraturbanken.se/författare/LindqvistT
kraft,LindqvistUL,1840,170,https://litteraturbanken.se/författare/LindqvistUL
kraft,LindskougA,1880,3,https://litteraturbanken.se/författare/LindskougA
kraft,LindstedtS,1900,4,https://litteraturbanken.se/författare/LindstedtS
kraft,LindströmSigfrid,1920,13,https://litteraturbanken.se/författare/Lindstr%C3%B6mSigfrid
kraft,LindströmSigfrid,1930,6,https://litteraturbanken.se/författare/Lindstr%C3%B6mSigfrid
kraft,LingPH,1860,346,https://litteraturbanken.se/författare/LingPH
kraft,LinnarssonL,1940,12,https://litteraturbanken.se/författare/LinnarssonL
kraft,LinnarssonL,1950,23,https://litteraturbanken.se/författare/LinnarssonL
kraft,LinnerhielmJC,1790,9,https://litteraturbanken.se/författare/LinnerhielmJC
kraft,LinnerhielmJC,1800,4,https://litteraturbanken.se/författare/LinnerhielmJC
kraft,LinnerhielmJC,1810,3,https://litteraturbanken.se/författare/LinnerhielmJC
kraft,LipmansonL,1870,1,https://litteraturbanken.se/författare/LipmansonL
kraft,LithanderJG,1860,4,https://litteraturbanken.se/författare/LithanderJG
kraft,LjungbergE,1880,32,https://litteraturbanken.se/författare/LjungbergE
kraft,LjungbergE,1890,23,https://litteraturbanken.se/författare/LjungbergE
kraft,LjungbergPA,1880,27,https://litteraturbanken.se/författare/LjungbergPA
kraft,LjunggrenA,1880,4,https://litteraturbanken.se/författare/LjunggrenA
kraft,LjunggrenAG,1890,13,https://litteraturbanken.se/författare/LjunggrenAG
kraft,LjunggrenAG,1900,4,https://litteraturbanken.se/författare/LjunggrenAG
kraft,LjunggrenCA,1850,7,https://litteraturbanken.se/författare/LjunggrenCA
kraft,LjunggrenG,1840,2,https://litteraturbanken.se/författare/LjunggrenG
kraft,LjunggrenG,1860,24,https://litteraturbanken.se/författare/LjunggrenG
kraft,LjunggrenG,1870,153,https://litteraturbanken.se/författare/LjunggrenG
kraft,LjunggrenG,1880,56,https://litteraturbanken.se/författare/LjunggrenG
kraft,LjunggrenG,1890,146,https://litteraturbanken.se/författare/LjunggrenG
kraft,LjunglöfE,1890,8,https://litteraturbanken.se/författare/Ljungl%C3%B6fE
kraft,LjungqvistKO,1860,8,https://litteraturbanken.se/författare/LjungqvistKO
kraft,LjungstedtA,1850,21,https://litteraturbanken.se/författare/LjungstedtA
kraft,LjungstedtA,1860,35,https://litteraturbanken.se/författare/LjungstedtA
kraft,LjungstedtA,1870,279,https://litteraturbanken.se/författare/LjungstedtA
kraft,LjungstedtA,1880,27,https://litteraturbanken.se/författare/LjungstedtA
kraft,LloydL,1870,12,https://litteraturbanken.se/författare/LloydL
kraft,LovisinCGG,1800,7,https://litteraturbanken.se/författare/LovisinCGG
kraft,LovénN,1830,10,https://litteraturbanken.se/författare/Lov%C3%A9nN
kraft,LundS,1880,22,https://litteraturbanken.se/författare/LundS
kraft,Lundberg-NyblomE,1890,17,https://litteraturbanken.se/författare/Lundberg-NyblomE
kraft,LundbergAG,1880,1,https://litteraturbanken.se/författare/LundbergAG
kraft,LundbergE,1880,5,https://litteraturbanken.se/författare/LundbergE
kraft,LundbergJF,1900,4,https://litteraturbanken.se/författare/LundbergJF
kraft,LundbergT,1900,12,https://litteraturbanken.se/författare/LundbergT
kraft,LundbladE,1880,5,https://litteraturbanken.se/författare/LundbladE
kraft,LundebergA,1840,2,https://litteraturbanken.se/författare/LundebergA
kraft,LundeblomR,1870,8,https://litteraturbanken.se/författare/LundeblomR
kraft,LundeblomR,1880,13,https://litteraturbanken.se/författare/LundeblomR
kraft,LundeblomR,1890,38,https://litteraturbanken.se/författare/LundeblomR
kraft,LundegårdA,1880,32,https://litteraturbanken.se/författare/Lundeg%C3%A5rdA
kraft,LundegårdA,1890,234,https://litteraturbanken.se/författare/Lundeg%C3%A5rdA
kraft,LundegårdA,1900,63,https://litteraturbanken.se/författare/Lundeg%C3%A5rdA
kraft,LundegårdA,1910,16,https://litteraturbanken.se/författare/Lundeg%C3%A5rdA
kraft,LundegårdA,1920,7,https://litteraturbanken.se/författare/Lundeg%C3%A5rdA
kraft,LundegårdK,1890,9,https://litteraturbanken.se/författare/Lundeg%C3%A5rdK
kraft,LundequistNW,1830,11,https://litteraturbanken.se/författare/LundequistNW
kraft,LundequistS,1890,21,https://litteraturbanken.se/författare/LundequistS
kraft,LundgrenA,1880,1,https://litteraturbanken.se/författare/LundgrenA
kraft,LundgrenJE,1840,2,https://litteraturbanken.se/författare/LundgrenJE
kraft,LundgrenNA,1890,6,https://litteraturbanken.se/författare/LundgrenNA
kraft,LundinA,1890,12,https://litteraturbanken.se/författare/LundinA
kraft,LundinA,1900,7,https://litteraturbanken.se/författare/LundinA
kraft,LundinA,1910,6,https://litteraturbanken.se/författare/LundinA
kraft,LundinAnders,1880,25,https://litteraturbanken.se/författare/LundinAnders
kraft,LundinC,1860,3,https://litteraturbanken.se/författare/LundinC
kraft,LundinC,1870,56,https://litteraturbanken.se/författare/LundinC
kraft,LundinC,1880,33,https://litteraturbanken.se/författare/LundinC
kraft,LundinC,1890,10,https://litteraturbanken.se/författare/LundinC
kraft,LundmarkJ,1840,3,https://litteraturbanken.se/författare/LundmarkJ
kraft,LundquistA,1880,13,https://litteraturbanken.se/författare/LundquistA
kraft,LundquistA,1890,31,https://litteraturbanken.se/författare/LundquistA
kraft,LundquistE,1880,145,https://litteraturbanken.se/författare/LundquistE
kraft,LundquistE,1890,43,https://litteraturbanken.se/författare/LundquistE
kraft,LundquistE,1900,5,https://litteraturbanken.se/författare/LundquistE
kraft,LundqvistJ,1890,9,https://litteraturbanken.se/författare/LundqvistJ
kraft,LundstedtB,1890,8,https://litteraturbanken.se/författare/LundstedtB
kraft,LundstedtB,1900,8,https://litteraturbanken.se/författare/LundstedtB
kraft,LundströmA,1870,1,https://litteraturbanken.se/författare/Lundstr%C3%B6mA
kraft,LundströmE,1910,3,https://litteraturbanken.se/författare/Lundstr%C3%B6mE
kraft,LundströmG,1880,4,https://litteraturbanken.se/författare/Lundstr%C3%B6mG
kraft,LundströmI,1870,2,https://litteraturbanken.se/författare/Lundstr%C3%B6mI
kraft,LundströmIngeborg,1890,6,https://litteraturbanken.se/författare/Lundstr%C3%B6mIngeborg
kraft,LundströmM,1860,112,https://litteraturbanken.se/författare/Lundstr%C3%B6mM
kraft,LundströmM,1870,10,https://litteraturbanken.se/författare/Lundstr%C3%B6mM
kraft,LundströmV,1900,5,https://litteraturbanken.se/författare/Lundstr%C3%B6mV
kraft,LunellL,1880,10,https://litteraturbanken.se/författare/LunellL
kraft,LunellL,1890,20,https://litteraturbanken.se/författare/LunellL
kraft,LunellL,1900,5,https://litteraturbanken.se/författare/LunellL
kraft,LybeckM,1890,32,https://litteraturbanken.se/författare/LybeckM
kraft,LybeckM,1900,14,https://litteraturbanken.se/författare/LybeckM
kraft,LybeckM,1910,8,https://litteraturbanken.se/författare/LybeckM
kraft,LybeckM,1920,9,https://litteraturbanken.se/författare/LybeckM
kraft,LyckowG,1890,5,https://litteraturbanken.se/författare/LyckowG
kraft,LydriksonA,1890,6,https://litteraturbanken.se/författare/LydriksonA
kraft,LysanderAT,1850,1,https://litteraturbanken.se/författare/LysanderAT
kraft,LäfflerF,1880,3,https://litteraturbanken.se/författare/L%C3%A4fflerF
kraft,LäfflerF,1890,9,https://litteraturbanken.se/författare/L%C3%A4fflerF
kraft,LångströmE,1920,1,https://litteraturbanken.se/författare/L%C3%A5ngstr%C3%B6mE
kraft,LénströmCJ,1830,96,https://litteraturbanken.se/författare/L%C3%A9nstr%C3%B6mCJ
kraft,LénströmCJ,1840,166,https://litteraturbanken.se/författare/L%C3%A9nstr%C3%B6mCJ
kraft,LénströmCJ,1850,25,https://litteraturbanken.se/författare/L%C3%A9nstr%C3%B6mCJ
kraft,LénströmCJ,1860,32,https://litteraturbanken.se/författare/L%C3%A9nstr%C3%B6mCJ
kraft,LöfgrenE,1930,11,https://litteraturbanken.se/författare/L%C3%B6fgrenE
kraft,LöfgrenNI,1830,14,https://litteraturbanken.se/författare/L%C3%B6fgrenNI
kraft,LöfvingC,1870,8,https://litteraturbanken.se/författare/L%C3%B6fvingC
kraft,LöfvingC,1880,48,https://litteraturbanken.se/författare/L%C3%B6fvingC
kraft,LöhmanLV,1830,11,https://litteraturbanken.se/författare/L%C3%B6hmanLV
kraft,LöhmanLV,1870,29,https://litteraturbanken.se/författare/L%C3%B6hmanLV
kraft,LönegrenJG,1840,8,https://litteraturbanken.se/författare/L%C3%B6negrenJG
kraft,LönnbeckGF,1870,4,https://litteraturbanken.se/författare/L%C3%B6nnbeckGF
kraft,LönnbergM,1870,30,https://litteraturbanken.se/författare/L%C3%B6nnbergM
kraft,LönnbergM,1880,47,https://litteraturbanken.se/författare/L%C3%B6nnbergM
kraft,LönnbergM,1890,20,https://litteraturbanken.se/författare/L%C3%B6nnbergM
kraft,LönnegrenAV,1880,9,https://litteraturbanken.se/författare/L%C3%B6nnegrenAV
kraft,LöwenhjelmH,1920,4,https://litteraturbanken.se/författare/L%C3%B6wenhjelmH
kraft,MagalottiL,1910,5,https://litteraturbanken.se/författare/MagalottiL
kraft,MagnellCJ,1890,6,https://litteraturbanken.se/författare/MagnellCJ
kraft,MagnussenJP,1830,2,https://litteraturbanken.se/författare/MagnussenJP
kraft,MallanderGR,1880,11,https://litteraturbanken.se/författare/MallanderGR
kraft,MallingM,1880,8,https://litteraturbanken.se/författare/MallingM
kraft,MallingM,1890,15,https://litteraturbanken.se/författare/MallingM
kraft,MallingM,1900,3,https://litteraturbanken.se/författare/MallingM
kraft,MallingM,1920,10,https://litteraturbanken.se/författare/MallingM
kraft,MalmgrenT,1870,22,https://litteraturbanken.se/författare/MalmgrenT
kraft,MalmgrenVE,1890,3,https://litteraturbanken.se/författare/MalmgrenVE
kraft,MalmqvistAE,1890,19,https://litteraturbanken.se/författare/MalmqvistAE
kraft,MalmströmBE,1830,11,https://litteraturbanken.se/författare/Malmstr%C3%B6mBE
kraft,MalmströmBE,1840,48,https://litteraturbanken.se/författare/Malmstr%C3%B6mBE
kraft,MalmströmBE,1850,34,https://litteraturbanken.se/författare/Malmstr%C3%B6mBE
kraft,MalmströmKR,1850,1,https://litteraturbanken.se/författare/Malmstr%C3%B6mKR
kraft,MalmströmKR,1870,10,https://litteraturbanken.se/författare/Malmstr%C3%B6mKR
kraft,MankellJ,1870,2,https://litteraturbanken.se/författare/MankellJ
kraft,MannegardV,1890,38,https://litteraturbanken.se/författare/MannegardV
kraft,MannerfeltO,1900,3,https://litteraturbanken.se/författare/MannerfeltO
kraft,MarckhlT,1880,1,https://litteraturbanken.se/författare/MarckhlT
kraft,MarholmL,1890,4,https://litteraturbanken.se/författare/MarholmL
kraft,MarinOU,1840,61,https://litteraturbanken.se/författare/MarinOU
kraft,MartinelleA,1880,2,https://litteraturbanken.se/författare/MartinelleA
kraft,MartinssonH,1860,2,https://litteraturbanken.se/författare/MartinssonH
kraft,MarxK,1900,5,https://litteraturbanken.se/författare/MarxK
kraft,MatssonJS,1880,1,https://litteraturbanken.se/författare/MatssonJS
kraft,MattssonS,1850,4,https://litteraturbanken.se/författare/MattssonS
kraft,MattssonS,1870,5,https://litteraturbanken.se/författare/MattssonS
kraft,MeijerB,1880,43,https://litteraturbanken.se/författare/MeijerB
kraft,MelanderR,1880,47,https://litteraturbanken.se/författare/MelanderR
kraft,MelanderR,1890,149,https://litteraturbanken.se/författare/MelanderR
kraft,MeleforsE,2010,1,https://litteraturbanken.se/författare/MeleforsE
kraft,MelinKA,1880,4,https://litteraturbanken.se/författare/MelinKA
kraft,MelinKA,1890,2,https://litteraturbanken.se/författare/MelinKA
kraft,MelinPE,1880,1,https://litteraturbanken.se/författare/MelinPE
kraft,MellinGH,1830,44,https://litteraturbanken.se/författare/MellinGH
kraft,MellinGH,1840,95,https://litteraturbanken.se/författare/MellinGH
kraft,MellinGH,1850,36,https://litteraturbanken.se/författare/MellinGH
kraft,MellinGH,1860,23,https://litteraturbanken.se/författare/MellinGH
kraft,MellinGH,1870,128,https://litteraturbanken.se/författare/MellinGH
kraft,MellinGH,1880,30,https://litteraturbanken.se/författare/MellinGH
kraft,MellinGH,1890,30,https://litteraturbanken.se/författare/MellinGH
kraft,MelstedI,1890,1,https://litteraturbanken.se/författare/MelstedI
kraft,MeyerA,1880,48,https://litteraturbanken.se/författare/MeyerA
kraft,MeyerE,1890,5,https://litteraturbanken.se/författare/MeyerE
kraft,MeyerG,1870,40,https://litteraturbanken.se/författare/MeyerG
kraft,MeyerG,1880,45,https://litteraturbanken.se/författare/MeyerG
kraft,MeyerPJ,1850,9,https://litteraturbanken.se/författare/MeyerPJ
kraft,MeyersonG,1890,6,https://litteraturbanken.se/författare/MeyersonG
kraft,MichaelsonK,1880,6,https://litteraturbanken.se/författare/MichaelsonK
kraft,MichaelsonK,1890,6,https://litteraturbanken.se/författare/MichaelsonK
kraft,MichaelsonK,1900,1,https://litteraturbanken.se/författare/MichaelsonK
kraft,MichelsenAC,1880,2,https://litteraturbanken.se/författare/MichelsenAC
kraft,MilowC,1890,11,https://litteraturbanken.se/författare/MilowC
kraft,ModinJE,1860,75,https://litteraturbanken.se/författare/ModinJE
kraft,ModinJE,1880,46,https://litteraturbanken.se/författare/ModinJE
kraft,ModinV,1860,2,https://litteraturbanken.se/författare/ModinV
kraft,MolanderH,1880,14,https://litteraturbanken.se/författare/MolanderH
kraft,MolanderH,1890,14,https://litteraturbanken.se/författare/MolanderH
kraft,MolinL,1910,7,https://litteraturbanken.se/författare/MolinL
kraft,MolinP,1890,12,https://litteraturbanken.se/författare/MolinP
kraft,MollV,1880,16,https://litteraturbanken.se/författare/MollV
kraft,MollV,1890,1,https://litteraturbanken.se/författare/MollV
kraft,MontgomeryCederhielmR,1880,16,https://litteraturbanken.se/författare/MontgomeryCederhielmR
kraft,MontgomeryCederhielmR,1890,22,https://litteraturbanken.se/författare/MontgomeryCederhielmR
kraft,MontgomeryLM,1900,9,https://litteraturbanken.se/författare/MontgomeryLM
kraft,MontgomeryLM,1910,24,https://litteraturbanken.se/författare/MontgomeryLM
kraft,MonténRA,1880,14,https://litteraturbanken.se/författare/Mont%C3%A9nRA
kraft,MortensenJ,1900,37,https://litteraturbanken.se/författare/MortensenJ
kraft,MortensenJ,1910,41,https://litteraturbanken.se/författare/MortensenJ
kraft,MunckRosenschöldNR,1860,3,https://litteraturbanken.se/författare/MunckRosensch%C3%B6ldNR
kraft,MuntheA,1880,15,https://litteraturbanken.se/författare/MuntheA
kraft,MuntheA,1900,19,https://litteraturbanken.se/författare/MuntheA
kraft,MuntheA,1930,12,https://litteraturbanken.se/författare/MuntheA
kraft,MöllerA,1910,1,https://litteraturbanken.se/författare/M%C3%B6llerA
kraft,MöllerAW,1890,1,https://litteraturbanken.se/författare/M%C3%B6llerAW
kraft,MöllerAndreas,1830,3,https://litteraturbanken.se/författare/M%C3%B6llerAndreas
kraft,MöllerF,1860,1,https://litteraturbanken.se/författare/M%C3%B6llerF
kraft,MöllerP,1870,14,https://litteraturbanken.se/författare/M%C3%B6llerP
kraft,MöllerV,1880,4,https://litteraturbanken.se/författare/M%C3%B6llerV
kraft,MörneA,1920,34,https://litteraturbanken.se/författare/M%C3%B6rneA
kraft,MörnerB,1890,3,https://litteraturbanken.se/författare/M%C3%B6rnerB
kraft,MörnerJCA,1870,67,https://litteraturbanken.se/författare/M%C3%B6rnerJCA
kraft,MörtengrenF,1860,2,https://litteraturbanken.se/författare/M%C3%B6rtengrenF
kraft,NathorstA,1920,1,https://litteraturbanken.se/författare/NathorstA
kraft,NaumannM,1870,7,https://litteraturbanken.se/författare/NaumannM
kraft,NaumannM,1880,21,https://litteraturbanken.se/författare/NaumannM
kraft,NeanderJ,1870,1,https://litteraturbanken.se/författare/NeanderJ
kraft,NermanC,1890,4,https://litteraturbanken.se/författare/NermanC
kraft,NermanG,1890,2,https://litteraturbanken.se/författare/NermanG
kraft,NervanderE,1860,11,https://litteraturbanken.se/författare/NervanderE
kraft,NervanderE,1880,19,https://litteraturbanken.se/författare/NervanderE
kraft,NervanderJJ,1840,2,https://litteraturbanken.se/författare/NervanderJJ
kraft,NervanderJJ,1850,29,https://litteraturbanken.se/författare/NervanderJJ
kraft,NettelbladtF,1830,14,https://litteraturbanken.se/författare/NettelbladtF
kraft,NicanderKA,1820,16,https://litteraturbanken.se/författare/NicanderKA
kraft,NicanderKA,1830,84,https://litteraturbanken.se/författare/NicanderKA
kraft,NicanderKA,1840,75,https://litteraturbanken.se/författare/NicanderKA
kraft,NietzscheF,1900,1,https://litteraturbanken.se/författare/NietzscheF
kraft,NilsdorffH,1890,2,https://litteraturbanken.se/författare/NilsdorffH
kraft,NilssonA,1910,51,https://litteraturbanken.se/författare/NilssonA
kraft,NilssonAlexander,1860,6,https://litteraturbanken.se/författare/NilssonAlexander
kraft,NilssonE,1860,2,https://litteraturbanken.se/författare/NilssonE
kraft,NilssonK,1870,4,https://litteraturbanken.se/författare/NilssonK
kraft,NilssonL,1880,4,https://litteraturbanken.se/författare/NilssonL
kraft,NilssonNA,1890,2,https://litteraturbanken.se/författare/NilssonNA
kraft,NilssonNP,1840,3,https://litteraturbanken.se/författare/NilssonNP
kraft,NilssonO,1840,1,https://litteraturbanken.se/författare/NilssonO
kraft,NissenC,1890,20,https://litteraturbanken.se/författare/NissenC
kraft,NiureniusOP,1900,3,https://litteraturbanken.se/författare/NiureniusOP
kraft,NonnenE,1850,21,https://litteraturbanken.se/författare/NonnenE
kraft,NonnenE,1860,40,https://litteraturbanken.se/författare/NonnenE
kraft,NonnenE,1870,9,https://litteraturbanken.se/författare/NonnenE
kraft,NonnenE,1880,7,https://litteraturbanken.se/författare/NonnenE
kraft,NonnenE,1890,5,https://litteraturbanken.se/författare/NonnenE
kraft,NordenadlerE,1900,3,https://litteraturbanken.se/författare/NordenadlerE
kraft,NordenbergA,1880,2,https://litteraturbanken.se/författare/NordenbergA
kraft,NordenhielmS,1900,5,https://litteraturbanken.se/författare/NordenhielmS
kraft,NordenskiöldAE,1880,15,https://litteraturbanken.se/författare/Nordenski%C3%B6ldAE
kraft,NordenskiöldG,1890,2,https://litteraturbanken.se/författare/Nordenski%C3%B6ldG
kraft,NordensvanG,1870,72,https://litteraturbanken.se/författare/NordensvanG
kraft,NordensvanG,1880,105,https://litteraturbanken.se/författare/NordensvanG
kraft,NordensvanG,1890,22,https://litteraturbanken.se/författare/NordensvanG
kraft,NordinC,1800,2,https://litteraturbanken.se/författare/NordinC
kraft,NordinJ,2010,6,https://litteraturbanken.se/författare/NordinJ
kraft,NordinJ,2020,5,https://litteraturbanken.se/författare/NordinJ
kraft,NordinV,1890,7,https://litteraturbanken.se/författare/NordinV
kraft,NordlundS,1890,5,https://litteraturbanken.se/författare/NordlundS
kraft,NordströmEB,1910,29,https://litteraturbanken.se/författare/Nordstr%C3%B6mEB
kraft,NordströmEB,1930,8,https://litteraturbanken.se/författare/Nordstr%C3%B6mEB
kraft,NordströmL,1900,6,https://litteraturbanken.se/författare/Nordstr%C3%B6mL
kraft,NordströmL,1930,12,https://litteraturbanken.se/författare/Nordstr%C3%B6mL
kraft,NordströmW,1860,12,https://litteraturbanken.se/författare/Nordstr%C3%B6mW
kraft,NoreenA,1880,1,https://litteraturbanken.se/författare/NoreenA
kraft,NoreenA,1900,1,https://litteraturbanken.se/författare/NoreenA
kraft,NoreenEA,1870,9,https://litteraturbanken.se/författare/NoreenEA
kraft,NorlinM,1880,25,https://litteraturbanken.se/författare/NorlinM
kraft,NorlinM,1890,6,https://litteraturbanken.se/författare/NorlinM
kraft,NorléenW,1890,6,https://litteraturbanken.se/författare/Norl%C3%A9enW
kraft,NormanCarl,1890,20,https://litteraturbanken.se/författare/NormanCarl
kraft,NorrbyC,1870,4,https://litteraturbanken.se/författare/NorrbyC
kraft,NorströmV,1900,99,https://litteraturbanken.se/författare/Norstr%C3%B6mV
kraft,NorströmV,1910,69,https://litteraturbanken.se/författare/Norstr%C3%B6mV
kraft,NorénV,1880,5,https://litteraturbanken.se/författare/Nor%C3%A9nV
kraft,NumersG,1890,2,https://litteraturbanken.se/författare/NumersG
kraft,NumersH,1850,2,https://litteraturbanken.se/författare/NumersH
kraft,NybergJC,1830,36,https://litteraturbanken.se/författare/NybergJC
kraft,NybergJC,1840,12,https://litteraturbanken.se/författare/NybergJC
kraft,NybergJP,1850,7,https://litteraturbanken.se/författare/NybergJP
kraft,NybergJP,1860,8,https://litteraturbanken.se/författare/NybergJP
kraft,NybergS,1860,29,https://litteraturbanken.se/författare/NybergS
kraft,NyblomCR,1860,26,https://litteraturbanken.se/författare/NyblomCR
kraft,NyblomCR,1870,30,https://litteraturbanken.se/författare/NyblomCR
kraft,NyblomH,1870,52,https://litteraturbanken.se/författare/NyblomH
kraft,NyblomH,1880,46,https://litteraturbanken.se/författare/NyblomH
kraft,NyblomH,1890,55,https://litteraturbanken.se/författare/NyblomH
kraft,NyblomH,1910,32,https://litteraturbanken.se/författare/NyblomH
kraft,NyblæusG,1840,10,https://litteraturbanken.se/författare/Nybl%C3%A6usG
kraft,NyblæusG,1890,95,https://litteraturbanken.se/författare/Nybl%C3%A6usG
kraft,NybomJ,1830,1,https://litteraturbanken.se/författare/NybomJ
kraft,NybomJ,1840,45,https://litteraturbanken.se/författare/NybomJ
kraft,NybomJ,1850,6,https://litteraturbanken.se/författare/NybomJ
kraft,NycanderF,1890,10,https://litteraturbanken.se/författare/NycanderF
kraft,NycanderF,1900,2,https://litteraturbanken.se/författare/NycanderF
kraft,NygrenAJ,1900,3,https://litteraturbanken.se/författare/NygrenAJ
kraft,NyholmCA,1880,11,https://litteraturbanken.se/författare/NyholmCA
kraft,NyholmCA,1890,8,https://litteraturbanken.se/författare/NyholmCA
kraft,NylanderCW,1830,1,https://litteraturbanken.se/författare/NylanderCW
kraft,NylénPG,1920,5,https://litteraturbanken.se/författare/Nyl%C3%A9nPG
kraft,NyströmE,1860,1,https://litteraturbanken.se/författare/Nystr%C3%B6mE
kraft,NyströmL,1890,68,https://litteraturbanken.se/författare/Nystr%C3%B6mL
kraft,NèlsonJF,1880,67,https://litteraturbanken.se/författare/N%C3%A8lsonJF
kraft,OdelA,1860,4,https://litteraturbanken.se/författare/OdelA
kraft,OdhnerCT,1870,20,https://litteraturbanken.se/författare/OdhnerCT
kraft,OfvandahlE,1900,13,https://litteraturbanken.se/författare/OfvandahlE
kraft,OhlsonCO,1880,2,https://litteraturbanken.se/författare/OhlsonCO
kraft,OhlssonJ,1880,6,https://litteraturbanken.se/författare/OhlssonJ
kraft,OldbergAFN,1850,1,https://litteraturbanken.se/författare/OldbergAFN
kraft,OlivecronaR,1850,28,https://litteraturbanken.se/författare/OlivecronaR
kraft,OlivecronaR,1880,20,https://litteraturbanken.se/författare/OlivecronaR
kraft,OlofssonK,1920,11,https://litteraturbanken.se/författare/OlofssonK
kraft,OlofssonK,1930,14,https://litteraturbanken.se/författare/OlofssonK
kraft,OlssonAugust,1890,4,https://litteraturbanken.se/författare/OlssonAugust
kraft,OlssonJohannes,1890,42,https://litteraturbanken.se/författare/OlssonJohannes
kraft,OlssonOberlinC,1840,1,https://litteraturbanken.se/författare/OlssonOberlinC
kraft,OlssonP,1880,6,https://litteraturbanken.se/författare/OlssonP
kraft,OlséniN,1880,2,https://litteraturbanken.se/författare/Ols%C3%A9niN
kraft,OlzonJ,1840,3,https://litteraturbanken.se/författare/OlzonJ
kraft,OlánO,1890,17,https://litteraturbanken.se/författare/Ol%C3%A1nO
kraft,OmarKhayyam,1920,5,https://litteraturbanken.se/författare/OmarKhayyam
kraft,OrczyE,1900,14,https://litteraturbanken.se/författare/OrczyE
kraft,OskarII,1850,9,https://litteraturbanken.se/författare/OskarII
kraft,OskarII,1860,10,https://litteraturbanken.se/författare/OskarII
kraft,OskarII,1870,29,https://litteraturbanken.se/författare/OskarII
kraft,OskarII,1890,16,https://litteraturbanken.se/författare/OskarII
kraft,OterdahlJ,1900,1,https://litteraturbanken.se/författare/OterdahlJ
kraft,OterdahlJ,1910,59,https://litteraturbanken.se/författare/OterdahlJ
kraft,Ovidius,1820,117,https://litteraturbanken.se/författare/Ovidius
kraft,OxenstiernaJG,1770,1,https://litteraturbanken.se/författare/OxenstiernaJG
kraft,OxenstiernaJG,1790,28,https://litteraturbanken.se/författare/OxenstiernaJG
kraft,OxenstiernaMGL,1870,8,https://litteraturbanken.se/författare/OxenstiernaMGL
kraft,OxenstiernaMGL,1880,7,https://litteraturbanken.se/författare/OxenstiernaMGL
kraft,OxenstiernaMGL,1890,67,https://litteraturbanken.se/författare/OxenstiernaMGL
kraft,PabanAT,1850,2,https://litteraturbanken.se/författare/PabanAT
kraft,PabanAT,1870,2,https://litteraturbanken.se/författare/PabanAT
kraft,PalmA,1890,3,https://litteraturbanken.se/författare/PalmA
kraft,PalmA,1900,5,https://litteraturbanken.se/författare/PalmA
kraft,PalmAmy,1890,10,https://litteraturbanken.se/författare/PalmAmy
kraft,PalmbladVF,1840,166,https://litteraturbanken.se/författare/PalmbladVF
kraft,PalmbladVF,1850,6,https://litteraturbanken.se/författare/PalmbladVF
kraft,PalmeCA,1860,5,https://litteraturbanken.se/författare/PalmeCA
kraft,PalmstjernaCO,1830,98,https://litteraturbanken.se/författare/PalmstjernaCO
kraft,PalmærHB,1870,12,https://litteraturbanken.se/författare/Palm%C3%A6rHB
kraft,PankninCL,1910,2,https://litteraturbanken.se/författare/PankninCL
kraft,PatersonE,1870,10,https://litteraturbanken.se/författare/PatersonE
kraft,PaulA,1890,82,https://litteraturbanken.se/författare/PaulA
kraft,PauliG,1910,13,https://litteraturbanken.se/författare/PauliG
kraft,PaykullLG,1880,5,https://litteraturbanken.se/författare/PaykullLG
kraft,PereswetoffMorathF,1860,38,https://litteraturbanken.se/författare/PereswetoffMorathF
kraft,PereswetoffMorathF,1880,14,https://litteraturbanken.se/författare/PereswetoffMorathF
kraft,PerraultC,1870,2,https://litteraturbanken.se/författare/PerraultC
kraft,PersonneJ,1880,12,https://litteraturbanken.se/författare/PersonneJ
kraft,PerssonF,1900,99,https://litteraturbanken.se/författare/PerssonF
kraft,PerssonF,1910,75,https://litteraturbanken.se/författare/PerssonF
kraft,PetersonG,1880,8,https://litteraturbanken.se/författare/PetersonG
kraft,PetersonGR,1870,11,https://litteraturbanken.se/författare/PetersonGR
kraft,PetersonGR,1880,6,https://litteraturbanken.se/författare/PetersonGR
kraft,PetersonM,1860,62,https://litteraturbanken.se/författare/PetersonM
kraft,PeterssonS,1890,6,https://litteraturbanken.se/författare/PeterssonS
kraft,PeterssonT,1880,7,https://litteraturbanken.se/författare/PeterssonT
kraft,PetriniG,1910,11,https://litteraturbanken.se/författare/PetriniG
kraft,PetterssonC,1850,15,https://litteraturbanken.se/författare/PetterssonC
kraft,PetterssonOlinJ,1890,6,https://litteraturbanken.se/författare/PetterssonOlinJ
kraft,PetterssonS,1870,8,https://litteraturbanken.se/författare/PetterssonS
kraft,PfeifferS,1880,9,https://litteraturbanken.se/författare/PfeifferS
kraft,PhilipssonJ,1850,16,https://litteraturbanken.se/författare/PhilipssonJ
kraft,PihlstrandR,1880,57,https://litteraturbanken.se/författare/PihlstrandR
kraft,PinelloNH,1860,8,https://litteraturbanken.se/författare/PinelloNH
kraft,PinelloNH,1870,28,https://litteraturbanken.se/författare/PinelloNH
kraft,PlatenHCvon,1840,2,https://litteraturbanken.se/författare/PlatenHCvon
kraft,PontoppidanH,1890,4,https://litteraturbanken.se/författare/PontoppidanH
kraft,PorterE,1910,4,https://litteraturbanken.se/författare/PorterE
kraft,PostT,1880,1,https://litteraturbanken.se/författare/PostT
kraft,PoulssonK,1870,5,https://litteraturbanken.se/författare/PoulssonK
kraft,PreinitzA,1890,4,https://litteraturbanken.se/författare/PreinitzA
kraft,ProcopéH,1900,9,https://litteraturbanken.se/författare/Procop%C3%A9H
kraft,PålmanE,1910,1,https://litteraturbanken.se/författare/P%C3%A5lmanE
kraft,QuennerstedtA,1900,11,https://litteraturbanken.se/författare/QuennerstedtA
kraft,QuennerstedtA,1910,27,https://litteraturbanken.se/författare/QuennerstedtA
kraft,QvantenAvon,1880,10,https://litteraturbanken.se/författare/QvantenAvon
kraft,QvantenE,1840,8,https://litteraturbanken.se/författare/QvantenE
kraft,QvantenE,1850,11,https://litteraturbanken.se/författare/QvantenE
kraft,QvantenE,1880,14,https://litteraturbanken.se/författare/QvantenE
kraft,QvistO,1900,5,https://litteraturbanken.se/författare/QvistO
kraft,RahmGVA,1860,10,https://litteraturbanken.se/författare/RahmGVA
kraft,RandelRA,1910,1,https://litteraturbanken.se/författare/RandelRA
kraft,ReenstiernaMH,1940,7,https://litteraturbanken.se/författare/ReenstiernaMH
kraft,ReenstiernaMH,1950,30,https://litteraturbanken.se/författare/ReenstiernaMH
kraft,RegisJ,1910,6,https://litteraturbanken.se/författare/RegisJ
kraft,RegnérG,1800,8,https://litteraturbanken.se/författare/Regn%C3%A9rG
kraft,ReuterOM,1880,5,https://litteraturbanken.se/författare/ReuterOM
kraft,ReuterOM,1890,6,https://litteraturbanken.se/författare/ReuterOM
kraft,RichterL,1870,1,https://litteraturbanken.se/författare/RichterL
kraft,RidderstadCF,1840,69,https://litteraturbanken.se/författare/RidderstadCF
kraft,RidderstadCF,1850,89,https://litteraturbanken.se/författare/RidderstadCF
kraft,RidderstadCF,1870,6,https://litteraturbanken.se/författare/RidderstadCF
kraft,RidderstadCF,1880,176,https://litteraturbanken.se/författare/RidderstadCF
kraft,RietzJE,1860,101,https://litteraturbanken.se/författare/RietzJE
kraft,RignellKA,1890,2,https://litteraturbanken.se/författare/RignellKA
kraft,RingHA,1880,14,https://litteraturbanken.se/författare/RingHA
kraft,RodheBC,1860,4,https://litteraturbanken.se/författare/RodheBC
kraft,RodheBC,1880,22,https://litteraturbanken.se/författare/RodheBC
kraft,RollinCF,1860,5,https://litteraturbanken.se/författare/RollinCF
kraft,RollinCG,1840,11,https://litteraturbanken.se/författare/RollinCG
kraft,RomanA,1840,2,https://litteraturbanken.se/författare/RomanA
kraft,RomdahlC,1880,12,https://litteraturbanken.se/författare/RomdahlC
kraft,RoosAM,1890,11,https://litteraturbanken.se/författare/RoosAM
kraft,RoosAM,1900,13,https://litteraturbanken.se/författare/RoosAM
kraft,RoosM,1880,22,https://litteraturbanken.se/författare/RoosM
kraft,RoosM,1890,12,https://litteraturbanken.se/författare/RoosM
kraft,RoosM,1900,41,https://litteraturbanken.se/författare/RoosM
kraft,RoseliusJE,1850,18,https://litteraturbanken.se/författare/RoseliusJE
kraft,RosendahlCG,1860,12,https://litteraturbanken.se/författare/RosendahlCG
kraft,RoseniusCO,1890,46,https://litteraturbanken.se/författare/RoseniusCO
kraft,RoseniusJ,1880,6,https://litteraturbanken.se/författare/RoseniusJ
kraft,RoseniusJ,1890,3,https://litteraturbanken.se/författare/RoseniusJ
kraft,RosenqvistP,1840,1,https://litteraturbanken.se/författare/RosenqvistP
kraft,RosénJM,1830,4,https://litteraturbanken.se/författare/Ros%C3%A9nJM
kraft,RosénJM,1840,13,https://litteraturbanken.se/författare/Ros%C3%A9nJM
kraft,RothSO,1880,15,https://litteraturbanken.se/författare/RothSO
kraft,RothSO,1900,1,https://litteraturbanken.se/författare/RothSO
kraft,RubensonO,1880,66,https://litteraturbanken.se/författare/RubensonO
kraft,RudaEW,1830,15,https://litteraturbanken.se/författare/RudaEW
kraft,RudbeckOyngste,1770,15,https://litteraturbanken.se/författare/RudbeckOyngste
kraft,RudbeckTG,1830,5,https://litteraturbanken.se/författare/RudbeckTG
kraft,RudbeckTG,1840,29,https://litteraturbanken.se/författare/RudbeckTG
kraft,RuinH,1930,119,https://litteraturbanken.se/författare/RuinH
kraft,RuinH,1940,55,https://litteraturbanken.se/författare/RuinH
kraft,RuinH,1960,22,https://litteraturbanken.se/författare/RuinH
kraft,RunebergFC,1850,9,https://litteraturbanken.se/författare/RunebergFC
kraft,RunebergFC,1860,34,https://litteraturbanken.se/författare/RunebergFC
kraft,RunebergJL,1830,4,https://litteraturbanken.se/författare/RunebergJL
kraft,RunebergJL,1840,18,https://litteraturbanken.se/författare/RunebergJL
kraft,RunebergJL,1850,11,https://litteraturbanken.se/författare/RunebergJL
kraft,RunebergJL,1870,97,https://litteraturbanken.se/författare/RunebergJL
kraft,RunebergJL,1890,3,https://litteraturbanken.se/författare/RunebergJL
kraft,RunebergN,1890,1,https://litteraturbanken.se/författare/RunebergN
kraft,RunfeldtE,1890,10,https://litteraturbanken.se/författare/RunfeldtE
kraft,RunnqvistE,1880,3,https://litteraturbanken.se/författare/RunnqvistE
kraft,RunstedtJU,1840,3,https://litteraturbanken.se/författare/RunstedtJU
kraft,RussbergJA,1870,12,https://litteraturbanken.se/författare/RussbergJA
kraft,RusénLE,1850,8,https://litteraturbanken.se/författare/Rus%C3%A9nLE
kraft,RybergK,1870,22,https://litteraturbanken.se/författare/RybergK
kraft,RydbergCA,1840,5,https://litteraturbanken.se/författare/RydbergCA
kraft,RydbergCH,1850,3,https://litteraturbanken.se/författare/RydbergCH
kraft,RydbergCH,1860,24,https://litteraturbanken.se/författare/RydbergCH
kraft,RydbergV,1850,139,https://litteraturbanken.se/författare/RydbergV
kraft,RydbergV,1860,145,https://litteraturbanken.se/författare/RydbergV
kraft,RydbergV,1870,20,https://litteraturbanken.se/författare/RydbergV
kraft,RydbergV,1880,41,https://litteraturbanken.se/författare/RydbergV
kraft,RydbergV,1890,1,https://litteraturbanken.se/författare/RydbergV
kraft,RydebergOAA,1840,1,https://litteraturbanken.se/författare/RydebergOAA
kraft,RydeliusG,1890,5,https://litteraturbanken.se/författare/RydeliusG
kraft,RydforssK,1890,10,https://litteraturbanken.se/författare/RydforssK
kraft,RydqvistJE,1830,3,https://litteraturbanken.se/författare/RydqvistJE
kraft,RydqvistJE,1920,3,https://litteraturbanken.se/författare/RydqvistJE
kraft,RydqvistJE,1930,10,https://litteraturbanken.se/författare/RydqvistJE
kraft,RydströmC,1840,5,https://litteraturbanken.se/författare/Rydstr%C3%B6mC
kraft,RydströmC,1870,5,https://litteraturbanken.se/författare/Rydstr%C3%B6mC
kraft,RådbergF,1830,16,https://litteraturbanken.se/författare/R%C3%A5dbergF
kraft,RådbergF,1840,77,https://litteraturbanken.se/författare/R%C3%A5dbergF
kraft,SachsH,1890,16,https://litteraturbanken.se/författare/SachsH
kraft,SachsH,1900,8,https://litteraturbanken.se/författare/SachsH
kraft,Sadi,1910,17,https://litteraturbanken.se/författare/Sadi
kraft,SagerS,1850,1,https://litteraturbanken.se/författare/SagerS
kraft,SaltzaEF,1830,12,https://litteraturbanken.se/författare/SaltzaEF
kraft,SaltzaEF,1850,1,https://litteraturbanken.se/författare/SaltzaEF
kraft,SamzeliusH,1890,29,https://litteraturbanken.se/författare/SamzeliusH
kraft,SandA,1950,5,https://litteraturbanken.se/författare/SandA
kraft,SandahlAG,1870,38,https://litteraturbanken.se/författare/SandahlAG
kraft,SandbergA,1880,41,https://litteraturbanken.se/författare/SandbergA
kraft,SandbergA,1890,36,https://litteraturbanken.se/författare/SandbergA
kraft,SandbergA,1910,10,https://litteraturbanken.se/författare/SandbergA
kraft,SandbergE,1890,37,https://litteraturbanken.se/författare/SandbergE
kraft,SandbergF,1870,6,https://litteraturbanken.se/författare/SandbergF
kraft,SandbergS,1860,1,https://litteraturbanken.se/författare/SandbergS
kraft,SandelM,1900,22,https://litteraturbanken.se/författare/SandelM
kraft,SandelM,1910,42,https://litteraturbanken.se/författare/SandelM
kraft,SandelM,1920,34,https://litteraturbanken.se/författare/SandelM
kraft,SandellBergL,1890,2,https://litteraturbanken.se/författare/SandellBergL
kraft,SanderF,1850,33,https://litteraturbanken.se/författare/SanderF
kraft,SanderF,1870,19,https://litteraturbanken.se/författare/SanderF
kraft,SanderF,1890,3,https://litteraturbanken.se/författare/SanderF
kraft,SandströmerC,1870,52,https://litteraturbanken.se/författare/Sandstr%C3%B6merC
kraft,SantessonF,1880,9,https://litteraturbanken.se/författare/SantessonF
kraft,SaxonJL,1880,27,https://litteraturbanken.se/författare/SaxonJL
kraft,SaxonJL,1890,40,https://litteraturbanken.se/författare/SaxonJL
kraft,SaxonJL,1900,5,https://litteraturbanken.se/författare/SaxonJL
kraft,SaxénL,1890,5,https://litteraturbanken.se/författare/Sax%C3%A9nL
kraft,SchaarHF,1870,14,https://litteraturbanken.se/författare/SchaarHF
kraft,SchantzO,1870,20,https://litteraturbanken.se/författare/SchantzO
kraft,SchartauGJ,1830,3,https://litteraturbanken.se/författare/SchartauGJ
kraft,SchartauIE,1860,3,https://litteraturbanken.se/författare/SchartauIE
kraft,ScheeleF,1880,22,https://litteraturbanken.se/författare/ScheeleF
kraft,SchenfeltI,1870,47,https://litteraturbanken.se/författare/SchenfeltI
kraft,SchenfeltI,1880,65,https://litteraturbanken.se/författare/SchenfeltI
kraft,ScheriniPH,1880,15,https://litteraturbanken.se/författare/ScheriniPH
kraft,SchildtR,1910,11,https://litteraturbanken.se/författare/SchildtR
kraft,SchildtR,1920,5,https://litteraturbanken.se/författare/SchildtR
kraft,SchirmerA,1870,42,https://litteraturbanken.se/författare/SchirmerA
kraft,SchiöttE,1890,2,https://litteraturbanken.se/författare/Schi%C3%B6ttE
kraft,ScholanderFW,1860,37,https://litteraturbanken.se/författare/ScholanderFW
kraft,SchonbergG,1880,2,https://litteraturbanken.se/författare/SchonbergG
kraft,SchreinerO,1910,34,https://litteraturbanken.se/författare/SchreinerO
kraft,SchröderG,1890,68,https://litteraturbanken.se/författare/Schr%C3%B6derG
kraft,SchunckAM,1840,2,https://litteraturbanken.se/författare/SchunckAM
kraft,SchwartzMS,1850,154,https://litteraturbanken.se/författare/SchwartzMS
kraft,SchwartzMS,1860,212,https://litteraturbanken.se/författare/SchwartzMS
kraft,SchwartzMS,1870,140,https://litteraturbanken.se/författare/SchwartzMS
kraft,SchwartzMS,1880,19,https://litteraturbanken.se/författare/SchwartzMS
kraft,SchwartzMS,1890,11,https://litteraturbanken.se/författare/SchwartzMS
kraft,SchwartzMS,1910,25,https://litteraturbanken.se/författare/SchwartzMS
kraft,SchwerinM,1830,16,https://litteraturbanken.se/författare/SchwerinM
kraft,SchwerinM,1840,9,https://litteraturbanken.se/författare/SchwerinM
kraft,SchéeleAA,1880,3,https://litteraturbanken.se/författare/Sch%C3%A9eleAA
kraft,SchéeleG,1880,16,https://litteraturbanken.se/författare/Sch%C3%A9eleG
kraft,SchöldströmB,1870,16,https://litteraturbanken.se/författare/Sch%C3%B6ldstr%C3%B6mB
kraft,SchöldströmB,1880,9,https://litteraturbanken.se/författare/Sch%C3%B6ldstr%C3%B6mB
kraft,SchöldströmB,1890,6,https://litteraturbanken.se/författare/Sch%C3%B6ldstr%C3%B6mB
kraft,SchöldströmKW,1880,17,https://litteraturbanken.se/författare/Sch%C3%B6ldstr%C3%B6mKW
kraft,SchönA,1860,3,https://litteraturbanken.se/författare/Sch%C3%B6nA
kraft,SchönA,1880,2,https://litteraturbanken.se/författare/Sch%C3%B6nA
kraft,SchönAugust,1890,13,https://litteraturbanken.se/författare/Sch%C3%B6nAugust
kraft,SchückH,1890,46,https://litteraturbanken.se/författare/Sch%C3%BCckH
kraft,SchückH,1900,3,https://litteraturbanken.se/författare/Sch%C3%BCckH
kraft,SchückH,1910,22,https://litteraturbanken.se/författare/Sch%C3%BCckH
kraft,SchüsslerGC,1840,2,https://litteraturbanken.se/författare/Sch%C3%BCsslerGC
kraft,SederholmT,1850,4,https://litteraturbanken.se/författare/SederholmT
kraft,SeelhorstB,1890,12,https://litteraturbanken.se/författare/SeelhorstB
kraft,SefbomA,1870,31,https://litteraturbanken.se/författare/SefbomA
kraft,SegerstedtA,1870,14,https://litteraturbanken.se/författare/SegerstedtA
kraft,SegerstedtA,1880,10,https://litteraturbanken.se/författare/SegerstedtA
kraft,SegerstedtA,1890,4,https://litteraturbanken.se/författare/SegerstedtA
kraft,SegerstedtTorgny,1940,117,https://litteraturbanken.se/författare/SegerstedtTorgny
kraft,SegersteenAP,1840,1,https://litteraturbanken.se/författare/SegersteenAP
kraft,SehlstedtE,1850,8,https://litteraturbanken.se/författare/SehlstedtE
kraft,SelinG,1860,2,https://litteraturbanken.se/författare/SelinG
kraft,SernerG,1910,27,https://litteraturbanken.se/författare/SernerG
kraft,SernerG,1920,3,https://litteraturbanken.se/författare/SernerG
kraft,SernerG,1930,5,https://litteraturbanken.se/författare/SernerG
kraft,SettervallHB,1840,5,https://litteraturbanken.se/författare/SettervallHB
kraft,SigurdhSP,1900,3,https://litteraturbanken.se/författare/SigurdhSP
kraft,SilfverskjöldA,1870,13,https://litteraturbanken.se/författare/Silfverskj%C3%B6ldA
kraft,SilfversparreGG,1870,7,https://litteraturbanken.se/författare/SilfversparreGG
kraft,SilfverstolpeC,1880,2,https://litteraturbanken.se/författare/SilfverstolpeC
kraft,SilfverstolpeGM,1910,2,https://litteraturbanken.se/författare/SilfverstolpeGM
kraft,SilfverstolpeGM,1920,4,https://litteraturbanken.se/författare/SilfverstolpeGM
kraft,SilfverstolpeGM,1930,6,https://litteraturbanken.se/författare/SilfverstolpeGM
kraft,SilfverstolpeGM,1940,4,https://litteraturbanken.se/författare/SilfverstolpeGM
kraft,SilfverstolpeM,1900,37,https://litteraturbanken.se/författare/SilfverstolpeM
kraft,SilfverstolpeM,1910,27,https://litteraturbanken.se/författare/SilfverstolpeM
kraft,SilfverstopleGL,1850,25,https://litteraturbanken.se/författare/SilfverstopleGL
kraft,SiljeströmPA,1840,4,https://litteraturbanken.se/författare/Siljestr%C3%B6mPA
kraft,SillénAW,1860,15,https://litteraturbanken.se/författare/Sill%C3%A9nAW
kraft,SillénAW,1870,6,https://litteraturbanken.se/författare/Sill%C3%A9nAW
kraft,SjöbeckP,1870,1,https://litteraturbanken.se/författare/Sj%C3%B6beckP
kraft,SjöbergAC,1860,2,https://litteraturbanken.se/författare/Sj%C3%B6bergAC
kraft,SjöbergB,1920,52,https://litteraturbanken.se/författare/Sj%C3%B6bergB
kraft,SjöbergE,1840,1,https://litteraturbanken.se/författare/Sj%C3%B6bergE
kraft,SjöbergED,1840,10,https://litteraturbanken.se/författare/Sj%C3%B6bergED
kraft,SjögrenA,1900,1,https://litteraturbanken.se/författare/Sj%C3%B6grenA
kraft,SjöstedtH,1890,3,https://litteraturbanken.se/författare/Sj%C3%B6stedtH
kraft,SjöstedtH,1900,1,https://litteraturbanken.se/författare/Sj%C3%B6stedtH
kraft,SjöstrandA,1900,5,https://litteraturbanken.se/författare/Sj%C3%B6strandA
kraft,SjöstrandN,1880,3,https://litteraturbanken.se/författare/Sj%C3%B6strandN
kraft,SkarstedtCW,1880,64,https://litteraturbanken.se/författare/SkarstedtCW
kraft,SkoglundDCA,1850,1,https://litteraturbanken.se/författare/SkoglundDCA
kraft,SkytteN,1900,1,https://litteraturbanken.se/författare/SkytteN
kraft,Sköldström,1840,3,https://litteraturbanken.se/författare/Sk%C3%B6ldstr%C3%B6m
kraft,SmirnoffG,1880,2,https://litteraturbanken.se/författare/SmirnoffG
kraft,SmithC,1890,3,https://litteraturbanken.se/författare/SmithC
kraft,SmithE,1900,6,https://litteraturbanken.se/författare/SmithE
kraft,SnellmanJV,1840,46,https://litteraturbanken.se/författare/SnellmanJV
kraft,SnoilskyC,1860,7,https://litteraturbanken.se/författare/SnoilskyC
kraft,SnoilskyC,1880,33,https://litteraturbanken.se/författare/SnoilskyC
kraft,SnoilskyC,1890,15,https://litteraturbanken.se/författare/SnoilskyC
kraft,SnoilskyE,1880,5,https://litteraturbanken.se/författare/SnoilskyE
kraft,SommeliusGL,1840,13,https://litteraturbanken.se/författare/SommeliusGL
kraft,SparreP,1830,58,https://litteraturbanken.se/författare/SparreP
kraft,SparreP,1840,28,https://litteraturbanken.se/författare/SparreP
kraft,SparreP,1850,58,https://litteraturbanken.se/författare/SparreP
kraft,SparreP,1860,13,https://litteraturbanken.se/författare/SparreP
kraft,SparreP,1870,81,https://litteraturbanken.se/författare/SparreP
kraft,SparreS,1880,4,https://litteraturbanken.se/författare/SparreS
kraft,SparrmanGL,1840,2,https://litteraturbanken.se/författare/SparrmanGL
kraft,SprengtportenJW,1870,9,https://litteraturbanken.se/författare/SprengtportenJW
kraft,StaaffAW,1890,31,https://litteraturbanken.se/författare/StaaffAW
kraft,StaaffK,1900,9,https://litteraturbanken.se/författare/StaaffK
kraft,StackelbergO,1870,6,https://litteraturbanken.se/författare/StackelbergO
kraft,StackelbergO,1890,12,https://litteraturbanken.se/författare/StackelbergO
kraft,StagneliusEJ,1850,1,https://litteraturbanken.se/författare/StagneliusEJ
kraft,StagneliusEJ,1880,2,https://litteraturbanken.se/författare/StagneliusEJ
kraft,StahreGW,1870,9,https://litteraturbanken.se/författare/StahreGW
kraft,StarbäckCG,1850,32,https://litteraturbanken.se/författare/Starb%C3%A4ckCG
kraft,StarbäckCG,1860,8,https://litteraturbanken.se/författare/Starb%C3%A4ckCG
kraft,StarbäckCG,1870,139,https://litteraturbanken.se/författare/Starb%C3%A4ckCG
kraft,StarckWA,1890,2,https://litteraturbanken.se/författare/StarckWA
kraft,StarnbergM,1890,119,https://litteraturbanken.se/författare/StarnbergM
kraft,StarnbergM,1900,17,https://litteraturbanken.se/författare/StarnbergM
kraft,SteffenR,1890,4,https://litteraturbanken.se/författare/SteffenR
kraft,SteffenR,1900,7,https://litteraturbanken.se/författare/SteffenR
kraft,SteijerA,1890,3,https://litteraturbanken.se/författare/SteijerA
kraft,StenbergA,1880,2,https://litteraturbanken.se/författare/StenbergA
kraft,StenbergEO,1870,11,https://litteraturbanken.se/författare/StenbergEO
kraft,StenborgGG,1860,3,https://litteraturbanken.se/författare/StenborgGG
kraft,StenbäckL,1840,12,https://litteraturbanken.se/författare/Stenb%C3%A4ckL
kraft,StenbäckL,1850,18,https://litteraturbanken.se/författare/Stenb%C3%A4ckL
kraft,StengårdP,1860,23,https://litteraturbanken.se/författare/Steng%C3%A5rdP
kraft,StenhammarJA,1810,39,https://litteraturbanken.se/författare/StenhammarJA
kraft,StenmanIG,1840,1,https://litteraturbanken.se/författare/StenmanIG
kraft,SterneL,1790,6,https://litteraturbanken.se/författare/SterneL
kraft,SternerM,1910,1,https://litteraturbanken.se/författare/SternerM
kraft,StiernhielmG,1870,23,https://litteraturbanken.se/författare/StiernhielmG
kraft,StiernstedtAW,1870,2,https://litteraturbanken.se/författare/StiernstedtAW
kraft,StjernstolpeJM,1820,3,https://litteraturbanken.se/författare/StjernstolpeJM
kraft,StjernstolpeJM,1840,1,https://litteraturbanken.se/författare/StjernstolpeJM
kraft,StjernströmJ,1850,2,https://litteraturbanken.se/författare/Stjernstr%C3%B6mJ
kraft,StjernströmL,1880,359,https://litteraturbanken.se/författare/Stjernstr%C3%B6mL
kraft,StjernströmL,1890,483,https://litteraturbanken.se/författare/Stjernstr%C3%B6mL
kraft,StockenstrandI,1890,19,https://litteraturbanken.se/författare/StockenstrandI
kraft,StokerB,1900,50,https://litteraturbanken.se/författare/StokerB
kraft,StolpeM,1870,3,https://litteraturbanken.se/författare/StolpeM
kraft,StorckenfeldtS,1890,31,https://litteraturbanken.se/författare/StorckenfeldtS
kraft,StoweHB,1890,55,https://litteraturbanken.se/författare/StoweHB
kraft,StrandbergC,1890,21,https://litteraturbanken.se/författare/StrandbergC
kraft,StrandbergCH,1830,5,https://litteraturbanken.se/författare/StrandbergCH
kraft,StrandbergCVA,1840,1,https://litteraturbanken.se/författare/StrandbergCVA
kraft,StrandbergCVA,1850,5,https://litteraturbanken.se/författare/StrandbergCVA
kraft,StrandbergCVA,1860,8,https://litteraturbanken.se/författare/StrandbergCVA
kraft,StrindbergA,1870,1,https://litteraturbanken.se/författare/StrindbergA
kraft,StrindbergA,1880,86,https://litteraturbanken.se/författare/StrindbergA
kraft,StrindbergA,1890,122,https://litteraturbanken.se/författare/StrindbergA
kraft,StrindbergA,1900,18,https://litteraturbanken.se/författare/StrindbergA
kraft,StrindbergA,1910,10,https://litteraturbanken.se/författare/StrindbergA
kraft,StrindbergO,1880,8,https://litteraturbanken.se/författare/StrindbergO
kraft,StrussenfeltCCA,1820,14,https://litteraturbanken.se/författare/StrussenfeltCCA
kraft,StrussenfeltCCA,1830,32,https://litteraturbanken.se/författare/StrussenfeltCCA
kraft,StrussenfeltCCA,1840,26,https://litteraturbanken.se/författare/StrussenfeltCCA
kraft,StrussenfeltU,1840,29,https://litteraturbanken.se/författare/StrussenfeltU
kraft,StrussenfeltU,1850,122,https://litteraturbanken.se/författare/StrussenfeltU
kraft,StrussenfeltU,1860,37,https://litteraturbanken.se/författare/StrussenfeltU
kraft,StrussenfeltU,1870,3,https://litteraturbanken.se/författare/StrussenfeltU
kraft,StråleGH,1860,2,https://litteraturbanken.se/författare/Str%C3%A5leGH
kraft,StråleGH,1880,2,https://litteraturbanken.se/författare/Str%C3%A5leGH
kraft,StrömE,1880,3,https://litteraturbanken.se/författare/Str%C3%B6mE
kraft,StrömF,1900,19,https://litteraturbanken.se/författare/Str%C3%B6mF
kraft,StrömF,1910,14,https://litteraturbanken.se/författare/Str%C3%B6mF
kraft,StrömF,1920,18,https://litteraturbanken.se/författare/Str%C3%B6mF
kraft,StrömF,1940,84,https://litteraturbanken.se/författare/Str%C3%B6mF
kraft,StrömbergBJGL,1850,12,https://litteraturbanken.se/författare/Str%C3%B6mbergBJGL
kraft,StrömbergL,1890,67,https://litteraturbanken.se/författare/Str%C3%B6mbergL
kraft,StrömbergL,1900,21,https://litteraturbanken.se/författare/Str%C3%B6mbergL
kraft,StrömbergT,1850,8,https://litteraturbanken.se/författare/Str%C3%B6mbergT
kraft,StrömbergT,1880,30,https://litteraturbanken.se/författare/Str%C3%B6mbergT
kraft,StrömerHj,1880,15,https://litteraturbanken.se/författare/Str%C3%B6merHj
kraft,StrömstenLM,1880,13,https://litteraturbanken.se/författare/Str%C3%B6mstenLM
kraft,SturlassonS,1810,13,https://litteraturbanken.se/författare/SturlassonS
kraft,Sturzen-BeckerOP,1830,3,https://litteraturbanken.se/författare/Sturzen-BeckerOP
kraft,Sturzen-BeckerOP,1840,29,https://litteraturbanken.se/författare/Sturzen-BeckerOP
kraft,Sturzen-BeckerOP,1860,61,https://litteraturbanken.se/författare/Sturzen-BeckerOP
kraft,StuxbergA,1890,14,https://litteraturbanken.se/författare/StuxbergA
kraft,StyffeCG,1850,4,https://litteraturbanken.se/författare/StyffeCG
kraft,StyffeCG,1860,7,https://litteraturbanken.se/författare/StyffeCG
kraft,StyffeCG,1870,24,https://litteraturbanken.se/författare/StyffeCG
kraft,StyffeCG,1880,4,https://litteraturbanken.se/författare/StyffeCG
kraft,StåhleA,1910,2,https://litteraturbanken.se/författare/St%C3%A5hleA
kraft,StålbergW,1830,15,https://litteraturbanken.se/författare/St%C3%A5lbergW
kraft,StålbergW,1840,72,https://litteraturbanken.se/författare/St%C3%A5lbergW
kraft,StålbergW,1850,47,https://litteraturbanken.se/författare/St%C3%A5lbergW
kraft,StålbergW,1860,81,https://litteraturbanken.se/författare/St%C3%A5lbergW
kraft,StålbergW,1870,18,https://litteraturbanken.se/författare/St%C3%A5lbergW
kraft,StéenhoffF,1900,9,https://litteraturbanken.se/författare/St%C3%A9enhoffF
kraft,StéenhoffF,1910,30,https://litteraturbanken.se/författare/St%C3%A9enhoffF
kraft,SundbeckC,1890,1,https://litteraturbanken.se/författare/SundbeckC
kraft,SundbladJ,1870,37,https://litteraturbanken.se/författare/SundbladJ
kraft,SundbladJ,1880,14,https://litteraturbanken.se/författare/SundbladJ
kraft,SundbladJ,1890,60,https://litteraturbanken.se/författare/SundbladJ
kraft,SundeliusAS,1860,13,https://litteraturbanken.se/författare/SundeliusAS
kraft,SundgrenF,1890,2,https://litteraturbanken.se/författare/SundgrenF
kraft,SundlerA,1880,18,https://litteraturbanken.se/författare/SundlerA
kraft,SundmanG,1890,5,https://litteraturbanken.se/författare/SundmanG
kraft,SundqvistEW,1890,27,https://litteraturbanken.se/författare/SundqvistEW
kraft,SundströmG,1850,2,https://litteraturbanken.se/författare/Sundstr%C3%B6mG
kraft,SundströmK,1860,38,https://litteraturbanken.se/författare/Sundstr%C3%B6mK
kraft,SuttnerB,1890,19,https://litteraturbanken.se/författare/SuttnerB
kraft,SvahnA,1870,6,https://litteraturbanken.se/författare/SvahnA
kraft,SvahnO,1880,9,https://litteraturbanken.se/författare/SvahnO
kraft,SvanlundYF,1890,15,https://litteraturbanken.se/författare/SvanlundYF
kraft,SvartengrenJ,1840,11,https://litteraturbanken.se/författare/SvartengrenJ
kraft,SvartengrenT,1880,2,https://litteraturbanken.se/författare/SvartengrenT
kraft,SvedbergE,1850,2,https://litteraturbanken.se/författare/SvedbergE
kraft,SvedbomPE,1840,45,https://litteraturbanken.se/författare/SvedbomPE
kraft,SvedeliusWE,1850,4,https://litteraturbanken.se/författare/SvedeliusWE
kraft,SvedeliusWE,1860,4,https://litteraturbanken.se/författare/SvedeliusWE
kraft,SvedeliusWE,1870,104,https://litteraturbanken.se/författare/SvedeliusWE
kraft,SvedeliusWE,1880,8,https://litteraturbanken.se/författare/SvedeliusWE
kraft,SvensonA,1890,6,https://litteraturbanken.se/författare/SvensonA
kraft,SvensonF,1890,12,https://litteraturbanken.se/författare/SvensonF
kraft,SvensonGranerH,1900,17,https://litteraturbanken.se/författare/SvensonGranerH
kraft,SvensonGranerH,1910,20,https://litteraturbanken.se/författare/SvensonGranerH
kraft,SvenssonNP,1900,3,https://litteraturbanken.se/författare/SvenssonNP
kraft,SwahnCW,1880,5,https://litteraturbanken.se/författare/SwahnCW
kraft,SwedenborgE,1850,16,https://litteraturbanken.se/författare/SwedenborgE
kraft,SwedenborgE,1920,16,https://litteraturbanken.se/författare/SwedenborgE
kraft,SwiftJ,1860,3,https://litteraturbanken.se/författare/SwiftJ
kraft,SydowJL,1860,2,https://litteraturbanken.se/författare/SydowJL
kraft,SällbergT,1890,41,https://litteraturbanken.se/författare/S%C3%A4llbergT
kraft,SällbergT,1900,7,https://litteraturbanken.se/författare/S%C3%A4llbergT
kraft,SätherbergH,1830,1,https://litteraturbanken.se/författare/S%C3%A4therbergH
kraft,SätherbergH,1840,30,https://litteraturbanken.se/författare/S%C3%A4therbergH
kraft,SätherbergH,1860,51,https://litteraturbanken.se/författare/S%C3%A4therbergH
kraft,SätherbergH,1870,30,https://litteraturbanken.se/författare/S%C3%A4therbergH
kraft,SätherbergH,1880,13,https://litteraturbanken.se/författare/S%C3%A4therbergH
kraft,SåltinAT,1870,1,https://litteraturbanken.se/författare/S%C3%A5ltinAT
kraft,SöderbergH,1890,5,https://litteraturbanken.se/författare/S%C3%B6derbergH
kraft,SöderbergH,1900,26,https://litteraturbanken.se/författare/S%C3%B6derbergH
kraft,SöderbergH,1910,16,https://litteraturbanken.se/författare/S%C3%B6derbergH
kraft,SöderbergH,1920,22,https://litteraturbanken.se/författare/S%C3%B6derbergH
kraft,SöderbergH,1930,11,https://litteraturbanken.se/författare/S%C3%B6derbergH
kraft,SöderbergM,1920,2,https://litteraturbanken.se/författare/S%C3%B6derbergM
kraft,SöderbergM,1930,6,https://litteraturbanken.se/författare/S%C3%B6derbergM
kraft,SöderbergN,1890,14,https://litteraturbanken.se/författare/S%C3%B6derbergN
kraft,SöderblomN,1920,49,https://litteraturbanken.se/författare/S%C3%B6derblomN
kraft,SöderbomASE,1890,14,https://litteraturbanken.se/författare/S%C3%B6derbomASE
kraft,SödergranE,1910,26,https://litteraturbanken.se/författare/S%C3%B6dergranE
kraft,SödergranE,1920,16,https://litteraturbanken.se/författare/S%C3%B6dergranE
kraft,SöderhjelmA,1910,1,https://litteraturbanken.se/författare/S%C3%B6derhjelmA
kraft,SöderhjelmA,1920,10,https://litteraturbanken.se/författare/S%C3%B6derhjelmA
kraft,SöderhjelmW,1900,39,https://litteraturbanken.se/författare/S%C3%B6derhjelmW
kraft,SöderholmK,1920,1,https://litteraturbanken.se/författare/S%C3%B6derholmK
kraft,SöderholmK,1930,9,https://litteraturbanken.se/författare/S%C3%B6derholmK
kraft,SöderholmK,1940,3,https://litteraturbanken.se/författare/S%C3%B6derholmK
kraft,SödermanS,1880,4,https://litteraturbanken.se/författare/S%C3%B6dermanS
kraft,SödlingCE,1880,6,https://litteraturbanken.se/författare/S%C3%B6dlingCE
kraft,SörensenS,1890,47,https://litteraturbanken.se/författare/S%C3%B6rensenS
kraft,SörmanP,1920,16,https://litteraturbanken.se/författare/S%C3%B6rmanP
kraft,SörmanP,1930,24,https://litteraturbanken.se/författare/S%C3%B6rmanP
kraft,TammH,1910,47,https://litteraturbanken.se/författare/TammH
kraft,TammelinF,1880,19,https://litteraturbanken.se/författare/TammelinF
kraft,TammelinF,1890,24,https://litteraturbanken.se/författare/TammelinF
kraft,Tankebyggarorden,1750,42,https://litteraturbanken.se/författare/Tankebyggarorden
kraft,TavaststjernaK,1880,19,https://litteraturbanken.se/författare/TavaststjernaK
kraft,TavaststjernaK,1890,112,https://litteraturbanken.se/författare/TavaststjernaK
kraft,TegnérA,1910,15,https://litteraturbanken.se/författare/Tegn%C3%A9rA
kraft,TegnérE,1820,20,https://litteraturbanken.se/författare/Tegn%C3%A9rE
kraft,TegnérE,1830,37,https://litteraturbanken.se/författare/Tegn%C3%A9rE
kraft,TegnérE,1840,12,https://litteraturbanken.se/författare/Tegn%C3%A9rE
kraft,TegnérE,1880,15,https://litteraturbanken.se/författare/Tegn%C3%A9rE
kraft,TengbergJ,1890,4,https://litteraturbanken.se/författare/TengbergJ
kraft,TenggrenJF,1860,11,https://litteraturbanken.se/författare/TenggrenJF
kraft,TengströmJ,1890,37,https://litteraturbanken.se/författare/Tengstr%C3%B6mJ
kraft,TengwallCJ,1830,2,https://litteraturbanken.se/författare/TengwallCJ
kraft,TenowE,1880,14,https://litteraturbanken.se/författare/TenowE
kraft,TernauxCompansH,1840,1,https://litteraturbanken.se/författare/TernauxCompansH
kraft,TersmedenC,1910,25,https://litteraturbanken.se/författare/TersmedenC
kraft,TersmedenM,1860,18,https://litteraturbanken.se/författare/TersmedenM
kraft,TersmedenM,1870,6,https://litteraturbanken.se/författare/TersmedenM
kraft,TeuchlerA,1890,15,https://litteraturbanken.se/författare/TeuchlerA
kraft,ThelanderC,1890,3,https://litteraturbanken.se/författare/ThelanderC
kraft,ThiesenSA,1870,13,https://litteraturbanken.se/författare/ThiesenSA
kraft,ThomassonN,1890,45,https://litteraturbanken.se/författare/ThomassonN
kraft,ThomassonP,1830,6,https://litteraturbanken.se/författare/ThomassonP
kraft,ThomassonP,1840,20,https://litteraturbanken.se/författare/ThomassonP
kraft,ThomassonP,1850,4,https://litteraturbanken.se/författare/ThomassonP
kraft,ThomassonP,1860,68,https://litteraturbanken.se/författare/ThomassonP
kraft,ThomassonP,1870,45,https://litteraturbanken.se/författare/ThomassonP
kraft,ThomassonP,1880,71,https://litteraturbanken.se/författare/ThomassonP
kraft,ThomsonNH,1830,4,https://litteraturbanken.se/författare/ThomsonNH
kraft,ThoméeG,1830,9,https://litteraturbanken.se/författare/Thom%C3%A9eG
kraft,ThorellP,1860,7,https://litteraturbanken.se/författare/ThorellP
kraft,ThorildT,1900,7,https://litteraturbanken.se/författare/ThorildT
kraft,ThorsanderG,1880,5,https://litteraturbanken.se/författare/ThorsanderG
kraft,ThorsanderG,1890,17,https://litteraturbanken.se/författare/ThorsanderG
kraft,ThorsénA,1890,7,https://litteraturbanken.se/författare/Thors%C3%A9nA
kraft,ThörnbergCH,1880,14,https://litteraturbanken.se/författare/Th%C3%B6rnbergCH
kraft,TibellCC,1850,31,https://litteraturbanken.se/författare/TibellCC
kraft,TibellCC,1870,22,https://litteraturbanken.se/författare/TibellCC
kraft,TigerschiöldCW,1860,9,https://litteraturbanken.se/författare/Tigerschi%C3%B6ldCW
kraft,TigerschiöldH,1880,11,https://litteraturbanken.se/författare/Tigerschi%C3%B6ldH
kraft,TigerschiöldH,1890,8,https://litteraturbanken.se/författare/Tigerschi%C3%B6ldH
kraft,TilasD,1890,1,https://litteraturbanken.se/författare/TilasD
kraft,TiseliusCA,1920,10,https://litteraturbanken.se/författare/TiseliusCA
kraft,TollstorpJP,1830,2,https://litteraturbanken.se/författare/TollstorpJP
kraft,TopeliusZ,1850,51,https://litteraturbanken.se/författare/TopeliusZ
kraft,TopeliusZ,1860,46,https://litteraturbanken.se/författare/TopeliusZ
kraft,TopeliusZ,1870,50,https://litteraturbanken.se/författare/TopeliusZ
kraft,TopeliusZ,1880,161,https://litteraturbanken.se/författare/TopeliusZ
kraft,TopeliusZ,1890,14,https://litteraturbanken.se/författare/TopeliusZ
kraft,TornbergCJ,1870,28,https://litteraturbanken.se/författare/TornbergCJ
kraft,TorpadiusJI,1800,1,https://litteraturbanken.se/författare/TorpadiusJI
kraft,TorénRW,1880,5,https://litteraturbanken.se/författare/Tor%C3%A9nRW
kraft,TrolleH,1860,45,https://litteraturbanken.se/författare/TrolleH
kraft,TrolleH,1870,427,https://litteraturbanken.se/författare/TrolleH
kraft,TrolleH,1880,221,https://litteraturbanken.se/författare/TrolleH
kraft,TuriJ,1910,16,https://litteraturbanken.se/författare/TuriJ
kraft,TörnbergCL,1880,8,https://litteraturbanken.se/författare/T%C3%B6rnbergCL
kraft,TörnblomJA,1900,23,https://litteraturbanken.se/författare/T%C3%B6rnblomJA
kraft,TörnblomJA,1910,65,https://litteraturbanken.se/författare/T%C3%B6rnblomJA
kraft,TörnblomJA,1920,16,https://litteraturbanken.se/författare/T%C3%B6rnblomJA
kraft,TörnebladhR,1880,60,https://litteraturbanken.se/författare/T%C3%B6rnebladhR
kraft,TörnegrenCW,1860,7,https://litteraturbanken.se/författare/T%C3%B6rnegrenCW
kraft,TörnerO,1880,36,https://litteraturbanken.se/författare/T%C3%B6rnerO
kraft,TörnqvistJP,1870,10,https://litteraturbanken.se/författare/T%C3%B6rnqvistJP
kraft,UddgrenG,1890,24,https://litteraturbanken.se/författare/UddgrenG
kraft,UddgrenG,1900,14,https://litteraturbanken.se/författare/UddgrenG
kraft,UddgrenG,1910,45,https://litteraturbanken.se/författare/UddgrenG
kraft,UddmanU,1880,1,https://litteraturbanken.se/författare/UddmanU
kraft,UlinU,1880,2,https://litteraturbanken.se/författare/UlinU
kraft,UllmanG,1900,14,https://litteraturbanken.se/författare/UllmanG
kraft,UllnerC,1880,1,https://litteraturbanken.se/författare/UllnerC
kraft,UndsetS,1910,3,https://litteraturbanken.se/författare/UndsetS
kraft,UndsetS,1920,8,https://litteraturbanken.se/författare/UndsetS
kraft,UngeOS,1820,7,https://litteraturbanken.se/författare/UngeOS
kraft,UngeOS,1830,13,https://litteraturbanken.se/författare/UngeOS
kraft,UnoniusG,1830,5,https://litteraturbanken.se/författare/UnoniusG
kraft,UtterströmOP,1870,15,https://litteraturbanken.se/författare/Utterstr%C3%B6mOP
kraft,ValentinG,1910,2,https://litteraturbanken.se/författare/ValentinG
kraft,VallentinH,1890,5,https://litteraturbanken.se/författare/VallentinH
kraft,VegesackAH,1840,1,https://litteraturbanken.se/författare/VegesackAH
kraft,VendellH,1880,7,https://litteraturbanken.se/författare/VendellH
kraft,VesterAB,1890,5,https://litteraturbanken.se/författare/VesterAB
kraft,VestlingerJL,1840,6,https://litteraturbanken.se/författare/VestlingerJL
kraft,VictorinA,1880,1,https://litteraturbanken.se/författare/VictorinA
kraft,VikströmA,1870,3,https://litteraturbanken.se/författare/Vikstr%C3%B6mA
kraft,VikströmA,1890,6,https://litteraturbanken.se/författare/Vikstr%C3%B6mA
kraft,VinellS,1880,4,https://litteraturbanken.se/författare/VinellS
kraft,VirginAG,1850,7,https://litteraturbanken.se/författare/VirginAG
kraft,VirginAG,1860,36,https://litteraturbanken.se/författare/VirginAG
kraft,VirginAG,1870,26,https://litteraturbanken.se/författare/VirginAG
kraft,VirginAG,1880,19,https://litteraturbanken.se/författare/VirginAG
kraft,VirginRWU,1840,2,https://litteraturbanken.se/författare/VirginRWU
kraft,VisénK,1880,20,https://litteraturbanken.se/författare/Vis%C3%A9nK
kraft,VäplingK,1880,2,https://litteraturbanken.se/författare/V%C3%A4plingK
kraft,VärnlundR,1920,47,https://litteraturbanken.se/författare/V%C3%A4rnlundR
kraft,VärnlundR,1930,28,https://litteraturbanken.se/författare/V%C3%A4rnlundR
kraft,WachtmeisterH,1880,1,https://litteraturbanken.se/författare/WachtmeisterH
kraft,WadmanJA,1850,43,https://litteraturbanken.se/författare/WadmanJA
kraft,WadströmCG,1830,11,https://litteraturbanken.se/författare/Wadstr%C3%B6mCG
kraft,WahlbergF,1880,2,https://litteraturbanken.se/författare/WahlbergF
kraft,WahlenbergA,1880,24,https://litteraturbanken.se/författare/WahlenbergA
kraft,WahlenbergA,1890,58,https://litteraturbanken.se/författare/WahlenbergA
kraft,WahlenbergA,1900,9,https://litteraturbanken.se/författare/WahlenbergA
kraft,WahlenbergA,1910,5,https://litteraturbanken.se/författare/WahlenbergA
kraft,WahlinOF,1830,15,https://litteraturbanken.se/författare/WahlinOF
kraft,WahlströmP,1800,22,https://litteraturbanken.se/författare/Wahlstr%C3%B6mP
kraft,WaldeO,1910,7,https://litteraturbanken.se/författare/WaldeO
kraft,WaldeO,1920,7,https://litteraturbanken.se/författare/WaldeO
kraft,WallWA,1840,8,https://litteraturbanken.se/författare/WallWA
kraft,WallenbergJ,1880,1,https://litteraturbanken.se/författare/WallenbergJ
kraft,WallengrenA,1890,2,https://litteraturbanken.se/författare/WallengrenA
kraft,WallensteenN,1900,18,https://litteraturbanken.se/författare/WallensteenN
kraft,WallinJO,1820,42,https://litteraturbanken.se/författare/WallinJO
kraft,WallinJO,1830,3,https://litteraturbanken.se/författare/WallinJO
kraft,WallinJO,1840,3,https://litteraturbanken.se/författare/WallinJO
kraft,WallinJP,1870,6,https://litteraturbanken.se/författare/WallinJP
kraft,WallinJP,1880,50,https://litteraturbanken.se/författare/WallinJP
kraft,WallinJP,1890,1,https://litteraturbanken.se/författare/WallinJP
kraft,WallinW,1880,9,https://litteraturbanken.se/författare/WallinW
kraft,WallmarkE,1870,6,https://litteraturbanken.se/författare/WallmarkE
kraft,WallmarkE,1880,12,https://litteraturbanken.se/författare/WallmarkE
kraft,WallmoU,1900,15,https://litteraturbanken.se/författare/WallmoU
kraft,WallénA,1840,5,https://litteraturbanken.se/författare/Wall%C3%A9nA
kraft,WarburgK,1900,13,https://litteraturbanken.se/författare/WarburgK
kraft,WarburgK,1910,18,https://litteraturbanken.se/författare/WarburgK
kraft,WarholmJW,1870,25,https://litteraturbanken.se/författare/WarholmJW
kraft,WavrinskyE,1870,12,https://litteraturbanken.se/författare/WavrinskyE
kraft,WaxbergH,1890,31,https://litteraturbanken.se/författare/WaxbergH
kraft,WecksellJJ,1860,31,https://litteraturbanken.se/författare/WecksellJJ
kraft,WeilandP,1880,13,https://litteraturbanken.se/författare/WeilandP
kraft,WeilandP,1890,21,https://litteraturbanken.se/författare/WeilandP
kraft,WejdlingE,1880,3,https://litteraturbanken.se/författare/WejdlingE
kraft,WelinC,1850,5,https://litteraturbanken.se/författare/WelinC
kraft,WemanA,1890,1,https://litteraturbanken.se/författare/WemanA
kraft,WendelJ,1860,45,https://litteraturbanken.se/författare/WendelJ
kraft,WennbergF,1860,8,https://litteraturbanken.se/författare/WennbergF
kraft,WennbergF,1880,15,https://litteraturbanken.se/författare/WennbergF
kraft,WennbergFW,1850,20,https://litteraturbanken.se/författare/WennbergFW
kraft,WennerbergI,1890,10,https://litteraturbanken.se/författare/WennerbergI
kraft,WenströmCE,1830,1,https://litteraturbanken.se/författare/Wenstr%C3%B6mCE
kraft,WenströmCE,1840,8,https://litteraturbanken.se/författare/Wenstr%C3%B6mCE
kraft,WernbergHj,1890,79,https://litteraturbanken.se/författare/WernbergHj
kraft,WernbergHj,1900,45,https://litteraturbanken.se/författare/WernbergHj
kraft,WeserLA,1850,2,https://litteraturbanken.se/författare/WeserLA
kraft,WestdahlP,1870,10,https://litteraturbanken.se/författare/WestdahlP
kraft,WesterE,1900,12,https://litteraturbanken.se/författare/WesterE
kraft,WesterbergE,1890,13,https://litteraturbanken.se/författare/WesterbergE
kraft,WesterbergE,1900,3,https://litteraturbanken.se/författare/WesterbergE
kraft,WesterdahlA,1880,9,https://litteraturbanken.se/författare/WesterdahlA
kraft,WestergrenG,1870,4,https://litteraturbanken.se/författare/WestergrenG
kraft,WesterlundCA,1850,8,https://litteraturbanken.se/författare/WesterlundCA
kraft,WestermarckH,1890,10,https://litteraturbanken.se/författare/WestermarckH
kraft,WestermarckH,1900,23,https://litteraturbanken.se/författare/WestermarckH
kraft,WestermarkO,1890,40,https://litteraturbanken.se/författare/WestermarkO
kraft,WesterstrandA,1880,4,https://litteraturbanken.se/författare/WesterstrandA
kraft,WestholmE,1850,9,https://litteraturbanken.se/författare/WestholmE
kraft,WestinCE,1880,13,https://litteraturbanken.se/författare/WestinCE
kraft,WetterG,1880,3,https://litteraturbanken.se/författare/WetterG
kraft,WetterberghCA,1840,138,https://litteraturbanken.se/författare/WetterberghCA
kraft,WetterberghCA,1850,119,https://litteraturbanken.se/författare/WetterberghCA
kraft,WetterberghCA,1860,25,https://litteraturbanken.se/författare/WetterberghCA
kraft,WetterberghCA,1880,140,https://litteraturbanken.se/författare/WetterberghCA
kraft,WetterberghCA,1890,28,https://litteraturbanken.se/författare/WetterberghCA
kraft,WettergrundJ,1850,14,https://litteraturbanken.se/författare/WettergrundJ
kraft,WettergrundJ,1860,60,https://litteraturbanken.se/författare/WettergrundJ
kraft,WettergrundJ,1870,13,https://litteraturbanken.se/författare/WettergrundJ
kraft,WettergrundJ,1880,81,https://litteraturbanken.se/författare/WettergrundJ
kraft,WetterhoffK,1880,12,https://litteraturbanken.se/författare/WetterhoffK
kraft,WetterstedtNJ,1830,4,https://litteraturbanken.se/författare/WetterstedtNJ
kraft,WhitlockA,1880,10,https://litteraturbanken.se/författare/WhitlockA
kraft,WhitlockE,1890,10,https://litteraturbanken.se/författare/WhitlockE
kraft,WichmannKE,1880,21,https://litteraturbanken.se/författare/WichmannKE
kraft,WichmannKE,1890,4,https://litteraturbanken.se/författare/WichmannKE
kraft,WickmanF,1870,7,https://litteraturbanken.se/författare/WickmanF
kraft,WickströmVH,1870,1,https://litteraturbanken.se/författare/Wickstr%C3%B6mVH
kraft,WickströmVH,1880,54,https://litteraturbanken.se/författare/Wickstr%C3%B6mVH
kraft,WickströmVH,1890,87,https://litteraturbanken.se/författare/Wickstr%C3%B6mVH
kraft,WickströmVH,1900,31,https://litteraturbanken.se/författare/Wickstr%C3%B6mVH
kraft,WidmarkPF,1850,8,https://litteraturbanken.se/författare/WidmarkPF
kraft,WidmarkPF,1860,8,https://litteraturbanken.se/författare/WidmarkPF
kraft,WidmarkPF,1870,7,https://litteraturbanken.se/författare/WidmarkPF
kraft,WieselgrenS,1860,21,https://litteraturbanken.se/författare/WieselgrenS
kraft,WieselgrenS,1870,10,https://litteraturbanken.se/författare/WieselgrenS
kraft,WieselgrenS,1880,9,https://litteraturbanken.se/författare/WieselgrenS
kraft,WieselgrenS,1890,20,https://litteraturbanken.se/författare/WieselgrenS
kraft,WigertInèz,1890,9,https://litteraturbanken.se/författare/WigertIn%C3%A8z
kraft,WigforssJ,1890,3,https://litteraturbanken.se/författare/WigforssJ
kraft,WigströmE,1870,35,https://litteraturbanken.se/författare/Wigstr%C3%B6mE
kraft,WigströmE,1880,55,https://litteraturbanken.se/författare/Wigstr%C3%B6mE
kraft,WigströmE,1890,12,https://litteraturbanken.se/författare/Wigstr%C3%B6mE
kraft,WijkanderO,1860,1,https://litteraturbanken.se/författare/WijkanderO
kraft,WijkanderO,1880,11,https://litteraturbanken.se/författare/WijkanderO
kraft,WiklundKB,1890,7,https://litteraturbanken.se/författare/WiklundKB
kraft,WiklundKB,1900,3,https://litteraturbanken.se/författare/WiklundKB
kraft,WiknerP,1860,39,https://litteraturbanken.se/författare/WiknerP
kraft,WiknerP,1880,80,https://litteraturbanken.se/författare/WiknerP
kraft,WildeO,1900,1,https://litteraturbanken.se/författare/WildeO
kraft,WillassonH,1890,2,https://litteraturbanken.se/författare/WillassonH
kraft,WingårdJ,1800,1,https://litteraturbanken.se/författare/Wing%C3%A5rdJ
kraft,WinterR,1870,10,https://litteraturbanken.se/författare/WinterR
kraft,WinterR,1880,34,https://litteraturbanken.se/författare/WinterR
kraft,WinterR,1890,15,https://litteraturbanken.se/författare/WinterR
kraft,WirsénCDaf,1870,20,https://litteraturbanken.se/författare/Wirs%C3%A9nCDaf
kraft,WirsénCDaf,1880,9,https://litteraturbanken.se/författare/Wirs%C3%A9nCDaf
kraft,WirsénCDaf,1890,8,https://litteraturbanken.se/författare/Wirs%C3%A9nCDaf
kraft,WittO,1900,4,https://litteraturbanken.se/författare/WittO
kraft,WittO,1910,370,https://litteraturbanken.se/författare/WittO
kraft,WittO,1920,1,https://litteraturbanken.se/författare/WittO
kraft,WittT,1890,1,https://litteraturbanken.se/författare/WittT
kraft,WranérH,1880,11,https://litteraturbanken.se/författare/Wran%C3%A9rH
kraft,WranérH,1890,12,https://litteraturbanken.se/författare/Wran%C3%A9rH
kraft,WranérH,1900,3,https://litteraturbanken.se/författare/Wran%C3%A9rH
kraft,WulffM,1850,2,https://litteraturbanken.se/författare/WulffM
kraft,WägnerE,1900,7,https://litteraturbanken.se/författare/W%C3%A4gnerE
kraft,WägnerE,1910,83,https://litteraturbanken.se/författare/W%C3%A4gnerE
kraft,WägnerE,1920,120,https://litteraturbanken.se/författare/W%C3%A4gnerE
kraft,WägnerE,1930,117,https://litteraturbanken.se/författare/W%C3%A4gnerE
kraft,WägnerE,1940,71,https://litteraturbanken.se/författare/W%C3%A4gnerE
kraft,WästbergA,1850,1,https://litteraturbanken.se/författare/W%C3%A4stbergA
kraft,WästbergA,1860,12,https://litteraturbanken.se/författare/W%C3%A4stbergA
kraft,WästbergA,1880,25,https://litteraturbanken.se/författare/W%C3%A4stbergA
kraft,WästbergE,1890,8,https://litteraturbanken.se/författare/W%C3%A4stbergE
kraft,WågmanFO,1900,8,https://litteraturbanken.se/författare/W%C3%A5gmanFO
kraft,WåhlinA,1880,4,https://litteraturbanken.se/författare/W%C3%A5hlinA
kraft,WåhlstrandK,1880,12,https://litteraturbanken.se/författare/W%C3%A5hlstrandK
kraft,WærnérN,1900,6,https://litteraturbanken.se/författare/W%C3%A6rn%C3%A9rN
kraft,ZedritzCE,1830,8,https://litteraturbanken.se/författare/ZedritzCE
kraft,ZeipelCvon,1830,1,https://litteraturbanken.se/författare/ZeipelCvon
kraft,ZeipelCvon,1840,7,https://litteraturbanken.se/författare/ZeipelCvon
kraft,ZetheliusI,1890,10,https://litteraturbanken.se/författare/ZetheliusI
kraft,ZetterholmC,1880,3,https://litteraturbanken.se/författare/ZetterholmC
kraft,ZetterstedtJW,1860,25,https://litteraturbanken.se/författare/ZetterstedtJW
kraft,ZetterströmH,1890,1,https://litteraturbanken.se/författare/Zetterstr%C3%B6mH
kraft,ZetterströmH,1900,2,https://litteraturbanken.se/författare/Zetterstr%C3%B6mH
kraft,ZilliacusKäldre,1890,1,https://litteraturbanken.se/författare/ZilliacusK%C3%A4ldre
kraft,ÅbergJE,1850,3,https://litteraturbanken.se/författare/%C3%85bergJE
kraft,ÅbergJO,1870,72,https://litteraturbanken.se/författare/%C3%85bergJO
kraft,ÅbergJO,1880,638,https://litteraturbanken.se/författare/%C3%85bergJO
kraft,ÅbergJO,1890,374,https://litteraturbanken.se/författare/%C3%85bergJO
kraft,ÅbergJO,1900,11,https://litteraturbanken.se/författare/%C3%85bergJO
kraft,ÅbergK,1880,233,https://litteraturbanken.se/författare/%C3%85bergK
kraft,ÅgrenLP,1850,1,https://litteraturbanken.se/författare/%C3%85grenLP
kraft,ÅgrenR,1890,1,https://litteraturbanken.se/författare/%C3%85grenR
kraft,ÅkerbergS,1890,9,https://litteraturbanken.se/författare/%C3%85kerbergS
kraft,ÅkerblomA,1890,3,https://litteraturbanken.se/författare/%C3%85kerblomA
kraft,ÅkerholmS,1830,1,https://litteraturbanken.se/författare/%C3%85kerholmS
kraft,ÅkerlundPA,1860,8,https://litteraturbanken.se/författare/%C3%85kerlundPA
kraft,ÅkerlundS,1900,2,https://litteraturbanken.se/författare/%C3%85kerlundS
kraft,ÅkerströmG,1840,1,https://litteraturbanken.se/författare/%C3%85kerstr%C3%B6mG
kraft,ÅlundP,1890,3,https://litteraturbanken.se/författare/%C3%85lundP
kraft,ÅslundD,1850,19,https://litteraturbanken.se/författare/%C3%85slundD
kraft,ÅslundD,1880,3,https://litteraturbanken.se/författare/%C3%85slundD
kraft,ÖbergE,1850,2,https://litteraturbanken.se/författare/%C3%96bergE
kraft,ÖbergE,1870,9,https://litteraturbanken.se/författare/%C3%96bergE
kraft,ÖbergLT,1840,3,https://litteraturbanken.se/författare/%C3%96bergLT
kraft,ÖbergLT,1850,36,https://litteraturbanken.se/författare/%C3%96bergLT
kraft,ÖbergLT,1860,34,https://litteraturbanken.se/författare/%C3%96bergLT
kraft,ÖbergLT,1870,46,https://litteraturbanken.se/författare/%C3%96bergLT
kraft,ÖdbergPI,1870,11,https://litteraturbanken.se/författare/%C3%96dbergPI
kraft,ÖdmanP,1880,69,https://litteraturbanken.se/författare/%C3%96dmanP
kraft,ÖdmanP,1890,21,https://litteraturbanken.se/författare/%C3%96dmanP
kraft,ÖdmannJM,1870,15,https://litteraturbanken.se/författare/%C3%96dmannJM
kraft,ÖdmannJM,1880,97,https://litteraturbanken.se/författare/%C3%96dmannJM
kraft,ÖdmannJM,1890,15,https://litteraturbanken.se/författare/%C3%96dmannJM
kraft,ÖdmannJM,1900,41,https://litteraturbanken.se/författare/%C3%96dmannJM
kraft,ÖhlinCG,1870,5,https://litteraturbanken.se/författare/%C3%96hlinCG
kraft,ÖlanderAH,1860,6,https://litteraturbanken.se/författare/%C3%96landerAH
kraft,ÖmanVE,1860,29,https://litteraturbanken.se/författare/%C3%96manVE
ladda,AfzeliusAJ,1840,2,https://litteraturbanken.se/författare/AfzeliusAJ
ladda,AfzeliusAJ,1850,5,https://litteraturbanken.se/författare/AfzeliusAJ
ladda,AgrellA,1880,1,https://litteraturbanken.se/författare/AgrellA
ladda,AgrellA,1890,1,https://litteraturbanken.se/författare/AgrellA
ladda,AhlbomM,1860,4,https://litteraturbanken.se/författare/AhlbomM
ladda,AhlinJO,1880,2,https://litteraturbanken.se/författare/AhlinJO
ladda,AhlqvistA,1840,1,https://litteraturbanken.se/författare/AhlqvistA
ladda,AhnfeltA,1870,1,https://litteraturbanken.se/författare/AhnfeltA
ladda,AhrenbergJ,1870,1,https://litteraturbanken.se/författare/AhrenbergJ
ladda,AhrenbergJ,1880,1,https://litteraturbanken.se/författare/AhrenbergJ
ladda,AhrenbergJ,1890,1,https://litteraturbanken.se/författare/AhrenbergJ
ladda,AlcottLM,1870,3,https://litteraturbanken.se/författare/AlcottLM
ladda,AldénGA,1880,1,https://litteraturbanken.se/författare/Ald%C3%A9nGA
ladda,AlfthanJ,1870,2,https://litteraturbanken.se/författare/AlfthanJ
ladda,AlmqvistCJL,1830,14,https://litteraturbanken.se/författare/AlmqvistCJL
ladda,AlmqvistCJL,1840,5,https://litteraturbanken.se/författare/AlmqvistCJL
ladda,AlmqvistCJL,1870,1,https://litteraturbanken.se/författare/AlmqvistCJL
ladda,AminoffI,1900,2,https://litteraturbanken.se/författare/AminoffI
ladda,AndersL,1890,5,https://litteraturbanken.se/författare/AndersL
ladda,AndersonA,1860,4,https://litteraturbanken.se/författare/AndersonA
ladda,AndersonH,1900,1,https://litteraturbanken.se/författare/AndersonH
ladda,AnderssonD,1910,1,https://litteraturbanken.se/författare/AnderssonD
ladda,AnderssonD,1920,22,https://litteraturbanken.se/författare/AnderssonD
ladda,AnderssonHilding,1900,2,https://litteraturbanken.se/författare/AnderssonHilding
ladda,AnderssonHilma,1900,1,https://litteraturbanken.se/författare/AnderssonHilma
ladda,AngeredStrandbergH,1880,2,https://litteraturbanken.se/författare/AngeredStrandbergH
ladda,AngeredStrandbergH,1890,3,https://litteraturbanken.se/författare/AngeredStrandbergH
ladda,AngeredStrandbergH,1900,2,https://litteraturbanken.se/författare/AngeredStrandbergH
ladda,AngeredStrandbergH,1910,2,https://litteraturbanken.se/författare/AngeredStrandbergH
ladda,Anonym,1700,2,https://litteraturbanken.se/författare/Anonym
ladda,Anonym,1830,2,https://litteraturbanken.se/författare/Anonym
ladda,Anonym,1840,2,https://litteraturbanken.se/författare/Anonym
ladda,Anonym,1850,7,https://litteraturbanken.se/författare/Anonym
ladda,Anonym,1860,19,https://litteraturbanken.se/författare/Anonym
ladda,Anonym,1870,13,https://litteraturbanken.se/författare/Anonym
ladda,Anonym,1880,18,https://litteraturbanken.se/författare/Anonym
ladda,Anonym,1890,36,https://litteraturbanken.se/författare/Anonym
ladda,Anonym,1900,7,https://litteraturbanken.se/författare/Anonym
ladda,Anonym,1910,1,https://litteraturbanken.se/författare/Anonym
ladda,ArfwedsonCD,1840,2,https://litteraturbanken.se/författare/ArfwedsonCD
ladda,ArmfeltGJP,1850,1,https://litteraturbanken.se/författare/ArmfeltGJP
ladda,ArnoldsonKP,1860,1,https://litteraturbanken.se/författare/ArnoldsonKP
ladda,AroseniusFR,1860,1,https://litteraturbanken.se/författare/AroseniusFR
ladda,ArvidssonAI,1840,1,https://litteraturbanken.se/författare/ArvidssonAI
ladda,AtterbomPDA,1840,1,https://litteraturbanken.se/författare/AtterbomPDA
ladda,AtterbomPDA,1910,1,https://litteraturbanken.se/författare/AtterbomPDA
ladda,AurellW,1860,2,https://litteraturbanken.se/författare/AurellW
ladda,AxelssonA,1880,1,https://litteraturbanken.se/författare/AxelssonA
ladda,BacklundG,1880,1,https://litteraturbanken.se/författare/BacklundG
ladda,BaggerAA,1890,10,https://litteraturbanken.se/författare/BaggerAA
ladda,BenedictssonV,1880,1,https://litteraturbanken.se/författare/BenedictssonV
ladda,BenedictssonV,1890,1,https://litteraturbanken.se/författare/BenedictssonV
ladda,BensowO,1890,1,https://litteraturbanken.se/författare/BensowO
ladda,BenzonK,1880,1,https://litteraturbanken.se/författare/BenzonK
ladda,BergCO,1880,1,https://litteraturbanken.se/författare/BergCO
ladda,BergCO,1890,3,https://litteraturbanken.se/författare/BergCO
ladda,BergD,1910,2,https://litteraturbanken.se/författare/BergD
ladda,BergJA,1860,2,https://litteraturbanken.se/författare/BergJA
ladda,BergPG,1870,2,https://litteraturbanken.se/författare/BergPG
ladda,BergRG,1890,1,https://litteraturbanken.se/författare/BergRG
ladda,BergerH,1900,2,https://litteraturbanken.se/författare/BergerH
ladda,BergerL,1880,1,https://litteraturbanken.se/författare/BergerL
ladda,BerghR,1900,1,https://litteraturbanken.se/författare/BerghR
ladda,BerglundAO,1890,1,https://litteraturbanken.se/författare/BerglundAO
ladda,BergmanCJ,1880,3,https://litteraturbanken.se/författare/BergmanCJ
ladda,BergmanCW,1840,1,https://litteraturbanken.se/författare/BergmanCW
ladda,BergmanD,1890,2,https://litteraturbanken.se/författare/BergmanD
ladda,BergmanHj,1910,3,https://litteraturbanken.se/författare/BergmanHj
ladda,BergmanHj,1920,5,https://litteraturbanken.se/författare/BergmanHj
ladda,BergmanHj,1930,1,https://litteraturbanken.se/författare/BergmanHj
ladda,BergmanJM,1870,1,https://litteraturbanken.se/författare/BergmanJM
ladda,BergstedtAEM,1860,1,https://litteraturbanken.se/författare/BergstedtAEM
ladda,BergstrandPE,1860,1,https://litteraturbanken.se/författare/BergstrandPE
ladda,BergstrandPE,1880,1,https://litteraturbanken.se/författare/BergstrandPE
ladda,BergströmR,1880,4,https://litteraturbanken.se/författare/Bergstr%C3%B6mR
ladda,BergsøeV,1870,2,https://litteraturbanken.se/författare/Bergs%C3%B8eV
ladda,BerlinAC,1840,1,https://litteraturbanken.se/författare/BerlinAC
ladda,BeskowBvon,1870,1,https://litteraturbanken.se/författare/BeskowBvon
ladda,BeskowCA,1880,1,https://litteraturbanken.se/författare/BeskowCA
ladda,BeskowCA,1890,1,https://litteraturbanken.se/författare/BeskowCA
ladda,BeskowElisabeth,1900,1,https://litteraturbanken.se/författare/BeskowElisabeth
ladda,BjurstenH,1850,2,https://litteraturbanken.se/författare/BjurstenH
ladda,BjurstenH,1860,1,https://litteraturbanken.se/författare/BjurstenH
ladda,BjörlinG,1870,1,https://litteraturbanken.se/författare/Bj%C3%B6rlinG
ladda,BjörlinG,1880,5,https://litteraturbanken.se/författare/Bj%C3%B6rlinG
ladda,BjörlinG,1890,4,https://litteraturbanken.se/författare/Bj%C3%B6rlinG
ladda,BjörlinG,1900,1,https://litteraturbanken.se/författare/Bj%C3%B6rlinG
ladda,BjörlinG,1910,3,https://litteraturbanken.se/författare/Bj%C3%B6rlinG
ladda,BjörlingF,1870,6,https://litteraturbanken.se/författare/Bj%C3%B6rlingF
ladda,BjörlingF,1880,2,https://litteraturbanken.se/författare/Bj%C3%B6rlingF
ladda,BlancheA,1840,6,https://litteraturbanken.se/författare/BlancheA
ladda,BlancheA,1850,9,https://litteraturbanken.se/författare/BlancheA
ladda,BlixénA,1860,1,https://litteraturbanken.se/författare/Blix%C3%A9nA
ladda,BlombergH,1920,4,https://litteraturbanken.se/författare/BlombergH
ladda,BlomgrenEG,1860,1,https://litteraturbanken.se/författare/BlomgrenEG
ladda,BlumauerK,1830,1,https://litteraturbanken.se/författare/BlumauerK
ladda,BobergC,1890,1,https://litteraturbanken.se/författare/BobergC
ladda,BohmanJG,1880,1,https://litteraturbanken.se/författare/BohmanJG
ladda,BolanderS,1850,3,https://litteraturbanken.se/författare/BolanderS
ladda,BolanderS,1860,2,https://litteraturbanken.se/författare/BolanderS
ladda,BondesonA,1880,7,https://litteraturbanken.se/författare/BondesonA
ladda,BondesonA,1890,5,https://litteraturbanken.se/författare/BondesonA
ladda,BondesonA,1900,2,https://litteraturbanken.se/författare/BondesonA
ladda,BoreE,1900,5,https://litteraturbanken.se/författare/BoreE
ladda,BorgströmFL,1870,1,https://litteraturbanken.se/författare/Borgstr%C3%B6mFL
ladda,BoyeK,1930,9,https://litteraturbanken.se/författare/BoyeK
ladda,BoyeK,1940,6,https://litteraturbanken.se/författare/BoyeK
ladda,BragE,1880,1,https://litteraturbanken.se/författare/BragE
ladda,BrantingA,1890,1,https://litteraturbanken.se/författare/BrantingA
ladda,BraunWvon,1830,2,https://litteraturbanken.se/författare/BraunWvon
ladda,BraunWvon,1840,2,https://litteraturbanken.se/författare/BraunWvon
ladda,BraunWvon,1880,3,https://litteraturbanken.se/författare/BraunWvon
ladda,BronteC,1850,1,https://litteraturbanken.se/författare/BronteC
ladda,BruhnJN,1850,1,https://litteraturbanken.se/författare/BruhnJN
ladda,BruniusCG,1830,2,https://litteraturbanken.se/författare/BruniusCG
ladda,BruniusL,1870,2,https://litteraturbanken.se/författare/BruniusL
ladda,BruzeliusJ,1870,6,https://litteraturbanken.se/författare/BruzeliusJ
ladda,BäckmanW,1850,1,https://litteraturbanken.se/författare/B%C3%A4ckmanW
ladda,BäckmannI,1900,1,https://litteraturbanken.se/författare/B%C3%A4ckmannI
ladda,BäckmannI,1920,4,https://litteraturbanken.se/författare/B%C3%A4ckmannI
ladda,BäckmannI,1940,1,https://litteraturbanken.se/författare/B%C3%A4ckmannI
ladda,Bååth-HolmbergC,1900,1,https://litteraturbanken.se/författare/B%C3%A5%C3%A5th-HolmbergC
ladda,BååthAU,1900,1,https://litteraturbanken.se/författare/B%C3%A5%C3%A5thAU
ladda,BöttigerCW,1830,1,https://litteraturbanken.se/författare/B%C3%B6ttigerCW
ladda,BöttigerCW,1880,1,https://litteraturbanken.se/författare/B%C3%B6ttigerCW
ladda,BöttigerCW,1890,1,https://litteraturbanken.se/författare/B%C3%B6ttigerCW
ladda,CarlbergF,1910,2,https://litteraturbanken.se/författare/CarlbergF
ladda,CarlssonGottfrid,1940,2,https://litteraturbanken.se/författare/CarlssonGottfrid
ladda,CarlströmA,1840,2,https://litteraturbanken.se/författare/Carlstr%C3%B6mA
ladda,CarlénJG,1830,2,https://litteraturbanken.se/författare/Carl%C3%A9nJG
ladda,CarlénO,1860,2,https://litteraturbanken.se/författare/Carl%C3%A9nO
ladda,CavallinC,1890,2,https://litteraturbanken.se/författare/CavallinC
ladda,CederborgCA,1890,1,https://litteraturbanken.se/författare/CederborgCA
ladda,CederqvistA,1870,1,https://litteraturbanken.se/författare/CederqvistA
ladda,ChydeniusK,1860,5,https://litteraturbanken.se/författare/ChydeniusK
ladda,CollianderH,1890,1,https://litteraturbanken.se/författare/CollianderH
ladda,CramærM,1880,2,https://litteraturbanken.se/författare/Cram%C3%A6rM
ladda,CronhamnAF,1830,1,https://litteraturbanken.se/författare/CronhamnAF
ladda,CronstrandB,1870,2,https://litteraturbanken.se/författare/CronstrandB
ladda,CrusenstolpeMJ,1840,9,https://litteraturbanken.se/författare/CrusenstolpeMJ
ladda,CygnæusF,1850,1,https://litteraturbanken.se/författare/Cygn%C3%A6usF
ladda,DahlM,1890,1,https://litteraturbanken.se/författare/DahlM
ladda,DahlgrenCF,1830,1,https://litteraturbanken.se/författare/DahlgrenCF
ladda,DammJ,1850,2,https://litteraturbanken.se/författare/DammJ
ladda,DammJ,1870,2,https://litteraturbanken.se/författare/DammJ
ladda,DanielssonE,1860,1,https://litteraturbanken.se/författare/DanielssonE
ladda,DanielssonJ,1890,2,https://litteraturbanken.se/författare/DanielssonJ
ladda,DarwinC,1870,2,https://litteraturbanken.se/författare/DarwinC
ladda,DeGeerL,1840,5,https://litteraturbanken.se/författare/DeGeerL
ladda,DeGeerL,1890,1,https://litteraturbanken.se/författare/DeGeerL
ladda,DouglassF,1890,1,https://litteraturbanken.se/författare/DouglassF
ladda,DoyleAC,1890,3,https://litteraturbanken.se/författare/DoyleAC
ladda,DrummondH,1890,4,https://litteraturbanken.se/författare/DrummondH
ladda,DuseSA,1910,5,https://litteraturbanken.se/författare/DuseSA
ladda,EdwardsA,1870,6,https://litteraturbanken.se/författare/EdwardsA
ladda,EhrnroothA,1880,1,https://litteraturbanken.se/författare/EhrnroothA
ladda,EhrnroothA,1890,1,https://litteraturbanken.se/författare/EhrnroothA
ladda,EkK,1910,1,https://litteraturbanken.se/författare/EkK
ladda,EkbohrnCM,1850,15,https://litteraturbanken.se/författare/EkbohrnCM
ladda,EkelundV,1910,1,https://litteraturbanken.se/författare/EkelundV
ladda,EkelundV,1930,2,https://litteraturbanken.se/författare/EkelundV
ladda,EkmanL,1910,1,https://litteraturbanken.se/författare/EkmanL
ladda,EkmarckCE,1830,1,https://litteraturbanken.se/författare/EkmarckCE
ladda,EkströmCO,1860,10,https://litteraturbanken.se/författare/Ekstr%C3%B6mCO
ladda,EkströmCO,1870,18,https://litteraturbanken.se/författare/Ekstr%C3%B6mCO
ladda,ElgenstiernaG,1930,1,https://litteraturbanken.se/författare/ElgenstiernaG
ladda,ElgströmO,1920,3,https://litteraturbanken.se/författare/Elgstr%C3%B6mO
ladda,ElkanS,1890,1,https://litteraturbanken.se/författare/ElkanS
ladda,ElkanS,1900,5,https://litteraturbanken.se/författare/ElkanS
ladda,ElkanS,1910,17,https://litteraturbanken.se/författare/ElkanS
ladda,ElmbladM,1880,1,https://litteraturbanken.se/författare/ElmbladM
ladda,EnerothC,1880,8,https://litteraturbanken.se/författare/EnerothC
ladda,EnerothC,1890,4,https://litteraturbanken.se/författare/EnerothC
ladda,EnerothC,1900,4,https://litteraturbanken.se/författare/EnerothC
ladda,EngdahlA,1910,1,https://litteraturbanken.se/författare/EngdahlA
ladda,EngelbrechtFG,1830,1,https://litteraturbanken.se/författare/EngelbrechtFG
ladda,EngelkeW,1890,1,https://litteraturbanken.se/författare/EngelkeW
ladda,EngströmA,1900,7,https://litteraturbanken.se/författare/Engstr%C3%B6mA
ladda,EngströmA,1910,5,https://litteraturbanken.se/författare/Engstr%C3%B6mA
ladda,EngströmA,1920,1,https://litteraturbanken.se/författare/Engstr%C3%B6mA
ladda,EngströmJ,1840,2,https://litteraturbanken.se/författare/Engstr%C3%B6mJ
ladda,FalkH,1890,1,https://litteraturbanken.se/författare/FalkH
ladda,FallströmD,1880,1,https://litteraturbanken.se/författare/Fallstr%C3%B6mD
ladda,FallströmD,1890,2,https://litteraturbanken.se/författare/Fallstr%C3%B6mD
ladda,FantJE,1840,2,https://litteraturbanken.se/författare/FantJE
ladda,FitinghoffL,1900,9,https://litteraturbanken.se/författare/FitinghoffL
ladda,FlinkA,1890,2,https://litteraturbanken.se/författare/FlinkA
ladda,FlodmanA,1870,3,https://litteraturbanken.se/författare/FlodmanA
ladda,FlygareCarlénE,1830,3,https://litteraturbanken.se/författare/FlygareCarl%C3%A9nE
ladda,FlygareCarlénE,1840,4,https://litteraturbanken.se/författare/FlygareCarl%C3%A9nE
ladda,FlygareCarlénE,1850,1,https://litteraturbanken.se/författare/FlygareCarl%C3%A9nE
ladda,FlygareCarlénE,1860,3,https://litteraturbanken.se/författare/FlygareCarl%C3%A9nE
ladda,FlygareCarlénE,1870,2,https://litteraturbanken.se/författare/FlygareCarl%C3%A9nE
ladda,FogelholmA,1890,1,https://litteraturbanken.se/författare/FogelholmA
ladda,FornellBE,1840,1,https://litteraturbanken.se/författare/FornellBE
ladda,FredbergCRA,1910,1,https://litteraturbanken.se/författare/FredbergCRA
ladda,FredinE,1890,1,https://litteraturbanken.se/författare/FredinE
ladda,FreyJM,1830,1,https://litteraturbanken.se/författare/FreyJM
ladda,FrimanJC,1850,1,https://litteraturbanken.se/författare/FrimanJC
ladda,GeijerEG,1830,1,https://litteraturbanken.se/författare/GeijerEG
ladda,GeijerEG,1840,1,https://litteraturbanken.se/författare/GeijerEG
ladda,GeijerEG,1850,1,https://litteraturbanken.se/författare/GeijerEG
ladda,GeijerstamG,1880,3,https://litteraturbanken.se/författare/GeijerstamG
ladda,GeijerstamG,1890,6,https://litteraturbanken.se/författare/GeijerstamG
ladda,GernandtClaineJ,1890,1,https://litteraturbanken.se/författare/GernandtClaineJ
ladda,GoveniusLJ,1850,3,https://litteraturbanken.se/författare/GoveniusLJ
ladda,GoveniusLJ,1870,2,https://litteraturbanken.se/författare/GoveniusLJ
ladda,GoveniusLJ,1880,6,https://litteraturbanken.se/författare/GoveniusLJ
ladda,GoveniusLJ,1890,2,https://litteraturbanken.se/författare/GoveniusLJ
ladda,GranathW,1890,43,https://litteraturbanken.se/författare/GranathW
ladda,GranathW,1900,4,https://litteraturbanken.se/författare/GranathW
ladda,GravalliusDE,1840,2,https://litteraturbanken.se/författare/GravalliusDE
ladda,GravalliusW,1870,1,https://litteraturbanken.se/författare/GravalliusW
ladda,GrimmJ,1890,3,https://litteraturbanken.se/författare/GrimmJ
ladda,GrönwallW,1840,2,https://litteraturbanken.se/författare/Gr%C3%B6nwallW
ladda,GullbergG,1880,1,https://litteraturbanken.se/författare/GullbergG
ladda,GullbergG,1890,1,https://litteraturbanken.se/författare/GullbergG
ladda,GullbrandssenE,1860,2,https://litteraturbanken.se/författare/GullbrandssenE
ladda,GylanderEK,1840,1,https://litteraturbanken.se/författare/GylanderEK
ladda,GyllenhaalA,1880,1,https://litteraturbanken.se/författare/GyllenhaalA
ladda,GérardJII,1870,2,https://litteraturbanken.se/författare/G%C3%A9rardJII
ladda,HackzellE,1860,4,https://litteraturbanken.se/författare/HackzellE
ladda,HallmanA,1860,1,https://litteraturbanken.se/författare/HallmanA
ladda,HallonlöfA,1880,1,https://litteraturbanken.se/författare/Hallonl%C3%B6fA
ladda,HallénB,1890,2,https://litteraturbanken.se/författare/Hall%C3%A9nB
ladda,HammargrenT,1890,1,https://litteraturbanken.se/författare/HammargrenT
ladda,HammarinJ,1840,1,https://litteraturbanken.se/författare/HammarinJ
ladda,HammarströmAA,1830,1,https://litteraturbanken.se/författare/Hammarstr%C3%B6mAA
ladda,HamsunK,1900,10,https://litteraturbanken.se/författare/HamsunK
ladda,HanssonO,1890,2,https://litteraturbanken.se/författare/HanssonO
ladda,HarrisonMSLK,1900,1,https://litteraturbanken.se/författare/HarrisonMSLK
ladda,HebbeW,1840,1,https://litteraturbanken.se/författare/HebbeW
ladda,HedbergF,1870,1,https://litteraturbanken.se/författare/HedbergF
ladda,HedbergF,1880,1,https://litteraturbanken.se/författare/HedbergF
ladda,HedbergF,1890,7,https://litteraturbanken.se/författare/HedbergF
ladda,HedbergF,1910,1,https://litteraturbanken.se/författare/HedbergF
ladda,HedbergT,1880,1,https://litteraturbanken.se/författare/HedbergT
ladda,HedbergT,1890,4,https://litteraturbanken.se/författare/HedbergT
ladda,HedenstiernaA,1880,6,https://litteraturbanken.se/författare/HedenstiernaA
ladda,HedenstiernaA,1890,2,https://litteraturbanken.se/författare/HedenstiernaA
ladda,HedenstiernaA,1900,1,https://litteraturbanken.se/författare/HedenstiernaA
ladda,HedinS,1900,3,https://litteraturbanken.se/författare/HedinS
ladda,HedinS,1910,5,https://litteraturbanken.se/författare/HedinS
ladda,HedvallY,1920,2,https://litteraturbanken.se/författare/HedvallY
ladda,HedvallY,1930,1,https://litteraturbanken.se/författare/HedvallY
ladda,HedvallY,1940,1,https://litteraturbanken.se/författare/HedvallY
ladda,HedvigElisabetCharlotta,1890,2,https://litteraturbanken.se/författare/HedvigElisabetCharlotta
ladda,HeidenstamV,1890,2,https://litteraturbanken.se/författare/HeidenstamV
ladda,HeidenstamV,1900,2,https://litteraturbanken.se/författare/HeidenstamV
ladda,HeidenstamV,1910,5,https://litteraturbanken.se/författare/HeidenstamV
ladda,HemmerJ,1910,3,https://litteraturbanken.se/författare/HemmerJ
ladda,HermelinOyngre,1890,1,https://litteraturbanken.se/författare/HermelinOyngre
ladda,HernlundH,1880,1,https://litteraturbanken.se/författare/HernlundH
ladda,HertzbergR,1880,2,https://litteraturbanken.se/författare/HertzbergR
ladda,HjelmR,1890,2,https://litteraturbanken.se/författare/HjelmR
ladda,HjohlmanHj,1880,2,https://litteraturbanken.se/författare/HjohlmanHj
ladda,HofstenJC,1860,1,https://litteraturbanken.se/författare/HofstenJC
ladda,HofstenJC,1890,1,https://litteraturbanken.se/författare/HofstenJC
ladda,HolmgrenAM,1890,2,https://litteraturbanken.se/författare/HolmgrenAM
ladda,HolmströmCFA,1840,1,https://litteraturbanken.se/författare/Holmstr%C3%B6mCFA
ladda,HultOW,1880,1,https://litteraturbanken.se/författare/HultOW
ladda,HultinC,1840,1,https://litteraturbanken.se/författare/HultinC
ladda,HydénN,1890,4,https://litteraturbanken.se/författare/Hyd%C3%A9nN
ladda,HydénN,1900,7,https://litteraturbanken.se/författare/Hyd%C3%A9nN
ladda,HässlerO,1880,7,https://litteraturbanken.se/författare/H%C3%A4sslerO
ladda,HögbergO,1900,2,https://litteraturbanken.se/författare/H%C3%B6gbergO
ladda,HögmanA,1890,11,https://litteraturbanken.se/författare/H%C3%B6gmanA
ladda,HörlinH,1890,1,https://litteraturbanken.se/författare/H%C3%B6rlinH
ladda,HülphersAA,1880,1,https://litteraturbanken.se/författare/H%C3%BClphersAA
ladda,IdstromE,1890,1,https://litteraturbanken.se/författare/IdstromE
ladda,IngeliusAG,1850,3,https://litteraturbanken.se/författare/IngeliusAG
ladda,IngelmanGG,1840,1,https://litteraturbanken.se/författare/IngelmanGG
ladda,IvendorffCJ,1840,2,https://litteraturbanken.se/författare/IvendorffCJ
ladda,JacobssonCF,1830,2,https://litteraturbanken.se/författare/JacobssonCF
ladda,JahnssonEF,1870,2,https://litteraturbanken.se/författare/JahnssonEF
ladda,JamesD,1880,10,https://litteraturbanken.se/författare/JamesD
ladda,JensenA,1890,1,https://litteraturbanken.se/författare/JensenA
ladda,JohansonK,1940,2,https://litteraturbanken.se/författare/JohansonK
ladda,JohnsonJ,1880,6,https://litteraturbanken.se/författare/JohnsonJ
ladda,JohnsonJ,1890,10,https://litteraturbanken.se/författare/JohnsonJ
ladda,JohnsonJ,1900,6,https://litteraturbanken.se/författare/JohnsonJ
ladda,JolinE,1910,1,https://litteraturbanken.se/författare/JolinE
ladda,JolinJ,1860,9,https://litteraturbanken.se/författare/JolinJ
ladda,JolinJ,1870,7,https://litteraturbanken.se/författare/JolinJ
ladda,JolinJ,1880,5,https://litteraturbanken.se/författare/JolinJ
ladda,JolinJ,1890,10,https://litteraturbanken.se/författare/JolinJ
ladda,JonasonA,1910,1,https://litteraturbanken.se/författare/JonasonA
ladda,JonssonT,1930,1,https://litteraturbanken.se/författare/JonssonT
ladda,JändelR,1930,1,https://litteraturbanken.se/författare/J%C3%A4ndelR
ladda,KarlfeldtEA,1910,1,https://litteraturbanken.se/författare/KarlfeldtEA
ladda,KarlfeldtEA,1930,1,https://litteraturbanken.se/författare/KarlfeldtEA
ladda,KellgrenJH,1780,1,https://litteraturbanken.se/författare/KellgrenJH
ladda,KellmodinF,1860,1,https://litteraturbanken.se/författare/KellmodinF
ladda,KellmodinF,1870,1,https://litteraturbanken.se/författare/KellmodinF
ladda,KerfstedtA,1880,1,https://litteraturbanken.se/författare/KerfstedtA
ladda,KerfstedtA,1890,1,https://litteraturbanken.se/författare/KerfstedtA
ladda,KerfveA,1890,8,https://litteraturbanken.se/författare/KerfveA
ladda,KerfveA,1900,11,https://litteraturbanken.se/författare/KerfveA
ladda,Kiellman-GöransonJA,1840,4,https://litteraturbanken.se/författare/Kiellman-G%C3%B6ransonJA
ladda,Kiellman-GöransonJA,1850,11,https://litteraturbanken.se/författare/Kiellman-G%C3%B6ransonJA
ladda,Kiellman-GöransonJA,1860,5,https://litteraturbanken.se/författare/Kiellman-G%C3%B6ransonJA
ladda,Kiellman-GöransonJA,1870,2,https://litteraturbanken.se/författare/Kiellman-G%C3%B6ransonJA
ladda,KiplingR,1900,1,https://litteraturbanken.se/författare/KiplingR
ladda,KjellgrenJ,1930,5,https://litteraturbanken.se/författare/KjellgrenJ
ladda,KnorringS,1830,2,https://litteraturbanken.se/författare/KnorringS
ladda,KnorringS,1840,3,https://litteraturbanken.se/författare/KnorringS
ladda,KnösT,1850,1,https://litteraturbanken.se/författare/Kn%C3%B6sT
ladda,KochM,1910,5,https://litteraturbanken.se/författare/KochM
ladda,KochR,1860,1,https://litteraturbanken.se/författare/KochR
ladda,KochR,1890,4,https://litteraturbanken.se/författare/KochR
ladda,KrokJP,1830,2,https://litteraturbanken.se/författare/KrokJP
ladda,KrookHS,1860,1,https://litteraturbanken.se/författare/KrookHS
ladda,KruseS,1900,2,https://litteraturbanken.se/författare/KruseS
ladda,KrusenstjernaA,1920,2,https://litteraturbanken.se/författare/KrusenstjernaA
ladda,KrusenstjernaA,1930,8,https://litteraturbanken.se/författare/KrusenstjernaA
ladda,KræmerL,1890,1,https://litteraturbanken.se/författare/Kr%C3%A6merL
ladda,KræmerV,1930,3,https://litteraturbanken.se/författare/Kr%C3%A6merV
ladda,KullbergKA,1830,5,https://litteraturbanken.se/författare/KullbergKA
ladda,KullbergKA,1840,8,https://litteraturbanken.se/författare/KullbergKA
ladda,KullbergKA,1870,1,https://litteraturbanken.se/författare/KullbergKA
ladda,KämpeA,1910,2,https://litteraturbanken.se/författare/K%C3%A4mpeA
ladda,KärrströmEJ,1890,2,https://litteraturbanken.se/författare/K%C3%A4rrstr%C3%B6mEJ
ladda,LagerlöfS,1890,7,https://litteraturbanken.se/författare/Lagerl%C3%B6fS
ladda,LagerlöfS,1900,2,https://litteraturbanken.se/författare/Lagerl%C3%B6fS
ladda,LagerlöfS,1910,6,https://litteraturbanken.se/författare/Lagerl%C3%B6fS
ladda,LagerlöfS,1920,2,https://litteraturbanken.se/författare/Lagerl%C3%B6fS
ladda,LagerlöfS,1930,7,https://litteraturbanken.se/författare/Lagerl%C3%B6fS
ladda,LagerlöfS,2010,4,https://litteraturbanken.se/författare/Lagerl%C3%B6fS
ladda,LandahlM,1900,3,https://litteraturbanken.se/författare/LandahlM
ladda,LandqvistR,1890,4,https://litteraturbanken.se/författare/LandqvistR
ladda,LangeI,1880,1,https://litteraturbanken.se/författare/LangeI
ladda,LangletM,1890,4,https://litteraturbanken.se/författare/LangletM
ladda,LangletM,1900,1,https://litteraturbanken.se/författare/LangletM
ladda,LarsenA,1910,1,https://litteraturbanken.se/författare/LarsenA
ladda,LefflerAC,1880,1,https://litteraturbanken.se/författare/LefflerAC
ladda,LeisteniusJG,1840,1,https://litteraturbanken.se/författare/LeisteniusJG
ladda,LeisteniusJG,1880,1,https://litteraturbanken.se/författare/LeisteniusJG
ladda,LeufstedtGJ,1870,3,https://litteraturbanken.se/författare/LeufstedtGJ
ladda,LevartJ,1890,1,https://litteraturbanken.se/författare/LevartJ
ladda,LevertinO,1890,1,https://litteraturbanken.se/författare/LevertinO
ladda,LiedbeckCH,1880,1,https://litteraturbanken.se/författare/LiedbeckCH
ladda,LiefdeJ,1850,3,https://litteraturbanken.se/författare/LiefdeJ
ladda,LiljaN,1840,5,https://litteraturbanken.se/författare/LiljaN
ladda,LiljaN,1860,1,https://litteraturbanken.se/författare/LiljaN
ladda,LilliestiernaAE,1870,3,https://litteraturbanken.se/författare/LilliestiernaAE
ladda,LimborgO,1880,15,https://litteraturbanken.se/författare/LimborgO
ladda,LindbergP,1920,1,https://litteraturbanken.se/författare/LindbergP
ladda,LindbergP,1940,4,https://litteraturbanken.se/författare/LindbergP
ladda,LindbladJM,1850,2,https://litteraturbanken.se/författare/LindbladJM
ladda,LindebergA,1830,3,https://litteraturbanken.se/författare/LindebergA
ladda,LinderM,1860,1,https://litteraturbanken.se/författare/LinderM
ladda,LindforsO,1880,1,https://litteraturbanken.se/författare/LindforsO
ladda,LindgrenH,1890,1,https://litteraturbanken.se/författare/LindgrenH
ladda,LindgrenI,1910,1,https://litteraturbanken.se/författare/LindgrenI
ladda,LindholmF,1880,1,https://litteraturbanken.se/författare/LindholmF
ladda,LindholmPA,1880,6,https://litteraturbanken.se/författare/LindholmPA
ladda,LindholmPA,1890,5,https://litteraturbanken.se/författare/LindholmPA
ladda,LindhéW,1890,2,https://litteraturbanken.se/författare/Lindh%C3%A9W
ladda,LindhéW,1900,3,https://litteraturbanken.se/författare/Lindh%C3%A9W
ladda,LindormE,1910,1,https://litteraturbanken.se/författare/LindormE
ladda,LindormE,1940,1,https://litteraturbanken.se/författare/LindormE
ladda,LindqvistG,1890,1,https://litteraturbanken.se/författare/LindqvistG
ladda,LindqvistG,1900,1,https://litteraturbanken.se/författare/LindqvistG
ladda,LindqvistJ,1870,1,https://litteraturbanken.se/författare/LindqvistJ
ladda,LindqvistJ,1880,3,https://litteraturbanken.se/författare/LindqvistJ
ladda,LindqvistUL,1840,1,https://litteraturbanken.se/författare/LindqvistUL
ladda,LindskougA,1880,1,https://litteraturbanken.se/författare/LindskougA
ladda,LingPH,1860,2,https://litteraturbanken.se/författare/LingPH
ladda,LinnarssonL,1950,6,https://litteraturbanken.se/författare/LinnarssonL
ladda,LinnerhielmJC,1810,1,https://litteraturbanken.se/författare/LinnerhielmJC
ladda,LjunggrenAG,1890,2,https://litteraturbanken.se/författare/LjunggrenAG
ladda,LjunggrenG,1860,1,https://litteraturbanken.se/författare/LjunggrenG
ladda,LjunggrenG,1880,1,https://litteraturbanken.se/författare/LjunggrenG
ladda,LjungstedtA,1860,2,https://litteraturbanken.se/författare/LjungstedtA
ladda,LjungstedtA,1870,12,https://litteraturbanken.se/författare/LjungstedtA
ladda,LloydL,1870,4,https://litteraturbanken.se/författare/LloydL
ladda,LundeblomR,1880,1,https://litteraturbanken.se/författare/LundeblomR
ladda,LundeblomR,1890,2,https://litteraturbanken.se/författare/LundeblomR
ladda,LundegårdA,1890,6,https://litteraturbanken.se/författare/Lundeg%C3%A5rdA
ladda,LundegårdA,1920,1,https://litteraturbanken.se/författare/Lundeg%C3%A5rdA
ladda,LundinA,1910,1,https://litteraturbanken.se/författare/LundinA
ladda,LundinAnders,1880,2,https://litteraturbanken.se/författare/LundinAnders
ladda,LundquistA,1890,1,https://litteraturbanken.se/författare/LundquistA
ladda,LundquistE,1880,4,https://litteraturbanken.se/författare/LundquistE
ladda,LundquistE,1890,4,https://litteraturbanken.se/författare/LundquistE
ladda,LundqvistJ,1890,1,https://litteraturbanken.se/författare/LundqvistJ
ladda,LundströmI,1870,2,https://litteraturbanken.se/författare/Lundstr%C3%B6mI
ladda,LundströmIngeborg,1890,3,https://litteraturbanken.se/författare/Lundstr%C3%B6mIngeborg
ladda,LunellL,1880,2,https://litteraturbanken.se/författare/LunellL
ladda,LunellL,1890,1,https://litteraturbanken.se/författare/LunellL
ladda,LöfgrenNI,1830,2,https://litteraturbanken.se/författare/L%C3%B6fgrenNI
ladda,LönnbergM,1870,2,https://litteraturbanken.se/författare/L%C3%B6nnbergM
ladda,LönnegrenAV,1880,2,https://litteraturbanken.se/författare/L%C3%B6nnegrenAV
ladda,MagnellCJ,1890,9,https://litteraturbanken.se/författare/MagnellCJ
ladda,MallanderGR,1880,1,https://litteraturbanken.se/författare/MallanderGR
ladda,MallingM,1890,1,https://litteraturbanken.se/författare/MallingM
ladda,MalmgrenT,1870,5,https://litteraturbanken.se/författare/MalmgrenT
ladda,MalmströmBE,1830,1,https://litteraturbanken.se/författare/Malmstr%C3%B6mBE
ladda,MalmströmKR,1850,5,https://litteraturbanken.se/författare/Malmstr%C3%B6mKR
ladda,MalmströmKR,1870,10,https://litteraturbanken.se/författare/Malmstr%C3%B6mKR
ladda,MankellJ,1870,3,https://litteraturbanken.se/författare/MankellJ
ladda,MattssonS,1860,2,https://litteraturbanken.se/författare/MattssonS
ladda,MeijerB,1880,1,https://litteraturbanken.se/författare/MeijerB
ladda,MelanderR,1880,3,https://litteraturbanken.se/författare/MelanderR
ladda,MelanderR,1890,12,https://litteraturbanken.se/författare/MelanderR
ladda,MelinKA,1880,1,https://litteraturbanken.se/författare/MelinKA
ladda,MelinKA,1890,1,https://litteraturbanken.se/författare/MelinKA
ladda,MellinGH,1830,7,https://litteraturbanken.se/författare/MellinGH
ladda,MellinGH,1840,7,https://litteraturbanken.se/författare/MellinGH
ladda,MellinGH,1850,7,https://litteraturbanken.se/författare/MellinGH
ladda,MellinGH,1860,1,https://litteraturbanken.se/författare/MellinGH
ladda,MellinGH,1870,13,https://litteraturbanken.se/författare/MellinGH
ladda,MeyerA,1880,2,https://litteraturbanken.se/författare/MeyerA
ladda,MichaelsonK,1890,1,https://litteraturbanken.se/författare/MichaelsonK
ladda,MolanderH,1880,1,https://litteraturbanken.se/författare/MolanderH
ladda,MolanderH,1890,3,https://litteraturbanken.se/författare/MolanderH
ladda,MolinP,1890,2,https://litteraturbanken.se/författare/MolinP
ladda,MontgomeryLM,1910,1,https://litteraturbanken.se/författare/MontgomeryLM
ladda,MonténRA,1880,14,https://litteraturbanken.se/författare/Mont%C3%A9nRA
ladda,MortensenJ,1900,1,https://litteraturbanken.se/författare/MortensenJ
ladda,MuntheA,1880,1,https://litteraturbanken.se/författare/MuntheA
ladda,MuntheA,1900,2,https://litteraturbanken.se/författare/MuntheA
ladda,MyrbergA,1920,2,https://litteraturbanken.se/författare/MyrbergA
ladda,MörneA,1920,2,https://litteraturbanken.se/författare/M%C3%B6rneA
ladda,MörtengrenF,1860,1,https://litteraturbanken.se/författare/M%C3%B6rtengrenF
ladda,NermanG,1890,2,https://litteraturbanken.se/författare/NermanG
ladda,NicanderKA,1830,2,https://litteraturbanken.se/författare/NicanderKA
ladda,NicanderKA,1840,2,https://litteraturbanken.se/författare/NicanderKA
ladda,NilsdorffH,1890,1,https://litteraturbanken.se/författare/NilsdorffH
ladda,NilssonNA,1890,1,https://litteraturbanken.se/författare/NilssonNA
ladda,NissenC,1890,1,https://litteraturbanken.se/författare/NissenC
ladda,NonnenE,1850,1,https://litteraturbanken.se/författare/NonnenE
ladda,NonnenE,1860,2,https://litteraturbanken.se/författare/NonnenE
ladda,NonnenE,1870,1,https://litteraturbanken.se/författare/NonnenE
ladda,NonnenE,1890,1,https://litteraturbanken.se/författare/NonnenE
ladda,NordenskiöldAE,1880,2,https://litteraturbanken.se/författare/Nordenski%C3%B6ldAE
ladda,NordensvanG,1870,2,https://litteraturbanken.se/författare/NordensvanG
ladda,NordensvanG,1880,5,https://litteraturbanken.se/författare/NordensvanG
ladda,NordensvanG,1890,1,https://litteraturbanken.se/författare/NordensvanG
ladda,NordinJ,2020,2,https://litteraturbanken.se/författare/NordinJ
ladda,NordströmEB,1910,1,https://litteraturbanken.se/författare/Nordstr%C3%B6mEB
ladda,NordströmL,1900,3,https://litteraturbanken.se/författare/Nordstr%C3%B6mL
ladda,NorlinM,1890,10,https://litteraturbanken.se/författare/NorlinM
ladda,NorströmV,1900,3,https://litteraturbanken.se/författare/Norstr%C3%B6mV
ladda,NybergJP,1860,4,https://litteraturbanken.se/författare/NybergJP
ladda,NybergS,1860,2,https://litteraturbanken.se/författare/NybergS
ladda,NyblomCR,1870,1,https://litteraturbanken.se/författare/NyblomCR
ladda,NyblomH,1880,1,https://litteraturbanken.se/författare/NyblomH
ladda,NyblomH,1890,1,https://litteraturbanken.se/författare/NyblomH
ladda,NyblomL,1950,1,https://litteraturbanken.se/författare/NyblomL
ladda,NybomJ,1840,1,https://litteraturbanken.se/författare/NybomJ
ladda,NycanderF,1890,1,https://litteraturbanken.se/författare/NycanderF
ladda,NycanderF,1900,1,https://litteraturbanken.se/författare/NycanderF
ladda,NyholmCA,1880,1,https://litteraturbanken.se/författare/NyholmCA
ladda,NèlsonJF,1880,2,https://litteraturbanken.se/författare/N%C3%A8lsonJF
ladda,OdelA,1860,1,https://litteraturbanken.se/författare/OdelA
ladda,OlofssonK,1920,3,https://litteraturbanken.se/författare/OlofssonK
ladda,OlofssonK,1930,4,https://litteraturbanken.se/författare/OlofssonK
ladda,OlssonP,1880,1,https://litteraturbanken.se/författare/OlssonP
ladda,OlséniN,1880,1,https://litteraturbanken.se/författare/Ols%C3%A9niN
ladda,OskarII,1850,1,https://litteraturbanken.se/författare/OskarII
ladda,OskarII,1890,1,https://litteraturbanken.se/författare/OskarII
ladda,OxenstiernaMGL,1870,3,https://litteraturbanken.se/författare/OxenstiernaMGL
ladda,OxenstiernaMGL,1880,2,https://litteraturbanken.se/författare/OxenstiernaMGL
ladda,OxenstiernaMGL,1890,40,https://litteraturbanken.se/författare/OxenstiernaMGL
ladda,PalmA,1900,1,https://litteraturbanken.se/författare/PalmA
ladda,PalmbladVF,1840,11,https://litteraturbanken.se/författare/PalmbladVF
ladda,PalmstjernaCO,1830,4,https://litteraturbanken.se/författare/PalmstjernaCO
ladda,PalmærHB,1870,1,https://litteraturbanken.se/författare/Palm%C3%A6rHB
ladda,PauliG,1910,1,https://litteraturbanken.se/författare/PauliG
ladda,PereswetoffMorathF,1860,2,https://litteraturbanken.se/författare/PereswetoffMorathF
ladda,PereswetoffMorathF,1880,1,https://litteraturbanken.se/författare/PereswetoffMorathF
ladda,PerraultC,1870,1,https://litteraturbanken.se/författare/PerraultC
ladda,PerssonF,1900,1,https://litteraturbanken.se/författare/PerssonF
ladda,PetersonM,1860,3,https://litteraturbanken.se/författare/PetersonM
ladda,PetterssonC,1850,1,https://litteraturbanken.se/författare/PetterssonC
ladda,PihlstrandR,1880,17,https://litteraturbanken.se/författare/PihlstrandR
ladda,PinelloNH,1860,1,https://litteraturbanken.se/författare/PinelloNH
ladda,PontoppidanH,1890,1,https://litteraturbanken.se/författare/PontoppidanH
ladda,QuarnströmAV,1860,3,https://litteraturbanken.se/författare/Quarnstr%C3%B6mAV
ladda,QuennerstedtA,1900,3,https://litteraturbanken.se/författare/QuennerstedtA
ladda,QuennerstedtA,1910,20,https://litteraturbanken.se/författare/QuennerstedtA
ladda,ReenstiernaMH,1940,5,https://litteraturbanken.se/författare/ReenstiernaMH
ladda,RegisJ,1910,3,https://litteraturbanken.se/författare/RegisJ
ladda,RidderstadCF,1840,1,https://litteraturbanken.se/författare/RidderstadCF
ladda,RidderstadCF,1850,4,https://litteraturbanken.se/författare/RidderstadCF
ladda,RidderstadCF,1880,7,https://litteraturbanken.se/författare/RidderstadCF
ladda,RietzJE,1860,8,https://litteraturbanken.se/författare/RietzJE
ladda,RodheBC,1880,1,https://litteraturbanken.se/författare/RodheBC
ladda,RomdahlC,1880,1,https://litteraturbanken.se/författare/RomdahlC
ladda,RoosM,1900,1,https://litteraturbanken.se/författare/RoosM
ladda,RoseliusJE,1850,2,https://litteraturbanken.se/författare/RoseliusJE
ladda,RoseniusJ,1880,1,https://litteraturbanken.se/författare/RoseniusJ
ladda,RosénJM,1840,1,https://litteraturbanken.se/författare/Ros%C3%A9nJM
ladda,RubensonO,1880,2,https://litteraturbanken.se/författare/RubensonO
ladda,RuinH,1930,1,https://litteraturbanken.se/författare/RuinH
ladda,RuinH,1940,5,https://litteraturbanken.se/författare/RuinH
ladda,RuinH,1960,2,https://litteraturbanken.se/författare/RuinH
ladda,RunebergFC,1860,1,https://litteraturbanken.se/författare/RunebergFC
ladda,RunebergJL,1830,2,https://litteraturbanken.se/författare/RunebergJL
ladda,RybergK,1870,2,https://litteraturbanken.se/författare/RybergK
ladda,RydbergCH,1860,8,https://litteraturbanken.se/författare/RydbergCH
ladda,RydbergV,1850,2,https://litteraturbanken.se/författare/RydbergV
ladda,RydbergV,1880,2,https://litteraturbanken.se/författare/RydbergV
ladda,SandA,1950,2,https://litteraturbanken.se/författare/SandA
ladda,SandbergA,1890,4,https://litteraturbanken.se/författare/SandbergA
ladda,SandbergE,1890,1,https://litteraturbanken.se/författare/SandbergE
ladda,SandelM,1920,1,https://litteraturbanken.se/författare/SandelM
ladda,SanderF,1870,2,https://litteraturbanken.se/författare/SanderF
ladda,SaxonJL,1890,1,https://litteraturbanken.se/författare/SaxonJL
ladda,SchantzO,1870,1,https://litteraturbanken.se/författare/SchantzO
ladda,SchildtR,1920,1,https://litteraturbanken.se/författare/SchildtR
ladda,SchirmerA,1870,2,https://litteraturbanken.se/författare/SchirmerA
ladda,ScholanderFW,1860,1,https://litteraturbanken.se/författare/ScholanderFW
ladda,SchröderG,1890,22,https://litteraturbanken.se/författare/Schr%C3%B6derG
ladda,SchwartzMS,1850,4,https://litteraturbanken.se/författare/SchwartzMS
ladda,SchwartzMS,1860,12,https://litteraturbanken.se/författare/SchwartzMS
ladda,SchwartzMS,1870,1,https://litteraturbanken.se/författare/SchwartzMS
ladda,SchéeleG,1880,2,https://litteraturbanken.se/författare/Sch%C3%A9eleG
ladda,SchückH,1910,1,https://litteraturbanken.se/författare/Sch%C3%BCckH
ladda,SegerstedtA,1870,1,https://litteraturbanken.se/författare/SegerstedtA
ladda,SegerstedtA,1880,1,https://litteraturbanken.se/författare/SegerstedtA
ladda,SegerstedtTorgny,1940,1,https://litteraturbanken.se/författare/SegerstedtTorgny
ladda,SehlstedtE,1850,2,https://litteraturbanken.se/författare/SehlstedtE
ladda,SernerG,1910,1,https://litteraturbanken.se/författare/SernerG
ladda,SernerG,1920,2,https://litteraturbanken.se/författare/SernerG
ladda,SesemanHJ,1850,1,https://litteraturbanken.se/författare/SesemanHJ
ladda,SilfverstolpeGM,1940,1,https://litteraturbanken.se/författare/SilfverstolpeGM
ladda,SilfverstolpeM,1900,1,https://litteraturbanken.se/författare/SilfverstolpeM
ladda,SilfverstolpeM,1910,1,https://litteraturbanken.se/författare/SilfverstolpeM
ladda,SilfverstopleGL,1850,1,https://litteraturbanken.se/författare/SilfverstopleGL
ladda,SillénAW,1860,1,https://litteraturbanken.se/författare/Sill%C3%A9nAW
ladda,SillénAW,1870,1,https://litteraturbanken.se/författare/Sill%C3%A9nAW
ladda,SjöbergB,1920,9,https://litteraturbanken.se/författare/Sj%C3%B6bergB
ladda,SmithC,1890,2,https://litteraturbanken.se/författare/SmithC
ladda,SommeliusGL,1840,1,https://litteraturbanken.se/författare/SommeliusGL
ladda,SparreP,1840,4,https://litteraturbanken.se/författare/SparreP
ladda,SparreP,1850,9,https://litteraturbanken.se/författare/SparreP
ladda,SparreP,1860,1,https://litteraturbanken.se/författare/SparreP
ladda,SparreP,1870,15,https://litteraturbanken.se/författare/SparreP
ladda,StarbäckCG,1860,1,https://litteraturbanken.se/författare/Starb%C3%A4ckCG
ladda,StarbäckCG,1870,4,https://litteraturbanken.se/författare/Starb%C3%A4ckCG
ladda,SteffenR,1900,1,https://litteraturbanken.se/författare/SteffenR
ladda,StjernstolpeJM,1820,1,https://litteraturbanken.se/författare/StjernstolpeJM
ladda,StjernströmL,1880,7,https://litteraturbanken.se/författare/Stjernstr%C3%B6mL
ladda,StjernströmL,1890,10,https://litteraturbanken.se/författare/Stjernstr%C3%B6mL
ladda,StokerB,1900,1,https://litteraturbanken.se/författare/StokerB
ladda,StolpeM,1870,1,https://litteraturbanken.se/författare/StolpeM
ladda,StoweHB,1890,3,https://litteraturbanken.se/författare/StoweHB
ladda,StrandbergC,1890,1,https://litteraturbanken.se/författare/StrandbergC
ladda,StrandbergCVA,1860,3,https://litteraturbanken.se/författare/StrandbergCVA
ladda,StrindbergA,1870,2,https://litteraturbanken.se/författare/StrindbergA
ladda,StrindbergA,1880,6,https://litteraturbanken.se/författare/StrindbergA
ladda,StrindbergA,1890,11,https://litteraturbanken.se/författare/StrindbergA
ladda,StrindbergA,1900,2,https://litteraturbanken.se/författare/StrindbergA
ladda,StrussenfeltCCA,1820,1,https://litteraturbanken.se/författare/StrussenfeltCCA
ladda,StrussenfeltCCA,1840,1,https://litteraturbanken.se/författare/StrussenfeltCCA
ladda,StrussenfeltU,1850,4,https://litteraturbanken.se/författare/StrussenfeltU
ladda,StrömF,1920,1,https://litteraturbanken.se/författare/Str%C3%B6mF
ladda,StrömF,1940,3,https://litteraturbanken.se/författare/Str%C3%B6mF
ladda,Sturzen-BeckerOP,1840,1,https://litteraturbanken.se/författare/Sturzen-BeckerOP
ladda,Sturzen-BeckerOP,1860,1,https://litteraturbanken.se/författare/Sturzen-BeckerOP
ladda,StåhleA,1910,3,https://litteraturbanken.se/författare/St%C3%A5hleA
ladda,StålbergW,1840,1,https://litteraturbanken.se/författare/St%C3%A5lbergW
ladda,StålbergW,1850,1,https://litteraturbanken.se/författare/St%C3%A5lbergW
ladda,StålbergW,1860,3,https://litteraturbanken.se/författare/St%C3%A5lbergW
ladda,StålbergW,1870,2,https://litteraturbanken.se/författare/St%C3%A5lbergW
ladda,SundbladJ,1890,7,https://litteraturbanken.se/författare/SundbladJ
ladda,SundqvistEW,1890,4,https://litteraturbanken.se/författare/SundqvistEW
ladda,SuttnerB,1890,2,https://litteraturbanken.se/författare/SuttnerB
ladda,SvahnO,1880,4,https://litteraturbanken.se/författare/SvahnO
ladda,SvanlundYF,1890,1,https://litteraturbanken.se/författare/SvanlundYF
ladda,SvedbomPE,1840,1,https://litteraturbanken.se/författare/SvedbomPE
ladda,SvedeliusWE,1870,1,https://litteraturbanken.se/författare/SvedeliusWE
ladda,SvensonF,1890,1,https://litteraturbanken.se/författare/SvensonF
ladda,SwiftJ,1860,1,https://litteraturbanken.se/författare/SwiftJ
ladda,SällbergT,1890,8,https://litteraturbanken.se/författare/S%C3%A4llbergT
ladda,SätherbergH,1840,3,https://litteraturbanken.se/författare/S%C3%A4therbergH
ladda,SätherbergH,1860,2,https://litteraturbanken.se/författare/S%C3%A4therbergH
ladda,SöderbergH,1920,1,https://litteraturbanken.se/författare/S%C3%B6derbergH
ladda,SöderbergM,1920,1,https://litteraturbanken.se/författare/S%C3%B6derbergM
ladda,SödergranE,1920,4,https://litteraturbanken.se/författare/S%C3%B6dergranE
ladda,SörmanP,1930,1,https://litteraturbanken.se/författare/S%C3%B6rmanP
ladda,TavaststjernaK,1890,4,https://litteraturbanken.se/författare/TavaststjernaK
ladda,TersmedenC,1910,10,https://litteraturbanken.se/författare/TersmedenC
ladda,ThomassonN,1890,5,https://litteraturbanken.se/författare/ThomassonN
ladda,ThomassonP,1860,1,https://litteraturbanken.se/författare/ThomassonP
ladda,ThomassonP,1870,2,https://litteraturbanken.se/författare/ThomassonP
ladda,ThorsanderG,1880,6,https://litteraturbanken.se/författare/ThorsanderG
ladda,ThorsanderG,1890,8,https://litteraturbanken.se/författare/ThorsanderG
ladda,TilasD,1890,1,https://litteraturbanken.se/författare/TilasD
ladda,TopeliusZ,1850,8,https://litteraturbanken.se/författare/TopeliusZ
ladda,TopeliusZ,1860,3,https://litteraturbanken.se/författare/TopeliusZ
ladda,TopeliusZ,1870,4,https://litteraturbanken.se/författare/TopeliusZ
ladda,TopeliusZ,1880,19,https://litteraturbanken.se/författare/TopeliusZ
ladda,TopeliusZ,1890,2,https://litteraturbanken.se/författare/TopeliusZ
ladda,TrolleH,1860,2,https://litteraturbanken.se/författare/TrolleH
ladda,TrolleH,1870,35,https://litteraturbanken.se/författare/TrolleH
ladda,TrolleH,1880,11,https://litteraturbanken.se/författare/TrolleH
ladda,TörnbergCL,1880,1,https://litteraturbanken.se/författare/T%C3%B6rnbergCL
ladda,TörnblomJA,1900,3,https://litteraturbanken.se/författare/T%C3%B6rnblomJA
ladda,TörnblomJA,1910,24,https://litteraturbanken.se/författare/T%C3%B6rnblomJA
ladda,TörnblomJA,1920,5,https://litteraturbanken.se/författare/T%C3%B6rnblomJA
ladda,TörnebladhR,1880,1,https://litteraturbanken.se/författare/T%C3%B6rnebladhR
ladda,UddgrenG,1900,1,https://litteraturbanken.se/författare/UddgrenG
ladda,UddgrenG,1910,2,https://litteraturbanken.se/författare/UddgrenG
ladda,UllmanG,1900,1,https://litteraturbanken.se/författare/UllmanG
ladda,UndsetS,1910,3,https://litteraturbanken.se/författare/UndsetS
ladda,VisénK,1880,1,https://litteraturbanken.se/författare/Vis%C3%A9nK
ladda,VärnlundR,1920,5,https://litteraturbanken.se/författare/V%C3%A4rnlundR
ladda,VärnlundR,1930,5,https://litteraturbanken.se/författare/V%C3%A4rnlundR
ladda,WachtmeisterH,1880,1,https://litteraturbanken.se/författare/WachtmeisterH
ladda,WadmanJA,1850,2,https://litteraturbanken.se/författare/WadmanJA
ladda,WahlinOF,1830,1,https://litteraturbanken.se/författare/WahlinOF
ladda,WallenbergJ,1880,2,https://litteraturbanken.se/författare/WallenbergJ
ladda,WallinJP,1880,11,https://litteraturbanken.se/författare/WallinJP
ladda,WallmarkE,1880,1,https://litteraturbanken.se/författare/WallmarkE
ladda,WallmoU,1900,2,https://litteraturbanken.se/författare/WallmoU
ladda,WaxbergH,1890,1,https://litteraturbanken.se/författare/WaxbergH
ladda,WeilandP,1890,2,https://litteraturbanken.se/författare/WeilandP
ladda,WernbergHj,1890,1,https://litteraturbanken.se/författare/WernbergHj
ladda,WernbergHj,1900,2,https://litteraturbanken.se/författare/WernbergHj
ladda,WesterbergE,1890,1,https://litteraturbanken.se/författare/WesterbergE
ladda,WetterberghCA,1850,3,https://litteraturbanken.se/författare/WetterberghCA
ladda,WetterberghCA,1880,2,https://litteraturbanken.se/författare/WetterberghCA
ladda,WetterberghCA,1890,1,https://litteraturbanken.se/författare/WetterberghCA
ladda,WettergrundJ,1860,2,https://litteraturbanken.se/författare/WettergrundJ
ladda,WettergrundJ,1880,1,https://litteraturbanken.se/författare/WettergrundJ
ladda,WickmanF,1870,1,https://litteraturbanken.se/författare/WickmanF
ladda,WigertInèz,1890,3,https://litteraturbanken.se/författare/WigertIn%C3%A8z
ladda,WigforssJ,1890,2,https://litteraturbanken.se/författare/WigforssJ
ladda,WigströmE,1870,1,https://litteraturbanken.se/författare/Wigstr%C3%B6mE
ladda,WigströmE,1880,8,https://litteraturbanken.se/författare/Wigstr%C3%B6mE
ladda,WijkanderO,1880,2,https://litteraturbanken.se/författare/WijkanderO
ladda,WiklundKB,1890,1,https://litteraturbanken.se/författare/WiklundKB
ladda,WiklundKB,1900,1,https://litteraturbanken.se/författare/WiklundKB
ladda,WinterR,1880,2,https://litteraturbanken.se/författare/WinterR
ladda,WinterR,1890,2,https://litteraturbanken.se/författare/WinterR
ladda,WirsénCDaf,1890,1,https://litteraturbanken.se/författare/Wirs%C3%A9nCDaf
ladda,WittO,1910,27,https://litteraturbanken.se/författare/WittO
ladda,WranérH,1890,1,https://litteraturbanken.se/författare/Wran%C3%A9rH
ladda,WägnerE,1910,2,https://litteraturbanken.se/författare/W%C3%A4gnerE
ladda,WägnerE,1920,3,https://litteraturbanken.se/författare/W%C3%A4gnerE
ladda,WägnerE,1930,4,https://litteraturbanken.se/författare/W%C3%A4gnerE
ladda,WägnerE,1940,4,https://litteraturbanken.se/författare/W%C3%A4gnerE
ladda,WærnérN,1900,4,https://litteraturbanken.se/författare/W%C3%A6rn%C3%A9rN
ladda,ZetterströmH,1900,1,https://litteraturbanken.se/författare/Zetterstr%C3%B6mH
ladda,ZetterströmH,1910,1,https://litteraturbanken.se/författare/Zetterstr%C3%B6mH
ladda,ZilliacusKäldre,1890,1,https://litteraturbanken.se/författare/ZilliacusK%C3%A4ldre
ladda,ÅbergJO,1870,11,https://litteraturbanken.se/författare/%C3%85bergJO
ladda,ÅbergJO,1880,86,https://litteraturbanken.se/författare/%C3%85bergJO
ladda,ÅbergJO,1890,33,https://litteraturbanken.se/författare/%C3%85bergJO
ladda,ÅbergJO,1900,1,https://litteraturbanken.se/författare/%C3%85bergJO
ladda,ÅbergK,1880,1,https://litteraturbanken.se/författare/%C3%85bergK
ladda,ÖbergLT,1850,6,https://litteraturbanken.se/författare/%C3%96bergLT
ladda,ÖdmanP,1880,1,https://litteraturbanken.se/författare/%C3%96dmanP
ladda,ÖdmannJM,1880,3,https://litteraturbanken.se/författare/%C3%96dmannJM
ladda,ÖmanVE,1860,1,https://litteraturbanken.se/författare/%C3%96manVE
laddning,AgrellA,1890,1,https://litteraturbanken.se/författare/AgrellA
laddning,AhlbomM,1860,1,https://litteraturbanken.se/författare/AhlbomM
laddning,AndersL,1890,3,https://litteraturbanken.se/författare/AndersL
laddning,AndersonA,1860,1,https://litteraturbanken.se/författare/AndersonA
laddning,AnderssonD,1910,1,https://litteraturbanken.se/författare/AnderssonD
laddning,AndrénO,1890,1,https://litteraturbanken.se/författare/Andr%C3%A9nO
laddning,Anonym,1840,3,https://litteraturbanken.se/författare/Anonym
laddning,Anonym,1850,1,https://litteraturbanken.se/författare/Anonym
laddning,Anonym,1860,7,https://litteraturbanken.se/författare/Anonym
laddning,Anonym,1870,1,https://litteraturbanken.se/författare/Anonym
laddning,Anonym,1880,4,https://litteraturbanken.se/författare/Anonym
laddning,Anonym,1890,11,https://litteraturbanken.se/författare/Anonym
laddning,Anonym,1900,1,https://litteraturbanken.se/författare/Anonym
laddning,ArfwedsonCD,1840,1,https://litteraturbanken.se/författare/ArfwedsonCD
laddning,AspPO,1800,1,https://litteraturbanken.se/författare/AspPO
laddning,BaggerAA,1890,1,https://litteraturbanken.se/författare/BaggerAA
laddning,BenedictssonV,1890,1,https://litteraturbanken.se/författare/BenedictssonV
laddning,BergAH,1880,2,https://litteraturbanken.se/författare/BergAH
laddning,BergD,1930,1,https://litteraturbanken.se/författare/BergD
laddning,BergPG,1870,1,https://litteraturbanken.se/författare/BergPG
laddning,BergerH,1900,2,https://litteraturbanken.se/författare/BergerH
laddning,BergerH,1910,1,https://litteraturbanken.se/författare/BergerH
laddning,BerghR,1900,1,https://litteraturbanken.se/författare/BerghR
laddning,BergmanCW,1840,1,https://litteraturbanken.se/författare/BergmanCW
laddning,BergstrandPE,1880,3,https://litteraturbanken.se/författare/BergstrandPE
laddning,BillmarkCJ,1840,1,https://litteraturbanken.se/författare/BillmarkCJ
laddning,BjurstenH,1840,2,https://litteraturbanken.se/författare/BjurstenH
laddning,BjurstenH,1850,3,https://litteraturbanken.se/författare/BjurstenH
laddning,BjurstenH,1860,1,https://litteraturbanken.se/författare/BjurstenH
laddning,BjörkmanCG,1880,1,https://litteraturbanken.se/författare/Bj%C3%B6rkmanCG
laddning,BlancheA,1840,1,https://litteraturbanken.se/författare/BlancheA
laddning,BlancheA,1850,1,https://litteraturbanken.se/författare/BlancheA
laddning,BlumauerK,1830,1,https://litteraturbanken.se/författare/BlumauerK
laddning,BlumenbergHG,1870,1,https://litteraturbanken.se/författare/BlumenbergHG
laddning,BolanderS,1850,2,https://litteraturbanken.se/författare/BolanderS
laddning,BoyeK,1930,1,https://litteraturbanken.se/författare/BoyeK
laddning,BrandtE,1890,1,https://litteraturbanken.se/författare/BrandtE
laddning,BraunWvon,1830,2,https://litteraturbanken.se/författare/BraunWvon
laddning,BraunWvon,1880,2,https://litteraturbanken.se/författare/BraunWvon
laddning,BromanPG,1860,1,https://litteraturbanken.se/författare/BromanPG
laddning,BronteC,1850,1,https://litteraturbanken.se/författare/BronteC
laddning,BruhnJN,1850,1,https://litteraturbanken.se/författare/BruhnJN
laddning,BruzeliusJ,1870,1,https://litteraturbanken.se/författare/BruzeliusJ
laddning,BäckmannI,1940,1,https://litteraturbanken.se/författare/B%C3%A4ckmannI
laddning,BäckströmPO,1840,1,https://litteraturbanken.se/författare/B%C3%A4ckstr%C3%B6mPO
laddning,BååthAU,1880,1,https://litteraturbanken.se/författare/B%C3%A5%C3%A5thAU
laddning,BååthAU,1890,1,https://litteraturbanken.se/författare/B%C3%A5%C3%A5thAU
laddning,BörjessonJ,1850,1,https://litteraturbanken.se/författare/B%C3%B6rjessonJ
laddning,BöttigerCW,1880,1,https://litteraturbanken.se/författare/B%C3%B6ttigerCW
laddning,BöttigerCW,1890,1,https://litteraturbanken.se/författare/B%C3%B6ttigerCW
laddning,CarlénO,1880,1,https://litteraturbanken.se/författare/Carl%C3%A9nO
laddning,CederborghF,1880,3,https://litteraturbanken.se/författare/CederborghF
laddning,ChytræusB,1860,1,https://litteraturbanken.se/författare/Chytr%C3%A6usB
laddning,CleveAlma,1890,1,https://litteraturbanken.se/författare/CleveAlma
laddning,CramærM,1840,1,https://litteraturbanken.se/författare/Cram%C3%A6rM
laddning,CronstrandB,1870,1,https://litteraturbanken.se/författare/CronstrandB
laddning,CrusenstolpeMJ,1840,4,https://litteraturbanken.se/författare/CrusenstolpeMJ
laddning,DahlgrenCF,1830,1,https://litteraturbanken.se/författare/DahlgrenCF
laddning,DammJ,1870,1,https://litteraturbanken.se/författare/DammJ
laddning,DarwinC,1870,1,https://litteraturbanken.se/författare/DarwinC
laddning,DeGeerL,1840,1,https://litteraturbanken.se/författare/DeGeerL
laddning,DeGeerL,1890,1,https://litteraturbanken.se/författare/DeGeerL
laddning,DoyleAC,1890,1,https://litteraturbanken.se/författare/DoyleAC
laddning,DunckelD,1840,1,https://litteraturbanken.se/författare/DunckelD
laddning,EhrenborgPosseB,1870,1,https://litteraturbanken.se/författare/EhrenborgPosseB
laddning,EkbohrnCM,1850,2,https://litteraturbanken.se/författare/EkbohrnCM
laddning,EkbohrnCM,1860,1,https://litteraturbanken.se/författare/EkbohrnCM
laddning,EkermannA,1880,1,https://litteraturbanken.se/författare/EkermannA
laddning,EkmanL,1910,1,https://litteraturbanken.se/författare/EkmanL
laddning,EkströmCO,1870,1,https://litteraturbanken.se/författare/Ekstr%C3%B6mCO
laddning,ElgenstiernaG,1920,1,https://litteraturbanken.se/författare/ElgenstiernaG
laddning,ElgenstiernaG,1930,1,https://litteraturbanken.se/författare/ElgenstiernaG
laddning,ElkanS,1910,3,https://litteraturbanken.se/författare/ElkanS
laddning,EnanderJA,1890,1,https://litteraturbanken.se/författare/EnanderJA
laddning,EnerothC,1880,9,https://litteraturbanken.se/författare/EnerothC
laddning,EnerothC,1890,1,https://litteraturbanken.se/författare/EnerothC
laddning,EngströmA,1900,1,https://litteraturbanken.se/författare/Engstr%C3%B6mA
laddning,EngströmA,1910,1,https://litteraturbanken.se/författare/Engstr%C3%B6mA
laddning,EnnesBA,1810,1,https://litteraturbanken.se/författare/EnnesBA
laddning,FlygareCarlénE,1840,7,https://litteraturbanken.se/författare/FlygareCarl%C3%A9nE
laddning,FlygareCarlénE,1850,1,https://litteraturbanken.se/författare/FlygareCarl%C3%A9nE
laddning,FlygareCarlénE,1860,7,https://litteraturbanken.se/författare/FlygareCarl%C3%A9nE
laddning,FlygareCarlénE,1870,1,https://litteraturbanken.se/författare/FlygareCarl%C3%A9nE
laddning,FlygareCarlénE,1880,1,https://litteraturbanken.se/författare/FlygareCarl%C3%A9nE
laddning,FredbergCRA,1910,1,https://litteraturbanken.se/författare/FredbergCRA
laddning,GeijerEG,1850,3,https://litteraturbanken.se/författare/GeijerEG
laddning,GoveniusLJ,1850,1,https://litteraturbanken.se/författare/GoveniusLJ
laddning,GoveniusLJ,1870,1,https://litteraturbanken.se/författare/GoveniusLJ
laddning,GoveniusLJ,1880,1,https://litteraturbanken.se/författare/GoveniusLJ
laddning,GranathW,1890,6,https://litteraturbanken.se/författare/GranathW
laddning,GravalliusDE,1840,1,https://litteraturbanken.se/författare/GravalliusDE
laddning,GustafssonR,1880,1,https://litteraturbanken.se/författare/GustafssonR
laddning,GällstedtPJ,1850,3,https://litteraturbanken.se/författare/G%C3%A4llstedtPJ
laddning,HallenborgECFFL,1850,2,https://litteraturbanken.se/författare/HallenborgECFFL
laddning,HallmanA,1860,1,https://litteraturbanken.se/författare/HallmanA
laddning,HammargrenT,1890,1,https://litteraturbanken.se/författare/HammargrenT
laddning,HanssonO,1890,1,https://litteraturbanken.se/författare/HanssonO
laddning,HanssonO,1900,1,https://litteraturbanken.se/författare/HanssonO
laddning,HanssonO,1910,1,https://litteraturbanken.se/författare/HanssonO
laddning,HedbergF,1880,1,https://litteraturbanken.se/författare/HedbergF
laddning,HedbergF,1890,1,https://litteraturbanken.se/författare/HedbergF
laddning,HedbornS,1830,1,https://litteraturbanken.se/författare/HedbornS
laddning,HedenstiernaA,1880,1,https://litteraturbanken.se/författare/HedenstiernaA
laddning,HedinS,1910,2,https://litteraturbanken.se/författare/HedinS
laddning,HedvallY,1930,1,https://litteraturbanken.se/författare/HedvallY
laddning,HjohlmanHj,1880,1,https://litteraturbanken.se/författare/HjohlmanHj
laddning,HodellF,1870,1,https://litteraturbanken.se/författare/HodellF
laddning,HoffmannF,1870,4,https://litteraturbanken.se/författare/HoffmannF
laddning,HydénN,1890,1,https://litteraturbanken.se/författare/Hyd%C3%A9nN
laddning,HöggrenF,1840,2,https://litteraturbanken.se/författare/H%C3%B6ggrenF
laddning,HögmanA,1890,1,https://litteraturbanken.se/författare/H%C3%B6gmanA
laddning,JacobsonHarald,1890,1,https://litteraturbanken.se/författare/JacobsonHarald
laddning,JahnssonEF,1870,1,https://litteraturbanken.se/författare/JahnssonEF
laddning,JamesD,1880,2,https://litteraturbanken.se/författare/JamesD
laddning,JansonG,1890,2,https://litteraturbanken.se/författare/JansonG
laddning,JohnsonJ,1900,1,https://litteraturbanken.se/författare/JohnsonJ
laddning,JolinJ,1860,4,https://litteraturbanken.se/författare/JolinJ
laddning,JolinJ,1870,3,https://litteraturbanken.se/författare/JolinJ
laddning,JolinJ,1880,3,https://litteraturbanken.se/författare/JolinJ
laddning,JolinJ,1890,3,https://litteraturbanken.se/författare/JolinJ
laddning,KellmodinF,1870,1,https://litteraturbanken.se/författare/KellmodinF
laddning,KerfveA,1890,6,https://litteraturbanken.se/författare/KerfveA
laddning,KerfveA,1900,3,https://litteraturbanken.se/författare/KerfveA
laddning,Kiellman-GöransonJA,1850,3,https://litteraturbanken.se/författare/Kiellman-G%C3%B6ransonJA
laddning,KiplingR,1900,1,https://litteraturbanken.se/författare/KiplingR
laddning,KjellgrenJ,1930,2,https://litteraturbanken.se/författare/KjellgrenJ
laddning,KleenT,1900,2,https://litteraturbanken.se/författare/KleenT
laddning,KnorringS,1840,1,https://litteraturbanken.se/författare/KnorringS
laddning,KochM,1910,2,https://litteraturbanken.se/författare/KochM
laddning,KrookA,1850,1,https://litteraturbanken.se/författare/KrookA
laddning,KrookA,1880,1,https://litteraturbanken.se/författare/KrookA
laddning,KræmerL,1860,1,https://litteraturbanken.se/författare/Kr%C3%A6merL
laddning,KræmerL,1870,1,https://litteraturbanken.se/författare/Kr%C3%A6merL
laddning,KræmerL,1880,1,https://litteraturbanken.se/författare/Kr%C3%A6merL
laddning,KræmerL,1890,2,https://litteraturbanken.se/författare/Kr%C3%A6merL
laddning,KræmerV,1930,1,https://litteraturbanken.se/författare/Kr%C3%A6merV
laddning,KullbergKA,1840,2,https://litteraturbanken.se/författare/KullbergKA
laddning,KullbergKA,1870,1,https://litteraturbanken.se/författare/KullbergKA
laddning,KämpeA,1910,1,https://litteraturbanken.se/författare/K%C3%A4mpeA
laddning,KärrströmEJ,1890,1,https://litteraturbanken.se/författare/K%C3%A4rrstr%C3%B6mEJ
laddning,LagerbringG,1880,1,https://litteraturbanken.se/författare/LagerbringG
laddning,LagerlöfS,1920,2,https://litteraturbanken.se/författare/Lagerl%C3%B6fS
laddning,LagerlöfS,1930,1,https://litteraturbanken.se/författare/Lagerl%C3%B6fS
laddning,LandqvistR,1890,1,https://litteraturbanken.se/författare/LandqvistR
laddning,LevertinO,1890,1,https://litteraturbanken.se/författare/LevertinO
laddning,LevertinO,1900,1,https://litteraturbanken.se/författare/LevertinO
laddning,LiefdeJ,1850,1,https://litteraturbanken.se/författare/LiefdeJ
laddning,LilliestiernaAE,1870,3,https://litteraturbanken.se/författare/LilliestiernaAE
laddning,LindC,1900,1,https://litteraturbanken.se/författare/LindC
laddning,LindbergP,1920,1,https://litteraturbanken.se/författare/LindbergP
laddning,LindbladJM,1850,1,https://litteraturbanken.se/författare/LindbladJM
laddning,LindebergA,1830,1,https://litteraturbanken.se/författare/LindebergA
laddning,LindgrenM,1870,1,https://litteraturbanken.se/författare/LindgrenM
laddning,LindholmC,1890,2,https://litteraturbanken.se/författare/LindholmC
laddning,LindholmPA,1890,1,https://litteraturbanken.se/författare/LindholmPA
laddning,LindhéW,1900,1,https://litteraturbanken.se/författare/Lindh%C3%A9W
laddning,LindströmSigfrid,1930,1,https://litteraturbanken.se/författare/Lindstr%C3%B6mSigfrid
laddning,LingPH,1860,3,https://litteraturbanken.se/författare/LingPH
laddning,LinnarssonL,1950,3,https://litteraturbanken.se/författare/LinnarssonL
laddning,LjungbergPA,1880,1,https://litteraturbanken.se/författare/LjungbergPA
laddning,LundinC,1860,1,https://litteraturbanken.se/författare/LundinC
laddning,LundinC,1870,3,https://litteraturbanken.se/författare/LundinC
laddning,LundströmG,1880,1,https://litteraturbanken.se/författare/Lundstr%C3%B6mG
laddning,LénströmCJ,1860,1,https://litteraturbanken.se/författare/L%C3%A9nstr%C3%B6mCJ
laddning,LönnegrenAV,1880,1,https://litteraturbanken.se/författare/L%C3%B6nnegrenAV
laddning,MagnellCJ,1890,1,https://litteraturbanken.se/författare/MagnellCJ
laddning,MalmgrenT,1870,3,https://litteraturbanken.se/författare/MalmgrenT
laddning,MarinOU,1840,3,https://litteraturbanken.se/författare/MarinOU
laddning,MartinssonH,1860,1,https://litteraturbanken.se/författare/MartinssonH
laddning,MelanderR,1890,4,https://litteraturbanken.se/författare/MelanderR
laddning,MellinGH,1830,1,https://litteraturbanken.se/författare/MellinGH
laddning,MellinGH,1840,2,https://litteraturbanken.se/författare/MellinGH
laddning,MellinGH,1850,4,https://litteraturbanken.se/författare/MellinGH
laddning,MeyerA,1880,1,https://litteraturbanken.se/författare/MeyerA
laddning,MeyerG,1880,1,https://litteraturbanken.se/författare/MeyerG
laddning,MonténRA,1880,2,https://litteraturbanken.se/författare/Mont%C3%A9nRA
laddning,MyrbergA,1920,1,https://litteraturbanken.se/författare/MyrbergA
laddning,NaumannM,1870,1,https://litteraturbanken.se/författare/NaumannM
laddning,NaumannM,1880,1,https://litteraturbanken.se/författare/NaumannM
laddning,NervanderE,1880,1,https://litteraturbanken.se/författare/NervanderE
laddning,NicanderKA,1830,1,https://litteraturbanken.se/författare/NicanderKA
laddning,NordensvanG,1880,1,https://litteraturbanken.se/författare/NordensvanG
laddning,NorlinM,1890,2,https://litteraturbanken.se/författare/NorlinM
laddning,NorénV,1880,1,https://litteraturbanken.se/författare/Nor%C3%A9nV
laddning,NyblomH,1870,2,https://litteraturbanken.se/författare/NyblomH
laddning,NyblomH,1880,1,https://litteraturbanken.se/författare/NyblomH
laddning,NybomJ,1840,1,https://litteraturbanken.se/författare/NybomJ
laddning,OxenstiernaMGL,1870,1,https://litteraturbanken.se/författare/OxenstiernaMGL
laddning,OxenstiernaMGL,1890,6,https://litteraturbanken.se/författare/OxenstiernaMGL
laddning,PalmbladVF,1840,5,https://litteraturbanken.se/författare/PalmbladVF
laddning,PereswetoffMorathF,1860,1,https://litteraturbanken.se/författare/PereswetoffMorathF
laddning,PereswetoffMorathF,1880,3,https://litteraturbanken.se/författare/PereswetoffMorathF
laddning,PerssonF,1900,1,https://litteraturbanken.se/författare/PerssonF
laddning,PihlstrandR,1880,1,https://litteraturbanken.se/författare/PihlstrandR
laddning,QuennerstedtA,1910,1,https://litteraturbanken.se/författare/QuennerstedtA
laddning,ReenstiernaMH,1940,1,https://litteraturbanken.se/författare/ReenstiernaMH
laddning,ReenstiernaMH,1950,1,https://litteraturbanken.se/författare/ReenstiernaMH
laddning,RidderstadCF,1880,1,https://litteraturbanken.se/författare/RidderstadCF
laddning,RietzJE,1860,1,https://litteraturbanken.se/författare/RietzJE
laddning,RoseliusJE,1850,2,https://litteraturbanken.se/författare/RoseliusJE
laddning,RunebergFC,1850,1,https://litteraturbanken.se/författare/RunebergFC
laddning,RunebergJL,1870,1,https://litteraturbanken.se/författare/RunebergJL
laddning,RussbergJA,1870,1,https://litteraturbanken.se/författare/RussbergJA
laddning,RydbergCH,1860,2,https://litteraturbanken.se/författare/RydbergCH
laddning,RydbergV,1850,4,https://litteraturbanken.se/författare/RydbergV
laddning,SandbergA,1880,1,https://litteraturbanken.se/författare/SandbergA
laddning,SandbergA,1890,6,https://litteraturbanken.se/författare/SandbergA
laddning,SandelM,1910,1,https://litteraturbanken.se/författare/SandelM
laddning,SchenfeltI,1870,1,https://litteraturbanken.se/författare/SchenfeltI
laddning,ScheriniPH,1880,1,https://litteraturbanken.se/författare/ScheriniPH
laddning,SchildtR,1910,1,https://litteraturbanken.se/författare/SchildtR
laddning,SchirmerA,1870,1,https://litteraturbanken.se/författare/SchirmerA
laddning,ScholanderFW,1860,1,https://litteraturbanken.se/författare/ScholanderFW
laddning,SchröderG,1890,3,https://litteraturbanken.se/författare/Schr%C3%B6derG
laddning,SchwartzMS,1860,5,https://litteraturbanken.se/författare/SchwartzMS
laddning,SchwartzMS,1870,1,https://litteraturbanken.se/författare/SchwartzMS
laddning,SchöldströmB,1880,1,https://litteraturbanken.se/författare/Sch%C3%B6ldstr%C3%B6mB
laddning,SchöldströmB,1890,1,https://litteraturbanken.se/författare/Sch%C3%B6ldstr%C3%B6mB
laddning,SchüsslerGC,1840,2,https://litteraturbanken.se/författare/Sch%C3%BCsslerGC
laddning,SernerG,1910,2,https://litteraturbanken.se/författare/SernerG
laddning,SillénAW,1860,1,https://litteraturbanken.se/författare/Sill%C3%A9nAW
laddning,SkarstedtCW,1880,1,https://litteraturbanken.se/författare/SkarstedtCW
laddning,SommeliusGL,1840,1,https://litteraturbanken.se/författare/SommeliusGL
laddning,SparreP,1840,1,https://litteraturbanken.se/författare/SparreP
laddning,SparreP,1850,10,https://litteraturbanken.se/författare/SparreP
laddning,SparreP,1860,1,https://litteraturbanken.se/författare/SparreP
laddning,SparreP,1870,12,https://litteraturbanken.se/författare/SparreP
laddning,StenhammarJA,1810,2,https://litteraturbanken.se/författare/StenhammarJA
laddning,StjernströmL,1880,2,https://litteraturbanken.se/författare/Stjernstr%C3%B6mL
laddning,StjernströmL,1890,7,https://litteraturbanken.se/författare/Stjernstr%C3%B6mL
laddning,StoweHB,1890,1,https://litteraturbanken.se/författare/StoweHB
laddning,StrandbergCVA,1860,1,https://litteraturbanken.se/författare/StrandbergCVA
laddning,StrussenfeltU,1850,1,https://litteraturbanken.se/författare/StrussenfeltU
laddning,StuxbergA,1890,3,https://litteraturbanken.se/författare/StuxbergA
laddning,StyffeCG,1870,1,https://litteraturbanken.se/författare/StyffeCG
laddning,StyffeCG,1880,3,https://litteraturbanken.se/författare/StyffeCG
laddning,StålbergW,1860,1,https://litteraturbanken.se/författare/St%C3%A5lbergW
laddning,SundbladJ,1890,4,https://litteraturbanken.se/författare/SundbladJ
laddning,SällbergT,1890,2,https://litteraturbanken.se/författare/S%C3%A4llbergT
laddning,SätherbergH,1840,1,https://litteraturbanken.se/författare/S%C3%A4therbergH
laddning,SöderbomASE,1890,2,https://litteraturbanken.se/författare/S%C3%B6derbomASE
laddning,SöderhjelmW,1900,1,https://litteraturbanken.se/författare/S%C3%B6derhjelmW
laddning,TavaststjernaK,1890,2,https://litteraturbanken.se/författare/TavaststjernaK
laddning,TegnérE,1820,1,https://litteraturbanken.se/författare/Tegn%C3%A9rE
laddning,TengströmJ,1890,1,https://litteraturbanken.se/författare/Tengstr%C3%B6mJ
laddning,ThomassonN,1890,1,https://litteraturbanken.se/författare/ThomassonN
laddning,ThomassonP,1850,1,https://litteraturbanken.se/författare/ThomassonP
laddning,ThomassonP,1860,1,https://litteraturbanken.se/författare/ThomassonP
laddning,ThomassonP,1880,1,https://litteraturbanken.se/författare/ThomassonP
laddning,ThorellP,1860,1,https://litteraturbanken.se/författare/ThorellP
laddning,ThorsanderG,1890,2,https://litteraturbanken.se/författare/ThorsanderG
laddning,TopeliusZ,1860,3,https://litteraturbanken.se/författare/TopeliusZ
laddning,TopeliusZ,1880,2,https://litteraturbanken.se/författare/TopeliusZ
laddning,TrolleH,1860,3,https://litteraturbanken.se/författare/TrolleH
laddning,TrolleH,1870,17,https://litteraturbanken.se/författare/TrolleH
laddning,TrolleH,1880,6,https://litteraturbanken.se/författare/TrolleH
laddning,TörnblomJA,1910,1,https://litteraturbanken.se/författare/T%C3%B6rnblomJA
laddning,TörnebladhR,1880,1,https://litteraturbanken.se/författare/T%C3%B6rnebladhR
laddning,WachtmeisterH,1880,3,https://litteraturbanken.se/författare/WachtmeisterH
laddning,WallenbergJ,1880,1,https://litteraturbanken.se/författare/WallenbergJ
laddning,WallinJP,1880,1,https://litteraturbanken.se/författare/WallinJP
laddning,WallinW,1880,1,https://litteraturbanken.se/författare/WallinW
laddning,WennerbergI,1890,1,https://litteraturbanken.se/författare/WennerbergI
laddning,WetterberghCA,1850,2,https://litteraturbanken.se/författare/WetterberghCA
laddning,WetterberghCA,1880,2,https://litteraturbanken.se/författare/WetterberghCA
laddning,WettergrundJ,1870,1,https://litteraturbanken.se/författare/WettergrundJ
laddning,WickströmVH,1880,1,https://litteraturbanken.se/författare/Wickstr%C3%B6mVH
laddning,WickströmVH,1890,1,https://litteraturbanken.se/författare/Wickstr%C3%B6mVH
laddning,WieselgrenS,1860,1,https://litteraturbanken.se/författare/WieselgrenS
laddning,WijkanderO,1860,1,https://litteraturbanken.se/författare/WijkanderO
laddning,WirsénCDaf,1870,1,https://litteraturbanken.se/författare/Wirs%C3%A9nCDaf
laddning,WittO,1910,14,https://litteraturbanken.se/författare/WittO
laddning,WägnerE,1900,1,https://litteraturbanken.se/författare/W%C3%A4gnerE
laddning,WägnerE,1910,1,https://litteraturbanken.se/författare/W%C3%A4gnerE
laddning,WägnerE,1930,2,https://litteraturbanken.se/författare/W%C3%A4gnerE
laddning,WåhlstrandK,1880,1,https://litteraturbanken.se/författare/W%C3%A5hlstrandK
laddning,ZilliacusKäldre,1890,2,https://litteraturbanken.se/författare/ZilliacusK%C3%A4ldre
laddning,ÅbergJE,1850,1,https://litteraturbanken.se/författare/%C3%85bergJE
laddning,ÅbergJO,1870,1,https://litteraturbanken.se/författare/%C3%85bergJO
laddning,ÅbergJO,1880,8,https://litteraturbanken.se/författare/%C3%85bergJO
laddning,ÅbergJO,1890,3,https://litteraturbanken.se/författare/%C3%85bergJO
laddning,ÅbergJO,1900,1,https://litteraturbanken.se/författare/%C3%85bergJO
laddning,ÅkerlundPA,1860,1,https://litteraturbanken.se/författare/%C3%85kerlundPA
laddning,ÖbergLT,1850,3,https://litteraturbanken.se/författare/%C3%96bergLT
laddning,ÖdbergPI,1870,1,https://litteraturbanken.se/författare/%C3%96dbergPI
laddning,ÖdmanP,1880,1,https://litteraturbanken.se/författare/%C3%96dmanP
laddning,ÖdmanP,1890,1,https://litteraturbanken.se/författare/%C3%96dmanP
magnet,AdlersparreCA,1840,1,https://litteraturbanken.se/författare/AdlersparreCA
magnet,AdlersparreGA,1880,1,https://litteraturbanken.se/författare/AdlersparreGA
magnet,AfzeliusAJ,1850,1,https://litteraturbanken.se/författare/AfzeliusAJ
magnet,AgrellA,1880,1,https://litteraturbanken.se/författare/AgrellA
magnet,AgrellA,1890,1,https://litteraturbanken.se/författare/AgrellA
magnet,AgrellA,1910,1,https://litteraturbanken.se/författare/AgrellA
magnet,AhlbomM,1860,3,https://litteraturbanken.se/författare/AhlbomM
magnet,AhlqvistA,1840,1,https://litteraturbanken.se/författare/AhlqvistA
magnet,AhrenbergJ,1890,1,https://litteraturbanken.se/författare/AhrenbergJ
magnet,AlcottLM,1870,2,https://litteraturbanken.se/författare/AlcottLM
magnet,AlfthanJ,1880,3,https://litteraturbanken.se/författare/AlfthanJ
magnet,AlténVA,1830,1,https://litteraturbanken.se/författare/Alt%C3%A9nVA
magnet,AndrénO,1890,1,https://litteraturbanken.se/författare/Andr%C3%A9nO
magnet,Anonym,1830,2,https://litteraturbanken.se/författare/Anonym
magnet,Anonym,1840,1,https://litteraturbanken.se/författare/Anonym
magnet,Anonym,1860,42,https://litteraturbanken.se/författare/Anonym
magnet,Anonym,1870,2,https://litteraturbanken.se/författare/Anonym
magnet,Anonym,1880,1,https://litteraturbanken.se/författare/Anonym
magnet,Anonym,1890,1,https://litteraturbanken.se/författare/Anonym
magnet,ArfwedsonCD,1870,1,https://litteraturbanken.se/författare/ArfwedsonCD
magnet,ArvidssonAI,1840,1,https://litteraturbanken.se/författare/ArvidssonAI
magnet,AtterbomPDA,1830,2,https://litteraturbanken.se/författare/AtterbomPDA
magnet,AtterbomPDA,1840,2,https://litteraturbanken.se/författare/AtterbomPDA
magnet,AurellW,1860,1,https://litteraturbanken.se/författare/AurellW
magnet,BahrJF,1830,1,https://litteraturbanken.se/författare/BahrJF
magnet,BenedictssonV,1890,3,https://litteraturbanken.se/författare/BenedictssonV
magnet,BergD,1910,1,https://litteraturbanken.se/författare/BergD
magnet,BergD,1930,1,https://litteraturbanken.se/författare/BergD
magnet,BergPG,1860,2,https://litteraturbanken.se/författare/BergPG
magnet,BerghR,1900,1,https://litteraturbanken.se/författare/BerghR
magnet,BerglundV,1850,1,https://litteraturbanken.se/författare/BerglundV
magnet,BeskowBvon,1840,1,https://litteraturbanken.se/författare/BeskowBvon
magnet,BeskowBvon,1870,1,https://litteraturbanken.se/författare/BeskowBvon
magnet,BjurstenH,1850,2,https://litteraturbanken.se/författare/BjurstenH
magnet,BjurstenH,1860,3,https://litteraturbanken.se/författare/BjurstenH
magnet,BjörckT,1850,1,https://litteraturbanken.se/författare/Bj%C3%B6rckT
magnet,BjörlingF,1870,2,https://litteraturbanken.se/författare/Bj%C3%B6rlingF
magnet,BlachetG,1890,1,https://litteraturbanken.se/författare/BlachetG
magnet,BlombergH,1920,1,https://litteraturbanken.se/författare/BlombergH
magnet,BolanderS,1840,1,https://litteraturbanken.se/författare/BolanderS
magnet,BolanderS,1860,1,https://litteraturbanken.se/författare/BolanderS
magnet,BragE,1880,1,https://litteraturbanken.se/författare/BragE
magnet,BraunWvon,1830,1,https://litteraturbanken.se/författare/BraunWvon
magnet,BraunWvon,1840,1,https://litteraturbanken.se/författare/BraunWvon
magnet,BraunWvon,1880,2,https://litteraturbanken.se/författare/BraunWvon
magnet,BremerF,1840,1,https://litteraturbanken.se/författare/BremerF
magnet,BrinkmanCG,1840,2,https://litteraturbanken.se/författare/BrinkmanCG
magnet,BronteC,1850,3,https://litteraturbanken.se/författare/BronteC
magnet,BurghausenCF,1850,1,https://litteraturbanken.se/författare/BurghausenCF
magnet,BäckmannI,1920,1,https://litteraturbanken.se/författare/B%C3%A4ckmannI
magnet,BäckmannI,1930,2,https://litteraturbanken.se/författare/B%C3%A4ckmannI
magnet,CarlénR,1860,3,https://litteraturbanken.se/författare/Carl%C3%A9nR
magnet,CederbergB,1880,3,https://litteraturbanken.se/författare/CederbergB
magnet,CederbladA,1890,1,https://litteraturbanken.se/författare/CederbladA
magnet,CederborgCA,1890,1,https://litteraturbanken.se/författare/CederborgCA
magnet,CederborghF,1830,1,https://litteraturbanken.se/författare/CederborghF
magnet,CederborghF,1880,1,https://litteraturbanken.se/författare/CederborghF
magnet,CelsiusOäldre,1900,1,https://litteraturbanken.se/författare/CelsiusO%C3%A4ldre
magnet,ChydeniusK,1860,1,https://litteraturbanken.se/författare/ChydeniusK
magnet,CramærM,1880,1,https://litteraturbanken.se/författare/Cram%C3%A6rM
magnet,CrusenstolpeMJ,1840,3,https://litteraturbanken.se/författare/CrusenstolpeMJ
magnet,DahlgrenCF,1830,2,https://litteraturbanken.se/författare/DahlgrenCF
magnet,DahlgrenL,1900,1,https://litteraturbanken.se/författare/DahlgrenL
magnet,DouglassF,1890,1,https://litteraturbanken.se/författare/DouglassF
magnet,DunckelD,1840,1,https://litteraturbanken.se/författare/DunckelD
magnet,EbersteinCC,1850,2,https://litteraturbanken.se/författare/EbersteinCC
magnet,EdelfeltJC,1830,1,https://litteraturbanken.se/författare/EdelfeltJC
magnet,EhrnroothA,1880,1,https://litteraturbanken.se/författare/EhrnroothA
magnet,EichhornC,1870,1,https://litteraturbanken.se/författare/EichhornC
magnet,EkelundV,1910,1,https://litteraturbanken.se/författare/EkelundV
magnet,EkelundV,1920,1,https://litteraturbanken.se/författare/EkelundV
magnet,EkelundV,1930,1,https://litteraturbanken.se/författare/EkelundV
magnet,EkelundV,1940,2,https://litteraturbanken.se/författare/EkelundV
magnet,EkmarckCE,1830,1,https://litteraturbanken.se/författare/EkmarckCE
magnet,ElgenstiernaG,1920,1,https://litteraturbanken.se/författare/ElgenstiernaG
magnet,ErikssonEG,1880,1,https://litteraturbanken.se/författare/ErikssonEG
magnet,FalkH,1890,1,https://litteraturbanken.se/författare/FalkH
magnet,FeilitzenU,1870,1,https://litteraturbanken.se/författare/FeilitzenU
magnet,FeukCGT,1890,1,https://litteraturbanken.se/författare/FeukCGT
magnet,FlygareCarlénE,1840,7,https://litteraturbanken.se/författare/FlygareCarl%C3%A9nE
magnet,FlygareCarlénE,1860,1,https://litteraturbanken.se/författare/FlygareCarl%C3%A9nE
magnet,FlygareCarlénE,1880,5,https://litteraturbanken.se/författare/FlygareCarl%C3%A9nE
magnet,FornellBE,1840,1,https://litteraturbanken.se/författare/FornellBE
magnet,FornellBE,1850,1,https://litteraturbanken.se/författare/FornellBE
magnet,ForssmanE,1880,1,https://litteraturbanken.se/författare/ForssmanE
magnet,ForssmanE,1890,3,https://litteraturbanken.se/författare/ForssmanE
magnet,FrankS,1890,1,https://litteraturbanken.se/författare/FrankS
magnet,FranzénFM,1830,3,https://litteraturbanken.se/författare/Franz%C3%A9nFM
magnet,FranzénFM,1850,5,https://litteraturbanken.se/författare/Franz%C3%A9nFM
magnet,FrickMeijerAL,1880,1,https://litteraturbanken.se/författare/FrickMeijerAL
magnet,FrykholmS,1890,1,https://litteraturbanken.se/författare/FrykholmS
magnet,FuruhjelmM,1870,1,https://litteraturbanken.se/författare/FuruhjelmM
magnet,GeijerEG,1840,1,https://litteraturbanken.se/författare/GeijerEG
magnet,GernandtClaineJ,1890,1,https://litteraturbanken.se/författare/GernandtClaineJ
magnet,GoetheJW,1900,1,https://litteraturbanken.se/författare/GoetheJW
magnet,GoveniusLJ,1850,1,https://litteraturbanken.se/författare/GoveniusLJ
magnet,GoveniusLJ,1860,2,https://litteraturbanken.se/författare/GoveniusLJ
magnet,GoveniusLJ,1880,1,https://litteraturbanken.se/författare/GoveniusLJ
magnet,GoveniusLJ,1890,1,https://litteraturbanken.se/författare/GoveniusLJ
magnet,GranathW,1890,5,https://litteraturbanken.se/författare/GranathW
magnet,GravalliusW,1860,2,https://litteraturbanken.se/författare/GravalliusW
magnet,GripenbergA,1870,1,https://litteraturbanken.se/författare/GripenbergA
magnet,GråberghO,1860,1,https://litteraturbanken.se/författare/Gr%C3%A5berghO
magnet,GustafssonR,1870,1,https://litteraturbanken.se/författare/GustafssonR
magnet,GötbergR,1860,1,https://litteraturbanken.se/författare/G%C3%B6tbergR
magnet,HagbergCA,1830,1,https://litteraturbanken.se/författare/HagbergCA
magnet,HallenborgC,1890,2,https://litteraturbanken.se/författare/HallenborgC
magnet,HanssonO,1880,1,https://litteraturbanken.se/författare/HanssonO
magnet,HanssonO,1890,4,https://litteraturbanken.se/författare/HanssonO
magnet,HanssonO,1910,3,https://litteraturbanken.se/författare/HanssonO
magnet,HarrisonMSLK,1900,1,https://litteraturbanken.se/författare/HarrisonMSLK
magnet,HebbeW,1840,1,https://litteraturbanken.se/författare/HebbeW
magnet,HedbergF,1880,1,https://litteraturbanken.se/författare/HedbergF
magnet,HedbornS,1830,1,https://litteraturbanken.se/författare/HedbornS
magnet,HellbergJC,1860,1,https://litteraturbanken.se/författare/HellbergJC
magnet,HertzbergR,1880,1,https://litteraturbanken.se/författare/HertzbergR
magnet,HertzbergR,1890,1,https://litteraturbanken.se/författare/HertzbergR
magnet,HoffmannF,1870,1,https://litteraturbanken.se/författare/HoffmannF
magnet,HülphersAA,1880,1,https://litteraturbanken.se/författare/H%C3%BClphersAA
magnet,IdstromE,1890,1,https://litteraturbanken.se/författare/IdstromE
magnet,IngeliusAG,1850,1,https://litteraturbanken.se/författare/IngeliusAG
magnet,IngelmanGG,1830,6,https://litteraturbanken.se/författare/IngelmanGG
magnet,IngelmanGG,1840,5,https://litteraturbanken.se/författare/IngelmanGG
magnet,JamesD,1880,1,https://litteraturbanken.se/författare/JamesD
magnet,JansonB,1890,5,https://litteraturbanken.se/författare/JansonB
magnet,JansonB,1900,1,https://litteraturbanken.se/författare/JansonB
magnet,JohansonK,1940,1,https://litteraturbanken.se/författare/JohansonK
magnet,JohanssonJ,1900,1,https://litteraturbanken.se/författare/JohanssonJ
magnet,JohnsonJ,1890,1,https://litteraturbanken.se/författare/JohnsonJ
magnet,JolinE,1910,2,https://litteraturbanken.se/författare/JolinE
magnet,JolinJ,1890,1,https://litteraturbanken.se/författare/JolinJ
magnet,JonssonT,1940,2,https://litteraturbanken.se/författare/JonssonT
magnet,JosephsonL,1890,1,https://litteraturbanken.se/författare/JosephsonL
magnet,JouvinM,1890,1,https://litteraturbanken.se/författare/JouvinM
magnet,KarlXV,1860,1,https://litteraturbanken.se/författare/KarlXV
magnet,KeyE,1900,1,https://litteraturbanken.se/författare/KeyE
magnet,Kiellman-GöransonJA,1840,3,https://litteraturbanken.se/författare/Kiellman-G%C3%B6ransonJA
magnet,Kiellman-GöransonJA,1850,1,https://litteraturbanken.se/författare/Kiellman-G%C3%B6ransonJA
magnet,Kiellman-GöransonJA,1860,6,https://litteraturbanken.se/författare/Kiellman-G%C3%B6ransonJA
magnet,KjellbergI,1860,1,https://litteraturbanken.se/författare/KjellbergI
magnet,KjellenbergM,1830,4,https://litteraturbanken.se/författare/KjellenbergM
magnet,KnorringS,1830,3,https://litteraturbanken.se/författare/KnorringS
magnet,KnorringS,1840,1,https://litteraturbanken.se/författare/KnorringS
magnet,KochR,1890,1,https://litteraturbanken.se/författare/KochR
magnet,KreügerE,1880,1,https://litteraturbanken.se/författare/Kre%C3%BCgerE
magnet,KrokJP,1830,3,https://litteraturbanken.se/författare/KrokJP
magnet,KrookMax,1880,3,https://litteraturbanken.se/författare/KrookMax
magnet,KrusenstjernaA,1920,2,https://litteraturbanken.se/författare/KrusenstjernaA
magnet,KræmerARvon,1850,1,https://litteraturbanken.se/författare/Kr%C3%A6merARvon
magnet,KræmerARvon,1860,1,https://litteraturbanken.se/författare/Kr%C3%A6merARvon
magnet,KræmerL,1880,2,https://litteraturbanken.se/författare/Kr%C3%A6merL
magnet,KullbergKA,1830,3,https://litteraturbanken.se/författare/KullbergKA
magnet,KullbergKA,1840,1,https://litteraturbanken.se/författare/KullbergKA
magnet,KämpeA,1910,1,https://litteraturbanken.se/författare/K%C3%A4mpeA
magnet,LagerlöfS,1930,1,https://litteraturbanken.se/författare/Lagerl%C3%B6fS
magnet,LallerstedtA,1740,2,https://litteraturbanken.se/författare/LallerstedtA
magnet,LaurénLL,1880,1,https://litteraturbanken.se/författare/Laur%C3%A9nLL
magnet,LeisteniusJG,1880,1,https://litteraturbanken.se/författare/LeisteniusJG
magnet,LennstrandVE,1880,2,https://litteraturbanken.se/författare/LennstrandVE
magnet,LevertinO,1900,1,https://litteraturbanken.se/författare/LevertinO
magnet,LevinCH,1840,1,https://litteraturbanken.se/författare/LevinCH
magnet,LiljaN,1830,1,https://litteraturbanken.se/författare/LiljaN
magnet,LimborgO,1880,1,https://litteraturbanken.se/författare/LimborgO
magnet,LinckJ,1880,1,https://litteraturbanken.se/författare/LinckJ
magnet,LindbladEW,1860,1,https://litteraturbanken.se/författare/LindbladEW
magnet,LindbladJM,1840,1,https://litteraturbanken.se/författare/LindbladJM
magnet,LindholmF,1880,1,https://litteraturbanken.se/författare/LindholmF
magnet,LindholmF,1890,1,https://litteraturbanken.se/författare/LindholmF
magnet,LindhéW,1870,1,https://litteraturbanken.se/författare/Lindh%C3%A9W
magnet,LindhéW,1880,1,https://litteraturbanken.se/författare/Lindh%C3%A9W
magnet,LindkvistA,1880,1,https://litteraturbanken.se/författare/LindkvistA
magnet,LjunggrenG,1860,1,https://litteraturbanken.se/författare/LjunggrenG
magnet,LjunggrenG,1870,1,https://litteraturbanken.se/författare/LjunggrenG
magnet,LjunggrenG,1890,1,https://litteraturbanken.se/författare/LjunggrenG
magnet,LjungstedtA,1870,1,https://litteraturbanken.se/författare/LjungstedtA
magnet,LundS,1880,2,https://litteraturbanken.se/författare/LundS
magnet,LundegårdA,1890,2,https://litteraturbanken.se/författare/Lundeg%C3%A5rdA
magnet,LundquistE,1880,5,https://litteraturbanken.se/författare/LundquistE
magnet,LundquistE,1900,1,https://litteraturbanken.se/författare/LundquistE
magnet,LénströmCJ,1830,1,https://litteraturbanken.se/författare/L%C3%A9nstr%C3%B6mCJ
magnet,LénströmCJ,1840,1,https://litteraturbanken.se/författare/L%C3%A9nstr%C3%B6mCJ
magnet,LénströmCJ,1860,1,https://litteraturbanken.se/författare/L%C3%A9nstr%C3%B6mCJ
magnet,LönnbergM,1870,1,https://litteraturbanken.se/författare/L%C3%B6nnbergM
magnet,MalmgrenT,1870,2,https://litteraturbanken.se/författare/MalmgrenT
magnet,MeijerB,1880,1,https://litteraturbanken.se/författare/MeijerB
magnet,MuntheA,1930,1,https://litteraturbanken.se/författare/MuntheA
magnet,MörnerB,1890,1,https://litteraturbanken.se/författare/M%C3%B6rnerB
magnet,NervanderJJ,1850,2,https://litteraturbanken.se/författare/NervanderJJ
magnet,NicanderKA,1830,1,https://litteraturbanken.se/författare/NicanderKA
magnet,NilssonA,1910,3,https://litteraturbanken.se/författare/NilssonA
magnet,NilssonE,1860,1,https://litteraturbanken.se/författare/NilssonE
magnet,NordenskiöldAE,1880,2,https://litteraturbanken.se/författare/Nordenski%C3%B6ldAE
magnet,NordensvanG,1880,6,https://litteraturbanken.se/författare/NordensvanG
magnet,NordensvanG,1890,1,https://litteraturbanken.se/författare/NordensvanG
magnet,NordinJ,2020,1,https://litteraturbanken.se/författare/NordinJ
magnet,NordströmEB,1910,1,https://litteraturbanken.se/författare/Nordstr%C3%B6mEB
magnet,NordströmEB,1930,1,https://litteraturbanken.se/författare/Nordstr%C3%B6mEB
magnet,NorlinM,1880,1,https://litteraturbanken.se/författare/NorlinM
magnet,NybergJC,1830,1,https://litteraturbanken.se/författare/NybergJC
magnet,NybergJC,1840,1,https://litteraturbanken.se/författare/NybergJC
magnet,NyblomCR,1870,1,https://litteraturbanken.se/författare/NyblomCR
magnet,OlssonJohannes,1890,1,https://litteraturbanken.se/författare/OlssonJohannes
magnet,OlánO,1890,1,https://litteraturbanken.se/författare/Ol%C3%A1nO
magnet,Ovidius,1820,1,https://litteraturbanken.se/författare/Ovidius
magnet,OxenstiernaMGL,1890,1,https://litteraturbanken.se/författare/OxenstiernaMGL
magnet,PalmbladVF,1840,3,https://litteraturbanken.se/författare/PalmbladVF
magnet,PeterssonT,1880,1,https://litteraturbanken.se/författare/PeterssonT
magnet,PhilipssonJ,1850,1,https://litteraturbanken.se/författare/PhilipssonJ
magnet,QvantenE,1840,1,https://litteraturbanken.se/författare/QvantenE
magnet,RandelRA,1910,1,https://litteraturbanken.se/författare/RandelRA
magnet,ReenstiernaMH,1950,1,https://litteraturbanken.se/författare/ReenstiernaMH
magnet,RidderstadCF,1850,1,https://litteraturbanken.se/författare/RidderstadCF
magnet,RidderstadCF,1880,1,https://litteraturbanken.se/författare/RidderstadCF
magnet,RoseniusJ,1890,1,https://litteraturbanken.se/författare/RoseniusJ
magnet,RosénJM,1840,1,https://litteraturbanken.se/författare/Ros%C3%A9nJM
magnet,RothSO,1880,1,https://litteraturbanken.se/författare/RothSO
magnet,RuinH,1930,1,https://litteraturbanken.se/författare/RuinH
magnet,RunebergJL,1870,2,https://litteraturbanken.se/författare/RunebergJL
magnet,RybergK,1870,1,https://litteraturbanken.se/författare/RybergK
magnet,RydbergCH,1860,1,https://litteraturbanken.se/författare/RydbergCH
magnet,RydbergV,1850,1,https://litteraturbanken.se/författare/RydbergV
magnet,RydbergV,1870,2,https://litteraturbanken.se/författare/RydbergV
magnet,SamzeliusH,1890,1,https://litteraturbanken.se/författare/SamzeliusH
magnet,SandbergA,1890,1,https://litteraturbanken.se/författare/SandbergA
magnet,SandbergS,1860,1,https://litteraturbanken.se/författare/SandbergS
magnet,SchenfeltI,1870,1,https://litteraturbanken.se/författare/SchenfeltI
magnet,SchenfeltI,1880,2,https://litteraturbanken.se/författare/SchenfeltI
magnet,SchwartzMS,1850,6,https://litteraturbanken.se/författare/SchwartzMS
magnet,SchwartzMS,1860,6,https://litteraturbanken.se/författare/SchwartzMS
magnet,SchwartzMS,1870,2,https://litteraturbanken.se/författare/SchwartzMS
magnet,SchwartzMS,1910,1,https://litteraturbanken.se/författare/SchwartzMS
magnet,SchöldströmB,1870,1,https://litteraturbanken.se/författare/Sch%C3%B6ldstr%C3%B6mB
magnet,SchöldströmB,1880,1,https://litteraturbanken.se/författare/Sch%C3%B6ldstr%C3%B6mB
magnet,SchöldströmB,1890,1,https://litteraturbanken.se/författare/Sch%C3%B6ldstr%C3%B6mB
magnet,SchönAugust,1890,1,https://litteraturbanken.se/författare/Sch%C3%B6nAugust
magnet,SegerstedtA,1880,1,https://litteraturbanken.se/författare/SegerstedtA
magnet,SegerstedtTorgny,1940,1,https://litteraturbanken.se/författare/SegerstedtTorgny
magnet,SernerG,1910,1,https://litteraturbanken.se/författare/SernerG
magnet,SernerG,1930,1,https://litteraturbanken.se/författare/SernerG
magnet,SilfverstopleGL,1850,2,https://litteraturbanken.se/författare/SilfverstopleGL
magnet,SjöbergB,1920,2,https://litteraturbanken.se/författare/Sj%C3%B6bergB
magnet,SjöbergED,1840,1,https://litteraturbanken.se/författare/Sj%C3%B6bergED
magnet,SkarstedtCW,1880,1,https://litteraturbanken.se/författare/SkarstedtCW
magnet,SparreP,1830,1,https://litteraturbanken.se/författare/SparreP
magnet,SparreP,1840,1,https://litteraturbanken.se/författare/SparreP
magnet,SparreP,1850,1,https://litteraturbanken.se/författare/SparreP
magnet,SparreP,1870,2,https://litteraturbanken.se/författare/SparreP
magnet,StackelbergO,1870,2,https://litteraturbanken.se/författare/StackelbergO
magnet,StackelbergO,1890,2,https://litteraturbanken.se/författare/StackelbergO
magnet,StarbäckCG,1850,2,https://litteraturbanken.se/författare/Starb%C3%A4ckCG
magnet,StiernhielmG,1870,1,https://litteraturbanken.se/författare/StiernhielmG
magnet,StjernstolpeJM,1820,2,https://litteraturbanken.se/författare/StjernstolpeJM
magnet,StjernströmL,1890,3,https://litteraturbanken.se/författare/Stjernstr%C3%B6mL
magnet,StrindbergA,1890,1,https://litteraturbanken.se/författare/StrindbergA
magnet,StrussenfeltU,1850,8,https://litteraturbanken.se/författare/StrussenfeltU
magnet,StrussenfeltU,1860,1,https://litteraturbanken.se/författare/StrussenfeltU
magnet,StrömF,1920,1,https://litteraturbanken.se/författare/Str%C3%B6mF
magnet,StrömbergBJGL,1850,1,https://litteraturbanken.se/författare/Str%C3%B6mbergBJGL
magnet,Sturzen-BeckerOP,1840,1,https://litteraturbanken.se/författare/Sturzen-BeckerOP
magnet,StålbergW,1830,1,https://litteraturbanken.se/författare/St%C3%A5lbergW
magnet,StålbergW,1850,1,https://litteraturbanken.se/författare/St%C3%A5lbergW
magnet,StålbergW,1860,1,https://litteraturbanken.se/författare/St%C3%A5lbergW
magnet,SundbladJ,1890,1,https://litteraturbanken.se/författare/SundbladJ
magnet,SundlerA,1880,2,https://litteraturbanken.se/författare/SundlerA
magnet,SvanlundYF,1890,2,https://litteraturbanken.se/författare/SvanlundYF
magnet,SvartengrenJ,1840,2,https://litteraturbanken.se/författare/SvartengrenJ
magnet,SvensonA,1890,1,https://litteraturbanken.se/författare/SvensonA
magnet,SätherbergH,1860,1,https://litteraturbanken.se/författare/S%C3%A4therbergH
magnet,SöderbergH,1900,1,https://litteraturbanken.se/författare/S%C3%B6derbergH
magnet,SöderhjelmW,1900,2,https://litteraturbanken.se/författare/S%C3%B6derhjelmW
magnet,SörmanP,1930,1,https://litteraturbanken.se/författare/S%C3%B6rmanP
magnet,Tankebyggarorden,1750,1,https://litteraturbanken.se/författare/Tankebyggarorden
magnet,TavaststjernaK,1890,1,https://litteraturbanken.se/författare/TavaststjernaK
magnet,TersmedenC,1910,1,https://litteraturbanken.se/författare/TersmedenC
magnet,TersmedenM,1870,2,https://litteraturbanken.se/författare/TersmedenM
magnet,ThomassonN,1890,1,https://litteraturbanken.se/författare/ThomassonN
magnet,ThomassonP,1830,2,https://litteraturbanken.se/författare/ThomassonP
magnet,TibellCC,1850,1,https://litteraturbanken.se/författare/TibellCC
magnet,TrolleH,1870,3,https://litteraturbanken.se/författare/TrolleH
magnet,TrolleH,1880,1,https://litteraturbanken.se/författare/TrolleH
magnet,UtterströmOP,1870,1,https://litteraturbanken.se/författare/Utterstr%C3%B6mOP
magnet,VinellS,1880,1,https://litteraturbanken.se/författare/VinellS
magnet,VirginAG,1860,1,https://litteraturbanken.se/författare/VirginAG
magnet,WahlenbergA,1890,1,https://litteraturbanken.se/författare/WahlenbergA
magnet,WallmoU,1900,1,https://litteraturbanken.se/författare/WallmoU
magnet,WernbergHj,1890,3,https://litteraturbanken.se/författare/WernbergHj
magnet,WesterstrandA,1880,2,https://litteraturbanken.se/författare/WesterstrandA
magnet,WestholmE,1850,1,https://litteraturbanken.se/författare/WestholmE
magnet,WetterberghCA,1840,3,https://litteraturbanken.se/författare/WetterberghCA
magnet,WetterberghCA,1860,1,https://litteraturbanken.se/författare/WetterberghCA
magnet,WetterberghCA,1880,1,https://litteraturbanken.se/författare/WetterberghCA
magnet,WettergrundJ,1860,1,https://litteraturbanken.se/författare/WettergrundJ
magnet,WettergrundJ,1880,3,https://litteraturbanken.se/författare/WettergrundJ
magnet,WetterstedtNJ,1830,1,https://litteraturbanken.se/författare/WetterstedtNJ
magnet,WhitlockA,1880,1,https://litteraturbanken.se/författare/WhitlockA
magnet,WickströmVH,1890,1,https://litteraturbanken.se/författare/Wickstr%C3%B6mVH
magnet,WigströmE,1870,1,https://litteraturbanken.se/författare/Wigstr%C3%B6mE
magnet,WigströmE,1890,3,https://litteraturbanken.se/författare/Wigstr%C3%B6mE
magnet,WijkanderO,1880,1,https://litteraturbanken.se/författare/WijkanderO
magnet,WinterR,1890,1,https://litteraturbanken.se/författare/WinterR
magnet,WittO,1910,50,https://litteraturbanken.se/författare/WittO
magnet,WranérH,1890,1,https://litteraturbanken.se/författare/Wran%C3%A9rH
magnet,WägnerE,1920,1,https://litteraturbanken.se/författare/W%C3%A4gnerE
magnet,WägnerE,1940,1,https://litteraturbanken.se/författare/W%C3%A4gnerE
magnet,WåhlstrandK,1880,1,https://litteraturbanken.se/författare/W%C3%A5hlstrandK
magnet,ZetheliusI,1890,1,https://litteraturbanken.se/författare/ZetheliusI
magnetisera,AgrellA,1880,1,https://litteraturbanken.se/författare/AgrellA
magnetisera,AgrellA,1890,1,https://litteraturbanken.se/författare/AgrellA
magnetisera,AgrellA,1910,1,https://litteraturbanken.se/författare/AgrellA
magnetisera,AlmqvistCJL,1830,1,https://litteraturbanken.se/författare/AlmqvistCJL
magnetisera,AméenE,1890,1,https://litteraturbanken.se/författare/Am%C3%A9enE
magnetisera,Anonym,1860,9,https://litteraturbanken.se/författare/Anonym
magnetisera,Anonym,1890,1,https://litteraturbanken.se/författare/Anonym
magnetisera,BacklundG,1880,4,https://litteraturbanken.se/författare/BacklundG
magnetisera,BergerH,1900,1,https://litteraturbanken.se/författare/BergerH
magnetisera,BerghR,1900,1,https://litteraturbanken.se/författare/BerghR
magnetisera,BerglundV,1850,1,https://litteraturbanken.se/författare/BerglundV
magnetisera,BergmanHj,1920,1,https://litteraturbanken.se/författare/BergmanHj
magnetisera,BruzeliusJ,1870,1,https://litteraturbanken.se/författare/BruzeliusJ
magnetisera,BruzeliusJ,1880,1,https://litteraturbanken.se/författare/BruzeliusJ
magnetisera,CarlénR,1860,1,https://litteraturbanken.se/författare/Carl%C3%A9nR
magnetisera,DahlM,1890,1,https://litteraturbanken.se/författare/DahlM
magnetisera,FlygareCarlénE,1840,1,https://litteraturbanken.se/författare/FlygareCarl%C3%A9nE
magnetisera,FlygareCarlénE,1850,1,https://litteraturbanken.se/författare/FlygareCarl%C3%A9nE
magnetisera,FlygareE,1850,1,https://litteraturbanken.se/författare/FlygareE
magnetisera,FogelholmA,1890,1,https://litteraturbanken.se/författare/FogelholmA
magnetisera,FornellBE,1840,3,https://litteraturbanken.se/författare/FornellBE
magnetisera,ForssmanE,1890,1,https://litteraturbanken.se/författare/ForssmanE
magnetisera,GernandtClaineJ,1890,1,https://litteraturbanken.se/författare/GernandtClaineJ
magnetisera,GoveniusLJ,1880,1,https://litteraturbanken.se/författare/GoveniusLJ
magnetisera,GranathW,1890,3,https://litteraturbanken.se/författare/GranathW
magnetisera,GyllenhaalA,1880,1,https://litteraturbanken.se/författare/GyllenhaalA
magnetisera,HanssonO,1910,1,https://litteraturbanken.se/författare/HanssonO
magnetisera,HebbeW,1840,1,https://litteraturbanken.se/författare/HebbeW
magnetisera,HedbergF,1890,2,https://litteraturbanken.se/författare/HedbergF
magnetisera,HultOW,1880,1,https://litteraturbanken.se/författare/HultOW
magnetisera,HwasserI,1850,2,https://litteraturbanken.se/författare/HwasserI
magnetisera,JohnsonJ,1890,5,https://litteraturbanken.se/författare/JohnsonJ
magnetisera,JolinE,1910,1,https://litteraturbanken.se/författare/JolinE
magnetisera,JolinJ,1890,2,https://litteraturbanken.se/författare/JolinJ
magnetisera,KeyE,1890,1,https://litteraturbanken.se/författare/KeyE
magnetisera,LandquistE,1910,1,https://litteraturbanken.se/författare/LandquistE
magnetisera,LangeI,1880,1,https://litteraturbanken.se/författare/LangeI
magnetisera,LefflerAC,1890,1,https://litteraturbanken.se/författare/LefflerAC
magnetisera,LevertinO,1880,2,https://litteraturbanken.se/författare/LevertinO
magnetisera,LindbergOE,1890,1,https://litteraturbanken.se/författare/LindbergOE
magnetisera,LinderM,1860,1,https://litteraturbanken.se/författare/LinderM
magnetisera,LindhéW,1890,1,https://litteraturbanken.se/författare/Lindh%C3%A9W
magnetisera,LjunggrenG,1870,2,https://litteraturbanken.se/författare/LjunggrenG
magnetisera,LjunggrenG,1890,1,https://litteraturbanken.se/författare/LjunggrenG
magnetisera,LjungstedtA,1870,2,https://litteraturbanken.se/författare/LjungstedtA
magnetisera,LundquistE,1880,1,https://litteraturbanken.se/författare/LundquistE
magnetisera,LundquistE,1890,1,https://litteraturbanken.se/författare/LundquistE
magnetisera,LönnbergM,1870,1,https://litteraturbanken.se/författare/L%C3%B6nnbergM
magnetisera,MeyerPJ,1850,3,https://litteraturbanken.se/författare/MeyerPJ
magnetisera,MortensenJ,1910,2,https://litteraturbanken.se/författare/MortensenJ
magnetisera,NordströmL,1930,1,https://litteraturbanken.se/författare/Nordstr%C3%B6mL
magnetisera,RidderstadCF,1850,1,https://litteraturbanken.se/författare/RidderstadCF
magnetisera,RidderstadCF,1880,1,https://litteraturbanken.se/författare/RidderstadCF
magnetisera,SchwartzMS,1850,1,https://litteraturbanken.se/författare/SchwartzMS
magnetisera,SchwartzMS,1860,10,https://litteraturbanken.se/författare/SchwartzMS
magnetisera,SeelhorstB,1890,1,https://litteraturbanken.se/författare/SeelhorstB
magnetisera,SefbomA,1870,1,https://litteraturbanken.se/författare/SefbomA
magnetisera,SilfverstolpeM,1910,1,https://litteraturbanken.se/författare/SilfverstolpeM
magnetisera,StengårdP,1860,1,https://litteraturbanken.se/författare/Steng%C3%A5rdP
magnetisera,StjernstolpeJM,1820,1,https://litteraturbanken.se/författare/StjernstolpeJM
magnetisera,StokerB,1900,1,https://litteraturbanken.se/författare/StokerB
magnetisera,StrindbergA,1880,1,https://litteraturbanken.se/författare/StrindbergA
magnetisera,StrindbergA,1890,1,https://litteraturbanken.se/författare/StrindbergA
magnetisera,StrussenfeltU,1850,2,https://litteraturbanken.se/författare/StrussenfeltU
magnetisera,Sturzen-BeckerOP,1840,1,https://litteraturbanken.se/författare/Sturzen-BeckerOP
magnetisera,SvedeliusWE,1870,1,https://litteraturbanken.se/författare/SvedeliusWE
magnetisera,SätherbergH,1880,4,https://litteraturbanken.se/författare/S%C3%A4therbergH
magnetisera,ThomassonN,1890,1,https://litteraturbanken.se/författare/ThomassonN
magnetisera,ThomassonP,1850,1,https://litteraturbanken.se/författare/ThomassonP
magnetisera,TrolleH,1870,1,https://litteraturbanken.se/författare/TrolleH
magnetisera,TörnerO,1880,1,https://litteraturbanken.se/författare/T%C3%B6rnerO
magnetisera,WallensteenN,1900,2,https://litteraturbanken.se/författare/WallensteenN
magnetisera,WernbergHj,1890,1,https://litteraturbanken.se/författare/WernbergHj
magnetisera,WidmarkPF,1850,1,https://litteraturbanken.se/författare/WidmarkPF
magnetisera,WigströmE,1870,1,https://litteraturbanken.se/författare/Wigstr%C3%B6mE
magnetisera,WittO,1910,3,https://litteraturbanken.se/författare/WittO
magnetisera,WranérH,1890,2,https://litteraturbanken.se/författare/Wran%C3%A9rH
magnetisera,ÖbergLT,1850,1,https://litteraturbanken.se/författare/%C3%96bergLT
magnetisera,ÖdmannJM,1880,1,https://litteraturbanken.se/författare/%C3%96dmannJM
magnetisera,ÖdmannJM,1900,1,https://litteraturbanken.se/författare/%C3%96dmannJM
magnetism,AhlbomM,1860,3,https://litteraturbanken.se/författare/AhlbomM
magnetism,AhrenbergJ,1890,1,https://litteraturbanken.se/författare/AhrenbergJ
magnetism,AlmqvistCJL,1830,2,https://litteraturbanken.se/författare/AlmqvistCJL
magnetism,AlmqvistCJL,1840,1,https://litteraturbanken.se/författare/AlmqvistCJL
magnetism,Anonym,1850,1,https://litteraturbanken.se/författare/Anonym
magnetism,Anonym,1860,2,https://litteraturbanken.se/författare/Anonym
magnetism,Anonym,1870,1,https://litteraturbanken.se/författare/Anonym
magnetism,Anonym,1880,1,https://litteraturbanken.se/författare/Anonym
magnetism,Anonym,1890,1,https://litteraturbanken.se/författare/Anonym
magnetism,AtterbomPDA,1840,8,https://litteraturbanken.se/författare/AtterbomPDA
magnetism,AtterbomPDA,1850,3,https://litteraturbanken.se/författare/AtterbomPDA
magnetism,BaggerAA,1890,1,https://litteraturbanken.se/författare/BaggerAA
magnetism,BerghR,1900,9,https://litteraturbanken.se/författare/BerghR
magnetism,BergmanHj,1910,1,https://litteraturbanken.se/författare/BergmanHj
magnetism,BlomL,1890,1,https://litteraturbanken.se/författare/BlomL
magnetism,BohmanJG,1880,1,https://litteraturbanken.se/författare/BohmanJG
magnetism,BollstenJC,1840,2,https://litteraturbanken.se/författare/BollstenJC
magnetism,BremerF,1850,3,https://litteraturbanken.se/författare/BremerF
magnetism,BruzeliusJ,1870,6,https://litteraturbanken.se/författare/BruzeliusJ
magnetism,CarlénR,1860,1,https://litteraturbanken.se/författare/Carl%C3%A9nR
magnetism,CramærM,1840,1,https://litteraturbanken.se/författare/Cram%C3%A6rM
magnetism,DarwinC,1870,3,https://litteraturbanken.se/författare/DarwinC
magnetism,DeGeerL,1890,1,https://litteraturbanken.se/författare/DeGeerL
magnetism,ElgenstiernaG,1920,1,https://litteraturbanken.se/författare/ElgenstiernaG
magnetism,ElgenstiernaG,1930,1,https://litteraturbanken.se/författare/ElgenstiernaG
magnetism,FallströmD,1880,1,https://litteraturbanken.se/författare/Fallstr%C3%B6mD
magnetism,FlodmanA,1870,1,https://litteraturbanken.se/författare/FlodmanA
magnetism,FlygareCarlénE,1840,1,https://litteraturbanken.se/författare/FlygareCarl%C3%A9nE
magnetism,FlygareCarlénE,1850,1,https://litteraturbanken.se/författare/FlygareCarl%C3%A9nE
magnetism,FlygareCarlénE,1860,3,https://litteraturbanken.se/författare/FlygareCarl%C3%A9nE
magnetism,FlygareCarlénE,1870,1,https://litteraturbanken.se/författare/FlygareCarl%C3%A9nE
magnetism,FlygareCarlénE,1880,1,https://litteraturbanken.se/författare/FlygareCarl%C3%A9nE
magnetism,FornellBE,1840,7,https://litteraturbanken.se/författare/FornellBE
magnetism,GeijerEG,1850,3,https://litteraturbanken.se/författare/GeijerEG
magnetism,GoveniusLJ,1880,1,https://litteraturbanken.se/författare/GoveniusLJ
magnetism,GrönstedtJ,1890,1,https://litteraturbanken.se/författare/Gr%C3%B6nstedtJ
magnetism,HagbergCA,1830,1,https://litteraturbanken.se/författare/HagbergCA
magnetism,HagströmT,1960,8,https://litteraturbanken.se/författare/Hagstr%C3%B6mT
magnetism,HallmanA,1860,1,https://litteraturbanken.se/författare/HallmanA
magnetism,HedenstiernaA,1880,1,https://litteraturbanken.se/författare/HedenstiernaA
magnetism,HedenstiernaA,1890,4,https://litteraturbanken.se/författare/HedenstiernaA
magnetism,HussE,1870,1,https://litteraturbanken.se/författare/HussE
magnetism,HvalgrenE,1880,1,https://litteraturbanken.se/författare/HvalgrenE
magnetism,HwasserI,1850,8,https://litteraturbanken.se/författare/HwasserI
magnetism,IngeliusAG,1850,1,https://litteraturbanken.se/författare/IngeliusAG
magnetism,JohansonK,1940,1,https://litteraturbanken.se/författare/JohansonK
magnetism,JolinJ,1870,1,https://litteraturbanken.se/författare/JolinJ
magnetism,JolinJ,1890,2,https://litteraturbanken.se/författare/JolinJ
magnetism,Kiellman-GöransonJA,1840,1,https://litteraturbanken.se/författare/Kiellman-G%C3%B6ransonJA
magnetism,KleenT,1900,1,https://litteraturbanken.se/författare/KleenT
magnetism,KrokJP,1830,1,https://litteraturbanken.se/författare/KrokJP
magnetism,KrookNathalia,1890,1,https://litteraturbanken.se/författare/KrookNathalia
magnetism,KræmerARvon,1850,3,https://litteraturbanken.se/författare/Kr%C3%A6merARvon
magnetism,LindhéW,1880,1,https://litteraturbanken.se/författare/Lindh%C3%A9W
magnetism,LindqvistUL,1840,1,https://litteraturbanken.se/författare/LindqvistUL
magnetism,LingPH,1860,8,https://litteraturbanken.se/författare/LingPH
magnetism,LjunggrenG,1870,10,https://litteraturbanken.se/författare/LjunggrenG
magnetism,LjunggrenG,1890,6,https://litteraturbanken.se/författare/LjunggrenG
magnetism,LjungstedtA,1870,5,https://litteraturbanken.se/författare/LjungstedtA
magnetism,LloydL,1870,1,https://litteraturbanken.se/författare/LloydL
magnetism,LundS,1880,3,https://litteraturbanken.se/författare/LundS
magnetism,LundquistE,1880,3,https://litteraturbanken.se/författare/LundquistE
magnetism,LundstedtB,1890,1,https://litteraturbanken.se/författare/LundstedtB
magnetism,LundstedtB,1900,3,https://litteraturbanken.se/författare/LundstedtB
magnetism,LundströmG,1880,1,https://litteraturbanken.se/författare/Lundstr%C3%B6mG
magnetism,LénströmCJ,1860,1,https://litteraturbanken.se/författare/L%C3%A9nstr%C3%B6mCJ
magnetism,MeyerG,1870,1,https://litteraturbanken.se/författare/MeyerG
magnetism,MeyerPJ,1850,1,https://litteraturbanken.se/författare/MeyerPJ
magnetism,MortensenJ,1910,2,https://litteraturbanken.se/författare/MortensenJ
magnetism,NervanderJJ,1850,1,https://litteraturbanken.se/författare/NervanderJJ
magnetism,NorströmV,1900,1,https://litteraturbanken.se/författare/Norstr%C3%B6mV
magnetism,PhilipssonJ,1850,1,https://litteraturbanken.se/författare/PhilipssonJ
magnetism,RuinH,1940,1,https://litteraturbanken.se/författare/RuinH
magnetism,RådbergF,1840,1,https://litteraturbanken.se/författare/R%C3%A5dbergF
magnetism,SamzeliusH,1890,1,https://litteraturbanken.se/författare/SamzeliusH
magnetism,SandbergA,1910,1,https://litteraturbanken.se/författare/SandbergA
magnetism,SantessonF,1880,2,https://litteraturbanken.se/författare/SantessonF
magnetism,SchwartzMS,1850,2,https://litteraturbanken.se/författare/SchwartzMS
magnetism,SchwartzMS,1860,50,https://litteraturbanken.se/författare/SchwartzMS
magnetism,SchéeleG,1880,5,https://litteraturbanken.se/författare/Sch%C3%A9eleG
magnetism,SefbomA,1870,1,https://litteraturbanken.se/författare/SefbomA
magnetism,SilfverstolpeM,1910,2,https://litteraturbanken.se/författare/SilfverstolpeM
magnetism,SilfverstopleGL,1850,1,https://litteraturbanken.se/författare/SilfverstopleGL
magnetism,StengårdP,1860,4,https://litteraturbanken.se/författare/Steng%C3%A5rdP
magnetism,StenhammarJA,1810,1,https://litteraturbanken.se/författare/StenhammarJA
magnetism,StrindbergA,1880,1,https://litteraturbanken.se/författare/StrindbergA
magnetism,StrindbergA,1890,1,https://litteraturbanken.se/författare/StrindbergA
magnetism,StrussenfeltU,1850,1,https://litteraturbanken.se/författare/StrussenfeltU
magnetism,Sturzen-BeckerOP,1860,1,https://litteraturbanken.se/författare/Sturzen-BeckerOP
magnetism,SundmanG,1890,1,https://litteraturbanken.se/författare/SundmanG
magnetism,SvedeliusWE,1870,1,https://litteraturbanken.se/författare/SvedeliusWE
magnetism,TavaststjernaK,1890,4,https://litteraturbanken.se/författare/TavaststjernaK
magnetism,ThomassonN,1890,1,https://litteraturbanken.se/författare/ThomassonN
magnetism,TibellCC,1870,1,https://litteraturbanken.se/författare/TibellCC
magnetism,TopeliusZ,1870,1,https://litteraturbanken.se/författare/TopeliusZ
magnetism,TopeliusZ,1880,1,https://litteraturbanken.se/författare/TopeliusZ
magnetism,TorénRW,1880,1,https://litteraturbanken.se/författare/Tor%C3%A9nRW
magnetism,TrolleH,1870,6,https://litteraturbanken.se/författare/TrolleH
magnetism,TörnerO,1880,6,https://litteraturbanken.se/författare/T%C3%B6rnerO
magnetism,UddgrenG,1900,1,https://litteraturbanken.se/författare/UddgrenG
magnetism,WahlenbergA,1880,4,https://litteraturbanken.se/författare/WahlenbergA
magnetism,WetterberghCA,1850,1,https://litteraturbanken.se/författare/WetterberghCA
magnetism,WetterberghCA,1860,1,https://litteraturbanken.se/författare/WetterberghCA
magnetism,WetterberghCA,1880,1,https://litteraturbanken.se/författare/WetterberghCA
magnetism,WigströmE,1870,1,https://litteraturbanken.se/författare/Wigstr%C3%B6mE
magnetism,WiknerP,1860,1,https://litteraturbanken.se/författare/WiknerP
magnetism,WittO,1910,62,https://litteraturbanken.se/författare/WittO
magnetism,WägnerE,1930,2,https://litteraturbanken.se/författare/W%C3%A4gnerE
magnetism,ÖbergLT,1850,1,https://litteraturbanken.se/författare/%C3%96bergLT
magnetism,ÖdmannJM,1880,2,https://litteraturbanken.se/författare/%C3%96dmannJM
nerv,AberstenS,1910,1,https://litteraturbanken.se/författare/AberstenS
nerv,AfzeliusAJ,1850,3,https://litteraturbanken.se/författare/AfzeliusAJ
nerv,AgardhCA,1830,1,https://litteraturbanken.se/författare/AgardhCA
nerv,AgrellA,1880,4,https://litteraturbanken.se/författare/AgrellA
nerv,AgrellA,1890,2,https://litteraturbanken.se/författare/AgrellA
nerv,AgrellA,1900,7,https://litteraturbanken.se/författare/AgrellA
nerv,AgrellA,1910,2,https://litteraturbanken.se/författare/AgrellA
nerv,AhlbomM,1860,8,https://litteraturbanken.se/författare/AhlbomM
nerv,AhrenbergJ,1880,3,https://litteraturbanken.se/författare/AhrenbergJ
nerv,AhrenbergJ,1890,15,https://litteraturbanken.se/författare/AhrenbergJ
nerv,AlcottLM,1870,11,https://litteraturbanken.se/författare/AlcottLM
nerv,AlfredsonC,2010,1,https://litteraturbanken.se/författare/AlfredsonC
nerv,AlfthanGE,1880,2,https://litteraturbanken.se/författare/AlfthanGE
nerv,AlfthanJ,1870,3,https://litteraturbanken.se/författare/AlfthanJ
nerv,AlmkvistJA,1870,1,https://litteraturbanken.se/författare/AlmkvistJA
nerv,AlmquistV,1880,1,https://litteraturbanken.se/författare/AlmquistV
nerv,AlmqvistCJL,1810,1,https://litteraturbanken.se/författare/AlmqvistCJL
nerv,AlmqvistCJL,1830,14,https://litteraturbanken.se/författare/AlmqvistCJL
nerv,AlmqvistCJL,1840,11,https://litteraturbanken.se/författare/AlmqvistCJL
nerv,AlmqvistCJL,1870,3,https://litteraturbanken.se/författare/AlmqvistCJL
nerv,AlténVA,1830,1,https://litteraturbanken.se/författare/Alt%C3%A9nVA
nerv,AméenE,1880,2,https://litteraturbanken.se/författare/Am%C3%A9enE
nerv,AméenE,1890,2,https://litteraturbanken.se/författare/Am%C3%A9enE
nerv,AndersL,1890,1,https://litteraturbanken.se/författare/AndersL
nerv,AndersonA,1860,3,https://litteraturbanken.se/författare/AndersonA
nerv,AnderssonAn,1880,1,https://litteraturbanken.se/författare/AnderssonAn
nerv,AnderssonD,1910,4,https://litteraturbanken.se/författare/AnderssonD
nerv,AnderssonD,1920,5,https://litteraturbanken.se/författare/AnderssonD
nerv,AnderssonHilding,1900,1,https://litteraturbanken.se/författare/AnderssonHilding
nerv,AndrénO,1890,7,https://litteraturbanken.se/författare/Andr%C3%A9nO
nerv,AngeredStrandbergH,1880,2,https://litteraturbanken.se/författare/AngeredStrandbergH
nerv,AngeredStrandbergH,1890,12,https://litteraturbanken.se/författare/AngeredStrandbergH
nerv,AngeredStrandbergH,1900,6,https://litteraturbanken.se/författare/AngeredStrandbergH
nerv,AngeredStrandbergH,1910,6,https://litteraturbanken.se/författare/AngeredStrandbergH
nerv,AnholmM,1890,1,https://litteraturbanken.se/författare/AnholmM
nerv,Anonym,1830,2,https://litteraturbanken.se/författare/Anonym
nerv,Anonym,1840,2,https://litteraturbanken.se/författare/Anonym
nerv,Anonym,1850,1,https://litteraturbanken.se/författare/Anonym
nerv,Anonym,1860,6,https://litteraturbanken.se/författare/Anonym
nerv,Anonym,1870,16,https://litteraturbanken.se/författare/Anonym
nerv,Anonym,1880,10,https://litteraturbanken.se/författare/Anonym
nerv,Anonym,1890,28,https://litteraturbanken.se/författare/Anonym
nerv,Anonym,1940,1,https://litteraturbanken.se/författare/Anonym
nerv,ArfwedsonCD,1870,1,https://litteraturbanken.se/författare/ArfwedsonCD
nerv,ArfwidssonA,1880,4,https://litteraturbanken.se/författare/ArfwidssonA
nerv,AroseniusFR,1860,1,https://litteraturbanken.se/författare/AroseniusFR
nerv,AtterbomPDA,1830,3,https://litteraturbanken.se/författare/AtterbomPDA
nerv,AtterbomPDA,1840,4,https://litteraturbanken.se/författare/AtterbomPDA
nerv,AtterbomPDA,1850,1,https://litteraturbanken.se/författare/AtterbomPDA
nerv,AtterbomPDA,1910,1,https://litteraturbanken.se/författare/AtterbomPDA
nerv,AvellanH,1840,1,https://litteraturbanken.se/författare/AvellanH
nerv,BaggeP,1880,4,https://litteraturbanken.se/författare/BaggeP
nerv,BeckmanS,1880,2,https://litteraturbanken.se/författare/BeckmanS
nerv,BenedictssonV,1880,18,https://litteraturbanken.se/författare/BenedictssonV
nerv,BenedictssonV,1890,6,https://litteraturbanken.se/författare/BenedictssonV
nerv,BenzonK,1900,7,https://litteraturbanken.se/författare/BenzonK
nerv,BergAH,1880,2,https://litteraturbanken.se/författare/BergAH
nerv,BergCO,1880,3,https://litteraturbanken.se/författare/BergCO
nerv,BergCO,1890,3,https://litteraturbanken.se/författare/BergCO
nerv,BergD,1910,3,https://litteraturbanken.se/författare/BergD
nerv,BergD,1930,6,https://litteraturbanken.se/författare/BergD
nerv,BergJA,1860,1,https://litteraturbanken.se/författare/BergJA
nerv,BergerH,1900,5,https://litteraturbanken.se/författare/BergerH
nerv,BergerH,1910,12,https://litteraturbanken.se/författare/BergerH
nerv,BerghR,1900,4,https://litteraturbanken.se/författare/BerghR
nerv,BergmanCJ,1880,1,https://litteraturbanken.se/författare/BergmanCJ
nerv,BergmanD,1890,1,https://litteraturbanken.se/författare/BergmanD
nerv,BergmanHj,1910,9,https://litteraturbanken.se/författare/BergmanHj
nerv,BergmanHj,1920,15,https://litteraturbanken.se/författare/BergmanHj
nerv,BergmanHj,1930,8,https://litteraturbanken.se/författare/BergmanHj
nerv,BergmanJM,1870,4,https://litteraturbanken.se/författare/BergmanJM
nerv,BergstedtAEM,1860,2,https://litteraturbanken.se/författare/BergstedtAEM
nerv,BergströmR,1880,2,https://litteraturbanken.se/författare/Bergstr%C3%B6mR
nerv,BergsøeV,1870,1,https://litteraturbanken.se/författare/Bergs%C3%B8eV
nerv,BerndtsonF,1850,3,https://litteraturbanken.se/författare/BerndtsonF
nerv,BeskowBvon,1870,1,https://litteraturbanken.se/författare/BeskowBvon
nerv,BeskowCA,1880,2,https://litteraturbanken.se/författare/BeskowCA
nerv,BeskowElisabeth,1890,1,https://litteraturbanken.se/författare/BeskowElisabeth
nerv,BeskowElisabeth,1920,2,https://litteraturbanken.se/författare/BeskowElisabeth
nerv,BjarkeFC,1890,3,https://litteraturbanken.se/författare/BjarkeFC
nerv,BjurstenH,1840,3,https://litteraturbanken.se/författare/BjurstenH
nerv,BjurstenH,1850,10,https://litteraturbanken.se/författare/BjurstenH
nerv,BjurstenH,1860,2,https://litteraturbanken.se/författare/BjurstenH
nerv,BjurströmG,1880,1,https://litteraturbanken.se/författare/Bjurstr%C3%B6mG
nerv,BjurströmPG,1890,2,https://litteraturbanken.se/författare/Bjurstr%C3%B6mPG
nerv,BjörckT,1850,1,https://litteraturbanken.se/författare/Bj%C3%B6rckT
nerv,BjörkmanCG,1880,5,https://litteraturbanken.se/författare/Bj%C3%B6rkmanCG
nerv,BjörlinG,1890,2,https://litteraturbanken.se/författare/Bj%C3%B6rlinG
nerv,BjörlinG,1900,5,https://litteraturbanken.se/författare/Bj%C3%B6rlinG
nerv,BjörlingF,1870,1,https://litteraturbanken.se/författare/Bj%C3%B6rlingF
nerv,BjörlingF,1880,10,https://litteraturbanken.se/författare/Bj%C3%B6rlingF
nerv,BlancheA,1840,1,https://litteraturbanken.se/författare/BlancheA
nerv,BlancheA,1850,1,https://litteraturbanken.se/författare/BlancheA
nerv,BlomL,1890,2,https://litteraturbanken.se/författare/BlomL
nerv,BlombergH,1920,5,https://litteraturbanken.se/författare/BlombergH
nerv,BobergC,1890,1,https://litteraturbanken.se/författare/BobergC
nerv,BohmeJ,1920,1,https://litteraturbanken.se/författare/BohmeJ
nerv,BoismanAW,1890,2,https://litteraturbanken.se/författare/BoismanAW
nerv,BolanderS,1850,4,https://litteraturbanken.se/författare/BolanderS
nerv,BolanderS,1860,9,https://litteraturbanken.se/författare/BolanderS
nerv,BondeK,1880,1,https://litteraturbanken.se/författare/BondeK
nerv,BoyeK,1920,1,https://litteraturbanken.se/författare/BoyeK
nerv,BoyeK,1930,13,https://litteraturbanken.se/författare/BoyeK
nerv,BoyeK,1940,8,https://litteraturbanken.se/författare/BoyeK
nerv,BrantingA,1890,11,https://litteraturbanken.se/författare/BrantingA
nerv,BrantingA,1900,5,https://litteraturbanken.se/författare/BrantingA
nerv,BrantingA,1910,5,https://litteraturbanken.se/författare/BrantingA
nerv,BrantingA,1930,1,https://litteraturbanken.se/författare/BrantingA
nerv,BraunWvon,1850,3,https://litteraturbanken.se/författare/BraunWvon
nerv,BraunerhjelmA,1880,2,https://litteraturbanken.se/författare/BraunerhjelmA
nerv,BraunerhjelmA,1900,2,https://litteraturbanken.se/författare/BraunerhjelmA
nerv,BremerF,1820,1,https://litteraturbanken.se/författare/BremerF
nerv,BremerF,1850,4,https://litteraturbanken.se/författare/BremerF
nerv,BremerF,1910,1,https://litteraturbanken.se/författare/BremerF
nerv,BronteC,1850,31,https://litteraturbanken.se/författare/BronteC
nerv,BruhnJN,1850,1,https://litteraturbanken.se/författare/BruhnJN
nerv,BruniusL,1840,5,https://litteraturbanken.se/författare/BruniusL
nerv,BruniusL,1850,2,https://litteraturbanken.se/författare/BruniusL
nerv,BruniusL,1870,1,https://litteraturbanken.se/författare/BruniusL
nerv,BruzeliusJ,1870,12,https://litteraturbanken.se/författare/BruzeliusJ
nerv,BruzeliusJ,1880,5,https://litteraturbanken.se/författare/BruzeliusJ
nerv,BurnettFH,1880,1,https://litteraturbanken.se/författare/BurnettFH
nerv,BuschO,1910,1,https://litteraturbanken.se/författare/BuschO
nerv,BäckmannI,1900,5,https://litteraturbanken.se/författare/B%C3%A4ckmannI
nerv,BäckmannI,1910,7,https://litteraturbanken.se/författare/B%C3%A4ckmannI
nerv,BäckmannI,1920,2,https://litteraturbanken.se/författare/B%C3%A4ckmannI
nerv,BäckmannI,1930,5,https://litteraturbanken.se/författare/B%C3%A4ckmannI
nerv,BäckmannI,1940,8,https://litteraturbanken.se/författare/B%C3%A4ckmannI
nerv,BäckströmPO,1840,1,https://litteraturbanken.se/författare/B%C3%A4ckstr%C3%B6mPO
nerv,Bååth-HolmbergC,1890,3,https://litteraturbanken.se/författare/B%C3%A5%C3%A5th-HolmbergC
nerv,CarlbergF,1910,1,https://litteraturbanken.se/författare/CarlbergF
nerv,CarlströmFA,1890,1,https://litteraturbanken.se/författare/Carlstr%C3%B6mFA
nerv,CarlénR,1860,3,https://litteraturbanken.se/författare/Carl%C3%A9nR
nerv,CarlénR,1870,3,https://litteraturbanken.se/författare/Carl%C3%A9nR
nerv,CavallinC,1890,2,https://litteraturbanken.se/författare/CavallinC
nerv,CederbergB,1880,2,https://litteraturbanken.se/författare/CederbergB
nerv,CederborgCA,1890,1,https://litteraturbanken.se/författare/CederborgCA
nerv,CleveAlma,1890,1,https://litteraturbanken.se/författare/CleveAlma
nerv,CramærM,1880,1,https://litteraturbanken.se/författare/Cram%C3%A6rM
nerv,CronholmB,1850,2,https://litteraturbanken.se/författare/CronholmB
nerv,CrusenstolpeMJ,1840,3,https://litteraturbanken.se/författare/CrusenstolpeMJ
nerv,CygnæusF,1850,3,https://litteraturbanken.se/författare/Cygn%C3%A6usF
nerv,DahlM,1890,3,https://litteraturbanken.se/författare/DahlM
nerv,DahlgrenCF,1830,1,https://litteraturbanken.se/författare/DahlgrenCF
nerv,DahlgrenL,1900,1,https://litteraturbanken.se/författare/DahlgrenL
nerv,DammAJN,1870,1,https://litteraturbanken.se/författare/DammAJN
nerv,DammJ,1870,3,https://litteraturbanken.se/författare/DammJ
nerv,DanielssonAx,1880,2,https://litteraturbanken.se/författare/DanielssonAx
nerv,DanielssonJ,1890,1,https://litteraturbanken.se/författare/DanielssonJ
nerv,DarwinC,1870,12,https://litteraturbanken.se/författare/DarwinC
nerv,DeGeerL,1840,1,https://litteraturbanken.se/författare/DeGeerL
nerv,DouglassF,1890,5,https://litteraturbanken.se/författare/DouglassF
nerv,DouglassF,1900,5,https://litteraturbanken.se/författare/DouglassF
nerv,DoyleAC,1890,13,https://litteraturbanken.se/författare/DoyleAC
nerv,DoyleAC,1910,8,https://litteraturbanken.se/författare/DoyleAC
nerv,DrummondH,1890,1,https://litteraturbanken.se/författare/DrummondH
nerv,DunckelD,1840,5,https://litteraturbanken.se/författare/DunckelD
nerv,DuseSA,1910,5,https://litteraturbanken.se/författare/DuseSA
nerv,EbersteinCC,1850,2,https://litteraturbanken.se/författare/EbersteinCC
nerv,EdgrenHj,1890,2,https://litteraturbanken.se/författare/EdgrenHj
nerv,EdwardsA,1870,1,https://litteraturbanken.se/författare/EdwardsA
nerv,EhrenborgAF,1840,1,https://litteraturbanken.se/författare/EhrenborgAF
nerv,EhrenborgPosseB,1870,1,https://litteraturbanken.se/författare/EhrenborgPosseB
nerv,EhrnroothA,1860,1,https://litteraturbanken.se/författare/EhrnroothA
nerv,EhrnroothA,1870,2,https://litteraturbanken.se/författare/EhrnroothA
nerv,EhrnroothA,1880,2,https://litteraturbanken.se/författare/EhrnroothA
nerv,EhrnroothA,1890,1,https://litteraturbanken.se/författare/EhrnroothA
nerv,EichhornC,1870,1,https://litteraturbanken.se/författare/EichhornC
nerv,EjsermanJS,1840,1,https://litteraturbanken.se/författare/EjsermanJS
nerv,EkK,1910,3,https://litteraturbanken.se/författare/EkK
nerv,EkbohrnCM,1860,2,https://litteraturbanken.se/författare/EkbohrnCM
nerv,EkebladKJ,1870,1,https://litteraturbanken.se/författare/EkebladKJ
nerv,EkelundV,1900,12,https://litteraturbanken.se/författare/EkelundV
nerv,EkelundV,1910,12,https://litteraturbanken.se/författare/EkelundV
nerv,EkelundV,1920,10,https://litteraturbanken.se/författare/EkelundV
nerv,EkelundV,1930,20,https://litteraturbanken.se/författare/EkelundV
nerv,EkelundV,1940,6,https://litteraturbanken.se/författare/EkelundV
nerv,EkermannA,1880,3,https://litteraturbanken.se/författare/EkermannA
nerv,EkerotHj,1890,2,https://litteraturbanken.se/författare/EkerotHj
nerv,EklundRR,1910,1,https://litteraturbanken.se/författare/EklundRR
nerv,EkmanE,1890,2,https://litteraturbanken.se/författare/EkmanE
nerv,EkmanL,1910,1,https://litteraturbanken.se/författare/EkmanL
nerv,EkmarckCE,1830,1,https://litteraturbanken.se/författare/EkmarckCE
nerv,EkströmCO,1870,4,https://litteraturbanken.se/författare/Ekstr%C3%B6mCO
nerv,ElgenstiernaG,1930,2,https://litteraturbanken.se/författare/ElgenstiernaG
nerv,ElgströmO,1920,5,https://litteraturbanken.se/författare/Elgstr%C3%B6mO
nerv,ElkanS,1880,28,https://litteraturbanken.se/författare/ElkanS
nerv,ElkanS,1890,10,https://litteraturbanken.se/författare/ElkanS
nerv,ElkanS,1900,4,https://litteraturbanken.se/författare/ElkanS
nerv,ElkanS,1910,4,https://litteraturbanken.se/författare/ElkanS
nerv,ElmbladS,1890,4,https://litteraturbanken.se/författare/ElmbladS
nerv,EmanuelssonV,1890,2,https://litteraturbanken.se/författare/EmanuelssonV
nerv,EnanderJA,1890,1,https://litteraturbanken.se/författare/EnanderJA
nerv,EnerothC,1880,13,https://litteraturbanken.se/författare/EnerothC
nerv,EnerothC,1890,11,https://litteraturbanken.se/författare/EnerothC
nerv,EnerothC,1900,1,https://litteraturbanken.se/författare/EnerothC
nerv,EngdahlA,1910,1,https://litteraturbanken.se/författare/EngdahlA
nerv,EngströmA,1900,2,https://litteraturbanken.se/författare/Engstr%C3%B6mA
nerv,EngströmA,1910,1,https://litteraturbanken.se/författare/Engstr%C3%B6mA
nerv,EngströmA,1920,2,https://litteraturbanken.se/författare/Engstr%C3%B6mA
nerv,EsselinH,1880,1,https://litteraturbanken.se/författare/EsselinH
nerv,EssenJA,1840,2,https://litteraturbanken.se/författare/EssenJA
nerv,EversE,1880,1,https://litteraturbanken.se/författare/EversE
nerv,FahlstedtA,1890,4,https://litteraturbanken.se/författare/FahlstedtA
nerv,FalkH,1890,1,https://litteraturbanken.se/författare/FalkH
nerv,FalkH,1900,1,https://litteraturbanken.se/författare/FalkH
nerv,FallströmD,1880,2,https://litteraturbanken.se/författare/Fallstr%C3%B6mD
nerv,FitinghoffL,1880,1,https://litteraturbanken.se/författare/FitinghoffL
nerv,FitinghoffL,1890,2,https://litteraturbanken.se/författare/FitinghoffL
nerv,FitinghoffL,1900,1,https://litteraturbanken.se/författare/FitinghoffL
nerv,FitinghoffL,1910,5,https://litteraturbanken.se/författare/FitinghoffL
nerv,FitzgeraldFS,1940,1,https://litteraturbanken.se/författare/FitzgeraldFS
nerv,FlodmanA,1860,1,https://litteraturbanken.se/författare/FlodmanA
nerv,FlodmanA,1870,4,https://litteraturbanken.se/författare/FlodmanA
nerv,FlygareCarlénE,1840,54,https://litteraturbanken.se/författare/FlygareCarl%C3%A9nE
nerv,FlygareCarlénE,1850,23,https://litteraturbanken.se/författare/FlygareCarl%C3%A9nE
nerv,FlygareCarlénE,1860,38,https://litteraturbanken.se/författare/FlygareCarl%C3%A9nE
nerv,FlygareCarlénE,1870,11,https://litteraturbanken.se/författare/FlygareCarl%C3%A9nE
nerv,FlygareCarlénE,1880,17,https://litteraturbanken.se/författare/FlygareCarl%C3%A9nE
nerv,FlygareE,1850,1,https://litteraturbanken.se/författare/FlygareE
nerv,FlygareE,1860,1,https://litteraturbanken.se/författare/FlygareE
nerv,FornellBE,1840,6,https://litteraturbanken.se/författare/FornellBE
nerv,FornellBE,1850,3,https://litteraturbanken.se/författare/FornellBE
nerv,ForssmanE,1890,18,https://litteraturbanken.se/författare/ForssmanE
nerv,ForssmanE,1900,1,https://litteraturbanken.se/författare/ForssmanE
nerv,FrankS,1890,3,https://litteraturbanken.se/författare/FrankS
nerv,FranzénFM,1830,4,https://litteraturbanken.se/författare/Franz%C3%A9nFM
nerv,FredbergCRA,1910,1,https://litteraturbanken.se/författare/FredbergCRA
nerv,FredinE,1880,1,https://litteraturbanken.se/författare/FredinE
nerv,FrickMeijerAL,1880,1,https://litteraturbanken.se/författare/FrickMeijerAL
nerv,FrimanJC,1860,1,https://litteraturbanken.se/författare/FrimanJC
nerv,FrykholmS,1890,3,https://litteraturbanken.se/författare/FrykholmS
nerv,FryxellO,1830,1,https://litteraturbanken.se/författare/FryxellO
nerv,FrödingG,1890,3,https://litteraturbanken.se/författare/Fr%C3%B6dingG
nerv,FuruhjelmM,1870,6,https://litteraturbanken.se/författare/FuruhjelmM
nerv,FuruhjelmM,1890,1,https://litteraturbanken.se/författare/FuruhjelmM
nerv,FåhræusK,1890,1,https://litteraturbanken.se/författare/F%C3%A5hr%C3%A6usK
nerv,GadeliusB,1900,4,https://litteraturbanken.se/författare/GadeliusB
nerv,GadeliusB,1910,3,https://litteraturbanken.se/författare/GadeliusB
nerv,GeijerstamG,1880,14,https://litteraturbanken.se/författare/GeijerstamG
nerv,GeijerstamG,1890,39,https://litteraturbanken.se/författare/GeijerstamG
nerv,GeijerstamG,1900,2,https://litteraturbanken.se/författare/GeijerstamG
nerv,GernandtClaineJ,1890,2,https://litteraturbanken.se/författare/GernandtClaineJ
nerv,GestrinM,1860,2,https://litteraturbanken.se/författare/GestrinM
nerv,GiertzT,1890,1,https://litteraturbanken.se/författare/GiertzT
nerv,GoveniusLJ,1860,3,https://litteraturbanken.se/författare/GoveniusLJ
nerv,GoveniusLJ,1870,7,https://litteraturbanken.se/författare/GoveniusLJ
nerv,GoveniusLJ,1880,9,https://litteraturbanken.se/författare/GoveniusLJ
nerv,GranathW,1890,21,https://litteraturbanken.se/författare/GranathW
nerv,GravalliusW,1860,3,https://litteraturbanken.se/författare/GravalliusW
nerv,GravalliusW,1880,1,https://litteraturbanken.se/författare/GravalliusW
nerv,GravalliusW,1890,1,https://litteraturbanken.se/författare/GravalliusW
nerv,GrebstWA,1910,2,https://litteraturbanken.se/författare/GrebstWA
nerv,GripenbergA,1870,1,https://litteraturbanken.se/författare/GripenbergA
nerv,GripenbergA,1880,2,https://litteraturbanken.se/författare/GripenbergA
nerv,GrönstedtJ,1890,1,https://litteraturbanken.se/författare/Gr%C3%B6nstedtJ
nerv,GullbergG,1880,1,https://litteraturbanken.se/författare/GullbergG
nerv,GullbergG,1890,2,https://litteraturbanken.se/författare/GullbergG
nerv,GustafssonR,1880,1,https://litteraturbanken.se/författare/GustafssonR
nerv,GyllenhaalA,1880,7,https://litteraturbanken.se/författare/GyllenhaalA
nerv,GérardJII,1870,1,https://litteraturbanken.se/författare/G%C3%A9rardJII
nerv,GötbergR,1860,1,https://litteraturbanken.se/författare/G%C3%B6tbergR
nerv,HackzellE,1840,1,https://litteraturbanken.se/författare/HackzellE
nerv,HackzellE,1860,1,https://litteraturbanken.se/författare/HackzellE
nerv,HagbergCA,1830,1,https://litteraturbanken.se/författare/HagbergCA
nerv,HahnC,1890,1,https://litteraturbanken.se/författare/HahnC
nerv,HallenborgC,1890,2,https://litteraturbanken.se/författare/HallenborgC
nerv,HallmanA,1860,1,https://litteraturbanken.se/författare/HallmanA
nerv,HallonlöfA,1880,1,https://litteraturbanken.se/författare/Hallonl%C3%B6fA
nerv,HallénB,1890,1,https://litteraturbanken.se/författare/Hall%C3%A9nB
nerv,HammargrenT,1890,1,https://litteraturbanken.se/författare/HammargrenT
nerv,HanselliP,1860,1,https://litteraturbanken.se/författare/HanselliP
nerv,HanssonO,1880,6,https://litteraturbanken.se/författare/HanssonO
nerv,HanssonO,1890,38,https://litteraturbanken.se/författare/HanssonO
nerv,HanssonO,1900,8,https://litteraturbanken.se/författare/HanssonO
nerv,HanssonO,1910,7,https://litteraturbanken.se/författare/HanssonO
nerv,HansénM,1880,1,https://litteraturbanken.se/författare/Hans%C3%A9nM
nerv,HarrisonMSLK,1900,12,https://litteraturbanken.se/författare/HarrisonMSLK
nerv,HarteliusTJ,1890,1,https://litteraturbanken.se/författare/HarteliusTJ
nerv,HasselskogN,1930,2,https://litteraturbanken.se/författare/HasselskogN
nerv,HebbeW,1870,1,https://litteraturbanken.se/författare/HebbeW
nerv,HedbergF,1870,7,https://litteraturbanken.se/författare/HedbergF
nerv,HedbergF,1880,4,https://litteraturbanken.se/författare/HedbergF
nerv,HedbergF,1890,9,https://litteraturbanken.se/författare/HedbergF
nerv,HedbergT,1880,2,https://litteraturbanken.se/författare/HedbergT
nerv,HedbergT,1890,3,https://litteraturbanken.se/författare/HedbergT
nerv,HedenstiernaA,1880,6,https://litteraturbanken.se/författare/HedenstiernaA
nerv,HedenstiernaA,1890,13,https://litteraturbanken.se/författare/HedenstiernaA
nerv,HedenstiernaA,1900,10,https://litteraturbanken.se/författare/HedenstiernaA
nerv,HedinS,1910,3,https://litteraturbanken.se/författare/HedinS
nerv,HedvallY,1910,1,https://litteraturbanken.se/författare/HedvallY
nerv,HedvallY,1920,1,https://litteraturbanken.se/författare/HedvallY
nerv,HedvallY,1930,9,https://litteraturbanken.se/författare/HedvallY
nerv,HedvallY,1940,1,https://litteraturbanken.se/författare/HedvallY
nerv,HeidenstamV,1880,1,https://litteraturbanken.se/författare/HeidenstamV
nerv,HeidenstamV,1900,2,https://litteraturbanken.se/författare/HeidenstamV
nerv,HelvigA,1910,1,https://litteraturbanken.se/författare/HelvigA
nerv,HemmerJ,1910,4,https://litteraturbanken.se/författare/HemmerJ
nerv,HertzbergR,1880,3,https://litteraturbanken.se/författare/HertzbergR
nerv,HjelmR,1890,5,https://litteraturbanken.se/författare/HjelmR
nerv,HjohlmanHj,1880,1,https://litteraturbanken.se/författare/HjohlmanHj
nerv,HjorthE,1890,2,https://litteraturbanken.se/författare/HjorthE
nerv,HjärneR,1880,1,https://litteraturbanken.se/författare/Hj%C3%A4rneR
nerv,HofstenJC,1860,2,https://litteraturbanken.se/författare/HofstenJC
nerv,HofstenJC,1870,1,https://litteraturbanken.se/författare/HofstenJC
nerv,HofstenJC,1890,2,https://litteraturbanken.se/författare/HofstenJC
nerv,HolmgrenAM,1890,7,https://litteraturbanken.se/författare/HolmgrenAM
nerv,HumbleJ,1870,1,https://litteraturbanken.se/författare/HumbleJ
nerv,HydénN,1890,13,https://litteraturbanken.se/författare/Hyd%C3%A9nN
nerv,HydénN,1900,5,https://litteraturbanken.se/författare/Hyd%C3%A9nN
nerv,HässlerO,1880,7,https://litteraturbanken.se/författare/H%C3%A4sslerO
nerv,HäthénJA,1890,5,https://litteraturbanken.se/författare/H%C3%A4th%C3%A9nJA
nerv,HöggrenF,1840,1,https://litteraturbanken.se/författare/H%C3%B6ggrenF
nerv,HöglundHj,1900,1,https://litteraturbanken.se/författare/H%C3%B6glundHj
nerv,HögmanA,1890,3,https://litteraturbanken.se/författare/H%C3%B6gmanA
nerv,IdstromE,1890,10,https://litteraturbanken.se/författare/IdstromE
nerv,IngeliusAG,1850,5,https://litteraturbanken.se/författare/IngeliusAG
nerv,IngelmanGG,1840,1,https://litteraturbanken.se/författare/IngelmanGG
nerv,JacobssonCF,1830,1,https://litteraturbanken.se/författare/JacobssonCF
nerv,JahnssonEF,1870,1,https://litteraturbanken.se/författare/JahnssonEF
nerv,JahnssonEF,1880,1,https://litteraturbanken.se/författare/JahnssonEF
nerv,JamesD,1880,1,https://litteraturbanken.se/författare/JamesD
nerv,JansonB,1890,6,https://litteraturbanken.se/författare/JansonB
nerv,JansonB,1900,1,https://litteraturbanken.se/författare/JansonB
nerv,JansonG,1890,4,https://litteraturbanken.se/författare/JansonG
nerv,JohansonK,1900,3,https://litteraturbanken.se/författare/JohansonK
nerv,JohansonK,1940,9,https://litteraturbanken.se/författare/JohansonK
nerv,JohanssonDickensSJJ,1870,1,https://litteraturbanken.se/författare/JohanssonDickensSJJ
nerv,JohanssonStrickert,1870,1,https://litteraturbanken.se/författare/JohanssonStrickert
nerv,JohnsonJ,1880,1,https://litteraturbanken.se/författare/JohnsonJ
nerv,JohnsonJ,1890,5,https://litteraturbanken.se/författare/JohnsonJ
nerv,JohnsonJ,1900,2,https://litteraturbanken.se/författare/JohnsonJ
nerv,JohnssonH,1910,1,https://litteraturbanken.se/författare/JohnssonH
nerv,JolinE,1910,3,https://litteraturbanken.se/författare/JolinE
nerv,JolinJ,1860,5,https://litteraturbanken.se/författare/JolinJ
nerv,JolinJ,1870,9,https://litteraturbanken.se/författare/JolinJ
nerv,JolinJ,1880,4,https://litteraturbanken.se/författare/JolinJ
nerv,JolinJ,1890,5,https://litteraturbanken.se/författare/JolinJ
nerv,JolinJ,1920,2,https://litteraturbanken.se/författare/JolinJ
nerv,JonssonT,1950,1,https://litteraturbanken.se/författare/JonssonT
nerv,JosephsonE,1880,1,https://litteraturbanken.se/författare/JosephsonE
nerv,JosephsonL,1870,1,https://litteraturbanken.se/författare/JosephsonL
nerv,JosephsonL,1890,3,https://litteraturbanken.se/författare/JosephsonL
nerv,JouvinM,1890,6,https://litteraturbanken.se/författare/JouvinM
nerv,JunghansS,1870,3,https://litteraturbanken.se/författare/JunghansS
nerv,JuringiusSM,1860,2,https://litteraturbanken.se/författare/JuringiusSM
nerv,JäderinA,1890,1,https://litteraturbanken.se/författare/J%C3%A4derinA
nerv,JändelR,1920,5,https://litteraturbanken.se/författare/J%C3%A4ndelR
nerv,JändelR,1930,1,https://litteraturbanken.se/författare/J%C3%A4ndelR
nerv,JärtaH,1890,1,https://litteraturbanken.se/författare/J%C3%A4rtaH
nerv,JænischA,1890,1,https://litteraturbanken.se/författare/J%C3%A6nischA
nerv,KaradjaM,1900,1,https://litteraturbanken.se/författare/KaradjaM
nerv,KarlfeldtEA,1920,1,https://litteraturbanken.se/författare/KarlfeldtEA
nerv,KellmodinF,1860,2,https://litteraturbanken.se/författare/KellmodinF
nerv,KellmodinF,1870,2,https://litteraturbanken.se/författare/KellmodinF
nerv,KerfstedtA,1880,2,https://litteraturbanken.se/författare/KerfstedtA
nerv,KerfstedtA,1890,4,https://litteraturbanken.se/författare/KerfstedtA
nerv,KerfstedtA,1900,1,https://litteraturbanken.se/författare/KerfstedtA
nerv,KerfveA,1890,35,https://litteraturbanken.se/författare/KerfveA
nerv,KerfveA,1900,11,https://litteraturbanken.se/författare/KerfveA
nerv,KeyE,1890,6,https://litteraturbanken.se/författare/KeyE
nerv,KeyE,1900,7,https://litteraturbanken.se/författare/KeyE
nerv,KeyserHF,1850,1,https://litteraturbanken.se/författare/KeyserHF
nerv,Kiellman-GöransonJA,1830,2,https://litteraturbanken.se/författare/Kiellman-G%C3%B6ransonJA
nerv,Kiellman-GöransonJA,1840,11,https://litteraturbanken.se/författare/Kiellman-G%C3%B6ransonJA
nerv,Kiellman-GöransonJA,1850,5,https://litteraturbanken.se/författare/Kiellman-G%C3%B6ransonJA
nerv,Kiellman-GöransonJA,1860,2,https://litteraturbanken.se/författare/Kiellman-G%C3%B6ransonJA
nerv,KierkegaardS,1910,1,https://litteraturbanken.se/författare/KierkegaardS
nerv,KiplingR,1890,5,https://litteraturbanken.se/författare/KiplingR
nerv,KiplingR,1900,2,https://litteraturbanken.se/författare/KiplingR
nerv,KjellbergI,1870,1,https://litteraturbanken.se/författare/KjellbergI
nerv,KjellbergI,1890,2,https://litteraturbanken.se/författare/KjellbergI
nerv,KjellgrenJ,1930,11,https://litteraturbanken.se/författare/KjellgrenJ
nerv,KjellinMG,1880,4,https://litteraturbanken.se/författare/KjellinMG
nerv,KléenE,1890,4,https://litteraturbanken.se/författare/Kl%C3%A9enE
nerv,KléenE,1900,4,https://litteraturbanken.se/författare/Kl%C3%A9enE
nerv,KnorringS,1830,1,https://litteraturbanken.se/författare/KnorringS
nerv,KnorringS,1840,5,https://litteraturbanken.se/författare/KnorringS
nerv,KochM,1910,7,https://litteraturbanken.se/författare/KochM
nerv,KochR,1890,1,https://litteraturbanken.se/författare/KochR
nerv,KockCA,1830,1,https://litteraturbanken.se/författare/KockCA
nerv,KrokJP,1830,1,https://litteraturbanken.se/författare/KrokJP
nerv,KrookA,1880,3,https://litteraturbanken.se/författare/KrookA
nerv,KrusenstjernaA,1910,1,https://litteraturbanken.se/författare/KrusenstjernaA
nerv,KrusenstjernaA,1920,17,https://litteraturbanken.se/författare/KrusenstjernaA
nerv,KrusenstjernaA,1930,13,https://litteraturbanken.se/författare/KrusenstjernaA
nerv,KrusenstjernaF,1870,1,https://litteraturbanken.se/författare/KrusenstjernaF
nerv,KræmerL,1870,1,https://litteraturbanken.se/författare/Kr%C3%A6merL
nerv,KræmerL,1880,4,https://litteraturbanken.se/författare/Kr%C3%A6merL
nerv,KræmerL,1890,2,https://litteraturbanken.se/författare/Kr%C3%A6merL
nerv,KræmerV,1930,7,https://litteraturbanken.se/författare/Kr%C3%A6merV
nerv,KullbergKA,1830,2,https://litteraturbanken.se/författare/KullbergKA
nerv,KullbergKA,1840,7,https://litteraturbanken.se/författare/KullbergKA
nerv,KullbergKA,1870,1,https://litteraturbanken.se/författare/KullbergKA
nerv,KuylenstiernaE,1890,3,https://litteraturbanken.se/författare/KuylenstiernaE
nerv,KuylenstiernaE,1900,3,https://litteraturbanken.se/författare/KuylenstiernaE
nerv,KämpeA,1900,1,https://litteraturbanken.se/författare/K%C3%A4mpeA
nerv,KämpeA,1910,4,https://litteraturbanken.se/författare/K%C3%A4mpeA
nerv,LagerheimGA,1830,1,https://litteraturbanken.se/författare/LagerheimGA
nerv,LagerlöfS,1890,7,https://litteraturbanken.se/författare/Lagerl%C3%B6fS
nerv,LagerlöfS,1900,2,https://litteraturbanken.se/författare/Lagerl%C3%B6fS
nerv,LagerlöfS,1910,4,https://litteraturbanken.se/författare/Lagerl%C3%B6fS
nerv,LagerlöfS,1930,4,https://litteraturbanken.se/författare/Lagerl%C3%B6fS
nerv,LagerlöfS,1940,7,https://litteraturbanken.se/författare/Lagerl%C3%B6fS
nerv,LagerlöfS,2010,5,https://litteraturbanken.se/författare/Lagerl%C3%B6fS
nerv,LammGM,1890,2,https://litteraturbanken.se/författare/LammGM
nerv,LandahlM,1890,1,https://litteraturbanken.se/författare/LandahlM
nerv,LandahlM,1900,3,https://litteraturbanken.se/författare/LandahlM
nerv,LandquistE,1910,8,https://litteraturbanken.se/författare/LandquistE
nerv,LangeI,1880,1,https://litteraturbanken.se/författare/LangeI
nerv,LangletM,1890,3,https://litteraturbanken.se/författare/LangletM
nerv,LaurénLL,1890,1,https://litteraturbanken.se/författare/Laur%C3%A9nLL
nerv,LefflerAC,1880,4,https://litteraturbanken.se/författare/LefflerAC
nerv,LefflerAC,1890,1,https://litteraturbanken.se/författare/LefflerAC
nerv,LeufstedtGJ,1880,1,https://litteraturbanken.se/författare/LeufstedtGJ
nerv,LevartJ,1890,4,https://litteraturbanken.se/författare/LevartJ
nerv,LevertinO,1880,8,https://litteraturbanken.se/författare/LevertinO
nerv,LevertinO,1890,13,https://litteraturbanken.se/författare/LevertinO
nerv,LevertinO,1900,2,https://litteraturbanken.se/författare/LevertinO
nerv,LevinCH,1840,3,https://litteraturbanken.se/författare/LevinCH
nerv,LewaldA,1880,2,https://litteraturbanken.se/författare/LewaldA
nerv,LilljebjörnE,1890,2,https://litteraturbanken.se/författare/Lilljebj%C3%B6rnE
nerv,LimborgO,1880,3,https://litteraturbanken.se/författare/LimborgO
nerv,LinckEE,1870,4,https://litteraturbanken.se/författare/LinckEE
nerv,LindbeckC,1890,2,https://litteraturbanken.se/författare/LindbeckC
nerv,LindbergOE,1890,1,https://litteraturbanken.se/författare/LindbergOE
nerv,LindbergP,1920,1,https://litteraturbanken.se/författare/LindbergP
nerv,LindbergP,1940,21,https://litteraturbanken.se/författare/LindbergP
nerv,LindbladA,1890,6,https://litteraturbanken.se/författare/LindbladA
nerv,LindbladJM,1850,1,https://litteraturbanken.se/författare/LindbladJM
nerv,LindblomE,1880,2,https://litteraturbanken.se/författare/LindblomE
nerv,LinderN,1900,1,https://litteraturbanken.se/författare/LinderN
nerv,LindgrenH,1890,4,https://litteraturbanken.se/författare/LindgrenH
nerv,LindgrenI,1910,1,https://litteraturbanken.se/författare/LindgrenI
nerv,LindgrenM,1870,1,https://litteraturbanken.se/författare/LindgrenM
nerv,LindholmF,1880,2,https://litteraturbanken.se/författare/LindholmF
nerv,LindholmF,1890,1,https://litteraturbanken.se/författare/LindholmF
nerv,LindhéW,1880,2,https://litteraturbanken.se/författare/Lindh%C3%A9W
nerv,LindhéW,1890,5,https://litteraturbanken.se/författare/Lindh%C3%A9W
nerv,LindhéW,1900,3,https://litteraturbanken.se/författare/Lindh%C3%A9W
nerv,LindkvistA,1880,15,https://litteraturbanken.se/författare/LindkvistA
nerv,LindormE,1930,1,https://litteraturbanken.se/författare/LindormE
nerv,LindormE,1940,1,https://litteraturbanken.se/författare/LindormE
nerv,LindqvistG,1890,1,https://litteraturbanken.se/författare/LindqvistG
nerv,LindqvistG,1900,1,https://litteraturbanken.se/författare/LindqvistG
nerv,LindqvistJ,1870,4,https://litteraturbanken.se/författare/LindqvistJ
nerv,LindqvistJ,1880,1,https://litteraturbanken.se/författare/LindqvistJ
nerv,LindqvistM,1930,4,https://litteraturbanken.se/författare/LindqvistM
nerv,LindskougA,1880,1,https://litteraturbanken.se/författare/LindskougA
nerv,LingPH,1860,26,https://litteraturbanken.se/författare/LingPH
nerv,LinnerhielmJC,1810,1,https://litteraturbanken.se/författare/LinnerhielmJC
nerv,LjungbergE,1880,1,https://litteraturbanken.se/författare/LjungbergE
nerv,LjungbergE,1890,2,https://litteraturbanken.se/författare/LjungbergE
nerv,LjunggrenAG,1890,3,https://litteraturbanken.se/författare/LjunggrenAG
nerv,LjunggrenG,1860,1,https://litteraturbanken.se/författare/LjunggrenG
nerv,LjunggrenG,1870,3,https://litteraturbanken.se/författare/LjunggrenG
nerv,LjunggrenG,1880,1,https://litteraturbanken.se/författare/LjunggrenG
nerv,LjunggrenG,1890,5,https://litteraturbanken.se/författare/LjunggrenG
nerv,LjungstedtA,1850,1,https://litteraturbanken.se/författare/LjungstedtA
nerv,LjungstedtA,1860,5,https://litteraturbanken.se/författare/LjungstedtA
nerv,LjungstedtA,1870,27,https://litteraturbanken.se/författare/LjungstedtA
nerv,LjungstedtA,1880,2,https://litteraturbanken.se/författare/LjungstedtA
nerv,LundbergE,1880,1,https://litteraturbanken.se/författare/LundbergE
nerv,LundeblomR,1880,1,https://litteraturbanken.se/författare/LundeblomR
nerv,LundegårdA,1880,9,https://litteraturbanken.se/författare/Lundeg%C3%A5rdA
nerv,LundegårdA,1890,101,https://litteraturbanken.se/författare/Lundeg%C3%A5rdA
nerv,LundegårdA,1900,19,https://litteraturbanken.se/författare/Lundeg%C3%A5rdA
nerv,LundegårdA,1910,3,https://litteraturbanken.se/författare/Lundeg%C3%A5rdA
nerv,LundegårdA,1920,3,https://litteraturbanken.se/författare/Lundeg%C3%A5rdA
nerv,LundinA,1890,1,https://litteraturbanken.se/författare/LundinA
nerv,LundinA,1910,2,https://litteraturbanken.se/författare/LundinA
nerv,LundinC,1870,4,https://litteraturbanken.se/författare/LundinC
nerv,LundquistA,1890,14,https://litteraturbanken.se/författare/LundquistA
nerv,LundquistE,1880,13,https://litteraturbanken.se/författare/LundquistE
nerv,LundquistE,1890,7,https://litteraturbanken.se/författare/LundquistE
nerv,LundquistE,1900,1,https://litteraturbanken.se/författare/LundquistE
nerv,LundströmIngeborg,1890,1,https://litteraturbanken.se/författare/Lundstr%C3%B6mIngeborg
nerv,LundströmM,1860,9,https://litteraturbanken.se/författare/Lundstr%C3%B6mM
nerv,LunellL,1890,1,https://litteraturbanken.se/författare/LunellL
nerv,LybeckM,1890,1,https://litteraturbanken.se/författare/LybeckM
nerv,LybeckM,1900,1,https://litteraturbanken.se/författare/LybeckM
nerv,LybeckM,1910,5,https://litteraturbanken.se/författare/LybeckM
nerv,LybeckM,1920,6,https://litteraturbanken.se/författare/LybeckM
nerv,LénströmCJ,1840,2,https://litteraturbanken.se/författare/L%C3%A9nstr%C3%B6mCJ
nerv,LöfgrenE,1930,1,https://litteraturbanken.se/författare/L%C3%B6fgrenE
nerv,LöfvingC,1880,2,https://litteraturbanken.se/författare/L%C3%B6fvingC
nerv,LöhmanLV,1870,1,https://litteraturbanken.se/författare/L%C3%B6hmanLV
nerv,LönnbergM,1870,1,https://litteraturbanken.se/författare/L%C3%B6nnbergM
nerv,LönnbergM,1880,3,https://litteraturbanken.se/författare/L%C3%B6nnbergM
nerv,MallingM,1880,3,https://litteraturbanken.se/författare/MallingM
nerv,MallingM,1890,2,https://litteraturbanken.se/författare/MallingM
nerv,MalmströmBE,1830,1,https://litteraturbanken.se/författare/Malmstr%C3%B6mBE
nerv,MalmströmKR,1870,1,https://litteraturbanken.se/författare/Malmstr%C3%B6mKR
nerv,MarholmL,1890,1,https://litteraturbanken.se/författare/MarholmL
nerv,MarinOU,1840,3,https://litteraturbanken.se/författare/MarinOU
nerv,MattssonS,1900,3,https://litteraturbanken.se/författare/MattssonS
nerv,MeijerB,1880,2,https://litteraturbanken.se/författare/MeijerB
nerv,MelanderR,1880,2,https://litteraturbanken.se/författare/MelanderR
nerv,MelanderR,1890,5,https://litteraturbanken.se/författare/MelanderR
nerv,MellinGH,1830,1,https://litteraturbanken.se/författare/MellinGH
nerv,MellinGH,1840,1,https://litteraturbanken.se/författare/MellinGH
nerv,MellinGH,1870,2,https://litteraturbanken.se/författare/MellinGH
nerv,MeyerA,1880,8,https://litteraturbanken.se/författare/MeyerA
nerv,MeyerPJ,1850,2,https://litteraturbanken.se/författare/MeyerPJ
nerv,MeyersonG,1890,2,https://litteraturbanken.se/författare/MeyersonG
nerv,MichaelsonK,1890,1,https://litteraturbanken.se/författare/MichaelsonK
nerv,MichaelsonK,1900,1,https://litteraturbanken.se/författare/MichaelsonK
nerv,MilowC,1890,1,https://litteraturbanken.se/författare/MilowC
nerv,MontgomeryLM,1900,4,https://litteraturbanken.se/författare/MontgomeryLM
nerv,MontgomeryLM,1910,4,https://litteraturbanken.se/författare/MontgomeryLM
nerv,MonténRA,1880,4,https://litteraturbanken.se/författare/Mont%C3%A9nRA
nerv,MortensenJ,1900,5,https://litteraturbanken.se/författare/MortensenJ
nerv,MortensenJ,1910,2,https://litteraturbanken.se/författare/MortensenJ
nerv,MuntheA,1930,18,https://litteraturbanken.se/författare/MuntheA
nerv,MöllerV,1880,1,https://litteraturbanken.se/författare/M%C3%B6llerV
nerv,MörneA,1920,8,https://litteraturbanken.se/författare/M%C3%B6rneA
nerv,NaumannM,1880,1,https://litteraturbanken.se/författare/NaumannM
nerv,NicanderKA,1830,1,https://litteraturbanken.se/författare/NicanderKA
nerv,NicanderKA,1840,1,https://litteraturbanken.se/författare/NicanderKA
nerv,NilssonA,1910,3,https://litteraturbanken.se/författare/NilssonA
nerv,NissenC,1890,5,https://litteraturbanken.se/författare/NissenC
nerv,NonnenE,1860,2,https://litteraturbanken.se/författare/NonnenE
nerv,NonnenE,1880,3,https://litteraturbanken.se/författare/NonnenE
nerv,NordenhielmS,1900,1,https://litteraturbanken.se/författare/NordenhielmS
nerv,NordenskiöldAE,1880,1,https://litteraturbanken.se/författare/Nordenski%C3%B6ldAE
nerv,NordensvanG,1870,2,https://litteraturbanken.se/författare/NordensvanG
nerv,NordensvanG,1880,1,https://litteraturbanken.se/författare/NordensvanG
nerv,NordensvanG,1890,1,https://litteraturbanken.se/författare/NordensvanG
nerv,NordströmEB,1910,6,https://litteraturbanken.se/författare/Nordstr%C3%B6mEB
nerv,NordströmEB,1920,1,https://litteraturbanken.se/författare/Nordstr%C3%B6mEB
nerv,NordströmL,1930,1,https://litteraturbanken.se/författare/Nordstr%C3%B6mL
nerv,NoreenEA,1870,1,https://litteraturbanken.se/författare/NoreenEA
nerv,NorlinM,1880,3,https://litteraturbanken.se/författare/NorlinM
nerv,NorrbyC,1870,1,https://litteraturbanken.se/författare/NorrbyC
nerv,NorströmV,1900,3,https://litteraturbanken.se/författare/Norstr%C3%B6mV
nerv,NorströmV,1910,2,https://litteraturbanken.se/författare/Norstr%C3%B6mV
nerv,NyblomCR,1870,1,https://litteraturbanken.se/författare/NyblomCR
nerv,NyblomH,1890,1,https://litteraturbanken.se/författare/NyblomH
nerv,NyblomH,1910,1,https://litteraturbanken.se/författare/NyblomH
nerv,NyblæusG,1890,2,https://litteraturbanken.se/författare/Nybl%C3%A6usG
nerv,NybomJ,1840,1,https://litteraturbanken.se/författare/NybomJ
nerv,NybomJ,1850,1,https://litteraturbanken.se/författare/NybomJ
nerv,NycanderF,1890,1,https://litteraturbanken.se/författare/NycanderF
nerv,OfvandahlE,1900,2,https://litteraturbanken.se/författare/OfvandahlE
nerv,OldbergAFN,1850,1,https://litteraturbanken.se/författare/OldbergAFN
nerv,OlivecronaR,1880,2,https://litteraturbanken.se/författare/OlivecronaR
nerv,OrczyE,1900,10,https://litteraturbanken.se/författare/OrczyE
nerv,OxenstiernaMGL,1890,4,https://litteraturbanken.se/författare/OxenstiernaMGL
nerv,PalmA,1900,1,https://litteraturbanken.se/författare/PalmA
nerv,PalmAmy,1890,1,https://litteraturbanken.se/författare/PalmAmy
nerv,PalmbladVF,1840,6,https://litteraturbanken.se/författare/PalmbladVF
nerv,PalmstjernaCO,1830,1,https://litteraturbanken.se/författare/PalmstjernaCO
nerv,PaulA,1890,9,https://litteraturbanken.se/författare/PaulA
nerv,PersonneJ,1880,4,https://litteraturbanken.se/författare/PersonneJ
nerv,PerssonF,1910,1,https://litteraturbanken.se/författare/PerssonF
nerv,PeterssonT,1880,1,https://litteraturbanken.se/författare/PeterssonT
nerv,PfeifferS,1880,2,https://litteraturbanken.se/författare/PfeifferS
nerv,PontoppidanH,1890,2,https://litteraturbanken.se/författare/PontoppidanH
nerv,PorterE,1910,1,https://litteraturbanken.se/författare/PorterE
nerv,QuennerstedtA,1900,1,https://litteraturbanken.se/författare/QuennerstedtA
nerv,QuennerstedtA,1910,1,https://litteraturbanken.se/författare/QuennerstedtA
nerv,RegisJ,1910,2,https://litteraturbanken.se/författare/RegisJ
nerv,RidderstadCF,1840,1,https://litteraturbanken.se/författare/RidderstadCF
nerv,RidderstadCF,1850,3,https://litteraturbanken.se/författare/RidderstadCF
nerv,RidderstadCF,1880,9,https://litteraturbanken.se/författare/RidderstadCF
nerv,RietzJE,1860,2,https://litteraturbanken.se/författare/RietzJE
nerv,RomdahlC,1880,1,https://litteraturbanken.se/författare/RomdahlC
nerv,RoosM,1880,4,https://litteraturbanken.se/författare/RoosM
nerv,RoseniusCO,1890,1,https://litteraturbanken.se/författare/RoseniusCO
nerv,RuinH,1930,4,https://litteraturbanken.se/författare/RuinH
nerv,RuinH,1940,4,https://litteraturbanken.se/författare/RuinH
nerv,RunebergJL,1850,1,https://litteraturbanken.se/författare/RunebergJL
nerv,RunfeldtE,1890,1,https://litteraturbanken.se/författare/RunfeldtE
nerv,RusénLE,1850,1,https://litteraturbanken.se/författare/Rus%C3%A9nLE
nerv,RydbergV,1850,10,https://litteraturbanken.se/författare/RydbergV
nerv,RydbergV,1860,1,https://litteraturbanken.se/författare/RydbergV
nerv,RydbergV,1870,3,https://litteraturbanken.se/författare/RydbergV
nerv,SachsH,1900,1,https://litteraturbanken.se/författare/SachsH
nerv,SamzeliusH,1890,3,https://litteraturbanken.se/författare/SamzeliusH
nerv,SandA,1950,2,https://litteraturbanken.se/författare/SandA
nerv,SandbergA,1890,3,https://litteraturbanken.se/författare/SandbergA
nerv,SandbergA,1910,5,https://litteraturbanken.se/författare/SandbergA
nerv,SandbergE,1890,2,https://litteraturbanken.se/författare/SandbergE
nerv,SandelM,1920,4,https://litteraturbanken.se/författare/SandelM
nerv,SandströmerC,1870,3,https://litteraturbanken.se/författare/Sandstr%C3%B6merC
nerv,SaxonJL,1880,1,https://litteraturbanken.se/författare/SaxonJL
nerv,SaxonJL,1890,1,https://litteraturbanken.se/författare/SaxonJL
nerv,SaxonJL,1900,1,https://litteraturbanken.se/författare/SaxonJL
nerv,SchaarHF,1870,2,https://litteraturbanken.se/författare/SchaarHF
nerv,SchenfeltI,1870,1,https://litteraturbanken.se/författare/SchenfeltI
nerv,SchenfeltI,1880,2,https://litteraturbanken.se/författare/SchenfeltI
nerv,SchildtR,1920,3,https://litteraturbanken.se/författare/SchildtR
nerv,SchirmerA,1870,1,https://litteraturbanken.se/författare/SchirmerA
nerv,ScholanderFW,1860,1,https://litteraturbanken.se/författare/ScholanderFW
nerv,SchreinerO,1910,2,https://litteraturbanken.se/författare/SchreinerO
nerv,SchwartzMS,1850,6,https://litteraturbanken.se/författare/SchwartzMS
nerv,SchwartzMS,1860,16,https://litteraturbanken.se/författare/SchwartzMS
nerv,SchwartzMS,1870,6,https://litteraturbanken.se/författare/SchwartzMS
nerv,SchwartzMS,1890,1,https://litteraturbanken.se/författare/SchwartzMS
nerv,SchwartzMS,1910,4,https://litteraturbanken.se/författare/SchwartzMS
nerv,SchwerinM,1840,1,https://litteraturbanken.se/författare/SchwerinM
nerv,SchöldströmB,1880,2,https://litteraturbanken.se/författare/Sch%C3%B6ldstr%C3%B6mB
nerv,SchöldströmB,1890,1,https://litteraturbanken.se/författare/Sch%C3%B6ldstr%C3%B6mB
nerv,SchückH,1900,1,https://litteraturbanken.se/författare/Sch%C3%BCckH
nerv,SchückH,1910,2,https://litteraturbanken.se/författare/Sch%C3%BCckH
nerv,SegerstedtA,1870,1,https://litteraturbanken.se/författare/SegerstedtA
nerv,SegerstedtTorgny,1940,18,https://litteraturbanken.se/författare/SegerstedtTorgny
nerv,SehlstedtE,1850,1,https://litteraturbanken.se/författare/SehlstedtE
nerv,SernerG,1910,2,https://litteraturbanken.se/författare/SernerG
nerv,SernerG,1920,4,https://litteraturbanken.se/författare/SernerG
nerv,SernerG,1930,2,https://litteraturbanken.se/författare/SernerG
nerv,SettervallHB,1840,1,https://litteraturbanken.se/författare/SettervallHB
nerv,SilfverstolpeGM,1940,1,https://litteraturbanken.se/författare/SilfverstolpeGM
nerv,SilfverstolpeM,1910,1,https://litteraturbanken.se/författare/SilfverstolpeM
nerv,SillénAW,1860,1,https://litteraturbanken.se/författare/Sill%C3%A9nAW
nerv,SjöbergB,1920,10,https://litteraturbanken.se/författare/Sj%C3%B6bergB
nerv,SjöholmC,1890,1,https://litteraturbanken.se/författare/Sj%C3%B6holmC
nerv,SmithC,1890,4,https://litteraturbanken.se/författare/SmithC
nerv,SnellmanJV,1840,2,https://litteraturbanken.se/författare/SnellmanJV
nerv,SnoilskyC,1860,2,https://litteraturbanken.se/författare/SnoilskyC
nerv,SnoilskyC,1880,3,https://litteraturbanken.se/författare/SnoilskyC
nerv,SnoilskyC,1890,2,https://litteraturbanken.se/författare/SnoilskyC
nerv,SommeliusGL,1840,3,https://litteraturbanken.se/författare/SommeliusGL
nerv,SparreP,1830,2,https://litteraturbanken.se/författare/SparreP
nerv,SparreP,1840,1,https://litteraturbanken.se/författare/SparreP
nerv,SparreP,1870,4,https://litteraturbanken.se/författare/SparreP
nerv,StaaffK,1900,1,https://litteraturbanken.se/författare/StaaffK
nerv,StarbäckCG,1850,2,https://litteraturbanken.se/författare/Starb%C3%A4ckCG
nerv,StarnbergM,1890,2,https://litteraturbanken.se/författare/StarnbergM
nerv,StjernstolpeJM,1820,1,https://litteraturbanken.se/författare/StjernstolpeJM
nerv,StjernströmL,1880,1,https://litteraturbanken.se/författare/Stjernstr%C3%B6mL
nerv,StjernströmL,1890,1,https://litteraturbanken.se/författare/Stjernstr%C3%B6mL
nerv,StockenstrandI,1890,4,https://litteraturbanken.se/författare/StockenstrandI
nerv,StokerB,1900,12,https://litteraturbanken.se/författare/StokerB
nerv,StoweHB,1890,8,https://litteraturbanken.se/författare/StoweHB
nerv,StrindbergA,1870,2,https://litteraturbanken.se/författare/StrindbergA
nerv,StrindbergA,1880,29,https://litteraturbanken.se/författare/StrindbergA
nerv,StrindbergA,1890,20,https://litteraturbanken.se/författare/StrindbergA
nerv,StrindbergA,1900,1,https://litteraturbanken.se/författare/StrindbergA
nerv,StrindbergO,1880,1,https://litteraturbanken.se/författare/StrindbergO
nerv,StrussenfeltU,1850,4,https://litteraturbanken.se/författare/StrussenfeltU
nerv,StrömF,1900,1,https://litteraturbanken.se/författare/Str%C3%B6mF
nerv,StrömF,1910,1,https://litteraturbanken.se/författare/Str%C3%B6mF
nerv,Sturzen-BeckerOP,1840,1,https://litteraturbanken.se/författare/Sturzen-BeckerOP
nerv,Sturzen-BeckerOP,1860,5,https://litteraturbanken.se/författare/Sturzen-BeckerOP
nerv,StålbergW,1830,1,https://litteraturbanken.se/författare/St%C3%A5lbergW
nerv,StålbergW,1840,6,https://litteraturbanken.se/författare/St%C3%A5lbergW
nerv,StålbergW,1850,8,https://litteraturbanken.se/författare/St%C3%A5lbergW
nerv,StålbergW,1860,7,https://litteraturbanken.se/författare/St%C3%A5lbergW
nerv,StålbergW,1870,2,https://litteraturbanken.se/författare/St%C3%A5lbergW
nerv,StéenhoffF,1910,5,https://litteraturbanken.se/författare/St%C3%A9enhoffF
nerv,SundbladJ,1870,4,https://litteraturbanken.se/författare/SundbladJ
nerv,SundbladJ,1880,1,https://litteraturbanken.se/författare/SundbladJ
nerv,SundqvistEW,1890,1,https://litteraturbanken.se/författare/SundqvistEW
nerv,SundströmK,1860,4,https://litteraturbanken.se/författare/Sundstr%C3%B6mK
nerv,SuttnerB,1890,7,https://litteraturbanken.se/författare/SuttnerB
nerv,SvahnO,1880,1,https://litteraturbanken.se/författare/SvahnO
nerv,SvedbomPE,1840,1,https://litteraturbanken.se/författare/SvedbomPE
nerv,SvensonF,1890,1,https://litteraturbanken.se/författare/SvensonF
nerv,SällbergT,1890,6,https://litteraturbanken.se/författare/S%C3%A4llbergT
nerv,SätherbergH,1840,2,https://litteraturbanken.se/författare/S%C3%A4therbergH
nerv,SätherbergH,1860,1,https://litteraturbanken.se/författare/S%C3%A4therbergH
nerv,SöderbergH,1900,3,https://litteraturbanken.se/författare/S%C3%B6derbergH
nerv,SöderbergH,1910,1,https://litteraturbanken.se/författare/S%C3%B6derbergH
nerv,SöderbergH,1920,5,https://litteraturbanken.se/författare/S%C3%B6derbergH
nerv,SöderbergM,1920,2,https://litteraturbanken.se/författare/S%C3%B6derbergM
nerv,SöderbergM,1930,2,https://litteraturbanken.se/författare/S%C3%B6derbergM
nerv,SöderblomN,1920,1,https://litteraturbanken.se/författare/S%C3%B6derblomN
nerv,SöderhjelmA,1910,5,https://litteraturbanken.se/författare/S%C3%B6derhjelmA
nerv,SöderhjelmA,1920,4,https://litteraturbanken.se/författare/S%C3%B6derhjelmA
nerv,SöderhjelmW,1900,4,https://litteraturbanken.se/författare/S%C3%B6derhjelmW
nerv,SöderholmK,1920,1,https://litteraturbanken.se/författare/S%C3%B6derholmK
nerv,SöderholmK,1930,2,https://litteraturbanken.se/författare/S%C3%B6derholmK
nerv,SöderholmK,1940,2,https://litteraturbanken.se/författare/S%C3%B6derholmK
nerv,SörmanP,1920,8,https://litteraturbanken.se/författare/S%C3%B6rmanP
nerv,SörmanP,1930,7,https://litteraturbanken.se/författare/S%C3%B6rmanP
nerv,TammH,1910,2,https://litteraturbanken.se/författare/TammH
nerv,TammelinF,1890,1,https://litteraturbanken.se/författare/TammelinF
nerv,TavaststjernaK,1880,3,https://litteraturbanken.se/författare/TavaststjernaK
nerv,TavaststjernaK,1890,22,https://litteraturbanken.se/författare/TavaststjernaK
nerv,TersmedenM,1860,2,https://litteraturbanken.se/författare/TersmedenM
nerv,TeuchlerA,1890,1,https://litteraturbanken.se/författare/TeuchlerA
nerv,ThomassonN,1890,6,https://litteraturbanken.se/författare/ThomassonN
nerv,ThomassonP,1850,3,https://litteraturbanken.se/författare/ThomassonP
nerv,ThomassonP,1860,1,https://litteraturbanken.se/författare/ThomassonP
nerv,ThomassonP,1870,1,https://litteraturbanken.se/författare/ThomassonP
nerv,ThorsanderG,1890,2,https://litteraturbanken.se/författare/ThorsanderG
nerv,TibellCC,1870,1,https://litteraturbanken.se/författare/TibellCC
nerv,TigerschiöldH,1880,1,https://litteraturbanken.se/författare/Tigerschi%C3%B6ldH
nerv,TopeliusZ,1850,2,https://litteraturbanken.se/författare/TopeliusZ
nerv,TopeliusZ,1880,18,https://litteraturbanken.se/författare/TopeliusZ
nerv,TrolleH,1870,14,https://litteraturbanken.se/författare/TrolleH
nerv,TrolleH,1880,7,https://litteraturbanken.se/författare/TrolleH
nerv,TörnblomJA,1910,11,https://litteraturbanken.se/författare/T%C3%B6rnblomJA
nerv,TörnerO,1880,1,https://litteraturbanken.se/författare/T%C3%B6rnerO
nerv,UddgrenG,1900,3,https://litteraturbanken.se/författare/UddgrenG
nerv,UddgrenG,1910,10,https://litteraturbanken.se/författare/UddgrenG
nerv,UllnerC,1880,1,https://litteraturbanken.se/författare/UllnerC
nerv,UndsetS,1910,3,https://litteraturbanken.se/författare/UndsetS
nerv,UndsetS,1920,3,https://litteraturbanken.se/författare/UndsetS
nerv,UtterströmOP,1870,1,https://litteraturbanken.se/författare/Utterstr%C3%B6mOP
nerv,VesterAB,1890,1,https://litteraturbanken.se/författare/VesterAB
nerv,VikströmA,1870,1,https://litteraturbanken.se/författare/Vikstr%C3%B6mA
nerv,VirginAG,1870,1,https://litteraturbanken.se/författare/VirginAG
nerv,VärnlundR,1920,6,https://litteraturbanken.se/författare/V%C3%A4rnlundR
nerv,VärnlundR,1930,12,https://litteraturbanken.se/författare/V%C3%A4rnlundR
nerv,WachtmeisterH,1880,1,https://litteraturbanken.se/författare/WachtmeisterH
nerv,WadmanJA,1850,2,https://litteraturbanken.se/författare/WadmanJA
nerv,WahlenbergA,1880,6,https://litteraturbanken.se/författare/WahlenbergA
nerv,WahlenbergA,1890,14,https://litteraturbanken.se/författare/WahlenbergA
nerv,WahlenbergA,1900,11,https://litteraturbanken.se/författare/WahlenbergA
nerv,WallenbergJ,1880,1,https://litteraturbanken.se/författare/WallenbergJ
nerv,WallengrenA,1890,1,https://litteraturbanken.se/författare/WallengrenA
nerv,WallinJP,1880,3,https://litteraturbanken.se/författare/WallinJP
nerv,WallmoU,1900,4,https://litteraturbanken.se/författare/WallmoU
nerv,WaxbergH,1890,1,https://litteraturbanken.se/författare/WaxbergH
nerv,WernbergHj,1890,11,https://litteraturbanken.se/författare/WernbergHj
nerv,WernbergHj,1900,3,https://litteraturbanken.se/författare/WernbergHj
nerv,WestermarckH,1890,8,https://litteraturbanken.se/författare/WestermarckH
nerv,WestermarckH,1900,1,https://litteraturbanken.se/författare/WestermarckH
nerv,WetterberghCA,1840,2,https://litteraturbanken.se/författare/WetterberghCA
nerv,WetterberghCA,1850,10,https://litteraturbanken.se/författare/WetterberghCA
nerv,WetterberghCA,1860,1,https://litteraturbanken.se/författare/WetterberghCA
nerv,WetterberghCA,1880,6,https://litteraturbanken.se/författare/WetterberghCA
nerv,WetterberghCA,1890,1,https://litteraturbanken.se/författare/WetterberghCA
nerv,WettergrundJ,1860,4,https://litteraturbanken.se/författare/WettergrundJ
nerv,WettergrundJ,1870,1,https://litteraturbanken.se/författare/WettergrundJ
nerv,WettergrundJ,1880,3,https://litteraturbanken.se/författare/WettergrundJ
nerv,WhitlockE,1890,1,https://litteraturbanken.se/författare/WhitlockE
nerv,WickströmVH,1890,1,https://litteraturbanken.se/författare/Wickstr%C3%B6mVH
nerv,WidmarkPF,1870,1,https://litteraturbanken.se/författare/WidmarkPF
nerv,WieselgrenS,1860,1,https://litteraturbanken.se/författare/WieselgrenS
nerv,WigforssJ,1890,1,https://litteraturbanken.se/författare/WigforssJ
nerv,WigströmE,1880,2,https://litteraturbanken.se/författare/Wigstr%C3%B6mE
nerv,WigströmE,1890,2,https://litteraturbanken.se/författare/Wigstr%C3%B6mE
nerv,WijkanderO,1880,11,https://litteraturbanken.se/författare/WijkanderO
nerv,WiknerP,1880,1,https://litteraturbanken.se/författare/WiknerP
nerv,WittO,1910,11,https://litteraturbanken.se/författare/WittO
nerv,WägnerE,1910,7,https://litteraturbanken.se/författare/W%C3%A4gnerE
nerv,WägnerE,1920,24,https://litteraturbanken.se/författare/W%C3%A4gnerE
nerv,WägnerE,1930,23,https://litteraturbanken.se/författare/W%C3%A4gnerE
nerv,WägnerE,1940,6,https://litteraturbanken.se/författare/W%C3%A4gnerE
nerv,WästbergA,1860,1,https://litteraturbanken.se/författare/W%C3%A4stbergA
nerv,WästbergA,1880,2,https://litteraturbanken.se/författare/W%C3%A4stbergA
nerv,WästbergE,1890,1,https://litteraturbanken.se/författare/W%C3%A4stbergE
nerv,WågmanFO,1900,6,https://litteraturbanken.se/författare/W%C3%A5gmanFO
nerv,WåhlstrandK,1880,1,https://litteraturbanken.se/författare/W%C3%A5hlstrandK
nerv,ZetterströmH,1890,1,https://litteraturbanken.se/författare/Zetterstr%C3%B6mH
nerv,ZilliacusKäldre,1890,1,https://litteraturbanken.se/författare/ZilliacusK%C3%A4ldre
nerv,ÅbergJO,1880,5,https://litteraturbanken.se/författare/%C3%85bergJO
nerv,ÅbergJO,1890,7,https://litteraturbanken.se/författare/%C3%85bergJO
nerv,ÅbergK,1880,7,https://litteraturbanken.se/författare/%C3%85bergK
nerv,ÅslundD,1880,2,https://litteraturbanken.se/författare/%C3%85slundD
nerv,ÖbergLT,1850,2,https://litteraturbanken.se/författare/%C3%96bergLT
nerv,ÖbergLT,1860,2,https://litteraturbanken.se/författare/%C3%96bergLT
nerv,ÖbergLT,1870,2,https://litteraturbanken.se/författare/%C3%96bergLT
nerv,ÖdmanP,1880,1,https://litteraturbanken.se/författare/%C3%96dmanP
nerv,ÖdmannJM,1870,1,https://litteraturbanken.se/författare/%C3%96dmannJM
nerv,ÖdmannJM,1880,4,https://litteraturbanken.se/författare/%C3%96dmannJM
nerv,ÖdmannJM,1900,1,https://litteraturbanken.se/författare/%C3%96dmannJM
repulsion,AlmqvistCJL,1830,1,https://litteraturbanken.se/författare/AlmqvistCJL
repulsion,BergerH,1910,1,https://litteraturbanken.se/författare/BergerH
repulsion,CronholmB,1850,1,https://litteraturbanken.se/författare/CronholmB
repulsion,EkelundV,1920,1,https://litteraturbanken.se/författare/EkelundV
repulsion,EkmanE,1890,1,https://litteraturbanken.se/författare/EkmanE
repulsion,FornellBE,1850,1,https://litteraturbanken.se/författare/FornellBE
repulsion,GoetheJW,1900,1,https://litteraturbanken.se/författare/GoetheJW
repulsion,HanssonO,1890,1,https://litteraturbanken.se/författare/HanssonO
repulsion,HanssonO,1910,1,https://litteraturbanken.se/författare/HanssonO
repulsion,HedbergT,1890,1,https://litteraturbanken.se/författare/HedbergT
repulsion,KeyE,1900,1,https://litteraturbanken.se/författare/KeyE
repulsion,KierkegaardS,1910,1,https://litteraturbanken.se/författare/KierkegaardS
repulsion,KnorringS,1840,1,https://litteraturbanken.se/författare/KnorringS
repulsion,LevertinO,1890,2,https://litteraturbanken.se/författare/LevertinO
repulsion,LevertinO,1900,1,https://litteraturbanken.se/författare/LevertinO
repulsion,LénströmCJ,1840,1,https://litteraturbanken.se/författare/L%C3%A9nstr%C3%B6mCJ
repulsion,SernerG,1910,1,https://litteraturbanken.se/författare/SernerG
repulsion,SillénAW,1860,1,https://litteraturbanken.se/författare/Sill%C3%A9nAW
repulsion,WetterberghCA,1880,1,https://litteraturbanken.se/författare/WetterberghCA
spänning,AfzeliusAJ,1850,1,https://litteraturbanken.se/författare/AfzeliusAJ
spänning,AgrellA,1880,1,https://litteraturbanken.se/författare/AgrellA
spänning,AgrellA,1890,4,https://litteraturbanken.se/författare/AgrellA
spänning,AgrellA,1900,1,https://litteraturbanken.se/författare/AgrellA
spänning,AgrellA,1910,1,https://litteraturbanken.se/författare/AgrellA
spänning,AhlbomM,1860,3,https://litteraturbanken.se/författare/AhlbomM
spänning,AhlinJO,1880,1,https://litteraturbanken.se/författare/AhlinJO
spänning,AhrenbergJ,1870,1,https://litteraturbanken.se/författare/AhrenbergJ
spänning,AhrenbergJ,1880,2,https://litteraturbanken.se/författare/AhrenbergJ
spänning,AhrenbergJ,1890,21,https://litteraturbanken.se/författare/AhrenbergJ
spänning,AlcottLM,1870,1,https://litteraturbanken.se/författare/AlcottLM
spänning,AlfthanJ,1880,1,https://litteraturbanken.se/författare/AlfthanJ
spänning,AlmqvistCJL,1830,4,https://litteraturbanken.se/författare/AlmqvistCJL
spänning,AlmqvistCJL,1840,2,https://litteraturbanken.se/författare/AlmqvistCJL
spänning,AlmqvistG,1890,1,https://litteraturbanken.se/författare/AlmqvistG
spänning,AméenE,1890,2,https://litteraturbanken.se/författare/Am%C3%A9enE
spänning,AndersL,1890,1,https://litteraturbanken.se/författare/AndersL
spänning,AndersonA,1860,2,https://litteraturbanken.se/författare/AndersonA
spänning,AnderssonD,1910,4,https://litteraturbanken.se/författare/AnderssonD
spänning,AnderssonD,1920,2,https://litteraturbanken.se/författare/AnderssonD
spänning,AnderssonJ,1880,4,https://litteraturbanken.se/författare/AnderssonJ
spänning,AndræT,1930,1,https://litteraturbanken.se/författare/Andr%C3%A6T
spänning,AndrénO,1890,1,https://litteraturbanken.se/författare/Andr%C3%A9nO
spänning,AngeredStrandbergH,1880,6,https://litteraturbanken.se/författare/AngeredStrandbergH
spänning,AngeredStrandbergH,1890,18,https://litteraturbanken.se/författare/AngeredStrandbergH
spänning,AngeredStrandbergH,1900,8,https://litteraturbanken.se/författare/AngeredStrandbergH
spänning,AngeredStrandbergH,1910,11,https://litteraturbanken.se/författare/AngeredStrandbergH
spänning,AngeredStrandbergH,1920,6,https://litteraturbanken.se/författare/AngeredStrandbergH
spänning,AnholmM,1890,7,https://litteraturbanken.se/författare/AnholmM
spänning,Anonym,1830,2,https://litteraturbanken.se/författare/Anonym
spänning,Anonym,1840,1,https://litteraturbanken.se/författare/Anonym
spänning,Anonym,1850,3,https://litteraturbanken.se/författare/Anonym
spänning,Anonym,1860,7,https://litteraturbanken.se/författare/Anonym
spänning,Anonym,1870,7,https://litteraturbanken.se/författare/Anonym
spänning,Anonym,1880,6,https://litteraturbanken.se/författare/Anonym
spänning,Anonym,1890,57,https://litteraturbanken.se/författare/Anonym
spänning,Anonym,1900,6,https://litteraturbanken.se/författare/Anonym
spänning,ArbmanE,1900,1,https://litteraturbanken.se/författare/ArbmanE
spänning,ArfwedsonCD,1870,1,https://litteraturbanken.se/författare/ArfwedsonCD
spänning,AtterbomPDA,1840,5,https://litteraturbanken.se/författare/AtterbomPDA
spänning,AxelsonM,1870,1,https://litteraturbanken.se/författare/AxelsonM
spänning,BaggeP,1880,1,https://litteraturbanken.se/författare/BaggeP
spänning,BenedictssonV,1880,16,https://litteraturbanken.se/författare/BenedictssonV
spänning,BenedictssonV,1890,4,https://litteraturbanken.se/författare/BenedictssonV
spänning,BenedictssonV,1910,1,https://litteraturbanken.se/författare/BenedictssonV
spänning,BensowO,1880,2,https://litteraturbanken.se/författare/BensowO
spänning,BenzonK,1900,7,https://litteraturbanken.se/författare/BenzonK
spänning,BergAH,1880,2,https://litteraturbanken.se/författare/BergAH
spänning,BergD,1910,4,https://litteraturbanken.se/författare/BergD
spänning,BergD,1930,10,https://litteraturbanken.se/författare/BergD
spänning,BergJA,1860,1,https://litteraturbanken.se/författare/BergJA
spänning,BergPG,1860,4,https://litteraturbanken.se/författare/BergPG
spänning,BergRG,1900,1,https://litteraturbanken.se/författare/BergRG
spänning,BergerH,1900,5,https://litteraturbanken.se/författare/BergerH
spänning,BergerH,1910,17,https://litteraturbanken.se/författare/BergerH
spänning,BergerL,1880,1,https://litteraturbanken.se/författare/BergerL
spänning,BerghR,1900,2,https://litteraturbanken.se/författare/BerghR
spänning,BerglundV,1850,1,https://litteraturbanken.se/författare/BerglundV
spänning,BergmanD,1890,1,https://litteraturbanken.se/författare/BergmanD
spänning,BergmanHj,1900,1,https://litteraturbanken.se/författare/BergmanHj
spänning,BergmanHj,1910,16,https://litteraturbanken.se/författare/BergmanHj
spänning,BergmanHj,1920,70,https://litteraturbanken.se/författare/BergmanHj
spänning,BergmanHj,1930,16,https://litteraturbanken.se/författare/BergmanHj
spänning,BergmanJM,1870,1,https://litteraturbanken.se/författare/BergmanJM
spänning,BergströmR,1880,1,https://litteraturbanken.se/författare/Bergstr%C3%B6mR
spänning,BergsøeV,1870,1,https://litteraturbanken.se/författare/Bergs%C3%B8eV
spänning,BerndtsonF,1860,1,https://litteraturbanken.se/författare/BerndtsonF
spänning,BeskowCA,1890,2,https://litteraturbanken.se/författare/BeskowCA
spänning,BeskowElisabeth,1890,3,https://litteraturbanken.se/författare/BeskowElisabeth
spänning,BeskowElisabeth,1900,5,https://litteraturbanken.se/författare/BeskowElisabeth
spänning,BeskowElisabeth,1920,4,https://litteraturbanken.se/författare/BeskowElisabeth
spänning,BjarkeFC,1890,4,https://litteraturbanken.se/författare/BjarkeFC
spänning,BjurstenH,1840,1,https://litteraturbanken.se/författare/BjurstenH
spänning,BjurstenH,1850,3,https://litteraturbanken.se/författare/BjurstenH
spänning,BjörkmanCG,1880,5,https://litteraturbanken.se/författare/Bj%C3%B6rkmanCG
spänning,BjörkmanG,1880,1,https://litteraturbanken.se/författare/Bj%C3%B6rkmanG
spänning,BjörlinG,1870,3,https://litteraturbanken.se/författare/Bj%C3%B6rlinG
spänning,BjörlinG,1880,1,https://litteraturbanken.se/författare/Bj%C3%B6rlinG
spänning,BjörlinG,1890,4,https://litteraturbanken.se/författare/Bj%C3%B6rlinG
spänning,BjörlinG,1900,1,https://litteraturbanken.se/författare/Bj%C3%B6rlinG
spänning,BjörlingF,1870,1,https://litteraturbanken.se/författare/Bj%C3%B6rlingF
spänning,BjörlingF,1880,1,https://litteraturbanken.se/författare/Bj%C3%B6rlingF
spänning,BlancheT,1880,1,https://litteraturbanken.se/författare/BlancheT
spänning,BlomL,1890,1,https://litteraturbanken.se/författare/BlomL
spänning,BlombergH,1920,13,https://litteraturbanken.se/författare/BlombergH
spänning,BlomgrenEG,1860,1,https://litteraturbanken.se/författare/BlomgrenEG
spänning,BohmanJG,1880,3,https://litteraturbanken.se/författare/BohmanJG
spänning,BoismanAW,1890,1,https://litteraturbanken.se/författare/BoismanAW
spänning,BolanderS,1840,4,https://litteraturbanken.se/författare/BolanderS
spänning,BolanderS,1850,7,https://litteraturbanken.se/författare/BolanderS
spänning,BolanderS,1860,17,https://litteraturbanken.se/författare/BolanderS
spänning,BollstenJC,1840,2,https://litteraturbanken.se/författare/BollstenJC
spänning,BondesonA,1890,1,https://litteraturbanken.se/författare/BondesonA
spänning,BoreE,1900,1,https://litteraturbanken.se/författare/BoreE
spänning,BoreliusH,1900,3,https://litteraturbanken.se/författare/BoreliusH
spänning,BorgströmG,1890,2,https://litteraturbanken.se/författare/Borgstr%C3%B6mG
spänning,BoyeK,1920,1,https://litteraturbanken.se/författare/BoyeK
spänning,BoyeK,1930,26,https://litteraturbanken.se/författare/BoyeK
spänning,BoyeK,1940,16,https://litteraturbanken.se/författare/BoyeK
spänning,BragE,1880,4,https://litteraturbanken.se/författare/BragE
spänning,BrantingA,1890,2,https://litteraturbanken.se/författare/BrantingA
spänning,BrantingA,1900,4,https://litteraturbanken.se/författare/BrantingA
spänning,BrantingA,1910,2,https://litteraturbanken.se/författare/BrantingA
spänning,BraunWvon,1850,1,https://litteraturbanken.se/författare/BraunWvon
spänning,BraunWvon,1880,1,https://litteraturbanken.se/författare/BraunWvon
spänning,BraunerhjelmA,1880,4,https://litteraturbanken.se/författare/BraunerhjelmA
spänning,BraunerhjelmA,1900,4,https://litteraturbanken.se/författare/BraunerhjelmA
spänning,BremerF,1840,3,https://litteraturbanken.se/författare/BremerF
spänning,BronteC,1850,4,https://litteraturbanken.se/författare/BronteC
spänning,BruniusL,1840,4,https://litteraturbanken.se/författare/BruniusL
spänning,BruniusL,1850,2,https://litteraturbanken.se/författare/BruniusL
spänning,BruniusL,1870,1,https://litteraturbanken.se/författare/BruniusL
spänning,BruzeliusJ,1870,1,https://litteraturbanken.se/författare/BruzeliusJ
spänning,BråkenhielmM,1890,2,https://litteraturbanken.se/författare/Br%C3%A5kenhielmM
spänning,BurghausenCF,1850,1,https://litteraturbanken.se/författare/BurghausenCF
spänning,BurnettFH,1880,2,https://litteraturbanken.se/författare/BurnettFH
spänning,BuschO,1910,3,https://litteraturbanken.se/författare/BuschO
spänning,BäckmannI,1900,3,https://litteraturbanken.se/författare/B%C3%A4ckmannI
spänning,BäckmannI,1910,2,https://litteraturbanken.se/författare/B%C3%A4ckmannI
spänning,BäckmannI,1930,9,https://litteraturbanken.se/författare/B%C3%A4ckmannI
spänning,BäckmannI,1940,8,https://litteraturbanken.se/författare/B%C3%A4ckmannI
spänning,Bååth-HolmbergC,1880,2,https://litteraturbanken.se/författare/B%C3%A5%C3%A5th-HolmbergC
spänning,Bååth-HolmbergC,1890,4,https://litteraturbanken.se/författare/B%C3%A5%C3%A5th-HolmbergC
spänning,CarlbergF,1910,2,https://litteraturbanken.se/författare/CarlbergF
spänning,CarlénO,1860,1,https://litteraturbanken.se/författare/Carl%C3%A9nO
spänning,CavallinC,1890,1,https://litteraturbanken.se/författare/CavallinC
spänning,CederborgCA,1890,1,https://litteraturbanken.se/författare/CederborgCA
spänning,CederborghF,1830,1,https://litteraturbanken.se/författare/CederborghF
spänning,CederborghF,1880,1,https://litteraturbanken.se/författare/CederborghF
spänning,CedermanR,1870,2,https://litteraturbanken.se/författare/CedermanR
spänning,CederqvistA,1870,1,https://litteraturbanken.se/författare/CederqvistA
spänning,CleveAlma,1890,4,https://litteraturbanken.se/författare/CleveAlma
spänning,CronholmB,1850,1,https://litteraturbanken.se/författare/CronholmB
spänning,CrusenstolpeMJ,1840,14,https://litteraturbanken.se/författare/CrusenstolpeMJ
spänning,CygnæusF,1850,1,https://litteraturbanken.se/författare/Cygn%C3%A6usF
spänning,DahlM,1890,16,https://litteraturbanken.se/författare/DahlM
spänning,DahlbergE,1910,2,https://litteraturbanken.se/författare/DahlbergE
spänning,DahlgrenL,1900,3,https://litteraturbanken.se/författare/DahlgrenL
spänning,DalströmK,1900,1,https://litteraturbanken.se/författare/Dalstr%C3%B6mK
spänning,DammI,1890,1,https://litteraturbanken.se/författare/DammI
spänning,DammJ,1850,2,https://litteraturbanken.se/författare/DammJ
spänning,DammJ,1870,1,https://litteraturbanken.se/författare/DammJ
spänning,DeGeerL,1840,1,https://litteraturbanken.se/författare/DeGeerL
spänning,DickensC,1840,3,https://litteraturbanken.se/författare/DickensC
spänning,DouglassF,1890,4,https://litteraturbanken.se/författare/DouglassF
spänning,DoyleAC,1890,2,https://litteraturbanken.se/författare/DoyleAC
spänning,DoyleAC,1910,4,https://litteraturbanken.se/författare/DoyleAC
spänning,DunckelD,1840,1,https://litteraturbanken.se/författare/DunckelD
spänning,DuseSA,1910,10,https://litteraturbanken.se/författare/DuseSA
spänning,EhrenborgAF,1840,2,https://litteraturbanken.se/författare/EhrenborgAF
spänning,EhrenborgPosseB,1870,1,https://litteraturbanken.se/författare/EhrenborgPosseB
spänning,EhrnroothA,1880,2,https://litteraturbanken.se/författare/EhrnroothA
spänning,EkK,1910,2,https://litteraturbanken.se/författare/EkK
spänning,EkelundV,1900,21,https://litteraturbanken.se/författare/EkelundV
spänning,EkelundV,1910,14,https://litteraturbanken.se/författare/EkelundV
spänning,EkelundV,1920,14,https://litteraturbanken.se/författare/EkelundV
spänning,EkelundV,1930,18,https://litteraturbanken.se/författare/EkelundV
spänning,EkelundV,1940,16,https://litteraturbanken.se/författare/EkelundV
spänning,EkermannA,1880,1,https://litteraturbanken.se/författare/EkermannA
spänning,EkerotHj,1880,1,https://litteraturbanken.se/författare/EkerotHj
spänning,EkmanE,1890,2,https://litteraturbanken.se/författare/EkmanE
spänning,EkmanL,1910,1,https://litteraturbanken.se/författare/EkmanL
spänning,EkmarckCE,1830,1,https://litteraturbanken.se/författare/EkmarckCE
spänning,EkströmHE,1840,1,https://litteraturbanken.se/författare/Ekstr%C3%B6mHE
spänning,ElgströmO,1910,2,https://litteraturbanken.se/författare/Elgstr%C3%B6mO
spänning,ElgströmO,1920,6,https://litteraturbanken.se/författare/Elgstr%C3%B6mO
spänning,ElkanS,1890,6,https://litteraturbanken.se/författare/ElkanS
spänning,ElkanS,1900,17,https://litteraturbanken.se/författare/ElkanS
spänning,ElkanS,1910,4,https://litteraturbanken.se/författare/ElkanS
spänning,ElmbladS,1890,1,https://litteraturbanken.se/författare/ElmbladS
spänning,EmanuelssonV,1890,1,https://litteraturbanken.se/författare/EmanuelssonV
spänning,EnerothC,1880,3,https://litteraturbanken.se/författare/EnerothC
spänning,EnerothC,1890,3,https://litteraturbanken.se/författare/EnerothC
spänning,EnerothO,1870,1,https://litteraturbanken.se/författare/EnerothO
spänning,EngelbertR,1880,1,https://litteraturbanken.se/författare/EngelbertR
spänning,EngströmA,1900,2,https://litteraturbanken.se/författare/Engstr%C3%B6mA
spänning,EngströmA,1910,4,https://litteraturbanken.se/författare/Engstr%C3%B6mA
spänning,EssenJA,1840,3,https://litteraturbanken.se/författare/EssenJA
spänning,EversE,1880,1,https://litteraturbanken.se/författare/EversE
spänning,FahlstedtA,1890,2,https://litteraturbanken.se/författare/FahlstedtA
spänning,FalkH,1890,7,https://litteraturbanken.se/författare/FalkH
spänning,FallströmD,1880,2,https://litteraturbanken.se/författare/Fallstr%C3%B6mD
spänning,FantJE,1840,1,https://litteraturbanken.se/författare/FantJE
spänning,FitinghoffL,1890,3,https://litteraturbanken.se/författare/FitinghoffL
spänning,FitzgeraldFS,1940,4,https://litteraturbanken.se/författare/FitzgeraldFS
spänning,FlodmanA,1860,4,https://litteraturbanken.se/författare/FlodmanA
spänning,FlodmanA,1870,4,https://litteraturbanken.se/författare/FlodmanA
spänning,FlygareCarlénE,1830,3,https://litteraturbanken.se/författare/FlygareCarl%C3%A9nE
spänning,FlygareCarlénE,1840,60,https://litteraturbanken.se/författare/FlygareCarl%C3%A9nE
spänning,FlygareCarlénE,1850,10,https://litteraturbanken.se/författare/FlygareCarl%C3%A9nE
spänning,FlygareCarlénE,1860,30,https://litteraturbanken.se/författare/FlygareCarl%C3%A9nE
spänning,FlygareCarlénE,1870,6,https://litteraturbanken.se/författare/FlygareCarl%C3%A9nE
spänning,FlygareCarlénE,1880,10,https://litteraturbanken.se/författare/FlygareCarl%C3%A9nE
spänning,FogelqvistT,1920,1,https://litteraturbanken.se/författare/FogelqvistT
spänning,FornellBE,1840,5,https://litteraturbanken.se/författare/FornellBE
spänning,FornellBE,1850,2,https://litteraturbanken.se/författare/FornellBE
spänning,ForssellE,1890,3,https://litteraturbanken.se/författare/ForssellE
spänning,ForsslundKE,1900,4,https://litteraturbanken.se/författare/ForsslundKE
spänning,ForssmanE,1890,8,https://litteraturbanken.se/författare/ForssmanE
spänning,ForssmanE,1900,1,https://litteraturbanken.se/författare/ForssmanE
spänning,FrankS,1890,5,https://litteraturbanken.se/författare/FrankS
spänning,FranzénFM,1810,2,https://litteraturbanken.se/författare/Franz%C3%A9nFM
spänning,FranzénFM,1830,1,https://litteraturbanken.se/författare/Franz%C3%A9nFM
spänning,FrimanJC,1850,3,https://litteraturbanken.se/författare/FrimanJC
spänning,FrimanJC,1860,2,https://litteraturbanken.se/författare/FrimanJC
spänning,FrosterusSegerstråleH,1890,2,https://litteraturbanken.se/författare/FrosterusSegerstr%C3%A5leH
spänning,FrykholmS,1890,1,https://litteraturbanken.se/författare/FrykholmS
spänning,FryxellA,1880,1,https://litteraturbanken.se/författare/FryxellA
spänning,FuruhjelmM,1870,1,https://litteraturbanken.se/författare/FuruhjelmM
spänning,GadeliusB,1900,7,https://litteraturbanken.se/författare/GadeliusB
spänning,GagnerML,1900,3,https://litteraturbanken.se/författare/GagnerML
spänning,GeijerEG,1840,1,https://litteraturbanken.se/författare/GeijerEG
spänning,GeijerEG,1850,6,https://litteraturbanken.se/författare/GeijerEG
spänning,GeijerEG,1920,2,https://litteraturbanken.se/författare/GeijerEG
spänning,GeijerstamG,1880,14,https://litteraturbanken.se/författare/GeijerstamG
spänning,GeijerstamG,1890,37,https://litteraturbanken.se/författare/GeijerstamG
spänning,GeijerstamG,1900,4,https://litteraturbanken.se/författare/GeijerstamG
spänning,GernandtClaineJ,1890,10,https://litteraturbanken.se/författare/GernandtClaineJ
spänning,GernandtClaineJ,1900,1,https://litteraturbanken.se/författare/GernandtClaineJ
spänning,GestrinM,1860,3,https://litteraturbanken.se/författare/GestrinM
spänning,GilleE,1910,2,https://litteraturbanken.se/författare/GilleE
spänning,GoveniusLJ,1850,4,https://litteraturbanken.se/författare/GoveniusLJ
spänning,GoveniusLJ,1860,1,https://litteraturbanken.se/författare/GoveniusLJ
spänning,GoveniusLJ,1870,2,https://litteraturbanken.se/författare/GoveniusLJ
spänning,GoveniusLJ,1880,3,https://litteraturbanken.se/författare/GoveniusLJ
spänning,GranathW,1890,39,https://litteraturbanken.se/författare/GranathW
spänning,GranathW,1900,4,https://litteraturbanken.se/författare/GranathW
spänning,GranbergJ,1890,2,https://litteraturbanken.se/författare/GranbergJ
spänning,GravalliusW,1840,4,https://litteraturbanken.se/författare/GravalliusW
spänning,GravalliusW,1860,1,https://litteraturbanken.se/författare/GravalliusW
spänning,GravalliusW,1870,2,https://litteraturbanken.se/författare/GravalliusW
spänning,GravalliusW,1880,2,https://litteraturbanken.se/författare/GravalliusW
spänning,GravalliusW,1890,1,https://litteraturbanken.se/författare/GravalliusW
spänning,GrebstWA,1910,1,https://litteraturbanken.se/författare/GrebstWA
spänning,GripenbergA,1880,3,https://litteraturbanken.se/författare/GripenbergA
spänning,GrönwallW,1840,7,https://litteraturbanken.se/författare/Gr%C3%B6nwallW
spänning,GullbergG,1880,1,https://litteraturbanken.se/författare/GullbergG
spänning,GullbergG,1890,2,https://litteraturbanken.se/författare/GullbergG
spänning,GumæliusGW,1870,3,https://litteraturbanken.se/författare/Gum%C3%A6liusGW
spänning,GustafssonR,1870,4,https://litteraturbanken.se/författare/GustafssonR
spänning,GustafssonR,1880,1,https://litteraturbanken.se/författare/GustafssonR
spänning,GällstedtPJ,1840,2,https://litteraturbanken.se/författare/G%C3%A4llstedtPJ
spänning,GällstedtPJ,1850,2,https://litteraturbanken.se/författare/G%C3%A4llstedtPJ
spänning,GérardJII,1870,1,https://litteraturbanken.se/författare/G%C3%A9rardJII
spänning,GödeckePA,1860,3,https://litteraturbanken.se/författare/G%C3%B6deckePA
spänning,GödeckePA,1870,3,https://litteraturbanken.se/författare/G%C3%B6deckePA
spänning,HackzellE,1840,1,https://litteraturbanken.se/författare/HackzellE
spänning,HahnC,1890,4,https://litteraturbanken.se/författare/HahnC
spänning,HallenborgC,1890,2,https://litteraturbanken.se/författare/HallenborgC
spänning,HallenborgECFFL,1850,1,https://litteraturbanken.se/författare/HallenborgECFFL
spänning,HallonlöfA,1890,1,https://litteraturbanken.se/författare/Hallonl%C3%B6fA
spänning,HallénB,1890,1,https://litteraturbanken.se/författare/Hall%C3%A9nB
spänning,HammarinJ,1840,1,https://litteraturbanken.se/författare/HammarinJ
spänning,HamsunK,1900,5,https://litteraturbanken.se/författare/HamsunK
spänning,HanselliP,1840,1,https://litteraturbanken.se/författare/HanselliP
spänning,HanselliP,1860,2,https://litteraturbanken.se/författare/HanselliP
spänning,HanssonO,1880,3,https://litteraturbanken.se/författare/HanssonO
spänning,HanssonO,1890,14,https://litteraturbanken.se/författare/HanssonO
spänning,HanssonO,1900,2,https://litteraturbanken.se/författare/HanssonO
spänning,HanssonO,1910,1,https://litteraturbanken.se/författare/HanssonO
spänning,HarrisonMSLK,1900,12,https://litteraturbanken.se/författare/HarrisonMSLK
spänning,HasselskogN,1930,1,https://litteraturbanken.se/författare/HasselskogN
spänning,HebbeW,1850,1,https://litteraturbanken.se/författare/HebbeW
spänning,HedbergF,1880,2,https://litteraturbanken.se/författare/HedbergF
spänning,HedbergF,1890,1,https://litteraturbanken.se/författare/HedbergF
spänning,HedbergT,1880,8,https://litteraturbanken.se/författare/HedbergT
spänning,HedbergT,1890,8,https://litteraturbanken.se/författare/HedbergT
spänning,HedenstiernaA,1880,1,https://litteraturbanken.se/författare/HedenstiernaA
spänning,HedenstiernaA,1890,8,https://litteraturbanken.se/författare/HedenstiernaA
spänning,HedenstiernaA,1900,1,https://litteraturbanken.se/författare/HedenstiernaA
spänning,HedinS,1900,28,https://litteraturbanken.se/författare/HedinS
spänning,HedinS,1910,45,https://litteraturbanken.se/författare/HedinS
spänning,HedinS,1920,5,https://litteraturbanken.se/författare/HedinS
spänning,HedvallY,1910,2,https://litteraturbanken.se/författare/HedvallY
spänning,HedvallY,1920,4,https://litteraturbanken.se/författare/HedvallY
spänning,HedvallY,1930,6,https://litteraturbanken.se/författare/HedvallY
spänning,HedvallY,1940,5,https://litteraturbanken.se/författare/HedvallY
spänning,HeidenstamV,1880,1,https://litteraturbanken.se/författare/HeidenstamV
spänning,HeidenstamV,1890,2,https://litteraturbanken.se/författare/HeidenstamV
spänning,HeidenstamV,1900,2,https://litteraturbanken.se/författare/HeidenstamV
spänning,HelvigA,1910,1,https://litteraturbanken.se/författare/HelvigA
spänning,HenrikssonJ,1880,1,https://litteraturbanken.se/författare/HenrikssonJ
spänning,HertzbergR,1880,5,https://litteraturbanken.se/författare/HertzbergR
spänning,HertzbergR,1890,1,https://litteraturbanken.se/författare/HertzbergR
spänning,HjelmR,1890,8,https://litteraturbanken.se/författare/HjelmR
spänning,HjohlmanHj,1880,1,https://litteraturbanken.se/författare/HjohlmanHj
spänning,HofstenJC,1870,2,https://litteraturbanken.se/författare/HofstenJC
spänning,HofstenJC,1880,1,https://litteraturbanken.se/författare/HofstenJC
spänning,HofstenJC,1890,5,https://litteraturbanken.se/författare/HofstenJC
spänning,HolmgrenAM,1890,1,https://litteraturbanken.se/författare/HolmgrenAM
spänning,HolmgrenAM,1910,1,https://litteraturbanken.se/författare/HolmgrenAM
spänning,HuldbergPU,1830,1,https://litteraturbanken.se/författare/HuldbergPU
spänning,HultinC,1840,3,https://litteraturbanken.se/författare/HultinC
spänning,HwasserI,1840,3,https://litteraturbanken.se/författare/HwasserI
spänning,HwasserI,1850,8,https://litteraturbanken.se/författare/HwasserI
spänning,HydénN,1890,8,https://litteraturbanken.se/författare/Hyd%C3%A9nN
spänning,HydénN,1900,4,https://litteraturbanken.se/författare/Hyd%C3%A9nN
spänning,HässlerO,1880,5,https://litteraturbanken.se/författare/H%C3%A4sslerO
spänning,HögbergO,1900,10,https://litteraturbanken.se/författare/H%C3%B6gbergO
spänning,HöggrenF,1840,1,https://litteraturbanken.se/författare/H%C3%B6ggrenF
spänning,HöglundHj,1900,1,https://litteraturbanken.se/författare/H%C3%B6glundHj
spänning,HögmanA,1890,1,https://litteraturbanken.se/författare/H%C3%B6gmanA
spänning,IbsenH,1870,5,https://litteraturbanken.se/författare/IbsenH
spänning,IbsenH,1880,4,https://litteraturbanken.se/författare/IbsenH
spänning,IdstromE,1890,5,https://litteraturbanken.se/författare/IdstromE
spänning,IngeliusAG,1850,5,https://litteraturbanken.se/författare/IngeliusAG
spänning,IngelmanGG,1830,1,https://litteraturbanken.se/författare/IngelmanGG
spänning,IvendorffCJ,1840,1,https://litteraturbanken.se/författare/IvendorffCJ
spänning,JahnssonEF,1870,3,https://litteraturbanken.se/författare/JahnssonEF
spänning,JamesD,1880,6,https://litteraturbanken.se/författare/JamesD
spänning,JansonB,1890,1,https://litteraturbanken.se/författare/JansonB
spänning,JohansonK,1900,2,https://litteraturbanken.se/författare/JohansonK
spänning,JohansonK,1940,11,https://litteraturbanken.se/författare/JohansonK
spänning,JohanssonDickensSJJ,1870,1,https://litteraturbanken.se/författare/JohanssonDickensSJJ
spänning,JohnsonJ,1880,2,https://litteraturbanken.se/författare/JohnsonJ
spänning,JohnsonJ,1890,6,https://litteraturbanken.se/författare/JohnsonJ
spänning,JohnsonJ,1900,1,https://litteraturbanken.se/författare/JohnsonJ
spänning,JohnssonH,1910,2,https://litteraturbanken.se/författare/JohnssonH
spänning,JolinJ,1870,2,https://litteraturbanken.se/författare/JolinJ
spänning,JolinJ,1880,2,https://litteraturbanken.se/författare/JolinJ
spänning,JolinJ,1890,1,https://litteraturbanken.se/författare/JolinJ
spänning,JolinJ,1920,1,https://litteraturbanken.se/författare/JolinJ
spänning,JunghansS,1870,1,https://litteraturbanken.se/författare/JunghansS
spänning,JäderinA,1890,1,https://litteraturbanken.se/författare/J%C3%A4derinA
spänning,JändelR,1920,6,https://litteraturbanken.se/författare/J%C3%A4ndelR
spänning,JändelR,1930,2,https://litteraturbanken.se/författare/J%C3%A4ndelR
spänning,JärtaH,1890,1,https://litteraturbanken.se/författare/J%C3%A4rtaH
spänning,KamkeH,1890,1,https://litteraturbanken.se/författare/KamkeH
spänning,KarlfeldtEA,1920,2,https://litteraturbanken.se/författare/KarlfeldtEA
spänning,KarlfeldtEA,1930,2,https://litteraturbanken.se/författare/KarlfeldtEA
spänning,KerfstedtA,1880,2,https://litteraturbanken.se/författare/KerfstedtA
spänning,KerfstedtA,1890,1,https://litteraturbanken.se/författare/KerfstedtA
spänning,KerfstedtA,1900,2,https://litteraturbanken.se/författare/KerfstedtA
spänning,KerfveA,1890,14,https://litteraturbanken.se/författare/KerfveA
spänning,KerfveA,1900,5,https://litteraturbanken.se/författare/KerfveA
spänning,KeyE,1890,1,https://litteraturbanken.se/författare/KeyE
spänning,KeyserHF,1850,2,https://litteraturbanken.se/författare/KeyserHF
spänning,KeyserHF,1870,2,https://litteraturbanken.se/författare/KeyserHF
spänning,KeyserHF,1890,2,https://litteraturbanken.se/författare/KeyserHF
spänning,Kiellman-GöransonJA,1840,3,https://litteraturbanken.se/författare/Kiellman-G%C3%B6ransonJA
spänning,Kiellman-GöransonJA,1850,6,https://litteraturbanken.se/författare/Kiellman-G%C3%B6ransonJA
spänning,Kiellman-GöransonJA,1860,1,https://litteraturbanken.se/författare/Kiellman-G%C3%B6ransonJA
spänning,KierkegaardS,1910,4,https://litteraturbanken.se/författare/KierkegaardS
spänning,KiplingR,1900,1,https://litteraturbanken.se/författare/KiplingR
spänning,KjellgrenJ,1930,12,https://litteraturbanken.se/författare/KjellgrenJ
spänning,KleenT,1900,1,https://litteraturbanken.se/författare/KleenT
spänning,KlemanE,1900,1,https://litteraturbanken.se/författare/KlemanE
spänning,KlinckowströmA,1890,1,https://litteraturbanken.se/författare/Klinckowstr%C3%B6mA
spänning,KléenE,1890,1,https://litteraturbanken.se/författare/Kl%C3%A9enE
spänning,KnorringS,1840,2,https://litteraturbanken.se/författare/KnorringS
spänning,KochM,1910,18,https://litteraturbanken.se/författare/KochM
spänning,KochR,1890,1,https://litteraturbanken.se/författare/KochR
spänning,KrookA,1860,9,https://litteraturbanken.se/författare/KrookA
spänning,KrookHS,1860,2,https://litteraturbanken.se/författare/KrookHS
spänning,KrusenstjernaA,1910,6,https://litteraturbanken.se/författare/KrusenstjernaA
spänning,KrusenstjernaA,1920,27,https://litteraturbanken.se/författare/KrusenstjernaA
spänning,KrusenstjernaA,1930,16,https://litteraturbanken.se/författare/KrusenstjernaA
spänning,KræmerL,1860,1,https://litteraturbanken.se/författare/Kr%C3%A6merL
spänning,KræmerL,1870,1,https://litteraturbanken.se/författare/Kr%C3%A6merL
spänning,KræmerV,1930,11,https://litteraturbanken.se/författare/Kr%C3%A6merV
spänning,KullbergKA,1830,2,https://litteraturbanken.se/författare/KullbergKA
spänning,KullbergKA,1840,3,https://litteraturbanken.se/författare/KullbergKA
spänning,KullbergKA,1870,1,https://litteraturbanken.se/författare/KullbergKA
spänning,KuylenstiernaE,1900,1,https://litteraturbanken.se/författare/KuylenstiernaE
spänning,KällströmA,1890,1,https://litteraturbanken.se/författare/K%C3%A4llstr%C3%B6mA
spänning,KämpeA,1900,1,https://litteraturbanken.se/författare/K%C3%A4mpeA
spänning,KämpeA,1910,4,https://litteraturbanken.se/författare/K%C3%A4mpeA
spänning,KärrströmEJ,1890,1,https://litteraturbanken.se/författare/K%C3%A4rrstr%C3%B6mEJ
spänning,LagerbringG,1880,2,https://litteraturbanken.se/författare/LagerbringG
spänning,LagergrenCarl,1880,1,https://litteraturbanken.se/författare/LagergrenCarl
spänning,LagerhjelmA,1870,1,https://litteraturbanken.se/författare/LagerhjelmA
spänning,LagerlöfS,1890,7,https://litteraturbanken.se/författare/Lagerl%C3%B6fS
spänning,LagerlöfS,1900,6,https://litteraturbanken.se/författare/Lagerl%C3%B6fS
spänning,LagerlöfS,1910,9,https://litteraturbanken.se/författare/Lagerl%C3%B6fS
spänning,LagerlöfS,1920,8,https://litteraturbanken.se/författare/Lagerl%C3%B6fS
spänning,LagerlöfS,1930,8,https://litteraturbanken.se/författare/Lagerl%C3%B6fS
spänning,LagerlöfS,1940,7,https://litteraturbanken.se/författare/Lagerl%C3%B6fS
spänning,LagerlöfS,2010,5,https://litteraturbanken.se/författare/Lagerl%C3%B6fS
spänning,LandahlM,1890,1,https://litteraturbanken.se/författare/LandahlM
spänning,LandahlM,1900,2,https://litteraturbanken.se/författare/LandahlM
spänning,LandquistE,1910,1,https://litteraturbanken.se/författare/LandquistE
spänning,LarssonC,1910,1,https://litteraturbanken.se/författare/LarssonC
spänning,LarssonH,1890,1,https://litteraturbanken.se/författare/LarssonH
spänning,LarssonH,1910,2,https://litteraturbanken.se/författare/LarssonH
spänning,LefflerAC,1880,7,https://litteraturbanken.se/författare/LefflerAC
spänning,LefflerAC,1890,2,https://litteraturbanken.se/författare/LefflerAC
spänning,LennstrandVE,1880,1,https://litteraturbanken.se/författare/LennstrandVE
spänning,LeopoldCG,1800,1,https://litteraturbanken.se/författare/LeopoldCG
spänning,LevartJ,1890,2,https://litteraturbanken.se/författare/LevartJ
spänning,LevertinO,1880,3,https://litteraturbanken.se/författare/LevertinO
spänning,LevertinO,1890,7,https://litteraturbanken.se/författare/LevertinO
spänning,LevertinO,1900,3,https://litteraturbanken.se/författare/LevertinO
spänning,LewaldA,1880,1,https://litteraturbanken.se/författare/LewaldA
spänning,LidforssB,1910,1,https://litteraturbanken.se/författare/LidforssB
spänning,LilliestiernaAE,1870,1,https://litteraturbanken.se/författare/LilliestiernaAE
spänning,LilljebjörnE,1890,1,https://litteraturbanken.se/författare/Lilljebj%C3%B6rnE
spänning,LinckEE,1870,3,https://litteraturbanken.se/författare/LinckEE
spänning,LindC,1900,1,https://litteraturbanken.se/författare/LindC
spänning,LindbergOE,1890,1,https://litteraturbanken.se/författare/LindbergOE
spänning,LindbergP,1920,9,https://litteraturbanken.se/författare/LindbergP
spänning,LindbergP,1930,9,https://litteraturbanken.se/författare/LindbergP
spänning,LindbergP,1940,65,https://litteraturbanken.se/författare/LindbergP
spänning,LindbladA,1890,5,https://litteraturbanken.se/författare/LindbladA
spänning,LindblomE,1880,1,https://litteraturbanken.se/författare/LindblomE
spänning,LindholmF,1880,1,https://litteraturbanken.se/författare/LindholmF
spänning,LindholmF,1890,1,https://litteraturbanken.se/författare/LindholmF
spänning,LindholmPA,1890,2,https://litteraturbanken.se/författare/LindholmPA
spänning,LindhéW,1880,5,https://litteraturbanken.se/författare/Lindh%C3%A9W
spänning,LindhéW,1890,6,https://litteraturbanken.se/författare/Lindh%C3%A9W
spänning,LindkvistA,1880,1,https://litteraturbanken.se/författare/LindkvistA
spänning,LindqvistG,1890,1,https://litteraturbanken.se/författare/LindqvistG
spänning,LindqvistJ,1870,1,https://litteraturbanken.se/författare/LindqvistJ
spänning,LindqvistJ,1880,4,https://litteraturbanken.se/författare/LindqvistJ
spänning,LindqvistM,1930,3,https://litteraturbanken.se/författare/LindqvistM
spänning,LindqvistUL,1840,2,https://litteraturbanken.se/författare/LindqvistUL
spänning,LindströmSigfrid,1920,5,https://litteraturbanken.se/författare/Lindstr%C3%B6mSigfrid
spänning,LindströmSigfrid,1930,3,https://litteraturbanken.se/författare/Lindstr%C3%B6mSigfrid
spänning,LingPH,1860,9,https://litteraturbanken.se/författare/LingPH
spänning,LinnarssonL,1950,1,https://litteraturbanken.se/författare/LinnarssonL
spänning,LjungbergE,1880,3,https://litteraturbanken.se/författare/LjungbergE
spänning,LjungbergE,1890,1,https://litteraturbanken.se/författare/LjungbergE
spänning,LjunggrenAG,1890,1,https://litteraturbanken.se/författare/LjunggrenAG
spänning,LjunggrenG,1860,2,https://litteraturbanken.se/författare/LjunggrenG
spänning,LjunggrenG,1870,4,https://litteraturbanken.se/författare/LjunggrenG
spänning,LjunggrenG,1880,4,https://litteraturbanken.se/författare/LjunggrenG
spänning,LjunggrenG,1890,4,https://litteraturbanken.se/författare/LjunggrenG
spänning,LjungstedtA,1860,1,https://litteraturbanken.se/författare/LjungstedtA
spänning,LjungstedtA,1870,19,https://litteraturbanken.se/författare/LjungstedtA
spänning,LovénN,1830,1,https://litteraturbanken.se/författare/Lov%C3%A9nN
spänning,LundbergE,1880,1,https://litteraturbanken.se/författare/LundbergE
spänning,LundegårdA,1880,4,https://litteraturbanken.se/författare/Lundeg%C3%A5rdA
spänning,LundegårdA,1890,63,https://litteraturbanken.se/författare/Lundeg%C3%A5rdA
spänning,LundegårdA,1900,21,https://litteraturbanken.se/författare/Lundeg%C3%A5rdA
spänning,LundegårdA,1910,10,https://litteraturbanken.se/författare/Lundeg%C3%A5rdA
spänning,LundegårdA,1920,2,https://litteraturbanken.se/författare/Lundeg%C3%A5rdA
spänning,LundinA,1890,1,https://litteraturbanken.se/författare/LundinA
spänning,LundinA,1900,1,https://litteraturbanken.se/författare/LundinA
spänning,LundinA,1910,1,https://litteraturbanken.se/författare/LundinA
spänning,LundinC,1870,1,https://litteraturbanken.se/författare/LundinC
spänning,LundinC,1890,1,https://litteraturbanken.se/författare/LundinC
spänning,LundquistA,1880,1,https://litteraturbanken.se/författare/LundquistA
spänning,LundquistA,1890,2,https://litteraturbanken.se/författare/LundquistA
spänning,LundquistE,1880,12,https://litteraturbanken.se/författare/LundquistE
spänning,LundquistE,1890,10,https://litteraturbanken.se/författare/LundquistE
spänning,LundströmIngeborg,1890,2,https://litteraturbanken.se/författare/Lundstr%C3%B6mIngeborg
spänning,LybeckM,1890,5,https://litteraturbanken.se/författare/LybeckM
spänning,LybeckM,1900,1,https://litteraturbanken.se/författare/LybeckM
spänning,LybeckM,1910,6,https://litteraturbanken.se/författare/LybeckM
spänning,LyckowG,1890,1,https://litteraturbanken.se/författare/LyckowG
spänning,LénströmCJ,1840,4,https://litteraturbanken.se/författare/L%C3%A9nstr%C3%B6mCJ
spänning,LöfgrenE,1930,3,https://litteraturbanken.se/författare/L%C3%B6fgrenE
spänning,LönnbergM,1880,2,https://litteraturbanken.se/författare/L%C3%B6nnbergM
spänning,MagnellCJ,1890,1,https://litteraturbanken.se/författare/MagnellCJ
spänning,MallingM,1880,1,https://litteraturbanken.se/författare/MallingM
spänning,MallingM,1890,15,https://litteraturbanken.se/författare/MallingM
spänning,MallingM,1900,4,https://litteraturbanken.se/författare/MallingM
spänning,MallingM,1920,1,https://litteraturbanken.se/författare/MallingM
spänning,MalmgrenT,1870,1,https://litteraturbanken.se/författare/MalmgrenT
spänning,MarholmL,1890,1,https://litteraturbanken.se/författare/MarholmL
spänning,MarinOU,1840,3,https://litteraturbanken.se/författare/MarinOU
spänning,MeijerB,1880,11,https://litteraturbanken.se/författare/MeijerB
spänning,MelanderR,1880,3,https://litteraturbanken.se/författare/MelanderR
spänning,MelanderR,1890,20,https://litteraturbanken.se/författare/MelanderR
spänning,MellinGH,1830,1,https://litteraturbanken.se/författare/MellinGH
spänning,MellinGH,1840,18,https://litteraturbanken.se/författare/MellinGH
spänning,MellinGH,1850,2,https://litteraturbanken.se/författare/MellinGH
spänning,MellinGH,1860,1,https://litteraturbanken.se/författare/MellinGH
spänning,MellinGH,1870,16,https://litteraturbanken.se/författare/MellinGH
spänning,MellinGH,1880,3,https://litteraturbanken.se/författare/MellinGH
spänning,MellinGH,1890,3,https://litteraturbanken.se/författare/MellinGH
spänning,MeyerA,1880,8,https://litteraturbanken.se/författare/MeyerA
spänning,MeyerG,1880,1,https://litteraturbanken.se/författare/MeyerG
spänning,MeyersonG,1890,2,https://litteraturbanken.se/författare/MeyersonG
spänning,MilowC,1890,1,https://litteraturbanken.se/författare/MilowC
spänning,ModinJE,1880,16,https://litteraturbanken.se/författare/ModinJE
spänning,MolanderH,1880,1,https://litteraturbanken.se/författare/MolanderH
spänning,MolanderH,1890,5,https://litteraturbanken.se/författare/MolanderH
spänning,MolinP,1890,2,https://litteraturbanken.se/författare/MolinP
spänning,MontgomeryLM,1900,7,https://litteraturbanken.se/författare/MontgomeryLM
spänning,MontgomeryLM,1910,4,https://litteraturbanken.se/författare/MontgomeryLM
spänning,MonténRA,1880,3,https://litteraturbanken.se/författare/Mont%C3%A9nRA
spänning,MortensenJ,1900,1,https://litteraturbanken.se/författare/MortensenJ
spänning,MortensenJ,1910,1,https://litteraturbanken.se/författare/MortensenJ
spänning,MuntheA,1880,2,https://litteraturbanken.se/författare/MuntheA
spänning,MuntheA,1900,4,https://litteraturbanken.se/författare/MuntheA
spänning,MuntheA,1930,1,https://litteraturbanken.se/författare/MuntheA
spänning,MyrbergA,1920,2,https://litteraturbanken.se/författare/MyrbergA
spänning,MöllerAW,1890,1,https://litteraturbanken.se/författare/M%C3%B6llerAW
spänning,MörneA,1920,3,https://litteraturbanken.se/författare/M%C3%B6rneA
spänning,MörnerJCA,1870,9,https://litteraturbanken.se/författare/M%C3%B6rnerJCA
spänning,NervanderJJ,1850,1,https://litteraturbanken.se/författare/NervanderJJ
spänning,NissenC,1890,1,https://litteraturbanken.se/författare/NissenC
spänning,NonnenE,1880,1,https://litteraturbanken.se/författare/NonnenE
spänning,NordenskiöldAE,1880,1,https://litteraturbanken.se/författare/Nordenski%C3%B6ldAE
spänning,NordensvanG,1870,1,https://litteraturbanken.se/författare/NordensvanG
spänning,NordensvanG,1880,4,https://litteraturbanken.se/författare/NordensvanG
spänning,NordströmEB,1910,3,https://litteraturbanken.se/författare/Nordstr%C3%B6mEB
spänning,NordströmEB,1920,2,https://litteraturbanken.se/författare/Nordstr%C3%B6mEB
spänning,NordströmEB,1930,3,https://litteraturbanken.se/författare/Nordstr%C3%B6mEB
spänning,NordströmL,1930,1,https://litteraturbanken.se/författare/Nordstr%C3%B6mL
spänning,NorlinM,1880,2,https://litteraturbanken.se/författare/NorlinM
spänning,NorlinM,1890,1,https://litteraturbanken.se/författare/NorlinM
spänning,NorströmV,1900,4,https://litteraturbanken.se/författare/Norstr%C3%B6mV
spänning,NorströmV,1910,10,https://litteraturbanken.se/författare/Norstr%C3%B6mV
spänning,NumersG,1890,1,https://litteraturbanken.se/författare/NumersG
spänning,NybergJC,1830,1,https://litteraturbanken.se/författare/NybergJC
spänning,NybergS,1860,2,https://litteraturbanken.se/författare/NybergS
spänning,NyblomCR,1860,1,https://litteraturbanken.se/författare/NyblomCR
spänning,NyblomH,1870,3,https://litteraturbanken.se/författare/NyblomH
spänning,NyblomH,1880,5,https://litteraturbanken.se/författare/NyblomH
spänning,NyblomH,1890,1,https://litteraturbanken.se/författare/NyblomH
spänning,NyblomH,1910,2,https://litteraturbanken.se/författare/NyblomH
spänning,NycanderF,1890,1,https://litteraturbanken.se/författare/NycanderF
spänning,NylénPG,1920,2,https://litteraturbanken.se/författare/Nyl%C3%A9nPG
spänning,NyströmL,1890,1,https://litteraturbanken.se/författare/Nystr%C3%B6mL
spänning,NèlsonJF,1880,2,https://litteraturbanken.se/författare/N%C3%A8lsonJF
spänning,OlivecronaR,1880,1,https://litteraturbanken.se/författare/OlivecronaR
spänning,OlofssonK,1920,1,https://litteraturbanken.se/författare/OlofssonK
spänning,OrczyE,1900,4,https://litteraturbanken.se/författare/OrczyE
spänning,OterdahlJ,1910,10,https://litteraturbanken.se/författare/OterdahlJ
spänning,Ovidius,1820,2,https://litteraturbanken.se/författare/Ovidius
spänning,OxenstiernaMGL,1890,1,https://litteraturbanken.se/författare/OxenstiernaMGL
spänning,PalmAmy,1890,1,https://litteraturbanken.se/författare/PalmAmy
spänning,PalmbladVF,1840,12,https://litteraturbanken.se/författare/PalmbladVF
spänning,PalmbladVF,1850,1,https://litteraturbanken.se/författare/PalmbladVF
spänning,PalmstjernaCO,1830,4,https://litteraturbanken.se/författare/PalmstjernaCO
spänning,PaulA,1890,3,https://litteraturbanken.se/författare/PaulA
spänning,PauliG,1910,2,https://litteraturbanken.se/författare/PauliG
spänning,PereswetoffMorathF,1860,1,https://litteraturbanken.se/författare/PereswetoffMorathF
spänning,PerssonF,1900,6,https://litteraturbanken.se/författare/PerssonF
spänning,PerssonF,1910,3,https://litteraturbanken.se/författare/PerssonF
spänning,PontoppidanH,1890,1,https://litteraturbanken.se/författare/PontoppidanH
spänning,QuennerstedtA,1900,2,https://litteraturbanken.se/författare/QuennerstedtA
spänning,QuennerstedtA,1910,6,https://litteraturbanken.se/författare/QuennerstedtA
spänning,QvistO,1900,2,https://litteraturbanken.se/författare/QvistO
spänning,RegisJ,1910,10,https://litteraturbanken.se/författare/RegisJ
spänning,RidderstadCF,1840,3,https://litteraturbanken.se/författare/RidderstadCF
spänning,RidderstadCF,1850,7,https://litteraturbanken.se/författare/RidderstadCF
spänning,RidderstadCF,1880,4,https://litteraturbanken.se/författare/RidderstadCF
spänning,RietzJE,1860,6,https://litteraturbanken.se/författare/RietzJE
spänning,RoseniusCO,1890,2,https://litteraturbanken.se/författare/RoseniusCO
spänning,RosénJM,1840,1,https://litteraturbanken.se/författare/Ros%C3%A9nJM
spänning,RothSO,1880,1,https://litteraturbanken.se/författare/RothSO
spänning,RubensonO,1880,5,https://litteraturbanken.se/författare/RubensonO
spänning,RudbeckTG,1840,1,https://litteraturbanken.se/författare/RudbeckTG
spänning,RuinH,1930,7,https://litteraturbanken.se/författare/RuinH
spänning,RuinH,1940,2,https://litteraturbanken.se/författare/RuinH
spänning,RuinH,1960,7,https://litteraturbanken.se/författare/RuinH
spänning,RunebergFC,1850,2,https://litteraturbanken.se/författare/RunebergFC
spänning,RunebergJL,1870,1,https://litteraturbanken.se/författare/RunebergJL
spänning,RydbergCH,1860,1,https://litteraturbanken.se/författare/RydbergCH
spänning,RydbergV,1850,9,https://litteraturbanken.se/författare/RydbergV
spänning,RydbergV,1870,2,https://litteraturbanken.se/författare/RydbergV
spänning,RydbergV,1880,1,https://litteraturbanken.se/författare/RydbergV
spänning,SachsH,1900,1,https://litteraturbanken.se/författare/SachsH
spänning,SandA,1950,3,https://litteraturbanken.se/författare/SandA
spänning,SandbergA,1880,4,https://litteraturbanken.se/författare/SandbergA
spänning,SandbergA,1890,7,https://litteraturbanken.se/författare/SandbergA
spänning,SandbergE,1890,2,https://litteraturbanken.se/författare/SandbergE
spänning,SandelM,1900,4,https://litteraturbanken.se/författare/SandelM
spänning,SandelM,1910,9,https://litteraturbanken.se/författare/SandelM
spänning,SandelM,1920,7,https://litteraturbanken.se/författare/SandelM
spänning,SandströmerC,1870,1,https://litteraturbanken.se/författare/Sandstr%C3%B6merC
spänning,SaxonJL,1880,2,https://litteraturbanken.se/författare/SaxonJL
spänning,SaxonJL,1890,1,https://litteraturbanken.se/författare/SaxonJL
spänning,SaxonJL,1900,2,https://litteraturbanken.se/författare/SaxonJL
spänning,SchenfeltI,1870,3,https://litteraturbanken.se/författare/SchenfeltI
spänning,SchenfeltI,1880,1,https://litteraturbanken.se/författare/SchenfeltI
spänning,SchildtR,1910,1,https://litteraturbanken.se/författare/SchildtR
spänning,SchildtR,1920,3,https://litteraturbanken.se/författare/SchildtR
spänning,SchirmerA,1870,4,https://litteraturbanken.se/författare/SchirmerA
spänning,ScholanderFW,1860,4,https://litteraturbanken.se/författare/ScholanderFW
spänning,SchreinerO,1910,1,https://litteraturbanken.se/författare/SchreinerO
spänning,SchröderG,1890,1,https://litteraturbanken.se/författare/Schr%C3%B6derG
spänning,SchwartzMS,1850,8,https://litteraturbanken.se/författare/SchwartzMS
spänning,SchwartzMS,1860,8,https://litteraturbanken.se/författare/SchwartzMS
spänning,SchwartzMS,1870,4,https://litteraturbanken.se/författare/SchwartzMS
spänning,SchwerinM,1840,2,https://litteraturbanken.se/författare/SchwerinM
spänning,SchöldströmB,1870,1,https://litteraturbanken.se/författare/Sch%C3%B6ldstr%C3%B6mB
spänning,SchöldströmKW,1880,4,https://litteraturbanken.se/författare/Sch%C3%B6ldstr%C3%B6mKW
spänning,SchückH,1890,1,https://litteraturbanken.se/författare/Sch%C3%BCckH
spänning,SefbomA,1870,1,https://litteraturbanken.se/författare/SefbomA
spänning,SegerstedtA,1870,2,https://litteraturbanken.se/författare/SegerstedtA
spänning,SegerstedtA,1880,4,https://litteraturbanken.se/författare/SegerstedtA
spänning,SegerstedtTorgny,1940,4,https://litteraturbanken.se/författare/SegerstedtTorgny
spänning,SernerG,1910,25,https://litteraturbanken.se/författare/SernerG
spänning,SernerG,1920,7,https://litteraturbanken.se/författare/SernerG
spänning,SilfverstolpeGM,1940,1,https://litteraturbanken.se/författare/SilfverstolpeGM
spänning,SillénAW,1870,1,https://litteraturbanken.se/författare/Sill%C3%A9nAW
spänning,SjöbergB,1920,19,https://litteraturbanken.se/författare/Sj%C3%B6bergB
spänning,SkarstedtCW,1880,1,https://litteraturbanken.se/författare/SkarstedtCW
spänning,SnellmanJV,1840,7,https://litteraturbanken.se/författare/SnellmanJV
spänning,SommeliusGL,1840,1,https://litteraturbanken.se/författare/SommeliusGL
spänning,SparreP,1830,1,https://litteraturbanken.se/författare/SparreP
spänning,SparreP,1850,1,https://litteraturbanken.se/författare/SparreP
spänning,SparreP,1870,1,https://litteraturbanken.se/författare/SparreP
spänning,StarbäckCG,1860,1,https://litteraturbanken.se/författare/Starb%C3%A4ckCG
spänning,StarbäckCG,1870,6,https://litteraturbanken.se/författare/Starb%C3%A4ckCG
spänning,StarnbergM,1890,2,https://litteraturbanken.se/författare/StarnbergM
spänning,StenhammarJA,1810,2,https://litteraturbanken.se/författare/StenhammarJA
spänning,StjernströmL,1880,1,https://litteraturbanken.se/författare/Stjernstr%C3%B6mL
spänning,StjernströmL,1890,8,https://litteraturbanken.se/författare/Stjernstr%C3%B6mL
spänning,StockenstrandI,1890,1,https://litteraturbanken.se/författare/StockenstrandI
spänning,StokerB,1900,4,https://litteraturbanken.se/författare/StokerB
spänning,StoweHB,1890,2,https://litteraturbanken.se/författare/StoweHB
spänning,StrindbergA,1880,4,https://litteraturbanken.se/författare/StrindbergA
spänning,StrindbergA,1890,6,https://litteraturbanken.se/författare/StrindbergA
spänning,StrindbergA,1900,2,https://litteraturbanken.se/författare/StrindbergA
spänning,StrindbergA,1910,1,https://litteraturbanken.se/författare/StrindbergA
spänning,StrussenfeltCCA,1820,1,https://litteraturbanken.se/författare/StrussenfeltCCA
spänning,StrussenfeltCCA,1830,3,https://litteraturbanken.se/författare/StrussenfeltCCA
spänning,StrussenfeltCCA,1840,2,https://litteraturbanken.se/författare/StrussenfeltCCA
spänning,StrussenfeltU,1850,6,https://litteraturbanken.se/författare/StrussenfeltU
spänning,StrussenfeltU,1860,2,https://litteraturbanken.se/författare/StrussenfeltU
spänning,StrömF,1940,4,https://litteraturbanken.se/författare/Str%C3%B6mF
spänning,StrömbergL,1890,1,https://litteraturbanken.se/författare/Str%C3%B6mbergL
spänning,StrömbergL,1900,1,https://litteraturbanken.se/författare/Str%C3%B6mbergL
spänning,StrömerHj,1880,1,https://litteraturbanken.se/författare/Str%C3%B6merHj
spänning,StyffeCG,1850,1,https://litteraturbanken.se/författare/StyffeCG
spänning,StyffeCG,1870,3,https://litteraturbanken.se/författare/StyffeCG
spänning,StyffeCG,1880,1,https://litteraturbanken.se/författare/StyffeCG
spänning,StålbergW,1840,3,https://litteraturbanken.se/författare/St%C3%A5lbergW
spänning,StålbergW,1850,1,https://litteraturbanken.se/författare/St%C3%A5lbergW
spänning,StålbergW,1860,5,https://litteraturbanken.se/författare/St%C3%A5lbergW
spänning,StéenhoffF,1900,4,https://litteraturbanken.se/författare/St%C3%A9enhoffF
spänning,StéenhoffF,1910,5,https://litteraturbanken.se/författare/St%C3%A9enhoffF
spänning,SundbladJ,1870,5,https://litteraturbanken.se/författare/SundbladJ
spänning,SundbladJ,1880,1,https://litteraturbanken.se/författare/SundbladJ
spänning,SundbladJ,1890,1,https://litteraturbanken.se/författare/SundbladJ
spänning,SundqvistEW,1890,6,https://litteraturbanken.se/författare/SundqvistEW
spänning,SundströmK,1860,1,https://litteraturbanken.se/författare/Sundstr%C3%B6mK
spänning,SuttnerB,1890,4,https://litteraturbanken.se/författare/SuttnerB
spänning,SvensonGranerH,1910,1,https://litteraturbanken.se/författare/SvensonGranerH
spänning,SätherbergH,1840,2,https://litteraturbanken.se/författare/S%C3%A4therbergH
spänning,SätherbergH,1870,1,https://litteraturbanken.se/författare/S%C3%A4therbergH
spänning,SöderbergH,1890,1,https://litteraturbanken.se/författare/S%C3%B6derbergH
spänning,SöderbergH,1900,6,https://litteraturbanken.se/författare/S%C3%B6derbergH
spänning,SöderbergH,1910,1,https://litteraturbanken.se/författare/S%C3%B6derbergH
spänning,SöderbergH,1920,3,https://litteraturbanken.se/författare/S%C3%B6derbergH
spänning,SöderbergH,1930,1,https://litteraturbanken.se/författare/S%C3%B6derbergH
spänning,SöderbergM,1920,1,https://litteraturbanken.se/författare/S%C3%B6derbergM
spänning,SöderbergM,1930,2,https://litteraturbanken.se/författare/S%C3%B6derbergM
spänning,SöderblomN,1920,6,https://litteraturbanken.se/författare/S%C3%B6derblomN
spänning,SöderhjelmA,1910,1,https://litteraturbanken.se/författare/S%C3%B6derhjelmA
spänning,SöderhjelmW,1900,4,https://litteraturbanken.se/författare/S%C3%B6derhjelmW
spänning,SöderholmK,1920,1,https://litteraturbanken.se/författare/S%C3%B6derholmK
spänning,SöderholmK,1930,2,https://litteraturbanken.se/författare/S%C3%B6derholmK
spänning,SöderholmK,1940,1,https://litteraturbanken.se/författare/S%C3%B6derholmK
spänning,SörmanP,1920,1,https://litteraturbanken.se/författare/S%C3%B6rmanP
spänning,SörmanP,1930,3,https://litteraturbanken.se/författare/S%C3%B6rmanP
spänning,TammH,1910,1,https://litteraturbanken.se/författare/TammH
spänning,TammelinF,1890,1,https://litteraturbanken.se/författare/TammelinF
spänning,TavaststjernaK,1880,6,https://litteraturbanken.se/författare/TavaststjernaK
spänning,TavaststjernaK,1890,32,https://litteraturbanken.se/författare/TavaststjernaK
spänning,TegnérE,1830,1,https://litteraturbanken.se/författare/Tegn%C3%A9rE
spänning,TenowE,1880,5,https://litteraturbanken.se/författare/TenowE
spänning,TersmedenM,1860,2,https://litteraturbanken.se/författare/TersmedenM
spänning,TersmedenM,1870,1,https://litteraturbanken.se/författare/TersmedenM
spänning,ThomassonN,1890,8,https://litteraturbanken.se/författare/ThomassonN
spänning,ThomassonP,1860,1,https://litteraturbanken.se/författare/ThomassonP
spänning,ThomassonP,1870,3,https://litteraturbanken.se/författare/ThomassonP
spänning,ThomassonP,1880,4,https://litteraturbanken.se/författare/ThomassonP
spänning,ThorildT,1900,1,https://litteraturbanken.se/författare/ThorildT
spänning,ThorsanderG,1880,2,https://litteraturbanken.se/författare/ThorsanderG
spänning,TopeliusZ,1850,3,https://litteraturbanken.se/författare/TopeliusZ
spänning,TopeliusZ,1860,2,https://litteraturbanken.se/författare/TopeliusZ
spänning,TopeliusZ,1880,9,https://litteraturbanken.se/författare/TopeliusZ
spänning,TrolleH,1860,1,https://litteraturbanken.se/författare/TrolleH
spänning,TrolleH,1870,7,https://litteraturbanken.se/författare/TrolleH
spänning,TrolleH,1880,5,https://litteraturbanken.se/författare/TrolleH
spänning,TörnblomJA,1910,12,https://litteraturbanken.se/författare/T%C3%B6rnblomJA
spänning,TörnblomJA,1920,5,https://litteraturbanken.se/författare/T%C3%B6rnblomJA
spänning,TörnebladhR,1880,1,https://litteraturbanken.se/författare/T%C3%B6rnebladhR
spänning,UddgrenG,1910,10,https://litteraturbanken.se/författare/UddgrenG
spänning,UllmanG,1900,2,https://litteraturbanken.se/författare/UllmanG
spänning,UndsetS,1910,3,https://litteraturbanken.se/författare/UndsetS
spänning,UndsetS,1920,1,https://litteraturbanken.se/författare/UndsetS
spänning,UngeOS,1830,1,https://litteraturbanken.se/författare/UngeOS
spänning,ValentinG,1910,1,https://litteraturbanken.se/författare/ValentinG
spänning,VirginAG,1860,2,https://litteraturbanken.se/författare/VirginAG
spänning,VirginAG,1880,1,https://litteraturbanken.se/författare/VirginAG
spänning,VisénK,1880,2,https://litteraturbanken.se/författare/Vis%C3%A9nK
spänning,VärnlundR,1920,8,https://litteraturbanken.se/författare/V%C3%A4rnlundR
spänning,VärnlundR,1930,18,https://litteraturbanken.se/författare/V%C3%A4rnlundR
spänning,WachtmeisterH,1880,1,https://litteraturbanken.se/författare/WachtmeisterH
spänning,WahlenbergA,1880,3,https://litteraturbanken.se/författare/WahlenbergA
spänning,WahlenbergA,1890,12,https://litteraturbanken.se/författare/WahlenbergA
spänning,WahlenbergA,1900,2,https://litteraturbanken.se/författare/WahlenbergA
spänning,WahlenbergA,1910,2,https://litteraturbanken.se/författare/WahlenbergA
spänning,WallengrenA,1890,2,https://litteraturbanken.se/författare/WallengrenA
spänning,WallinJP,1880,2,https://litteraturbanken.se/författare/WallinJP
spänning,WallmoU,1900,1,https://litteraturbanken.se/författare/WallmoU
spänning,WarburgK,1900,3,https://litteraturbanken.se/författare/WarburgK
spänning,WernbergHj,1890,31,https://litteraturbanken.se/författare/WernbergHj
spänning,WernbergHj,1900,30,https://litteraturbanken.se/författare/WernbergHj
spänning,WesterbergE,1900,1,https://litteraturbanken.se/författare/WesterbergE
spänning,WestermarckH,1900,3,https://litteraturbanken.se/författare/WestermarckH
spänning,WestinCE,1880,2,https://litteraturbanken.se/författare/WestinCE
spänning,WetterberghCA,1840,10,https://litteraturbanken.se/författare/WetterberghCA
spänning,WetterberghCA,1850,4,https://litteraturbanken.se/författare/WetterberghCA
spänning,WetterberghCA,1880,5,https://litteraturbanken.se/författare/WetterberghCA
spänning,WettergrundJ,1880,5,https://litteraturbanken.se/författare/WettergrundJ
spänning,WickströmVH,1880,1,https://litteraturbanken.se/författare/Wickstr%C3%B6mVH
spänning,WickströmVH,1890,1,https://litteraturbanken.se/författare/Wickstr%C3%B6mVH
spänning,WickströmVH,1900,1,https://litteraturbanken.se/författare/Wickstr%C3%B6mVH
spänning,WidmarkPF,1870,1,https://litteraturbanken.se/författare/WidmarkPF
spänning,WieselgrenS,1860,1,https://litteraturbanken.se/författare/WieselgrenS
spänning,WieselgrenS,1870,1,https://litteraturbanken.se/författare/WieselgrenS
spänning,WieselgrenS,1890,1,https://litteraturbanken.se/författare/WieselgrenS
spänning,WigertInèz,1890,2,https://litteraturbanken.se/författare/WigertIn%C3%A8z
spänning,WigströmE,1870,9,https://litteraturbanken.se/författare/Wigstr%C3%B6mE
spänning,WigströmE,1890,4,https://litteraturbanken.se/författare/Wigstr%C3%B6mE
spänning,WiknerP,1880,2,https://litteraturbanken.se/författare/WiknerP
spänning,WinterR,1870,2,https://litteraturbanken.se/författare/WinterR
spänning,WinterR,1880,1,https://litteraturbanken.se/författare/WinterR
spänning,WinterR,1890,1,https://litteraturbanken.se/författare/WinterR
spänning,WittO,1910,60,https://litteraturbanken.se/författare/WittO
spänning,WranérH,1880,2,https://litteraturbanken.se/författare/Wran%C3%A9rH
spänning,WranérH,1900,1,https://litteraturbanken.se/författare/Wran%C3%A9rH
spänning,WägnerE,1900,1,https://litteraturbanken.se/författare/W%C3%A4gnerE
spänning,WägnerE,1910,28,https://litteraturbanken.se/författare/W%C3%A4gnerE
spänning,WägnerE,1920,36,https://litteraturbanken.se/författare/W%C3%A4gnerE
spänning,WägnerE,1930,34,https://litteraturbanken.se/författare/W%C3%A4gnerE
spänning,WägnerE,1940,12,https://litteraturbanken.se/författare/W%C3%A4gnerE
spänning,WågmanFO,1900,7,https://litteraturbanken.se/författare/W%C3%A5gmanFO
spänning,WåhlstrandK,1880,1,https://litteraturbanken.se/författare/W%C3%A5hlstrandK
spänning,ZetterströmH,1900,1,https://litteraturbanken.se/författare/Zetterstr%C3%B6mH
spänning,ÅbergJO,1870,7,https://litteraturbanken.se/författare/%C3%85bergJO
spänning,ÅbergJO,1880,28,https://litteraturbanken.se/författare/%C3%85bergJO
spänning,ÅbergJO,1890,27,https://litteraturbanken.se/författare/%C3%85bergJO
spänning,ÅbergJO,1900,3,https://litteraturbanken.se/författare/%C3%85bergJO
spänning,ÅbergK,1880,3,https://litteraturbanken.se/författare/%C3%85bergK
spänning,ÅgrenR,1890,1,https://litteraturbanken.se/författare/%C3%85grenR
spänning,ÅkerbergS,1890,1,https://litteraturbanken.se/författare/%C3%85kerbergS
spänning,ÖbergLT,1850,2,https://litteraturbanken.se/författare/%C3%96bergLT
spänning,ÖdmanP,1880,10,https://litteraturbanken.se/författare/%C3%96dmanP
spänning,ÖdmanP,1890,4,https://litteraturbanken.se/författare/%C3%96dmanP
spänning,ÖdmannJM,1870,1,https://litteraturbanken.se/författare/%C3%96dmannJM
spänning,ÖdmannJM,1880,5,https://litteraturbanken.se/författare/%C3%96dmannJM
spänning,ÖdmannJM,1900,1,https://litteraturbanken.se/författare/%C3%96dmannJM
strålning,Anonym,1930,1,https://litteraturbanken.se/författare/Anonym
strålning,AtterbomPDA,1840,1,https://litteraturbanken.se/författare/AtterbomPDA
strålning,EkelundV,1900,6,https://litteraturbanken.se/författare/EkelundV
strålning,EkelundV,1930,4,https://litteraturbanken.se/författare/EkelundV
strålning,EkelundV,1940,2,https://litteraturbanken.se/författare/EkelundV
strålning,GoveniusLJ,1850,1,https://litteraturbanken.se/författare/GoveniusLJ
strålning,HasselskogN,1930,1,https://litteraturbanken.se/författare/HasselskogN
strålning,JonssonT,1950,1,https://litteraturbanken.se/författare/JonssonT
strålning,LevertinO,1890,1,https://litteraturbanken.se/författare/LevertinO
strålning,LindbergP,1940,1,https://litteraturbanken.se/författare/LindbergP
strålning,LindqvistM,1930,1,https://litteraturbanken.se/författare/LindqvistM
strålning,NilssonA,1910,1,https://litteraturbanken.se/författare/NilssonA
strålning,NordströmL,1900,1,https://litteraturbanken.se/författare/Nordstr%C3%B6mL
strålning,RuinH,1930,1,https://litteraturbanken.se/författare/RuinH
strålning,RuinH,1940,1,https://litteraturbanken.se/författare/RuinH
strålning,RydbergV,1870,1,https://litteraturbanken.se/författare/RydbergV
strålning,StrindbergA,1890,2,https://litteraturbanken.se/författare/StrindbergA
strålning,StéenhoffF,1910,1,https://litteraturbanken.se/författare/St%C3%A9enhoffF
strålning,WigströmE,1890,1,https://litteraturbanken.se/författare/Wigstr%C3%B6mE
strålning,WittO,1910,6,https://litteraturbanken.se/författare/WittO
strålning,WägnerE,1930,2,https://litteraturbanken.se/författare/W%C3%A4gnerE
ström,AdelborgO,1900,2,https://litteraturbanken.se/författare/AdelborgO
ström,AdlersparreCA,1840,9,https://litteraturbanken.se/författare/AdlersparreCA
ström,AdlersparreCA,1850,1,https://litteraturbanken.se/författare/AdlersparreCA
ström,AdlersparreGA,1880,8,https://litteraturbanken.se/författare/AdlersparreGA
ström,AdlersparreKA,1880,3,https://litteraturbanken.se/författare/AdlersparreKA
ström,AfzeliusAA,1840,10,https://litteraturbanken.se/författare/AfzeliusAA
ström,AfzeliusAA,1850,2,https://litteraturbanken.se/författare/AfzeliusAA
ström,AfzeliusAJ,1840,1,https://litteraturbanken.se/författare/AfzeliusAJ
ström,AfzeliusAJ,1850,2,https://litteraturbanken.se/författare/AfzeliusAJ
ström,AgrellA,1880,5,https://litteraturbanken.se/författare/AgrellA
ström,AgrellA,1890,10,https://litteraturbanken.se/författare/AgrellA
ström,AgrellA,1910,4,https://litteraturbanken.se/författare/AgrellA
ström,AhlbomM,1860,10,https://litteraturbanken.se/författare/AhlbomM
ström,AhlborgG,1880,2,https://litteraturbanken.se/författare/AhlborgG
ström,AhlqvistA,1840,4,https://litteraturbanken.se/författare/AhlqvistA
ström,AhlströmOC,1890,9,https://litteraturbanken.se/författare/Ahlstr%C3%B6mOC
ström,AhnfeltA,1870,1,https://litteraturbanken.se/författare/AhnfeltA
ström,AhnfeltLaurinE,1880,1,https://litteraturbanken.se/författare/AhnfeltLaurinE
ström,AhrenbergJ,1870,5,https://litteraturbanken.se/författare/AhrenbergJ
ström,AhrenbergJ,1880,15,https://litteraturbanken.se/författare/AhrenbergJ
ström,AhrenbergJ,1890,95,https://litteraturbanken.se/författare/AhrenbergJ
ström,AlcottLM,1870,7,https://litteraturbanken.se/författare/AlcottLM
ström,AlfredsonC,2010,2,https://litteraturbanken.se/författare/AlfredsonC
ström,AlfthanGE,1880,6,https://litteraturbanken.se/författare/AlfthanGE
ström,AlfthanJ,1870,3,https://litteraturbanken.se/författare/AlfthanJ
ström,AlfthanJ,1880,2,https://litteraturbanken.se/författare/AlfthanJ
ström,AlinJ,1910,1,https://litteraturbanken.se/författare/AlinJ
ström,AllardtA,1880,8,https://litteraturbanken.se/författare/AllardtA
ström,AllvarssonA,1890,1,https://litteraturbanken.se/författare/AllvarssonA
ström,AlmL,1850,1,https://litteraturbanken.se/författare/AlmL
ström,AlmkvistJA,1870,4,https://litteraturbanken.se/författare/AlmkvistJA
ström,AlmquistCA,1840,2,https://litteraturbanken.se/författare/AlmquistCA
ström,AlmquistV,1880,1,https://litteraturbanken.se/författare/AlmquistV
ström,AlmqvistCJL,1830,20,https://litteraturbanken.se/författare/AlmqvistCJL
ström,AlmqvistCJL,1840,16,https://litteraturbanken.se/författare/AlmqvistCJL
ström,AlmqvistCJL,1870,8,https://litteraturbanken.se/författare/AlmqvistCJL
ström,AlmqvistG,1890,7,https://litteraturbanken.se/författare/AlmqvistG
ström,AlménR,1890,1,https://litteraturbanken.se/författare/Alm%C3%A9nR
ström,AlthénG,1870,1,https://litteraturbanken.se/författare/Alth%C3%A9nG
ström,AlténVA,1830,5,https://litteraturbanken.se/författare/Alt%C3%A9nVA
ström,AmeenG,1840,3,https://litteraturbanken.se/författare/AmeenG
ström,AméenE,1880,6,https://litteraturbanken.se/författare/Am%C3%A9enE
ström,AméenE,1890,10,https://litteraturbanken.se/författare/Am%C3%A9enE
ström,AndersL,1890,1,https://litteraturbanken.se/författare/AndersL
ström,AndersenHC,1870,1,https://litteraturbanken.se/författare/AndersenHC
ström,AndersonA,1860,2,https://litteraturbanken.se/författare/AndersonA
ström,AndersonH,1890,11,https://litteraturbanken.se/författare/AndersonH
ström,AndersonH,1900,9,https://litteraturbanken.se/författare/AndersonH
ström,AnderssonAn,1880,1,https://litteraturbanken.se/författare/AnderssonAn
ström,AnderssonCG,1850,1,https://litteraturbanken.se/författare/AnderssonCG
ström,AnderssonCG,1860,4,https://litteraturbanken.se/författare/AnderssonCG
ström,AnderssonD,1910,11,https://litteraturbanken.se/författare/AnderssonD
ström,AnderssonD,1920,4,https://litteraturbanken.se/författare/AnderssonD
ström,AnderssonHilding,1900,1,https://litteraturbanken.se/författare/AnderssonHilding
ström,AnderssonHilma,1900,2,https://litteraturbanken.se/författare/AnderssonHilma
ström,AndréeA,1830,1,https://litteraturbanken.se/författare/Andr%C3%A9eA
ström,AndrénO,1890,5,https://litteraturbanken.se/författare/Andr%C3%A9nO
ström,AngeredStrandbergH,1880,8,https://litteraturbanken.se/författare/AngeredStrandbergH
ström,AngeredStrandbergH,1890,12,https://litteraturbanken.se/författare/AngeredStrandbergH
ström,AngeredStrandbergH,1900,11,https://litteraturbanken.se/författare/AngeredStrandbergH
ström,AngeredStrandbergH,1910,7,https://litteraturbanken.se/författare/AngeredStrandbergH
ström,AngeredStrandbergH,1920,1,https://litteraturbanken.se/författare/AngeredStrandbergH
ström,AnholmM,1890,25,https://litteraturbanken.se/författare/AnholmM
ström,Anonym,1700,25,https://litteraturbanken.se/författare/Anonym
ström,Anonym,1830,38,https://litteraturbanken.se/författare/Anonym
ström,Anonym,1840,39,https://litteraturbanken.se/författare/Anonym
ström,Anonym,1850,47,https://litteraturbanken.se/författare/Anonym
ström,Anonym,1860,176,https://litteraturbanken.se/författare/Anonym
ström,Anonym,1870,72,https://litteraturbanken.se/författare/Anonym
ström,Anonym,1880,92,https://litteraturbanken.se/författare/Anonym
ström,Anonym,1890,139,https://litteraturbanken.se/författare/Anonym
ström,Anonym,1900,8,https://litteraturbanken.se/författare/Anonym
ström,Anonym,1910,4,https://litteraturbanken.se/författare/Anonym
ström,Anonym,1930,18,https://litteraturbanken.se/författare/Anonym
ström,Anonym,1940,8,https://litteraturbanken.se/författare/Anonym
ström,ArfwedsonCD,1840,15,https://litteraturbanken.se/författare/ArfwedsonCD
ström,ArfwedsonCD,1870,3,https://litteraturbanken.se/författare/ArfwedsonCD
ström,ArfwidssonA,1880,3,https://litteraturbanken.se/författare/ArfwidssonA
ström,ArmfeltGJP,1870,5,https://litteraturbanken.se/författare/ArmfeltGJP
ström,ArnoldsonKP,1860,4,https://litteraturbanken.se/författare/ArnoldsonKP
ström,AroseniusFR,1860,10,https://litteraturbanken.se/författare/AroseniusFR
ström,AroseniusI,1900,1,https://litteraturbanken.se/författare/AroseniusI
ström,ArvidssonAI,1830,14,https://litteraturbanken.se/författare/ArvidssonAI
ström,ArvidssonAI,1840,1,https://litteraturbanken.se/författare/ArvidssonAI
ström,AtterbomPDA,1830,28,https://litteraturbanken.se/författare/AtterbomPDA
ström,AtterbomPDA,1840,28,https://litteraturbanken.se/författare/AtterbomPDA
ström,AtterbomPDA,1850,5,https://litteraturbanken.se/författare/AtterbomPDA
ström,AtterbomPDA,1910,5,https://litteraturbanken.se/författare/AtterbomPDA
ström,AtterlingCH,1860,1,https://litteraturbanken.se/författare/AtterlingCH
ström,AureliusH,1890,1,https://litteraturbanken.se/författare/AureliusH
ström,AurellW,1860,8,https://litteraturbanken.se/författare/AurellW
ström,AurellW,1890,7,https://litteraturbanken.se/författare/AurellW
ström,AvellanH,1840,1,https://litteraturbanken.se/författare/AvellanH
ström,AxelsonM,1840,4,https://litteraturbanken.se/författare/AxelsonM
ström,AxelsonM,1850,5,https://litteraturbanken.se/författare/AxelsonM
ström,AxelsonM,1860,5,https://litteraturbanken.se/författare/AxelsonM
ström,AxelsonM,1870,3,https://litteraturbanken.se/författare/AxelsonM
ström,AxelssonA,1880,2,https://litteraturbanken.se/författare/AxelssonA
ström,BacklundG,1880,1,https://litteraturbanken.se/författare/BacklundG
ström,BackmanA,1890,4,https://litteraturbanken.se/författare/BackmanA
ström,BackmanA,1900,1,https://litteraturbanken.se/författare/BackmanA
ström,BaggeP,1880,17,https://litteraturbanken.se/författare/BaggeP
ström,BaggerAA,1890,10,https://litteraturbanken.se/författare/BaggerAA
ström,BahrJF,1830,1,https://litteraturbanken.se/författare/BahrJF
ström,BarkstedtZL,1840,1,https://litteraturbanken.se/författare/BarkstedtZL
ström,BarthelsonF,1870,2,https://litteraturbanken.se/författare/BarthelsonF
ström,BeckerH,1870,3,https://litteraturbanken.se/författare/BeckerH
ström,BeckerH,1880,5,https://litteraturbanken.se/författare/BeckerH
ström,BeckmanE,1890,4,https://litteraturbanken.se/författare/BeckmanE
ström,BeckmanS,1880,1,https://litteraturbanken.se/författare/BeckmanS
ström,BehmO,1880,1,https://litteraturbanken.se/författare/BehmO
ström,BenedictssonV,1880,14,https://litteraturbanken.se/författare/BenedictssonV
ström,BenedictssonV,1890,4,https://litteraturbanken.se/författare/BenedictssonV
ström,BenedictssonV,1910,3,https://litteraturbanken.se/författare/BenedictssonV
ström,BensowO,1880,1,https://litteraturbanken.se/författare/BensowO
ström,BensowO,1890,5,https://litteraturbanken.se/författare/BensowO
ström,BenzelstiernaG,1880,4,https://litteraturbanken.se/författare/BenzelstiernaG
ström,BenzonK,1900,3,https://litteraturbanken.se/författare/BenzonK
ström,BergCO,1880,1,https://litteraturbanken.se/författare/BergCO
ström,BergCO,1890,14,https://litteraturbanken.se/författare/BergCO
ström,BergD,1910,9,https://litteraturbanken.se/författare/BergD
ström,BergD,1930,1,https://litteraturbanken.se/författare/BergD
ström,BergJA,1860,19,https://litteraturbanken.se/författare/BergJA
ström,BergPG,1860,19,https://litteraturbanken.se/författare/BergPG
ström,BergPG,1870,7,https://litteraturbanken.se/författare/BergPG
ström,BergRG,1890,1,https://litteraturbanken.se/författare/BergRG
ström,BergRG,1900,3,https://litteraturbanken.se/författare/BergRG
ström,BergenströmAJ,1840,4,https://litteraturbanken.se/författare/Bergenstr%C3%B6mAJ
ström,BergerH,1900,26,https://litteraturbanken.se/författare/BergerH
ström,BergerH,1910,14,https://litteraturbanken.se/författare/BergerH
ström,BergerL,1880,8,https://litteraturbanken.se/författare/BergerL
ström,BerggrenAJ,1860,1,https://litteraturbanken.se/författare/BerggrenAJ
ström,BerghR,1900,3,https://litteraturbanken.se/författare/BerghR
ström,BerglundV,1850,1,https://litteraturbanken.se/författare/BerglundV
ström,BergmanCJ,1880,6,https://litteraturbanken.se/författare/BergmanCJ
ström,BergmanCW,1840,3,https://litteraturbanken.se/författare/BergmanCW
ström,BergmanD,1890,2,https://litteraturbanken.se/författare/BergmanD
ström,BergmanHj,1900,8,https://litteraturbanken.se/författare/BergmanHj
ström,BergmanHj,1910,4,https://litteraturbanken.se/författare/BergmanHj
ström,BergmanHj,1920,10,https://litteraturbanken.se/författare/BergmanHj
ström,BergmanJ,1890,4,https://litteraturbanken.se/författare/BergmanJ
ström,BergmanJM,1870,2,https://litteraturbanken.se/författare/BergmanJM
ström,BergstedtAEM,1860,5,https://litteraturbanken.se/författare/BergstedtAEM
ström,BergstrandPE,1860,2,https://litteraturbanken.se/författare/BergstrandPE
ström,BergstrandPE,1880,1,https://litteraturbanken.se/författare/BergstrandPE
ström,BergströmEO,1890,10,https://litteraturbanken.se/författare/Bergstr%C3%B6mEO
ström,BergströmR,1880,14,https://litteraturbanken.se/författare/Bergstr%C3%B6mR
ström,BergströmR,1890,6,https://litteraturbanken.se/författare/Bergstr%C3%B6mR
ström,BergsøeV,1870,6,https://litteraturbanken.se/författare/Bergs%C3%B8eV
ström,BerlinAC,1840,13,https://litteraturbanken.se/författare/BerlinAC
ström,BerndtsonF,1850,2,https://litteraturbanken.se/författare/BerndtsonF
ström,BerndtsonF,1860,1,https://litteraturbanken.se/författare/BerndtsonF
ström,BerndtsonF,1880,6,https://litteraturbanken.se/författare/BerndtsonF
ström,BeskowBvon,1870,3,https://litteraturbanken.se/författare/BeskowBvon
ström,BeskowCA,1880,3,https://litteraturbanken.se/författare/BeskowCA
ström,BeskowElisabeth,1920,5,https://litteraturbanken.se/författare/BeskowElisabeth
ström,BillmarkCJ,1840,8,https://litteraturbanken.se/författare/BillmarkCJ
ström,BjarkeFC,1890,6,https://litteraturbanken.se/författare/BjarkeFC
ström,BjurstenH,1840,4,https://litteraturbanken.se/författare/BjurstenH
ström,BjurstenH,1850,63,https://litteraturbanken.se/författare/BjurstenH
ström,BjurstenH,1860,13,https://litteraturbanken.se/författare/BjurstenH
ström,BjurströmG,1870,7,https://litteraturbanken.se/författare/Bjurstr%C3%B6mG
ström,BjurströmG,1880,1,https://litteraturbanken.se/författare/Bjurstr%C3%B6mG
ström,BjörckED,1860,8,https://litteraturbanken.se/författare/Bj%C3%B6rckED
ström,BjörckJH,1870,2,https://litteraturbanken.se/författare/Bj%C3%B6rckJH
ström,BjörckT,1850,4,https://litteraturbanken.se/författare/Bj%C3%B6rckT
ström,BjörkmanCG,1880,3,https://litteraturbanken.se/författare/Bj%C3%B6rkmanCG
ström,BjörkmanG,1880,3,https://litteraturbanken.se/författare/Bj%C3%B6rkmanG
ström,BjörlinG,1870,9,https://litteraturbanken.se/författare/Bj%C3%B6rlinG
ström,BjörlinG,1880,20,https://litteraturbanken.se/författare/Bj%C3%B6rlinG
ström,BjörlinG,1890,22,https://litteraturbanken.se/författare/Bj%C3%B6rlinG
ström,BjörlinG,1900,14,https://litteraturbanken.se/författare/Bj%C3%B6rlinG
ström,BjörlinG,1910,8,https://litteraturbanken.se/författare/Bj%C3%B6rlinG
ström,BjörlingF,1870,11,https://litteraturbanken.se/författare/Bj%C3%B6rlingF
ström,BjörlingF,1880,17,https://litteraturbanken.se/författare/Bj%C3%B6rlingF
ström,BlachetG,1890,1,https://litteraturbanken.se/författare/BlachetG
ström,BlancheA,1840,40,https://litteraturbanken.se/författare/BlancheA
ström,BlancheA,1850,8,https://litteraturbanken.se/författare/BlancheA
ström,BlancheT,1880,3,https://litteraturbanken.se/författare/BlancheT
ström,BlancheT,1890,5,https://litteraturbanken.se/författare/BlancheT
ström,BlixénA,1860,3,https://litteraturbanken.se/författare/Blix%C3%A9nA
ström,BlomL,1890,2,https://litteraturbanken.se/författare/BlomL
ström,BlombergH,1910,5,https://litteraturbanken.se/författare/BlombergH
ström,BlombergH,1920,27,https://litteraturbanken.se/författare/BlombergH
ström,BlomgrenEG,1860,1,https://litteraturbanken.se/författare/BlomgrenEG
ström,BlomgrenJC,1850,1,https://litteraturbanken.se/författare/BlomgrenJC
ström,BlumauerK,1830,1,https://litteraturbanken.se/författare/BlumauerK
ström,BlumenbergHG,1870,3,https://litteraturbanken.se/författare/BlumenbergHG
ström,BobergC,1890,27,https://litteraturbanken.se/författare/BobergC
ström,BobergC,1900,16,https://litteraturbanken.se/författare/BobergC
ström,BohlinSAT,1870,2,https://litteraturbanken.se/författare/BohlinSAT
ström,BohmanJG,1880,3,https://litteraturbanken.se/författare/BohmanJG
ström,BoismanAW,1890,1,https://litteraturbanken.se/författare/BoismanAW
ström,BolanderS,1840,21,https://litteraturbanken.se/författare/BolanderS
ström,BolanderS,1850,14,https://litteraturbanken.se/författare/BolanderS
ström,BolanderS,1860,23,https://litteraturbanken.se/författare/BolanderS
ström,BolauH,1890,1,https://litteraturbanken.se/författare/BolauH
ström,BollstenJC,1840,6,https://litteraturbanken.se/författare/BollstenJC
ström,BondeK,1880,3,https://litteraturbanken.se/författare/BondeK
ström,BondesonA,1880,18,https://litteraturbanken.se/författare/BondesonA
ström,BondesonA,1890,3,https://litteraturbanken.se/författare/BondesonA
ström,BondesonA,1900,18,https://litteraturbanken.se/författare/BondesonA
ström,BonggrenJ,1880,5,https://litteraturbanken.se/författare/BonggrenJ
ström,BoreE,1900,2,https://litteraturbanken.se/författare/BoreE
ström,BoreliusH,1900,3,https://litteraturbanken.se/författare/BoreliusH
ström,BorgströmFL,1870,2,https://litteraturbanken.se/författare/Borgstr%C3%B6mFL
ström,BoyeK,1920,5,https://litteraturbanken.se/författare/BoyeK
ström,BoyeK,1930,10,https://litteraturbanken.se/författare/BoyeK
ström,BoyeK,1940,6,https://litteraturbanken.se/författare/BoyeK
ström,BragH,1840,2,https://litteraturbanken.se/författare/BragH
ström,BragerMH,1880,2,https://litteraturbanken.se/författare/BragerMH
ström,BrahePäldre,1890,1,https://litteraturbanken.se/författare/BraheP%C3%A4ldre
ström,BrandtE,1890,7,https://litteraturbanken.se/författare/BrandtE
ström,BrandtGJW,1860,5,https://litteraturbanken.se/författare/BrandtGJW
ström,BrantingA,1890,4,https://litteraturbanken.se/författare/BrantingA
ström,BrantingA,1900,6,https://litteraturbanken.se/författare/BrantingA
ström,BrantingA,1910,5,https://litteraturbanken.se/författare/BrantingA
ström,BrantingA,1930,1,https://litteraturbanken.se/författare/BrantingA
ström,BrattI,1940,2,https://litteraturbanken.se/författare/BrattI
ström,BraunWvon,1830,5,https://litteraturbanken.se/författare/BraunWvon
ström,BraunWvon,1840,17,https://litteraturbanken.se/författare/BraunWvon
ström,BraunWvon,1850,11,https://litteraturbanken.se/författare/BraunWvon
ström,BraunWvon,1860,1,https://litteraturbanken.se/författare/BraunWvon
ström,BraunWvon,1880,4,https://litteraturbanken.se/författare/BraunWvon
ström,BraunerhjelmA,1880,8,https://litteraturbanken.se/författare/BraunerhjelmA
ström,BraunerhjelmA,1900,3,https://litteraturbanken.se/författare/BraunerhjelmA
ström,BredbergHW,1870,2,https://litteraturbanken.se/författare/BredbergHW
ström,BremerF,1840,17,https://litteraturbanken.se/författare/BremerF
ström,BremerF,1850,3,https://litteraturbanken.se/författare/BremerF
ström,BremerF,1860,1,https://litteraturbanken.se/författare/BremerF
ström,BremerF,1910,3,https://litteraturbanken.se/författare/BremerF
ström,BrennerSE,1710,4,https://litteraturbanken.se/författare/BrennerSE
ström,BrinkmanCG,1840,14,https://litteraturbanken.se/författare/BrinkmanCG
ström,BrinkmanCG,1890,1,https://litteraturbanken.se/författare/BrinkmanCG
ström,BrobergFA,1860,9,https://litteraturbanken.se/författare/BrobergFA
ström,BrodénJI,1870,2,https://litteraturbanken.se/författare/Brod%C3%A9nJI
ström,BromanPG,1860,1,https://litteraturbanken.se/författare/BromanPG
ström,BronteC,1850,29,https://litteraturbanken.se/författare/BronteC
ström,BruniusCG,1830,18,https://litteraturbanken.se/författare/BruniusCG
ström,BruniusL,1840,23,https://litteraturbanken.se/författare/BruniusL
ström,BruniusL,1850,2,https://litteraturbanken.se/författare/BruniusL
ström,BruniusL,1870,9,https://litteraturbanken.se/författare/BruniusL
ström,BruzeliusJ,1870,11,https://litteraturbanken.se/författare/BruzeliusJ
ström,BruzeliusJ,1880,11,https://litteraturbanken.se/författare/BruzeliusJ
ström,BråkenhielmM,1890,10,https://litteraturbanken.se/författare/Br%C3%A5kenhielmM
ström,BurghausenCF,1850,3,https://litteraturbanken.se/författare/BurghausenCF
ström,BuschO,1910,2,https://litteraturbanken.se/författare/BuschO
ström,ButenschönA,1890,3,https://litteraturbanken.se/författare/Butensch%C3%B6nA
ström,ByronGG,1820,3,https://litteraturbanken.se/författare/ByronGG
ström,BäckmanJ,1890,1,https://litteraturbanken.se/författare/B%C3%A4ckmanJ
ström,BäckmanW,1850,12,https://litteraturbanken.se/författare/B%C3%A4ckmanW
ström,BäckmannI,1900,12,https://litteraturbanken.se/författare/B%C3%A4ckmannI
ström,BäckmannI,1910,3,https://litteraturbanken.se/författare/B%C3%A4ckmannI
ström,BäckmannI,1920,6,https://litteraturbanken.se/författare/B%C3%A4ckmannI
ström,BäckmannI,1930,7,https://litteraturbanken.se/författare/B%C3%A4ckmannI
ström,BäckmannI,1940,2,https://litteraturbanken.se/författare/B%C3%A4ckmannI
ström,BäckströmE,1860,2,https://litteraturbanken.se/författare/B%C3%A4ckstr%C3%B6mE
ström,BäckströmE,1870,13,https://litteraturbanken.se/författare/B%C3%A4ckstr%C3%B6mE
ström,BäckströmPO,1840,26,https://litteraturbanken.se/författare/B%C3%A4ckstr%C3%B6mPO
ström,Bååth-HolmbergC,1890,10,https://litteraturbanken.se/författare/B%C3%A5%C3%A5th-HolmbergC
ström,Bååth-HolmbergC,1900,1,https://litteraturbanken.se/författare/B%C3%A5%C3%A5th-HolmbergC
ström,BååthAU,1870,5,https://litteraturbanken.se/författare/B%C3%A5%C3%A5thAU
ström,BååthAU,1880,2,https://litteraturbanken.se/författare/B%C3%A5%C3%A5thAU
ström,BååthAU,1890,1,https://litteraturbanken.se/författare/B%C3%A5%C3%A5thAU
ström,BååthAU,1900,3,https://litteraturbanken.se/författare/B%C3%A5%C3%A5thAU
ström,BörjessonJ,1840,4,https://litteraturbanken.se/författare/B%C3%B6rjessonJ
ström,BörjessonJ,1850,2,https://litteraturbanken.se/författare/B%C3%B6rjessonJ
ström,BöttigerCW,1830,7,https://litteraturbanken.se/författare/B%C3%B6ttigerCW
ström,BöttigerCW,1870,16,https://litteraturbanken.se/författare/B%C3%B6ttigerCW
ström,BöttigerCW,1880,6,https://litteraturbanken.se/författare/B%C3%B6ttigerCW
ström,BöttigerCW,1890,6,https://litteraturbanken.se/författare/B%C3%B6ttigerCW
ström,CardonOB,1860,2,https://litteraturbanken.se/författare/CardonOB
ström,CarlbergF,1900,2,https://litteraturbanken.se/författare/CarlbergF
ström,CarlssonGottfrid,1940,14,https://litteraturbanken.se/författare/CarlssonGottfrid
ström,CarlstedtF,1830,7,https://litteraturbanken.se/författare/CarlstedtF
ström,CarlströmA,1840,2,https://litteraturbanken.se/författare/Carlstr%C3%B6mA
ström,CarlénJG,1830,12,https://litteraturbanken.se/författare/Carl%C3%A9nJG
ström,CarlénO,1850,1,https://litteraturbanken.se/författare/Carl%C3%A9nO
ström,CarlénO,1860,15,https://litteraturbanken.se/författare/Carl%C3%A9nO
ström,CarlénO,1870,3,https://litteraturbanken.se/författare/Carl%C3%A9nO
ström,CarlénO,1880,3,https://litteraturbanken.se/författare/Carl%C3%A9nO
ström,CarlénR,1860,13,https://litteraturbanken.se/författare/Carl%C3%A9nR
ström,CarlénR,1870,7,https://litteraturbanken.se/författare/Carl%C3%A9nR
ström,CarstensFV,1840,3,https://litteraturbanken.se/författare/CarstensFV
ström,CasselHj,1890,2,https://litteraturbanken.se/författare/CasselHj
ström,CavallinC,1890,11,https://litteraturbanken.se/författare/CavallinC
ström,CavallinS,1850,6,https://litteraturbanken.se/författare/CavallinS
ström,CederbergB,1880,9,https://litteraturbanken.se/författare/CederbergB
ström,CederbladA,1870,2,https://litteraturbanken.se/författare/CederbladA
ström,CederbladA,1890,3,https://litteraturbanken.se/författare/CederbladA
ström,CederborgCA,1890,5,https://litteraturbanken.se/författare/CederborgCA
ström,CederborgCA,1910,4,https://litteraturbanken.se/författare/CederborgCA
ström,CederborghF,1810,2,https://litteraturbanken.se/författare/CederborghF
ström,CederborghF,1830,11,https://litteraturbanken.se/författare/CederborghF
ström,CederborghF,1850,2,https://litteraturbanken.se/författare/CederborghF
ström,CederborghF,1880,10,https://litteraturbanken.se/författare/CederborghF
ström,CedermanR,1870,2,https://litteraturbanken.se/författare/CedermanR
ström,CedermanR,1880,5,https://litteraturbanken.se/författare/CedermanR
ström,CederqvistA,1870,8,https://litteraturbanken.se/författare/CederqvistA
ström,CederqvistA,1880,2,https://litteraturbanken.se/författare/CederqvistA
ström,ChristiernssonH,1880,1,https://litteraturbanken.se/författare/ChristiernssonH
ström,ChydeniusK,1860,65,https://litteraturbanken.se/författare/ChydeniusK
ström,CleveAlma,1890,4,https://litteraturbanken.se/författare/CleveAlma
ström,CramærM,1840,7,https://litteraturbanken.se/författare/Cram%C3%A6rM
ström,CramærM,1880,2,https://litteraturbanken.se/författare/Cram%C3%A6rM
ström,CreutzGP,1860,1,https://litteraturbanken.se/författare/CreutzGP
ström,CronholmB,1830,1,https://litteraturbanken.se/författare/CronholmB
ström,CronholmB,1850,6,https://litteraturbanken.se/författare/CronholmB
ström,CronstrandB,1870,19,https://litteraturbanken.se/författare/CronstrandB
ström,CrusenstolpeF,1840,7,https://litteraturbanken.se/författare/CrusenstolpeF
ström,CrusenstolpeMJ,1840,63,https://litteraturbanken.se/författare/CrusenstolpeMJ
ström,CygnæusF,1850,49,https://litteraturbanken.se/författare/Cygn%C3%A6usF
ström,DahlM,1890,44,https://litteraturbanken.se/författare/DahlM
ström,DahlanderGR,1880,2,https://litteraturbanken.se/författare/DahlanderGR
ström,DahlbergE,1910,41,https://litteraturbanken.se/författare/DahlbergE
ström,DahlgrenA,1890,4,https://litteraturbanken.se/författare/DahlgrenA
ström,DahlgrenCF,1830,47,https://litteraturbanken.se/författare/DahlgrenCF
ström,DahlgrenCF,1900,9,https://litteraturbanken.se/författare/DahlgrenCF
ström,DahlgrenJH,1860,1,https://litteraturbanken.se/författare/DahlgrenJH
ström,DahlgrenL,1900,8,https://litteraturbanken.se/författare/DahlgrenL
ström,DahlqvistJP,1870,2,https://litteraturbanken.se/författare/DahlqvistJP
ström,DahlströmCA,1850,1,https://litteraturbanken.se/författare/Dahlstr%C3%B6mCA
ström,DalmanH,1870,3,https://litteraturbanken.se/författare/DalmanH
ström,DalströmK,1880,9,https://litteraturbanken.se/författare/Dalstr%C3%B6mK
ström,DalströmK,1900,1,https://litteraturbanken.se/författare/Dalstr%C3%B6mK
ström,DalströmK,1910,1,https://litteraturbanken.se/författare/Dalstr%C3%B6mK
ström,DammI,1890,1,https://litteraturbanken.se/författare/DammI
ström,DammJ,1850,1,https://litteraturbanken.se/författare/DammJ
ström,DammJ,1870,9,https://litteraturbanken.se/författare/DammJ
ström,DanielssonAx,1880,1,https://litteraturbanken.se/författare/DanielssonAx
ström,DanielssonJ,1890,1,https://litteraturbanken.se/författare/DanielssonJ
ström,DardelF,1910,1,https://litteraturbanken.se/författare/DardelF
ström,DarwinC,1870,92,https://litteraturbanken.se/författare/DarwinC
ström,DeBèscheJW,1840,8,https://litteraturbanken.se/författare/DeB%C3%A8scheJW
ström,DeGeerL,1840,8,https://litteraturbanken.se/författare/DeGeerL
ström,DeGeerL,1890,15,https://litteraturbanken.se/författare/DeGeerL
ström,DehnI,1860,1,https://litteraturbanken.se/författare/DehnI
ström,DickensC,1840,7,https://litteraturbanken.se/författare/DickensC
ström,DickensC,1860,5,https://litteraturbanken.se/författare/DickensC
ström,DidringE,1890,2,https://litteraturbanken.se/författare/DidringE
ström,DodgsonCL,1890,1,https://litteraturbanken.se/författare/DodgsonCL
ström,DouglassF,1890,10,https://litteraturbanken.se/författare/DouglassF
ström,DouglassF,1900,3,https://litteraturbanken.se/författare/DouglassF
ström,DoyleAC,1890,10,https://litteraturbanken.se/författare/DoyleAC
ström,DoyleAC,1910,1,https://litteraturbanken.se/författare/DoyleAC
ström,DrummondH,1890,1,https://litteraturbanken.se/författare/DrummondH
ström,DufvaEW,1860,1,https://litteraturbanken.se/författare/DufvaEW
ström,DulciU,1760,3,https://litteraturbanken.se/författare/DulciU
ström,DulciU,1770,4,https://litteraturbanken.se/författare/DulciU
ström,DulciU,1780,4,https://litteraturbanken.se/författare/DulciU
ström,DunckelD,1840,6,https://litteraturbanken.se/författare/DunckelD
ström,DunckelD,1860,1,https://litteraturbanken.se/författare/DunckelD
ström,DurlingM,1890,1,https://litteraturbanken.se/författare/DurlingM
ström,DuseSA,1910,1,https://litteraturbanken.se/författare/DuseSA
ström,EbersteinCC,1850,1,https://litteraturbanken.se/författare/EbersteinCC
ström,EdelcrantzAN,1800,2,https://litteraturbanken.se/författare/EdelcrantzAN
ström,EdelfeltJC,1830,2,https://litteraturbanken.se/författare/EdelfeltJC
ström,EdgrenHj,1880,11,https://litteraturbanken.se/författare/EdgrenHj
ström,EdgrenHj,1890,7,https://litteraturbanken.se/författare/EdgrenHj
ström,EdwardsA,1870,4,https://litteraturbanken.se/författare/EdwardsA
ström,EhrenborgAF,1840,10,https://litteraturbanken.se/författare/EhrenborgAF
ström,EhrenborgPosseB,1870,12,https://litteraturbanken.se/författare/EhrenborgPosseB
ström,EhrnroothA,1860,2,https://litteraturbanken.se/författare/EhrnroothA
ström,EhrnroothA,1870,10,https://litteraturbanken.se/författare/EhrnroothA
ström,EhrnroothA,1880,5,https://litteraturbanken.se/författare/EhrnroothA
ström,EhrnroothA,1890,4,https://litteraturbanken.se/författare/EhrnroothA
ström,EichhornC,1850,1,https://litteraturbanken.se/författare/EichhornC
ström,EichhornC,1860,3,https://litteraturbanken.se/författare/EichhornC
ström,EichhornC,1870,4,https://litteraturbanken.se/författare/EichhornC
ström,EjsermanJS,1840,4,https://litteraturbanken.se/författare/EjsermanJS
ström,EkK,1900,3,https://litteraturbanken.se/författare/EkK
ström,EkK,1910,34,https://litteraturbanken.se/författare/EkK
ström,EkK,1920,2,https://litteraturbanken.se/författare/EkK
ström,EkbohrnCM,1850,2,https://litteraturbanken.se/författare/EkbohrnCM
ström,EkbohrnCM,1860,11,https://litteraturbanken.se/författare/EkbohrnCM
ström,EkebladKJ,1870,11,https://litteraturbanken.se/författare/EkebladKJ
ström,EkebohmD,1870,1,https://litteraturbanken.se/författare/EkebohmD
ström,EkelundJ,1840,4,https://litteraturbanken.se/författare/EkelundJ
ström,EkelundV,1900,63,https://litteraturbanken.se/författare/EkelundV
ström,EkelundV,1910,22,https://litteraturbanken.se/författare/EkelundV
ström,EkelundV,1920,2,https://litteraturbanken.se/författare/EkelundV
ström,EkelundV,1930,19,https://litteraturbanken.se/författare/EkelundV
ström,EkelundV,1940,13,https://litteraturbanken.se/författare/EkelundV
ström,EkermannA,1880,27,https://litteraturbanken.se/författare/EkermannA
ström,EkerotHj,1890,1,https://litteraturbanken.se/författare/EkerotHj
ström,EkevallAF,1890,2,https://litteraturbanken.se/författare/EkevallAF
ström,EklundRR,1910,1,https://litteraturbanken.se/författare/EklundRR
ström,EkmanL,1910,4,https://litteraturbanken.se/författare/EkmanL
ström,EkmarckCE,1830,10,https://litteraturbanken.se/författare/EkmarckCE
ström,EkmarckLA,1850,5,https://litteraturbanken.se/författare/EkmarckLA
ström,EkströmCO,1860,2,https://litteraturbanken.se/författare/Ekstr%C3%B6mCO
ström,EkströmCO,1870,8,https://litteraturbanken.se/författare/Ekstr%C3%B6mCO
ström,EkströmHE,1840,3,https://litteraturbanken.se/författare/Ekstr%C3%B6mHE
ström,EkströmHE,1880,1,https://litteraturbanken.se/författare/Ekstr%C3%B6mHE
ström,ElgenstiernaG,1920,247,https://litteraturbanken.se/författare/ElgenstiernaG
ström,ElgenstiernaG,1930,257,https://litteraturbanken.se/författare/ElgenstiernaG
ström,ElgströmO,1910,6,https://litteraturbanken.se/författare/Elgstr%C3%B6mO
ström,ElgströmO,1920,17,https://litteraturbanken.se/författare/Elgstr%C3%B6mO
ström,ElkanS,1880,5,https://litteraturbanken.se/författare/ElkanS
ström,ElkanS,1890,9,https://litteraturbanken.se/författare/ElkanS
ström,ElkanS,1900,16,https://litteraturbanken.se/författare/ElkanS
ström,ElkanS,1910,5,https://litteraturbanken.se/författare/ElkanS
ström,ElmbladM,1870,1,https://litteraturbanken.se/författare/ElmbladM
ström,ElmbladM,1880,5,https://litteraturbanken.se/författare/ElmbladM
ström,EmanuelssonV,1890,6,https://litteraturbanken.se/författare/EmanuelssonV
ström,EmanuelssonV,1900,7,https://litteraturbanken.se/författare/EmanuelssonV
ström,EnanderJA,1890,6,https://litteraturbanken.se/författare/EnanderJA
ström,EnbomPU,1790,1,https://litteraturbanken.se/författare/EnbomPU
ström,EnerothC,1880,42,https://litteraturbanken.se/författare/EnerothC
ström,EnerothC,1890,21,https://litteraturbanken.se/författare/EnerothC
ström,EnerothC,1900,5,https://litteraturbanken.se/författare/EnerothC
ström,EnerothO,1880,4,https://litteraturbanken.se/författare/EnerothO
ström,EngdahlA,1910,1,https://litteraturbanken.se/författare/EngdahlA
ström,EngelbertR,1880,1,https://litteraturbanken.se/författare/EngelbertR
ström,EngströmA,1890,1,https://litteraturbanken.se/författare/Engstr%C3%B6mA
ström,EngströmA,1900,15,https://litteraturbanken.se/författare/Engstr%C3%B6mA
ström,EngströmA,1910,9,https://litteraturbanken.se/författare/Engstr%C3%B6mA
ström,EngströmAgnes,1840,1,https://litteraturbanken.se/författare/Engstr%C3%B6mAgnes
ström,EngströmG,1860,1,https://litteraturbanken.se/författare/Engstr%C3%B6mG
ström,EngströmJ,1830,24,https://litteraturbanken.se/författare/Engstr%C3%B6mJ
ström,EngströmJ,1840,16,https://litteraturbanken.se/författare/Engstr%C3%B6mJ
ström,EnnesBA,1810,82,https://litteraturbanken.se/författare/EnnesBA
ström,EricsonA,1900,5,https://litteraturbanken.se/författare/EricsonA
ström,EricssonOA,1850,1,https://litteraturbanken.se/författare/EricssonOA
ström,ErikssonEG,1880,3,https://litteraturbanken.se/författare/ErikssonEG
ström,ErikssonEW,1860,1,https://litteraturbanken.se/författare/ErikssonEW
ström,EssenG,1870,1,https://litteraturbanken.se/författare/EssenG
ström,EssenJA,1840,2,https://litteraturbanken.se/författare/EssenJA
ström,EssénL,1890,1,https://litteraturbanken.se/författare/Ess%C3%A9nL
ström,EversE,1880,1,https://litteraturbanken.se/författare/EversE
ström,FahlcrantzAM,1850,1,https://litteraturbanken.se/författare/FahlcrantzAM
ström,FahlstedtA,1880,5,https://litteraturbanken.se/författare/FahlstedtA
ström,FahlstedtA,1890,7,https://litteraturbanken.se/författare/FahlstedtA
ström,FalckAlberta,1880,2,https://litteraturbanken.se/författare/FalckAlberta
ström,FalkH,1890,29,https://litteraturbanken.se/författare/FalkH
ström,FallströmD,1880,7,https://litteraturbanken.se/författare/Fallstr%C3%B6mD
ström,FallströmD,1890,8,https://litteraturbanken.se/författare/Fallstr%C3%B6mD
ström,FantJE,1840,21,https://litteraturbanken.se/författare/FantJE
ström,FehrF,1870,2,https://litteraturbanken.se/författare/FehrF
ström,FeilitzenO,1840,1,https://litteraturbanken.se/författare/FeilitzenO
ström,FeilitzenU,1870,2,https://litteraturbanken.se/författare/FeilitzenU
ström,FeukCGT,1890,1,https://litteraturbanken.se/författare/FeukCGT
ström,FischerT,1890,2,https://litteraturbanken.se/författare/FischerT
ström,FitinghoffL,1880,1,https://litteraturbanken.se/författare/FitinghoffL
ström,FitinghoffL,1890,2,https://litteraturbanken.se/författare/FitinghoffL
ström,FitinghoffL,1910,1,https://litteraturbanken.se/författare/FitinghoffL
ström,FitzgeraldFS,1940,2,https://litteraturbanken.se/författare/FitzgeraldFS
ström,FlodinJJ,1840,1,https://litteraturbanken.se/författare/FlodinJJ
ström,FlodmanA,1860,4,https://litteraturbanken.se/författare/FlodmanA
ström,FlodmanA,1870,4,https://litteraturbanken.se/författare/FlodmanA
ström,FlygareCarlénE,1830,8,https://litteraturbanken.se/författare/FlygareCarl%C3%A9nE
ström,FlygareCarlénE,1840,80,https://litteraturbanken.se/författare/FlygareCarl%C3%A9nE
ström,FlygareCarlénE,1850,12,https://litteraturbanken.se/författare/FlygareCarl%C3%A9nE
ström,FlygareCarlénE,1860,43,https://litteraturbanken.se/författare/FlygareCarl%C3%A9nE
ström,FlygareCarlénE,1870,12,https://litteraturbanken.se/författare/FlygareCarl%C3%A9nE
ström,FlygareCarlénE,1880,8,https://litteraturbanken.se/författare/FlygareCarl%C3%A9nE
ström,FlygareE,1850,2,https://litteraturbanken.se/författare/FlygareE
ström,FlygareE,1860,8,https://litteraturbanken.se/författare/FlygareE
ström,FogelholmA,1890,1,https://litteraturbanken.se/författare/FogelholmA
ström,FogelqvistT,1920,1,https://litteraturbanken.se/författare/FogelqvistT
ström,FornellBE,1840,2,https://litteraturbanken.se/författare/FornellBE
ström,FornellBE,1850,7,https://litteraturbanken.se/författare/FornellBE
ström,ForsmanKF,1880,7,https://litteraturbanken.se/författare/ForsmanKF
ström,ForsmanKF,1890,7,https://litteraturbanken.se/författare/ForsmanKF
ström,ForssbergEA,1880,1,https://litteraturbanken.se/författare/ForssbergEA
ström,ForssellDC,1820,2,https://litteraturbanken.se/författare/ForssellDC
ström,ForssellE,1890,8,https://litteraturbanken.se/författare/ForssellE
ström,ForsslundKE,1890,5,https://litteraturbanken.se/författare/ForsslundKE
ström,ForsslundKE,1900,11,https://litteraturbanken.se/författare/ForsslundKE
ström,ForssmanE,1880,5,https://litteraturbanken.se/författare/ForssmanE
ström,ForssmanE,1890,26,https://litteraturbanken.se/författare/ForssmanE
ström,ForssmanE,1900,4,https://litteraturbanken.se/författare/ForssmanE
ström,FrankS,1890,2,https://litteraturbanken.se/författare/FrankS
ström,FranzénFM,1830,9,https://litteraturbanken.se/författare/Franz%C3%A9nFM
ström,FranzénFM,1840,3,https://litteraturbanken.se/författare/Franz%C3%A9nFM
ström,FranzénFM,1850,17,https://litteraturbanken.se/författare/Franz%C3%A9nFM
ström,FredbergCRA,1910,3,https://litteraturbanken.se/författare/FredbergCRA
ström,FredinE,1880,2,https://litteraturbanken.se/författare/FredinE
ström,FredinE,1890,2,https://litteraturbanken.se/författare/FredinE
ström,FrimanJC,1850,4,https://litteraturbanken.se/författare/FrimanJC
ström,FrimanJC,1860,8,https://litteraturbanken.se/författare/FrimanJC
ström,FrykholmS,1890,3,https://litteraturbanken.se/författare/FrykholmS
ström,FryxellO,1830,11,https://litteraturbanken.se/författare/FryxellO
ström,FrödingG,1890,13,https://litteraturbanken.se/författare/Fr%C3%B6dingG
ström,FuruhjelmAL,1870,2,https://litteraturbanken.se/författare/FuruhjelmAL
ström,FuruhjelmM,1870,2,https://litteraturbanken.se/författare/FuruhjelmM
ström,FuruhjelmM,1890,7,https://litteraturbanken.se/författare/FuruhjelmM
ström,FåhræusK,1890,2,https://litteraturbanken.se/författare/F%C3%A5hr%C3%A6usK
ström,FåhræusOI,1860,1,https://litteraturbanken.se/författare/F%C3%A5hr%C3%A6usOI
ström,GadeliusB,1900,2,https://litteraturbanken.se/författare/GadeliusB
ström,GeijerEG,1830,15,https://litteraturbanken.se/författare/GeijerEG
ström,GeijerEG,1840,3,https://litteraturbanken.se/författare/GeijerEG
ström,GeijerEG,1850,78,https://litteraturbanken.se/författare/GeijerEG
ström,GeijerEG,1920,4,https://litteraturbanken.se/författare/GeijerEG
ström,GeijerstamG,1880,23,https://litteraturbanken.se/författare/GeijerstamG
ström,GeijerstamG,1890,49,https://litteraturbanken.se/författare/GeijerstamG
ström,GeijerstamG,1900,4,https://litteraturbanken.se/författare/GeijerstamG
ström,GellerstedtAT,1900,2,https://litteraturbanken.se/författare/GellerstedtAT
ström,GernandtClaineJ,1890,19,https://litteraturbanken.se/författare/GernandtClaineJ
ström,GernandtClaineJ,1900,1,https://litteraturbanken.se/författare/GernandtClaineJ
ström,GestrinM,1860,2,https://litteraturbanken.se/författare/GestrinM
ström,GestrinM,1870,3,https://litteraturbanken.se/författare/GestrinM
ström,GetheC,1850,1,https://litteraturbanken.se/författare/GetheC
ström,GiertzT,1890,4,https://litteraturbanken.se/författare/GiertzT
ström,GilleE,1910,2,https://litteraturbanken.se/författare/GilleE
ström,GoetheJW,1900,5,https://litteraturbanken.se/författare/GoetheJW
ström,GoveniusLJ,1850,4,https://litteraturbanken.se/författare/GoveniusLJ
ström,GoveniusLJ,1860,12,https://litteraturbanken.se/författare/GoveniusLJ
ström,GoveniusLJ,1870,2,https://litteraturbanken.se/författare/GoveniusLJ
ström,GoveniusLJ,1880,26,https://litteraturbanken.se/författare/GoveniusLJ
ström,GoveniusLJ,1890,1,https://litteraturbanken.se/författare/GoveniusLJ
ström,GrafströmF,1880,18,https://litteraturbanken.se/författare/Grafstr%C3%B6mF
ström,GranathW,1890,265,https://litteraturbanken.se/författare/GranathW
ström,GranathW,1900,14,https://litteraturbanken.se/författare/GranathW
ström,GranbergJ,1890,2,https://litteraturbanken.se/författare/GranbergJ
ström,GranbergPA,1810,10,https://litteraturbanken.se/författare/GranbergPA
ström,GranholmJ,1890,2,https://litteraturbanken.se/författare/GranholmJ
ström,GravalliusW,1840,8,https://litteraturbanken.se/författare/GravalliusW
ström,GravalliusW,1860,7,https://litteraturbanken.se/författare/GravalliusW
ström,GravalliusW,1870,4,https://litteraturbanken.se/författare/GravalliusW
ström,GravalliusW,1880,5,https://litteraturbanken.se/författare/GravalliusW
ström,GravalliusW,1890,6,https://litteraturbanken.se/författare/GravalliusW
ström,GravanderLF,1830,6,https://litteraturbanken.se/författare/GravanderLF
ström,GrebstWA,1910,12,https://litteraturbanken.se/författare/GrebstWA
ström,GrimmJ,1890,3,https://litteraturbanken.se/författare/GrimmJ
ström,GripenbergA,1870,1,https://litteraturbanken.se/författare/GripenbergA
ström,GripenbergA,1880,1,https://litteraturbanken.se/författare/GripenbergA
ström,GripenhielmC,1830,4,https://litteraturbanken.se/författare/GripenhielmC
ström,GråberghO,1860,1,https://litteraturbanken.se/författare/Gr%C3%A5berghO
ström,GrönlundK,1880,1,https://litteraturbanken.se/författare/Gr%C3%B6nlundK
ström,GrönstedtJ,1880,3,https://litteraturbanken.se/författare/Gr%C3%B6nstedtJ
ström,GrönwallW,1840,5,https://litteraturbanken.se/författare/Gr%C3%B6nwallW
ström,GullbergG,1890,1,https://litteraturbanken.se/författare/GullbergG
ström,GullbrandssenE,1860,2,https://litteraturbanken.se/författare/GullbrandssenE
ström,GumæliusGW,1870,2,https://litteraturbanken.se/författare/Gum%C3%A6liusGW
ström,GustafssonR,1860,11,https://litteraturbanken.se/författare/GustafssonR
ström,GustafssonR,1870,16,https://litteraturbanken.se/författare/GustafssonR
ström,GustafssonR,1880,8,https://litteraturbanken.se/författare/GustafssonR
ström,GylanderEK,1840,1,https://litteraturbanken.se/författare/GylanderEK
ström,GyllenhaalA,1880,7,https://litteraturbanken.se/författare/GyllenhaalA
ström,GylleniusP,1820,6,https://litteraturbanken.se/författare/GylleniusP
ström,GällstedtPJ,1840,1,https://litteraturbanken.se/författare/G%C3%A4llstedtPJ
ström,GérardJII,1870,2,https://litteraturbanken.se/författare/G%C3%A9rardJII
ström,GödeckePA,1860,8,https://litteraturbanken.se/författare/G%C3%B6deckePA
ström,GödeckePA,1870,1,https://litteraturbanken.se/författare/G%C3%B6deckePA
ström,GötbergR,1860,1,https://litteraturbanken.se/författare/G%C3%B6tbergR
ström,GötbergR,1870,1,https://litteraturbanken.se/författare/G%C3%B6tbergR
ström,GötlindJ,1920,4,https://litteraturbanken.se/författare/G%C3%B6tlindJ
ström,HackzellE,1830,2,https://litteraturbanken.se/författare/HackzellE
ström,HackzellE,1860,1,https://litteraturbanken.se/författare/HackzellE
ström,HackzellE,1890,1,https://litteraturbanken.se/författare/HackzellE
ström,HagbergCA,1830,3,https://litteraturbanken.se/författare/HagbergCA
ström,HagbergFT,1870,2,https://litteraturbanken.se/författare/HagbergFT
ström,HagströmT,1960,40,https://litteraturbanken.se/författare/Hagstr%C3%B6mT
ström,HahnC,1890,1,https://litteraturbanken.se/författare/HahnC
ström,HallbäckH,1880,5,https://litteraturbanken.se/författare/Hallb%C3%A4ckH
ström,HallenborgC,1890,2,https://litteraturbanken.se/författare/HallenborgC
ström,HallenborgECFFL,1850,1,https://litteraturbanken.se/författare/HallenborgECFFL
ström,HallmanA,1860,11,https://litteraturbanken.se/författare/HallmanA
ström,HallonlöfA,1880,6,https://litteraturbanken.se/författare/Hallonl%C3%B6fA
ström,HamiltonK,1880,1,https://litteraturbanken.se/författare/HamiltonK
ström,HammarinJ,1840,16,https://litteraturbanken.se/författare/HammarinJ
ström,HammarströmAA,1830,1,https://litteraturbanken.se/författare/Hammarstr%C3%B6mAA
ström,HamsunK,1900,3,https://litteraturbanken.se/författare/HamsunK
ström,HanselliP,1860,4,https://litteraturbanken.se/författare/HanselliP
ström,HanselliP,1870,1,https://litteraturbanken.se/författare/HanselliP
ström,HanssonO,1880,4,https://litteraturbanken.se/författare/HanssonO
ström,HanssonO,1890,9,https://litteraturbanken.se/författare/HanssonO
ström,HanssonO,1900,7,https://litteraturbanken.se/författare/HanssonO
ström,HanssonO,1910,5,https://litteraturbanken.se/författare/HanssonO
ström,HansénM,1880,1,https://litteraturbanken.se/författare/Hans%C3%A9nM
ström,HarrisonMSLK,1900,14,https://litteraturbanken.se/författare/HarrisonMSLK
ström,HarteliusTJ,1890,3,https://litteraturbanken.se/författare/HarteliusTJ
ström,HasselbergS,1860,1,https://litteraturbanken.se/författare/HasselbergS
ström,HasselgrenA,1880,3,https://litteraturbanken.se/författare/HasselgrenA
ström,HasselskogN,1930,2,https://litteraturbanken.se/författare/HasselskogN
ström,HazeliusA,1870,19,https://litteraturbanken.se/författare/HazeliusA
ström,HebbeW,1840,10,https://litteraturbanken.se/författare/HebbeW
ström,HebbeW,1850,8,https://litteraturbanken.se/författare/HebbeW
ström,HebbeW,1870,1,https://litteraturbanken.se/författare/HebbeW
ström,HebbeW,1880,1,https://litteraturbanken.se/författare/HebbeW
ström,HedbergF,1860,6,https://litteraturbanken.se/författare/HedbergF
ström,HedbergF,1870,28,https://litteraturbanken.se/författare/HedbergF
ström,HedbergF,1880,20,https://litteraturbanken.se/författare/HedbergF
ström,HedbergF,1890,32,https://litteraturbanken.se/författare/HedbergF
ström,HedbergF,1910,4,https://litteraturbanken.se/författare/HedbergF
ström,HedbergT,1880,5,https://litteraturbanken.se/författare/HedbergT
ström,HedbergT,1890,12,https://litteraturbanken.se/författare/HedbergT
ström,HedbornS,1830,10,https://litteraturbanken.se/författare/HedbornS
ström,HedenstiernaA,1880,11,https://litteraturbanken.se/författare/HedenstiernaA
ström,HedenstiernaA,1890,22,https://litteraturbanken.se/författare/HedenstiernaA
ström,HedenstiernaA,1900,3,https://litteraturbanken.se/författare/HedenstiernaA
ström,HedinS,1900,30,https://litteraturbanken.se/författare/HedinS
ström,HedinS,1910,109,https://litteraturbanken.se/författare/HedinS
ström,HedinS,1920,4,https://litteraturbanken.se/författare/HedinS
ström,HedlundSA,1850,1,https://litteraturbanken.se/författare/HedlundSA
ström,HedvallY,1910,4,https://litteraturbanken.se/författare/HedvallY
ström,HedvallY,1920,5,https://litteraturbanken.se/författare/HedvallY
ström,HedvallY,1930,1,https://litteraturbanken.se/författare/HedvallY
ström,HedvallY,1940,3,https://litteraturbanken.se/författare/HedvallY
ström,HeidenstamV,1880,2,https://litteraturbanken.se/författare/HeidenstamV
ström,HeidenstamV,1890,9,https://litteraturbanken.se/författare/HeidenstamV
ström,HeidenstamV,1900,21,https://litteraturbanken.se/författare/HeidenstamV
ström,HeidenstamV,1910,5,https://litteraturbanken.se/författare/HeidenstamV
ström,HellbergJC,1860,1,https://litteraturbanken.se/författare/HellbergJC
ström,HelvigA,1910,7,https://litteraturbanken.se/författare/HelvigA
ström,HemgrenK,1880,5,https://litteraturbanken.se/författare/HemgrenK
ström,HemmerJ,1910,3,https://litteraturbanken.se/författare/HemmerJ
ström,HemmerJ,1920,1,https://litteraturbanken.se/författare/HemmerJ
ström,HenrikssonJ,1880,1,https://litteraturbanken.se/författare/HenrikssonJ
ström,HenrikssonJ,1910,1,https://litteraturbanken.se/författare/HenrikssonJ
ström,HernlundH,1880,7,https://litteraturbanken.se/författare/HernlundH
ström,HerslowGA,1870,3,https://litteraturbanken.se/författare/HerslowGA
ström,HertzbergR,1880,11,https://litteraturbanken.se/författare/HertzbergR
ström,HertzbergR,1890,15,https://litteraturbanken.se/författare/HertzbergR
ström,HildebrandH,1870,1,https://litteraturbanken.se/författare/HildebrandH
ström,HjelmR,1890,15,https://litteraturbanken.se/författare/HjelmR
ström,HjohlmanHj,1880,3,https://litteraturbanken.se/författare/HjohlmanHj
ström,HjorthE,1890,3,https://litteraturbanken.se/författare/HjorthE
ström,HjorthR,1900,3,https://litteraturbanken.se/författare/HjorthR
ström,HjärneCC,1880,1,https://litteraturbanken.se/författare/Hj%C3%A4rneCC
ström,HjärneR,1880,3,https://litteraturbanken.se/författare/Hj%C3%A4rneR
ström,HodellF,1870,1,https://litteraturbanken.se/författare/HodellF
ström,HoffmannF,1870,7,https://litteraturbanken.se/författare/HoffmannF
ström,HofstenJC,1860,7,https://litteraturbanken.se/författare/HofstenJC
ström,HofstenJC,1870,1,https://litteraturbanken.se/författare/HofstenJC
ström,HofstenJC,1880,12,https://litteraturbanken.se/författare/HofstenJC
ström,HofstenJC,1890,6,https://litteraturbanken.se/författare/HofstenJC
ström,HollanderSA,1840,4,https://litteraturbanken.se/författare/HollanderSA
ström,HolmgrenAM,1890,10,https://litteraturbanken.se/författare/HolmgrenAM
ström,HolmgrenF,1890,19,https://litteraturbanken.se/författare/HolmgrenF
ström,HortlingI,1920,3,https://litteraturbanken.se/författare/HortlingI
ström,HovingF,1910,2,https://litteraturbanken.se/författare/HovingF
ström,HovingIW,1830,1,https://litteraturbanken.se/författare/HovingIW
ström,HultgrenG,1890,1,https://litteraturbanken.se/författare/HultgrenG
ström,HultinC,1840,2,https://litteraturbanken.se/författare/HultinC
ström,HumbleJ,1870,1,https://litteraturbanken.se/författare/HumbleJ
ström,HvalgrenE,1880,5,https://litteraturbanken.se/författare/HvalgrenE
ström,HwasserI,1840,1,https://litteraturbanken.se/författare/HwasserI
ström,HydénN,1890,20,https://litteraturbanken.se/författare/Hyd%C3%A9nN
ström,HydénN,1900,13,https://litteraturbanken.se/författare/Hyd%C3%A9nN
ström,HägerströmA,1890,1,https://litteraturbanken.se/författare/H%C3%A4gerstr%C3%B6mA
ström,HässlerO,1880,5,https://litteraturbanken.se/författare/H%C3%A4sslerO
ström,HäthénJA,1890,16,https://litteraturbanken.se/författare/H%C3%A4th%C3%A9nJA
ström,HögbergO,1900,15,https://litteraturbanken.se/författare/H%C3%B6gbergO
ström,HöggrenF,1840,1,https://litteraturbanken.se/författare/H%C3%B6ggrenF
ström,HöglundHj,1900,15,https://litteraturbanken.se/författare/H%C3%B6glundHj
ström,HögmanA,1890,5,https://litteraturbanken.se/författare/H%C3%B6gmanA
ström,HöijerJL,1840,1,https://litteraturbanken.se/författare/H%C3%B6ijerJL
ström,HöijerJL,1870,1,https://litteraturbanken.se/författare/H%C3%B6ijerJL
ström,HökerbergT,1890,1,https://litteraturbanken.se/författare/H%C3%B6kerbergT
ström,HülphersAA,1880,21,https://litteraturbanken.se/författare/H%C3%BClphersAA
ström,IbsenH,1870,7,https://litteraturbanken.se/författare/IbsenH
ström,IbsenH,1880,3,https://litteraturbanken.se/författare/IbsenH
ström,IbsenH,1900,1,https://litteraturbanken.se/författare/IbsenH
ström,IdstromE,1890,7,https://litteraturbanken.se/författare/IdstromE
ström,IndebetouH,1890,1,https://litteraturbanken.se/författare/IndebetouH
ström,IngeliusAG,1850,15,https://litteraturbanken.se/författare/IngeliusAG
ström,IngelmanGG,1830,6,https://litteraturbanken.se/författare/IngelmanGG
ström,IngelmanGG,1840,2,https://litteraturbanken.se/författare/IngelmanGG
ström,IvendorffCJ,1840,2,https://litteraturbanken.se/författare/IvendorffCJ
ström,JacobsonHarald,1890,16,https://litteraturbanken.se/författare/JacobsonHarald
ström,JacobssonCF,1820,4,https://litteraturbanken.se/författare/JacobssonCF
ström,JacobssonCF,1830,7,https://litteraturbanken.se/författare/JacobssonCF
ström,JacobssonJT,1880,3,https://litteraturbanken.se/författare/JacobssonJT
ström,JaenzonAP,1890,2,https://litteraturbanken.se/författare/JaenzonAP
ström,JahnssonEF,1870,1,https://litteraturbanken.se/författare/JahnssonEF
ström,JahnssonEF,1880,1,https://litteraturbanken.se/författare/JahnssonEF
ström,JamesD,1880,29,https://litteraturbanken.se/författare/JamesD
ström,JansonB,1880,2,https://litteraturbanken.se/författare/JansonB
ström,JansonB,1890,6,https://litteraturbanken.se/författare/JansonB
ström,JansonB,1900,3,https://litteraturbanken.se/författare/JansonB
ström,JansonG,1890,6,https://litteraturbanken.se/författare/JansonG
ström,JanzonG,1850,3,https://litteraturbanken.se/författare/JanzonG
ström,JensenA,1890,3,https://litteraturbanken.se/författare/JensenA
ström,JohansonK,1900,4,https://litteraturbanken.se/författare/JohansonK
ström,JohansonK,1940,7,https://litteraturbanken.se/författare/JohansonK
ström,JohanssonJ,1900,6,https://litteraturbanken.se/författare/JohanssonJ
ström,JohanssonK,1900,3,https://litteraturbanken.se/författare/JohanssonK
ström,JohnsonJ,1880,7,https://litteraturbanken.se/författare/JohnsonJ
ström,JohnsonJ,1890,30,https://litteraturbanken.se/författare/JohnsonJ
ström,JohnsonJ,1900,7,https://litteraturbanken.se/författare/JohnsonJ
ström,JolinE,1910,6,https://litteraturbanken.se/författare/JolinE
ström,JolinJ,1860,14,https://litteraturbanken.se/författare/JolinJ
ström,JolinJ,1870,16,https://litteraturbanken.se/författare/JolinJ
ström,JolinJ,1880,14,https://litteraturbanken.se/författare/JolinJ
ström,JolinJ,1890,27,https://litteraturbanken.se/författare/JolinJ
ström,JolinJ,1920,4,https://litteraturbanken.se/författare/JolinJ
ström,JonssonHJB,1890,1,https://litteraturbanken.se/författare/JonssonHJB
ström,JonssonT,1940,5,https://litteraturbanken.se/författare/JonssonT
ström,JonssonT,1950,1,https://litteraturbanken.se/författare/JonssonT
ström,JosephsonE,1880,3,https://litteraturbanken.se/författare/JosephsonE
ström,JosephsonE,1890,2,https://litteraturbanken.se/författare/JosephsonE
ström,JosephsonL,1870,2,https://litteraturbanken.se/författare/JosephsonL
ström,JosephsonL,1890,8,https://litteraturbanken.se/författare/JosephsonL
ström,JouvinM,1890,10,https://litteraturbanken.se/författare/JouvinM
ström,JuhlerCA,1860,2,https://litteraturbanken.se/författare/JuhlerCA
ström,JuringiusJP,1850,3,https://litteraturbanken.se/författare/JuringiusJP
ström,JuringiusSM,1860,1,https://litteraturbanken.se/författare/JuringiusSM
ström,JäderinA,1870,4,https://litteraturbanken.se/författare/J%C3%A4derinA
ström,JäderinA,1890,1,https://litteraturbanken.se/författare/J%C3%A4derinA
ström,JändelR,1910,3,https://litteraturbanken.se/författare/J%C3%A4ndelR
ström,JändelR,1920,10,https://litteraturbanken.se/författare/J%C3%A4ndelR
ström,JändelR,1930,3,https://litteraturbanken.se/författare/J%C3%A4ndelR
ström,JärtaH,1890,2,https://litteraturbanken.se/författare/J%C3%A4rtaH
ström,JænischA,1890,5,https://litteraturbanken.se/författare/J%C3%A6nischA
ström,KamkeH,1890,2,https://litteraturbanken.se/författare/KamkeH
ström,KantzowEBSG,1890,3,https://litteraturbanken.se/författare/KantzowEBSG
ström,KaradjaM,1890,1,https://litteraturbanken.se/författare/KaradjaM
ström,KaradjaM,1900,1,https://litteraturbanken.se/författare/KaradjaM
ström,KarlXV,1850,1,https://litteraturbanken.se/författare/KarlXV
ström,KarlXV,1860,9,https://litteraturbanken.se/författare/KarlXV
ström,KarlbergG,1900,2,https://litteraturbanken.se/författare/KarlbergG
ström,KarlfeldtEA,1890,7,https://litteraturbanken.se/författare/KarlfeldtEA
ström,KarlfeldtEA,1900,7,https://litteraturbanken.se/författare/KarlfeldtEA
ström,KarlfeldtEA,1910,3,https://litteraturbanken.se/författare/KarlfeldtEA
ström,KarlfeldtEA,1920,13,https://litteraturbanken.se/författare/KarlfeldtEA
ström,KarlfeldtEA,1930,4,https://litteraturbanken.se/författare/KarlfeldtEA
ström,KellgrenJH,1800,1,https://litteraturbanken.se/författare/KellgrenJH
ström,KellmodinF,1860,2,https://litteraturbanken.se/författare/KellmodinF
ström,KellmodinF,1870,7,https://litteraturbanken.se/författare/KellmodinF
ström,KemnerGW,1860,1,https://litteraturbanken.se/författare/KemnerGW
ström,KerfstedtA,1880,10,https://litteraturbanken.se/författare/KerfstedtA
ström,KerfstedtA,1890,7,https://litteraturbanken.se/författare/KerfstedtA
ström,KerfstedtA,1900,3,https://litteraturbanken.se/författare/KerfstedtA
ström,KerfveA,1890,58,https://litteraturbanken.se/författare/KerfveA
ström,KerfveA,1900,33,https://litteraturbanken.se/författare/KerfveA
ström,KeyE,1890,10,https://litteraturbanken.se/författare/KeyE
ström,KeyE,1900,3,https://litteraturbanken.se/författare/KeyE
ström,KeyG,1870,5,https://litteraturbanken.se/författare/KeyG
ström,KeyH,1890,2,https://litteraturbanken.se/författare/KeyH
ström,KeyserHF,1850,7,https://litteraturbanken.se/författare/KeyserHF
ström,KeyserHF,1870,13,https://litteraturbanken.se/författare/KeyserHF
ström,KeyserHF,1890,3,https://litteraturbanken.se/författare/KeyserHF
ström,KiechelS,1890,2,https://litteraturbanken.se/författare/KiechelS
ström,Kiellman-GöransonJA,1830,1,https://litteraturbanken.se/författare/Kiellman-G%C3%B6ransonJA
ström,Kiellman-GöransonJA,1840,19,https://litteraturbanken.se/författare/Kiellman-G%C3%B6ransonJA
ström,Kiellman-GöransonJA,1850,44,https://litteraturbanken.se/författare/Kiellman-G%C3%B6ransonJA
ström,Kiellman-GöransonJA,1860,19,https://litteraturbanken.se/författare/Kiellman-G%C3%B6ransonJA
ström,KinbergA,1870,1,https://litteraturbanken.se/författare/KinbergA
ström,KinninmundtSH,1840,1,https://litteraturbanken.se/författare/KinninmundtSH
ström,KiplingR,1890,24,https://litteraturbanken.se/författare/KiplingR
ström,KiplingR,1900,7,https://litteraturbanken.se/författare/KiplingR
ström,KiplingR,1910,2,https://litteraturbanken.se/författare/KiplingR
ström,KjellanderEJF,1840,1,https://litteraturbanken.se/författare/KjellanderEJF
ström,KjellbergI,1860,1,https://litteraturbanken.se/författare/KjellbergI
ström,KjellenbergM,1830,4,https://litteraturbanken.se/författare/KjellenbergM
ström,KjellenbergM,1840,4,https://litteraturbanken.se/författare/KjellenbergM
ström,KjellgrenJ,1930,26,https://litteraturbanken.se/författare/KjellgrenJ
ström,KjellstedtH,1880,3,https://litteraturbanken.se/författare/KjellstedtH
ström,KjellstrandJF,1850,5,https://litteraturbanken.se/författare/KjellstrandJF
ström,KjellénR,1900,2,https://litteraturbanken.se/författare/Kjell%C3%A9nR
ström,KjersénE,1880,4,https://litteraturbanken.se/författare/Kjers%C3%A9nE
ström,KlemanE,1900,1,https://litteraturbanken.se/författare/KlemanE
ström,KlinckowströmA,1890,5,https://litteraturbanken.se/författare/Klinckowstr%C3%B6mA
ström,KlinckowströmRM,1880,2,https://litteraturbanken.se/författare/Klinckowstr%C3%B6mRM
ström,KléenE,1890,11,https://litteraturbanken.se/författare/Kl%C3%A9enE
ström,KléenE,1900,5,https://litteraturbanken.se/författare/Kl%C3%A9enE
ström,KnorringS,1830,4,https://litteraturbanken.se/författare/KnorringS
ström,KnorringS,1840,10,https://litteraturbanken.se/författare/KnorringS
ström,KnutssonA,1890,1,https://litteraturbanken.se/författare/KnutssonA
ström,KnösT,1850,1,https://litteraturbanken.se/författare/Kn%C3%B6sT
ström,KochE,1890,1,https://litteraturbanken.se/författare/KochE
ström,KochM,1910,25,https://litteraturbanken.se/författare/KochM
ström,KochR,1860,2,https://litteraturbanken.se/författare/KochR
ström,KochR,1870,3,https://litteraturbanken.se/författare/KochR
ström,KochR,1890,19,https://litteraturbanken.se/författare/KochR
ström,KockCA,1830,1,https://litteraturbanken.se/författare/KockCA
ström,KrokJP,1830,3,https://litteraturbanken.se/författare/KrokJP
ström,KronqvistO,1880,1,https://litteraturbanken.se/författare/KronqvistO
ström,KrookA,1850,6,https://litteraturbanken.se/författare/KrookA
ström,KrookA,1860,10,https://litteraturbanken.se/författare/KrookA
ström,KrookA,1880,5,https://litteraturbanken.se/författare/KrookA
ström,KrookHS,1860,3,https://litteraturbanken.se/författare/KrookHS
ström,KrookNathalia,1890,2,https://litteraturbanken.se/författare/KrookNathalia
ström,KruseS,1900,4,https://litteraturbanken.se/författare/KruseS
ström,KrusenstjernaA,1910,7,https://litteraturbanken.se/författare/KrusenstjernaA
ström,KrusenstjernaA,1920,40,https://litteraturbanken.se/författare/KrusenstjernaA
ström,KrusenstjernaA,1930,28,https://litteraturbanken.se/författare/KrusenstjernaA
ström,KrusenstjernaF,1870,2,https://litteraturbanken.se/författare/KrusenstjernaF
ström,KræmerARvon,1850,23,https://litteraturbanken.se/författare/Kr%C3%A6merARvon
ström,KræmerARvon,1860,1,https://litteraturbanken.se/författare/Kr%C3%A6merARvon
ström,KræmerL,1860,5,https://litteraturbanken.se/författare/Kr%C3%A6merL
ström,KræmerL,1870,6,https://litteraturbanken.se/författare/Kr%C3%A6merL
ström,KræmerL,1880,14,https://litteraturbanken.se/författare/Kr%C3%A6merL
ström,KræmerL,1890,17,https://litteraturbanken.se/författare/Kr%C3%A6merL
ström,KræmerV,1930,7,https://litteraturbanken.se/författare/Kr%C3%A6merV
ström,KullbergKA,1830,16,https://litteraturbanken.se/författare/KullbergKA
ström,KullbergKA,1840,17,https://litteraturbanken.se/författare/KullbergKA
ström,KullbergKA,1870,4,https://litteraturbanken.se/författare/KullbergKA
ström,KullgrenO,1880,10,https://litteraturbanken.se/författare/KullgrenO
ström,KuylenstiernaE,1890,5,https://litteraturbanken.se/författare/KuylenstiernaE
ström,KuylenstiernaE,1900,2,https://litteraturbanken.se/författare/KuylenstiernaE
ström,KämpeA,1900,1,https://litteraturbanken.se/författare/K%C3%A4mpeA
ström,KämpeA,1910,10,https://litteraturbanken.se/författare/K%C3%A4mpeA
ström,KärrströmEJ,1890,1,https://litteraturbanken.se/författare/K%C3%A4rrstr%C3%B6mEJ
ström,LagerbringG,1880,9,https://litteraturbanken.se/författare/LagerbringG
ström,LagergrenC,1880,1,https://litteraturbanken.se/författare/LagergrenC
ström,LagergrenC,1890,1,https://litteraturbanken.se/författare/LagergrenC
ström,LagergrenCarl,1880,4,https://litteraturbanken.se/författare/LagergrenCarl
ström,LagerhjelmA,1870,2,https://litteraturbanken.se/författare/LagerhjelmA
ström,LagerlöfH,1890,2,https://litteraturbanken.se/författare/Lagerl%C3%B6fH
ström,LagerlöfS,1890,29,https://litteraturbanken.se/författare/Lagerl%C3%B6fS
ström,LagerlöfS,1900,73,https://litteraturbanken.se/författare/Lagerl%C3%B6fS
ström,LagerlöfS,1910,20,https://litteraturbanken.se/författare/Lagerl%C3%B6fS
ström,LagerlöfS,1920,10,https://litteraturbanken.se/författare/Lagerl%C3%B6fS
ström,LagerlöfS,1930,18,https://litteraturbanken.se/författare/Lagerl%C3%B6fS
ström,LagerlöfS,1940,16,https://litteraturbanken.se/författare/Lagerl%C3%B6fS
ström,LagerlöfS,2010,19,https://litteraturbanken.se/författare/Lagerl%C3%B6fS
ström,LagerlöwE,1870,2,https://litteraturbanken.se/författare/Lagerl%C3%B6wE
ström,LagermanJ,1870,2,https://litteraturbanken.se/författare/LagermanJ
ström,LagerströmS,1890,2,https://litteraturbanken.se/författare/Lagerstr%C3%B6mS
ström,LagusG,1860,1,https://litteraturbanken.se/författare/LagusG
ström,LagusG,1870,2,https://litteraturbanken.se/författare/LagusG
ström,LahngLH,1890,2,https://litteraturbanken.se/författare/LahngLH
ström,LambergA,1870,1,https://litteraturbanken.se/författare/LambergA
ström,LammGM,1890,1,https://litteraturbanken.se/författare/LammGM
ström,LammM,1930,1,https://litteraturbanken.se/författare/LammM
ström,LandahlM,1890,3,https://litteraturbanken.se/författare/LandahlM
ström,LandahlM,1900,10,https://litteraturbanken.se/författare/LandahlM
ström,LandbergC,1900,1,https://litteraturbanken.se/författare/LandbergC
ström,LandquistE,1910,2,https://litteraturbanken.se/författare/LandquistE
ström,LandqvistR,1890,4,https://litteraturbanken.se/författare/LandqvistR
ström,LangeI,1880,1,https://litteraturbanken.se/författare/LangeI
ström,LangletM,1870,1,https://litteraturbanken.se/författare/LangletM
ström,LangletM,1890,2,https://litteraturbanken.se/författare/LangletM
ström,LangletM,1900,9,https://litteraturbanken.se/författare/LangletM
ström,LarssonC,1910,1,https://litteraturbanken.se/författare/LarssonC
ström,LarssonH,1910,4,https://litteraturbanken.se/författare/LarssonH
ström,LarssonLeon,1900,4,https://litteraturbanken.se/författare/LarssonLeon
ström,LaurénLL,1880,8,https://litteraturbanken.se/författare/Laur%C3%A9nLL
ström,LaurénLL,1890,10,https://litteraturbanken.se/författare/Laur%C3%A9nLL
ström,LefflerAC,1880,9,https://litteraturbanken.se/författare/LefflerAC
ström,LefflerAC,1890,2,https://litteraturbanken.se/författare/LefflerAC
ström,LeisteniusJG,1840,4,https://litteraturbanken.se/författare/LeisteniusJG
ström,LeisteniusJG,1850,4,https://litteraturbanken.se/författare/LeisteniusJG
ström,LeisteniusJG,1880,13,https://litteraturbanken.se/författare/LeisteniusJG
ström,LenngrenAM,1840,1,https://litteraturbanken.se/författare/LenngrenAM
ström,LennstrandVE,1880,8,https://litteraturbanken.se/författare/LennstrandVE
ström,LeopoldCG,1800,1,https://litteraturbanken.se/författare/LeopoldCG
ström,LeufstedtGJ,1870,1,https://litteraturbanken.se/författare/LeufstedtGJ
ström,LeufstedtGJ,1880,1,https://litteraturbanken.se/författare/LeufstedtGJ
ström,LevartJ,1890,5,https://litteraturbanken.se/författare/LevartJ
ström,LevertinO,1880,11,https://litteraturbanken.se/författare/LevertinO
ström,LevertinO,1890,32,https://litteraturbanken.se/författare/LevertinO
ström,LevertinO,1900,16,https://litteraturbanken.se/författare/LevertinO
ström,LevinCH,1840,2,https://litteraturbanken.se/författare/LevinCH
ström,LewaldA,1880,8,https://litteraturbanken.se/författare/LewaldA
ström,LewenhauptA,1920,25,https://litteraturbanken.se/författare/LewenhauptA
ström,LidforssB,1910,3,https://litteraturbanken.se/författare/LidforssB
ström,LiedbeckCH,1880,3,https://litteraturbanken.se/författare/LiedbeckCH
ström,LiedbeckJ,1840,6,https://litteraturbanken.se/författare/LiedbeckJ
ström,LiljaN,1830,4,https://litteraturbanken.se/författare/LiljaN
ström,LiljaN,1840,2,https://litteraturbanken.se/författare/LiljaN
ström,LiljaN,1860,1,https://litteraturbanken.se/författare/LiljaN
ström,LilliecronaCH,1890,3,https://litteraturbanken.se/författare/LilliecronaCH
ström,LilliestiernaAE,1870,3,https://litteraturbanken.se/författare/LilliestiernaAE
ström,LilljebjörnE,1890,2,https://litteraturbanken.se/författare/Lilljebj%C3%B6rnE
ström,LimborgO,1880,7,https://litteraturbanken.se/författare/LimborgO
ström,LinckEE,1870,7,https://litteraturbanken.se/författare/LinckEE
ström,LinckJ,1880,1,https://litteraturbanken.se/författare/LinckJ
ström,LindC,1900,8,https://litteraturbanken.se/författare/LindC
ström,LindChrister,1940,1,https://litteraturbanken.se/författare/LindChrister
ström,LindbeckC,1890,2,https://litteraturbanken.se/författare/LindbeckC
ström,LindbergEM,1860,3,https://litteraturbanken.se/författare/LindbergEM
ström,LindbergOE,1890,1,https://litteraturbanken.se/författare/LindbergOE
ström,LindbergP,1920,3,https://litteraturbanken.se/författare/LindbergP
ström,LindbergP,1940,19,https://litteraturbanken.se/författare/LindbergP
ström,LindbladA,1890,2,https://litteraturbanken.se/författare/LindbladA
ström,LindbladEW,1860,2,https://litteraturbanken.se/författare/LindbladEW
ström,LindbladEW,1870,4,https://litteraturbanken.se/författare/LindbladEW
ström,LindbladJM,1840,9,https://litteraturbanken.se/författare/LindbladJM
ström,LindbladJM,1850,3,https://litteraturbanken.se/författare/LindbladJM
ström,LindblomE,1880,1,https://litteraturbanken.se/författare/LindblomE
ström,LindbäckO,1870,2,https://litteraturbanken.se/författare/Lindb%C3%A4ckO
ström,LindebergA,1810,1,https://litteraturbanken.se/författare/LindebergA
ström,LindebergA,1830,50,https://litteraturbanken.se/författare/LindebergA
ström,LindebladA,1830,3,https://litteraturbanken.se/författare/LindebladA
ström,LindebladA,1840,2,https://litteraturbanken.se/författare/LindebladA
ström,LinderM,1860,1,https://litteraturbanken.se/författare/LinderM
ström,LindforsO,1880,5,https://litteraturbanken.se/författare/LindforsO
ström,LindforsO,1890,1,https://litteraturbanken.se/författare/LindforsO
ström,LindgrenAnders,1840,1,https://litteraturbanken.se/författare/LindgrenAnders
ström,LindgrenH,1890,10,https://litteraturbanken.se/författare/LindgrenH
ström,LindgrenI,1910,1,https://litteraturbanken.se/författare/LindgrenI
ström,LindgrenM,1870,3,https://litteraturbanken.se/författare/LindgrenM
ström,LindhT,1860,8,https://litteraturbanken.se/författare/LindhT
ström,LindhT,1870,14,https://litteraturbanken.se/författare/LindhT
ström,LindholmC,1880,2,https://litteraturbanken.se/författare/LindholmC
ström,LindholmC,1890,2,https://litteraturbanken.se/författare/LindholmC
ström,LindholmF,1880,4,https://litteraturbanken.se/författare/LindholmF
ström,LindholmPA,1880,4,https://litteraturbanken.se/författare/LindholmPA
ström,LindholmPA,1890,8,https://litteraturbanken.se/författare/LindholmPA
ström,LindholmV,1900,11,https://litteraturbanken.se/författare/LindholmV
ström,LindhéW,1870,1,https://litteraturbanken.se/författare/Lindh%C3%A9W
ström,LindhéW,1880,14,https://litteraturbanken.se/författare/Lindh%C3%A9W
ström,LindhéW,1890,9,https://litteraturbanken.se/författare/Lindh%C3%A9W
ström,LindhéW,1900,1,https://litteraturbanken.se/författare/Lindh%C3%A9W
ström,LindkvistA,1880,3,https://litteraturbanken.se/författare/LindkvistA
ström,LindmanV,1880,1,https://litteraturbanken.se/författare/LindmanV
ström,LindmanV,1890,5,https://litteraturbanken.se/författare/LindmanV
ström,LindormE,1910,1,https://litteraturbanken.se/författare/LindormE
ström,LindormE,1930,2,https://litteraturbanken.se/författare/LindormE
ström,LindormE,1940,6,https://litteraturbanken.se/författare/LindormE
ström,LindqvistFL,1830,1,https://litteraturbanken.se/författare/LindqvistFL
ström,LindqvistG,1890,2,https://litteraturbanken.se/författare/LindqvistG
ström,LindqvistG,1900,3,https://litteraturbanken.se/författare/LindqvistG
ström,LindqvistJ,1870,12,https://litteraturbanken.se/författare/LindqvistJ
ström,LindqvistJ,1880,21,https://litteraturbanken.se/författare/LindqvistJ
ström,LindqvistM,1930,2,https://litteraturbanken.se/författare/LindqvistM
ström,LindqvistUL,1840,1,https://litteraturbanken.se/författare/LindqvistUL
ström,LindskougA,1880,7,https://litteraturbanken.se/författare/LindskougA
ström,LindströmSigfrid,1920,5,https://litteraturbanken.se/författare/Lindstr%C3%B6mSigfrid
ström,LindströmSigfrid,1930,2,https://litteraturbanken.se/författare/Lindstr%C3%B6mSigfrid
ström,LingPH,1860,19,https://litteraturbanken.se/författare/LingPH
ström,LinnarssonL,1940,3,https://litteraturbanken.se/författare/LinnarssonL
ström,LinnarssonL,1950,12,https://litteraturbanken.se/författare/LinnarssonL
ström,LinnerhielmJC,1790,11,https://litteraturbanken.se/författare/LinnerhielmJC
ström,LinnerhielmJC,1800,21,https://litteraturbanken.se/författare/LinnerhielmJC
ström,LinnerhielmJC,1810,60,https://litteraturbanken.se/författare/LinnerhielmJC
ström,LipmansonL,1870,2,https://litteraturbanken.se/författare/LipmansonL
ström,LithanderJG,1860,1,https://litteraturbanken.se/författare/LithanderJG
ström,LjungbergE,1880,6,https://litteraturbanken.se/författare/LjungbergE
ström,LjungbergE,1890,1,https://litteraturbanken.se/författare/LjungbergE
ström,LjungbergPA,1880,13,https://litteraturbanken.se/författare/LjungbergPA
ström,LjunggrenA,1880,1,https://litteraturbanken.se/författare/LjunggrenA
ström,LjunggrenAG,1890,5,https://litteraturbanken.se/författare/LjunggrenAG
ström,LjunggrenAG,1900,3,https://litteraturbanken.se/författare/LjunggrenAG
ström,LjunggrenCA,1850,1,https://litteraturbanken.se/författare/LjunggrenCA
ström,LjunggrenG,1860,3,https://litteraturbanken.se/författare/LjunggrenG
ström,LjunggrenG,1870,15,https://litteraturbanken.se/författare/LjunggrenG
ström,LjunggrenG,1880,14,https://litteraturbanken.se/författare/LjunggrenG
ström,LjunggrenG,1890,43,https://litteraturbanken.se/författare/LjunggrenG
ström,LjunglöfE,1890,9,https://litteraturbanken.se/författare/Ljungl%C3%B6fE
ström,LjungstedtA,1850,4,https://litteraturbanken.se/författare/LjungstedtA
ström,LjungstedtA,1860,8,https://litteraturbanken.se/författare/LjungstedtA
ström,LjungstedtA,1870,67,https://litteraturbanken.se/författare/LjungstedtA
ström,LjungstedtA,1880,9,https://litteraturbanken.se/författare/LjungstedtA
ström,LloydL,1870,7,https://litteraturbanken.se/författare/LloydL
ström,LovénN,1830,5,https://litteraturbanken.se/författare/Lov%C3%A9nN
ström,LundS,1880,8,https://litteraturbanken.se/författare/LundS
ström,Lundberg-NyblomE,1890,3,https://litteraturbanken.se/författare/Lundberg-NyblomE
ström,LundbergE,1880,4,https://litteraturbanken.se/författare/LundbergE
ström,LundbergJF,1900,1,https://litteraturbanken.se/författare/LundbergJF
ström,LundbergT,1900,5,https://litteraturbanken.se/författare/LundbergT
ström,LundeblomR,1880,2,https://litteraturbanken.se/författare/LundeblomR
ström,LundeblomR,1890,13,https://litteraturbanken.se/författare/LundeblomR
ström,LundegårdA,1880,6,https://litteraturbanken.se/författare/Lundeg%C3%A5rdA
ström,LundegårdA,1890,47,https://litteraturbanken.se/författare/Lundeg%C3%A5rdA
ström,LundegårdA,1900,10,https://litteraturbanken.se/författare/Lundeg%C3%A5rdA
ström,LundegårdK,1890,5,https://litteraturbanken.se/författare/Lundeg%C3%A5rdK
ström,LundequistNW,1830,2,https://litteraturbanken.se/författare/LundequistNW
ström,LundequistS,1890,3,https://litteraturbanken.se/författare/LundequistS
ström,LundgrenElam,1890,1,https://litteraturbanken.se/författare/LundgrenElam
ström,LundgrenJE,1840,2,https://litteraturbanken.se/författare/LundgrenJE
ström,LundgrenNA,1890,2,https://litteraturbanken.se/författare/LundgrenNA
ström,LundinA,1890,6,https://litteraturbanken.se/författare/LundinA
ström,LundinA,1900,3,https://litteraturbanken.se/författare/LundinA
ström,LundinAnders,1880,27,https://litteraturbanken.se/författare/LundinAnders
ström,LundinC,1860,2,https://litteraturbanken.se/författare/LundinC
ström,LundinC,1870,15,https://litteraturbanken.se/författare/LundinC
ström,LundinC,1880,6,https://litteraturbanken.se/författare/LundinC
ström,LundinC,1890,5,https://litteraturbanken.se/författare/LundinC
ström,LundiusNA,1900,3,https://litteraturbanken.se/författare/LundiusNA
ström,LundmarkJ,1840,2,https://litteraturbanken.se/författare/LundmarkJ
ström,LundquistA,1890,15,https://litteraturbanken.se/författare/LundquistA
ström,LundquistE,1880,21,https://litteraturbanken.se/författare/LundquistE
ström,LundquistE,1890,11,https://litteraturbanken.se/författare/LundquistE
ström,LundquistE,1900,5,https://litteraturbanken.se/författare/LundquistE
ström,LundstedtB,1890,41,https://litteraturbanken.se/författare/LundstedtB
ström,LundstedtB,1900,44,https://litteraturbanken.se/författare/LundstedtB
ström,LundströmA,1870,5,https://litteraturbanken.se/författare/Lundstr%C3%B6mA
ström,LundströmE,1910,1,https://litteraturbanken.se/författare/Lundstr%C3%B6mE
ström,LundströmG,1880,14,https://litteraturbanken.se/författare/Lundstr%C3%B6mG
ström,LundströmI,1870,1,https://litteraturbanken.se/författare/Lundstr%C3%B6mI
ström,LundströmIngeborg,1890,2,https://litteraturbanken.se/författare/Lundstr%C3%B6mIngeborg
ström,LundströmM,1860,6,https://litteraturbanken.se/författare/Lundstr%C3%B6mM
ström,LundströmM,1870,2,https://litteraturbanken.se/författare/Lundstr%C3%B6mM
ström,LundströmV,1900,5,https://litteraturbanken.se/författare/Lundstr%C3%B6mV
ström,LunellL,1880,3,https://litteraturbanken.se/författare/LunellL
ström,LunellL,1890,3,https://litteraturbanken.se/författare/LunellL
ström,LunellL,1900,1,https://litteraturbanken.se/författare/LunellL
ström,LybeckM,1890,15,https://litteraturbanken.se/författare/LybeckM
ström,LybeckM,1900,3,https://litteraturbanken.se/författare/LybeckM
ström,LybeckM,1910,1,https://litteraturbanken.se/författare/LybeckM
ström,LybeckM,1920,1,https://litteraturbanken.se/författare/LybeckM
ström,LyckowG,1890,3,https://litteraturbanken.se/författare/LyckowG
ström,LénströmCJ,1830,19,https://litteraturbanken.se/författare/L%C3%A9nstr%C3%B6mCJ
ström,LénströmCJ,1840,14,https://litteraturbanken.se/författare/L%C3%A9nstr%C3%B6mCJ
ström,LénströmCJ,1850,2,https://litteraturbanken.se/författare/L%C3%A9nstr%C3%B6mCJ
ström,LénströmCJ,1860,3,https://litteraturbanken.se/författare/L%C3%A9nstr%C3%B6mCJ
ström,LöfgrenE,1930,3,https://litteraturbanken.se/författare/L%C3%B6fgrenE
ström,LöfgrenNI,1830,9,https://litteraturbanken.se/författare/L%C3%B6fgrenNI
ström,LöfvingC,1870,2,https://litteraturbanken.se/författare/L%C3%B6fvingC
ström,LöfvingC,1880,9,https://litteraturbanken.se/författare/L%C3%B6fvingC
ström,LöhmanLV,1830,4,https://litteraturbanken.se/författare/L%C3%B6hmanLV
ström,LöhmanLV,1870,8,https://litteraturbanken.se/författare/L%C3%B6hmanLV
ström,LönnbeckGF,1870,2,https://litteraturbanken.se/författare/L%C3%B6nnbeckGF
ström,LönnbergM,1870,20,https://litteraturbanken.se/författare/L%C3%B6nnbergM
ström,LönnbergM,1880,15,https://litteraturbanken.se/författare/L%C3%B6nnbergM
ström,LönnbergM,1890,7,https://litteraturbanken.se/författare/L%C3%B6nnbergM
ström,MagalottiL,1910,1,https://litteraturbanken.se/författare/MagalottiL
ström,MagnellCJ,1890,6,https://litteraturbanken.se/författare/MagnellCJ
ström,MagnussenJP,1830,2,https://litteraturbanken.se/författare/MagnussenJP
ström,MallanderGR,1880,2,https://litteraturbanken.se/författare/MallanderGR
ström,MallingM,1880,5,https://litteraturbanken.se/författare/MallingM
ström,MallingM,1890,2,https://litteraturbanken.se/författare/MallingM
ström,MallingM,1920,2,https://litteraturbanken.se/författare/MallingM
ström,MalmgrenT,1870,3,https://litteraturbanken.se/författare/MalmgrenT
ström,MalmqvistAE,1890,1,https://litteraturbanken.se/författare/MalmqvistAE
ström,MalmströmBE,1830,1,https://litteraturbanken.se/författare/Malmstr%C3%B6mBE
ström,MalmströmBE,1840,16,https://litteraturbanken.se/författare/Malmstr%C3%B6mBE
ström,MalmströmBE,1850,9,https://litteraturbanken.se/författare/Malmstr%C3%B6mBE
ström,MalmströmKR,1870,6,https://litteraturbanken.se/författare/Malmstr%C3%B6mKR
ström,MankellJ,1860,12,https://litteraturbanken.se/författare/MankellJ
ström,MannerfeltO,1900,1,https://litteraturbanken.se/författare/MannerfeltO
ström,MarholmL,1890,2,https://litteraturbanken.se/författare/MarholmL
ström,MarinOU,1840,16,https://litteraturbanken.se/författare/MarinOU
ström,MartinssonH,1860,1,https://litteraturbanken.se/författare/MartinssonH
ström,MatssonJS,1880,1,https://litteraturbanken.se/författare/MatssonJS
ström,MattssonS,1850,1,https://litteraturbanken.se/författare/MattssonS
ström,MattssonS,1860,1,https://litteraturbanken.se/författare/MattssonS
ström,MattssonS,1870,2,https://litteraturbanken.se/författare/MattssonS
ström,MeijerB,1880,4,https://litteraturbanken.se/författare/MeijerB
ström,MelanderR,1880,13,https://litteraturbanken.se/författare/MelanderR
ström,MelanderR,1890,49,https://litteraturbanken.se/författare/MelanderR
ström,MeleforsE,2010,1,https://litteraturbanken.se/författare/MeleforsE
ström,MelinKA,1880,2,https://litteraturbanken.se/författare/MelinKA
ström,MelinKA,1890,2,https://litteraturbanken.se/författare/MelinKA
ström,MellinGH,1830,5,https://litteraturbanken.se/författare/MellinGH
ström,MellinGH,1840,51,https://litteraturbanken.se/författare/MellinGH
ström,MellinGH,1850,15,https://litteraturbanken.se/författare/MellinGH
ström,MellinGH,1860,3,https://litteraturbanken.se/författare/MellinGH
ström,MellinGH,1870,67,https://litteraturbanken.se/författare/MellinGH
ström,MellinGH,1880,7,https://litteraturbanken.se/författare/MellinGH
ström,MellinGH,1890,2,https://litteraturbanken.se/författare/MellinGH
ström,MelstedI,1890,2,https://litteraturbanken.se/författare/MelstedI
ström,MeyerA,1880,26,https://litteraturbanken.se/författare/MeyerA
ström,MeyerE,1890,11,https://litteraturbanken.se/författare/MeyerE
ström,MeyerG,1870,7,https://litteraturbanken.se/författare/MeyerG
ström,MeyerG,1880,6,https://litteraturbanken.se/författare/MeyerG
ström,MeyerPJ,1850,5,https://litteraturbanken.se/författare/MeyerPJ
ström,MeyersonG,1890,2,https://litteraturbanken.se/författare/MeyersonG
ström,MichelsenAC,1870,1,https://litteraturbanken.se/författare/MichelsenAC
ström,MilowC,1890,3,https://litteraturbanken.se/författare/MilowC
ström,ModinJE,1860,16,https://litteraturbanken.se/författare/ModinJE
ström,ModinJE,1880,6,https://litteraturbanken.se/författare/ModinJE
ström,MolanderH,1880,1,https://litteraturbanken.se/författare/MolanderH
ström,MolanderH,1890,6,https://litteraturbanken.se/författare/MolanderH
ström,MolinL,1910,2,https://litteraturbanken.se/författare/MolinL
ström,MolinP,1890,29,https://litteraturbanken.se/författare/MolinP
ström,MollV,1880,4,https://litteraturbanken.se/författare/MollV
ström,MollV,1890,1,https://litteraturbanken.se/författare/MollV
ström,MontgomeryCederhielmR,1880,5,https://litteraturbanken.se/författare/MontgomeryCederhielmR
ström,MontgomeryCederhielmR,1890,4,https://litteraturbanken.se/författare/MontgomeryCederhielmR
ström,MontgomeryLM,1900,4,https://litteraturbanken.se/författare/MontgomeryLM
ström,MontgomeryLM,1910,4,https://litteraturbanken.se/författare/MontgomeryLM
ström,MonténRA,1880,2,https://litteraturbanken.se/författare/Mont%C3%A9nRA
ström,MortensenJ,1900,11,https://litteraturbanken.se/författare/MortensenJ
ström,MortensenJ,1910,10,https://litteraturbanken.se/författare/MortensenJ
ström,MuntheA,1880,2,https://litteraturbanken.se/författare/MuntheA
ström,MuntheA,1900,3,https://litteraturbanken.se/författare/MuntheA
ström,MuntheA,1930,3,https://litteraturbanken.se/författare/MuntheA
ström,MurbergJ,1800,1,https://litteraturbanken.se/författare/MurbergJ
ström,MyrbergA,1920,7,https://litteraturbanken.se/författare/MyrbergA
ström,MöllerA,1910,1,https://litteraturbanken.se/författare/M%C3%B6llerA
ström,MöllerF,1860,1,https://litteraturbanken.se/författare/M%C3%B6llerF
ström,MörneA,1920,4,https://litteraturbanken.se/författare/M%C3%B6rneA
ström,MörnerB,1890,2,https://litteraturbanken.se/författare/M%C3%B6rnerB
ström,MörnerJCA,1870,6,https://litteraturbanken.se/författare/M%C3%B6rnerJCA
ström,MörtengrenF,1860,1,https://litteraturbanken.se/författare/M%C3%B6rtengrenF
ström,NaumannM,1870,1,https://litteraturbanken.se/författare/NaumannM
ström,NaumannM,1880,3,https://litteraturbanken.se/författare/NaumannM
ström,NermanG,1890,1,https://litteraturbanken.se/författare/NermanG
ström,NervanderE,1860,3,https://litteraturbanken.se/författare/NervanderE
ström,NervanderE,1880,2,https://litteraturbanken.se/författare/NervanderE
ström,NervanderJJ,1840,3,https://litteraturbanken.se/författare/NervanderJJ
ström,NervanderJJ,1850,17,https://litteraturbanken.se/författare/NervanderJJ
ström,NicanderKA,1820,2,https://litteraturbanken.se/författare/NicanderKA
ström,NicanderKA,1830,16,https://litteraturbanken.se/författare/NicanderKA
ström,NicanderKA,1840,12,https://litteraturbanken.se/författare/NicanderKA
ström,NilsdorffH,1890,2,https://litteraturbanken.se/författare/NilsdorffH
ström,NilssonA,1910,21,https://litteraturbanken.se/författare/NilssonA
ström,NilssonE,1860,2,https://litteraturbanken.se/författare/NilssonE
ström,NilssonL,1880,1,https://litteraturbanken.se/författare/NilssonL
ström,NilssonNP,1840,1,https://litteraturbanken.se/författare/NilssonNP
ström,NissenC,1890,8,https://litteraturbanken.se/författare/NissenC
ström,NonnenE,1850,4,https://litteraturbanken.se/författare/NonnenE
ström,NonnenE,1860,11,https://litteraturbanken.se/författare/NonnenE
ström,NonnenE,1870,4,https://litteraturbanken.se/författare/NonnenE
ström,NonnenE,1880,1,https://litteraturbanken.se/författare/NonnenE
ström,NonnenE,1890,3,https://litteraturbanken.se/författare/NonnenE
ström,NordenadlerE,1900,1,https://litteraturbanken.se/författare/NordenadlerE
ström,NordenbergA,1880,4,https://litteraturbanken.se/författare/NordenbergA
ström,NordenhielmS,1900,4,https://litteraturbanken.se/författare/NordenhielmS
ström,NordenskiöldAE,1880,27,https://litteraturbanken.se/författare/Nordenski%C3%B6ldAE
ström,NordenskiöldG,1890,1,https://litteraturbanken.se/författare/Nordenski%C3%B6ldG
ström,NordensvanG,1870,13,https://litteraturbanken.se/författare/NordensvanG
ström,NordensvanG,1880,34,https://litteraturbanken.se/författare/NordensvanG
ström,NordensvanG,1890,8,https://litteraturbanken.se/författare/NordensvanG
ström,NordinJ,2020,1,https://litteraturbanken.se/författare/NordinJ
ström,NordlanderJ,1880,3,https://litteraturbanken.se/författare/NordlanderJ
ström,NordlundS,1890,1,https://litteraturbanken.se/författare/NordlundS
ström,NordströmEB,1910,10,https://litteraturbanken.se/författare/Nordstr%C3%B6mEB
ström,NordströmEB,1920,2,https://litteraturbanken.se/författare/Nordstr%C3%B6mEB
ström,NordströmEB,1930,3,https://litteraturbanken.se/författare/Nordstr%C3%B6mEB
ström,NordströmL,1900,9,https://litteraturbanken.se/författare/Nordstr%C3%B6mL
ström,NordströmL,1930,6,https://litteraturbanken.se/författare/Nordstr%C3%B6mL
ström,NordströmW,1860,10,https://litteraturbanken.se/författare/Nordstr%C3%B6mW
ström,NoreenA,1880,2,https://litteraturbanken.se/författare/NoreenA
ström,NoreenA,1900,1,https://litteraturbanken.se/författare/NoreenA
ström,NoreenEA,1870,2,https://litteraturbanken.se/författare/NoreenEA
ström,NorlinM,1880,22,https://litteraturbanken.se/författare/NorlinM
ström,NorlinM,1890,8,https://litteraturbanken.se/författare/NorlinM
ström,NormanCarl,1890,4,https://litteraturbanken.se/författare/NormanCarl
ström,NormanE,1890,6,https://litteraturbanken.se/författare/NormanE
ström,NorströmV,1900,6,https://litteraturbanken.se/författare/Norstr%C3%B6mV
ström,NorströmV,1910,3,https://litteraturbanken.se/författare/Norstr%C3%B6mV
ström,NoræusS,1840,2,https://litteraturbanken.se/författare/Nor%C3%A6usS
ström,NorénV,1860,1,https://litteraturbanken.se/författare/Nor%C3%A9nV
ström,NorénV,1880,1,https://litteraturbanken.se/författare/Nor%C3%A9nV
ström,NumersH,1850,5,https://litteraturbanken.se/författare/NumersH
ström,NybergJC,1830,17,https://litteraturbanken.se/författare/NybergJC
ström,NybergJC,1840,9,https://litteraturbanken.se/författare/NybergJC
ström,NybergJP,1850,4,https://litteraturbanken.se/författare/NybergJP
ström,NybergJP,1860,4,https://litteraturbanken.se/författare/NybergJP
ström,NybergS,1860,3,https://litteraturbanken.se/författare/NybergS
ström,NyblomCR,1850,1,https://litteraturbanken.se/författare/NyblomCR
ström,NyblomCR,1870,6,https://litteraturbanken.se/författare/NyblomCR
ström,NyblomH,1870,16,https://litteraturbanken.se/författare/NyblomH
ström,NyblomH,1880,12,https://litteraturbanken.se/författare/NyblomH
ström,NyblomH,1890,26,https://litteraturbanken.se/författare/NyblomH
ström,NyblomH,1910,9,https://litteraturbanken.se/författare/NyblomH
ström,NyblomL,1950,2,https://litteraturbanken.se/författare/NyblomL
ström,NyblæusG,1840,1,https://litteraturbanken.se/författare/Nybl%C3%A6usG
ström,NyblæusG,1890,3,https://litteraturbanken.se/författare/Nybl%C3%A6usG
ström,NybomJ,1830,1,https://litteraturbanken.se/författare/NybomJ
ström,NybomJ,1840,11,https://litteraturbanken.se/författare/NybomJ
ström,NybomJ,1850,2,https://litteraturbanken.se/författare/NybomJ
ström,NycanderF,1890,12,https://litteraturbanken.se/författare/NycanderF
ström,NygrenAJ,1890,2,https://litteraturbanken.se/författare/NygrenAJ
ström,NyholmCA,1880,1,https://litteraturbanken.se/författare/NyholmCA
ström,NyholmCA,1890,1,https://litteraturbanken.se/författare/NyholmCA
ström,NylénPG,1920,8,https://litteraturbanken.se/författare/Nyl%C3%A9nPG
ström,NyströmL,1890,8,https://litteraturbanken.se/författare/Nystr%C3%B6mL
ström,NèlsonJF,1880,15,https://litteraturbanken.se/författare/N%C3%A8lsonJF
ström,OdelA,1860,1,https://litteraturbanken.se/författare/OdelA
ström,OhlsonCO,1880,2,https://litteraturbanken.se/författare/OhlsonCO
ström,OldbergAFN,1850,2,https://litteraturbanken.se/författare/OldbergAFN
ström,OlivecronaR,1880,5,https://litteraturbanken.se/författare/OlivecronaR
ström,OlofssonK,1920,5,https://litteraturbanken.se/författare/OlofssonK
ström,OlofssonK,1930,4,https://litteraturbanken.se/författare/OlofssonK
ström,OlssonAugust,1890,1,https://litteraturbanken.se/författare/OlssonAugust
ström,OlssonAugust,1900,1,https://litteraturbanken.se/författare/OlssonAugust
ström,OlssonJohannes,1890,6,https://litteraturbanken.se/författare/OlssonJohannes
ström,OlánO,1890,1,https://litteraturbanken.se/författare/Ol%C3%A1nO
ström,OmarKhayyam,1920,2,https://litteraturbanken.se/författare/OmarKhayyam
ström,OskarII,1850,7,https://litteraturbanken.se/författare/OskarII
ström,OskarII,1870,10,https://litteraturbanken.se/författare/OskarII
ström,OskarII,1890,5,https://litteraturbanken.se/författare/OskarII
ström,OterdahlJ,1910,12,https://litteraturbanken.se/författare/OterdahlJ
ström,Ovidius,1820,15,https://litteraturbanken.se/författare/Ovidius
ström,OxenstiernaJG,1790,4,https://litteraturbanken.se/författare/OxenstiernaJG
ström,OxenstiernaMGL,1870,3,https://litteraturbanken.se/författare/OxenstiernaMGL
ström,OxenstiernaMGL,1880,2,https://litteraturbanken.se/författare/OxenstiernaMGL
ström,OxenstiernaMGL,1890,46,https://litteraturbanken.se/författare/OxenstiernaMGL
ström,PabanAT,1870,1,https://litteraturbanken.se/författare/PabanAT
ström,PalmA,1880,1,https://litteraturbanken.se/författare/PalmA
ström,PalmA,1900,1,https://litteraturbanken.se/författare/PalmA
ström,PalmAmy,1890,1,https://litteraturbanken.se/författare/PalmAmy
ström,PalmbladVF,1840,47,https://litteraturbanken.se/författare/PalmbladVF
ström,PalmbladVF,1850,6,https://litteraturbanken.se/författare/PalmbladVF
ström,PalmeCA,1860,2,https://litteraturbanken.se/författare/PalmeCA
ström,PalmstjernaCO,1830,12,https://litteraturbanken.se/författare/PalmstjernaCO
ström,PalmærHB,1870,6,https://litteraturbanken.se/författare/Palm%C3%A6rHB
ström,PalmérF,1890,3,https://litteraturbanken.se/författare/Palm%C3%A9rF
ström,PankninCL,1910,1,https://litteraturbanken.se/författare/PankninCL
ström,PatersonE,1870,3,https://litteraturbanken.se/författare/PatersonE
ström,PaulA,1890,13,https://litteraturbanken.se/författare/PaulA
ström,PauliG,1910,3,https://litteraturbanken.se/författare/PauliG
ström,PaykullLG,1880,2,https://litteraturbanken.se/författare/PaykullLG
ström,PereswetoffMorathF,1860,5,https://litteraturbanken.se/författare/PereswetoffMorathF
ström,PereswetoffMorathF,1880,3,https://litteraturbanken.se/författare/PereswetoffMorathF
ström,PerraultC,1870,1,https://litteraturbanken.se/författare/PerraultC
ström,PerssonF,1900,23,https://litteraturbanken.se/författare/PerssonF
ström,PerssonF,1910,5,https://litteraturbanken.se/författare/PerssonF
ström,PetersonG,1880,4,https://litteraturbanken.se/författare/PetersonG
ström,PetersonGR,1870,4,https://litteraturbanken.se/författare/PetersonGR
ström,PetersonGR,1880,1,https://litteraturbanken.se/författare/PetersonGR
ström,PetersonM,1860,3,https://litteraturbanken.se/författare/PetersonM
ström,PeterssonS,1890,2,https://litteraturbanken.se/författare/PeterssonS
ström,PeterssonT,1880,3,https://litteraturbanken.se/författare/PeterssonT
ström,PetriniG,1910,1,https://litteraturbanken.se/författare/PetriniG
ström,PetterssonC,1850,5,https://litteraturbanken.se/författare/PetterssonC
ström,PetterssonOlinJ,1890,1,https://litteraturbanken.se/författare/PetterssonOlinJ
ström,PetterssonS,1870,18,https://litteraturbanken.se/författare/PetterssonS
ström,PfeifferS,1880,2,https://litteraturbanken.se/författare/PfeifferS
ström,PhilipssonJ,1850,5,https://litteraturbanken.se/författare/PhilipssonJ
ström,PihlstrandR,1880,2,https://litteraturbanken.se/författare/PihlstrandR
ström,PinelloNH,1860,7,https://litteraturbanken.se/författare/PinelloNH
ström,PinelloNH,1870,8,https://litteraturbanken.se/författare/PinelloNH
ström,PiraNE,1890,1,https://litteraturbanken.se/författare/PiraNE
ström,PontoppidanH,1890,1,https://litteraturbanken.se/författare/PontoppidanH
ström,PostT,1880,1,https://litteraturbanken.se/författare/PostT
ström,PoulssonK,1870,5,https://litteraturbanken.se/författare/PoulssonK
ström,QuarnströmAV,1860,2,https://litteraturbanken.se/författare/Quarnstr%C3%B6mAV
ström,QuennerstedtA,1900,346,https://litteraturbanken.se/författare/QuennerstedtA
ström,QuennerstedtA,1910,346,https://litteraturbanken.se/författare/QuennerstedtA
ström,QvantenAvon,1880,2,https://litteraturbanken.se/författare/QvantenAvon
ström,QvantenE,1840,2,https://litteraturbanken.se/författare/QvantenE
ström,QvantenE,1850,3,https://litteraturbanken.se/författare/QvantenE
ström,QvantenE,1880,14,https://litteraturbanken.se/författare/QvantenE
ström,RandelRA,1910,2,https://litteraturbanken.se/författare/RandelRA
ström,ReenstiernaMH,1940,60,https://litteraturbanken.se/författare/ReenstiernaMH
ström,ReenstiernaMH,1950,36,https://litteraturbanken.se/författare/ReenstiernaMH
ström,RegisJ,1910,4,https://litteraturbanken.se/författare/RegisJ
ström,ReuterOM,1880,1,https://litteraturbanken.se/författare/ReuterOM
ström,RheenS,1890,1,https://litteraturbanken.se/författare/RheenS
ström,RidderstadCF,1840,4,https://litteraturbanken.se/författare/RidderstadCF
ström,RidderstadCF,1850,15,https://litteraturbanken.se/författare/RidderstadCF
ström,RidderstadCF,1880,28,https://litteraturbanken.se/författare/RidderstadCF
ström,RietzJE,1860,40,https://litteraturbanken.se/författare/RietzJE
ström,RingHA,1880,8,https://litteraturbanken.se/författare/RingHA
ström,RodheBC,1880,8,https://litteraturbanken.se/författare/RodheBC
ström,RollinCG,1840,3,https://litteraturbanken.se/författare/RollinCG
ström,RondeletiusJP,1870,2,https://litteraturbanken.se/författare/RondeletiusJP
ström,RoosAM,1890,1,https://litteraturbanken.se/författare/RoosAM
ström,RoosAM,1900,2,https://litteraturbanken.se/författare/RoosAM
ström,RoosM,1880,3,https://litteraturbanken.se/författare/RoosM
ström,RoosM,1900,2,https://litteraturbanken.se/författare/RoosM
ström,RoseliusJE,1850,2,https://litteraturbanken.se/författare/RoseliusJE
ström,RoseniusCO,1890,5,https://litteraturbanken.se/författare/RoseniusCO
ström,RoseniusJ,1880,4,https://litteraturbanken.se/författare/RoseniusJ
ström,RoseniusJ,1890,1,https://litteraturbanken.se/författare/RoseniusJ
ström,RosénJM,1840,1,https://litteraturbanken.se/författare/Ros%C3%A9nJM
ström,RothSO,1900,1,https://litteraturbanken.se/författare/RothSO
ström,RubensonO,1880,13,https://litteraturbanken.se/författare/RubensonO
ström,RudaEW,1830,1,https://litteraturbanken.se/författare/RudaEW
ström,RudbeckOyngste,1770,2,https://litteraturbanken.se/författare/RudbeckOyngste
ström,RudbeckTG,1840,9,https://litteraturbanken.se/författare/RudbeckTG
ström,RuinH,1930,19,https://litteraturbanken.se/författare/RuinH
ström,RuinH,1940,3,https://litteraturbanken.se/författare/RuinH
ström,RuinH,1960,8,https://litteraturbanken.se/författare/RuinH
ström,RunebergFC,1850,1,https://litteraturbanken.se/författare/RunebergFC
ström,RunebergFC,1860,4,https://litteraturbanken.se/författare/RunebergFC
ström,RunebergJL,1840,4,https://litteraturbanken.se/författare/RunebergJL
ström,RunebergJL,1850,6,https://litteraturbanken.se/författare/RunebergJL
ström,RunebergJL,1870,6,https://litteraturbanken.se/författare/RunebergJL
ström,RunebergJL,1880,3,https://litteraturbanken.se/författare/RunebergJL
ström,RunebergN,1890,1,https://litteraturbanken.se/författare/RunebergN
ström,RunfeldtE,1890,3,https://litteraturbanken.se/författare/RunfeldtE
ström,RunnqvistE,1880,5,https://litteraturbanken.se/författare/RunnqvistE
ström,RussbergJA,1870,3,https://litteraturbanken.se/författare/RussbergJA
ström,RusénLE,1850,5,https://litteraturbanken.se/författare/Rus%C3%A9nLE
ström,RybergK,1870,7,https://litteraturbanken.se/författare/RybergK
ström,RydbergCH,1850,9,https://litteraturbanken.se/författare/RydbergCH
ström,RydbergCH,1860,8,https://litteraturbanken.se/författare/RydbergCH
ström,RydbergV,1850,11,https://litteraturbanken.se/författare/RydbergV
ström,RydbergV,1860,5,https://litteraturbanken.se/författare/RydbergV
ström,RydbergV,1870,9,https://litteraturbanken.se/författare/RydbergV
ström,RydbergV,1880,5,https://litteraturbanken.se/författare/RydbergV
ström,RydebergOAA,1840,2,https://litteraturbanken.se/författare/RydebergOAA
ström,RydeliusG,1890,3,https://litteraturbanken.se/författare/RydeliusG
ström,RydforssK,1890,5,https://litteraturbanken.se/författare/RydforssK
ström,RydqvistJE,1830,1,https://litteraturbanken.se/författare/RydqvistJE
ström,RydqvistJE,1920,1,https://litteraturbanken.se/författare/RydqvistJE
ström,RydqvistJE,1930,3,https://litteraturbanken.se/författare/RydqvistJE
ström,RydströmC,1840,1,https://litteraturbanken.se/författare/Rydstr%C3%B6mC
ström,RådbergF,1830,1,https://litteraturbanken.se/författare/R%C3%A5dbergF
ström,RådbergF,1840,1,https://litteraturbanken.se/författare/R%C3%A5dbergF
ström,SachsH,1890,4,https://litteraturbanken.se/författare/SachsH
ström,Sadi,1910,4,https://litteraturbanken.se/författare/Sadi
ström,SagerS,1840,2,https://litteraturbanken.se/författare/SagerS
ström,SallanderTR,1880,2,https://litteraturbanken.se/författare/SallanderTR
ström,SaltzaEF,1830,10,https://litteraturbanken.se/författare/SaltzaEF
ström,SamzeliusH,1890,13,https://litteraturbanken.se/författare/SamzeliusH
ström,SandA,1950,1,https://litteraturbanken.se/författare/SandA
ström,SandahlAG,1870,3,https://litteraturbanken.se/författare/SandahlAG
ström,SandbergA,1880,11,https://litteraturbanken.se/författare/SandbergA
ström,SandbergA,1890,10,https://litteraturbanken.se/författare/SandbergA
ström,SandbergA,1910,4,https://litteraturbanken.se/författare/SandbergA
ström,SandbergE,1890,7,https://litteraturbanken.se/författare/SandbergE
ström,SandbergF,1870,4,https://litteraturbanken.se/författare/SandbergF
ström,SandbergS,1860,1,https://litteraturbanken.se/författare/SandbergS
ström,SandelM,1900,1,https://litteraturbanken.se/författare/SandelM
ström,SandelM,1910,5,https://litteraturbanken.se/författare/SandelM
ström,SandelM,1920,1,https://litteraturbanken.se/författare/SandelM
ström,SanderF,1850,7,https://litteraturbanken.se/författare/SanderF
ström,SanderF,1870,7,https://litteraturbanken.se/författare/SanderF
ström,SandströmA,1890,1,https://litteraturbanken.se/författare/Sandstr%C3%B6mA
ström,SandströmerC,1870,13,https://litteraturbanken.se/författare/Sandstr%C3%B6merC
ström,SantessonF,1880,3,https://litteraturbanken.se/författare/SantessonF
ström,SaxonJL,1880,3,https://litteraturbanken.se/författare/SaxonJL
ström,SaxonJL,1890,14,https://litteraturbanken.se/författare/SaxonJL
ström,SaxonJL,1900,4,https://litteraturbanken.se/författare/SaxonJL
ström,SaxénL,1880,1,https://litteraturbanken.se/författare/Sax%C3%A9nL
ström,SaxénL,1890,1,https://litteraturbanken.se/författare/Sax%C3%A9nL
ström,SchaarHF,1870,2,https://litteraturbanken.se/författare/SchaarHF
ström,SchantzO,1870,2,https://litteraturbanken.se/författare/SchantzO
ström,SchartauGJ,1830,2,https://litteraturbanken.se/författare/SchartauGJ
ström,SchartauIE,1860,2,https://litteraturbanken.se/författare/SchartauIE
ström,SchenfeltI,1870,7,https://litteraturbanken.se/författare/SchenfeltI
ström,SchenfeltI,1880,2,https://litteraturbanken.se/författare/SchenfeltI
ström,ScheriniPH,1880,4,https://litteraturbanken.se/författare/ScheriniPH
ström,SchildtR,1910,2,https://litteraturbanken.se/författare/SchildtR
ström,SchildtR,1920,4,https://litteraturbanken.se/författare/SchildtR
ström,SchirmerA,1870,20,https://litteraturbanken.se/författare/SchirmerA
ström,SchiöttE,1890,4,https://litteraturbanken.se/författare/Schi%C3%B6ttE
ström,ScholanderFW,1860,6,https://litteraturbanken.se/författare/ScholanderFW
ström,SchreinerO,1910,4,https://litteraturbanken.se/författare/SchreinerO
ström,SchröderG,1890,54,https://litteraturbanken.se/författare/Schr%C3%B6derG
ström,SchultzGC,1840,2,https://litteraturbanken.se/författare/SchultzGC
ström,SchultzJG,1860,2,https://litteraturbanken.se/författare/SchultzJG
ström,SchunckAM,1840,2,https://litteraturbanken.se/författare/SchunckAM
ström,SchwartzMS,1850,22,https://litteraturbanken.se/författare/SchwartzMS
ström,SchwartzMS,1860,36,https://litteraturbanken.se/författare/SchwartzMS
ström,SchwartzMS,1870,9,https://litteraturbanken.se/författare/SchwartzMS
ström,SchwartzMS,1880,1,https://litteraturbanken.se/författare/SchwartzMS
ström,SchwartzMS,1910,10,https://litteraturbanken.se/författare/SchwartzMS
ström,SchwerinM,1830,1,https://litteraturbanken.se/författare/SchwerinM
ström,SchéeleAA,1880,1,https://litteraturbanken.se/författare/Sch%C3%A9eleAA
ström,SchéeleG,1880,21,https://litteraturbanken.se/författare/Sch%C3%A9eleG
ström,SchöldströmB,1870,4,https://litteraturbanken.se/författare/Sch%C3%B6ldstr%C3%B6mB
ström,SchöldströmB,1880,7,https://litteraturbanken.se/författare/Sch%C3%B6ldstr%C3%B6mB
ström,SchöldströmB,1890,7,https://litteraturbanken.se/författare/Sch%C3%B6ldstr%C3%B6mB
ström,SchöldströmKW,1880,17,https://litteraturbanken.se/författare/Sch%C3%B6ldstr%C3%B6mKW
ström,SchönA,1860,1,https://litteraturbanken.se/författare/Sch%C3%B6nA
ström,SchönA,1880,1,https://litteraturbanken.se/författare/Sch%C3%B6nA
ström,SchückH,1890,10,https://litteraturbanken.se/författare/Sch%C3%BCckH
ström,SchückH,1900,2,https://litteraturbanken.se/författare/Sch%C3%BCckH
ström,SchückH,1910,19,https://litteraturbanken.se/författare/Sch%C3%BCckH
ström,SchüsslerGC,1840,3,https://litteraturbanken.se/författare/Sch%C3%BCsslerGC
ström,SederholmT,1850,2,https://litteraturbanken.se/författare/SederholmT
ström,SefbomA,1870,1,https://litteraturbanken.se/författare/SefbomA
ström,SegerstedtA,1870,3,https://litteraturbanken.se/författare/SegerstedtA
ström,SegerstedtA,1880,3,https://litteraturbanken.se/författare/SegerstedtA
ström,SegerstedtA,1890,4,https://litteraturbanken.se/författare/SegerstedtA
ström,SegerstedtTorgny,1940,16,https://litteraturbanken.se/författare/SegerstedtTorgny
ström,SehlstedtE,1840,1,https://litteraturbanken.se/författare/SehlstedtE
ström,SehlstedtE,1850,4,https://litteraturbanken.se/författare/SehlstedtE
ström,SelinG,1860,3,https://litteraturbanken.se/författare/SelinG
ström,SernerG,1910,17,https://litteraturbanken.se/författare/SernerG
ström,SernerG,1920,2,https://litteraturbanken.se/författare/SernerG
ström,SernerG,1930,2,https://litteraturbanken.se/författare/SernerG
ström,SettervallHB,1840,2,https://litteraturbanken.se/författare/SettervallHB
ström,SigurdhSP,1900,3,https://litteraturbanken.se/författare/SigurdhSP
ström,SilfverstolpeC,1880,1,https://litteraturbanken.se/författare/SilfverstolpeC
ström,SilfverstolpeGM,1910,2,https://litteraturbanken.se/författare/SilfverstolpeGM
ström,SilfverstolpeGM,1920,5,https://litteraturbanken.se/författare/SilfverstolpeGM
ström,SilfverstolpeGM,1930,2,https://litteraturbanken.se/författare/SilfverstolpeGM
ström,SilfverstolpeGM,1940,2,https://litteraturbanken.se/författare/SilfverstolpeGM
ström,SilfverstolpeM,1900,2,https://litteraturbanken.se/författare/SilfverstolpeM
ström,SilfverstolpeM,1910,6,https://litteraturbanken.se/författare/SilfverstolpeM
ström,SilfverstopleGL,1850,3,https://litteraturbanken.se/författare/SilfverstopleGL
ström,SillénAW,1860,7,https://litteraturbanken.se/författare/Sill%C3%A9nAW
ström,SjöbergAC,1860,1,https://litteraturbanken.se/författare/Sj%C3%B6bergAC
ström,SjöbergB,1920,11,https://litteraturbanken.se/författare/Sj%C3%B6bergB
ström,SjöstedtH,1890,1,https://litteraturbanken.se/författare/Sj%C3%B6stedtH
ström,SkarstedtCW,1880,44,https://litteraturbanken.se/författare/SkarstedtCW
ström,SkytteN,1900,3,https://litteraturbanken.se/författare/SkytteN
ström,Sköldström,1840,1,https://litteraturbanken.se/författare/Sk%C3%B6ldstr%C3%B6m
ström,SmirnoffG,1880,1,https://litteraturbanken.se/författare/SmirnoffG
ström,SmithC,1890,15,https://litteraturbanken.se/författare/SmithC
ström,SnellmanJV,1840,19,https://litteraturbanken.se/författare/SnellmanJV
ström,SnoilskyC,1860,12,https://litteraturbanken.se/författare/SnoilskyC
ström,SnoilskyC,1880,24,https://litteraturbanken.se/författare/SnoilskyC
ström,SnoilskyC,1890,13,https://litteraturbanken.se/författare/SnoilskyC
ström,SnoilskyE,1880,2,https://litteraturbanken.se/författare/SnoilskyE
ström,SommeliusGL,1840,6,https://litteraturbanken.se/författare/SommeliusGL
ström,SparreP,1830,5,https://litteraturbanken.se/författare/SparreP
ström,SparreP,1850,12,https://litteraturbanken.se/författare/SparreP
ström,SparreP,1860,4,https://litteraturbanken.se/författare/SparreP
ström,SparreP,1870,11,https://litteraturbanken.se/författare/SparreP
ström,SprengtportenJW,1870,2,https://litteraturbanken.se/författare/SprengtportenJW
ström,StaaffK,1900,1,https://litteraturbanken.se/författare/StaaffK
ström,StagneliusEJ,1850,2,https://litteraturbanken.se/författare/StagneliusEJ
ström,StagneliusEJ,1880,1,https://litteraturbanken.se/författare/StagneliusEJ
ström,StarbäckCG,1850,13,https://litteraturbanken.se/författare/Starb%C3%A4ckCG
ström,StarbäckCG,1870,20,https://litteraturbanken.se/författare/Starb%C3%A4ckCG
ström,StarckWA,1890,1,https://litteraturbanken.se/författare/StarckWA
ström,StarnbergM,1890,15,https://litteraturbanken.se/författare/StarnbergM
ström,SteffenR,1900,5,https://litteraturbanken.se/författare/SteffenR
ström,StenbergA,1880,1,https://litteraturbanken.se/författare/StenbergA
ström,StenborgGG,1860,1,https://litteraturbanken.se/författare/StenborgGG
ström,StenbäckL,1840,1,https://litteraturbanken.se/författare/Stenb%C3%A4ckL
ström,StenbäckL,1850,2,https://litteraturbanken.se/författare/Stenb%C3%A4ckL
ström,StenhammarJA,1810,19,https://litteraturbanken.se/författare/StenhammarJA
ström,StenmanIG,1840,1,https://litteraturbanken.se/författare/StenmanIG
ström,StiernhielmG,1870,3,https://litteraturbanken.se/författare/StiernhielmG
ström,StjerngranatAW,1830,2,https://litteraturbanken.se/författare/StjerngranatAW
ström,StjernstolpeJM,1820,3,https://litteraturbanken.se/författare/StjernstolpeJM
ström,StjernströmJ,1850,2,https://litteraturbanken.se/författare/Stjernstr%C3%B6mJ
ström,StjernströmL,1880,20,https://litteraturbanken.se/författare/Stjernstr%C3%B6mL
ström,StjernströmL,1890,38,https://litteraturbanken.se/författare/Stjernstr%C3%B6mL
ström,StockenstrandI,1890,2,https://litteraturbanken.se/författare/StockenstrandI
ström,StokerB,1900,9,https://litteraturbanken.se/författare/StokerB
ström,StolpeM,1870,2,https://litteraturbanken.se/författare/StolpeM
ström,StoweHB,1890,14,https://litteraturbanken.se/författare/StoweHB
ström,StrandbergC,1890,2,https://litteraturbanken.se/författare/StrandbergC
ström,StrandbergCH,1830,8,https://litteraturbanken.se/författare/StrandbergCH
ström,StrandbergCVA,1850,2,https://litteraturbanken.se/författare/StrandbergCVA
ström,StrandbergCVA,1860,3,https://litteraturbanken.se/författare/StrandbergCVA
ström,StrindbergA,1880,28,https://litteraturbanken.se/författare/StrindbergA
ström,StrindbergA,1890,26,https://litteraturbanken.se/författare/StrindbergA
ström,StrindbergA,1900,12,https://litteraturbanken.se/författare/StrindbergA
ström,StrindbergA,1910,3,https://litteraturbanken.se/författare/StrindbergA
ström,StrindbergO,1880,2,https://litteraturbanken.se/författare/StrindbergO
ström,StrussenfeltCCA,1820,14,https://litteraturbanken.se/författare/StrussenfeltCCA
ström,StrussenfeltCCA,1830,8,https://litteraturbanken.se/författare/StrussenfeltCCA
ström,StrussenfeltCCA,1840,3,https://litteraturbanken.se/författare/StrussenfeltCCA
ström,StrussenfeltU,1840,1,https://litteraturbanken.se/författare/StrussenfeltU
ström,StrussenfeltU,1850,20,https://litteraturbanken.se/författare/StrussenfeltU
ström,StrussenfeltU,1860,7,https://litteraturbanken.se/författare/StrussenfeltU
ström,StrussenfeltU,1870,3,https://litteraturbanken.se/författare/StrussenfeltU
ström,StrömF,1900,5,https://litteraturbanken.se/författare/Str%C3%B6mF
ström,StrömF,1910,2,https://litteraturbanken.se/författare/Str%C3%B6mF
ström,StrömF,1920,18,https://litteraturbanken.se/författare/Str%C3%B6mF
ström,StrömF,1940,11,https://litteraturbanken.se/författare/Str%C3%B6mF
ström,StrömbergBJGL,1850,3,https://litteraturbanken.se/författare/Str%C3%B6mbergBJGL
ström,StrömbergL,1890,8,https://litteraturbanken.se/författare/Str%C3%B6mbergL
ström,StrömbergL,1900,2,https://litteraturbanken.se/författare/Str%C3%B6mbergL
ström,StrömmerstedtF,1890,2,https://litteraturbanken.se/författare/Str%C3%B6mmerstedtF
ström,StrömstenLM,1880,1,https://litteraturbanken.se/författare/Str%C3%B6mstenLM
ström,SturlassonS,1810,8,https://litteraturbanken.se/författare/SturlassonS
ström,Sturzen-BeckerOP,1830,2,https://litteraturbanken.se/författare/Sturzen-BeckerOP
ström,Sturzen-BeckerOP,1840,20,https://litteraturbanken.se/författare/Sturzen-BeckerOP
ström,Sturzen-BeckerOP,1860,16,https://litteraturbanken.se/författare/Sturzen-BeckerOP
ström,StuxbergA,1890,24,https://litteraturbanken.se/författare/StuxbergA
ström,StyffeCG,1850,1,https://litteraturbanken.se/författare/StyffeCG
ström,StyffeCG,1870,10,https://litteraturbanken.se/författare/StyffeCG
ström,StyffeCG,1880,1,https://litteraturbanken.se/författare/StyffeCG
ström,StålbergW,1830,4,https://litteraturbanken.se/författare/St%C3%A5lbergW
ström,StålbergW,1840,23,https://litteraturbanken.se/författare/St%C3%A5lbergW
ström,StålbergW,1850,17,https://litteraturbanken.se/författare/St%C3%A5lbergW
ström,StålbergW,1860,34,https://litteraturbanken.se/författare/St%C3%A5lbergW
ström,StålbergW,1870,3,https://litteraturbanken.se/författare/St%C3%A5lbergW
ström,StéenhoffF,1900,4,https://litteraturbanken.se/författare/St%C3%A9enhoffF
ström,StéenhoffF,1910,8,https://litteraturbanken.se/författare/St%C3%A9enhoffF
ström,SundbeckC,1890,2,https://litteraturbanken.se/författare/SundbeckC
ström,SundbladJ,1870,9,https://litteraturbanken.se/författare/SundbladJ
ström,SundbladJ,1890,22,https://litteraturbanken.se/författare/SundbladJ
ström,SundeliusAS,1860,2,https://litteraturbanken.se/författare/SundeliusAS
ström,SundgrenF,1890,3,https://litteraturbanken.se/författare/SundgrenF
ström,SundinCO,1880,1,https://litteraturbanken.se/författare/SundinCO
ström,SundlerA,1880,5,https://litteraturbanken.se/författare/SundlerA
ström,SundmanG,1890,4,https://litteraturbanken.se/författare/SundmanG
ström,SundqvistEW,1890,2,https://litteraturbanken.se/författare/SundqvistEW
ström,SundströmG,1850,1,https://litteraturbanken.se/författare/Sundstr%C3%B6mG
ström,SundströmK,1860,8,https://litteraturbanken.se/författare/Sundstr%C3%B6mK
ström,SuttnerB,1890,7,https://litteraturbanken.se/författare/SuttnerB
ström,SvahnA,1870,1,https://litteraturbanken.se/författare/SvahnA
ström,SvahnO,1880,3,https://litteraturbanken.se/författare/SvahnO
ström,SvanlundYF,1890,1,https://litteraturbanken.se/författare/SvanlundYF
ström,SvartengrenJ,1840,2,https://litteraturbanken.se/författare/SvartengrenJ
ström,SvartengrenT,1880,1,https://litteraturbanken.se/författare/SvartengrenT
ström,SvedbergE,1850,1,https://litteraturbanken.se/författare/SvedbergE
ström,SvedbomPE,1840,7,https://litteraturbanken.se/författare/SvedbomPE
ström,SvedeliusWE,1870,1,https://litteraturbanken.se/författare/SvedeliusWE
ström,SvensonA,1890,2,https://litteraturbanken.se/författare/SvensonA
ström,SvensonF,1890,10,https://litteraturbanken.se/författare/SvensonF
ström,SvensonGranerH,1900,10,https://litteraturbanken.se/författare/SvensonGranerH
ström,SvensonGranerH,1910,3,https://litteraturbanken.se/författare/SvensonGranerH
ström,SvenssonNP,1900,3,https://litteraturbanken.se/författare/SvenssonNP
ström,SwahnCW,1880,4,https://litteraturbanken.se/författare/SwahnCW
ström,SwedenborgE,1850,2,https://litteraturbanken.se/författare/SwedenborgE
ström,SwedenborgE,1920,1,https://litteraturbanken.se/författare/SwedenborgE
ström,SydowJL,1860,3,https://litteraturbanken.se/författare/SydowJL
ström,SäfströmA,1850,1,https://litteraturbanken.se/författare/S%C3%A4fstr%C3%B6mA
ström,SällbergT,1890,8,https://litteraturbanken.se/författare/S%C3%A4llbergT
ström,SällbergT,1900,1,https://litteraturbanken.se/författare/S%C3%A4llbergT
ström,SätherbergH,1830,1,https://litteraturbanken.se/författare/S%C3%A4therbergH
ström,SätherbergH,1840,17,https://litteraturbanken.se/författare/S%C3%A4therbergH
ström,SätherbergH,1860,27,https://litteraturbanken.se/författare/S%C3%A4therbergH
ström,SätherbergH,1870,10,https://litteraturbanken.se/författare/S%C3%A4therbergH
ström,SätherbergH,1880,12,https://litteraturbanken.se/författare/S%C3%A4therbergH
ström,SöderbergH,1890,11,https://litteraturbanken.se/författare/S%C3%B6derbergH
ström,SöderbergH,1900,35,https://litteraturbanken.se/författare/S%C3%B6derbergH
ström,SöderbergH,1910,17,https://litteraturbanken.se/författare/S%C3%B6derbergH
ström,SöderbergH,1920,13,https://litteraturbanken.se/författare/S%C3%B6derbergH
ström,SöderbergH,1930,1,https://litteraturbanken.se/författare/S%C3%B6derbergH
ström,SöderbergM,1920,6,https://litteraturbanken.se/författare/S%C3%B6derbergM
ström,SöderbergM,1930,3,https://litteraturbanken.se/författare/S%C3%B6derbergM
ström,SöderbergN,1890,2,https://litteraturbanken.se/författare/S%C3%B6derbergN
ström,SöderblomN,1920,3,https://litteraturbanken.se/författare/S%C3%B6derblomN
ström,SöderbomASE,1890,31,https://litteraturbanken.se/författare/S%C3%B6derbomASE
ström,SödergranE,1910,4,https://litteraturbanken.se/författare/S%C3%B6dergranE
ström,SödergranE,1920,4,https://litteraturbanken.se/författare/S%C3%B6dergranE
ström,SöderhjelmA,1920,4,https://litteraturbanken.se/författare/S%C3%B6derhjelmA
ström,SöderhjelmW,1900,9,https://litteraturbanken.se/författare/S%C3%B6derhjelmW
ström,SöderholmK,1920,2,https://litteraturbanken.se/författare/S%C3%B6derholmK
ström,SödermanS,1880,3,https://litteraturbanken.se/författare/S%C3%B6dermanS
ström,SörmanP,1920,2,https://litteraturbanken.se/författare/S%C3%B6rmanP
ström,SörmanP,1930,1,https://litteraturbanken.se/författare/S%C3%B6rmanP
ström,TammH,1910,1,https://litteraturbanken.se/författare/TammH
ström,TammelinF,1880,2,https://litteraturbanken.se/författare/TammelinF
ström,TammelinF,1890,10,https://litteraturbanken.se/författare/TammelinF
ström,Tankebyggarorden,1750,1,https://litteraturbanken.se/författare/Tankebyggarorden
ström,TavaststjernaK,1880,2,https://litteraturbanken.se/författare/TavaststjernaK
ström,TavaststjernaK,1890,48,https://litteraturbanken.se/författare/TavaststjernaK
ström,TegnérA,1910,8,https://litteraturbanken.se/författare/Tegn%C3%A9rA
ström,TegnérE,1820,2,https://litteraturbanken.se/författare/Tegn%C3%A9rE
ström,TegnérE,1830,1,https://litteraturbanken.se/författare/Tegn%C3%A9rE
ström,TegnérE,1840,2,https://litteraturbanken.se/författare/Tegn%C3%A9rE
ström,TegnérE,1880,2,https://litteraturbanken.se/författare/Tegn%C3%A9rE
ström,TenggrenJF,1860,4,https://litteraturbanken.se/författare/TenggrenJF
ström,TengströmJ,1890,50,https://litteraturbanken.se/författare/Tengstr%C3%B6mJ
ström,TenowE,1880,4,https://litteraturbanken.se/författare/TenowE
ström,TersmedenC,1910,55,https://litteraturbanken.se/författare/TersmedenC
ström,TersmedenM,1870,2,https://litteraturbanken.se/författare/TersmedenM
ström,TeuchlerA,1890,2,https://litteraturbanken.se/författare/TeuchlerA
ström,ThelanderC,1890,5,https://litteraturbanken.se/författare/ThelanderC
ström,ThomassonN,1890,11,https://litteraturbanken.se/författare/ThomassonN
ström,ThomassonP,1840,3,https://litteraturbanken.se/författare/ThomassonP
ström,ThomassonP,1850,5,https://litteraturbanken.se/författare/ThomassonP
ström,ThomassonP,1860,35,https://litteraturbanken.se/författare/ThomassonP
ström,ThomassonP,1870,10,https://litteraturbanken.se/författare/ThomassonP
ström,ThomassonP,1880,10,https://litteraturbanken.se/författare/ThomassonP
ström,ThoméeG,1830,1,https://litteraturbanken.se/författare/Thom%C3%A9eG
ström,ThorellP,1860,1,https://litteraturbanken.se/författare/ThorellP
ström,ThorsanderG,1880,5,https://litteraturbanken.se/författare/ThorsanderG
ström,ThorsanderG,1890,24,https://litteraturbanken.se/författare/ThorsanderG
ström,ThörnbergCH,1880,2,https://litteraturbanken.se/författare/Th%C3%B6rnbergCH
ström,TibellCC,1850,4,https://litteraturbanken.se/författare/TibellCC
ström,TibellCC,1870,1,https://litteraturbanken.se/författare/TibellCC
ström,TidanderLGT,1870,1,https://litteraturbanken.se/författare/TidanderLGT
ström,TigerschiöldCW,1860,14,https://litteraturbanken.se/författare/Tigerschi%C3%B6ldCW
ström,TigerschiöldH,1890,10,https://litteraturbanken.se/författare/Tigerschi%C3%B6ldH
ström,TilasD,1890,6,https://litteraturbanken.se/författare/TilasD
ström,TiseliusCA,1920,8,https://litteraturbanken.se/författare/TiseliusCA
ström,TollstorpJP,1830,2,https://litteraturbanken.se/författare/TollstorpJP
ström,TopeliusZ,1850,36,https://litteraturbanken.se/författare/TopeliusZ
ström,TopeliusZ,1860,16,https://litteraturbanken.se/författare/TopeliusZ
ström,TopeliusZ,1870,16,https://litteraturbanken.se/författare/TopeliusZ
ström,TopeliusZ,1880,72,https://litteraturbanken.se/författare/TopeliusZ
ström,TopeliusZ,1890,7,https://litteraturbanken.se/författare/TopeliusZ
ström,TornbergCJ,1870,3,https://litteraturbanken.se/författare/TornbergCJ
ström,TorénRW,1880,3,https://litteraturbanken.se/författare/Tor%C3%A9nRW
ström,TrolleH,1860,17,https://litteraturbanken.se/författare/TrolleH
ström,TrolleH,1870,133,https://litteraturbanken.se/författare/TrolleH
ström,TrolleH,1880,31,https://litteraturbanken.se/författare/TrolleH
ström,TunelliC,1860,2,https://litteraturbanken.se/författare/TunelliC
ström,TuriJ,1910,3,https://litteraturbanken.se/författare/TuriJ
ström,TörnbergCL,1880,6,https://litteraturbanken.se/författare/T%C3%B6rnbergCL
ström,TörnblomJA,1900,7,https://litteraturbanken.se/författare/T%C3%B6rnblomJA
ström,TörnblomJA,1910,26,https://litteraturbanken.se/författare/T%C3%B6rnblomJA
ström,TörnblomJA,1920,12,https://litteraturbanken.se/författare/T%C3%B6rnblomJA
ström,TörnebladhR,1880,39,https://litteraturbanken.se/författare/T%C3%B6rnebladhR
ström,TörnegrenCW,1860,2,https://litteraturbanken.se/författare/T%C3%B6rnegrenCW
ström,TörnerO,1880,2,https://litteraturbanken.se/författare/T%C3%B6rnerO
ström,TörnqvistJP,1870,6,https://litteraturbanken.se/författare/T%C3%B6rnqvistJP
ström,UddgrenG,1890,8,https://litteraturbanken.se/författare/UddgrenG
ström,UddgrenG,1900,5,https://litteraturbanken.se/författare/UddgrenG
ström,UddgrenG,1910,32,https://litteraturbanken.se/författare/UddgrenG
ström,UddmanU,1880,2,https://litteraturbanken.se/författare/UddmanU
ström,UllmanG,1900,2,https://litteraturbanken.se/författare/UllmanG
ström,UllnerC,1880,1,https://litteraturbanken.se/författare/UllnerC
ström,UndsetS,1910,4,https://litteraturbanken.se/författare/UndsetS
ström,UndsetS,1920,6,https://litteraturbanken.se/författare/UndsetS
ström,UngeOS,1820,4,https://litteraturbanken.se/författare/UngeOS
ström,UngeOS,1830,6,https://litteraturbanken.se/författare/UngeOS
ström,UnoniusG,1830,2,https://litteraturbanken.se/författare/UnoniusG
ström,UtterströmOP,1870,8,https://litteraturbanken.se/författare/Utterstr%C3%B6mOP
ström,ValentinG,1910,1,https://litteraturbanken.se/författare/ValentinG
ström,ValeriusJD,1830,3,https://litteraturbanken.se/författare/ValeriusJD
ström,VegesackAH,1840,1,https://litteraturbanken.se/författare/VegesackAH
ström,VendellH,1880,1,https://litteraturbanken.se/författare/VendellH
ström,VictorinA,1880,1,https://litteraturbanken.se/författare/VictorinA
ström,VikströmA,1870,1,https://litteraturbanken.se/författare/Vikstr%C3%B6mA
ström,VinellS,1880,5,https://litteraturbanken.se/författare/VinellS
ström,VirginAG,1850,1,https://litteraturbanken.se/författare/VirginAG
ström,VirginAG,1860,6,https://litteraturbanken.se/författare/VirginAG
ström,VirginAG,1870,3,https://litteraturbanken.se/författare/VirginAG
ström,VirginAG,1880,3,https://litteraturbanken.se/författare/VirginAG
ström,VirginRWU,1840,2,https://litteraturbanken.se/författare/VirginRWU
ström,VäplingK,1880,1,https://litteraturbanken.se/författare/V%C3%A4plingK
ström,VärnlundR,1920,12,https://litteraturbanken.se/författare/V%C3%A4rnlundR
ström,VärnlundR,1930,12,https://litteraturbanken.se/författare/V%C3%A4rnlundR
ström,WachtmeisterH,1880,3,https://litteraturbanken.se/författare/WachtmeisterH
ström,WadmanJA,1850,6,https://litteraturbanken.se/författare/WadmanJA
ström,WadströmCG,1830,6,https://litteraturbanken.se/författare/Wadstr%C3%B6mCG
ström,WahlenbergA,1880,14,https://litteraturbanken.se/författare/WahlenbergA
ström,WahlenbergA,1890,33,https://litteraturbanken.se/författare/WahlenbergA
ström,WahlenbergA,1910,1,https://litteraturbanken.se/författare/WahlenbergA
ström,WahlinOF,1830,2,https://litteraturbanken.se/författare/WahlinOF
ström,WahlströmP,1800,6,https://litteraturbanken.se/författare/Wahlstr%C3%B6mP
ström,WaldeO,1910,1,https://litteraturbanken.se/författare/WaldeO
ström,WallWA,1840,1,https://litteraturbanken.se/författare/WallWA
ström,WallenbergJ,1880,10,https://litteraturbanken.se/författare/WallenbergJ
ström,WallengrenA,1890,3,https://litteraturbanken.se/författare/WallengrenA
ström,WallinJP,1870,4,https://litteraturbanken.se/författare/WallinJP
ström,WallinJP,1880,21,https://litteraturbanken.se/författare/WallinJP
ström,WallinJP,1890,1,https://litteraturbanken.se/författare/WallinJP
ström,WallinW,1880,7,https://litteraturbanken.se/författare/WallinW
ström,WallmarkE,1880,5,https://litteraturbanken.se/författare/WallmarkE
ström,WallmoU,1900,5,https://litteraturbanken.se/författare/WallmoU
ström,WallénA,1840,1,https://litteraturbanken.se/författare/Wall%C3%A9nA
ström,WarburgK,1900,4,https://litteraturbanken.se/författare/WarburgK
ström,WarburgK,1910,8,https://litteraturbanken.se/författare/WarburgK
ström,WarholmJW,1870,27,https://litteraturbanken.se/författare/WarholmJW
ström,WecksellJJ,1860,7,https://litteraturbanken.se/författare/WecksellJJ
ström,WeibullM,1890,1,https://litteraturbanken.se/författare/WeibullM
ström,WeilandP,1880,4,https://litteraturbanken.se/författare/WeilandP
ström,WeilandP,1890,4,https://litteraturbanken.se/författare/WeilandP
ström,WejdlingE,1880,1,https://litteraturbanken.se/författare/WejdlingE
ström,WelinC,1850,1,https://litteraturbanken.se/författare/WelinC
ström,WemanA,1890,2,https://litteraturbanken.se/författare/WemanA
ström,WendelJ,1860,2,https://litteraturbanken.se/författare/WendelJ
ström,WennbergF,1860,6,https://litteraturbanken.se/författare/WennbergF
ström,WennbergF,1880,2,https://litteraturbanken.se/författare/WennbergF
ström,WennbergFW,1850,1,https://litteraturbanken.se/författare/WennbergFW
ström,WennerbergI,1890,1,https://litteraturbanken.se/författare/WennerbergI
ström,WernbergHj,1890,19,https://litteraturbanken.se/författare/WernbergHj
ström,WernbergHj,1900,22,https://litteraturbanken.se/författare/WernbergHj
ström,WeserLA,1850,2,https://litteraturbanken.se/författare/WeserLA
ström,WestdahlP,1870,3,https://litteraturbanken.se/författare/WestdahlP
ström,WesterAM,1870,1,https://litteraturbanken.se/författare/WesterAM
ström,WesterE,1900,3,https://litteraturbanken.se/författare/WesterE
ström,WesterbergE,1890,1,https://litteraturbanken.se/författare/WesterbergE
ström,WesterbergE,1900,2,https://litteraturbanken.se/författare/WesterbergE
ström,WesterdahlA,1880,1,https://litteraturbanken.se/författare/WesterdahlA
ström,WestergrenG,1870,4,https://litteraturbanken.se/författare/WestergrenG
ström,WesterlundCA,1850,7,https://litteraturbanken.se/författare/WesterlundCA
ström,WestermarckH,1890,1,https://litteraturbanken.se/författare/WestermarckH
ström,WestermarckH,1900,1,https://litteraturbanken.se/författare/WestermarckH
ström,WestermarkO,1890,3,https://litteraturbanken.se/författare/WestermarkO
ström,WestholmE,1850,2,https://litteraturbanken.se/författare/WestholmE
ström,WestinCE,1880,2,https://litteraturbanken.se/författare/WestinCE
ström,WetterberghCA,1840,33,https://litteraturbanken.se/författare/WetterberghCA
ström,WetterberghCA,1850,42,https://litteraturbanken.se/författare/WetterberghCA
ström,WetterberghCA,1860,2,https://litteraturbanken.se/författare/WetterberghCA
ström,WetterberghCA,1880,59,https://litteraturbanken.se/författare/WetterberghCA
ström,WetterberghCA,1890,6,https://litteraturbanken.se/författare/WetterberghCA
ström,WettergrundJ,1850,1,https://litteraturbanken.se/författare/WettergrundJ
ström,WettergrundJ,1860,6,https://litteraturbanken.se/författare/WettergrundJ
ström,WettergrundJ,1870,4,https://litteraturbanken.se/författare/WettergrundJ
ström,WettergrundJ,1880,11,https://litteraturbanken.se/författare/WettergrundJ
ström,WetterhoffK,1880,6,https://litteraturbanken.se/författare/WetterhoffK
ström,WhitlockA,1880,8,https://litteraturbanken.se/författare/WhitlockA
ström,WhitlockE,1890,1,https://litteraturbanken.se/författare/WhitlockE
ström,WichmannKE,1880,5,https://litteraturbanken.se/författare/WichmannKE
ström,WickströmVH,1870,3,https://litteraturbanken.se/författare/Wickstr%C3%B6mVH
ström,WickströmVH,1880,8,https://litteraturbanken.se/författare/Wickstr%C3%B6mVH
ström,WickströmVH,1890,17,https://litteraturbanken.se/författare/Wickstr%C3%B6mVH
ström,WickströmVH,1900,1,https://litteraturbanken.se/författare/Wickstr%C3%B6mVH
ström,WidmarkPF,1850,3,https://litteraturbanken.se/författare/WidmarkPF
ström,WieselgrenS,1860,3,https://litteraturbanken.se/författare/WieselgrenS
ström,WieselgrenS,1870,1,https://litteraturbanken.se/författare/WieselgrenS
ström,WieselgrenS,1880,11,https://litteraturbanken.se/författare/WieselgrenS
ström,WieselgrenS,1890,12,https://litteraturbanken.se/författare/WieselgrenS
ström,WigforssJ,1890,3,https://litteraturbanken.se/författare/WigforssJ
ström,WigströmE,1870,9,https://litteraturbanken.se/författare/Wigstr%C3%B6mE
ström,WigströmE,1880,19,https://litteraturbanken.se/författare/Wigstr%C3%B6mE
ström,WigströmE,1890,7,https://litteraturbanken.se/författare/Wigstr%C3%B6mE
ström,WijkanderO,1860,2,https://litteraturbanken.se/författare/WijkanderO
ström,WiklundKB,1900,2,https://litteraturbanken.se/författare/WiklundKB
ström,WiknerP,1860,4,https://litteraturbanken.se/författare/WiknerP
ström,WiknerP,1880,7,https://litteraturbanken.se/författare/WiknerP
ström,WillassonH,1890,1,https://litteraturbanken.se/författare/WillassonH
ström,WinterR,1870,8,https://litteraturbanken.se/författare/WinterR
ström,WinterR,1880,2,https://litteraturbanken.se/författare/WinterR
ström,WinterR,1890,6,https://litteraturbanken.se/författare/WinterR
ström,WirsénCDaf,1870,3,https://litteraturbanken.se/författare/Wirs%C3%A9nCDaf
ström,WirsénCDaf,1880,1,https://litteraturbanken.se/författare/Wirs%C3%A9nCDaf
ström,WirsénCDaf,1890,2,https://litteraturbanken.se/författare/Wirs%C3%A9nCDaf
ström,WittO,1910,81,https://litteraturbanken.se/författare/WittO
ström,WittO,1920,7,https://litteraturbanken.se/författare/WittO
ström,WranérH,1880,6,https://litteraturbanken.se/författare/Wran%C3%A9rH
ström,WranérH,1890,5,https://litteraturbanken.se/författare/Wran%C3%A9rH
ström,WägnerE,1900,4,https://litteraturbanken.se/författare/W%C3%A4gnerE
ström,WägnerE,1910,12,https://litteraturbanken.se/författare/W%C3%A4gnerE
ström,WägnerE,1920,22,https://litteraturbanken.se/författare/W%C3%A4gnerE
ström,WägnerE,1930,22,https://litteraturbanken.se/författare/W%C3%A4gnerE
ström,WägnerE,1940,3,https://litteraturbanken.se/författare/W%C3%A4gnerE
ström,WästbergA,1850,1,https://litteraturbanken.se/författare/W%C3%A4stbergA
ström,WästbergA,1860,2,https://litteraturbanken.se/författare/W%C3%A4stbergA
ström,WästbergA,1880,5,https://litteraturbanken.se/författare/W%C3%A4stbergA
ström,WästbergE,1890,1,https://litteraturbanken.se/författare/W%C3%A4stbergE
ström,WågmanFO,1900,2,https://litteraturbanken.se/författare/W%C3%A5gmanFO
ström,WåhlinA,1880,3,https://litteraturbanken.se/författare/W%C3%A5hlinA
ström,WåhlstrandK,1880,2,https://litteraturbanken.se/författare/W%C3%A5hlstrandK
ström,WærnérN,1900,1,https://litteraturbanken.se/författare/W%C3%A6rn%C3%A9rN
ström,ZedritzCE,1830,1,https://litteraturbanken.se/författare/ZedritzCE
ström,ZeipelCvon,1840,1,https://litteraturbanken.se/författare/ZeipelCvon
ström,ZetheliusI,1890,1,https://litteraturbanken.se/författare/ZetheliusI
ström,ZetterstedtJW,1860,3,https://litteraturbanken.se/författare/ZetterstedtJW
ström,ZetterströmH,1900,1,https://litteraturbanken.se/författare/Zetterstr%C3%B6mH
ström,ZetterströmH,1910,3,https://litteraturbanken.se/författare/Zetterstr%C3%B6mH
ström,ZilliacusKäldre,1890,10,https://litteraturbanken.se/författare/ZilliacusK%C3%A4ldre
ström,ÅbergJE,1850,8,https://litteraturbanken.se/författare/%C3%85bergJE
ström,ÅbergJO,1870,17,https://litteraturbanken.se/författare/%C3%85bergJO
ström,ÅbergJO,1880,108,https://litteraturbanken.se/författare/%C3%85bergJO
ström,ÅbergJO,1890,52,https://litteraturbanken.se/författare/%C3%85bergJO
ström,ÅbergJO,1900,2,https://litteraturbanken.se/författare/%C3%85bergJO
ström,ÅbergK,1880,16,https://litteraturbanken.se/författare/%C3%85bergK
ström,ÅgrenR,1890,1,https://litteraturbanken.se/författare/%C3%85grenR
ström,ÅkerbergS,1890,6,https://litteraturbanken.se/författare/%C3%85kerbergS
ström,ÅkerblomA,1890,2,https://litteraturbanken.se/författare/%C3%85kerblomA
ström,ÅkerlundPA,1860,2,https://litteraturbanken.se/författare/%C3%85kerlundPA
ström,ÅkessonC,1890,1,https://litteraturbanken.se/författare/%C3%85kessonC
ström,ÅlundP,1890,1,https://litteraturbanken.se/författare/%C3%85lundP
ström,ÅslundD,1850,7,https://litteraturbanken.se/författare/%C3%85slundD
ström,ÅslundD,1880,3,https://litteraturbanken.se/författare/%C3%85slundD
ström,ÖbergE,1850,1,https://litteraturbanken.se/författare/%C3%96bergE
ström,ÖbergE,1870,3,https://litteraturbanken.se/författare/%C3%96bergE
ström,ÖbergLT,1850,18,https://litteraturbanken.se/författare/%C3%96bergLT
ström,ÖbergLT,1860,22,https://litteraturbanken.se/författare/%C3%96bergLT
ström,ÖbergLT,1870,21,https://litteraturbanken.se/författare/%C3%96bergLT
ström,ÖdbergPI,1870,2,https://litteraturbanken.se/författare/%C3%96dbergPI
ström,ÖdmanP,1880,25,https://litteraturbanken.se/författare/%C3%96dmanP
ström,ÖdmanP,1890,9,https://litteraturbanken.se/författare/%C3%96dmanP
ström,ÖdmannJM,1870,2,https://litteraturbanken.se/författare/%C3%96dmannJM
ström,ÖdmannJM,1880,13,https://litteraturbanken.se/författare/%C3%96dmannJM
ström,ÖlanderAH,1860,1,https://litteraturbanken.se/författare/%C3%96landerAH
ström,ÖmanVE,1860,8,https://litteraturbanken.se/författare/%C3%96manVE
strömning,AhrenbergJ,1890,1,https://litteraturbanken.se/författare/AhrenbergJ
strömning,AlfthanGE,1880,1,https://litteraturbanken.se/författare/AlfthanGE
strömning,AngeredStrandbergH,1880,1,https://litteraturbanken.se/författare/AngeredStrandbergH
strömning,Anonym,1860,1,https://litteraturbanken.se/författare/Anonym
strömning,Anonym,1880,2,https://litteraturbanken.se/författare/Anonym
strömning,Anonym,1890,2,https://litteraturbanken.se/författare/Anonym
strömning,BaggeP,1880,1,https://litteraturbanken.se/författare/BaggeP
strömning,BerghR,1900,2,https://litteraturbanken.se/författare/BerghR
strömning,BjörlinG,1890,1,https://litteraturbanken.se/författare/Bj%C3%B6rlinG
strömning,BlicherClausenJ,1890,1,https://litteraturbanken.se/författare/BlicherClausenJ
strömning,BoreliusH,1900,1,https://litteraturbanken.se/författare/BoreliusH
strömning,BremerF,1840,2,https://litteraturbanken.se/författare/BremerF
strömning,BäckmannI,1900,1,https://litteraturbanken.se/författare/B%C3%A4ckmannI
strömning,CavallinC,1890,2,https://litteraturbanken.se/författare/CavallinC
strömning,ChydeniusK,1860,1,https://litteraturbanken.se/författare/ChydeniusK
strömning,CleveAlma,1890,1,https://litteraturbanken.se/författare/CleveAlma
strömning,DalströmK,1900,1,https://litteraturbanken.se/författare/Dalstr%C3%B6mK
strömning,DalströmK,1910,3,https://litteraturbanken.se/författare/Dalstr%C3%B6mK
strömning,DarwinC,1870,2,https://litteraturbanken.se/författare/DarwinC
strömning,DeGeerL,1890,1,https://litteraturbanken.se/författare/DeGeerL
strömning,EkelundV,1910,2,https://litteraturbanken.se/författare/EkelundV
strömning,EkelundV,1920,2,https://litteraturbanken.se/författare/EkelundV
strömning,EnerothC,1880,1,https://litteraturbanken.se/författare/EnerothC
strömning,EnerothC,1890,2,https://litteraturbanken.se/författare/EnerothC
strömning,EngströmA,1900,1,https://litteraturbanken.se/författare/Engstr%C3%B6mA
strömning,FahlstedtA,1880,1,https://litteraturbanken.se/författare/FahlstedtA
strömning,FlygareCarlénE,1870,1,https://litteraturbanken.se/författare/FlygareCarl%C3%A9nE
strömning,ForssmanE,1890,2,https://litteraturbanken.se/författare/ForssmanE
strömning,FredbergCRA,1910,1,https://litteraturbanken.se/författare/FredbergCRA
strömning,FrykholmS,1890,4,https://litteraturbanken.se/författare/FrykholmS
strömning,FryxellA,1880,1,https://litteraturbanken.se/författare/FryxellA
strömning,GeijerstamG,1880,2,https://litteraturbanken.se/författare/GeijerstamG
strömning,GeijerstamG,1890,3,https://litteraturbanken.se/författare/GeijerstamG
strömning,GernandtClaineJ,1890,2,https://litteraturbanken.se/författare/GernandtClaineJ
strömning,HagströmT,1960,2,https://litteraturbanken.se/författare/Hagstr%C3%B6mT
strömning,HallénB,1890,1,https://litteraturbanken.se/författare/Hall%C3%A9nB
strömning,HasselskogN,1930,1,https://litteraturbanken.se/författare/HasselskogN
strömning,HedenstiernaA,1880,2,https://litteraturbanken.se/författare/HedenstiernaA
strömning,HedenstiernaA,1890,1,https://litteraturbanken.se/författare/HedenstiernaA
strömning,HedinS,1910,1,https://litteraturbanken.se/författare/HedinS
strömning,HeidenstamV,1880,10,https://litteraturbanken.se/författare/HeidenstamV
strömning,HeidenstamV,1890,3,https://litteraturbanken.se/författare/HeidenstamV
strömning,HeidenstamV,1900,2,https://litteraturbanken.se/författare/HeidenstamV
strömning,HeidenstamV,1910,2,https://litteraturbanken.se/författare/HeidenstamV
strömning,HofstenJC,1890,1,https://litteraturbanken.se/författare/HofstenJC
strömning,HumbleJ,1870,1,https://litteraturbanken.se/författare/HumbleJ
strömning,HvalgrenE,1880,1,https://litteraturbanken.se/författare/HvalgrenE
strömning,HägerströmA,1890,1,https://litteraturbanken.se/författare/H%C3%A4gerstr%C3%B6mA
strömning,JacobsonHarald,1890,1,https://litteraturbanken.se/författare/JacobsonHarald
strömning,JansonB,1890,2,https://litteraturbanken.se/författare/JansonB
strömning,JohansonK,1940,2,https://litteraturbanken.se/författare/JohansonK
strömning,JohanssonK,1900,3,https://litteraturbanken.se/författare/JohanssonK
strömning,JosephsonL,1890,1,https://litteraturbanken.se/författare/JosephsonL
strömning,JändelR,1920,2,https://litteraturbanken.se/författare/J%C3%A4ndelR
strömning,JænischA,1890,1,https://litteraturbanken.se/författare/J%C3%A6nischA
strömning,KeyE,1890,4,https://litteraturbanken.se/författare/KeyE
strömning,KeyE,1900,3,https://litteraturbanken.se/författare/KeyE
strömning,KochR,1890,3,https://litteraturbanken.se/författare/KochR
strömning,KrookNathalia,1890,1,https://litteraturbanken.se/författare/KrookNathalia
strömning,KræmerL,1860,1,https://litteraturbanken.se/författare/Kr%C3%A6merL
strömning,KræmerL,1880,1,https://litteraturbanken.se/författare/Kr%C3%A6merL
strömning,LagerlöfS,1900,1,https://litteraturbanken.se/författare/Lagerl%C3%B6fS
strömning,LagerlöfS,1940,1,https://litteraturbanken.se/författare/Lagerl%C3%B6fS
strömning,LefflerAC,1890,2,https://litteraturbanken.se/författare/LefflerAC
strömning,LevertinO,1890,5,https://litteraturbanken.se/författare/LevertinO
strömning,LevertinO,1900,1,https://litteraturbanken.se/författare/LevertinO
strömning,LidforssB,1910,1,https://litteraturbanken.se/författare/LidforssB
strömning,LimborgO,1880,1,https://litteraturbanken.se/författare/LimborgO
strömning,LinnarssonL,1950,1,https://litteraturbanken.se/författare/LinnarssonL
strömning,LjunggrenG,1860,1,https://litteraturbanken.se/författare/LjunggrenG
strömning,LjunggrenG,1890,4,https://litteraturbanken.se/författare/LjunggrenG
strömning,LundegårdA,1890,2,https://litteraturbanken.se/författare/Lundeg%C3%A5rdA
strömning,LundegårdA,1910,2,https://litteraturbanken.se/författare/Lundeg%C3%A5rdA
strömning,LundquistE,1880,3,https://litteraturbanken.se/författare/LundquistE
strömning,LundströmG,1880,1,https://litteraturbanken.se/författare/Lundstr%C3%B6mG
strömning,LundströmV,1900,1,https://litteraturbanken.se/författare/Lundstr%C3%B6mV
strömning,MeijerB,1880,2,https://litteraturbanken.se/författare/MeijerB
strömning,MeyerA,1880,1,https://litteraturbanken.se/författare/MeyerA
strömning,MortensenJ,1900,28,https://litteraturbanken.se/författare/MortensenJ
strömning,MortensenJ,1910,3,https://litteraturbanken.se/författare/MortensenJ
strömning,MuntheA,1880,3,https://litteraturbanken.se/författare/MuntheA
strömning,MuntheA,1900,2,https://litteraturbanken.se/författare/MuntheA
strömning,NilssonA,1910,10,https://litteraturbanken.se/författare/NilssonA
strömning,NissenC,1890,1,https://litteraturbanken.se/författare/NissenC
strömning,NordinJ,2010,2,https://litteraturbanken.se/författare/NordinJ
strömning,NordinJ,2020,2,https://litteraturbanken.se/författare/NordinJ
strömning,NordströmEB,1920,2,https://litteraturbanken.se/författare/Nordstr%C3%B6mEB
strömning,NormanCarl,1890,1,https://litteraturbanken.se/författare/NormanCarl
strömning,NorströmV,1910,1,https://litteraturbanken.se/författare/Norstr%C3%B6mV
strömning,NyströmL,1890,3,https://litteraturbanken.se/författare/Nystr%C3%B6mL
strömning,PauliG,1910,1,https://litteraturbanken.se/författare/PauliG
strömning,PeterssonS,1890,2,https://litteraturbanken.se/författare/PeterssonS
strömning,RidderstadCF,1880,2,https://litteraturbanken.se/författare/RidderstadCF
strömning,RietzJE,1860,1,https://litteraturbanken.se/författare/RietzJE
strömning,RoosM,1880,1,https://litteraturbanken.se/författare/RoosM
strömning,RuinH,1930,2,https://litteraturbanken.se/författare/RuinH
strömning,RuinH,1940,8,https://litteraturbanken.se/författare/RuinH
strömning,RuinH,1960,1,https://litteraturbanken.se/författare/RuinH
strömning,RydbergV,1880,1,https://litteraturbanken.se/författare/RydbergV
strömning,SamzeliusH,1890,1,https://litteraturbanken.se/författare/SamzeliusH
strömning,SandelM,1920,1,https://litteraturbanken.se/författare/SandelM
strömning,SantessonF,1880,1,https://litteraturbanken.se/författare/SantessonF
strömning,SchückH,1900,2,https://litteraturbanken.se/författare/Sch%C3%BCckH
strömning,StjernströmL,1890,2,https://litteraturbanken.se/författare/Stjernstr%C3%B6mL
strömning,StoweHB,1890,1,https://litteraturbanken.se/författare/StoweHB
strömning,StrömF,1940,2,https://litteraturbanken.se/författare/Str%C3%B6mF
strömning,StéenhoffF,1910,2,https://litteraturbanken.se/författare/St%C3%A9enhoffF
strömning,SundbladJ,1890,1,https://litteraturbanken.se/författare/SundbladJ
strömning,SuttnerB,1890,1,https://litteraturbanken.se/författare/SuttnerB
strömning,SöderbergH,1900,1,https://litteraturbanken.se/författare/S%C3%B6derbergH
strömning,SöderbergH,1920,1,https://litteraturbanken.se/författare/S%C3%B6derbergH
strömning,SöderbergH,1930,2,https://litteraturbanken.se/författare/S%C3%B6derbergH
strömning,SöderhjelmW,1900,4,https://litteraturbanken.se/författare/S%C3%B6derhjelmW
strömning,TenowE,1880,1,https://litteraturbanken.se/författare/TenowE
strömning,UddgrenG,1910,1,https://litteraturbanken.se/författare/UddgrenG
strömning,UndsetS,1920,1,https://litteraturbanken.se/författare/UndsetS
strömning,WarburgK,1900,2,https://litteraturbanken.se/författare/WarburgK
strömning,WarburgK,1910,1,https://litteraturbanken.se/författare/WarburgK
strömning,WernbergHj,1890,1,https://litteraturbanken.se/författare/WernbergHj
strömning,WickströmVH,1890,5,https://litteraturbanken.se/författare/Wickstr%C3%B6mVH
strömning,WittO,1910,3,https://litteraturbanken.se/författare/WittO
strömning,WranérH,1880,2,https://litteraturbanken.se/författare/Wran%C3%A9rH
strömning,WägnerE,1930,3,https://litteraturbanken.se/författare/W%C3%A4gnerE
strömning,WägnerE,1940,2,https://litteraturbanken.se/författare/W%C3%A4gnerE
strömning,ÖdmanP,1890,2,https://litteraturbanken.se/författare/%C3%96dmanP
styrka,AdelborgO,1900,1,https://litteraturbanken.se/författare/AdelborgO
styrka,AdelborgO,1910,2,https://litteraturbanken.se/författare/AdelborgO
styrka,AdelborgO,1920,1,https://litteraturbanken.se/författare/AdelborgO
styrka,AdlersparreCA,1840,17,https://litteraturbanken.se/författare/AdlersparreCA
styrka,AdlersparreCA,1850,4,https://litteraturbanken.se/författare/AdlersparreCA
styrka,AdlersparreGA,1880,4,https://litteraturbanken.se/författare/AdlersparreGA
styrka,AdlersparreKA,1880,11,https://litteraturbanken.se/författare/AdlersparreKA
styrka,AfzeliusAA,1840,3,https://litteraturbanken.se/författare/AfzeliusAA
styrka,AfzeliusAA,1850,8,https://litteraturbanken.se/författare/AfzeliusAA
styrka,AfzeliusAJ,1840,1,https://litteraturbanken.se/författare/AfzeliusAJ
styrka,AfzeliusAJ,1850,2,https://litteraturbanken.se/författare/AfzeliusAJ
styrka,AgardhCA,1830,1,https://litteraturbanken.se/författare/AgardhCA
styrka,AgrellA,1880,12,https://litteraturbanken.se/författare/AgrellA
styrka,AgrellA,1890,20,https://litteraturbanken.se/författare/AgrellA
styrka,AgrellA,1900,5,https://litteraturbanken.se/författare/AgrellA
styrka,AgrellA,1910,13,https://litteraturbanken.se/författare/AgrellA
styrka,AhlbomM,1860,21,https://litteraturbanken.se/författare/AhlbomM
styrka,AhlborgG,1880,4,https://litteraturbanken.se/författare/AhlborgG
styrka,AhlinJO,1880,9,https://litteraturbanken.se/författare/AhlinJO
styrka,AhlinJO,1890,2,https://litteraturbanken.se/författare/AhlinJO
styrka,AhlinJO,1900,1,https://litteraturbanken.se/författare/AhlinJO
styrka,AhlqvistA,1840,3,https://litteraturbanken.se/författare/AhlqvistA
styrka,AhlströmOC,1890,1,https://litteraturbanken.se/författare/Ahlstr%C3%B6mOC
styrka,AhnfeltA,1870,2,https://litteraturbanken.se/författare/AhnfeltA
styrka,AhnfeltLaurinE,1880,4,https://litteraturbanken.se/författare/AhnfeltLaurinE
styrka,AhrenbergJ,1870,2,https://litteraturbanken.se/författare/AhrenbergJ
styrka,AhrenbergJ,1880,12,https://litteraturbanken.se/författare/AhrenbergJ
styrka,AhrenbergJ,1890,35,https://litteraturbanken.se/författare/AhrenbergJ
styrka,AlcottLM,1870,21,https://litteraturbanken.se/författare/AlcottLM
styrka,AldénGA,1880,1,https://litteraturbanken.se/författare/Ald%C3%A9nGA
styrka,AlfthanGE,1880,3,https://litteraturbanken.se/författare/AlfthanGE
styrka,AlfthanJ,1870,12,https://litteraturbanken.se/författare/AlfthanJ
styrka,AlfthanJ,1880,3,https://litteraturbanken.se/författare/AlfthanJ
styrka,AllardtA,1880,1,https://litteraturbanken.se/författare/AllardtA
styrka,AllvarssonA,1890,1,https://litteraturbanken.se/författare/AllvarssonA
styrka,AlmL,1850,1,https://litteraturbanken.se/författare/AlmL
styrka,AlmkvistJA,1870,5,https://litteraturbanken.se/författare/AlmkvistJA
styrka,AlmquistV,1880,1,https://litteraturbanken.se/författare/AlmquistV
styrka,AlmquistV,1890,12,https://litteraturbanken.se/författare/AlmquistV
styrka,AlmqvistCJL,1810,1,https://litteraturbanken.se/författare/AlmqvistCJL
styrka,AlmqvistCJL,1830,27,https://litteraturbanken.se/författare/AlmqvistCJL
styrka,AlmqvistCJL,1840,33,https://litteraturbanken.se/författare/AlmqvistCJL
styrka,AlmqvistCJL,1870,3,https://litteraturbanken.se/författare/AlmqvistCJL
styrka,AlmqvistG,1890,5,https://litteraturbanken.se/författare/AlmqvistG
styrka,AlménR,1900,4,https://litteraturbanken.se/författare/Alm%C3%A9nR
styrka,AlthénG,1870,6,https://litteraturbanken.se/författare/Alth%C3%A9nG
styrka,AlténVA,1830,22,https://litteraturbanken.se/författare/Alt%C3%A9nVA
styrka,AmeenG,1840,2,https://litteraturbanken.se/författare/AmeenG
styrka,AminoffI,1900,3,https://litteraturbanken.se/författare/AminoffI
styrka,AméenE,1880,2,https://litteraturbanken.se/författare/Am%C3%A9enE
styrka,AméenE,1890,3,https://litteraturbanken.se/författare/Am%C3%A9enE
styrka,AndersL,1890,7,https://litteraturbanken.se/författare/AndersL
styrka,AndersenHC,1840,2,https://litteraturbanken.se/författare/AndersenHC
styrka,AndersonA,1860,22,https://litteraturbanken.se/författare/AndersonA
styrka,AndersonH,1890,29,https://litteraturbanken.se/författare/AndersonH
styrka,AndersonH,1900,8,https://litteraturbanken.se/författare/AndersonH
styrka,AnderssonC,1880,1,https://litteraturbanken.se/författare/AnderssonC
styrka,AnderssonCG,1850,1,https://litteraturbanken.se/författare/AnderssonCG
styrka,AnderssonCG,1860,1,https://litteraturbanken.se/författare/AnderssonCG
styrka,AnderssonD,1910,9,https://litteraturbanken.se/författare/AnderssonD
styrka,AnderssonD,1920,3,https://litteraturbanken.se/författare/AnderssonD
styrka,AnderssonHilding,1900,5,https://litteraturbanken.se/författare/AnderssonHilding
styrka,AnderssonHilma,1900,4,https://litteraturbanken.se/författare/AnderssonHilma
styrka,AnderssonJ,1880,2,https://litteraturbanken.se/författare/AnderssonJ
styrka,AnderssonME,1880,1,https://litteraturbanken.se/författare/AnderssonME
styrka,AndréeA,1830,3,https://litteraturbanken.se/författare/Andr%C3%A9eA
styrka,AndrénO,1890,34,https://litteraturbanken.se/författare/Andr%C3%A9nO
styrka,AngeredStrandbergH,1880,10,https://litteraturbanken.se/författare/AngeredStrandbergH
styrka,AngeredStrandbergH,1890,14,https://litteraturbanken.se/författare/AngeredStrandbergH
styrka,AngeredStrandbergH,1900,17,https://litteraturbanken.se/författare/AngeredStrandbergH
styrka,AngeredStrandbergH,1910,12,https://litteraturbanken.se/författare/AngeredStrandbergH
styrka,AngeredStrandbergH,1920,4,https://litteraturbanken.se/författare/AngeredStrandbergH
styrka,AnholmM,1890,30,https://litteraturbanken.se/författare/AnholmM
styrka,Anonym,1700,1,https://litteraturbanken.se/författare/Anonym
styrka,Anonym,1830,25,https://litteraturbanken.se/författare/Anonym
styrka,Anonym,1840,55,https://litteraturbanken.se/författare/Anonym
styrka,Anonym,1850,62,https://litteraturbanken.se/författare/Anonym
styrka,Anonym,1860,139,https://litteraturbanken.se/författare/Anonym
styrka,Anonym,1870,166,https://litteraturbanken.se/författare/Anonym
styrka,Anonym,1880,121,https://litteraturbanken.se/författare/Anonym
styrka,Anonym,1890,145,https://litteraturbanken.se/författare/Anonym
styrka,Anonym,1900,24,https://litteraturbanken.se/författare/Anonym
styrka,Anonym,1910,4,https://litteraturbanken.se/författare/Anonym
styrka,Anonym,1930,37,https://litteraturbanken.se/författare/Anonym
styrka,Anonym,1940,17,https://litteraturbanken.se/författare/Anonym
styrka,AntellGW,1860,1,https://litteraturbanken.se/författare/AntellGW
styrka,ArfvidssonMKJ,1850,13,https://litteraturbanken.se/författare/ArfvidssonMKJ
styrka,ArfvidssonN,1880,1,https://litteraturbanken.se/författare/ArfvidssonN
styrka,ArfwedsonCD,1830,1,https://litteraturbanken.se/författare/ArfwedsonCD
styrka,ArfwedsonCD,1840,40,https://litteraturbanken.se/författare/ArfwedsonCD
styrka,ArfwedsonCD,1870,17,https://litteraturbanken.se/författare/ArfwedsonCD
styrka,ArmfeltGJP,1870,3,https://litteraturbanken.se/författare/ArmfeltGJP
styrka,ArmfeltGM,1800,6,https://litteraturbanken.se/författare/ArmfeltGM
styrka,ArnoldsonKP,1860,7,https://litteraturbanken.se/författare/ArnoldsonKP
styrka,AroseniusFR,1860,5,https://litteraturbanken.se/författare/AroseniusFR
styrka,AroseniusI,1930,1,https://litteraturbanken.se/författare/AroseniusI
styrka,ArvidsonB,1860,1,https://litteraturbanken.se/författare/ArvidsonB
styrka,ArvidssonAI,1830,7,https://litteraturbanken.se/författare/ArvidssonAI
styrka,ArvidssonAI,1840,4,https://litteraturbanken.se/författare/ArvidssonAI
styrka,AspPO,1800,5,https://litteraturbanken.se/författare/AspPO
styrka,AtterbomPDA,1830,15,https://litteraturbanken.se/författare/AtterbomPDA
styrka,AtterbomPDA,1840,165,https://litteraturbanken.se/författare/AtterbomPDA
styrka,AtterbomPDA,1850,28,https://litteraturbanken.se/författare/AtterbomPDA
styrka,AtterbomPDA,1910,5,https://litteraturbanken.se/författare/AtterbomPDA
styrka,AtterlingCH,1860,1,https://litteraturbanken.se/författare/AtterlingCH
styrka,AureliusH,1890,3,https://litteraturbanken.se/författare/AureliusH
styrka,AurellW,1860,12,https://litteraturbanken.se/författare/AurellW
styrka,AurellW,1890,1,https://litteraturbanken.se/författare/AurellW
styrka,AvellanH,1840,3,https://litteraturbanken.se/författare/AvellanH
styrka,AxelsonM,1840,3,https://litteraturbanken.se/författare/AxelsonM
styrka,AxelsonM,1850,3,https://litteraturbanken.se/författare/AxelsonM
styrka,AxelsonM,1860,11,https://litteraturbanken.se/författare/AxelsonM
styrka,AxelsonM,1870,1,https://litteraturbanken.se/författare/AxelsonM
styrka,AxelssonA,1880,1,https://litteraturbanken.se/författare/AxelssonA
styrka,BacklundG,1880,1,https://litteraturbanken.se/författare/BacklundG
styrka,BackmanA,1890,2,https://litteraturbanken.se/författare/BackmanA
styrka,BackmanA,1900,1,https://litteraturbanken.se/författare/BackmanA
styrka,BaggeP,1880,55,https://litteraturbanken.se/författare/BaggeP
styrka,BaggerAA,1890,11,https://litteraturbanken.se/författare/BaggerAA
styrka,BahrJF,1830,4,https://litteraturbanken.se/författare/BahrJF
styrka,BarthelsonF,1870,2,https://litteraturbanken.se/författare/BarthelsonF
styrka,BechmanH,1880,5,https://litteraturbanken.se/författare/BechmanH
styrka,BeckerH,1870,1,https://litteraturbanken.se/författare/BeckerH
styrka,BeckerH,1880,1,https://litteraturbanken.se/författare/BeckerH
styrka,BeckmanE,1890,2,https://litteraturbanken.se/författare/BeckmanE
styrka,BehmO,1880,3,https://litteraturbanken.se/författare/BehmO
styrka,BehmO,1890,2,https://litteraturbanken.se/författare/BehmO
styrka,BellanderG,1880,1,https://litteraturbanken.se/författare/BellanderG
styrka,BenedictssonV,1880,23,https://litteraturbanken.se/författare/BenedictssonV
styrka,BenedictssonV,1890,10,https://litteraturbanken.se/författare/BenedictssonV
styrka,BenedictssonV,1910,3,https://litteraturbanken.se/författare/BenedictssonV
styrka,BensowO,1880,1,https://litteraturbanken.se/författare/BensowO
styrka,BensowO,1890,9,https://litteraturbanken.se/författare/BensowO
styrka,BenzelstiernaG,1880,3,https://litteraturbanken.se/författare/BenzelstiernaG
styrka,BenzonK,1900,12,https://litteraturbanken.se/författare/BenzonK
styrka,BergAH,1880,4,https://litteraturbanken.se/författare/BergAH
styrka,BergCO,1880,6,https://litteraturbanken.se/författare/BergCO
styrka,BergCO,1890,12,https://litteraturbanken.se/författare/BergCO
styrka,BergD,1910,5,https://litteraturbanken.se/författare/BergD
styrka,BergD,1930,1,https://litteraturbanken.se/författare/BergD
styrka,BergJA,1860,34,https://litteraturbanken.se/författare/BergJA
styrka,BergPG,1860,41,https://litteraturbanken.se/författare/BergPG
styrka,BergPG,1870,10,https://litteraturbanken.se/författare/BergPG
styrka,BergRG,1890,11,https://litteraturbanken.se/författare/BergRG
styrka,BergRG,1900,3,https://litteraturbanken.se/författare/BergRG
styrka,BergenströmAJ,1840,2,https://litteraturbanken.se/författare/Bergenstr%C3%B6mAJ
styrka,BergerH,1900,6,https://litteraturbanken.se/författare/BergerH
styrka,BergerH,1910,19,https://litteraturbanken.se/författare/BergerH
styrka,BergerL,1880,9,https://litteraturbanken.se/författare/BergerL
styrka,BerghR,1900,12,https://litteraturbanken.se/författare/BerghR
styrka,BerglundA,1880,2,https://litteraturbanken.se/författare/BerglundA
styrka,BerglundAO,1890,1,https://litteraturbanken.se/författare/BerglundAO
styrka,BerglundEW,1890,1,https://litteraturbanken.se/författare/BerglundEW
styrka,BerglundV,1850,3,https://litteraturbanken.se/författare/BerglundV
styrka,BergmanCJ,1840,1,https://litteraturbanken.se/författare/BergmanCJ
styrka,BergmanCJ,1880,14,https://litteraturbanken.se/författare/BergmanCJ
styrka,BergmanCW,1840,5,https://litteraturbanken.se/författare/BergmanCW
styrka,BergmanHj,1900,16,https://litteraturbanken.se/författare/BergmanHj
styrka,BergmanHj,1910,27,https://litteraturbanken.se/författare/BergmanHj
styrka,BergmanHj,1920,56,https://litteraturbanken.se/författare/BergmanHj
styrka,BergmanHj,1930,11,https://litteraturbanken.se/författare/BergmanHj
styrka,BergmanJ,1890,4,https://litteraturbanken.se/författare/BergmanJ
styrka,BergmanJM,1870,7,https://litteraturbanken.se/författare/BergmanJM
styrka,BergstedtAEM,1860,10,https://litteraturbanken.se/författare/BergstedtAEM
styrka,BergstrandPE,1860,7,https://litteraturbanken.se/författare/BergstrandPE
styrka,BergstrandPE,1880,1,https://litteraturbanken.se/författare/BergstrandPE
styrka,BergströmEO,1890,4,https://litteraturbanken.se/författare/Bergstr%C3%B6mEO
styrka,BergströmR,1880,28,https://litteraturbanken.se/författare/Bergstr%C3%B6mR
styrka,BergströmR,1890,3,https://litteraturbanken.se/författare/Bergstr%C3%B6mR
styrka,BergsøeV,1870,9,https://litteraturbanken.se/författare/Bergs%C3%B8eV
styrka,BerlinAC,1830,8,https://litteraturbanken.se/författare/BerlinAC
styrka,BerlinAC,1840,36,https://litteraturbanken.se/författare/BerlinAC
styrka,BerndtsonF,1850,2,https://litteraturbanken.se/författare/BerndtsonF
styrka,BerndtsonF,1860,3,https://litteraturbanken.se/författare/BerndtsonF
styrka,BerndtsonF,1880,5,https://litteraturbanken.se/författare/BerndtsonF
styrka,BeskowBvon,1840,1,https://litteraturbanken.se/författare/BeskowBvon
styrka,BeskowBvon,1870,12,https://litteraturbanken.se/författare/BeskowBvon
styrka,BeskowCA,1890,2,https://litteraturbanken.se/författare/BeskowCA
styrka,BeskowElisabeth,1890,4,https://litteraturbanken.se/författare/BeskowElisabeth
styrka,BeskowElisabeth,1900,4,https://litteraturbanken.se/författare/BeskowElisabeth
styrka,BeskowElisabeth,1920,1,https://litteraturbanken.se/författare/BeskowElisabeth
styrka,BjarkeFC,1890,6,https://litteraturbanken.se/författare/BjarkeFC
styrka,BjurstenH,1840,13,https://litteraturbanken.se/författare/BjurstenH
styrka,BjurstenH,1850,85,https://litteraturbanken.se/författare/BjurstenH
styrka,BjurstenH,1860,40,https://litteraturbanken.se/författare/BjurstenH
styrka,BjurströmG,1870,15,https://litteraturbanken.se/författare/Bjurstr%C3%B6mG
styrka,BjurströmG,1880,1,https://litteraturbanken.se/författare/Bjurstr%C3%B6mG
styrka,BjurströmPG,1890,3,https://litteraturbanken.se/författare/Bjurstr%C3%B6mPG
styrka,BjörckED,1860,8,https://litteraturbanken.se/författare/Bj%C3%B6rckED
styrka,BjörckT,1840,4,https://litteraturbanken.se/författare/Bj%C3%B6rckT
styrka,BjörckT,1850,7,https://litteraturbanken.se/författare/Bj%C3%B6rckT
styrka,BjörkC,1890,1,https://litteraturbanken.se/författare/Bj%C3%B6rkC
styrka,BjörkmanCG,1880,46,https://litteraturbanken.se/författare/Bj%C3%B6rkmanCG
styrka,BjörkmanG,1880,2,https://litteraturbanken.se/författare/Bj%C3%B6rkmanG
styrka,BjörlinG,1870,5,https://litteraturbanken.se/författare/Bj%C3%B6rlinG
styrka,BjörlinG,1880,11,https://litteraturbanken.se/författare/Bj%C3%B6rlinG
styrka,BjörlinG,1890,21,https://litteraturbanken.se/författare/Bj%C3%B6rlinG
styrka,BjörlinG,1900,17,https://litteraturbanken.se/författare/Bj%C3%B6rlinG
styrka,BjörlinG,1910,17,https://litteraturbanken.se/författare/Bj%C3%B6rlinG
styrka,BjörlingF,1870,31,https://litteraturbanken.se/författare/Bj%C3%B6rlingF
styrka,BjörlingF,1880,10,https://litteraturbanken.se/författare/Bj%C3%B6rlingF
styrka,BlachetG,1890,2,https://litteraturbanken.se/författare/BlachetG
styrka,BlancheA,1830,3,https://litteraturbanken.se/författare/BlancheA
styrka,BlancheA,1840,89,https://litteraturbanken.se/författare/BlancheA
styrka,BlancheA,1850,38,https://litteraturbanken.se/författare/BlancheA
styrka,BlancheA,1870,2,https://litteraturbanken.se/författare/BlancheA
styrka,BlancheT,1880,3,https://litteraturbanken.se/författare/BlancheT
styrka,BlancheT,1890,5,https://litteraturbanken.se/författare/BlancheT
styrka,BlixénA,1860,5,https://litteraturbanken.se/författare/Blix%C3%A9nA
styrka,BlomL,1890,2,https://litteraturbanken.se/författare/BlomL
styrka,BlombergH,1910,3,https://litteraturbanken.se/författare/BlombergH
styrka,BlombergH,1920,15,https://litteraturbanken.se/författare/BlombergH
styrka,BlomgrenEG,1860,3,https://litteraturbanken.se/författare/BlomgrenEG
styrka,BlomgrenJC,1850,2,https://litteraturbanken.se/författare/BlomgrenJC
styrka,BlumauerK,1830,2,https://litteraturbanken.se/författare/BlumauerK
styrka,BlumenbergHG,1870,1,https://litteraturbanken.se/författare/BlumenbergHG
styrka,BobergC,1890,5,https://litteraturbanken.se/författare/BobergC
styrka,BobergC,1900,9,https://litteraturbanken.se/författare/BobergC
styrka,BohmanJG,1880,7,https://litteraturbanken.se/författare/BohmanJG
styrka,BohmeJ,1920,15,https://litteraturbanken.se/författare/BohmeJ
styrka,BoismanAW,1890,1,https://litteraturbanken.se/författare/BoismanAW
styrka,BolanderS,1840,32,https://litteraturbanken.se/författare/BolanderS
styrka,BolanderS,1850,61,https://litteraturbanken.se/författare/BolanderS
styrka,BolanderS,1860,119,https://litteraturbanken.se/författare/BolanderS
styrka,BollstenJC,1840,13,https://litteraturbanken.se/författare/BollstenJC
styrka,BondeK,1880,2,https://litteraturbanken.se/författare/BondeK
styrka,BondesonA,1880,14,https://litteraturbanken.se/författare/BondesonA
styrka,BondesonA,1890,10,https://litteraturbanken.se/författare/BondesonA
styrka,BondesonA,1900,8,https://litteraturbanken.se/författare/BondesonA
styrka,BonggrenJ,1880,2,https://litteraturbanken.se/författare/BonggrenJ
styrka,BoreliusH,1900,3,https://litteraturbanken.se/författare/BoreliusH
styrka,BoreliusH,1910,1,https://litteraturbanken.se/författare/BoreliusH
styrka,BorgströmFL,1870,6,https://litteraturbanken.se/författare/Borgstr%C3%B6mFL
styrka,BorgströmG,1890,5,https://litteraturbanken.se/författare/Borgstr%C3%B6mG
styrka,BoyeK,1920,4,https://litteraturbanken.se/författare/BoyeK
styrka,BoyeK,1930,26,https://litteraturbanken.se/författare/BoyeK
styrka,BoyeK,1940,14,https://litteraturbanken.se/författare/BoyeK
styrka,BragE,1880,2,https://litteraturbanken.se/författare/BragE
styrka,BragH,1840,3,https://litteraturbanken.se/författare/BragH
styrka,BragerMH,1880,2,https://litteraturbanken.se/författare/BragerMH
styrka,BrandtE,1890,3,https://litteraturbanken.se/författare/BrandtE
styrka,BrandtGJW,1860,10,https://litteraturbanken.se/författare/BrandtGJW
styrka,BrantingA,1890,11,https://litteraturbanken.se/författare/BrantingA
styrka,BrantingA,1900,7,https://litteraturbanken.se/författare/BrantingA
styrka,BrantingA,1910,9,https://litteraturbanken.se/författare/BrantingA
styrka,BrattI,1940,1,https://litteraturbanken.se/författare/BrattI
styrka,BraunWvon,1830,15,https://litteraturbanken.se/författare/BraunWvon
styrka,BraunWvon,1840,29,https://litteraturbanken.se/författare/BraunWvon
styrka,BraunWvon,1850,29,https://litteraturbanken.se/författare/BraunWvon
styrka,BraunWvon,1860,3,https://litteraturbanken.se/författare/BraunWvon
styrka,BraunWvon,1880,13,https://litteraturbanken.se/författare/BraunWvon
styrka,BraunerhjelmA,1880,8,https://litteraturbanken.se/författare/BraunerhjelmA
styrka,BraunerhjelmA,1900,6,https://litteraturbanken.se/författare/BraunerhjelmA
styrka,BredbergHW,1870,4,https://litteraturbanken.se/författare/BredbergHW
styrka,BremerF,1820,3,https://litteraturbanken.se/författare/BremerF
styrka,BremerF,1840,21,https://litteraturbanken.se/författare/BremerF
styrka,BremerF,1850,17,https://litteraturbanken.se/författare/BremerF
styrka,BremerF,1910,10,https://litteraturbanken.se/författare/BremerF
styrka,BrennerSE,1710,7,https://litteraturbanken.se/författare/BrennerSE
styrka,BrennerSE,1730,1,https://litteraturbanken.se/författare/BrennerSE
styrka,BrinkmanCG,1840,11,https://litteraturbanken.se/författare/BrinkmanCG
styrka,BrinkmanCG,1890,2,https://litteraturbanken.se/författare/BrinkmanCG
styrka,BrobergFA,1860,1,https://litteraturbanken.se/författare/BrobergFA
styrka,BromanPG,1860,3,https://litteraturbanken.se/författare/BromanPG
styrka,BronteC,1850,70,https://litteraturbanken.se/författare/BronteC
styrka,BruhnA,1910,4,https://litteraturbanken.se/författare/BruhnA
styrka,BruhnJN,1850,7,https://litteraturbanken.se/författare/BruhnJN
styrka,BruniusCG,1830,16,https://litteraturbanken.se/författare/BruniusCG
styrka,BruniusL,1840,85,https://litteraturbanken.se/författare/BruniusL
styrka,BruniusL,1850,26,https://litteraturbanken.se/författare/BruniusL
styrka,BruniusL,1870,43,https://litteraturbanken.se/författare/BruniusL
styrka,BruzeliusJ,1870,16,https://litteraturbanken.se/författare/BruzeliusJ
styrka,BruzeliusJ,1880,1,https://litteraturbanken.se/författare/BruzeliusJ
styrka,BråkenhielmM,1890,3,https://litteraturbanken.se/författare/Br%C3%A5kenhielmM
styrka,BurghausenCF,1850,8,https://litteraturbanken.se/författare/BurghausenCF
styrka,BurnettFH,1880,5,https://litteraturbanken.se/författare/BurnettFH
styrka,BuschO,1910,3,https://litteraturbanken.se/författare/BuschO
styrka,ButenschönA,1890,3,https://litteraturbanken.se/författare/Butensch%C3%B6nA
styrka,ByronGG,1820,2,https://litteraturbanken.se/författare/ByronGG
styrka,BäckmanJ,1890,3,https://litteraturbanken.se/författare/B%C3%A4ckmanJ
styrka,BäckmanW,1850,6,https://litteraturbanken.se/författare/B%C3%A4ckmanW
styrka,BäckmannI,1900,18,https://litteraturbanken.se/författare/B%C3%A4ckmannI
styrka,BäckmannI,1910,15,https://litteraturbanken.se/författare/B%C3%A4ckmannI
styrka,BäckmannI,1920,3,https://litteraturbanken.se/författare/B%C3%A4ckmannI
styrka,BäckmannI,1930,6,https://litteraturbanken.se/författare/B%C3%A4ckmannI
styrka,BäckmannI,1940,2,https://litteraturbanken.se/författare/B%C3%A4ckmannI
styrka,BäckströmE,1860,4,https://litteraturbanken.se/författare/B%C3%A4ckstr%C3%B6mE
styrka,BäckströmE,1870,6,https://litteraturbanken.se/författare/B%C3%A4ckstr%C3%B6mE
styrka,BäckströmPO,1840,14,https://litteraturbanken.se/författare/B%C3%A4ckstr%C3%B6mPO
styrka,Bååth-HolmbergC,1890,9,https://litteraturbanken.se/författare/B%C3%A5%C3%A5th-HolmbergC
styrka,Bååth-HolmbergC,1900,4,https://litteraturbanken.se/författare/B%C3%A5%C3%A5th-HolmbergC
styrka,BååthAU,1870,3,https://litteraturbanken.se/författare/B%C3%A5%C3%A5thAU
styrka,BååthAU,1880,22,https://litteraturbanken.se/författare/B%C3%A5%C3%A5thAU
styrka,BååthAU,1890,4,https://litteraturbanken.se/författare/B%C3%A5%C3%A5thAU
styrka,BååthAU,1900,3,https://litteraturbanken.se/författare/B%C3%A5%C3%A5thAU
styrka,BörjessonJ,1840,3,https://litteraturbanken.se/författare/B%C3%B6rjessonJ
styrka,BörjessonJ,1860,1,https://litteraturbanken.se/författare/B%C3%B6rjessonJ
styrka,BöttigerCW,1830,5,https://litteraturbanken.se/författare/B%C3%B6ttigerCW
styrka,BöttigerCW,1870,17,https://litteraturbanken.se/författare/B%C3%B6ttigerCW
styrka,BöttigerCW,1880,5,https://litteraturbanken.se/författare/B%C3%B6ttigerCW
styrka,BöttigerCW,1890,5,https://litteraturbanken.se/författare/B%C3%B6ttigerCW
styrka,CajanderZ,1840,1,https://litteraturbanken.se/författare/CajanderZ
styrka,CardonOB,1860,2,https://litteraturbanken.se/författare/CardonOB
styrka,CarlbergF,1900,2,https://litteraturbanken.se/författare/CarlbergF
styrka,CarlbergF,1910,6,https://litteraturbanken.se/författare/CarlbergF
styrka,CarlstedtF,1830,21,https://litteraturbanken.se/författare/CarlstedtF
styrka,CarlströmA,1840,1,https://litteraturbanken.se/författare/Carlstr%C3%B6mA
styrka,CarlströmFA,1890,3,https://litteraturbanken.se/författare/Carlstr%C3%B6mFA
styrka,CarlénCS,1860,1,https://litteraturbanken.se/författare/Carl%C3%A9nCS
styrka,CarlénJG,1830,2,https://litteraturbanken.se/författare/Carl%C3%A9nJG
styrka,CarlénO,1850,3,https://litteraturbanken.se/författare/Carl%C3%A9nO
styrka,CarlénO,1860,27,https://litteraturbanken.se/författare/Carl%C3%A9nO
styrka,CarlénO,1870,5,https://litteraturbanken.se/författare/Carl%C3%A9nO
styrka,CarlénO,1880,6,https://litteraturbanken.se/författare/Carl%C3%A9nO
styrka,CarlénR,1860,46,https://litteraturbanken.se/författare/Carl%C3%A9nR
styrka,CarlénR,1870,36,https://litteraturbanken.se/författare/Carl%C3%A9nR
styrka,CarstensFV,1840,22,https://litteraturbanken.se/författare/CarstensFV
styrka,CavallinC,1890,33,https://litteraturbanken.se/författare/CavallinC
styrka,CavallinS,1850,13,https://litteraturbanken.se/författare/CavallinS
styrka,CederbergB,1880,7,https://litteraturbanken.se/författare/CederbergB
styrka,CederbladA,1870,4,https://litteraturbanken.se/författare/CederbladA
styrka,CederbladA,1890,2,https://litteraturbanken.se/författare/CederbladA
styrka,CederborgCA,1890,1,https://litteraturbanken.se/författare/CederborgCA
styrka,CederborgCA,1910,2,https://litteraturbanken.se/författare/CederborgCA
styrka,CederborghF,1800,6,https://litteraturbanken.se/författare/CederborghF
styrka,CederborghF,1810,8,https://litteraturbanken.se/författare/CederborghF
styrka,CederborghF,1830,18,https://litteraturbanken.se/författare/CederborghF
styrka,CederborghF,1850,15,https://litteraturbanken.se/författare/CederborghF
styrka,CederborghF,1880,22,https://litteraturbanken.se/författare/CederborghF
styrka,CederlundA,1910,9,https://litteraturbanken.se/författare/CederlundA
styrka,CedermanR,1870,8,https://litteraturbanken.se/författare/CedermanR
styrka,CedermanR,1880,4,https://litteraturbanken.se/författare/CedermanR
styrka,CederqvistA,1870,5,https://litteraturbanken.se/författare/CederqvistA
styrka,CelsiusO,1800,1,https://litteraturbanken.se/författare/CelsiusO
styrka,CentervallFJG,1860,1,https://litteraturbanken.se/författare/CentervallFJG
styrka,ChristiernssonH,1880,2,https://litteraturbanken.se/författare/ChristiernssonH
styrka,ChydeniusK,1860,18,https://litteraturbanken.se/författare/ChydeniusK
styrka,ChytræusB,1860,1,https://litteraturbanken.se/författare/Chytr%C3%A6usB
styrka,CleveAlma,1890,6,https://litteraturbanken.se/författare/CleveAlma
styrka,CramærM,1840,10,https://litteraturbanken.se/författare/Cram%C3%A6rM
styrka,CramærM,1880,5,https://litteraturbanken.se/författare/Cram%C3%A6rM
styrka,CramérJN,1830,1,https://litteraturbanken.se/författare/Cram%C3%A9rJN
styrka,CreutzGP,1860,12,https://litteraturbanken.se/författare/CreutzGP
styrka,CronhamnAF,1830,1,https://litteraturbanken.se/författare/CronhamnAF
styrka,CronholmB,1850,6,https://litteraturbanken.se/författare/CronholmB
styrka,CronstrandB,1870,17,https://litteraturbanken.se/författare/CronstrandB
styrka,CrusenstolpeF,1840,25,https://litteraturbanken.se/författare/CrusenstolpeF
styrka,CrusenstolpeMJ,1840,134,https://litteraturbanken.se/författare/CrusenstolpeMJ
styrka,CygnæusF,1850,38,https://litteraturbanken.se/författare/Cygn%C3%A6usF
styrka,DaguerreLJM,1830,1,https://litteraturbanken.se/författare/DaguerreLJM
styrka,DahlM,1890,72,https://litteraturbanken.se/författare/DahlM
styrka,DahlanderGR,1870,2,https://litteraturbanken.se/författare/DahlanderGR
styrka,DahlanderGR,1880,2,https://litteraturbanken.se/författare/DahlanderGR
styrka,DahlbergE,1910,1,https://litteraturbanken.se/författare/DahlbergE
styrka,DahlgrenA,1890,2,https://litteraturbanken.se/författare/DahlgrenA
styrka,DahlgrenCF,1830,9,https://litteraturbanken.se/författare/DahlgrenCF
styrka,DahlgrenCF,1900,2,https://litteraturbanken.se/författare/DahlgrenCF
styrka,DahlgrenEW,1910,1,https://litteraturbanken.se/författare/DahlgrenEW
styrka,DahlgrenFA,1840,1,https://litteraturbanken.se/författare/DahlgrenFA
styrka,DahlgrenL,1900,12,https://litteraturbanken.se/författare/DahlgrenL
styrka,DahlqvistJP,1870,5,https://litteraturbanken.se/författare/DahlqvistJP
styrka,DalströmK,1880,27,https://litteraturbanken.se/författare/Dalstr%C3%B6mK
styrka,DalströmK,1890,1,https://litteraturbanken.se/författare/Dalstr%C3%B6mK
styrka,DalströmK,1900,8,https://litteraturbanken.se/författare/Dalstr%C3%B6mK
styrka,DalströmK,1910,2,https://litteraturbanken.se/författare/Dalstr%C3%B6mK
styrka,DammAJN,1870,6,https://litteraturbanken.se/författare/DammAJN
styrka,DammJ,1850,2,https://litteraturbanken.se/författare/DammJ
styrka,DammJ,1870,36,https://litteraturbanken.se/författare/DammJ
styrka,DanielssonAx,1880,1,https://litteraturbanken.se/författare/DanielssonAx
styrka,DanielssonE,1860,7,https://litteraturbanken.se/författare/DanielssonE
styrka,DanielssonJ,1890,6,https://litteraturbanken.se/författare/DanielssonJ
styrka,DarwinC,1870,62,https://litteraturbanken.se/författare/DarwinC
styrka,DeBèscheJW,1840,6,https://litteraturbanken.se/författare/DeB%C3%A8scheJW
styrka,DeGeerL,1840,46,https://litteraturbanken.se/författare/DeGeerL
styrka,DeGeerL,1880,2,https://litteraturbanken.se/författare/DeGeerL
styrka,DeGeerL,1890,38,https://litteraturbanken.se/författare/DeGeerL
styrka,DehnI,1860,4,https://litteraturbanken.se/författare/DehnI
styrka,DickensC,1840,2,https://litteraturbanken.se/författare/DickensC
styrka,DickensC,1860,4,https://litteraturbanken.se/författare/DickensC
styrka,DickensC,1910,2,https://litteraturbanken.se/författare/DickensC
styrka,DidringE,1890,3,https://litteraturbanken.se/författare/DidringE
styrka,DodgsonCL,1890,4,https://litteraturbanken.se/författare/DodgsonCL
styrka,DouglassF,1890,48,https://litteraturbanken.se/författare/DouglassF
styrka,DouglassF,1900,16,https://litteraturbanken.se/författare/DouglassF
styrka,DoyleAC,1890,12,https://litteraturbanken.se/författare/DoyleAC
styrka,DoyleAC,1910,2,https://litteraturbanken.se/författare/DoyleAC
styrka,DrummondH,1890,1,https://litteraturbanken.se/författare/DrummondH
styrka,DufvaEW,1860,1,https://litteraturbanken.se/författare/DufvaEW
styrka,DulciU,1760,11,https://litteraturbanken.se/författare/DulciU
styrka,DulciU,1770,21,https://litteraturbanken.se/författare/DulciU
styrka,DulciU,1780,11,https://litteraturbanken.se/författare/DulciU
styrka,DunckelD,1840,55,https://litteraturbanken.se/författare/DunckelD
styrka,DunckelD,1860,7,https://litteraturbanken.se/författare/DunckelD
styrka,DurlingM,1890,1,https://litteraturbanken.se/författare/DurlingM
styrka,DuseSA,1910,2,https://litteraturbanken.se/författare/DuseSA
styrka,DybeckR,1850,1,https://litteraturbanken.se/författare/DybeckR
styrka,EbersteinCC,1850,3,https://litteraturbanken.se/författare/EbersteinCC
styrka,EdelcrantzAN,1800,22,https://litteraturbanken.se/författare/EdelcrantzAN
styrka,EdelfeltJC,1830,9,https://litteraturbanken.se/författare/EdelfeltJC
styrka,EdgrenHj,1880,1,https://litteraturbanken.se/författare/EdgrenHj
styrka,EdwardsA,1870,7,https://litteraturbanken.se/författare/EdwardsA
styrka,EhrenborgAF,1840,31,https://litteraturbanken.se/författare/EhrenborgAF
styrka,EhrenborgPosseB,1870,28,https://litteraturbanken.se/författare/EhrenborgPosseB
styrka,EhrnroothA,1860,8,https://litteraturbanken.se/författare/EhrnroothA
styrka,EhrnroothA,1870,10,https://litteraturbanken.se/författare/EhrnroothA
styrka,EhrnroothA,1880,6,https://litteraturbanken.se/författare/EhrnroothA
styrka,EhrnroothA,1890,3,https://litteraturbanken.se/författare/EhrnroothA
styrka,EichhornC,1870,3,https://litteraturbanken.se/författare/EichhornC
styrka,EjsermanJS,1840,3,https://litteraturbanken.se/författare/EjsermanJS
styrka,EkK,1910,18,https://litteraturbanken.se/författare/EkK
styrka,EkK,1920,1,https://litteraturbanken.se/författare/EkK
styrka,EkbohrnCM,1850,15,https://litteraturbanken.se/författare/EkbohrnCM
styrka,EkbohrnCM,1860,3,https://litteraturbanken.se/författare/EkbohrnCM
styrka,EkebladKJ,1870,1,https://litteraturbanken.se/författare/EkebladKJ
styrka,EkebohmD,1870,1,https://litteraturbanken.se/författare/EkebohmD
styrka,EkelundJ,1840,3,https://litteraturbanken.se/författare/EkelundJ
styrka,EkelundV,1900,14,https://litteraturbanken.se/författare/EkelundV
styrka,EkelundV,1910,75,https://litteraturbanken.se/författare/EkelundV
styrka,EkelundV,1920,82,https://litteraturbanken.se/författare/EkelundV
styrka,EkelundV,1930,147,https://litteraturbanken.se/författare/EkelundV
styrka,EkelundV,1940,69,https://litteraturbanken.se/författare/EkelundV
styrka,EkermannA,1880,49,https://litteraturbanken.se/författare/EkermannA
styrka,EkerotHj,1880,5,https://litteraturbanken.se/författare/EkerotHj
styrka,EkerotHj,1890,11,https://litteraturbanken.se/författare/EkerotHj
styrka,EkevallAF,1890,1,https://litteraturbanken.se/författare/EkevallAF
styrka,EklundRR,1910,6,https://litteraturbanken.se/författare/EklundRR
styrka,EkmanE,1890,5,https://litteraturbanken.se/författare/EkmanE
styrka,EkmanL,1910,3,https://litteraturbanken.se/författare/EkmanL
styrka,EkmarckCE,1830,31,https://litteraturbanken.se/författare/EkmarckCE
styrka,EkmarckLA,1850,7,https://litteraturbanken.se/författare/EkmarckLA
styrka,EkströmCO,1860,13,https://litteraturbanken.se/författare/Ekstr%C3%B6mCO
styrka,EkströmCO,1870,15,https://litteraturbanken.se/författare/Ekstr%C3%B6mCO
styrka,EkströmCO,1880,1,https://litteraturbanken.se/författare/Ekstr%C3%B6mCO
styrka,EkströmFA,1870,1,https://litteraturbanken.se/författare/Ekstr%C3%B6mFA
styrka,EkströmHE,1840,9,https://litteraturbanken.se/författare/Ekstr%C3%B6mHE
styrka,EkströmHE,1880,1,https://litteraturbanken.se/författare/Ekstr%C3%B6mHE
styrka,ElgenstiernaG,1920,11,https://litteraturbanken.se/författare/ElgenstiernaG
styrka,ElgenstiernaG,1930,41,https://litteraturbanken.se/författare/ElgenstiernaG
styrka,ElgströmO,1920,14,https://litteraturbanken.se/författare/Elgstr%C3%B6mO
styrka,ElkanS,1880,3,https://litteraturbanken.se/författare/ElkanS
styrka,ElkanS,1890,9,https://litteraturbanken.se/författare/ElkanS
styrka,ElkanS,1900,10,https://litteraturbanken.se/författare/ElkanS
styrka,ElkanS,1910,8,https://litteraturbanken.se/författare/ElkanS
styrka,ElmbladM,1870,2,https://litteraturbanken.se/författare/ElmbladM
styrka,ElmbladM,1880,11,https://litteraturbanken.se/författare/ElmbladM
styrka,ElmbladS,1890,10,https://litteraturbanken.se/författare/ElmbladS
styrka,ElmbladhA,1900,1,https://litteraturbanken.se/författare/ElmbladhA
styrka,EmanuelssonV,1890,12,https://litteraturbanken.se/författare/EmanuelssonV
styrka,EmanuelssonV,1900,3,https://litteraturbanken.se/författare/EmanuelssonV
styrka,EnanderJA,1890,10,https://litteraturbanken.se/författare/EnanderJA
styrka,EnbomPU,1790,9,https://litteraturbanken.se/författare/EnbomPU
styrka,EnerothC,1880,27,https://litteraturbanken.se/författare/EnerothC
styrka,EnerothC,1890,25,https://litteraturbanken.se/författare/EnerothC
styrka,EnerothC,1900,50,https://litteraturbanken.se/författare/EnerothC
styrka,EnerothO,1860,2,https://litteraturbanken.se/författare/EnerothO
styrka,EnerothO,1880,5,https://litteraturbanken.se/författare/EnerothO
styrka,EngbomJF,1900,1,https://litteraturbanken.se/författare/EngbomJF
styrka,EngdahlA,1910,5,https://litteraturbanken.se/författare/EngdahlA
styrka,EngelkeW,1890,2,https://litteraturbanken.se/författare/EngelkeW
styrka,EngströmA,1900,10,https://litteraturbanken.se/författare/Engstr%C3%B6mA
styrka,EngströmA,1910,6,https://litteraturbanken.se/författare/Engstr%C3%B6mA
styrka,EngströmAgnes,1840,2,https://litteraturbanken.se/författare/Engstr%C3%B6mAgnes
styrka,EngströmJ,1830,14,https://litteraturbanken.se/författare/Engstr%C3%B6mJ
styrka,EngströmJ,1840,5,https://litteraturbanken.se/författare/Engstr%C3%B6mJ
styrka,EngströmT,1870,1,https://litteraturbanken.se/författare/Engstr%C3%B6mT
styrka,EnnesBA,1810,30,https://litteraturbanken.se/författare/EnnesBA
styrka,EricssonOA,1850,11,https://litteraturbanken.se/författare/EricssonOA
styrka,ErikssonEG,1880,10,https://litteraturbanken.se/författare/ErikssonEG
styrka,EsselinH,1880,5,https://litteraturbanken.se/författare/EsselinH
styrka,EssenG,1870,2,https://litteraturbanken.se/författare/EssenG
styrka,EssenJA,1840,3,https://litteraturbanken.se/författare/EssenJA
styrka,EversE,1880,3,https://litteraturbanken.se/författare/EversE
styrka,FahlcrantzAM,1850,5,https://litteraturbanken.se/författare/FahlcrantzAM
styrka,FahlgrénCI,1850,3,https://litteraturbanken.se/författare/Fahlgr%C3%A9nCI
styrka,FahlstedtA,1890,6,https://litteraturbanken.se/författare/FahlstedtA
styrka,FalkH,1890,16,https://litteraturbanken.se/författare/FalkH
styrka,FalkH,1900,4,https://litteraturbanken.se/författare/FalkH
styrka,FalkmanC,1860,5,https://litteraturbanken.se/författare/FalkmanC
styrka,FallströmD,1880,10,https://litteraturbanken.se/författare/Fallstr%C3%B6mD
styrka,FallströmD,1890,3,https://litteraturbanken.se/författare/Fallstr%C3%B6mD
styrka,FantJE,1840,20,https://litteraturbanken.se/författare/FantJE
styrka,FeilitzenO,1840,13,https://litteraturbanken.se/författare/FeilitzenO
styrka,FeilitzenO,1870,2,https://litteraturbanken.se/författare/FeilitzenO
styrka,FeilitzenU,1870,18,https://litteraturbanken.se/författare/FeilitzenU
styrka,FersenAvon,1800,2,https://litteraturbanken.se/författare/FersenAvon
styrka,FeukCGT,1890,4,https://litteraturbanken.se/författare/FeukCGT
styrka,FischerT,1890,6,https://litteraturbanken.se/författare/FischerT
styrka,FitinghoffL,1890,1,https://litteraturbanken.se/författare/FitinghoffL
styrka,FitinghoffL,1900,2,https://litteraturbanken.se/författare/FitinghoffL
styrka,FitinghoffL,1910,1,https://litteraturbanken.se/författare/FitinghoffL
styrka,FitzgeraldFS,1940,1,https://litteraturbanken.se/författare/FitzgeraldFS
styrka,FlinkA,1890,1,https://litteraturbanken.se/författare/FlinkA
styrka,FlodmanA,1860,28,https://litteraturbanken.se/författare/FlodmanA
styrka,FlodmanA,1870,32,https://litteraturbanken.se/författare/FlodmanA
styrka,FlygareCarlénE,1830,52,https://litteraturbanken.se/författare/FlygareCarl%C3%A9nE
styrka,FlygareCarlénE,1840,305,https://litteraturbanken.se/författare/FlygareCarl%C3%A9nE
styrka,FlygareCarlénE,1850,74,https://litteraturbanken.se/författare/FlygareCarl%C3%A9nE
styrka,FlygareCarlénE,1860,57,https://litteraturbanken.se/författare/FlygareCarl%C3%A9nE
styrka,FlygareCarlénE,1870,21,https://litteraturbanken.se/författare/FlygareCarl%C3%A9nE
styrka,FlygareCarlénE,1880,30,https://litteraturbanken.se/författare/FlygareCarl%C3%A9nE
styrka,FlygareE,1850,2,https://litteraturbanken.se/författare/FlygareE
styrka,FlygareE,1860,3,https://litteraturbanken.se/författare/FlygareE
styrka,FogelholmA,1890,1,https://litteraturbanken.se/författare/FogelholmA
styrka,FogelqvistT,1920,4,https://litteraturbanken.se/författare/FogelqvistT
styrka,FornellBE,1840,27,https://litteraturbanken.se/författare/FornellBE
styrka,FornellBE,1850,74,https://litteraturbanken.se/författare/FornellBE
styrka,ForsmanKF,1880,1,https://litteraturbanken.se/författare/ForsmanKF
styrka,ForsmanKF,1890,1,https://litteraturbanken.se/författare/ForsmanKF
styrka,ForssbergEA,1880,4,https://litteraturbanken.se/författare/ForssbergEA
styrka,ForssellDC,1820,5,https://litteraturbanken.se/författare/ForssellDC
styrka,ForssellE,1890,5,https://litteraturbanken.se/författare/ForssellE
styrka,ForsslundKE,1890,7,https://litteraturbanken.se/författare/ForsslundKE
styrka,ForsslundKE,1900,15,https://litteraturbanken.se/författare/ForsslundKE
styrka,ForssmanE,1880,9,https://litteraturbanken.se/författare/ForssmanE
styrka,ForssmanE,1890,39,https://litteraturbanken.se/författare/ForssmanE
styrka,ForssmanE,1900,6,https://litteraturbanken.se/författare/ForssmanE
styrka,FrankS,1890,14,https://litteraturbanken.se/författare/FrankS
styrka,FranzénFM,1810,18,https://litteraturbanken.se/författare/Franz%C3%A9nFM
styrka,FranzénFM,1830,49,https://litteraturbanken.se/författare/Franz%C3%A9nFM
styrka,FranzénFM,1840,4,https://litteraturbanken.se/författare/Franz%C3%A9nFM
styrka,FranzénFM,1850,8,https://litteraturbanken.se/författare/Franz%C3%A9nFM
styrka,FredbergCRA,1910,6,https://litteraturbanken.se/författare/FredbergCRA
styrka,FredinE,1880,4,https://litteraturbanken.se/författare/FredinE
styrka,FredinE,1890,10,https://litteraturbanken.se/författare/FredinE
styrka,FrimanJC,1850,20,https://litteraturbanken.se/författare/FrimanJC
styrka,FrimanJC,1860,5,https://litteraturbanken.se/författare/FrimanJC
styrka,FrykholmS,1890,3,https://litteraturbanken.se/författare/FrykholmS
styrka,FryxellA,1880,6,https://litteraturbanken.se/författare/FryxellA
styrka,FryxellF,1840,2,https://litteraturbanken.se/författare/FryxellF
styrka,FryxellO,1830,16,https://litteraturbanken.se/författare/FryxellO
styrka,FrödingG,1890,13,https://litteraturbanken.se/författare/Fr%C3%B6dingG
styrka,FröléenJF,1830,2,https://litteraturbanken.se/författare/Fr%C3%B6l%C3%A9enJF
styrka,FuruhjelmAL,1870,1,https://litteraturbanken.se/författare/FuruhjelmAL
styrka,FuruhjelmM,1870,2,https://litteraturbanken.se/författare/FuruhjelmM
styrka,FuruhjelmM,1890,4,https://litteraturbanken.se/författare/FuruhjelmM
styrka,FåhræusOI,1860,1,https://litteraturbanken.se/författare/F%C3%A5hr%C3%A6usOI
styrka,GadeliusB,1900,5,https://litteraturbanken.se/författare/GadeliusB
styrka,GadeliusB,1910,2,https://litteraturbanken.se/författare/GadeliusB
styrka,GeijerEG,1810,3,https://litteraturbanken.se/författare/GeijerEG
styrka,GeijerEG,1830,12,https://litteraturbanken.se/författare/GeijerEG
styrka,GeijerEG,1840,15,https://litteraturbanken.se/författare/GeijerEG
styrka,GeijerEG,1850,237,https://litteraturbanken.se/författare/GeijerEG
styrka,GeijerEG,1920,11,https://litteraturbanken.se/författare/GeijerEG
styrka,GeijerstamG,1880,39,https://litteraturbanken.se/författare/GeijerstamG
styrka,GeijerstamG,1890,84,https://litteraturbanken.se/författare/GeijerstamG
styrka,GeijerstamG,1900,8,https://litteraturbanken.se/författare/GeijerstamG
styrka,GellerstedtAT,1900,1,https://litteraturbanken.se/författare/GellerstedtAT
styrka,GernandtClaineJ,1890,15,https://litteraturbanken.se/författare/GernandtClaineJ
styrka,GernandtClaineJ,1900,1,https://litteraturbanken.se/författare/GernandtClaineJ
styrka,GestrinM,1860,12,https://litteraturbanken.se/författare/GestrinM
styrka,GestrinM,1870,2,https://litteraturbanken.se/författare/GestrinM
styrka,GetheC,1850,16,https://litteraturbanken.se/författare/GetheC
styrka,GiertzT,1890,2,https://litteraturbanken.se/författare/GiertzT
styrka,GilleE,1910,10,https://litteraturbanken.se/författare/GilleE
styrka,GleerupN,1880,1,https://litteraturbanken.se/författare/GleerupN
styrka,GoetheJW,1900,3,https://litteraturbanken.se/författare/GoetheJW
styrka,GoveniusLJ,1850,17,https://litteraturbanken.se/författare/GoveniusLJ
styrka,GoveniusLJ,1860,27,https://litteraturbanken.se/författare/GoveniusLJ
styrka,GoveniusLJ,1870,12,https://litteraturbanken.se/författare/GoveniusLJ
styrka,GoveniusLJ,1880,29,https://litteraturbanken.se/författare/GoveniusLJ
styrka,GoveniusLJ,1890,3,https://litteraturbanken.se/författare/GoveniusLJ
styrka,GrafströmF,1880,14,https://litteraturbanken.se/författare/Grafstr%C3%B6mF
styrka,GranathW,1890,694,https://litteraturbanken.se/författare/GranathW
styrka,GranathW,1900,37,https://litteraturbanken.se/författare/GranathW
styrka,GranbergJ,1890,3,https://litteraturbanken.se/författare/GranbergJ
styrka,GranbergPA,1800,10,https://litteraturbanken.se/författare/GranbergPA
styrka,GranbergPA,1810,4,https://litteraturbanken.se/författare/GranbergPA
styrka,GranbergR,1890,1,https://litteraturbanken.se/författare/GranbergR
styrka,GranholmJ,1890,16,https://litteraturbanken.se/författare/GranholmJ
styrka,GravalliusDE,1840,4,https://litteraturbanken.se/författare/GravalliusDE
styrka,GravalliusW,1840,21,https://litteraturbanken.se/författare/GravalliusW
styrka,GravalliusW,1860,22,https://litteraturbanken.se/författare/GravalliusW
styrka,GravalliusW,1870,21,https://litteraturbanken.se/författare/GravalliusW
styrka,GravalliusW,1880,23,https://litteraturbanken.se/författare/GravalliusW
styrka,GravalliusW,1890,27,https://litteraturbanken.se/författare/GravalliusW
styrka,GravanderLF,1830,3,https://litteraturbanken.se/författare/GravanderLF
styrka,GrebstWA,1900,1,https://litteraturbanken.se/författare/GrebstWA
styrka,GrebstWA,1910,3,https://litteraturbanken.se/författare/GrebstWA
styrka,GrimmJ,1890,6,https://litteraturbanken.se/författare/GrimmJ
styrka,GripenbergA,1880,5,https://litteraturbanken.se/författare/GripenbergA
styrka,GripenhielmC,1830,1,https://litteraturbanken.se/författare/GripenhielmC
styrka,GrubbeS,1830,1,https://litteraturbanken.se/författare/GrubbeS
styrka,GråberghO,1860,1,https://litteraturbanken.se/författare/Gr%C3%A5berghO
styrka,GrönstedtJ,1880,3,https://litteraturbanken.se/författare/Gr%C3%B6nstedtJ
styrka,GrönstedtJ,1890,3,https://litteraturbanken.se/författare/Gr%C3%B6nstedtJ
styrka,GrönwallW,1840,14,https://litteraturbanken.se/författare/Gr%C3%B6nwallW
styrka,GullbergG,1880,1,https://litteraturbanken.se/författare/GullbergG
styrka,GullbrandssenE,1860,11,https://litteraturbanken.se/författare/GullbrandssenE
styrka,GumæliusGW,1860,3,https://litteraturbanken.se/författare/Gum%C3%A6liusGW
styrka,GustafIII,1800,7,https://litteraturbanken.se/författare/GustafIII
styrka,GustafssonR,1860,10,https://litteraturbanken.se/författare/GustafssonR
styrka,GustafssonR,1870,16,https://litteraturbanken.se/författare/GustafssonR
styrka,GustafssonR,1880,6,https://litteraturbanken.se/författare/GustafssonR
styrka,GylanderEK,1840,4,https://litteraturbanken.se/författare/GylanderEK
styrka,GyllenborgGF,1800,1,https://litteraturbanken.se/författare/GyllenborgGF
styrka,GyllenborgGF,1880,22,https://litteraturbanken.se/författare/GyllenborgGF
styrka,GyllenhaalA,1880,16,https://litteraturbanken.se/författare/GyllenhaalA
styrka,GyntherOF,1830,5,https://litteraturbanken.se/författare/GyntherOF
styrka,GällstedtPJ,1840,2,https://litteraturbanken.se/författare/G%C3%A4llstedtPJ
styrka,GällstedtPJ,1850,4,https://litteraturbanken.se/författare/G%C3%A4llstedtPJ
styrka,GérardJII,1870,15,https://litteraturbanken.se/författare/G%C3%A9rardJII
styrka,GödeckePA,1860,3,https://litteraturbanken.se/författare/G%C3%B6deckePA
styrka,GödeckePA,1870,2,https://litteraturbanken.se/författare/G%C3%B6deckePA
styrka,GöranssonZ,1850,6,https://litteraturbanken.se/författare/G%C3%B6ranssonZ
styrka,GötbergR,1860,4,https://litteraturbanken.se/författare/G%C3%B6tbergR
styrka,GötlindJ,1920,1,https://litteraturbanken.se/författare/G%C3%B6tlindJ
styrka,HackzellE,1830,3,https://litteraturbanken.se/författare/HackzellE
styrka,HackzellE,1840,1,https://litteraturbanken.se/författare/HackzellE
styrka,HackzellE,1860,26,https://litteraturbanken.se/författare/HackzellE
styrka,HackzellE,1880,1,https://litteraturbanken.se/författare/HackzellE
styrka,HackzellE,1890,14,https://litteraturbanken.se/författare/HackzellE
styrka,HagbergCA,1830,8,https://litteraturbanken.se/författare/HagbergCA
styrka,HagbergFT,1870,1,https://litteraturbanken.se/författare/HagbergFT
styrka,HagbergT,1860,3,https://litteraturbanken.se/författare/HagbergT
styrka,HagströmPA,1860,1,https://litteraturbanken.se/författare/Hagstr%C3%B6mPA
styrka,HagströmT,1960,1,https://litteraturbanken.se/författare/Hagstr%C3%B6mT
styrka,HahnC,1890,6,https://litteraturbanken.se/författare/HahnC
styrka,HallbäckH,1880,3,https://litteraturbanken.se/författare/Hallb%C3%A4ckH
styrka,HallenborgECFFL,1850,4,https://litteraturbanken.se/författare/HallenborgECFFL
styrka,HallmanA,1860,4,https://litteraturbanken.se/författare/HallmanA
styrka,HallonlöfA,1880,3,https://litteraturbanken.se/författare/Hallonl%C3%B6fA
styrka,HallénB,1890,8,https://litteraturbanken.se/författare/Hall%C3%A9nB
styrka,HammargrenT,1890,1,https://litteraturbanken.se/författare/HammargrenT
styrka,HammarinJ,1840,14,https://litteraturbanken.se/författare/HammarinJ
styrka,HammarsköldC,1890,1,https://litteraturbanken.se/författare/Hammarsk%C3%B6ldC
styrka,HammarströmAA,1830,1,https://litteraturbanken.se/författare/Hammarstr%C3%B6mAA
styrka,HanselliP,1840,7,https://litteraturbanken.se/författare/HanselliP
styrka,HanselliP,1860,31,https://litteraturbanken.se/författare/HanselliP
styrka,HanselliP,1870,4,https://litteraturbanken.se/författare/HanselliP
styrka,HanssonO,1880,4,https://litteraturbanken.se/författare/HanssonO
styrka,HanssonO,1890,10,https://litteraturbanken.se/författare/HanssonO
styrka,HanssonO,1900,1,https://litteraturbanken.se/författare/HanssonO
styrka,HanssonO,1910,4,https://litteraturbanken.se/författare/HanssonO
styrka,HansénM,1880,2,https://litteraturbanken.se/författare/Hans%C3%A9nM
styrka,HarrisonMSLK,1900,18,https://litteraturbanken.se/författare/HarrisonMSLK
styrka,HarteliusTJ,1890,3,https://litteraturbanken.se/författare/HarteliusTJ
styrka,HasselbergS,1860,2,https://litteraturbanken.se/författare/HasselbergS
styrka,HasselgrenA,1880,4,https://litteraturbanken.se/författare/HasselgrenA
styrka,HasselskogN,1930,3,https://litteraturbanken.se/författare/HasselskogN
styrka,HazeliusA,1870,13,https://litteraturbanken.se/författare/HazeliusA
styrka,HebbeW,1840,7,https://litteraturbanken.se/författare/HebbeW
styrka,HebbeW,1850,7,https://litteraturbanken.se/författare/HebbeW
styrka,HebbeW,1870,5,https://litteraturbanken.se/författare/HebbeW
styrka,HedbergF,1850,7,https://litteraturbanken.se/författare/HedbergF
styrka,HedbergF,1860,21,https://litteraturbanken.se/författare/HedbergF
styrka,HedbergF,1870,20,https://litteraturbanken.se/författare/HedbergF
styrka,HedbergF,1880,24,https://litteraturbanken.se/författare/HedbergF
styrka,HedbergF,1890,21,https://litteraturbanken.se/författare/HedbergF
styrka,HedbergF,1910,3,https://litteraturbanken.se/författare/HedbergF
styrka,HedbergT,1880,25,https://litteraturbanken.se/författare/HedbergT
styrka,HedbergT,1890,10,https://litteraturbanken.se/författare/HedbergT
styrka,HedbornS,1830,6,https://litteraturbanken.se/författare/HedbornS
styrka,HedenstiernaA,1880,18,https://litteraturbanken.se/författare/HedenstiernaA
styrka,HedenstiernaA,1890,34,https://litteraturbanken.se/författare/HedenstiernaA
styrka,HedenstiernaA,1900,10,https://litteraturbanken.se/författare/HedenstiernaA
styrka,HedinS,1900,14,https://litteraturbanken.se/författare/HedinS
styrka,HedinS,1910,29,https://litteraturbanken.se/författare/HedinS
styrka,HedlundH,1870,1,https://litteraturbanken.se/författare/HedlundH
styrka,HedlundSA,1850,4,https://litteraturbanken.se/författare/HedlundSA
styrka,HedvallY,1910,4,https://litteraturbanken.se/författare/HedvallY
styrka,HedvallY,1920,8,https://litteraturbanken.se/författare/HedvallY
styrka,HedvallY,1930,6,https://litteraturbanken.se/författare/HedvallY
styrka,HedvallY,1940,3,https://litteraturbanken.se/författare/HedvallY
styrka,HedvigElisabetCharlotta,1890,1,https://litteraturbanken.se/författare/HedvigElisabetCharlotta
styrka,HeidenstamV,1880,4,https://litteraturbanken.se/författare/HeidenstamV
styrka,HeidenstamV,1890,22,https://litteraturbanken.se/författare/HeidenstamV
styrka,HeidenstamV,1900,34,https://litteraturbanken.se/författare/HeidenstamV
styrka,HeidenstamV,1910,15,https://litteraturbanken.se/författare/HeidenstamV
styrka,HellbergJC,1830,1,https://litteraturbanken.se/författare/HellbergJC
styrka,HellbergJC,1860,1,https://litteraturbanken.se/författare/HellbergJC
styrka,HelvigA,1910,6,https://litteraturbanken.se/författare/HelvigA
styrka,HemgrenK,1880,5,https://litteraturbanken.se/författare/HemgrenK
styrka,HemmerJ,1910,2,https://litteraturbanken.se/författare/HemmerJ
styrka,HemmerJ,1920,3,https://litteraturbanken.se/författare/HemmerJ
styrka,HenrikssonJ,1910,10,https://litteraturbanken.se/författare/HenrikssonJ
styrka,HermelinE,1940,4,https://litteraturbanken.se/författare/HermelinE
styrka,HermelinOyngre,1880,8,https://litteraturbanken.se/författare/HermelinOyngre
styrka,HermelinOyngre,1890,2,https://litteraturbanken.se/författare/HermelinOyngre
styrka,HernlundH,1880,31,https://litteraturbanken.se/författare/HernlundH
styrka,HerslowGA,1870,14,https://litteraturbanken.se/författare/HerslowGA
styrka,HertzbergR,1870,2,https://litteraturbanken.se/författare/HertzbergR
styrka,HertzbergR,1880,11,https://litteraturbanken.se/författare/HertzbergR
styrka,HertzbergR,1890,11,https://litteraturbanken.se/författare/HertzbergR
styrka,HildebrandA,1880,12,https://litteraturbanken.se/författare/HildebrandA
styrka,HildebrandH,1870,1,https://litteraturbanken.se/författare/HildebrandH
styrka,HjelmR,1890,13,https://litteraturbanken.se/författare/HjelmR
styrka,HjelmqvistT,1890,6,https://litteraturbanken.se/författare/HjelmqvistT
styrka,HjertaG,1830,3,https://litteraturbanken.se/författare/HjertaG
styrka,HjohlmanHj,1880,4,https://litteraturbanken.se/författare/HjohlmanHj
styrka,HjorthE,1890,1,https://litteraturbanken.se/författare/HjorthE
styrka,HjärneR,1880,2,https://litteraturbanken.se/författare/Hj%C3%A4rneR
styrka,HodellF,1870,2,https://litteraturbanken.se/författare/HodellF
styrka,HoffmannF,1870,7,https://litteraturbanken.se/författare/HoffmannF
styrka,HofstenJC,1860,15,https://litteraturbanken.se/författare/HofstenJC
styrka,HofstenJC,1870,2,https://litteraturbanken.se/författare/HofstenJC
styrka,HofstenJC,1880,9,https://litteraturbanken.se/författare/HofstenJC
styrka,HofstenJC,1890,22,https://litteraturbanken.se/författare/HofstenJC
styrka,HollanderSA,1840,2,https://litteraturbanken.se/författare/HollanderSA
styrka,HolmbergPE,1880,1,https://litteraturbanken.se/författare/HolmbergPE
styrka,HolmgrenAM,1890,9,https://litteraturbanken.se/författare/HolmgrenAM
styrka,HolmgrenF,1890,15,https://litteraturbanken.se/författare/HolmgrenF
styrka,HolmströmCFA,1840,1,https://litteraturbanken.se/författare/Holmstr%C3%B6mCFA
styrka,HortlingI,1920,5,https://litteraturbanken.se/författare/HortlingI
styrka,HovingF,1910,2,https://litteraturbanken.se/författare/HovingF
styrka,HovingIW,1830,4,https://litteraturbanken.se/författare/HovingIW
styrka,HuldbergPU,1830,2,https://litteraturbanken.se/författare/HuldbergPU
styrka,HulthénJ,1890,1,https://litteraturbanken.se/författare/Hulth%C3%A9nJ
styrka,HultinC,1840,26,https://litteraturbanken.se/författare/HultinC
styrka,HumbleJ,1870,2,https://litteraturbanken.se/författare/HumbleJ
styrka,HussE,1870,3,https://litteraturbanken.se/författare/HussE
styrka,HwasserD,1860,3,https://litteraturbanken.se/författare/HwasserD
styrka,HwasserI,1840,6,https://litteraturbanken.se/författare/HwasserI
styrka,HwasserI,1850,14,https://litteraturbanken.se/författare/HwasserI
styrka,HydénN,1890,50,https://litteraturbanken.se/författare/Hyd%C3%A9nN
styrka,HydénN,1900,31,https://litteraturbanken.se/författare/Hyd%C3%A9nN
styrka,HylténCavalliusGO,1850,3,https://litteraturbanken.se/författare/Hylt%C3%A9nCavalliusGO
styrka,HylténCavalliusGO,1870,4,https://litteraturbanken.se/författare/Hylt%C3%A9nCavalliusGO
styrka,HägerströmA,1890,3,https://litteraturbanken.se/författare/H%C3%A4gerstr%C3%B6mA
styrka,HässlerO,1880,16,https://litteraturbanken.se/författare/H%C3%A4sslerO
styrka,HäthénJA,1890,2,https://litteraturbanken.se/författare/H%C3%A4th%C3%A9nJA
styrka,HögbergO,1900,55,https://litteraturbanken.se/författare/H%C3%B6gbergO
styrka,HöggrenF,1840,5,https://litteraturbanken.se/författare/H%C3%B6ggrenF
styrka,HögmanA,1890,5,https://litteraturbanken.se/författare/H%C3%B6gmanA
styrka,HöijerB,1790,2,https://litteraturbanken.se/författare/H%C3%B6ijerB
styrka,HöijerJL,1840,5,https://litteraturbanken.se/författare/H%C3%B6ijerJL
styrka,HöijerJL,1870,1,https://litteraturbanken.se/författare/H%C3%B6ijerJL
styrka,HöpkenAJvon,1800,3,https://litteraturbanken.se/författare/H%C3%B6pkenAJvon
styrka,HülphersAA,1880,1,https://litteraturbanken.se/författare/H%C3%BClphersAA
styrka,IbsenH,1870,26,https://litteraturbanken.se/författare/IbsenH
styrka,IbsenH,1880,5,https://litteraturbanken.se/författare/IbsenH
styrka,IdstromE,1890,9,https://litteraturbanken.se/författare/IdstromE
styrka,IndebetouH,1890,4,https://litteraturbanken.se/författare/IndebetouH
styrka,IngeliusAG,1840,8,https://litteraturbanken.se/författare/IngeliusAG
styrka,IngeliusAG,1850,67,https://litteraturbanken.se/författare/IngeliusAG
styrka,IngelmanGG,1820,3,https://litteraturbanken.se/författare/IngelmanGG
styrka,IngelmanGG,1830,5,https://litteraturbanken.se/författare/IngelmanGG
styrka,IngelmanGG,1840,8,https://litteraturbanken.se/författare/IngelmanGG
styrka,IvendorffCJ,1840,11,https://litteraturbanken.se/författare/IvendorffCJ
styrka,JacobsonHarald,1890,14,https://litteraturbanken.se/författare/JacobsonHarald
styrka,JacobssonCF,1820,8,https://litteraturbanken.se/författare/JacobssonCF
styrka,JacobssonCF,1830,12,https://litteraturbanken.se/författare/JacobssonCF
styrka,JacobssonJT,1880,15,https://litteraturbanken.se/författare/JacobssonJT
styrka,JahnssonEF,1870,7,https://litteraturbanken.se/författare/JahnssonEF
styrka,JahnssonEF,1880,4,https://litteraturbanken.se/författare/JahnssonEF
styrka,JamesD,1880,22,https://litteraturbanken.se/författare/JamesD
styrka,JansonB,1880,2,https://litteraturbanken.se/författare/JansonB
styrka,JansonB,1890,14,https://litteraturbanken.se/författare/JansonB
styrka,JansonB,1900,6,https://litteraturbanken.se/författare/JansonB
styrka,JansonG,1890,24,https://litteraturbanken.se/författare/JansonG
styrka,JanssonLE,1900,1,https://litteraturbanken.se/författare/JanssonLE
styrka,JanzonG,1850,3,https://litteraturbanken.se/författare/JanzonG
styrka,JensenA,1890,4,https://litteraturbanken.se/författare/JensenA
styrka,JohansonK,1900,3,https://litteraturbanken.se/författare/JohansonK
styrka,JohansonK,1940,8,https://litteraturbanken.se/författare/JohansonK
styrka,JohansonO,1880,1,https://litteraturbanken.se/författare/JohansonO
styrka,JohanssonAMCJ,1900,1,https://litteraturbanken.se/författare/JohanssonAMCJ
styrka,JohanssonDickensSJJ,1870,3,https://litteraturbanken.se/författare/JohanssonDickensSJJ
styrka,JohanssonJ,1900,4,https://litteraturbanken.se/författare/JohanssonJ
styrka,JohanssonK,1900,5,https://litteraturbanken.se/författare/JohanssonK
styrka,JohnsonJ,1880,1,https://litteraturbanken.se/författare/JohnsonJ
styrka,JohnsonJ,1890,17,https://litteraturbanken.se/författare/JohnsonJ
styrka,JohnsonJ,1900,1,https://litteraturbanken.se/författare/JohnsonJ
styrka,JolinE,1910,5,https://litteraturbanken.se/författare/JolinE
styrka,JolinJ,1860,25,https://litteraturbanken.se/författare/JolinJ
styrka,JolinJ,1870,15,https://litteraturbanken.se/författare/JolinJ
styrka,JolinJ,1880,27,https://litteraturbanken.se/författare/JolinJ
styrka,JolinJ,1890,22,https://litteraturbanken.se/författare/JolinJ
styrka,JolinJ,1920,8,https://litteraturbanken.se/författare/JolinJ
styrka,JonssonHJB,1890,1,https://litteraturbanken.se/författare/JonssonHJB
styrka,JonssonT,1930,1,https://litteraturbanken.se/författare/JonssonT
styrka,JonssonT,1940,8,https://litteraturbanken.se/författare/JonssonT
styrka,JonssonT,1950,2,https://litteraturbanken.se/författare/JonssonT
styrka,JosephsonL,1870,4,https://litteraturbanken.se/författare/JosephsonL
styrka,JosephsonL,1890,10,https://litteraturbanken.se/författare/JosephsonL
styrka,JouvinM,1890,1,https://litteraturbanken.se/författare/JouvinM
styrka,JunghansS,1870,1,https://litteraturbanken.se/författare/JunghansS
styrka,JuringiusJP,1850,1,https://litteraturbanken.se/författare/JuringiusJP
styrka,JuringiusSM,1860,5,https://litteraturbanken.se/författare/JuringiusSM
styrka,JäderinA,1870,5,https://litteraturbanken.se/författare/J%C3%A4derinA
styrka,JäderinA,1890,1,https://litteraturbanken.se/författare/J%C3%A4derinA
styrka,JändelR,1910,2,https://litteraturbanken.se/författare/J%C3%A4ndelR
styrka,JändelR,1920,6,https://litteraturbanken.se/författare/J%C3%A4ndelR
styrka,JändelR,1930,3,https://litteraturbanken.se/författare/J%C3%A4ndelR
styrka,JärtaH,1890,2,https://litteraturbanken.se/författare/J%C3%A4rtaH
styrka,JænischA,1890,3,https://litteraturbanken.se/författare/J%C3%A6nischA
styrka,KahlsonG,1860,1,https://litteraturbanken.se/författare/KahlsonG
styrka,KahlsonG,1870,1,https://litteraturbanken.se/författare/KahlsonG
styrka,KahlsonG,1880,8,https://litteraturbanken.se/författare/KahlsonG
styrka,KamkeH,1890,4,https://litteraturbanken.se/författare/KamkeH
styrka,KantzowEBSG,1890,1,https://litteraturbanken.se/författare/KantzowEBSG
styrka,KaradjaM,1890,1,https://litteraturbanken.se/författare/KaradjaM
styrka,KaradjaM,1900,2,https://litteraturbanken.se/författare/KaradjaM
styrka,KarlXV,1850,9,https://litteraturbanken.se/författare/KarlXV
styrka,KarlXV,1860,14,https://litteraturbanken.se/författare/KarlXV
styrka,KarlfeldtEA,1890,2,https://litteraturbanken.se/författare/KarlfeldtEA
styrka,KarlfeldtEA,1900,1,https://litteraturbanken.se/författare/KarlfeldtEA
styrka,KarlfeldtEA,1910,1,https://litteraturbanken.se/författare/KarlfeldtEA
styrka,KarlfeldtEA,1920,2,https://litteraturbanken.se/författare/KarlfeldtEA
styrka,KarlfeldtEA,1930,13,https://litteraturbanken.se/författare/KarlfeldtEA
styrka,KellgrenJH,1790,8,https://litteraturbanken.se/författare/KellgrenJH
styrka,KellgrenJH,1800,8,https://litteraturbanken.se/författare/KellgrenJH
styrka,KellmodinF,1860,11,https://litteraturbanken.se/författare/KellmodinF
styrka,KellmodinF,1870,5,https://litteraturbanken.se/författare/KellmodinF
styrka,KemnerGW,1860,1,https://litteraturbanken.se/författare/KemnerGW
styrka,KerfstedtA,1880,25,https://litteraturbanken.se/författare/KerfstedtA
styrka,KerfstedtA,1890,17,https://litteraturbanken.se/författare/KerfstedtA
styrka,KerfstedtA,1900,5,https://litteraturbanken.se/författare/KerfstedtA
styrka,KerfveA,1890,69,https://litteraturbanken.se/författare/KerfveA
styrka,KerfveA,1900,145,https://litteraturbanken.se/författare/KerfveA
styrka,KernellSE,1830,8,https://litteraturbanken.se/författare/KernellSE
styrka,KeyE,1880,9,https://litteraturbanken.se/författare/KeyE
styrka,KeyE,1890,100,https://litteraturbanken.se/författare/KeyE
styrka,KeyE,1900,29,https://litteraturbanken.se/författare/KeyE
styrka,KeyE,1910,5,https://litteraturbanken.se/författare/KeyE
styrka,KeyG,1870,4,https://litteraturbanken.se/författare/KeyG
styrka,KeyH,1890,4,https://litteraturbanken.se/författare/KeyH
styrka,KeyserHF,1850,16,https://litteraturbanken.se/författare/KeyserHF
styrka,KeyserHF,1870,16,https://litteraturbanken.se/författare/KeyserHF
styrka,KeyserHF,1890,7,https://litteraturbanken.se/författare/KeyserHF
styrka,Kiellman-GöransonJA,1830,1,https://litteraturbanken.se/författare/Kiellman-G%C3%B6ransonJA
styrka,Kiellman-GöransonJA,1840,42,https://litteraturbanken.se/författare/Kiellman-G%C3%B6ransonJA
styrka,Kiellman-GöransonJA,1850,40,https://litteraturbanken.se/författare/Kiellman-G%C3%B6ransonJA
styrka,Kiellman-GöransonJA,1860,31,https://litteraturbanken.se/författare/Kiellman-G%C3%B6ransonJA
styrka,Kiellman-GöransonJA,1870,1,https://litteraturbanken.se/författare/Kiellman-G%C3%B6ransonJA
styrka,KierkegaardS,1910,5,https://litteraturbanken.se/författare/KierkegaardS
styrka,KinbergA,1870,2,https://litteraturbanken.se/författare/KinbergA
styrka,KinninmundtSH,1840,3,https://litteraturbanken.se/författare/KinninmundtSH
styrka,KiplingR,1890,29,https://litteraturbanken.se/författare/KiplingR
styrka,KiplingR,1900,26,https://litteraturbanken.se/författare/KiplingR
styrka,KiplingR,1910,2,https://litteraturbanken.se/författare/KiplingR
styrka,KjellanderEJF,1840,17,https://litteraturbanken.se/författare/KjellanderEJF
styrka,KjellbergI,1860,5,https://litteraturbanken.se/författare/KjellbergI
styrka,KjellbergI,1870,1,https://litteraturbanken.se/författare/KjellbergI
styrka,KjellbergI,1890,3,https://litteraturbanken.se/författare/KjellbergI
styrka,KjellenbergM,1830,11,https://litteraturbanken.se/författare/KjellenbergM
styrka,KjellenbergM,1840,13,https://litteraturbanken.se/författare/KjellenbergM
styrka,KjellgrenJ,1930,28,https://litteraturbanken.se/författare/KjellgrenJ
styrka,KjellinMG,1880,5,https://litteraturbanken.se/författare/KjellinMG
styrka,KjellstedtH,1880,2,https://litteraturbanken.se/författare/KjellstedtH
styrka,KjellstrandJF,1850,2,https://litteraturbanken.se/författare/KjellstrandJF
styrka,KjellénR,1900,1,https://litteraturbanken.se/författare/Kjell%C3%A9nR
styrka,KleenT,1900,9,https://litteraturbanken.se/författare/KleenT
styrka,KlemanE,1900,12,https://litteraturbanken.se/författare/KlemanE
styrka,KlinckowströmA,1890,5,https://litteraturbanken.se/författare/Klinckowstr%C3%B6mA
styrka,KlinckowströmRM,1880,1,https://litteraturbanken.se/författare/Klinckowstr%C3%B6mRM
styrka,KléenE,1890,6,https://litteraturbanken.se/författare/Kl%C3%A9enE
styrka,KnorringS,1830,50,https://litteraturbanken.se/författare/KnorringS
styrka,KnorringS,1840,48,https://litteraturbanken.se/författare/KnorringS
styrka,KnutssonA,1890,3,https://litteraturbanken.se/författare/KnutssonA
styrka,KnösT,1850,3,https://litteraturbanken.se/författare/Kn%C3%B6sT
styrka,KnösT,1860,2,https://litteraturbanken.se/författare/Kn%C3%B6sT
styrka,KochM,1910,44,https://litteraturbanken.se/författare/KochM
styrka,KochR,1860,10,https://litteraturbanken.se/författare/KochR
styrka,KochR,1870,6,https://litteraturbanken.se/författare/KochR
styrka,KochR,1890,7,https://litteraturbanken.se/författare/KochR
styrka,KockCA,1830,2,https://litteraturbanken.se/författare/KockCA
styrka,KrokJP,1830,14,https://litteraturbanken.se/författare/KrokJP
styrka,KronaO,1860,1,https://litteraturbanken.se/författare/KronaO
styrka,KronqvistO,1880,2,https://litteraturbanken.se/författare/KronqvistO
styrka,KrookA,1850,3,https://litteraturbanken.se/författare/KrookA
styrka,KrookA,1860,33,https://litteraturbanken.se/författare/KrookA
styrka,KrookA,1880,6,https://litteraturbanken.se/författare/KrookA
styrka,KrookHS,1860,16,https://litteraturbanken.se/författare/KrookHS
styrka,KrookMax,1880,1,https://litteraturbanken.se/författare/KrookMax
styrka,KruseS,1900,3,https://litteraturbanken.se/författare/KruseS
styrka,KrusenstjernaA,1910,1,https://litteraturbanken.se/författare/KrusenstjernaA
styrka,KrusenstjernaA,1920,18,https://litteraturbanken.se/författare/KrusenstjernaA
styrka,KrusenstjernaA,1930,48,https://litteraturbanken.se/författare/KrusenstjernaA
styrka,KrusenstjernaF,1870,5,https://litteraturbanken.se/författare/KrusenstjernaF
styrka,KræmerARvon,1850,10,https://litteraturbanken.se/författare/Kr%C3%A6merARvon
styrka,KræmerARvon,1860,10,https://litteraturbanken.se/författare/Kr%C3%A6merARvon
styrka,KræmerL,1860,2,https://litteraturbanken.se/författare/Kr%C3%A6merL
styrka,KræmerL,1870,1,https://litteraturbanken.se/författare/Kr%C3%A6merL
styrka,KræmerL,1880,4,https://litteraturbanken.se/författare/Kr%C3%A6merL
styrka,KræmerL,1890,8,https://litteraturbanken.se/författare/Kr%C3%A6merL
styrka,KræmerV,1930,5,https://litteraturbanken.se/författare/Kr%C3%A6merV
styrka,KröningssvärdCG,1840,1,https://litteraturbanken.se/författare/Kr%C3%B6ningssv%C3%A4rdCG
styrka,KullbergKA,1830,19,https://litteraturbanken.se/författare/KullbergKA
styrka,KullbergKA,1840,49,https://litteraturbanken.se/författare/KullbergKA
styrka,KullbergKA,1870,10,https://litteraturbanken.se/författare/KullbergKA
styrka,KullgrenO,1880,2,https://litteraturbanken.se/författare/KullgrenO
styrka,KuylenstiernaE,1890,3,https://litteraturbanken.se/författare/KuylenstiernaE
styrka,KuylenstiernaE,1900,2,https://litteraturbanken.se/författare/KuylenstiernaE
styrka,KvistJ,1880,1,https://litteraturbanken.se/författare/KvistJ
styrka,KällströmA,1890,3,https://litteraturbanken.se/författare/K%C3%A4llstr%C3%B6mA
styrka,KämpeA,1900,8,https://litteraturbanken.se/författare/K%C3%A4mpeA
styrka,KämpeA,1910,14,https://litteraturbanken.se/författare/K%C3%A4mpeA
styrka,KärrströmEJ,1890,6,https://litteraturbanken.se/författare/K%C3%A4rrstr%C3%B6mEJ
styrka,KåhlmanV,1900,4,https://litteraturbanken.se/författare/K%C3%A5hlmanV
styrka,KöhlerE,1890,1,https://litteraturbanken.se/författare/K%C3%B6hlerE
styrka,LagerbringG,1880,8,https://litteraturbanken.se/författare/LagerbringG
styrka,LagergrenC,1880,1,https://litteraturbanken.se/författare/LagergrenC
styrka,LagergrenC,1890,1,https://litteraturbanken.se/författare/LagergrenC
styrka,LagergrenCarl,1880,2,https://litteraturbanken.se/författare/LagergrenCarl
styrka,LagerheimGA,1830,1,https://litteraturbanken.se/författare/LagerheimGA
styrka,LagerhjelmA,1870,6,https://litteraturbanken.se/författare/LagerhjelmA
styrka,LagerlöfH,1890,1,https://litteraturbanken.se/författare/Lagerl%C3%B6fH
styrka,LagerlöfS,1890,27,https://litteraturbanken.se/författare/Lagerl%C3%B6fS
styrka,LagerlöfS,1900,38,https://litteraturbanken.se/författare/Lagerl%C3%B6fS
styrka,LagerlöfS,1910,31,https://litteraturbanken.se/författare/Lagerl%C3%B6fS
styrka,LagerlöfS,1920,14,https://litteraturbanken.se/författare/Lagerl%C3%B6fS
styrka,LagerlöfS,1930,22,https://litteraturbanken.se/författare/Lagerl%C3%B6fS
styrka,LagerlöfS,1940,21,https://litteraturbanken.se/författare/Lagerl%C3%B6fS
styrka,LagerlöfS,2010,15,https://litteraturbanken.se/författare/Lagerl%C3%B6fS
styrka,LagermanJ,1870,1,https://litteraturbanken.se/författare/LagermanJ
styrka,LagerströmS,1890,1,https://litteraturbanken.se/författare/Lagerstr%C3%B6mS
styrka,LagervallJF,1830,7,https://litteraturbanken.se/författare/LagervallJF
styrka,LagusA,1880,3,https://litteraturbanken.se/författare/LagusA
styrka,LagusG,1860,1,https://litteraturbanken.se/författare/LagusG
styrka,LagusG,1870,4,https://litteraturbanken.se/författare/LagusG
styrka,LammM,1930,1,https://litteraturbanken.se/författare/LammM
styrka,LandahlM,1890,2,https://litteraturbanken.se/författare/LandahlM
styrka,LandahlM,1900,10,https://litteraturbanken.se/författare/LandahlM
styrka,LandbergC,1900,1,https://litteraturbanken.se/författare/LandbergC
styrka,LandquistE,1910,9,https://litteraturbanken.se/författare/LandquistE
styrka,LandqvistR,1890,3,https://litteraturbanken.se/författare/LandqvistR
styrka,LangeI,1880,7,https://litteraturbanken.se/författare/LangeI
styrka,LangletM,1890,5,https://litteraturbanken.se/författare/LangletM
styrka,LarssonH,1910,1,https://litteraturbanken.se/författare/LarssonH
styrka,LarssonLeon,1900,2,https://litteraturbanken.se/författare/LarssonLeon
styrka,LaurinCG,1920,1,https://litteraturbanken.se/författare/LaurinCG
styrka,LaurénLL,1860,6,https://litteraturbanken.se/författare/Laur%C3%A9nLL
styrka,LaurénLL,1880,2,https://litteraturbanken.se/författare/Laur%C3%A9nLL
styrka,LavaterJC,1800,2,https://litteraturbanken.se/författare/LavaterJC
styrka,LefflerAC,1860,2,https://litteraturbanken.se/författare/LefflerAC
styrka,LefflerAC,1880,6,https://litteraturbanken.se/författare/LefflerAC
styrka,LefflerAC,1890,3,https://litteraturbanken.se/författare/LefflerAC
styrka,LeisteniusJG,1840,5,https://litteraturbanken.se/författare/LeisteniusJG
styrka,LeisteniusJG,1850,3,https://litteraturbanken.se/författare/LeisteniusJG
styrka,LeisteniusJG,1880,10,https://litteraturbanken.se/författare/LeisteniusJG
styrka,LenngrenAM,1770,1,https://litteraturbanken.se/författare/LenngrenAM
styrka,LenngrenAM,1840,8,https://litteraturbanken.se/författare/LenngrenAM
styrka,LennstrandVE,1880,19,https://litteraturbanken.se/författare/LennstrandVE
styrka,LeopoldCG,1800,10,https://litteraturbanken.se/författare/LeopoldCG
styrka,LeufstedtGJ,1870,8,https://litteraturbanken.se/författare/LeufstedtGJ
styrka,LeufstedtGJ,1880,1,https://litteraturbanken.se/författare/LeufstedtGJ
styrka,LevartJ,1890,9,https://litteraturbanken.se/författare/LevartJ
styrka,LevertinO,1880,5,https://litteraturbanken.se/författare/LevertinO
styrka,LevertinO,1890,32,https://litteraturbanken.se/författare/LevertinO
styrka,LevertinO,1900,20,https://litteraturbanken.se/författare/LevertinO
styrka,LevinCH,1840,7,https://litteraturbanken.se/författare/LevinCH
styrka,LewaldA,1880,16,https://litteraturbanken.se/författare/LewaldA
styrka,LidforssB,1910,1,https://litteraturbanken.se/författare/LidforssB
styrka,LidholmA,1890,1,https://litteraturbanken.se/författare/LidholmA
styrka,LiebesheimJR,1870,1,https://litteraturbanken.se/författare/LiebesheimJR
styrka,LiljaN,1840,4,https://litteraturbanken.se/författare/LiljaN
styrka,LiljaN,1860,5,https://litteraturbanken.se/författare/LiljaN
styrka,LiljegrenJG,1830,1,https://litteraturbanken.se/författare/LiljegrenJG
styrka,LilliecronaCH,1890,1,https://litteraturbanken.se/författare/LilliecronaCH
styrka,LilliestiernaAE,1870,13,https://litteraturbanken.se/författare/LilliestiernaAE
styrka,LilljebjörnE,1890,2,https://litteraturbanken.se/författare/Lilljebj%C3%B6rnE
styrka,LimborgO,1870,1,https://litteraturbanken.se/författare/LimborgO
styrka,LimborgO,1880,12,https://litteraturbanken.se/författare/LimborgO
styrka,LinckEE,1870,8,https://litteraturbanken.se/författare/LinckEE
styrka,LinckJ,1880,2,https://litteraturbanken.se/författare/LinckJ
styrka,LindC,1900,23,https://litteraturbanken.se/författare/LindC
styrka,LindbergEM,1860,7,https://litteraturbanken.se/författare/LindbergEM
styrka,LindbergOE,1890,2,https://litteraturbanken.se/författare/LindbergOE
styrka,LindbergP,1920,7,https://litteraturbanken.se/författare/LindbergP
styrka,LindbergP,1940,16,https://litteraturbanken.se/författare/LindbergP
styrka,LindbladA,1890,3,https://litteraturbanken.se/författare/LindbladA
styrka,LindbladEW,1860,18,https://litteraturbanken.se/författare/LindbladEW
styrka,LindbladEW,1870,3,https://litteraturbanken.se/författare/LindbladEW
styrka,LindbladJM,1840,4,https://litteraturbanken.se/författare/LindbladJM
styrka,LindbladJM,1850,6,https://litteraturbanken.se/författare/LindbladJM
styrka,LindblomE,1880,5,https://litteraturbanken.se/författare/LindblomE
styrka,LindbäckO,1870,9,https://litteraturbanken.se/författare/Lindb%C3%A4ckO
styrka,LindebergA,1810,7,https://litteraturbanken.se/författare/LindebergA
styrka,LindebergA,1830,91,https://litteraturbanken.se/författare/LindebergA
styrka,LindebergAxel,1870,1,https://litteraturbanken.se/författare/LindebergAxel
styrka,LindebladA,1830,2,https://litteraturbanken.se/författare/LindebladA
styrka,LindebladA,1840,2,https://litteraturbanken.se/författare/LindebladA
styrka,LindebladA,1850,9,https://litteraturbanken.se/författare/LindebladA
styrka,LinderM,1860,7,https://litteraturbanken.se/författare/LinderM
styrka,LindforsO,1880,4,https://litteraturbanken.se/författare/LindforsO
styrka,LindforsO,1890,1,https://litteraturbanken.se/författare/LindforsO
styrka,LindgrenAnders,1840,1,https://litteraturbanken.se/författare/LindgrenAnders
styrka,LindgrenH,1890,6,https://litteraturbanken.se/författare/LindgrenH
styrka,LindgrenI,1910,4,https://litteraturbanken.se/författare/LindgrenI
styrka,LindgrenM,1870,9,https://litteraturbanken.se/författare/LindgrenM
styrka,LindhT,1860,6,https://litteraturbanken.se/författare/LindhT
styrka,LindhT,1870,3,https://litteraturbanken.se/författare/LindhT
styrka,LindholmC,1880,2,https://litteraturbanken.se/författare/LindholmC
styrka,LindholmF,1880,10,https://litteraturbanken.se/författare/LindholmF
styrka,LindholmF,1890,14,https://litteraturbanken.se/författare/LindholmF
styrka,LindholmPA,1880,6,https://litteraturbanken.se/författare/LindholmPA
styrka,LindholmPA,1890,16,https://litteraturbanken.se/författare/LindholmPA
styrka,LindholmV,1900,13,https://litteraturbanken.se/författare/LindholmV
styrka,LindholmV,1920,1,https://litteraturbanken.se/författare/LindholmV
styrka,LindhéW,1880,20,https://litteraturbanken.se/författare/Lindh%C3%A9W
styrka,LindhéW,1890,14,https://litteraturbanken.se/författare/Lindh%C3%A9W
styrka,LindhéW,1900,10,https://litteraturbanken.se/författare/Lindh%C3%A9W
styrka,LindkvistA,1880,3,https://litteraturbanken.se/författare/LindkvistA
styrka,LindmanV,1890,7,https://litteraturbanken.se/författare/LindmanV
styrka,LindormE,1910,1,https://litteraturbanken.se/författare/LindormE
styrka,LindormE,1930,3,https://litteraturbanken.se/författare/LindormE
styrka,LindormE,1940,1,https://litteraturbanken.se/författare/LindormE
styrka,LindqvistFL,1830,1,https://litteraturbanken.se/författare/LindqvistFL
styrka,LindqvistG,1890,1,https://litteraturbanken.se/författare/LindqvistG
styrka,LindqvistJ,1870,17,https://litteraturbanken.se/författare/LindqvistJ
styrka,LindqvistJ,1880,17,https://litteraturbanken.se/författare/LindqvistJ
styrka,LindqvistM,1930,2,https://litteraturbanken.se/författare/LindqvistM
styrka,LindqvistT,1880,1,https://litteraturbanken.se/författare/LindqvistT
styrka,LindqvistUL,1840,11,https://litteraturbanken.se/författare/LindqvistUL
styrka,LindskougA,1880,4,https://litteraturbanken.se/författare/LindskougA
styrka,LindstedtS,1900,2,https://litteraturbanken.se/författare/LindstedtS
styrka,LindströmSigfrid,1920,6,https://litteraturbanken.se/författare/Lindstr%C3%B6mSigfrid
styrka,LindströmSigfrid,1930,3,https://litteraturbanken.se/författare/Lindstr%C3%B6mSigfrid
styrka,LingPH,1860,168,https://litteraturbanken.se/författare/LingPH
styrka,LinnarssonL,1940,2,https://litteraturbanken.se/författare/LinnarssonL
styrka,LinnarssonL,1950,12,https://litteraturbanken.se/författare/LinnarssonL
styrka,LinnerhielmJC,1800,14,https://litteraturbanken.se/författare/LinnerhielmJC
styrka,LinnerhielmJC,1810,17,https://litteraturbanken.se/författare/LinnerhielmJC
styrka,LjungbergE,1880,15,https://litteraturbanken.se/författare/LjungbergE
styrka,LjungbergE,1890,4,https://litteraturbanken.se/författare/LjungbergE
styrka,LjungbergPA,1880,6,https://litteraturbanken.se/författare/LjungbergPA
styrka,LjunggrenAG,1890,8,https://litteraturbanken.se/författare/LjunggrenAG
styrka,LjunggrenCA,1850,2,https://litteraturbanken.se/författare/LjunggrenCA
styrka,LjunggrenG,1860,28,https://litteraturbanken.se/författare/LjunggrenG
styrka,LjunggrenG,1870,144,https://litteraturbanken.se/författare/LjunggrenG
styrka,LjunggrenG,1880,36,https://litteraturbanken.se/författare/LjunggrenG
styrka,LjunggrenG,1890,48,https://litteraturbanken.se/författare/LjunggrenG
styrka,LjungqvistKO,1860,1,https://litteraturbanken.se/författare/LjungqvistKO
styrka,LjungstedtA,1850,9,https://litteraturbanken.se/författare/LjungstedtA
styrka,LjungstedtA,1860,19,https://litteraturbanken.se/författare/LjungstedtA
styrka,LjungstedtA,1870,110,https://litteraturbanken.se/författare/LjungstedtA
styrka,LjungstedtA,1880,8,https://litteraturbanken.se/författare/LjungstedtA
styrka,LloydL,1870,21,https://litteraturbanken.se/författare/LloydL
styrka,LovisinCGG,1800,3,https://litteraturbanken.se/författare/LovisinCGG
styrka,LovénN,1830,1,https://litteraturbanken.se/författare/Lov%C3%A9nN
styrka,LundS,1880,1,https://litteraturbanken.se/författare/LundS
styrka,LundbergE,1880,2,https://litteraturbanken.se/författare/LundbergE
styrka,LundbergJF,1900,1,https://litteraturbanken.se/författare/LundbergJF
styrka,LundbergT,1900,2,https://litteraturbanken.se/författare/LundbergT
styrka,LundebergA,1840,1,https://litteraturbanken.se/författare/LundebergA
styrka,LundeblomR,1870,1,https://litteraturbanken.se/författare/LundeblomR
styrka,LundeblomR,1880,5,https://litteraturbanken.se/författare/LundeblomR
styrka,LundeblomR,1890,4,https://litteraturbanken.se/författare/LundeblomR
styrka,LundegårdA,1880,7,https://litteraturbanken.se/författare/Lundeg%C3%A5rdA
styrka,LundegårdA,1890,74,https://litteraturbanken.se/författare/Lundeg%C3%A5rdA
styrka,LundegårdA,1900,14,https://litteraturbanken.se/författare/Lundeg%C3%A5rdA
styrka,LundegårdA,1910,3,https://litteraturbanken.se/författare/Lundeg%C3%A5rdA
styrka,LundegårdA,1920,2,https://litteraturbanken.se/författare/Lundeg%C3%A5rdA
styrka,LundequistNW,1830,10,https://litteraturbanken.se/författare/LundequistNW
styrka,LundequistS,1890,6,https://litteraturbanken.se/författare/LundequistS
styrka,LundgrenJE,1840,3,https://litteraturbanken.se/författare/LundgrenJE
styrka,LundgrenNA,1890,1,https://litteraturbanken.se/författare/LundgrenNA
styrka,LundinA,1890,1,https://litteraturbanken.se/författare/LundinA
styrka,LundinA,1900,2,https://litteraturbanken.se/författare/LundinA
styrka,LundinAnders,1880,15,https://litteraturbanken.se/författare/LundinAnders
styrka,LundinC,1860,1,https://litteraturbanken.se/författare/LundinC
styrka,LundinC,1870,20,https://litteraturbanken.se/författare/LundinC
styrka,LundinC,1880,9,https://litteraturbanken.se/författare/LundinC
styrka,LundinC,1890,7,https://litteraturbanken.se/författare/LundinC
styrka,LundmarkJ,1840,1,https://litteraturbanken.se/författare/LundmarkJ
styrka,LundquistA,1880,2,https://litteraturbanken.se/författare/LundquistA
styrka,LundquistA,1890,7,https://litteraturbanken.se/författare/LundquistA
styrka,LundquistE,1880,32,https://litteraturbanken.se/författare/LundquistE
styrka,LundquistE,1890,12,https://litteraturbanken.se/författare/LundquistE
styrka,LundquistE,1900,1,https://litteraturbanken.se/författare/LundquistE
styrka,LundqvistJ,1890,2,https://litteraturbanken.se/författare/LundqvistJ
styrka,LundstedtB,1890,5,https://litteraturbanken.se/författare/LundstedtB
styrka,LundstedtB,1900,4,https://litteraturbanken.se/författare/LundstedtB
styrka,LundströmG,1880,7,https://litteraturbanken.se/författare/Lundstr%C3%B6mG
styrka,LundströmI,1870,1,https://litteraturbanken.se/författare/Lundstr%C3%B6mI
styrka,LundströmIngeborg,1890,2,https://litteraturbanken.se/författare/Lundstr%C3%B6mIngeborg
styrka,LundströmM,1860,37,https://litteraturbanken.se/författare/Lundstr%C3%B6mM
styrka,LundströmM,1870,9,https://litteraturbanken.se/författare/Lundstr%C3%B6mM
styrka,LundströmV,1900,2,https://litteraturbanken.se/författare/Lundstr%C3%B6mV
styrka,LunellL,1880,4,https://litteraturbanken.se/författare/LunellL
styrka,LunellL,1890,5,https://litteraturbanken.se/författare/LunellL
styrka,LybeckM,1890,14,https://litteraturbanken.se/författare/LybeckM
styrka,LybeckM,1900,7,https://litteraturbanken.se/författare/LybeckM
styrka,LybeckM,1910,5,https://litteraturbanken.se/författare/LybeckM
styrka,LybeckM,1920,4,https://litteraturbanken.se/författare/LybeckM
styrka,LyckowG,1890,3,https://litteraturbanken.se/författare/LyckowG
styrka,LydriksonA,1890,1,https://litteraturbanken.se/författare/LydriksonA
styrka,LäfflerF,1890,1,https://litteraturbanken.se/författare/L%C3%A4fflerF
styrka,LénströmCJ,1830,24,https://litteraturbanken.se/författare/L%C3%A9nstr%C3%B6mCJ
styrka,LénströmCJ,1840,49,https://litteraturbanken.se/författare/L%C3%A9nstr%C3%B6mCJ
styrka,LénströmCJ,1850,8,https://litteraturbanken.se/författare/L%C3%A9nstr%C3%B6mCJ
styrka,LénströmCJ,1860,3,https://litteraturbanken.se/författare/L%C3%A9nstr%C3%B6mCJ
styrka,LöfgrenE,1930,22,https://litteraturbanken.se/författare/L%C3%B6fgrenE
styrka,LöfgrenNI,1830,7,https://litteraturbanken.se/författare/L%C3%B6fgrenNI
styrka,LöfvingC,1870,2,https://litteraturbanken.se/författare/L%C3%B6fvingC
styrka,LöfvingC,1880,9,https://litteraturbanken.se/författare/L%C3%B6fvingC
styrka,LöhmanLV,1830,9,https://litteraturbanken.se/författare/L%C3%B6hmanLV
styrka,LöhmanLV,1870,6,https://litteraturbanken.se/författare/L%C3%B6hmanLV
styrka,LönegrenJG,1840,4,https://litteraturbanken.se/författare/L%C3%B6negrenJG
styrka,LönnbeckGF,1870,1,https://litteraturbanken.se/författare/L%C3%B6nnbeckGF
styrka,LönnbergM,1870,12,https://litteraturbanken.se/författare/L%C3%B6nnbergM
styrka,LönnbergM,1880,11,https://litteraturbanken.se/författare/L%C3%B6nnbergM
styrka,LönnbergM,1890,8,https://litteraturbanken.se/författare/L%C3%B6nnbergM
styrka,MagalottiL,1910,7,https://litteraturbanken.se/författare/MagalottiL
styrka,MagnellCJ,1890,3,https://litteraturbanken.se/författare/MagnellCJ
styrka,MagnussenJP,1830,3,https://litteraturbanken.se/författare/MagnussenJP
styrka,MallanderGR,1870,1,https://litteraturbanken.se/författare/MallanderGR
styrka,MallanderGR,1880,5,https://litteraturbanken.se/författare/MallanderGR
styrka,MallingM,1880,4,https://litteraturbanken.se/författare/MallingM
styrka,MallingM,1890,6,https://litteraturbanken.se/författare/MallingM
styrka,MallingM,1920,2,https://litteraturbanken.se/författare/MallingM
styrka,MalmgrenT,1870,18,https://litteraturbanken.se/författare/MalmgrenT
styrka,MalmgrenVE,1890,5,https://litteraturbanken.se/författare/MalmgrenVE
styrka,MalmqvistAE,1890,6,https://litteraturbanken.se/författare/MalmqvistAE
styrka,MalmströmBE,1830,7,https://litteraturbanken.se/författare/Malmstr%C3%B6mBE
styrka,MalmströmBE,1840,8,https://litteraturbanken.se/författare/Malmstr%C3%B6mBE
styrka,MalmströmBE,1850,11,https://litteraturbanken.se/författare/Malmstr%C3%B6mBE
styrka,MalmströmKR,1850,2,https://litteraturbanken.se/författare/Malmstr%C3%B6mKR
styrka,MalmströmKR,1870,4,https://litteraturbanken.se/författare/Malmstr%C3%B6mKR
styrka,MankellJ,1860,4,https://litteraturbanken.se/författare/MankellJ
styrka,MankellJ,1870,10,https://litteraturbanken.se/författare/MankellJ
styrka,MannegardV,1890,5,https://litteraturbanken.se/författare/MannegardV
styrka,MannerfeltO,1900,1,https://litteraturbanken.se/författare/MannerfeltO
styrka,MarinOU,1840,20,https://litteraturbanken.se/författare/MarinOU
styrka,MartinssonH,1860,3,https://litteraturbanken.se/författare/MartinssonH
styrka,MattssonS,1870,2,https://litteraturbanken.se/författare/MattssonS
styrka,MeijerB,1880,30,https://litteraturbanken.se/författare/MeijerB
styrka,MelanderR,1880,24,https://litteraturbanken.se/författare/MelanderR
styrka,MelanderR,1890,79,https://litteraturbanken.se/författare/MelanderR
styrka,MeleforsE,2010,3,https://litteraturbanken.se/författare/MeleforsE
styrka,MelinKA,1890,4,https://litteraturbanken.se/författare/MelinKA
styrka,MelinPE,1880,1,https://litteraturbanken.se/författare/MelinPE
styrka,MellinGH,1830,21,https://litteraturbanken.se/författare/MellinGH
styrka,MellinGH,1840,68,https://litteraturbanken.se/författare/MellinGH
styrka,MellinGH,1850,14,https://litteraturbanken.se/författare/MellinGH
styrka,MellinGH,1860,11,https://litteraturbanken.se/författare/MellinGH
styrka,MellinGH,1870,98,https://litteraturbanken.se/författare/MellinGH
styrka,MellinGH,1880,17,https://litteraturbanken.se/författare/MellinGH
styrka,MellinGH,1890,17,https://litteraturbanken.se/författare/MellinGH
styrka,MelstedI,1890,3,https://litteraturbanken.se/författare/MelstedI
styrka,MeyerA,1880,38,https://litteraturbanken.se/författare/MeyerA
styrka,MeyerE,1890,4,https://litteraturbanken.se/författare/MeyerE
styrka,MeyerG,1870,7,https://litteraturbanken.se/författare/MeyerG
styrka,MeyerG,1880,11,https://litteraturbanken.se/författare/MeyerG
styrka,MeyerPJ,1850,2,https://litteraturbanken.se/författare/MeyerPJ
styrka,MeyersonG,1890,4,https://litteraturbanken.se/författare/MeyersonG
styrka,MichaelsonK,1880,5,https://litteraturbanken.se/författare/MichaelsonK
styrka,MichaelsonK,1890,5,https://litteraturbanken.se/författare/MichaelsonK
styrka,MichaelsonK,1900,1,https://litteraturbanken.se/författare/MichaelsonK
styrka,MichelsenAC,1880,1,https://litteraturbanken.se/författare/MichelsenAC
styrka,ModinJE,1860,24,https://litteraturbanken.se/författare/ModinJE
styrka,ModinJE,1880,8,https://litteraturbanken.se/författare/ModinJE
styrka,MolanderH,1880,9,https://litteraturbanken.se/författare/MolanderH
styrka,MolanderH,1890,4,https://litteraturbanken.se/författare/MolanderH
styrka,MolinL,1910,3,https://litteraturbanken.se/författare/MolinL
styrka,MolinP,1890,1,https://litteraturbanken.se/författare/MolinP
styrka,MontgomeryCederhielmR,1880,7,https://litteraturbanken.se/författare/MontgomeryCederhielmR
styrka,MontgomeryCederhielmR,1890,4,https://litteraturbanken.se/författare/MontgomeryCederhielmR
styrka,MontgomeryLM,1900,1,https://litteraturbanken.se/författare/MontgomeryLM
styrka,MontgomeryLM,1910,6,https://litteraturbanken.se/författare/MontgomeryLM
styrka,MonténRA,1880,6,https://litteraturbanken.se/författare/Mont%C3%A9nRA
styrka,MortensenJ,1900,10,https://litteraturbanken.se/författare/MortensenJ
styrka,MortensenJ,1910,5,https://litteraturbanken.se/författare/MortensenJ
styrka,MuntheA,1880,3,https://litteraturbanken.se/författare/MuntheA
styrka,MuntheA,1900,2,https://litteraturbanken.se/författare/MuntheA
styrka,MuntheA,1930,9,https://litteraturbanken.se/författare/MuntheA
styrka,MurbergJ,1800,3,https://litteraturbanken.se/författare/MurbergJ
styrka,MyrbergA,1920,1,https://litteraturbanken.se/författare/MyrbergA
styrka,MöllerAndreas,1830,1,https://litteraturbanken.se/författare/M%C3%B6llerAndreas
styrka,MöllerF,1860,3,https://litteraturbanken.se/författare/M%C3%B6llerF
styrka,MöllerP,1870,5,https://litteraturbanken.se/författare/M%C3%B6llerP
styrka,MörneA,1920,7,https://litteraturbanken.se/författare/M%C3%B6rneA
styrka,MörnerB,1890,2,https://litteraturbanken.se/författare/M%C3%B6rnerB
styrka,MörnerJCA,1870,43,https://litteraturbanken.se/författare/M%C3%B6rnerJCA
styrka,MörtengrenF,1860,1,https://litteraturbanken.se/författare/M%C3%B6rtengrenF
styrka,NathorstA,1920,3,https://litteraturbanken.se/författare/NathorstA
styrka,NaumannM,1870,4,https://litteraturbanken.se/författare/NaumannM
styrka,NaumannM,1880,5,https://litteraturbanken.se/författare/NaumannM
styrka,NeanderE,1940,1,https://litteraturbanken.se/författare/NeanderE
styrka,NeanderJ,1870,1,https://litteraturbanken.se/författare/NeanderJ
styrka,NermanC,1890,1,https://litteraturbanken.se/författare/NermanC
styrka,NervanderE,1860,2,https://litteraturbanken.se/författare/NervanderE
styrka,NervanderE,1880,4,https://litteraturbanken.se/författare/NervanderE
styrka,NervanderJJ,1840,1,https://litteraturbanken.se/författare/NervanderJJ
styrka,NervanderJJ,1850,13,https://litteraturbanken.se/författare/NervanderJJ
styrka,NettelbladtF,1830,7,https://litteraturbanken.se/författare/NettelbladtF
styrka,NicanderKA,1820,5,https://litteraturbanken.se/författare/NicanderKA
styrka,NicanderKA,1830,56,https://litteraturbanken.se/författare/NicanderKA
styrka,NicanderKA,1840,41,https://litteraturbanken.se/författare/NicanderKA
styrka,NilsdorffH,1890,6,https://litteraturbanken.se/författare/NilsdorffH
styrka,NilssonA,1910,7,https://litteraturbanken.se/författare/NilssonA
styrka,NilssonAlexander,1860,1,https://litteraturbanken.se/författare/NilssonAlexander
styrka,NilssonL,1880,4,https://litteraturbanken.se/författare/NilssonL
styrka,NilssonO,1840,2,https://litteraturbanken.se/författare/NilssonO
styrka,NissenC,1890,5,https://litteraturbanken.se/författare/NissenC
styrka,NonnenE,1850,1,https://litteraturbanken.se/författare/NonnenE
styrka,NonnenE,1860,3,https://litteraturbanken.se/författare/NonnenE
styrka,NonnenE,1880,2,https://litteraturbanken.se/författare/NonnenE
styrka,NordenadlerE,1900,1,https://litteraturbanken.se/författare/NordenadlerE
styrka,NordenhielmS,1900,4,https://litteraturbanken.se/författare/NordenhielmS
styrka,NordenskiöldAE,1880,8,https://litteraturbanken.se/författare/Nordenski%C3%B6ldAE
styrka,NordenskiöldG,1890,4,https://litteraturbanken.se/författare/Nordenski%C3%B6ldG
styrka,NordensvanG,1870,14,https://litteraturbanken.se/författare/NordensvanG
styrka,NordensvanG,1880,27,https://litteraturbanken.se/författare/NordensvanG
styrka,NordensvanG,1890,10,https://litteraturbanken.se/författare/NordensvanG
styrka,NordinC,1800,5,https://litteraturbanken.se/författare/NordinC
styrka,NordinJ,2010,1,https://litteraturbanken.se/författare/NordinJ
styrka,NordinJ,2020,1,https://litteraturbanken.se/författare/NordinJ
styrka,NordlundS,1890,1,https://litteraturbanken.se/författare/NordlundS
styrka,NordströmEB,1910,7,https://litteraturbanken.se/författare/Nordstr%C3%B6mEB
styrka,NordströmEB,1920,1,https://litteraturbanken.se/författare/Nordstr%C3%B6mEB
styrka,NordströmEB,1930,3,https://litteraturbanken.se/författare/Nordstr%C3%B6mEB
styrka,NordströmL,1900,5,https://litteraturbanken.se/författare/Nordstr%C3%B6mL
styrka,NordströmL,1930,2,https://litteraturbanken.se/författare/Nordstr%C3%B6mL
styrka,NordströmW,1860,1,https://litteraturbanken.se/författare/Nordstr%C3%B6mW
styrka,NoreenEA,1870,2,https://litteraturbanken.se/författare/NoreenEA
styrka,NorlinM,1880,9,https://litteraturbanken.se/författare/NorlinM
styrka,NorlinM,1890,4,https://litteraturbanken.se/författare/NorlinM
styrka,NorléenW,1890,2,https://litteraturbanken.se/författare/Norl%C3%A9enW
styrka,NormanCarl,1890,4,https://litteraturbanken.se/författare/NormanCarl
styrka,NorrbyC,1870,2,https://litteraturbanken.se/författare/NorrbyC
styrka,NorströmV,1900,16,https://litteraturbanken.se/författare/Norstr%C3%B6mV
styrka,NorströmV,1910,6,https://litteraturbanken.se/författare/Norstr%C3%B6mV
styrka,NoræusS,1840,3,https://litteraturbanken.se/författare/Nor%C3%A6usS
styrka,NumersG,1890,6,https://litteraturbanken.se/författare/NumersG
styrka,NybergJC,1830,24,https://litteraturbanken.se/författare/NybergJC
styrka,NybergJC,1840,3,https://litteraturbanken.se/författare/NybergJC
styrka,NybergJP,1850,2,https://litteraturbanken.se/författare/NybergJP
styrka,NybergJP,1860,3,https://litteraturbanken.se/författare/NybergJP
styrka,NybergS,1860,22,https://litteraturbanken.se/författare/NybergS
styrka,NyblomCR,1860,1,https://litteraturbanken.se/författare/NyblomCR
styrka,NyblomCR,1870,2,https://litteraturbanken.se/författare/NyblomCR
styrka,NyblomH,1870,21,https://litteraturbanken.se/författare/NyblomH
styrka,NyblomH,1880,9,https://litteraturbanken.se/författare/NyblomH
styrka,NyblomH,1890,12,https://litteraturbanken.se/författare/NyblomH
styrka,NyblomH,1910,4,https://litteraturbanken.se/författare/NyblomH
styrka,NyblæusG,1840,3,https://litteraturbanken.se/författare/Nybl%C3%A6usG
styrka,NyblæusG,1890,31,https://litteraturbanken.se/författare/Nybl%C3%A6usG
styrka,NybomJ,1840,9,https://litteraturbanken.se/författare/NybomJ
styrka,NycanderF,1890,3,https://litteraturbanken.se/författare/NycanderF
styrka,NycanderF,1900,1,https://litteraturbanken.se/författare/NycanderF
styrka,NyholmCA,1880,3,https://litteraturbanken.se/författare/NyholmCA
styrka,NyholmCA,1890,3,https://litteraturbanken.se/författare/NyholmCA
styrka,NylénPG,1920,2,https://litteraturbanken.se/författare/Nyl%C3%A9nPG
styrka,NyströmL,1890,6,https://litteraturbanken.se/författare/Nystr%C3%B6mL
styrka,NèlsonJF,1880,36,https://litteraturbanken.se/författare/N%C3%A8lsonJF
styrka,OdelA,1860,4,https://litteraturbanken.se/författare/OdelA
styrka,OdhnerCT,1870,2,https://litteraturbanken.se/författare/OdhnerCT
styrka,OfvandahlE,1890,3,https://litteraturbanken.se/författare/OfvandahlE
styrka,OfvandahlE,1900,5,https://litteraturbanken.se/författare/OfvandahlE
styrka,OhlssonJ,1880,1,https://litteraturbanken.se/författare/OhlssonJ
styrka,OlivecronaR,1850,17,https://litteraturbanken.se/författare/OlivecronaR
styrka,OlivecronaR,1880,4,https://litteraturbanken.se/författare/OlivecronaR
styrka,OlofssonK,1920,7,https://litteraturbanken.se/författare/OlofssonK
styrka,OlofssonK,1930,4,https://litteraturbanken.se/författare/OlofssonK
styrka,OlssonJohannes,1890,12,https://litteraturbanken.se/författare/OlssonJohannes
styrka,OlssonP,1880,3,https://litteraturbanken.se/författare/OlssonP
styrka,OlzonJ,1840,3,https://litteraturbanken.se/författare/OlzonJ
styrka,OlánO,1890,1,https://litteraturbanken.se/författare/Ol%C3%A1nO
styrka,OmarKhayyam,1920,6,https://litteraturbanken.se/författare/OmarKhayyam
styrka,OrczyE,1900,10,https://litteraturbanken.se/författare/OrczyE
styrka,OskarII,1850,7,https://litteraturbanken.se/författare/OskarII
styrka,OskarII,1870,7,https://litteraturbanken.se/författare/OskarII
styrka,OskarII,1890,10,https://litteraturbanken.se/författare/OskarII
styrka,OterdahlJ,1900,1,https://litteraturbanken.se/författare/OterdahlJ
styrka,OterdahlJ,1910,10,https://litteraturbanken.se/författare/OterdahlJ
styrka,Ovidius,1820,58,https://litteraturbanken.se/författare/Ovidius
styrka,OxenstiernaJG,1790,19,https://litteraturbanken.se/författare/OxenstiernaJG
styrka,OxenstiernaJG,1800,2,https://litteraturbanken.se/författare/OxenstiernaJG
styrka,OxenstiernaMGL,1870,12,https://litteraturbanken.se/författare/OxenstiernaMGL
styrka,OxenstiernaMGL,1880,6,https://litteraturbanken.se/författare/OxenstiernaMGL
styrka,OxenstiernaMGL,1890,80,https://litteraturbanken.se/författare/OxenstiernaMGL
styrka,PabanAT,1850,2,https://litteraturbanken.se/författare/PabanAT
styrka,PalmA,1900,2,https://litteraturbanken.se/författare/PalmA
styrka,PalmAmy,1890,1,https://litteraturbanken.se/författare/PalmAmy
styrka,PalmbladVF,1840,116,https://litteraturbanken.se/författare/PalmbladVF
styrka,PalmbladVF,1850,6,https://litteraturbanken.se/författare/PalmbladVF
styrka,PalmeCA,1860,1,https://litteraturbanken.se/författare/PalmeCA
styrka,PalmstjernaCO,1830,51,https://litteraturbanken.se/författare/PalmstjernaCO
styrka,PalmærHB,1870,6,https://litteraturbanken.se/författare/Palm%C3%A6rHB
styrka,PatersonE,1870,4,https://litteraturbanken.se/författare/PatersonE
styrka,PaulA,1890,8,https://litteraturbanken.se/författare/PaulA
styrka,PauliG,1910,3,https://litteraturbanken.se/författare/PauliG
styrka,PaykullLG,1880,1,https://litteraturbanken.se/författare/PaykullLG
styrka,PereswetoffMorathF,1860,6,https://litteraturbanken.se/författare/PereswetoffMorathF
styrka,PereswetoffMorathF,1880,10,https://litteraturbanken.se/författare/PereswetoffMorathF
styrka,PerraultC,1870,1,https://litteraturbanken.se/författare/PerraultC
styrka,PersonneJ,1880,4,https://litteraturbanken.se/författare/PersonneJ
styrka,PerssonF,1900,21,https://litteraturbanken.se/författare/PerssonF
styrka,PerssonF,1910,14,https://litteraturbanken.se/författare/PerssonF
styrka,PetersonG,1880,2,https://litteraturbanken.se/författare/PetersonG
styrka,PetersonGR,1870,3,https://litteraturbanken.se/författare/PetersonGR
styrka,PetersonGR,1880,4,https://litteraturbanken.se/författare/PetersonGR
styrka,PetersonM,1860,19,https://litteraturbanken.se/författare/PetersonM
styrka,PeterssonS,1890,2,https://litteraturbanken.se/författare/PeterssonS
styrka,PeterssonT,1880,8,https://litteraturbanken.se/författare/PeterssonT
styrka,PetriniG,1910,3,https://litteraturbanken.se/författare/PetriniG
styrka,PetterssonC,1850,3,https://litteraturbanken.se/författare/PetterssonC
styrka,PetterssonOlinJ,1890,2,https://litteraturbanken.se/författare/PetterssonOlinJ
styrka,PetterssonS,1870,12,https://litteraturbanken.se/författare/PetterssonS
styrka,PfeifferS,1880,3,https://litteraturbanken.se/författare/PfeifferS
styrka,PhilipssonJ,1850,2,https://litteraturbanken.se/författare/PhilipssonJ
styrka,PhilipssonJ,1870,2,https://litteraturbanken.se/författare/PhilipssonJ
styrka,PihlstrandR,1880,31,https://litteraturbanken.se/författare/PihlstrandR
styrka,PinelloNH,1860,9,https://litteraturbanken.se/författare/PinelloNH
styrka,PinelloNH,1870,6,https://litteraturbanken.se/författare/PinelloNH
styrka,PlatenHCvon,1840,2,https://litteraturbanken.se/författare/PlatenHCvon
styrka,PontoppidanH,1890,3,https://litteraturbanken.se/författare/PontoppidanH
styrka,PorterE,1910,1,https://litteraturbanken.se/författare/PorterE
styrka,ProcopéH,1900,2,https://litteraturbanken.se/författare/Procop%C3%A9H
styrka,QuennerstedtA,1900,14,https://litteraturbanken.se/författare/QuennerstedtA
styrka,QuennerstedtA,1910,45,https://litteraturbanken.se/författare/QuennerstedtA
styrka,QvantenAvon,1880,4,https://litteraturbanken.se/författare/QvantenAvon
styrka,QvantenE,1840,1,https://litteraturbanken.se/författare/QvantenE
styrka,QvantenE,1850,3,https://litteraturbanken.se/författare/QvantenE
styrka,QvantenE,1880,7,https://litteraturbanken.se/författare/QvantenE
styrka,RahmGVA,1860,4,https://litteraturbanken.se/författare/RahmGVA
styrka,ReenstiernaMH,1940,9,https://litteraturbanken.se/författare/ReenstiernaMH
styrka,RegisJ,1910,1,https://litteraturbanken.se/författare/RegisJ
styrka,RegnérG,1800,5,https://litteraturbanken.se/författare/Regn%C3%A9rG
styrka,ReuterOM,1880,4,https://litteraturbanken.se/författare/ReuterOM
styrka,ReuterOM,1890,4,https://litteraturbanken.se/författare/ReuterOM
styrka,RichterL,1870,1,https://litteraturbanken.se/författare/RichterL
styrka,RidderstadCF,1840,26,https://litteraturbanken.se/författare/RidderstadCF
styrka,RidderstadCF,1850,33,https://litteraturbanken.se/författare/RidderstadCF
styrka,RidderstadCF,1870,3,https://litteraturbanken.se/författare/RidderstadCF
styrka,RidderstadCF,1880,51,https://litteraturbanken.se/författare/RidderstadCF
styrka,RietzJE,1860,64,https://litteraturbanken.se/författare/RietzJE
styrka,RingHA,1880,5,https://litteraturbanken.se/författare/RingHA
styrka,RodheBC,1860,2,https://litteraturbanken.se/författare/RodheBC
styrka,RodheBC,1880,8,https://litteraturbanken.se/författare/RodheBC
styrka,RollinCF,1860,3,https://litteraturbanken.se/författare/RollinCF
styrka,RollinCG,1840,1,https://litteraturbanken.se/författare/RollinCG
styrka,RomanA,1840,1,https://litteraturbanken.se/författare/RomanA
styrka,RomdahlC,1880,1,https://litteraturbanken.se/författare/RomdahlC
styrka,RondeletiusJP,1870,1,https://litteraturbanken.se/författare/RondeletiusJP
styrka,RoosAM,1900,3,https://litteraturbanken.se/författare/RoosAM
styrka,RoosM,1880,12,https://litteraturbanken.se/författare/RoosM
styrka,RoosM,1890,4,https://litteraturbanken.se/författare/RoosM
styrka,RoosM,1900,2,https://litteraturbanken.se/författare/RoosM
styrka,RosanderC,1830,5,https://litteraturbanken.se/författare/RosanderC
styrka,RoseliusJE,1850,2,https://litteraturbanken.se/författare/RoseliusJE
styrka,RosendahlCG,1860,2,https://litteraturbanken.se/författare/RosendahlCG
styrka,RoseniusCO,1890,8,https://litteraturbanken.se/författare/RoseniusCO
styrka,RoseniusJ,1880,2,https://litteraturbanken.se/författare/RoseniusJ
styrka,RoseniusJ,1890,1,https://litteraturbanken.se/författare/RoseniusJ
styrka,RosensteinN,1800,5,https://litteraturbanken.se/författare/RosensteinN
styrka,RosénJM,1840,10,https://litteraturbanken.se/författare/Ros%C3%A9nJM
styrka,RothSO,1880,6,https://litteraturbanken.se/författare/RothSO
styrka,RothSO,1900,7,https://litteraturbanken.se/författare/RothSO
styrka,RubensonO,1880,17,https://litteraturbanken.se/författare/RubensonO
styrka,RudaEW,1830,3,https://litteraturbanken.se/författare/RudaEW
styrka,RudbeckOyngste,1770,9,https://litteraturbanken.se/författare/RudbeckOyngste
styrka,RudbeckTG,1830,5,https://litteraturbanken.se/författare/RudbeckTG
styrka,RudbeckTG,1840,38,https://litteraturbanken.se/författare/RudbeckTG
styrka,RuinH,1930,10,https://litteraturbanken.se/författare/RuinH
styrka,RuinH,1940,11,https://litteraturbanken.se/författare/RuinH
styrka,RuinH,1960,2,https://litteraturbanken.se/författare/RuinH
styrka,RunebergFC,1850,10,https://litteraturbanken.se/författare/RunebergFC
styrka,RunebergFC,1860,31,https://litteraturbanken.se/författare/RunebergFC
styrka,RunebergJL,1830,2,https://litteraturbanken.se/författare/RunebergJL
styrka,RunebergJL,1840,7,https://litteraturbanken.se/författare/RunebergJL
styrka,RunebergJL,1850,6,https://litteraturbanken.se/författare/RunebergJL
styrka,RunebergJL,1870,10,https://litteraturbanken.se/författare/RunebergJL
styrka,RunebergJL,1890,1,https://litteraturbanken.se/författare/RunebergJL
styrka,RunebergN,1890,1,https://litteraturbanken.se/författare/RunebergN
styrka,RunfeldtE,1890,3,https://litteraturbanken.se/författare/RunfeldtE
styrka,RunnqvistE,1880,4,https://litteraturbanken.se/författare/RunnqvistE
styrka,RussbergJA,1870,2,https://litteraturbanken.se/författare/RussbergJA
styrka,RusénLE,1850,1,https://litteraturbanken.se/författare/Rus%C3%A9nLE
styrka,RybergK,1870,6,https://litteraturbanken.se/författare/RybergK
styrka,RydbergCH,1850,2,https://litteraturbanken.se/författare/RydbergCH
styrka,RydbergCH,1860,11,https://litteraturbanken.se/författare/RydbergCH
styrka,RydbergV,1850,89,https://litteraturbanken.se/författare/RydbergV
styrka,RydbergV,1860,13,https://litteraturbanken.se/författare/RydbergV
styrka,RydbergV,1870,17,https://litteraturbanken.se/författare/RydbergV
styrka,RydbergV,1880,18,https://litteraturbanken.se/författare/RydbergV
styrka,RydbergV,1890,1,https://litteraturbanken.se/författare/RydbergV
styrka,RydeliusG,1890,6,https://litteraturbanken.se/författare/RydeliusG
styrka,RydeliusJP,1880,1,https://litteraturbanken.se/författare/RydeliusJP
styrka,RydforssK,1890,4,https://litteraturbanken.se/författare/RydforssK
styrka,RydqvistJE,1920,1,https://litteraturbanken.se/författare/RydqvistJE
styrka,RydströmC,1840,2,https://litteraturbanken.se/författare/Rydstr%C3%B6mC
styrka,RådbergF,1830,2,https://litteraturbanken.se/författare/R%C3%A5dbergF
styrka,RådbergF,1840,2,https://litteraturbanken.se/författare/R%C3%A5dbergF
styrka,SachsH,1890,6,https://litteraturbanken.se/författare/SachsH
styrka,SachsH,1900,11,https://litteraturbanken.se/författare/SachsH
styrka,Sadi,1910,23,https://litteraturbanken.se/författare/Sadi
styrka,SaltzaEF,1830,6,https://litteraturbanken.se/författare/SaltzaEF
styrka,SamzeliusH,1890,10,https://litteraturbanken.se/författare/SamzeliusH
styrka,SandA,1950,6,https://litteraturbanken.se/författare/SandA
styrka,SandahlAG,1870,24,https://litteraturbanken.se/författare/SandahlAG
styrka,SandbergA,1880,21,https://litteraturbanken.se/författare/SandbergA
styrka,SandbergA,1890,13,https://litteraturbanken.se/författare/SandbergA
styrka,SandbergA,1910,4,https://litteraturbanken.se/författare/SandbergA
styrka,SandbergE,1890,15,https://litteraturbanken.se/författare/SandbergE
styrka,SandbergF,1870,4,https://litteraturbanken.se/författare/SandbergF
styrka,SandbergS,1860,1,https://litteraturbanken.se/författare/SandbergS
styrka,SandelM,1900,7,https://litteraturbanken.se/författare/SandelM
styrka,SandelM,1910,21,https://litteraturbanken.se/författare/SandelM
styrka,SandelM,1920,13,https://litteraturbanken.se/författare/SandelM
styrka,SanderF,1850,10,https://litteraturbanken.se/författare/SanderF
styrka,SanderF,1870,6,https://litteraturbanken.se/författare/SanderF
styrka,SanderF,1890,1,https://litteraturbanken.se/författare/SanderF
styrka,SandströmerC,1870,20,https://litteraturbanken.se/författare/Sandstr%C3%B6merC
styrka,SantessonF,1880,3,https://litteraturbanken.se/författare/SantessonF
styrka,SaxonJL,1880,7,https://litteraturbanken.se/författare/SaxonJL
styrka,SaxonJL,1890,18,https://litteraturbanken.se/författare/SaxonJL
styrka,SaxonJL,1900,1,https://litteraturbanken.se/författare/SaxonJL
styrka,SchaarHF,1870,7,https://litteraturbanken.se/författare/SchaarHF
styrka,SchantzO,1870,16,https://litteraturbanken.se/författare/SchantzO
styrka,SchartauGJ,1830,1,https://litteraturbanken.se/författare/SchartauGJ
styrka,ScheeleF,1880,4,https://litteraturbanken.se/författare/ScheeleF
styrka,SchenfeltI,1870,10,https://litteraturbanken.se/författare/SchenfeltI
styrka,SchenfeltI,1880,20,https://litteraturbanken.se/författare/SchenfeltI
styrka,ScheriniPH,1880,5,https://litteraturbanken.se/författare/ScheriniPH
styrka,SchildtR,1910,3,https://litteraturbanken.se/författare/SchildtR
styrka,SchildtR,1920,2,https://litteraturbanken.se/författare/SchildtR
styrka,SchirmerA,1870,19,https://litteraturbanken.se/författare/SchirmerA
styrka,ScholanderFW,1860,10,https://litteraturbanken.se/författare/ScholanderFW
styrka,SchreinerO,1910,29,https://litteraturbanken.se/författare/SchreinerO
styrka,SchröderG,1890,54,https://litteraturbanken.se/författare/Schr%C3%B6derG
styrka,SchröderJH,1840,1,https://litteraturbanken.se/författare/Schr%C3%B6derJH
styrka,SchröderheimE,1800,1,https://litteraturbanken.se/författare/Schr%C3%B6derheimE
styrka,SchunckAM,1840,1,https://litteraturbanken.se/författare/SchunckAM
styrka,SchwartzMS,1850,123,https://litteraturbanken.se/författare/SchwartzMS
styrka,SchwartzMS,1860,160,https://litteraturbanken.se/författare/SchwartzMS
styrka,SchwartzMS,1870,51,https://litteraturbanken.se/författare/SchwartzMS
styrka,SchwartzMS,1880,6,https://litteraturbanken.se/författare/SchwartzMS
styrka,SchwartzMS,1890,3,https://litteraturbanken.se/författare/SchwartzMS
styrka,SchwartzMS,1910,19,https://litteraturbanken.se/författare/SchwartzMS
styrka,SchwerinM,1830,6,https://litteraturbanken.se/författare/SchwerinM
styrka,SchéeleAA,1880,3,https://litteraturbanken.se/författare/Sch%C3%A9eleAA
styrka,SchéeleG,1880,9,https://litteraturbanken.se/författare/Sch%C3%A9eleG
styrka,SchöldströmB,1870,6,https://litteraturbanken.se/författare/Sch%C3%B6ldstr%C3%B6mB
styrka,SchöldströmB,1880,4,https://litteraturbanken.se/författare/Sch%C3%B6ldstr%C3%B6mB
styrka,SchöldströmB,1890,1,https://litteraturbanken.se/författare/Sch%C3%B6ldstr%C3%B6mB
styrka,SchöldströmKW,1880,5,https://litteraturbanken.se/författare/Sch%C3%B6ldstr%C3%B6mKW
styrka,SchönA,1880,1,https://litteraturbanken.se/författare/Sch%C3%B6nA
styrka,SchönAugust,1890,2,https://litteraturbanken.se/författare/Sch%C3%B6nAugust
styrka,SchückH,1890,15,https://litteraturbanken.se/författare/Sch%C3%BCckH
styrka,SchückH,1900,5,https://litteraturbanken.se/författare/Sch%C3%BCckH
styrka,SchückH,1910,19,https://litteraturbanken.se/författare/Sch%C3%BCckH
styrka,SchüsslerGC,1840,2,https://litteraturbanken.se/författare/Sch%C3%BCsslerGC
styrka,SefbomA,1870,3,https://litteraturbanken.se/författare/SefbomA
styrka,SegerstedtA,1870,7,https://litteraturbanken.se/författare/SegerstedtA
styrka,SegerstedtA,1880,7,https://litteraturbanken.se/författare/SegerstedtA
styrka,SegerstedtA,1890,3,https://litteraturbanken.se/författare/SegerstedtA
styrka,SegerstedtTorgny,1940,34,https://litteraturbanken.se/författare/SegerstedtTorgny
styrka,SegersteenAP,1840,1,https://litteraturbanken.se/författare/SegersteenAP
styrka,SegerstéenG,1890,1,https://litteraturbanken.se/författare/Segerst%C3%A9enG
styrka,SehlstedtE,1850,1,https://litteraturbanken.se/författare/SehlstedtE
styrka,SernerG,1910,9,https://litteraturbanken.se/författare/SernerG
styrka,SernerG,1920,3,https://litteraturbanken.se/författare/SernerG
styrka,SesemanHJ,1850,1,https://litteraturbanken.se/författare/SesemanHJ
styrka,SettervallHB,1840,6,https://litteraturbanken.se/författare/SettervallHB
styrka,SigurdhSP,1900,1,https://litteraturbanken.se/författare/SigurdhSP
styrka,SilfverskjöldA,1870,19,https://litteraturbanken.se/författare/Silfverskj%C3%B6ldA
styrka,SilfversparreGG,1870,1,https://litteraturbanken.se/författare/SilfversparreGG
styrka,SilfverstolpeGM,1910,1,https://litteraturbanken.se/författare/SilfverstolpeGM
styrka,SilfverstolpeGM,1920,4,https://litteraturbanken.se/författare/SilfverstolpeGM
styrka,SilfverstolpeGM,1940,1,https://litteraturbanken.se/författare/SilfverstolpeGM
styrka,SilfverstolpeM,1900,22,https://litteraturbanken.se/författare/SilfverstolpeM
styrka,SilfverstolpeM,1910,15,https://litteraturbanken.se/författare/SilfverstolpeM
styrka,SilfverstopleGL,1850,26,https://litteraturbanken.se/författare/SilfverstopleGL
styrka,SiljeströmPA,1840,1,https://litteraturbanken.se/författare/Siljestr%C3%B6mPA
styrka,SillénAW,1860,1,https://litteraturbanken.se/författare/Sill%C3%A9nAW
styrka,SillénAW,1870,1,https://litteraturbanken.se/författare/Sill%C3%A9nAW
styrka,SjöbergAC,1860,1,https://litteraturbanken.se/författare/Sj%C3%B6bergAC
styrka,SjöbergB,1920,22,https://litteraturbanken.se/författare/Sj%C3%B6bergB
styrka,SjöbergED,1840,3,https://litteraturbanken.se/författare/Sj%C3%B6bergED
styrka,SjöbergNL,1800,7,https://litteraturbanken.se/författare/Sj%C3%B6bergNL
styrka,SjöstedtH,1890,1,https://litteraturbanken.se/författare/Sj%C3%B6stedtH
styrka,SjöstedtH,1900,2,https://litteraturbanken.se/författare/Sj%C3%B6stedtH
styrka,SkarstedtCW,1880,24,https://litteraturbanken.se/författare/SkarstedtCW
styrka,SkoglundDCA,1850,1,https://litteraturbanken.se/författare/SkoglundDCA
styrka,Sköldström,1840,1,https://litteraturbanken.se/författare/Sk%C3%B6ldstr%C3%B6m
styrka,SmithC,1890,2,https://litteraturbanken.se/författare/SmithC
styrka,SmittC,1890,1,https://litteraturbanken.se/författare/SmittC
styrka,SnellmanJV,1840,14,https://litteraturbanken.se/författare/SnellmanJV
styrka,SnoilskyC,1860,4,https://litteraturbanken.se/författare/SnoilskyC
styrka,SnoilskyC,1880,22,https://litteraturbanken.se/författare/SnoilskyC
styrka,SnoilskyC,1890,7,https://litteraturbanken.se/författare/SnoilskyC
styrka,SommeliusGL,1840,1,https://litteraturbanken.se/författare/SommeliusGL
styrka,SparreP,1830,53,https://litteraturbanken.se/författare/SparreP
styrka,SparreP,1840,45,https://litteraturbanken.se/författare/SparreP
styrka,SparreP,1850,38,https://litteraturbanken.se/författare/SparreP
styrka,SparreP,1860,8,https://litteraturbanken.se/författare/SparreP
styrka,SparreP,1870,93,https://litteraturbanken.se/författare/SparreP
styrka,SparreS,1880,1,https://litteraturbanken.se/författare/SparreS
styrka,SparrmanGL,1840,3,https://litteraturbanken.se/författare/SparrmanGL
styrka,StaaffAW,1890,4,https://litteraturbanken.se/författare/StaaffAW
styrka,StaaffK,1900,3,https://litteraturbanken.se/författare/StaaffK
styrka,StackelbergO,1870,2,https://litteraturbanken.se/författare/StackelbergO
styrka,StackelbergO,1890,2,https://litteraturbanken.se/författare/StackelbergO
styrka,StagneliusEJ,1880,1,https://litteraturbanken.se/författare/StagneliusEJ
styrka,StahreGW,1870,3,https://litteraturbanken.se/författare/StahreGW
styrka,StarbäckCG,1850,8,https://litteraturbanken.se/författare/Starb%C3%A4ckCG
styrka,StarbäckCG,1860,7,https://litteraturbanken.se/författare/Starb%C3%A4ckCG
styrka,StarbäckCG,1870,68,https://litteraturbanken.se/författare/Starb%C3%A4ckCG
styrka,StarckWA,1890,4,https://litteraturbanken.se/författare/StarckWA
styrka,StarnbergM,1890,40,https://litteraturbanken.se/författare/StarnbergM
styrka,StarnbergM,1900,5,https://litteraturbanken.se/författare/StarnbergM
styrka,SteffenR,1900,3,https://litteraturbanken.se/författare/SteffenR
styrka,SteijerA,1890,2,https://litteraturbanken.se/författare/SteijerA
styrka,StenbergA,1880,2,https://litteraturbanken.se/författare/StenbergA
styrka,StengårdP,1860,8,https://litteraturbanken.se/författare/Steng%C3%A5rdP
styrka,StenhammarJA,1810,50,https://litteraturbanken.se/författare/StenhammarJA
styrka,StiernhielmG,1870,2,https://litteraturbanken.se/författare/StiernhielmG
styrka,StilleA,1890,1,https://litteraturbanken.se/författare/StilleA
styrka,StjerngranatAW,1830,1,https://litteraturbanken.se/författare/StjerngranatAW
styrka,StjernstolpeJM,1820,14,https://litteraturbanken.se/författare/StjernstolpeJM
styrka,StjernströmJ,1850,1,https://litteraturbanken.se/författare/Stjernstr%C3%B6mJ
styrka,StjernströmL,1880,96,https://litteraturbanken.se/författare/Stjernstr%C3%B6mL
styrka,StjernströmL,1890,213,https://litteraturbanken.se/författare/Stjernstr%C3%B6mL
styrka,StockenstrandI,1890,4,https://litteraturbanken.se/författare/StockenstrandI
styrka,StokerB,1900,21,https://litteraturbanken.se/författare/StokerB
styrka,StolpeM,1870,2,https://litteraturbanken.se/författare/StolpeM
styrka,StorckenfeldtS,1890,2,https://litteraturbanken.se/författare/StorckenfeldtS
styrka,StoweHB,1890,18,https://litteraturbanken.se/författare/StoweHB
styrka,StrandbergC,1890,2,https://litteraturbanken.se/författare/StrandbergC
styrka,StrandbergCH,1830,7,https://litteraturbanken.se/författare/StrandbergCH
styrka,StrandbergCVA,1850,2,https://litteraturbanken.se/författare/StrandbergCVA
styrka,StrandbergCVA,1860,4,https://litteraturbanken.se/författare/StrandbergCVA
styrka,StrindbergA,1870,2,https://litteraturbanken.se/författare/StrindbergA
styrka,StrindbergA,1880,29,https://litteraturbanken.se/författare/StrindbergA
styrka,StrindbergA,1890,49,https://litteraturbanken.se/författare/StrindbergA
styrka,StrindbergA,1900,2,https://litteraturbanken.se/författare/StrindbergA
styrka,StrindbergA,1910,3,https://litteraturbanken.se/författare/StrindbergA
styrka,StrindbergO,1880,3,https://litteraturbanken.se/författare/StrindbergO
styrka,StrussenfeltCCA,1820,24,https://litteraturbanken.se/författare/StrussenfeltCCA
styrka,StrussenfeltCCA,1830,32,https://litteraturbanken.se/författare/StrussenfeltCCA
styrka,StrussenfeltCCA,1840,17,https://litteraturbanken.se/författare/StrussenfeltCCA
styrka,StrussenfeltU,1840,17,https://litteraturbanken.se/författare/StrussenfeltU
styrka,StrussenfeltU,1850,134,https://litteraturbanken.se/författare/StrussenfeltU
styrka,StrussenfeltU,1860,59,https://litteraturbanken.se/författare/StrussenfeltU
styrka,StrussenfeltU,1870,1,https://litteraturbanken.se/författare/StrussenfeltU
styrka,StråleGH,1860,2,https://litteraturbanken.se/författare/Str%C3%A5leGH
styrka,StråleGH,1880,3,https://litteraturbanken.se/författare/Str%C3%A5leGH
styrka,StrömE,1880,1,https://litteraturbanken.se/författare/Str%C3%B6mE
styrka,StrömF,1900,2,https://litteraturbanken.se/författare/Str%C3%B6mF
styrka,StrömF,1910,1,https://litteraturbanken.se/författare/Str%C3%B6mF
styrka,StrömF,1920,23,https://litteraturbanken.se/författare/Str%C3%B6mF
styrka,StrömF,1940,23,https://litteraturbanken.se/författare/Str%C3%B6mF
styrka,StrömbergBJGL,1850,2,https://litteraturbanken.se/författare/Str%C3%B6mbergBJGL
styrka,StrömbergL,1890,7,https://litteraturbanken.se/författare/Str%C3%B6mbergL
styrka,StrömbergL,1900,5,https://litteraturbanken.se/författare/Str%C3%B6mbergL
styrka,StrömbergT,1850,1,https://litteraturbanken.se/författare/Str%C3%B6mbergT
styrka,StrömbergT,1880,8,https://litteraturbanken.se/författare/Str%C3%B6mbergT
styrka,StrömerHj,1880,2,https://litteraturbanken.se/författare/Str%C3%B6merHj
styrka,StrömstenLM,1880,4,https://litteraturbanken.se/författare/Str%C3%B6mstenLM
styrka,SturlassonS,1810,13,https://litteraturbanken.se/författare/SturlassonS
styrka,Sturzen-BeckerOP,1830,3,https://litteraturbanken.se/författare/Sturzen-BeckerOP
styrka,Sturzen-BeckerOP,1840,10,https://litteraturbanken.se/författare/Sturzen-BeckerOP
styrka,Sturzen-BeckerOP,1860,13,https://litteraturbanken.se/författare/Sturzen-BeckerOP
styrka,StuxbergA,1890,11,https://litteraturbanken.se/författare/StuxbergA
styrka,StyffeCG,1850,6,https://litteraturbanken.se/författare/StyffeCG
styrka,StyffeCG,1860,11,https://litteraturbanken.se/författare/StyffeCG
styrka,StyffeCG,1870,86,https://litteraturbanken.se/författare/StyffeCG
styrka,StyffeCG,1880,42,https://litteraturbanken.se/författare/StyffeCG
styrka,StålbergW,1830,15,https://litteraturbanken.se/författare/St%C3%A5lbergW
styrka,StålbergW,1840,65,https://litteraturbanken.se/författare/St%C3%A5lbergW
styrka,StålbergW,1850,21,https://litteraturbanken.se/författare/St%C3%A5lbergW
styrka,StålbergW,1860,45,https://litteraturbanken.se/författare/St%C3%A5lbergW
styrka,StålbergW,1870,10,https://litteraturbanken.se/författare/St%C3%A5lbergW
styrka,StéenhoffF,1910,5,https://litteraturbanken.se/författare/St%C3%A9enhoffF
styrka,SundbladJ,1870,18,https://litteraturbanken.se/författare/SundbladJ
styrka,SundbladJ,1880,4,https://litteraturbanken.se/författare/SundbladJ
styrka,SundbladJ,1890,52,https://litteraturbanken.se/författare/SundbladJ
styrka,SundborgJW,1840,1,https://litteraturbanken.se/författare/SundborgJW
styrka,SundeliusAS,1860,5,https://litteraturbanken.se/författare/SundeliusAS
styrka,SundgrenF,1890,1,https://litteraturbanken.se/författare/SundgrenF
styrka,SundlerA,1880,6,https://litteraturbanken.se/författare/SundlerA
styrka,SundmanG,1890,1,https://litteraturbanken.se/författare/SundmanG
styrka,SundqvistEW,1890,6,https://litteraturbanken.se/författare/SundqvistEW
styrka,SundströmG,1850,6,https://litteraturbanken.se/författare/Sundstr%C3%B6mG
styrka,SundströmK,1860,18,https://litteraturbanken.se/författare/Sundstr%C3%B6mK
styrka,SuttnerB,1890,5,https://litteraturbanken.se/författare/SuttnerB
styrka,SvahnA,1870,5,https://litteraturbanken.se/författare/SvahnA
styrka,SvahnO,1880,2,https://litteraturbanken.se/författare/SvahnO
styrka,SvanlundYF,1890,1,https://litteraturbanken.se/författare/SvanlundYF
styrka,SvartengrenJ,1840,1,https://litteraturbanken.se/författare/SvartengrenJ
styrka,SvartengrenT,1880,1,https://litteraturbanken.se/författare/SvartengrenT
styrka,SvedbomPE,1840,24,https://litteraturbanken.se/författare/SvedbomPE
styrka,SvedeliusWE,1860,4,https://litteraturbanken.se/författare/SvedeliusWE
styrka,SvedeliusWE,1870,38,https://litteraturbanken.se/författare/SvedeliusWE
styrka,SvedeliusWE,1880,4,https://litteraturbanken.se/författare/SvedeliusWE
styrka,SvensonF,1890,4,https://litteraturbanken.se/författare/SvensonF
styrka,SvensonGranerH,1900,1,https://litteraturbanken.se/författare/SvensonGranerH
styrka,SvensonGranerH,1910,3,https://litteraturbanken.se/författare/SvensonGranerH
styrka,SvenssonNP,1900,4,https://litteraturbanken.se/författare/SvenssonNP
styrka,SwedenborgE,1920,8,https://litteraturbanken.se/författare/SwedenborgE
styrka,SäfströmA,1850,1,https://litteraturbanken.se/författare/S%C3%A4fstr%C3%B6mA
styrka,SällbergT,1890,29,https://litteraturbanken.se/författare/S%C3%A4llbergT
styrka,SätherbergH,1840,15,https://litteraturbanken.se/författare/S%C3%A4therbergH
styrka,SätherbergH,1860,8,https://litteraturbanken.se/författare/S%C3%A4therbergH
styrka,SätherbergH,1870,7,https://litteraturbanken.se/författare/S%C3%A4therbergH
styrka,SätherbergH,1880,8,https://litteraturbanken.se/författare/S%C3%A4therbergH
styrka,SöderbergH,1890,1,https://litteraturbanken.se/författare/S%C3%B6derbergH
styrka,SöderbergH,1900,17,https://litteraturbanken.se/författare/S%C3%B6derbergH
styrka,SöderbergH,1910,3,https://litteraturbanken.se/författare/S%C3%B6derbergH
styrka,SöderbergH,1920,17,https://litteraturbanken.se/författare/S%C3%B6derbergH
styrka,SöderbergH,1930,11,https://litteraturbanken.se/författare/S%C3%B6derbergH
styrka,SöderbergM,1920,3,https://litteraturbanken.se/författare/S%C3%B6derbergM
styrka,SöderbergN,1890,5,https://litteraturbanken.se/författare/S%C3%B6derbergN
styrka,SöderblomN,1910,1,https://litteraturbanken.se/författare/S%C3%B6derblomN
styrka,SöderblomN,1920,27,https://litteraturbanken.se/författare/S%C3%B6derblomN
styrka,SöderbomASE,1890,5,https://litteraturbanken.se/författare/S%C3%B6derbomASE
styrka,SödergranE,1910,4,https://litteraturbanken.se/författare/S%C3%B6dergranE
styrka,SödergranE,1920,4,https://litteraturbanken.se/författare/S%C3%B6dergranE
styrka,SöderhjelmA,1910,1,https://litteraturbanken.se/författare/S%C3%B6derhjelmA
styrka,SöderhjelmA,1920,7,https://litteraturbanken.se/författare/S%C3%B6derhjelmA
styrka,SöderhjelmW,1900,11,https://litteraturbanken.se/författare/S%C3%B6derhjelmW
styrka,SöderholmK,1930,1,https://litteraturbanken.se/författare/S%C3%B6derholmK
styrka,SödlingCE,1880,6,https://litteraturbanken.se/författare/S%C3%B6dlingCE
styrka,SörensenS,1890,3,https://litteraturbanken.se/författare/S%C3%B6rensenS
styrka,SörmanP,1920,8,https://litteraturbanken.se/författare/S%C3%B6rmanP
styrka,SörmanP,1930,7,https://litteraturbanken.se/författare/S%C3%B6rmanP
styrka,TammH,1910,3,https://litteraturbanken.se/författare/TammH
styrka,TammelinF,1880,6,https://litteraturbanken.se/författare/TammelinF
styrka,TammelinF,1890,8,https://litteraturbanken.se/författare/TammelinF
styrka,Tankebyggarorden,1750,13,https://litteraturbanken.se/författare/Tankebyggarorden
styrka,TavaststjernaK,1880,4,https://litteraturbanken.se/författare/TavaststjernaK
styrka,TavaststjernaK,1890,35,https://litteraturbanken.se/författare/TavaststjernaK
styrka,TegnérA,1910,5,https://litteraturbanken.se/författare/Tegn%C3%A9rA
styrka,TegnérE,1820,6,https://litteraturbanken.se/författare/Tegn%C3%A9rE
styrka,TegnérE,1830,6,https://litteraturbanken.se/författare/Tegn%C3%A9rE
styrka,TegnérE,1840,2,https://litteraturbanken.se/författare/Tegn%C3%A9rE
styrka,TegnérE,1880,3,https://litteraturbanken.se/författare/Tegn%C3%A9rE
styrka,TenggrenJF,1860,2,https://litteraturbanken.se/författare/TenggrenJF
styrka,TengströmJ,1890,30,https://litteraturbanken.se/författare/Tengstr%C3%B6mJ
styrka,TenowE,1880,6,https://litteraturbanken.se/författare/TenowE
styrka,TernauxCompansH,1840,4,https://litteraturbanken.se/författare/TernauxCompansH
styrka,TersmedenC,1910,84,https://litteraturbanken.se/författare/TersmedenC
styrka,TersmedenM,1860,7,https://litteraturbanken.se/författare/TersmedenM
styrka,TersmedenM,1870,10,https://litteraturbanken.se/författare/TersmedenM
styrka,TeuchlerA,1890,8,https://litteraturbanken.se/författare/TeuchlerA
styrka,ThiesenSA,1870,2,https://litteraturbanken.se/författare/ThiesenSA
styrka,ThomassonN,1890,13,https://litteraturbanken.se/författare/ThomassonN
styrka,ThomassonP,1840,6,https://litteraturbanken.se/författare/ThomassonP
styrka,ThomassonP,1850,1,https://litteraturbanken.se/författare/ThomassonP
styrka,ThomassonP,1860,36,https://litteraturbanken.se/författare/ThomassonP
styrka,ThomassonP,1870,10,https://litteraturbanken.se/författare/ThomassonP
styrka,ThomassonP,1880,40,https://litteraturbanken.se/författare/ThomassonP
styrka,ThomsonNH,1830,7,https://litteraturbanken.se/författare/ThomsonNH
styrka,ThorellP,1860,2,https://litteraturbanken.se/författare/ThorellP
styrka,ThorildT,1900,3,https://litteraturbanken.se/författare/ThorildT
styrka,ThorsanderG,1880,14,https://litteraturbanken.se/författare/ThorsanderG
styrka,ThorsanderG,1890,39,https://litteraturbanken.se/författare/ThorsanderG
styrka,ThörnbergCH,1880,6,https://litteraturbanken.se/författare/Th%C3%B6rnbergCH
styrka,TibellCC,1850,4,https://litteraturbanken.se/författare/TibellCC
styrka,TibellCC,1870,3,https://litteraturbanken.se/författare/TibellCC
styrka,TidanderLGT,1870,3,https://litteraturbanken.se/författare/TidanderLGT
styrka,TigerschiöldCW,1860,25,https://litteraturbanken.se/författare/Tigerschi%C3%B6ldCW
styrka,TigerschiöldH,1880,4,https://litteraturbanken.se/författare/Tigerschi%C3%B6ldH
styrka,TigerschiöldH,1890,1,https://litteraturbanken.se/författare/Tigerschi%C3%B6ldH
styrka,TiseliusCA,1920,5,https://litteraturbanken.se/författare/TiseliusCA
styrka,TopeliusZ,1850,52,https://litteraturbanken.se/författare/TopeliusZ
styrka,TopeliusZ,1860,13,https://litteraturbanken.se/författare/TopeliusZ
styrka,TopeliusZ,1870,16,https://litteraturbanken.se/författare/TopeliusZ
styrka,TopeliusZ,1880,64,https://litteraturbanken.se/författare/TopeliusZ
styrka,TopeliusZ,1890,3,https://litteraturbanken.se/författare/TopeliusZ
styrka,TornbergCJ,1870,3,https://litteraturbanken.se/författare/TornbergCJ
styrka,TorpadiusJI,1800,1,https://litteraturbanken.se/författare/TorpadiusJI
styrka,TorénRW,1880,3,https://litteraturbanken.se/författare/Tor%C3%A9nRW
styrka,TrolleH,1860,25,https://litteraturbanken.se/författare/TrolleH
styrka,TrolleH,1870,273,https://litteraturbanken.se/författare/TrolleH
styrka,TrolleH,1880,160,https://litteraturbanken.se/författare/TrolleH
styrka,TuriJ,1910,1,https://litteraturbanken.se/författare/TuriJ
styrka,TörnbergCL,1880,9,https://litteraturbanken.se/författare/T%C3%B6rnbergCL
styrka,TörnblomJA,1900,8,https://litteraturbanken.se/författare/T%C3%B6rnblomJA
styrka,TörnblomJA,1910,10,https://litteraturbanken.se/författare/T%C3%B6rnblomJA
styrka,TörnblomJA,1920,4,https://litteraturbanken.se/författare/T%C3%B6rnblomJA
styrka,TörnebladhR,1880,28,https://litteraturbanken.se/författare/T%C3%B6rnebladhR
styrka,TörnegrenCW,1860,1,https://litteraturbanken.se/författare/T%C3%B6rnegrenCW
styrka,TörnerO,1880,6,https://litteraturbanken.se/författare/T%C3%B6rnerO
styrka,TörnqvistJP,1870,4,https://litteraturbanken.se/författare/T%C3%B6rnqvistJP
styrka,TörnströmA,1890,4,https://litteraturbanken.se/författare/T%C3%B6rnstr%C3%B6mA
styrka,UddgrenG,1900,4,https://litteraturbanken.se/författare/UddgrenG
styrka,UddgrenG,1910,14,https://litteraturbanken.se/författare/UddgrenG
styrka,UlinU,1880,1,https://litteraturbanken.se/författare/UlinU
styrka,UllmanG,1900,7,https://litteraturbanken.se/författare/UllmanG
styrka,UndsetS,1920,3,https://litteraturbanken.se/författare/UndsetS
styrka,UngeOS,1820,2,https://litteraturbanken.se/författare/UngeOS
styrka,UngeOS,1830,4,https://litteraturbanken.se/författare/UngeOS
styrka,UtterströmOP,1870,12,https://litteraturbanken.se/författare/Utterstr%C3%B6mOP
styrka,ValeriusJD,1830,21,https://litteraturbanken.se/författare/ValeriusJD
styrka,VallentinH,1890,1,https://litteraturbanken.se/författare/VallentinH
styrka,VendellH,1880,3,https://litteraturbanken.se/författare/VendellH
styrka,VestlingerJL,1840,5,https://litteraturbanken.se/författare/VestlingerJL
styrka,VikströmA,1890,2,https://litteraturbanken.se/författare/Vikstr%C3%B6mA
styrka,VinellS,1880,1,https://litteraturbanken.se/författare/VinellS
styrka,VirginAG,1850,3,https://litteraturbanken.se/författare/VirginAG
styrka,VirginAG,1860,2,https://litteraturbanken.se/författare/VirginAG
styrka,VirginAG,1870,3,https://litteraturbanken.se/författare/VirginAG
styrka,VirginAG,1880,3,https://litteraturbanken.se/författare/VirginAG
styrka,VirginRWU,1840,2,https://litteraturbanken.se/författare/VirginRWU
styrka,VisénK,1880,5,https://litteraturbanken.se/författare/Vis%C3%A9nK
styrka,VäplingK,1880,1,https://litteraturbanken.se/författare/V%C3%A4plingK
styrka,VärnlundR,1920,17,https://litteraturbanken.se/författare/V%C3%A4rnlundR
styrka,VärnlundR,1930,14,https://litteraturbanken.se/författare/V%C3%A4rnlundR
styrka,WachtmeisterH,1880,3,https://litteraturbanken.se/författare/WachtmeisterH
styrka,WadmanJA,1850,28,https://litteraturbanken.se/författare/WadmanJA
styrka,WadströmCG,1830,9,https://litteraturbanken.se/författare/Wadstr%C3%B6mCG
styrka,WahlenbergA,1880,3,https://litteraturbanken.se/författare/WahlenbergA
styrka,WahlenbergA,1890,17,https://litteraturbanken.se/författare/WahlenbergA
styrka,WahlenbergA,1900,1,https://litteraturbanken.se/författare/WahlenbergA
styrka,WahlenbergA,1910,1,https://litteraturbanken.se/författare/WahlenbergA
styrka,WahlinOF,1830,3,https://litteraturbanken.se/författare/WahlinOF
styrka,WahlströmP,1800,7,https://litteraturbanken.se/författare/Wahlstr%C3%B6mP
styrka,WaldeO,1910,3,https://litteraturbanken.se/författare/WaldeO
styrka,WaldeO,1920,4,https://litteraturbanken.se/författare/WaldeO
styrka,WallWA,1840,1,https://litteraturbanken.se/författare/WallWA
styrka,WallenbergJ,1880,5,https://litteraturbanken.se/författare/WallenbergJ
styrka,WallengrenA,1890,12,https://litteraturbanken.se/författare/WallengrenA
styrka,WallensteenN,1900,4,https://litteraturbanken.se/författare/WallensteenN
styrka,WallinJO,1820,11,https://litteraturbanken.se/författare/WallinJO
styrka,WallinJO,1840,1,https://litteraturbanken.se/författare/WallinJO
styrka,WallinJP,1870,1,https://litteraturbanken.se/författare/WallinJP
styrka,WallinJP,1880,26,https://litteraturbanken.se/författare/WallinJP
styrka,WallinW,1880,2,https://litteraturbanken.se/författare/WallinW
styrka,WallmarkE,1880,1,https://litteraturbanken.se/författare/WallmarkE
styrka,WallmarkPA,1810,1,https://litteraturbanken.se/författare/WallmarkPA
styrka,WallmoU,1900,12,https://litteraturbanken.se/författare/WallmoU
styrka,WallénA,1840,3,https://litteraturbanken.se/författare/Wall%C3%A9nA
styrka,WarburgK,1900,8,https://litteraturbanken.se/författare/WarburgK
styrka,WarburgK,1910,19,https://litteraturbanken.se/författare/WarburgK
styrka,WarholmJW,1870,9,https://litteraturbanken.se/författare/WarholmJW
styrka,WavrinskyE,1870,1,https://litteraturbanken.se/författare/WavrinskyE
styrka,WaxbergH,1890,3,https://litteraturbanken.se/författare/WaxbergH
styrka,WecksellJJ,1860,2,https://litteraturbanken.se/författare/WecksellJJ
styrka,WeilandP,1880,6,https://litteraturbanken.se/författare/WeilandP
styrka,WeilandP,1890,7,https://litteraturbanken.se/författare/WeilandP
styrka,WejdlingE,1890,1,https://litteraturbanken.se/författare/WejdlingE
styrka,WelinC,1850,3,https://litteraturbanken.se/författare/WelinC
styrka,WendelJ,1860,11,https://litteraturbanken.se/författare/WendelJ
styrka,WennbergF,1860,14,https://litteraturbanken.se/författare/WennbergF
styrka,WennbergF,1880,4,https://litteraturbanken.se/författare/WennbergF
styrka,WennbergFW,1850,5,https://litteraturbanken.se/författare/WennbergFW
styrka,WennerbergI,1890,2,https://litteraturbanken.se/författare/WennerbergI
styrka,WenströmCE,1830,1,https://litteraturbanken.se/författare/Wenstr%C3%B6mCE
styrka,WernbergHj,1890,38,https://litteraturbanken.se/författare/WernbergHj
styrka,WernbergHj,1900,11,https://litteraturbanken.se/författare/WernbergHj
styrka,WestdahlP,1870,4,https://litteraturbanken.se/författare/WestdahlP
styrka,WesterE,1900,2,https://litteraturbanken.se/författare/WesterE
styrka,WesterbergE,1890,3,https://litteraturbanken.se/författare/WesterbergE
styrka,WesterdahlA,1880,1,https://litteraturbanken.se/författare/WesterdahlA
styrka,WestergrenG,1870,1,https://litteraturbanken.se/författare/WestergrenG
styrka,WesterlundCA,1850,2,https://litteraturbanken.se/författare/WesterlundCA
styrka,WestermarckH,1890,2,https://litteraturbanken.se/författare/WestermarckH
styrka,WestermarckH,1900,1,https://litteraturbanken.se/författare/WestermarckH
styrka,WestermarkO,1890,6,https://litteraturbanken.se/författare/WestermarkO
styrka,WesterstrandA,1880,3,https://litteraturbanken.se/författare/WesterstrandA
styrka,WesterstrandP,1850,3,https://litteraturbanken.se/författare/WesterstrandP
styrka,WestholmE,1850,3,https://litteraturbanken.se/författare/WestholmE
styrka,WestinCE,1880,2,https://litteraturbanken.se/författare/WestinCE
styrka,WetterberghCA,1840,26,https://litteraturbanken.se/författare/WetterberghCA
styrka,WetterberghCA,1850,27,https://litteraturbanken.se/författare/WetterberghCA
styrka,WetterberghCA,1860,2,https://litteraturbanken.se/författare/WetterberghCA
styrka,WetterberghCA,1880,29,https://litteraturbanken.se/författare/WetterberghCA
styrka,WetterberghCA,1890,3,https://litteraturbanken.se/författare/WetterberghCA
styrka,WettergrundJ,1850,4,https://litteraturbanken.se/författare/WettergrundJ
styrka,WettergrundJ,1860,23,https://litteraturbanken.se/författare/WettergrundJ
styrka,WettergrundJ,1870,4,https://litteraturbanken.se/författare/WettergrundJ
styrka,WettergrundJ,1880,23,https://litteraturbanken.se/författare/WettergrundJ
styrka,WetterhoffK,1880,2,https://litteraturbanken.se/författare/WetterhoffK
styrka,WetterstedtNJ,1830,2,https://litteraturbanken.se/författare/WetterstedtNJ
styrka,WhitlockA,1880,2,https://litteraturbanken.se/författare/WhitlockA
styrka,WichmannKE,1880,9,https://litteraturbanken.se/författare/WichmannKE
styrka,WichmannKE,1890,1,https://litteraturbanken.se/författare/WichmannKE
styrka,WickmanF,1870,2,https://litteraturbanken.se/författare/WickmanF
styrka,WickströmVH,1880,11,https://litteraturbanken.se/författare/Wickstr%C3%B6mVH
styrka,WickströmVH,1890,12,https://litteraturbanken.se/författare/Wickstr%C3%B6mVH
styrka,WickströmVH,1900,8,https://litteraturbanken.se/författare/Wickstr%C3%B6mVH
styrka,WidmarkPF,1850,3,https://litteraturbanken.se/författare/WidmarkPF
styrka,WidmarkPF,1860,2,https://litteraturbanken.se/författare/WidmarkPF
styrka,WidmarkPF,1870,2,https://litteraturbanken.se/författare/WidmarkPF
styrka,WieselgrenS,1860,5,https://litteraturbanken.se/författare/WieselgrenS
styrka,WieselgrenS,1880,1,https://litteraturbanken.se/författare/WieselgrenS
styrka,WieselgrenS,1890,2,https://litteraturbanken.se/författare/WieselgrenS
styrka,WigforssJ,1890,2,https://litteraturbanken.se/författare/WigforssJ
styrka,WigströmE,1870,18,https://litteraturbanken.se/författare/Wigstr%C3%B6mE
styrka,WigströmE,1880,19,https://litteraturbanken.se/författare/Wigstr%C3%B6mE
styrka,WigströmE,1890,7,https://litteraturbanken.se/författare/Wigstr%C3%B6mE
styrka,WijkanderO,1880,2,https://litteraturbanken.se/författare/WijkanderO
styrka,WiknerP,1860,7,https://litteraturbanken.se/författare/WiknerP
styrka,WiknerP,1880,5,https://litteraturbanken.se/författare/WiknerP
styrka,WingårdJ,1800,2,https://litteraturbanken.se/författare/Wing%C3%A5rdJ
styrka,WinterR,1870,3,https://litteraturbanken.se/författare/WinterR
styrka,WinterR,1880,10,https://litteraturbanken.se/författare/WinterR
styrka,WinterR,1890,2,https://litteraturbanken.se/författare/WinterR
styrka,WirsénCDaf,1870,3,https://litteraturbanken.se/författare/Wirs%C3%A9nCDaf
styrka,WirsénCDaf,1880,3,https://litteraturbanken.se/författare/Wirs%C3%A9nCDaf
styrka,WirsénCDaf,1890,5,https://litteraturbanken.se/författare/Wirs%C3%A9nCDaf
styrka,WittO,1900,1,https://litteraturbanken.se/författare/WittO
styrka,WittO,1910,30,https://litteraturbanken.se/författare/WittO
styrka,WranérH,1880,1,https://litteraturbanken.se/författare/Wran%C3%A9rH
styrka,WranérH,1890,4,https://litteraturbanken.se/författare/Wran%C3%A9rH
styrka,WranérH,1900,1,https://litteraturbanken.se/författare/Wran%C3%A9rH
styrka,WägnerE,1900,4,https://litteraturbanken.se/författare/W%C3%A4gnerE
styrka,WägnerE,1910,19,https://litteraturbanken.se/författare/W%C3%A4gnerE
styrka,WägnerE,1920,33,https://litteraturbanken.se/författare/W%C3%A4gnerE
styrka,WägnerE,1930,13,https://litteraturbanken.se/författare/W%C3%A4gnerE
styrka,WägnerE,1940,17,https://litteraturbanken.se/författare/W%C3%A4gnerE
styrka,WästbergA,1880,2,https://litteraturbanken.se/författare/W%C3%A4stbergA
styrka,WågmanFO,1900,2,https://litteraturbanken.se/författare/W%C3%A5gmanFO
styrka,WåhlinA,1880,1,https://litteraturbanken.se/författare/W%C3%A5hlinA
styrka,WåhlstrandK,1880,3,https://litteraturbanken.se/författare/W%C3%A5hlstrandK
styrka,WærnérN,1900,5,https://litteraturbanken.se/författare/W%C3%A6rn%C3%A9rN
styrka,ZedritzCE,1830,7,https://litteraturbanken.se/författare/ZedritzCE
styrka,ZeipelCvon,1840,1,https://litteraturbanken.se/författare/ZeipelCvon
styrka,ZetheliusI,1890,1,https://litteraturbanken.se/författare/ZetheliusI
styrka,ZetterholmC,1880,3,https://litteraturbanken.se/författare/ZetterholmC
styrka,ZetterstedtJW,1860,19,https://litteraturbanken.se/författare/ZetterstedtJW
styrka,ZetterströmH,1890,1,https://litteraturbanken.se/författare/Zetterstr%C3%B6mH
styrka,ZetterströmH,1900,1,https://litteraturbanken.se/författare/Zetterstr%C3%B6mH
styrka,ZilliacusKäldre,1890,2,https://litteraturbanken.se/författare/ZilliacusK%C3%A4ldre
styrka,ÅbergJE,1850,6,https://litteraturbanken.se/författare/%C3%85bergJE
styrka,ÅbergJO,1870,102,https://litteraturbanken.se/författare/%C3%85bergJO
styrka,ÅbergJO,1880,540,https://litteraturbanken.se/författare/%C3%85bergJO
styrka,ÅbergJO,1890,357,https://litteraturbanken.se/författare/%C3%85bergJO
styrka,ÅbergJO,1900,15,https://litteraturbanken.se/författare/%C3%85bergJO
styrka,ÅbergK,1880,69,https://litteraturbanken.se/författare/%C3%85bergK
styrka,ÅgrenLP,1850,1,https://litteraturbanken.se/författare/%C3%85grenLP
styrka,ÅkerbergS,1890,3,https://litteraturbanken.se/författare/%C3%85kerbergS
styrka,ÅkerblomA,1890,3,https://litteraturbanken.se/författare/%C3%85kerblomA
styrka,ÅkerholmS,1830,2,https://litteraturbanken.se/författare/%C3%85kerholmS
styrka,ÅkerlundPA,1860,4,https://litteraturbanken.se/författare/%C3%85kerlundPA
styrka,ÅlundP,1890,1,https://litteraturbanken.se/författare/%C3%85lundP
styrka,ÅslundD,1850,3,https://litteraturbanken.se/författare/%C3%85slundD
styrka,ÅslundD,1880,1,https://litteraturbanken.se/författare/%C3%85slundD
styrka,ÖbergE,1870,4,https://litteraturbanken.se/författare/%C3%96bergE
styrka,ÖbergLT,1840,3,https://litteraturbanken.se/författare/%C3%96bergLT
styrka,ÖbergLT,1850,9,https://litteraturbanken.se/författare/%C3%96bergLT
styrka,ÖbergLT,1860,18,https://litteraturbanken.se/författare/%C3%96bergLT
styrka,ÖbergLT,1870,18,https://litteraturbanken.se/författare/%C3%96bergLT
styrka,ÖdbergPI,1870,1,https://litteraturbanken.se/författare/%C3%96dbergPI
styrka,ÖdmanP,1880,20,https://litteraturbanken.se/författare/%C3%96dmanP
styrka,ÖdmanP,1890,5,https://litteraturbanken.se/författare/%C3%96dmanP
styrka,ÖdmannJM,1870,4,https://litteraturbanken.se/författare/%C3%96dmannJM
styrka,ÖdmannJM,1880,41,https://litteraturbanken.se/författare/%C3%96dmannJM
styrka,ÖdmannJM,1890,5,https://litteraturbanken.se/författare/%C3%96dmannJM
styrka,ÖdmannJM,1900,10,https://litteraturbanken.se/författare/%C3%96dmannJM
styrka,ÖhlinCG,1870,1,https://litteraturbanken.se/författare/%C3%96hlinCG
styrka,ÖlanderAH,1860,1,https://litteraturbanken.se/författare/%C3%96landerAH
styrka,ÖmanVE,1860,12,https://litteraturbanken.se/författare/%C3%96manVE
tension,LjunggrenG,1890,1,https://litteraturbanken.se/författare/LjunggrenG
tension,QuennerstedtA,1900,1,https://litteraturbanken.se/författare/QuennerstedtA
tension,SkarstedtCW,1880,1,https://litteraturbanken.se/författare/SkarstedtCW
tension,StrindbergA,1880,1,https://litteraturbanken.se/författare/StrindbergA
tension,StrindbergA,1890,3,https://litteraturbanken.se/författare/StrindbergA
tension,ThomassonP,1860,1,https://litteraturbanken.se/författare/ThomassonP
