year,resource,target,absolute,tokens,per_million
1622,lb,attraktion,0,12158,0.0
1622,lb,elektricitet,0,12158,0.0
1622,lb,elektriker,0,12158,0.0
1622,lb,elektrisk,0,12158,0.0
1622,lb,emanation,0,12158,0.0
1622,lb,emanera,0,12158,0.0
1622,lb,fluidum,0,12158,0.0
1622,lb,induktion,0,12158,0.0
1622,lb,influens,0,12158,0.0
1622,lb,influera,0,12158,0.0
1622,lb,kondensation,0,12158,0.0
1622,lb,kraft,0,12158,0.0
1622,lb,ladda,0,12158,0.0
1622,lb,laddning,0,12158,0.0
1622,lb,magnet,0,12158,0.0
1622,lb,magnetisera,0,12158,0.0
1622,lb,magnetism,0,12158,0.0
1622,lb,nerv,0,12158,0.0
1622,lb,repulsion,0,12158,0.0
1622,lb,spänning,0,12158,0.0
1622,lb,strålning,0,12158,0.0
1622,lb,ström,0,12158,0.0
1622,lb,strömning,0,12158,0.0
1622,lb,styrka,0,12158,0.0
1622,lb,tension,0,12158,0.0
1645,lb,attraktion,0,21749,0.0
1645,lb,elektricitet,0,21749,0.0
1645,lb,elektriker,0,21749,0.0
1645,lb,elektrisk,0,21749,0.0
1645,lb,emanation,0,21749,0.0
1645,lb,emanera,0,21749,0.0
1645,lb,fluidum,0,21749,0.0
1645,lb,induktion,0,21749,0.0
1645,lb,influens,0,21749,0.0
1645,lb,influera,0,21749,0.0
1645,lb,kondensation,0,21749,0.0
1645,lb,kraft,0,21749,0.0
1645,lb,ladda,0,21749,0.0
1645,lb,laddning,0,21749,0.0
1645,lb,magnet,0,21749,0.0
1645,lb,magnetisera,0,21749,0.0
1645,lb,magnetism,0,21749,0.0
1645,lb,nerv,0,21749,0.0
1645,lb,repulsion,0,21749,0.0
1645,lb,spänning,0,21749,0.0
1645,lb,strålning,0,21749,0.0
1645,lb,ström,0,21749,0.0
1645,lb,strömning,0,21749,0.0
1645,lb,styrka,2,21749,91.95825095406686
1645,lb,tension,0,21749,0.0
1649,lb,attraktion,0,26460,0.0
1649,lb,elektricitet,0,26460,0.0
1649,lb,elektriker,0,26460,0.0
1649,lb,elektrisk,0,26460,0.0
1649,lb,emanation,0,26460,0.0
1649,lb,emanera,0,26460,0.0
1649,lb,fluidum,0,26460,0.0
1649,lb,induktion,0,26460,0.0
1649,lb,influens,0,26460,0.0
1649,lb,influera,0,26460,0.0
1649,lb,kondensation,0,26460,0.0
1649,lb,kraft,0,26460,0.0
1649,lb,ladda,0,26460,0.0
1649,lb,laddning,0,26460,0.0
1649,lb,magnet,0,26460,0.0
1649,lb,magnetisera,0,26460,0.0
1649,lb,magnetism,0,26460,0.0
1649,lb,nerv,0,26460,0.0
1649,lb,repulsion,0,26460,0.0
1649,lb,spänning,0,26460,0.0
1649,lb,strålning,0,26460,0.0
1649,lb,ström,0,26460,0.0
1649,lb,strömning,0,26460,0.0
1649,lb,styrka,3,26460,113.37868480725623
1649,lb,tension,0,26460,0.0
1703,lb,attraktion,0,1796708,0.0
1703,lb,elektricitet,0,1796708,0.0
1703,lb,elektriker,0,1796708,0.0
1703,lb,elektrisk,0,1796708,0.0
1703,lb,emanation,0,1796708,0.0
1703,lb,emanera,0,1796708,0.0
1703,lb,fluidum,0,1796708,0.0
1703,lb,induktion,0,1796708,0.0
1703,lb,influens,0,1796708,0.0
1703,lb,influera,0,1796708,0.0
1703,lb,kondensation,0,1796708,0.0
1703,lb,kraft,312,1796708,173.65092157434597
1703,lb,ladda,2,1796708,1.1131469331688844
1703,lb,laddning,0,1796708,0.0
1703,lb,magnet,0,1796708,0.0
1703,lb,magnetisera,0,1796708,0.0
1703,lb,magnetism,0,1796708,0.0
1703,lb,nerv,0,1796708,0.0
1703,lb,repulsion,0,1796708,0.0
1703,lb,spänning,0,1796708,0.0
1703,lb,strålning,0,1796708,0.0
1703,lb,ström,25,1796708,13.914336664611055
1703,lb,strömning,0,1796708,0.0
1703,lb,styrka,1,1796708,0.5565734665844422
1703,lb,tension,0,1796708,0.0
1713,lb,attraktion,0,64639,0.0
1713,lb,elektricitet,0,64639,0.0
1713,lb,elektriker,0,64639,0.0
1713,lb,elektrisk,0,64639,0.0
1713,lb,emanation,0,64639,0.0
1713,lb,emanera,0,64639,0.0
1713,lb,fluidum,0,64639,0.0
1713,lb,induktion,0,64639,0.0
1713,lb,influens,0,64639,0.0
1713,lb,influera,0,64639,0.0
1713,lb,kondensation,0,64639,0.0
1713,lb,kraft,15,64639,232.05804545243583
1713,lb,ladda,0,64639,0.0
1713,lb,laddning,0,64639,0.0
1713,lb,magnet,0,64639,0.0
1713,lb,magnetisera,0,64639,0.0
1713,lb,magnetism,0,64639,0.0
1713,lb,nerv,0,64639,0.0
1713,lb,repulsion,0,64639,0.0
1713,lb,spänning,0,64639,0.0
1713,lb,strålning,0,64639,0.0
1713,lb,ström,4,64639,61.882145453982886
1713,lb,strömning,0,64639,0.0
1713,lb,styrka,7,64639,108.29375454447006
1713,lb,tension,0,64639,0.0
1732,lb,attraktion,0,33381,0.0
1732,lb,elektricitet,0,33381,0.0
1732,lb,elektriker,0,33381,0.0
1732,lb,elektrisk,0,33381,0.0
1732,lb,emanation,0,33381,0.0
1732,lb,emanera,0,33381,0.0
1732,lb,fluidum,0,33381,0.0
1732,lb,induktion,0,33381,0.0
1732,lb,influens,0,33381,0.0
1732,lb,influera,0,33381,0.0
1732,lb,kondensation,0,33381,0.0
1732,lb,kraft,3,33381,89.87148377819717
1732,lb,ladda,0,33381,0.0
1732,lb,laddning,0,33381,0.0
1732,lb,magnet,0,33381,0.0
1732,lb,magnetisera,0,33381,0.0
1732,lb,magnetism,0,33381,0.0
1732,lb,nerv,0,33381,0.0
1732,lb,repulsion,0,33381,0.0
1732,lb,spänning,0,33381,0.0
1732,lb,strålning,0,33381,0.0
1732,lb,ström,0,33381,0.0
1732,lb,strömning,0,33381,0.0
1732,lb,styrka,1,33381,29.957161259399058
1732,lb,tension,0,33381,0.0
1740,lb,attraktion,0,47456,0.0
1740,lb,elektricitet,0,47456,0.0
1740,lb,elektriker,0,47456,0.0
1740,lb,elektrisk,0,47456,0.0
1740,lb,emanation,0,47456,0.0
1740,lb,emanera,0,47456,0.0
1740,lb,fluidum,0,47456,0.0
1740,lb,induktion,0,47456,0.0
1740,lb,influens,0,47456,0.0
1740,lb,influera,0,47456,0.0
1740,lb,kondensation,0,47456,0.0
1740,lb,kraft,2,47456,42.144302090357385
1740,lb,ladda,0,47456,0.0
1740,lb,laddning,0,47456,0.0
1740,lb,magnet,2,47456,42.144302090357385
1740,lb,magnetisera,0,47456,0.0
1740,lb,magnetism,0,47456,0.0
1740,lb,nerv,0,47456,0.0
1740,lb,repulsion,0,47456,0.0
1740,lb,spänning,0,47456,0.0
1740,lb,strålning,0,47456,0.0
1740,lb,ström,0,47456,0.0
1740,lb,strömning,0,47456,0.0
1740,lb,styrka,0,47456,0.0
1740,lb,tension,0,47456,0.0
1749,lb,attraktion,0,105,0.0
1749,lb,elektricitet,0,105,0.0
1749,lb,elektriker,0,105,0.0
1749,lb,elektrisk,0,105,0.0
1749,lb,emanation,0,105,0.0
1749,lb,emanera,0,105,0.0
1749,lb,fluidum,0,105,0.0
1749,lb,induktion,0,105,0.0
1749,lb,influens,0,105,0.0
1749,lb,influera,0,105,0.0
1749,lb,kondensation,0,105,0.0
1749,lb,kraft,0,105,0.0
1749,lb,ladda,0,105,0.0
1749,lb,laddning,0,105,0.0
1749,lb,magnet,0,105,0.0
1749,lb,magnetisera,0,105,0.0
1749,lb,magnetism,0,105,0.0
1749,lb,nerv,0,105,0.0
1749,lb,repulsion,0,105,0.0
1749,lb,spänning,0,105,0.0
1749,lb,strålning,0,105,0.0
1749,lb,ström,0,105,0.0
1749,lb,strömning,0,105,0.0
1749,lb,styrka,0,105,0.0
1749,lb,tension,0,105,0.0
1751,lb,attraktion,0,976901,0.0
1751,lb,elektricitet,0,976901,0.0
1751,lb,elektriker,0,976901,0.0
1751,lb,elektrisk,0,976901,0.0
1751,lb,emanation,0,976901,0.0
1751,lb,emanera,0,976901,0.0
1751,lb,fluidum,0,976901,0.0
1751,lb,induktion,0,976901,0.0
1751,lb,influens,0,976901,0.0
1751,lb,influera,0,976901,0.0
1751,lb,kondensation,0,976901,0.0
1751,lb,kraft,3,976901,3.070935540039369
1751,lb,ladda,0,976901,0.0
1751,lb,laddning,0,976901,0.0
1751,lb,magnet,0,976901,0.0
1751,lb,magnetisera,0,976901,0.0
1751,lb,magnetism,0,976901,0.0
1751,lb,nerv,0,976901,0.0
1751,lb,repulsion,0,976901,0.0
1751,lb,spänning,0,976901,0.0
1751,lb,strålning,0,976901,0.0
1751,lb,ström,0,976901,0.0
1751,lb,strömning,0,976901,0.0
1751,lb,styrka,0,976901,0.0
1751,lb,tension,0,976901,0.0
1753,lb,attraktion,0,17880,0.0
1753,lb,elektricitet,0,17880,0.0
1753,lb,elektriker,0,17880,0.0
1753,lb,elektrisk,0,17880,0.0
1753,lb,emanation,0,17880,0.0
1753,lb,emanera,0,17880,0.0
1753,lb,fluidum,0,17880,0.0
1753,lb,induktion,0,17880,0.0
1753,lb,influens,0,17880,0.0
1753,lb,influera,0,17880,0.0
1753,lb,kondensation,0,17880,0.0
1753,lb,kraft,8,17880,447.42729306487695
1753,lb,ladda,0,17880,0.0
1753,lb,laddning,0,17880,0.0
1753,lb,magnet,0,17880,0.0
1753,lb,magnetisera,0,17880,0.0
1753,lb,magnetism,0,17880,0.0
1753,lb,nerv,0,17880,0.0
1753,lb,repulsion,0,17880,0.0
1753,lb,spänning,0,17880,0.0
1753,lb,strålning,0,17880,0.0
1753,lb,ström,0,17880,0.0
1753,lb,strömning,0,17880,0.0
1753,lb,styrka,5,17880,279.6420581655481
1753,lb,tension,0,17880,0.0
1754,lb,attraktion,0,39254,0.0
1754,lb,elektricitet,0,39254,0.0
1754,lb,elektriker,0,39254,0.0
1754,lb,elektrisk,0,39254,0.0
1754,lb,emanation,0,39254,0.0
1754,lb,emanera,0,39254,0.0
1754,lb,fluidum,0,39254,0.0
1754,lb,induktion,0,39254,0.0
1754,lb,influens,0,39254,0.0
1754,lb,influera,0,39254,0.0
1754,lb,kondensation,0,39254,0.0
1754,lb,kraft,16,39254,407.6017730677128
1754,lb,ladda,0,39254,0.0
1754,lb,laddning,0,39254,0.0
1754,lb,magnet,1,39254,25.47511081673205
1754,lb,magnetisera,0,39254,0.0
1754,lb,magnetism,0,39254,0.0
1754,lb,nerv,0,39254,0.0
1754,lb,repulsion,0,39254,0.0
1754,lb,spänning,0,39254,0.0
1754,lb,strålning,0,39254,0.0
1754,lb,ström,0,39254,0.0
1754,lb,strömning,0,39254,0.0
1754,lb,styrka,7,39254,178.32577571712437
1754,lb,tension,0,39254,0.0
1755,lb,attraktion,0,25163,0.0
1755,lb,elektricitet,0,25163,0.0
1755,lb,elektriker,0,25163,0.0
1755,lb,elektrisk,0,25163,0.0
1755,lb,emanation,0,25163,0.0
1755,lb,emanera,0,25163,0.0
1755,lb,fluidum,0,25163,0.0
1755,lb,induktion,0,25163,0.0
1755,lb,influens,0,25163,0.0
1755,lb,influera,0,25163,0.0
1755,lb,kondensation,0,25163,0.0
1755,lb,kraft,0,25163,0.0
1755,lb,ladda,0,25163,0.0
1755,lb,laddning,0,25163,0.0
1755,lb,magnet,0,25163,0.0
1755,lb,magnetisera,0,25163,0.0
1755,lb,magnetism,0,25163,0.0
1755,lb,nerv,0,25163,0.0
1755,lb,repulsion,0,25163,0.0
1755,lb,spänning,0,25163,0.0
1755,lb,strålning,0,25163,0.0
1755,lb,ström,0,25163,0.0
1755,lb,strömning,0,25163,0.0
1755,lb,styrka,0,25163,0.0
1755,lb,tension,0,25163,0.0
1756,lb,attraktion,0,36768,0.0
1756,lb,elektricitet,0,36768,0.0
1756,lb,elektriker,0,36768,0.0
1756,lb,elektrisk,0,36768,0.0
1756,lb,emanation,0,36768,0.0
1756,lb,emanera,0,36768,0.0
1756,lb,fluidum,0,36768,0.0
1756,lb,induktion,0,36768,0.0
1756,lb,influens,0,36768,0.0
1756,lb,influera,0,36768,0.0
1756,lb,kondensation,0,36768,0.0
1756,lb,kraft,18,36768,489.55613577023496
1756,lb,ladda,0,36768,0.0
1756,lb,laddning,0,36768,0.0
1756,lb,magnet,0,36768,0.0
1756,lb,magnetisera,0,36768,0.0
1756,lb,magnetism,0,36768,0.0
1756,lb,nerv,0,36768,0.0
1756,lb,repulsion,0,36768,0.0
1756,lb,spänning,0,36768,0.0
1756,lb,strålning,0,36768,0.0
1756,lb,ström,1,36768,27.19756309834639
1756,lb,strömning,0,36768,0.0
1756,lb,styrka,1,36768,27.19756309834639
1756,lb,tension,0,36768,0.0
1764,lb,attraktion,0,3619,0.0
1764,lb,elektricitet,0,3619,0.0
1764,lb,elektriker,0,3619,0.0
1764,lb,elektrisk,0,3619,0.0
1764,lb,emanation,0,3619,0.0
1764,lb,emanera,0,3619,0.0
1764,lb,fluidum,0,3619,0.0
1764,lb,induktion,0,3619,0.0
1764,lb,influens,0,3619,0.0
1764,lb,influera,0,3619,0.0
1764,lb,kondensation,0,3619,0.0
1764,lb,kraft,0,3619,0.0
1764,lb,ladda,0,3619,0.0
1764,lb,laddning,0,3619,0.0
1764,lb,magnet,0,3619,0.0
1764,lb,magnetisera,0,3619,0.0
1764,lb,magnetism,0,3619,0.0
1764,lb,nerv,0,3619,0.0
1764,lb,repulsion,0,3619,0.0
1764,lb,spänning,0,3619,0.0
1764,lb,strålning,0,3619,0.0
1764,lb,ström,0,3619,0.0
1764,lb,strömning,0,3619,0.0
1764,lb,styrka,0,3619,0.0
1764,lb,tension,0,3619,0.0
1769,lb,attraktion,0,20803,0.0
1769,lb,elektricitet,0,20803,0.0
1769,lb,elektriker,0,20803,0.0
1769,lb,elektrisk,0,20803,0.0
1769,lb,emanation,0,20803,0.0
1769,lb,emanera,0,20803,0.0
1769,lb,fluidum,0,20803,0.0
1769,lb,induktion,0,20803,0.0
1769,lb,influens,0,20803,0.0
1769,lb,influera,0,20803,0.0
1769,lb,kondensation,0,20803,0.0
1769,lb,kraft,6,20803,288.41993943181274
1769,lb,ladda,0,20803,0.0
1769,lb,laddning,0,20803,0.0
1769,lb,magnet,0,20803,0.0
1769,lb,magnetisera,0,20803,0.0
1769,lb,magnetism,0,20803,0.0
1769,lb,nerv,0,20803,0.0
1769,lb,repulsion,0,20803,0.0
1769,lb,spänning,0,20803,0.0
1769,lb,strålning,0,20803,0.0
1769,lb,ström,3,20803,144.20996971590637
1769,lb,strömning,0,20803,0.0
1769,lb,styrka,11,20803,528.7698889583233
1769,lb,tension,0,20803,0.0
1770,lb,attraktion,0,33876,0.0
1770,lb,elektricitet,0,33876,0.0
1770,lb,elektriker,0,33876,0.0
1770,lb,elektrisk,0,33876,0.0
1770,lb,emanation,0,33876,0.0
1770,lb,emanera,0,33876,0.0
1770,lb,fluidum,0,33876,0.0
1770,lb,induktion,0,33876,0.0
1770,lb,influens,0,33876,0.0
1770,lb,influera,0,33876,0.0
1770,lb,kondensation,0,33876,0.0
1770,lb,kraft,12,33876,354.23308537017357
1770,lb,ladda,0,33876,0.0
1770,lb,laddning,0,33876,0.0
1770,lb,magnet,0,33876,0.0
1770,lb,magnetisera,0,33876,0.0
1770,lb,magnetism,0,33876,0.0
1770,lb,nerv,0,33876,0.0
1770,lb,repulsion,0,33876,0.0
1770,lb,spänning,0,33876,0.0
1770,lb,strålning,0,33876,0.0
1770,lb,ström,2,33876,59.0388475616956
1770,lb,strömning,0,33876,0.0
1770,lb,styrka,8,33876,236.1553902467824
1770,lb,tension,0,33876,0.0
1772,lb,attraktion,0,23960,0.0
1772,lb,elektricitet,0,23960,0.0
1772,lb,elektriker,0,23960,0.0
1772,lb,elektrisk,0,23960,0.0
1772,lb,emanation,0,23960,0.0
1772,lb,emanera,0,23960,0.0
1772,lb,fluidum,0,23960,0.0
1772,lb,induktion,0,23960,0.0
1772,lb,influens,0,23960,0.0
1772,lb,influera,0,23960,0.0
1772,lb,kondensation,0,23960,0.0
1772,lb,kraft,9,23960,375.6260434056761
1772,lb,ladda,0,23960,0.0
1772,lb,laddning,0,23960,0.0
1772,lb,magnet,0,23960,0.0
1772,lb,magnetisera,0,23960,0.0
1772,lb,magnetism,0,23960,0.0
1772,lb,nerv,0,23960,0.0
1772,lb,repulsion,0,23960,0.0
1772,lb,spänning,0,23960,0.0
1772,lb,strålning,0,23960,0.0
1772,lb,ström,2,23960,83.47245409015025
1772,lb,strömning,0,23960,0.0
1772,lb,styrka,13,23960,542.5709515859767
1772,lb,tension,0,23960,0.0
1776,lb,attraktion,0,9542,0.0
1776,lb,elektricitet,0,9542,0.0
1776,lb,elektriker,0,9542,0.0
1776,lb,elektrisk,0,9542,0.0
1776,lb,emanation,0,9542,0.0
1776,lb,emanera,0,9542,0.0
1776,lb,fluidum,0,9542,0.0
1776,lb,induktion,0,9542,0.0
1776,lb,influens,0,9542,0.0
1776,lb,influera,0,9542,0.0
1776,lb,kondensation,0,9542,0.0
1776,lb,kraft,16,9542,1676.7973171242927
1776,lb,ladda,0,9542,0.0
1776,lb,laddning,0,9542,0.0
1776,lb,magnet,0,9542,0.0
1776,lb,magnetisera,0,9542,0.0
1776,lb,magnetism,0,9542,0.0
1776,lb,nerv,0,9542,0.0
1776,lb,repulsion,0,9542,0.0
1776,lb,spänning,0,9542,0.0
1776,lb,strålning,0,9542,0.0
1776,lb,ström,2,9542,209.5996646405366
1776,lb,strömning,0,9542,0.0
1776,lb,styrka,9,9542,943.1984908824146
1776,lb,tension,0,9542,0.0
1777,lb,attraktion,0,2529,0.0
1777,lb,elektricitet,0,2529,0.0
1777,lb,elektriker,0,2529,0.0
1777,lb,elektrisk,0,2529,0.0
1777,lb,emanation,0,2529,0.0
1777,lb,emanera,0,2529,0.0
1777,lb,fluidum,0,2529,0.0
1777,lb,induktion,0,2529,0.0
1777,lb,influens,0,2529,0.0
1777,lb,influera,0,2529,0.0
1777,lb,kondensation,0,2529,0.0
1777,lb,kraft,0,2529,0.0
1777,lb,ladda,0,2529,0.0
1777,lb,laddning,0,2529,0.0
1777,lb,magnet,0,2529,0.0
1777,lb,magnetisera,0,2529,0.0
1777,lb,magnetism,0,2529,0.0
1777,lb,nerv,0,2529,0.0
1777,lb,repulsion,0,2529,0.0
1777,lb,spänning,0,2529,0.0
1777,lb,strålning,0,2529,0.0
1777,lb,ström,0,2529,0.0
1777,lb,strömning,0,2529,0.0
1777,lb,styrka,1,2529,395.41320680110715
1777,lb,tension,0,2529,0.0
1781,lb,attraktion,0,22978,0.0
1781,lb,elektricitet,0,22978,0.0
1781,lb,elektriker,0,22978,0.0
1781,lb,elektrisk,0,22978,0.0
1781,lb,emanation,0,22978,0.0
1781,lb,emanera,0,22978,0.0
1781,lb,fluidum,0,22978,0.0
1781,lb,induktion,0,22978,0.0
1781,lb,influens,0,22978,0.0
1781,lb,influera,0,22978,0.0
1781,lb,kondensation,0,22978,0.0
1781,lb,kraft,14,22978,609.278440247193
1781,lb,ladda,0,22978,0.0
1781,lb,laddning,0,22978,0.0
1781,lb,magnet,0,22978,0.0
1781,lb,magnetisera,0,22978,0.0
1781,lb,magnetism,0,22978,0.0
1781,lb,nerv,0,22978,0.0
1781,lb,repulsion,0,22978,0.0
1781,lb,spänning,0,22978,0.0
1781,lb,strålning,0,22978,0.0
1781,lb,ström,4,22978,174.07955435634085
1781,lb,strömning,0,22978,0.0
1781,lb,styrka,11,22978,478.71877447993734
1781,lb,tension,0,22978,0.0
1782,lb,attraktion,0,2775,0.0
1782,lb,elektricitet,0,2775,0.0
1782,lb,elektriker,0,2775,0.0
1782,lb,elektrisk,0,2775,0.0
1782,lb,emanation,0,2775,0.0
1782,lb,emanera,0,2775,0.0
1782,lb,fluidum,0,2775,0.0
1782,lb,induktion,0,2775,0.0
1782,lb,influens,0,2775,0.0
1782,lb,influera,0,2775,0.0
1782,lb,kondensation,0,2775,0.0
1782,lb,kraft,0,2775,0.0
1782,lb,ladda,0,2775,0.0
1782,lb,laddning,0,2775,0.0
1782,lb,magnet,0,2775,0.0
1782,lb,magnetisera,0,2775,0.0
1782,lb,magnetism,0,2775,0.0
1782,lb,nerv,0,2775,0.0
1782,lb,repulsion,0,2775,0.0
1782,lb,spänning,0,2775,0.0
1782,lb,strålning,0,2775,0.0
1782,lb,ström,0,2775,0.0
1782,lb,strömning,0,2775,0.0
1782,lb,styrka,0,2775,0.0
1782,lb,tension,0,2775,0.0
1787,lb,attraktion,0,19480,0.0
1787,lb,elektricitet,0,19480,0.0
1787,lb,elektriker,0,19480,0.0
1787,lb,elektrisk,0,19480,0.0
1787,lb,emanation,0,19480,0.0
1787,lb,emanera,0,19480,0.0
1787,lb,fluidum,0,19480,0.0
1787,lb,induktion,0,19480,0.0
1787,lb,influens,0,19480,0.0
1787,lb,influera,0,19480,0.0
1787,lb,kondensation,0,19480,0.0
1787,lb,kraft,5,19480,256.6735112936345
1787,lb,ladda,1,19480,51.3347022587269
1787,lb,laddning,0,19480,0.0
1787,lb,magnet,0,19480,0.0
1787,lb,magnetisera,0,19480,0.0
1787,lb,magnetism,0,19480,0.0
1787,lb,nerv,0,19480,0.0
1787,lb,repulsion,0,19480,0.0
1787,lb,spänning,0,19480,0.0
1787,lb,strålning,0,19480,0.0
1787,lb,ström,0,19480,0.0
1787,lb,strömning,0,19480,0.0
1787,lb,styrka,0,19480,0.0
1787,lb,tension,0,19480,0.0
1789,lb,attraktion,0,3388,0.0
1789,lb,elektricitet,0,3388,0.0
1789,lb,elektriker,0,3388,0.0
1789,lb,elektrisk,0,3388,0.0
1789,lb,emanation,0,3388,0.0
1789,lb,emanera,0,3388,0.0
1789,lb,fluidum,0,3388,0.0
1789,lb,induktion,0,3388,0.0
1789,lb,influens,0,3388,0.0
1789,lb,influera,0,3388,0.0
1789,lb,kondensation,0,3388,0.0
1789,lb,kraft,0,3388,0.0
1789,lb,ladda,0,3388,0.0
1789,lb,laddning,0,3388,0.0
1789,lb,magnet,0,3388,0.0
1789,lb,magnetisera,0,3388,0.0
1789,lb,magnetism,0,3388,0.0
1789,lb,nerv,0,3388,0.0
1789,lb,repulsion,0,3388,0.0
1789,lb,spänning,0,3388,0.0
1789,lb,strålning,0,3388,0.0
1789,lb,ström,0,3388,0.0
1789,lb,strömning,0,3388,0.0
1789,lb,styrka,0,3388,0.0
1789,lb,tension,0,3388,0.0
1791,lb,attraktion,0,52170,0.0
1791,lb,elektricitet,0,52170,0.0
1791,lb,elektriker,0,52170,0.0
1791,lb,elektrisk,0,52170,0.0
1791,lb,emanation,0,52170,0.0
1791,lb,emanera,0,52170,0.0
1791,lb,fluidum,0,52170,0.0
1791,lb,induktion,0,52170,0.0
1791,lb,influens,0,52170,0.0
1791,lb,influera,0,52170,0.0
1791,lb,kondensation,0,52170,0.0
1791,lb,kraft,6,52170,115.00862564692352
1791,lb,ladda,0,52170,0.0
1791,lb,laddning,0,52170,0.0
1791,lb,magnet,0,52170,0.0
1791,lb,magnetisera,0,52170,0.0
1791,lb,magnetism,0,52170,0.0
1791,lb,nerv,0,52170,0.0
1791,lb,repulsion,0,52170,0.0
1791,lb,spänning,0,52170,0.0
1791,lb,strålning,0,52170,0.0
1791,lb,ström,0,52170,0.0
1791,lb,strömning,0,52170,0.0
1791,lb,styrka,0,52170,0.0
1791,lb,tension,0,52170,0.0
1792,lb,attraktion,0,12817,0.0
1792,lb,elektricitet,0,12817,0.0
1792,lb,elektriker,0,12817,0.0
1792,lb,elektrisk,0,12817,0.0
1792,lb,emanation,0,12817,0.0
1792,lb,emanera,0,12817,0.0
1792,lb,fluidum,0,12817,0.0
1792,lb,induktion,0,12817,0.0
1792,lb,influens,0,12817,0.0
1792,lb,influera,0,12817,0.0
1792,lb,kondensation,0,12817,0.0
1792,lb,kraft,2,12817,156.04275571506594
1792,lb,ladda,0,12817,0.0
1792,lb,laddning,0,12817,0.0
1792,lb,magnet,0,12817,0.0
1792,lb,magnetisera,0,12817,0.0
1792,lb,magnetism,0,12817,0.0
1792,lb,nerv,0,12817,0.0
1792,lb,repulsion,0,12817,0.0
1792,lb,spänning,0,12817,0.0
1792,lb,strålning,0,12817,0.0
1792,lb,ström,0,12817,0.0
1792,lb,strömning,0,12817,0.0
1792,lb,styrka,8,12817,624.1710228602637
1792,lb,tension,0,12817,0.0
1793,lb,attraktion,0,9298,0.0
1793,lb,elektricitet,0,9298,0.0
1793,lb,elektriker,0,9298,0.0
1793,lb,elektrisk,0,9298,0.0
1793,lb,emanation,0,9298,0.0
1793,lb,emanera,0,9298,0.0
1793,lb,fluidum,0,9298,0.0
1793,lb,induktion,0,9298,0.0
1793,lb,influens,0,9298,0.0
1793,lb,influera,0,9298,0.0
1793,lb,kondensation,0,9298,0.0
1793,lb,kraft,3,9298,322.65003226500323
1793,lb,ladda,0,9298,0.0
1793,lb,laddning,0,9298,0.0
1793,lb,magnet,0,9298,0.0
1793,lb,magnetisera,0,9298,0.0
1793,lb,magnetism,0,9298,0.0
1793,lb,nerv,0,9298,0.0
1793,lb,repulsion,0,9298,0.0
1793,lb,spänning,0,9298,0.0
1793,lb,strålning,0,9298,0.0
1793,lb,ström,1,9298,107.55001075500108
1793,lb,strömning,0,9298,0.0
1793,lb,styrka,7,9298,752.8500752850075
1793,lb,tension,0,9298,0.0
1796,lb,attraktion,0,57098,0.0
1796,lb,elektricitet,0,57098,0.0
1796,lb,elektriker,0,57098,0.0
1796,lb,elektrisk,0,57098,0.0
1796,lb,emanation,0,57098,0.0
1796,lb,emanera,0,57098,0.0
1796,lb,fluidum,0,57098,0.0
1796,lb,induktion,0,57098,0.0
1796,lb,influens,0,57098,0.0
1796,lb,influera,0,57098,0.0
1796,lb,kondensation,0,57098,0.0
1796,lb,kraft,28,57098,490.38495218746715
1796,lb,ladda,0,57098,0.0
1796,lb,laddning,0,57098,0.0
1796,lb,magnet,0,57098,0.0
1796,lb,magnetisera,0,57098,0.0
1796,lb,magnetism,0,57098,0.0
1796,lb,nerv,0,57098,0.0
1796,lb,repulsion,0,57098,0.0
1796,lb,spänning,0,57098,0.0
1796,lb,strålning,0,57098,0.0
1796,lb,ström,4,57098,70.05499316963817
1796,lb,strömning,0,57098,0.0
1796,lb,styrka,21,57098,367.78871414060035
1796,lb,tension,0,57098,0.0
1797,lb,attraktion,0,243526,0.0
1797,lb,elektricitet,0,243526,0.0
1797,lb,elektriker,0,243526,0.0
1797,lb,elektrisk,0,243526,0.0
1797,lb,emanation,0,243526,0.0
1797,lb,emanera,0,243526,0.0
1797,lb,fluidum,0,243526,0.0
1797,lb,induktion,0,243526,0.0
1797,lb,influens,0,243526,0.0
1797,lb,influera,0,243526,0.0
1797,lb,kondensation,0,243526,0.0
1797,lb,kraft,49,243526,201.21054836033935
1797,lb,ladda,0,243526,0.0
1797,lb,laddning,0,243526,0.0
1797,lb,magnet,0,243526,0.0
1797,lb,magnetisera,0,243526,0.0
1797,lb,magnetism,0,243526,0.0
1797,lb,nerv,0,243526,0.0
1797,lb,repulsion,0,243526,0.0
1797,lb,spänning,0,243526,0.0
1797,lb,strålning,0,243526,0.0
1797,lb,ström,14,243526,57.4887281029541
1797,lb,strömning,0,243526,0.0
1797,lb,styrka,31,243526,127.29646937082694
1797,lb,tension,1,243526,4.106337721639578
1798,lb,attraktion,0,188275,0.0
1798,lb,elektricitet,0,188275,0.0
1798,lb,elektriker,0,188275,0.0
1798,lb,elektrisk,0,188275,0.0
1798,lb,emanation,0,188275,0.0
1798,lb,emanera,0,188275,0.0
1798,lb,fluidum,1,188275,5.311379630859116
1798,lb,induktion,0,188275,0.0
1798,lb,influens,0,188275,0.0
1798,lb,influera,0,188275,0.0
1798,lb,kondensation,0,188275,0.0
1798,lb,kraft,37,188275,196.52104634178727
1798,lb,ladda,1,188275,5.311379630859116
1798,lb,laddning,1,188275,5.311379630859116
1798,lb,magnet,0,188275,0.0
1798,lb,magnetisera,0,188275,0.0
1798,lb,magnetism,0,188275,0.0
1798,lb,nerv,3,188275,15.934138892577346
1798,lb,repulsion,0,188275,0.0
1798,lb,spänning,0,188275,0.0
1798,lb,strålning,0,188275,0.0
1798,lb,ström,7,188275,37.17965741601381
1798,lb,strömning,0,188275,0.0
1798,lb,styrka,42,188275,223.07794449608286
1798,lb,tension,0,188275,0.0
1799,lb,attraktion,0,225993,0.0
1799,lb,elektricitet,1,225993,4.424915815976601
1799,lb,elektriker,0,225993,0.0
1799,lb,elektrisk,0,225993,0.0
1799,lb,emanation,0,225993,0.0
1799,lb,emanera,0,225993,0.0
1799,lb,fluidum,0,225993,0.0
1799,lb,induktion,0,225993,0.0
1799,lb,influens,0,225993,0.0
1799,lb,influera,0,225993,0.0
1799,lb,kondensation,0,225993,0.0
1799,lb,kraft,81,225993,358.4181810941047
1799,lb,ladda,0,225993,0.0
1799,lb,laddning,1,225993,4.424915815976601
1799,lb,magnet,1,225993,4.424915815976601
1799,lb,magnetisera,0,225993,0.0
1799,lb,magnetism,0,225993,0.0
1799,lb,nerv,3,225993,13.274747447929803
1799,lb,repulsion,2,225993,8.849831631953203
1799,lb,spänning,2,225993,8.849831631953203
1799,lb,strålning,0,225993,0.0
1799,lb,ström,9,225993,39.82424234378941
1799,lb,strömning,0,225993,0.0
1799,lb,styrka,22,225993,97.34814795148522
1799,lb,tension,0,225993,0.0
1800,lb,attraktion,0,52402,0.0
1800,lb,elektricitet,0,52402,0.0
1800,lb,elektriker,0,52402,0.0
1800,lb,elektrisk,0,52402,0.0
1800,lb,emanation,0,52402,0.0
1800,lb,emanera,0,52402,0.0
1800,lb,fluidum,0,52402,0.0
1800,lb,induktion,0,52402,0.0
1800,lb,influens,0,52402,0.0
1800,lb,influera,0,52402,0.0
1800,lb,kondensation,0,52402,0.0
1800,lb,kraft,26,52402,496.1642685393687
1800,lb,ladda,0,52402,0.0
1800,lb,laddning,0,52402,0.0
1800,lb,magnet,0,52402,0.0
1800,lb,magnetisera,0,52402,0.0
1800,lb,magnetism,0,52402,0.0
1800,lb,nerv,0,52402,0.0
1800,lb,repulsion,0,52402,0.0
1800,lb,spänning,0,52402,0.0
1800,lb,strålning,0,52402,0.0
1800,lb,ström,6,52402,114.49944658600816
1800,lb,strömning,0,52402,0.0
1800,lb,styrka,17,52402,324.4150986603565
1800,lb,tension,0,52402,0.0
1801,lb,attraktion,0,416931,0.0
1801,lb,elektricitet,0,416931,0.0
1801,lb,elektriker,0,416931,0.0
1801,lb,elektrisk,0,416931,0.0
1801,lb,emanation,0,416931,0.0
1801,lb,emanera,0,416931,0.0
1801,lb,fluidum,0,416931,0.0
1801,lb,induktion,0,416931,0.0
1801,lb,influens,0,416931,0.0
1801,lb,influera,0,416931,0.0
1801,lb,kondensation,0,416931,0.0
1801,lb,kraft,62,416931,148.70566112858003
1801,lb,ladda,0,416931,0.0
1801,lb,laddning,0,416931,0.0
1801,lb,magnet,0,416931,0.0
1801,lb,magnetisera,0,416931,0.0
1801,lb,magnetism,0,416931,0.0
1801,lb,nerv,0,416931,0.0
1801,lb,repulsion,0,416931,0.0
1801,lb,spänning,1,416931,2.3984784052996777
1801,lb,strålning,0,416931,0.0
1801,lb,ström,11,416931,26.383262458296457
1801,lb,strömning,0,416931,0.0
1801,lb,styrka,137,416931,328.5915415260559
1801,lb,tension,0,416931,0.0
1802,lb,attraktion,0,11208,0.0
1802,lb,elektricitet,0,11208,0.0
1802,lb,elektriker,0,11208,0.0
1802,lb,elektrisk,0,11208,0.0
1802,lb,emanation,0,11208,0.0
1802,lb,emanera,0,11208,0.0
1802,lb,fluidum,0,11208,0.0
1802,lb,induktion,0,11208,0.0
1802,lb,influens,0,11208,0.0
1802,lb,influera,0,11208,0.0
1802,lb,kondensation,0,11208,0.0
1802,lb,kraft,0,11208,0.0
1802,lb,ladda,0,11208,0.0
1802,lb,laddning,0,11208,0.0
1802,lb,magnet,0,11208,0.0
1802,lb,magnetisera,0,11208,0.0
1802,lb,magnetism,0,11208,0.0
1802,lb,nerv,0,11208,0.0
1802,lb,repulsion,0,11208,0.0
1802,lb,spänning,0,11208,0.0
1802,lb,strålning,0,11208,0.0
1802,lb,ström,1,11208,89.22198429693077
1802,lb,strömning,0,11208,0.0
1802,lb,styrka,12,11208,1070.6638115631692
1802,lb,tension,0,11208,0.0
1804,lb,attraktion,0,18036,0.0
1804,lb,elektricitet,0,18036,0.0
1804,lb,elektriker,0,18036,0.0
1804,lb,elektrisk,0,18036,0.0
1804,lb,emanation,0,18036,0.0
1804,lb,emanera,0,18036,0.0
1804,lb,fluidum,0,18036,0.0
1804,lb,induktion,0,18036,0.0
1804,lb,influens,0,18036,0.0
1804,lb,influera,0,18036,0.0
1804,lb,kondensation,0,18036,0.0
1804,lb,kraft,0,18036,0.0
1804,lb,ladda,0,18036,0.0
1804,lb,laddning,0,18036,0.0
1804,lb,magnet,0,18036,0.0
1804,lb,magnetisera,0,18036,0.0
1804,lb,magnetism,0,18036,0.0
1804,lb,nerv,0,18036,0.0
1804,lb,repulsion,0,18036,0.0
1804,lb,spänning,0,18036,0.0
1804,lb,strålning,0,18036,0.0
1804,lb,ström,0,18036,0.0
1804,lb,strömning,0,18036,0.0
1804,lb,styrka,0,18036,0.0
1804,lb,tension,0,18036,0.0
1805,lb,attraktion,0,45124,0.0
1805,lb,elektricitet,0,45124,0.0
1805,lb,elektriker,0,45124,0.0
1805,lb,elektrisk,0,45124,0.0
1805,lb,emanation,0,45124,0.0
1805,lb,emanera,0,45124,0.0
1805,lb,fluidum,0,45124,0.0
1805,lb,induktion,0,45124,0.0
1805,lb,influens,0,45124,0.0
1805,lb,influera,0,45124,0.0
1805,lb,kondensation,0,45124,0.0
1805,lb,kraft,2,45124,44.32231185178619
1805,lb,ladda,0,45124,0.0
1805,lb,laddning,1,45124,22.161155925893095
1805,lb,magnet,0,45124,0.0
1805,lb,magnetisera,0,45124,0.0
1805,lb,magnetism,0,45124,0.0
1805,lb,nerv,0,45124,0.0
1805,lb,repulsion,0,45124,0.0
1805,lb,spänning,0,45124,0.0
1805,lb,strålning,0,45124,0.0
1805,lb,ström,0,45124,0.0
1805,lb,strömning,0,45124,0.0
1805,lb,styrka,5,45124,110.80577962946548
1805,lb,tension,0,45124,0.0
1806,lb,attraktion,0,89314,0.0
1806,lb,elektricitet,0,89314,0.0
1806,lb,elektriker,0,89314,0.0
1806,lb,elektrisk,0,89314,0.0
1806,lb,emanation,0,89314,0.0
1806,lb,emanera,0,89314,0.0
1806,lb,fluidum,0,89314,0.0
1806,lb,induktion,0,89314,0.0
1806,lb,influens,0,89314,0.0
1806,lb,influera,0,89314,0.0
1806,lb,kondensation,0,89314,0.0
1806,lb,kraft,6,89314,67.17871778220659
1806,lb,ladda,0,89314,0.0
1806,lb,laddning,0,89314,0.0
1806,lb,magnet,0,89314,0.0
1806,lb,magnetisera,0,89314,0.0
1806,lb,magnetism,0,89314,0.0
1806,lb,nerv,0,89314,0.0
1806,lb,repulsion,0,89314,0.0
1806,lb,spänning,0,89314,0.0
1806,lb,strålning,0,89314,0.0
1806,lb,ström,22,89314,246.32196520142418
1806,lb,strömning,0,89314,0.0
1806,lb,styrka,20,89314,223.929059274022
1806,lb,tension,0,89314,0.0
1807,lb,attraktion,0,21572,0.0
1807,lb,elektricitet,0,21572,0.0
1807,lb,elektriker,0,21572,0.0
1807,lb,elektrisk,1,21572,46.356387910254035
1807,lb,emanation,0,21572,0.0
1807,lb,emanera,0,21572,0.0
1807,lb,fluidum,0,21572,0.0
1807,lb,induktion,0,21572,0.0
1807,lb,influens,0,21572,0.0
1807,lb,influera,0,21572,0.0
1807,lb,kondensation,0,21572,0.0
1807,lb,kraft,11,21572,509.92026701279434
1807,lb,ladda,0,21572,0.0
1807,lb,laddning,0,21572,0.0
1807,lb,magnet,0,21572,0.0
1807,lb,magnetisera,0,21572,0.0
1807,lb,magnetism,0,21572,0.0
1807,lb,nerv,0,21572,0.0
1807,lb,repulsion,0,21572,0.0
1807,lb,spänning,0,21572,0.0
1807,lb,strålning,0,21572,0.0
1807,lb,ström,0,21572,0.0
1807,lb,strömning,0,21572,0.0
1807,lb,styrka,7,21572,324.4947153717782
1807,lb,tension,0,21572,0.0
1808,lb,attraktion,0,8689,0.0
1808,lb,elektricitet,0,8689,0.0
1808,lb,elektriker,0,8689,0.0
1808,lb,elektrisk,0,8689,0.0
1808,lb,emanation,0,8689,0.0
1808,lb,emanera,0,8689,0.0
1808,lb,fluidum,0,8689,0.0
1808,lb,induktion,0,8689,0.0
1808,lb,influens,0,8689,0.0
1808,lb,influera,0,8689,0.0
1808,lb,kondensation,0,8689,0.0
1808,lb,kraft,0,8689,0.0
1808,lb,ladda,0,8689,0.0
1808,lb,laddning,0,8689,0.0
1808,lb,magnet,0,8689,0.0
1808,lb,magnetisera,0,8689,0.0
1808,lb,magnetism,0,8689,0.0
1808,lb,nerv,0,8689,0.0
1808,lb,repulsion,0,8689,0.0
1808,lb,spänning,0,8689,0.0
1808,lb,strålning,0,8689,0.0
1808,lb,ström,0,8689,0.0
1808,lb,strömning,0,8689,0.0
1808,lb,styrka,0,8689,0.0
1808,lb,tension,0,8689,0.0
1809,lb,attraktion,0,73666,0.0
1809,lb,elektricitet,0,73666,0.0
1809,lb,elektriker,0,73666,0.0
1809,lb,elektrisk,0,73666,0.0
1809,lb,emanation,0,73666,0.0
1809,lb,emanera,0,73666,0.0
1809,lb,fluidum,0,73666,0.0
1809,lb,induktion,0,73666,0.0
1809,lb,influens,0,73666,0.0
1809,lb,influera,0,73666,0.0
1809,lb,kondensation,0,73666,0.0
1809,lb,kraft,12,73666,162.89740178644152
1809,lb,ladda,0,73666,0.0
1809,lb,laddning,0,73666,0.0
1809,lb,magnet,0,73666,0.0
1809,lb,magnetisera,0,73666,0.0
1809,lb,magnetism,0,73666,0.0
1809,lb,nerv,0,73666,0.0
1809,lb,repulsion,0,73666,0.0
1809,lb,spänning,0,73666,0.0
1809,lb,strålning,0,73666,0.0
1809,lb,ström,0,73666,0.0
1809,lb,strömning,0,73666,0.0
1809,lb,styrka,9,73666,122.17305133983113
1809,lb,tension,0,73666,0.0
1810,lb,attraktion,0,31168,0.0
1810,lb,elektricitet,0,31168,0.0
1810,lb,elektriker,0,31168,0.0
1810,lb,elektrisk,0,31168,0.0
1810,lb,emanation,0,31168,0.0
1810,lb,emanera,0,31168,0.0
1810,lb,fluidum,0,31168,0.0
1810,lb,induktion,0,31168,0.0
1810,lb,influens,0,31168,0.0
1810,lb,influera,0,31168,0.0
1810,lb,kondensation,0,31168,0.0
1810,lb,kraft,3,31168,96.25256673511294
1810,lb,ladda,0,31168,0.0
1810,lb,laddning,0,31168,0.0
1810,lb,magnet,0,31168,0.0
1810,lb,magnetisera,0,31168,0.0
1810,lb,magnetism,0,31168,0.0
1810,lb,nerv,0,31168,0.0
1810,lb,repulsion,0,31168,0.0
1810,lb,spänning,0,31168,0.0
1810,lb,strålning,0,31168,0.0
1810,lb,ström,1,31168,32.08418891170431
1810,lb,strömning,0,31168,0.0
1810,lb,styrka,0,31168,0.0
1810,lb,tension,0,31168,0.0
1811,lb,attraktion,0,427996,0.0
1811,lb,elektricitet,1,427996,2.3364704343031244
1811,lb,elektriker,0,427996,0.0
1811,lb,elektrisk,1,427996,2.3364704343031244
1811,lb,emanation,0,427996,0.0
1811,lb,emanera,0,427996,0.0
1811,lb,fluidum,0,427996,0.0
1811,lb,induktion,0,427996,0.0
1811,lb,influens,0,427996,0.0
1811,lb,influera,1,427996,2.3364704343031244
1811,lb,kondensation,0,427996,0.0
1811,lb,kraft,47,427996,109.81411041224685
1811,lb,ladda,0,427996,0.0
1811,lb,laddning,2,427996,4.672940868606249
1811,lb,magnet,0,427996,0.0
1811,lb,magnetisera,0,427996,0.0
1811,lb,magnetism,1,427996,2.3364704343031244
1811,lb,nerv,0,427996,0.0
1811,lb,repulsion,0,427996,0.0
1811,lb,spänning,2,427996,4.672940868606249
1811,lb,strålning,0,427996,0.0
1811,lb,ström,19,427996,44.39293825175936
1811,lb,strömning,0,427996,0.0
1811,lb,styrka,51,427996,119.15999214945934
1811,lb,tension,0,427996,0.0
1812,lb,attraktion,0,401651,0.0
1812,lb,elektricitet,0,401651,0.0
1812,lb,elektriker,0,401651,0.0
1812,lb,elektrisk,0,401651,0.0
1812,lb,emanation,0,401651,0.0
1812,lb,emanera,0,401651,0.0
1812,lb,fluidum,0,401651,0.0
1812,lb,induktion,0,401651,0.0
1812,lb,influens,0,401651,0.0
1812,lb,influera,1,401651,2.4897236655703585
1812,lb,kondensation,0,401651,0.0
1812,lb,kraft,2,401651,4.979447331140717
1812,lb,ladda,0,401651,0.0
1812,lb,laddning,0,401651,0.0
1812,lb,magnet,0,401651,0.0
1812,lb,magnetisera,0,401651,0.0
1812,lb,magnetism,1,401651,2.4897236655703585
1812,lb,nerv,0,401651,0.0
1812,lb,repulsion,0,401651,0.0
1812,lb,spänning,0,401651,0.0
1812,lb,strålning,0,401651,0.0
1812,lb,ström,0,401651,0.0
1812,lb,strömning,0,401651,0.0
1812,lb,styrka,2,401651,4.979447331140717
1812,lb,tension,0,401651,0.0
1813,lb,attraktion,0,1872,0.0
1813,lb,elektricitet,0,1872,0.0
1813,lb,elektriker,0,1872,0.0
1813,lb,elektrisk,0,1872,0.0
1813,lb,emanation,0,1872,0.0
1813,lb,emanera,0,1872,0.0
1813,lb,fluidum,0,1872,0.0
1813,lb,induktion,0,1872,0.0
1813,lb,influens,0,1872,0.0
1813,lb,influera,0,1872,0.0
1813,lb,kondensation,0,1872,0.0
1813,lb,kraft,0,1872,0.0
1813,lb,ladda,0,1872,0.0
1813,lb,laddning,0,1872,0.0
1813,lb,magnet,0,1872,0.0
1813,lb,magnetisera,0,1872,0.0
1813,lb,magnetism,0,1872,0.0
1813,lb,nerv,0,1872,0.0
1813,lb,repulsion,0,1872,0.0
1813,lb,spänning,0,1872,0.0
1813,lb,strålning,0,1872,0.0
1813,lb,ström,0,1872,0.0
1813,lb,strömning,0,1872,0.0
1813,lb,styrka,1,1872,534.1880341880342
1813,lb,tension,0,1872,0.0
1814,lb,attraktion,0,22759,0.0
1814,lb,elektricitet,0,22759,0.0
1814,lb,elektriker,0,22759,0.0
1814,lb,elektrisk,0,22759,0.0
1814,lb,emanation,0,22759,0.0
1814,lb,emanera,0,22759,0.0
1814,lb,fluidum,0,22759,0.0
1814,lb,induktion,0,22759,0.0
1814,lb,influens,0,22759,0.0
1814,lb,influera,0,22759,0.0
1814,lb,kondensation,0,22759,0.0
1814,lb,kraft,4,22759,175.7546465134672
1814,lb,ladda,0,22759,0.0
1814,lb,laddning,0,22759,0.0
1814,lb,magnet,0,22759,0.0
1814,lb,magnetisera,0,22759,0.0
1814,lb,magnetism,0,22759,0.0
1814,lb,nerv,0,22759,0.0
1814,lb,repulsion,0,22759,0.0
1814,lb,spänning,0,22759,0.0
1814,lb,strålning,0,22759,0.0
1814,lb,ström,1,22759,43.9386616283668
1814,lb,strömning,0,22759,0.0
1814,lb,styrka,3,22759,131.8159848851004
1814,lb,tension,0,22759,0.0
1815,lb,attraktion,0,11780,0.0
1815,lb,elektricitet,0,11780,0.0
1815,lb,elektriker,0,11780,0.0
1815,lb,elektrisk,0,11780,0.0
1815,lb,emanation,0,11780,0.0
1815,lb,emanera,0,11780,0.0
1815,lb,fluidum,0,11780,0.0
1815,lb,induktion,0,11780,0.0
1815,lb,influens,0,11780,0.0
1815,lb,influera,0,11780,0.0
1815,lb,kondensation,0,11780,0.0
1815,lb,kraft,15,11780,1273.3446519524618
1815,lb,ladda,0,11780,0.0
1815,lb,laddning,0,11780,0.0
1815,lb,magnet,0,11780,0.0
1815,lb,magnetisera,0,11780,0.0
1815,lb,magnetism,0,11780,0.0
1815,lb,nerv,0,11780,0.0
1815,lb,repulsion,0,11780,0.0
1815,lb,spänning,0,11780,0.0
1815,lb,strålning,0,11780,0.0
1815,lb,ström,1,11780,84.88964346349745
1815,lb,strömning,0,11780,0.0
1815,lb,styrka,7,11780,594.2275042444821
1815,lb,tension,0,11780,0.0
1816,lb,attraktion,0,97515,0.0
1816,lb,elektricitet,0,97515,0.0
1816,lb,elektriker,0,97515,0.0
1816,lb,elektrisk,0,97515,0.0
1816,lb,emanation,0,97515,0.0
1816,lb,emanera,0,97515,0.0
1816,lb,fluidum,0,97515,0.0
1816,lb,induktion,0,97515,0.0
1816,lb,influens,0,97515,0.0
1816,lb,influera,0,97515,0.0
1816,lb,kondensation,0,97515,0.0
1816,lb,kraft,12,97515,123.05799107829564
1816,lb,ladda,1,97515,10.25483258985797
1816,lb,laddning,0,97515,0.0
1816,lb,magnet,0,97515,0.0
1816,lb,magnetisera,0,97515,0.0
1816,lb,magnetism,0,97515,0.0
1816,lb,nerv,2,97515,20.50966517971594
1816,lb,repulsion,0,97515,0.0
1816,lb,spänning,0,97515,0.0
1816,lb,strålning,0,97515,0.0
1816,lb,ström,60,97515,615.2899553914782
1816,lb,strömning,0,97515,0.0
1816,lb,styrka,18,97515,184.58698661744347
1816,lb,tension,0,97515,0.0
1817,lb,attraktion,0,32184,0.0
1817,lb,elektricitet,0,32184,0.0
1817,lb,elektriker,0,32184,0.0
1817,lb,elektrisk,0,32184,0.0
1817,lb,emanation,0,32184,0.0
1817,lb,emanera,0,32184,0.0
1817,lb,fluidum,0,32184,0.0
1817,lb,induktion,0,32184,0.0
1817,lb,influens,0,32184,0.0
1817,lb,influera,0,32184,0.0
1817,lb,kondensation,0,32184,0.0
1817,lb,kraft,7,32184,217.49937857320407
1817,lb,ladda,0,32184,0.0
1817,lb,laddning,0,32184,0.0
1817,lb,magnet,0,32184,0.0
1817,lb,magnetisera,0,32184,0.0
1817,lb,magnetism,0,32184,0.0
1817,lb,nerv,0,32184,0.0
1817,lb,repulsion,0,32184,0.0
1817,lb,spänning,2,32184,62.142679592344024
1817,lb,strålning,0,32184,0.0
1817,lb,ström,10,32184,310.7133979617201
1817,lb,strömning,0,32184,0.0
1817,lb,styrka,22,32184,683.5694755157842
1817,lb,tension,0,32184,0.0
1818,lb,attraktion,0,175030,0.0
1818,lb,elektricitet,0,175030,0.0
1818,lb,elektriker,0,175030,0.0
1818,lb,elektrisk,0,175030,0.0
1818,lb,emanation,0,175030,0.0
1818,lb,emanera,0,175030,0.0
1818,lb,fluidum,0,175030,0.0
1818,lb,induktion,0,175030,0.0
1818,lb,influens,0,175030,0.0
1818,lb,influera,0,175030,0.0
1818,lb,kondensation,0,175030,0.0
1818,lb,kraft,14,175030,79.98628806490316
1818,lb,ladda,0,175030,0.0
1818,lb,laddning,0,175030,0.0
1818,lb,magnet,0,175030,0.0
1818,lb,magnetisera,0,175030,0.0
1818,lb,magnetism,0,175030,0.0
1818,lb,nerv,0,175030,0.0
1818,lb,repulsion,0,175030,0.0
1818,lb,spänning,0,175030,0.0
1818,lb,strålning,0,175030,0.0
1818,lb,ström,36,175030,205.67902645260813
1818,lb,strömning,0,175030,0.0
1818,lb,styrka,24,175030,137.11935096840543
1818,lb,tension,0,175030,0.0
1819,lb,attraktion,0,167438,0.0
1819,lb,elektricitet,0,167438,0.0
1819,lb,elektriker,0,167438,0.0
1819,lb,elektrisk,0,167438,0.0
1819,lb,emanation,0,167438,0.0
1819,lb,emanera,0,167438,0.0
1819,lb,fluidum,0,167438,0.0
1819,lb,induktion,0,167438,0.0
1819,lb,influens,0,167438,0.0
1819,lb,influera,0,167438,0.0
1819,lb,kondensation,0,167438,0.0
1819,lb,kraft,20,167438,119.44719836596232
1819,lb,ladda,0,167438,0.0
1819,lb,laddning,1,167438,5.972359918298117
1819,lb,magnet,0,167438,0.0
1819,lb,magnetisera,0,167438,0.0
1819,lb,magnetism,0,167438,0.0
1819,lb,nerv,0,167438,0.0
1819,lb,repulsion,0,167438,0.0
1819,lb,spänning,0,167438,0.0
1819,lb,strålning,0,167438,0.0
1819,lb,ström,54,167438,322.5074355880983
1819,lb,strömning,0,167438,0.0
1819,lb,styrka,24,167438,143.3366380391548
1819,lb,tension,0,167438,0.0
1820,lb,attraktion,0,157341,0.0
1820,lb,elektricitet,0,157341,0.0
1820,lb,elektriker,0,157341,0.0
1820,lb,elektrisk,0,157341,0.0
1820,lb,emanation,0,157341,0.0
1820,lb,emanera,0,157341,0.0
1820,lb,fluidum,0,157341,0.0
1820,lb,induktion,0,157341,0.0
1820,lb,influens,0,157341,0.0
1820,lb,influera,0,157341,0.0
1820,lb,kondensation,0,157341,0.0
1820,lb,kraft,119,157341,756.3190776720626
1820,lb,ladda,0,157341,0.0
1820,lb,laddning,0,157341,0.0
1820,lb,magnet,1,157341,6.355622501445904
1820,lb,magnetisera,0,157341,0.0
1820,lb,magnetism,0,157341,0.0
1820,lb,nerv,0,157341,0.0
1820,lb,repulsion,0,157341,0.0
1820,lb,spänning,2,157341,12.711245002891808
1820,lb,strålning,0,157341,0.0
1820,lb,ström,15,157341,95.33433752168857
1820,lb,strömning,0,157341,0.0
1820,lb,styrka,59,157341,374.98172758530836
1820,lb,tension,0,157341,0.0
1821,lb,attraktion,0,125336,0.0
1821,lb,elektricitet,0,125336,0.0
1821,lb,elektriker,0,125336,0.0
1821,lb,elektrisk,2,125336,15.957107295589456
1821,lb,emanation,0,125336,0.0
1821,lb,emanera,0,125336,0.0
1821,lb,fluidum,0,125336,0.0
1821,lb,induktion,0,125336,0.0
1821,lb,influens,0,125336,0.0
1821,lb,influera,0,125336,0.0
1821,lb,kondensation,0,125336,0.0
1821,lb,kraft,47,125336,374.9920214463522
1821,lb,ladda,1,125336,7.978553647794728
1821,lb,laddning,0,125336,0.0
1821,lb,magnet,2,125336,15.957107295589456
1821,lb,magnetisera,1,125336,7.978553647794728
1821,lb,magnetism,0,125336,0.0
1821,lb,nerv,1,125336,7.978553647794728
1821,lb,repulsion,0,125336,0.0
1821,lb,spänning,0,125336,0.0
1821,lb,strålning,0,125336,0.0
1821,lb,ström,3,125336,23.935660943384182
1821,lb,strömning,0,125336,0.0
1821,lb,styrka,25,125336,199.4638411948682
1821,lb,tension,0,125336,0.0
1822,lb,attraktion,0,135528,0.0
1822,lb,elektricitet,0,135528,0.0
1822,lb,elektriker,0,135528,0.0
1822,lb,elektrisk,0,135528,0.0
1822,lb,emanation,0,135528,0.0
1822,lb,emanera,0,135528,0.0
1822,lb,fluidum,0,135528,0.0
1822,lb,induktion,0,135528,0.0
1822,lb,influens,0,135528,0.0
1822,lb,influera,0,135528,0.0
1822,lb,kondensation,0,135528,0.0
1822,lb,kraft,0,135528,0.0
1822,lb,ladda,0,135528,0.0
1822,lb,laddning,0,135528,0.0
1822,lb,magnet,0,135528,0.0
1822,lb,magnetisera,0,135528,0.0
1822,lb,magnetism,0,135528,0.0
1822,lb,nerv,0,135528,0.0
1822,lb,repulsion,0,135528,0.0
1822,lb,spänning,0,135528,0.0
1822,lb,strålning,0,135528,0.0
1822,lb,ström,6,135528,44.271294492650966
1822,lb,strömning,0,135528,0.0
1822,lb,styrka,0,135528,0.0
1822,lb,tension,0,135528,0.0
1825,lb,attraktion,0,38519,0.0
1825,lb,elektricitet,0,38519,0.0
1825,lb,elektriker,0,38519,0.0
1825,lb,elektrisk,0,38519,0.0
1825,lb,emanation,0,38519,0.0
1825,lb,emanera,0,38519,0.0
1825,lb,fluidum,0,38519,0.0
1825,lb,induktion,0,38519,0.0
1825,lb,influens,0,38519,0.0
1825,lb,influera,0,38519,0.0
1825,lb,kondensation,0,38519,0.0
1825,lb,kraft,27,38519,700.9527765518316
1825,lb,ladda,0,38519,0.0
1825,lb,laddning,1,38519,25.961213946364133
1825,lb,magnet,0,38519,0.0
1825,lb,magnetisera,0,38519,0.0
1825,lb,magnetism,0,38519,0.0
1825,lb,nerv,0,38519,0.0
1825,lb,repulsion,0,38519,0.0
1825,lb,spänning,0,38519,0.0
1825,lb,strålning,0,38519,0.0
1825,lb,ström,1,38519,25.961213946364133
1825,lb,strömning,0,38519,0.0
1825,lb,styrka,9,38519,233.6509255172772
1825,lb,tension,0,38519,0.0
1826,lb,attraktion,0,119434,0.0
1826,lb,elektricitet,0,119434,0.0
1826,lb,elektriker,0,119434,0.0
1826,lb,elektrisk,0,119434,0.0
1826,lb,emanation,0,119434,0.0
1826,lb,emanera,0,119434,0.0
1826,lb,fluidum,0,119434,0.0
1826,lb,induktion,0,119434,0.0
1826,lb,influens,0,119434,0.0
1826,lb,influera,0,119434,0.0
1826,lb,kondensation,0,119434,0.0
1826,lb,kraft,19,119434,159.0836780146357
1826,lb,ladda,0,119434,0.0
1826,lb,laddning,0,119434,0.0
1826,lb,magnet,0,119434,0.0
1826,lb,magnetisera,0,119434,0.0
1826,lb,magnetism,0,119434,0.0
1826,lb,nerv,0,119434,0.0
1826,lb,repulsion,0,119434,0.0
1826,lb,spänning,0,119434,0.0
1826,lb,strålning,0,119434,0.0
1826,lb,ström,5,119434,41.86412579332519
1826,lb,strömning,0,119434,0.0
1826,lb,styrka,3,119434,25.118475475995112
1826,lb,tension,0,119434,0.0
1827,lb,attraktion,0,47404,0.0
1827,lb,elektricitet,0,47404,0.0
1827,lb,elektriker,0,47404,0.0
1827,lb,elektrisk,0,47404,0.0
1827,lb,emanation,0,47404,0.0
1827,lb,emanera,0,47404,0.0
1827,lb,fluidum,0,47404,0.0
1827,lb,induktion,0,47404,0.0
1827,lb,influens,0,47404,0.0
1827,lb,influera,0,47404,0.0
1827,lb,kondensation,0,47404,0.0
1827,lb,kraft,9,47404,189.85739600033753
1827,lb,ladda,0,47404,0.0
1827,lb,laddning,0,47404,0.0
1827,lb,magnet,0,47404,0.0
1827,lb,magnetisera,0,47404,0.0
1827,lb,magnetism,0,47404,0.0
1827,lb,nerv,0,47404,0.0
1827,lb,repulsion,0,47404,0.0
1827,lb,spänning,0,47404,0.0
1827,lb,strålning,0,47404,0.0
1827,lb,ström,2,47404,42.19053244451945
1827,lb,strömning,0,47404,0.0
1827,lb,styrka,5,47404,105.47633111129862
1827,lb,tension,0,47404,0.0
1828,lb,attraktion,0,76336,0.0
1828,lb,elektricitet,0,76336,0.0
1828,lb,elektriker,0,76336,0.0
1828,lb,elektrisk,1,76336,13.099979040033537
1828,lb,emanation,0,76336,0.0
1828,lb,emanera,0,76336,0.0
1828,lb,fluidum,0,76336,0.0
1828,lb,induktion,0,76336,0.0
1828,lb,influens,0,76336,0.0
1828,lb,influera,0,76336,0.0
1828,lb,kondensation,0,76336,0.0
1828,lb,kraft,38,76336,497.79920352127436
1828,lb,ladda,0,76336,0.0
1828,lb,laddning,0,76336,0.0
1828,lb,magnet,0,76336,0.0
1828,lb,magnetisera,0,76336,0.0
1828,lb,magnetism,0,76336,0.0
1828,lb,nerv,1,76336,13.099979040033537
1828,lb,repulsion,0,76336,0.0
1828,lb,spänning,0,76336,0.0
1828,lb,strålning,0,76336,0.0
1828,lb,ström,4,76336,52.39991616013415
1828,lb,strömning,0,76336,0.0
1828,lb,styrka,14,76336,183.3997065604695
1828,lb,tension,0,76336,0.0
1829,lb,attraktion,0,142356,0.0
1829,lb,elektricitet,0,142356,0.0
1829,lb,elektriker,0,142356,0.0
1829,lb,elektrisk,1,142356,7.024642445699514
1829,lb,emanation,0,142356,0.0
1829,lb,emanera,0,142356,0.0
1829,lb,fluidum,0,142356,0.0
1829,lb,induktion,0,142356,0.0
1829,lb,influens,0,142356,0.0
1829,lb,influera,0,142356,0.0
1829,lb,kondensation,0,142356,0.0
1829,lb,kraft,22,142356,154.5421338053893
1829,lb,ladda,1,142356,7.024642445699514
1829,lb,laddning,0,142356,0.0
1829,lb,magnet,0,142356,0.0
1829,lb,magnetisera,0,142356,0.0
1829,lb,magnetism,0,142356,0.0
1829,lb,nerv,0,142356,0.0
1829,lb,repulsion,0,142356,0.0
1829,lb,spänning,1,142356,7.024642445699514
1829,lb,strålning,0,142356,0.0
1829,lb,ström,19,142356,133.46820646829076
1829,lb,strömning,0,142356,0.0
1829,lb,styrka,26,142356,182.64070358818736
1829,lb,tension,0,142356,0.0
1830,lb,attraktion,0,604111,0.0
1830,lb,elektricitet,3,604111,4.965974796022585
1830,lb,elektriker,0,604111,0.0
1830,lb,elektrisk,6,604111,9.93194959204517
1830,lb,emanation,0,604111,0.0
1830,lb,emanera,0,604111,0.0
1830,lb,fluidum,1,604111,1.6553249320075285
1830,lb,induktion,0,604111,0.0
1830,lb,influens,0,604111,0.0
1830,lb,influera,0,604111,0.0
1830,lb,kondensation,0,604111,0.0
1830,lb,kraft,184,604111,304.57978748938524
1830,lb,ladda,4,604111,6.621299728030114
1830,lb,laddning,2,604111,3.310649864015057
1830,lb,magnet,3,604111,4.965974796022585
1830,lb,magnetisera,0,604111,0.0
1830,lb,magnetism,1,604111,1.6553249320075285
1830,lb,nerv,6,604111,9.93194959204517
1830,lb,repulsion,0,604111,0.0
1830,lb,spänning,5,604111,8.276624660037642
1830,lb,strålning,0,604111,0.0
1830,lb,ström,51,604111,84.42157153238395
1830,lb,strömning,0,604111,0.0
1830,lb,styrka,85,604111,140.70261922063992
1830,lb,tension,0,604111,0.0
1831,lb,attraktion,0,1014436,0.0
1831,lb,elektricitet,0,1014436,0.0
1831,lb,elektriker,0,1014436,0.0
1831,lb,elektrisk,8,1014436,7.886155459782579
1831,lb,emanation,0,1014436,0.0
1831,lb,emanera,2,1014436,1.9715388649456447
1831,lb,fluidum,4,1014436,3.9430777298912894
1831,lb,induktion,0,1014436,0.0
1831,lb,influens,0,1014436,0.0
1831,lb,influera,0,1014436,0.0
1831,lb,kondensation,0,1014436,0.0
1831,lb,kraft,325,1014436,320.37506555366724
1831,lb,ladda,7,1014436,6.900386027309756
1831,lb,laddning,1,1014436,0.9857694324728223
1831,lb,magnet,6,1014436,5.914616594836934
1831,lb,magnetisera,0,1014436,0.0
1831,lb,magnetism,0,1014436,0.0
1831,lb,nerv,4,1014436,3.9430777298912894
1831,lb,repulsion,0,1014436,0.0
1831,lb,spänning,8,1014436,7.886155459782579
1831,lb,strålning,0,1014436,0.0
1831,lb,ström,112,1014436,110.4061764369561
1831,lb,strömning,0,1014436,0.0
1831,lb,styrka,160,1014436,157.72310919565157
1831,lb,tension,0,1014436,0.0
1832,lb,attraktion,0,1093601,0.0
1832,lb,elektricitet,1,1093601,0.9144102830922796
1832,lb,elektriker,0,1093601,0.0
1832,lb,elektrisk,8,1093601,7.3152822647382365
1832,lb,emanation,0,1093601,0.0
1832,lb,emanera,0,1093601,0.0
1832,lb,fluidum,1,1093601,0.9144102830922796
1832,lb,induktion,0,1093601,0.0
1832,lb,influens,0,1093601,0.0
1832,lb,influera,0,1093601,0.0
1832,lb,kondensation,0,1093601,0.0
1832,lb,kraft,291,1093601,266.09339237985336
1832,lb,ladda,6,1093601,5.486461698553677
1832,lb,laddning,0,1093601,0.0
1832,lb,magnet,12,1093601,10.972923397107355
1832,lb,magnetisera,0,1093601,0.0
1832,lb,magnetism,2,1093601,1.8288205661845591
1832,lb,nerv,5,1093601,4.572051415461398
1832,lb,repulsion,0,1093601,0.0
1832,lb,spänning,5,1093601,4.572051415461398
1832,lb,strålning,0,1093601,0.0
1832,lb,ström,57,1093601,52.121386136259936
1832,lb,strömning,0,1093601,0.0
1832,lb,styrka,144,1093601,131.67508076528824
1832,lb,tension,0,1093601,0.0
1833,lb,attraktion,0,1311628,0.0
1833,lb,elektricitet,0,1311628,0.0
1833,lb,elektriker,0,1311628,0.0
1833,lb,elektrisk,4,1311628,3.04964517378403
1833,lb,emanation,0,1311628,0.0
1833,lb,emanera,1,1311628,0.7624112934460076
1833,lb,fluidum,2,1311628,1.524822586892015
1833,lb,induktion,0,1311628,0.0
1833,lb,influens,0,1311628,0.0
1833,lb,influera,0,1311628,0.0
1833,lb,kondensation,0,1311628,0.0
1833,lb,kraft,243,1311628,185.26594430737984
1833,lb,ladda,4,1311628,3.04964517378403
1833,lb,laddning,1,1311628,0.7624112934460076
1833,lb,magnet,0,1311628,0.0
1833,lb,magnetisera,0,1311628,0.0
1833,lb,magnetism,1,1311628,0.7624112934460076
1833,lb,nerv,3,1311628,2.2872338803380226
1833,lb,repulsion,0,1311628,0.0
1833,lb,spänning,7,1311628,5.336879054122053
1833,lb,strålning,0,1311628,0.0
1833,lb,ström,93,1311628,70.9042502904787
1833,lb,strömning,0,1311628,0.0
1833,lb,styrka,96,1311628,73.19148417081672
1833,lb,tension,0,1311628,0.0
1834,lb,attraktion,0,1374126,0.0
1834,lb,elektricitet,1,1374126,0.7277353022939672
1834,lb,elektriker,0,1374126,0.0
1834,lb,elektrisk,4,1374126,2.910941209175869
1834,lb,emanation,0,1374126,0.0
1834,lb,emanera,0,1374126,0.0
1834,lb,fluidum,3,1374126,2.1832059068819016
1834,lb,induktion,0,1374126,0.0
1834,lb,influens,0,1374126,0.0
1834,lb,influera,0,1374126,0.0
1834,lb,kondensation,0,1374126,0.0
1834,lb,kraft,253,1374126,184.1170314803737
1834,lb,ladda,20,1374126,14.554706045879344
1834,lb,laddning,1,1374126,0.7277353022939672
1834,lb,magnet,8,1374126,5.821882418351738
1834,lb,magnetisera,0,1374126,0.0
1834,lb,magnetism,1,1374126,0.7277353022939672
1834,lb,nerv,2,1374126,1.4554706045879344
1834,lb,repulsion,0,1374126,0.0
1834,lb,spänning,7,1374126,5.094147116057771
1834,lb,strålning,0,1374126,0.0
1834,lb,ström,70,1374126,50.941471160577706
1834,lb,strömning,0,1374126,0.0
1834,lb,styrka,114,1374126,82.96182446151226
1834,lb,tension,0,1374126,0.0
1835,lb,attraktion,0,1038481,0.0
1835,lb,elektricitet,1,1038481,0.9629449166619322
1835,lb,elektriker,0,1038481,0.0
1835,lb,elektrisk,5,1038481,4.814724583309661
1835,lb,emanation,0,1038481,0.0
1835,lb,emanera,0,1038481,0.0
1835,lb,fluidum,1,1038481,0.9629449166619322
1835,lb,induktion,0,1038481,0.0
1835,lb,influens,0,1038481,0.0
1835,lb,influera,2,1038481,1.9258898333238643
1835,lb,kondensation,0,1038481,0.0
1835,lb,kraft,467,1038481,449.69527608112236
1835,lb,ladda,9,1038481,8.66650424995739
1835,lb,laddning,2,1038481,1.9258898333238643
1835,lb,magnet,2,1038481,1.9258898333238643
1835,lb,magnetisera,0,1038481,0.0
1835,lb,magnetism,0,1038481,0.0
1835,lb,nerv,7,1038481,6.740614416633525
1835,lb,repulsion,0,1038481,0.0
1835,lb,spänning,2,1038481,1.9258898333238643
1835,lb,strålning,0,1038481,0.0
1835,lb,ström,80,1038481,77.03559333295458
1835,lb,strömning,0,1038481,0.0
1835,lb,styrka,192,1038481,184.885423999091
1835,lb,tension,0,1038481,0.0
1836,lb,attraktion,0,946210,0.0
1836,lb,elektricitet,0,946210,0.0
1836,lb,elektriker,0,946210,0.0
1836,lb,elektrisk,2,946210,2.1136956912313334
1836,lb,emanation,0,946210,0.0
1836,lb,emanera,1,946210,1.0568478456156667
1836,lb,fluidum,0,946210,0.0
1836,lb,induktion,0,946210,0.0
1836,lb,influens,0,946210,0.0
1836,lb,influera,0,946210,0.0
1836,lb,kondensation,0,946210,0.0
1836,lb,kraft,179,946210,189.17576436520434
1836,lb,ladda,5,946210,5.2842392280783335
1836,lb,laddning,0,946210,0.0
1836,lb,magnet,7,946210,7.397934919309667
1836,lb,magnetisera,0,946210,0.0
1836,lb,magnetism,0,946210,0.0
1836,lb,nerv,11,946210,11.625326301772335
1836,lb,repulsion,0,946210,0.0
1836,lb,spänning,0,946210,0.0
1836,lb,strålning,0,946210,0.0
1836,lb,ström,38,946210,40.16021813339533
1836,lb,strömning,0,946210,0.0
1836,lb,styrka,78,946210,82.43413195802201
1836,lb,tension,0,946210,0.0
1837,lb,attraktion,0,821544,0.0
1837,lb,elektricitet,0,821544,0.0
1837,lb,elektriker,0,821544,0.0
1837,lb,elektrisk,7,821544,8.520541809081436
1837,lb,emanation,0,821544,0.0
1837,lb,emanera,0,821544,0.0
1837,lb,fluidum,0,821544,0.0
1837,lb,induktion,0,821544,0.0
1837,lb,influens,0,821544,0.0
1837,lb,influera,0,821544,0.0
1837,lb,kondensation,0,821544,0.0
1837,lb,kraft,302,821544,367.600518048942
1837,lb,ladda,1,821544,1.2172202584402052
1837,lb,laddning,2,821544,2.4344405168804104
1837,lb,magnet,8,821544,9.737762067521642
1837,lb,magnetisera,0,821544,0.0
1837,lb,magnetism,0,821544,0.0
1837,lb,nerv,4,821544,4.868881033760821
1837,lb,repulsion,0,821544,0.0
1837,lb,spänning,1,821544,1.2172202584402052
1837,lb,strålning,0,821544,0.0
1837,lb,ström,75,821544,91.2915193830154
1837,lb,strömning,0,821544,0.0
1837,lb,styrka,151,821544,183.800259024471
1837,lb,tension,0,821544,0.0
1838,lb,attraktion,1,1367125,0.7314620096918716
1838,lb,elektricitet,2,1367125,1.4629240193837432
1838,lb,elektriker,0,1367125,0.0
1838,lb,elektrisk,8,1367125,5.851696077534973
1838,lb,emanation,0,1367125,0.0
1838,lb,emanera,3,1367125,2.194386029075615
1838,lb,fluidum,3,1367125,2.194386029075615
1838,lb,induktion,0,1367125,0.0
1838,lb,influens,0,1367125,0.0
1838,lb,influera,0,1367125,0.0
1838,lb,kondensation,0,1367125,0.0
1838,lb,kraft,338,1367125,247.23415927585262
1838,lb,ladda,14,1367125,10.240468135686204
1838,lb,laddning,3,1367125,2.194386029075615
1838,lb,magnet,11,1367125,8.046082106610587
1838,lb,magnetisera,0,1367125,0.0
1838,lb,magnetism,4,1367125,2.9258480387674863
1838,lb,nerv,9,1367125,6.5831580872268445
1838,lb,repulsion,1,1367125,0.7314620096918716
1838,lb,spänning,1,1367125,0.7314620096918716
1838,lb,strålning,0,1367125,0.0
1838,lb,ström,101,1367125,73.87766297887903
1838,lb,strömning,0,1367125,0.0
1838,lb,styrka,188,1367125,137.51485782207186
1838,lb,tension,0,1367125,0.0
1839,lb,attraktion,0,2082708,0.0
1839,lb,elektricitet,2,2082708,0.9602882401181538
1839,lb,elektriker,0,2082708,0.0
1839,lb,elektrisk,15,2082708,7.202161800886154
1839,lb,emanation,0,2082708,0.0
1839,lb,emanera,0,2082708,0.0
1839,lb,fluidum,1,2082708,0.4801441200590769
1839,lb,induktion,0,2082708,0.0
1839,lb,influens,0,2082708,0.0
1839,lb,influera,0,2082708,0.0
1839,lb,kondensation,0,2082708,0.0
1839,lb,kraft,479,2082708,229.98903350829784
1839,lb,ladda,20,2082708,9.602882401181539
1839,lb,laddning,3,2082708,1.4404323601772309
1839,lb,magnet,5,2082708,2.4007206002953847
1839,lb,magnetisera,1,2082708,0.4801441200590769
1839,lb,magnetism,2,2082708,0.9602882401181538
1839,lb,nerv,17,2082708,8.162450041004307
1839,lb,repulsion,0,2082708,0.0
1839,lb,spänning,7,2082708,3.3610088404135383
1839,lb,strålning,0,2082708,0.0
1839,lb,ström,113,2082708,54.25628556667569
1839,lb,strömning,0,2082708,0.0
1839,lb,styrka,232,2082708,111.39343585370585
1839,lb,tension,0,2082708,0.0
1840,lb,attraktion,0,2347802,0.0
1840,lb,elektricitet,0,2347802,0.0
1840,lb,elektriker,0,2347802,0.0
1840,lb,elektrisk,12,2347802,5.1111635478630655
1840,lb,emanation,0,2347802,0.0
1840,lb,emanera,0,2347802,0.0
1840,lb,fluidum,1,2347802,0.4259302956552554
1840,lb,induktion,0,2347802,0.0
1840,lb,influens,0,2347802,0.0
1840,lb,influera,0,2347802,0.0
1840,lb,kondensation,0,2347802,0.0
1840,lb,kraft,647,2347802,275.57690128895024
1840,lb,ladda,12,2347802,5.1111635478630655
1840,lb,laddning,1,2347802,0.4259302956552554
1840,lb,magnet,6,2347802,2.5555817739315327
1840,lb,magnetisera,0,2347802,0.0
1840,lb,magnetism,0,2347802,0.0
1840,lb,nerv,18,2347802,7.666745321794598
1840,lb,repulsion,1,2347802,0.4259302956552554
1840,lb,spänning,32,2347802,13.629769460968173
1840,lb,strålning,0,2347802,0.0
1840,lb,ström,155,2347802,66.0191958265646
1840,lb,strömning,0,2347802,0.0
1840,lb,styrka,261,2347802,111.16780716602166
1840,lb,tension,0,2347802,0.0
1841,lb,attraktion,1,2271417,0.44025381512949846
1841,lb,elektricitet,3,2271417,1.3207614453884953
1841,lb,elektriker,0,2271417,0.0
1841,lb,elektrisk,15,2271417,6.603807226942477
1841,lb,emanation,0,2271417,0.0
1841,lb,emanera,2,2271417,0.8805076302589969
1841,lb,fluidum,1,2271417,0.44025381512949846
1841,lb,induktion,0,2271417,0.0
1841,lb,influens,0,2271417,0.0
1841,lb,influera,1,2271417,0.44025381512949846
1841,lb,kondensation,0,2271417,0.0
1841,lb,kraft,555,2271417,244.34086739687166
1841,lb,ladda,17,2271417,7.484314857201474
1841,lb,laddning,7,2271417,3.0817767059064893
1841,lb,magnet,6,2271417,2.6415228907769905
1841,lb,magnetisera,0,2271417,0.0
1841,lb,magnetism,0,2271417,0.0
1841,lb,nerv,13,2271417,5.72329959668348
1841,lb,repulsion,0,2271417,0.0
1841,lb,spänning,24,2271417,10.566091563107962
1841,lb,strålning,0,2271417,0.0
1841,lb,ström,138,2271417,60.755026487870786
1841,lb,strömning,0,2271417,0.0
1841,lb,styrka,245,2271417,107.86218470672712
1841,lb,tension,0,2271417,0.0
1842,lb,attraktion,1,3018139,0.33133000169972293
1842,lb,elektricitet,6,3018139,1.9879800101983374
1842,lb,elektriker,0,3018139,0.0
1842,lb,elektrisk,12,3018139,3.9759600203966747
1842,lb,emanation,1,3018139,0.33133000169972293
1842,lb,emanera,1,3018139,0.33133000169972293
1842,lb,fluidum,2,3018139,0.6626600033994459
1842,lb,induktion,0,3018139,0.0
1842,lb,influens,0,3018139,0.0
1842,lb,influera,0,3018139,0.0
1842,lb,kondensation,0,3018139,0.0
1842,lb,kraft,691,3018139,228.94903117450852
1842,lb,ladda,16,3018139,5.301280027195567
1842,lb,laddning,5,3018139,1.6566500084986144
1842,lb,magnet,9,3018139,2.9819700152975064
1842,lb,magnetisera,0,3018139,0.0
1842,lb,magnetism,0,3018139,0.0
1842,lb,nerv,28,3018139,9.277240047592242
1842,lb,repulsion,0,3018139,0.0
1842,lb,spänning,26,3018139,8.614580044192795
1842,lb,strålning,0,3018139,0.0
1842,lb,ström,139,3018139,46.054870236261486
1842,lb,strömning,0,3018139,0.0
1842,lb,styrka,313,3018139,103.70629053201327
1842,lb,tension,0,3018139,0.0
1843,lb,attraktion,0,2956629,0.0
1843,lb,elektricitet,2,2956629,0.6764460471706122
1843,lb,elektriker,0,2956629,0.0
1843,lb,elektrisk,12,2956629,4.058676283023673
1843,lb,emanation,0,2956629,0.0
1843,lb,emanera,1,2956629,0.3382230235853061
1843,lb,fluidum,3,2956629,1.0146690707559183
1843,lb,induktion,0,2956629,0.0
1843,lb,influens,0,2956629,0.0
1843,lb,influera,1,2956629,0.3382230235853061
1843,lb,kondensation,0,2956629,0.0
1843,lb,kraft,558,2956629,188.7284471606008
1843,lb,ladda,15,2956629,5.073345353779591
1843,lb,laddning,4,2956629,1.3528920943412244
1843,lb,magnet,9,2956629,3.044007212267755
1843,lb,magnetisera,0,2956629,0.0
1843,lb,magnetism,0,2956629,0.0
1843,lb,nerv,19,2956629,6.4262374481208155
1843,lb,repulsion,1,2956629,0.3382230235853061
1843,lb,spänning,12,2956629,4.058676283023673
1843,lb,strålning,0,2956629,0.0
1843,lb,ström,133,2956629,44.98366213684571
1843,lb,strömning,0,2956629,0.0
1843,lb,styrka,254,2956629,85.90864799066775
1843,lb,tension,0,2956629,0.0
1844,lb,attraktion,3,2580770,1.1624437667827818
1844,lb,elektricitet,0,2580770,0.0
1844,lb,elektriker,0,2580770,0.0
1844,lb,elektrisk,11,2580770,4.262293811536867
1844,lb,emanation,0,2580770,0.0
1844,lb,emanera,0,2580770,0.0
1844,lb,fluidum,5,2580770,1.937406277971303
1844,lb,induktion,0,2580770,0.0
1844,lb,influens,0,2580770,0.0
1844,lb,influera,0,2580770,0.0
1844,lb,kondensation,0,2580770,0.0
1844,lb,kraft,578,2580770,223.96416573348264
1844,lb,ladda,10,2580770,3.874812555942606
1844,lb,laddning,4,2580770,1.5499250223770424
1844,lb,magnet,3,2580770,1.1624437667827818
1844,lb,magnetisera,0,2580770,0.0
1844,lb,magnetism,3,2580770,1.1624437667827818
1844,lb,nerv,13,2580770,5.037256322725388
1844,lb,repulsion,0,2580770,0.0
1844,lb,spänning,18,2580770,6.974662600696691
1844,lb,strålning,0,2580770,0.0
1844,lb,ström,118,2580770,45.722788160122754
1844,lb,strömning,0,2580770,0.0
1844,lb,styrka,325,2580770,125.9314080681347
1844,lb,tension,0,2580770,0.0
1845,lb,attraktion,1,3288238,0.3041142399059922
1845,lb,elektricitet,0,3288238,0.0
1845,lb,elektriker,0,3288238,0.0
1845,lb,elektrisk,22,3288238,6.690513277931829
1845,lb,emanation,0,3288238,0.0
1845,lb,emanera,0,3288238,0.0
1845,lb,fluidum,6,3288238,1.8246854394359533
1845,lb,induktion,0,3288238,0.0
1845,lb,influens,0,3288238,0.0
1845,lb,influera,0,3288238,0.0
1845,lb,kondensation,0,3288238,0.0
1845,lb,kraft,687,3288238,208.92648281541665
1845,lb,ladda,16,3288238,4.865827838495875
1845,lb,laddning,13,3288238,3.9534851187778988
1845,lb,magnet,7,3288238,2.1287996793419453
1845,lb,magnetisera,0,3288238,0.0
1845,lb,magnetism,3,3288238,0.9123427197179766
1845,lb,nerv,10,3288238,3.0411423990599222
1845,lb,repulsion,0,3288238,0.0
1845,lb,spänning,27,3288238,8.211084477461789
1845,lb,strålning,0,3288238,0.0
1845,lb,ström,185,3288238,56.26113438260856
1845,lb,strömning,0,3288238,0.0
1845,lb,styrka,286,3288238,86.97667261311378
1845,lb,tension,0,3288238,0.0
1846,lb,attraktion,0,2822137,0.0
1846,lb,elektricitet,1,2822137,0.3543414086559228
1846,lb,elektriker,0,2822137,0.0
1846,lb,elektrisk,13,2822137,4.606438312526996
1846,lb,emanation,0,2822137,0.0
1846,lb,emanera,0,2822137,0.0
1846,lb,fluidum,1,2822137,0.3543414086559228
1846,lb,induktion,0,2822137,0.0
1846,lb,influens,0,2822137,0.0
1846,lb,influera,0,2822137,0.0
1846,lb,kondensation,0,2822137,0.0
1846,lb,kraft,677,2822137,239.88913366005974
1846,lb,ladda,11,2822137,3.8977554952151507
1846,lb,laddning,8,2822137,2.8347312692473823
1846,lb,magnet,2,2822137,0.7086828173118456
1846,lb,magnetisera,2,2822137,0.7086828173118456
1846,lb,magnetism,0,2822137,0.0
1846,lb,nerv,20,2822137,7.086828173118456
1846,lb,repulsion,0,2822137,0.0
1846,lb,spänning,31,2822137,10.984583668333606
1846,lb,strålning,0,2822137,0.0
1846,lb,ström,158,2822137,55.9859425676358
1846,lb,strömning,0,2822137,0.0
1846,lb,styrka,253,2822137,89.64837638994847
1846,lb,tension,0,2822137,0.0
1847,lb,attraktion,0,4870440,0.0
1847,lb,elektricitet,3,4870440,0.6159607756178087
1847,lb,elektriker,0,4870440,0.0
1847,lb,elektrisk,20,4870440,4.106405170785391
1847,lb,emanation,3,4870440,0.6159607756178087
1847,lb,emanera,4,4870440,0.8212810341570782
1847,lb,fluidum,3,4870440,0.6159607756178087
1847,lb,induktion,0,4870440,0.0
1847,lb,influens,0,4870440,0.0
1847,lb,influera,1,4870440,0.20532025853926955
1847,lb,kondensation,0,4870440,0.0
1847,lb,kraft,1115,4870440,228.93208827128555
1847,lb,ladda,45,4870440,9.23941163426713
1847,lb,laddning,9,4870440,1.847882326853426
1847,lb,magnet,8,4870440,1.6425620683141564
1847,lb,magnetisera,2,4870440,0.4106405170785391
1847,lb,magnetism,12,4870440,2.463843102471235
1847,lb,nerv,48,4870440,9.85537240988494
1847,lb,repulsion,0,4870440,0.0
1847,lb,spänning,41,4870440,8.418130600110052
1847,lb,strålning,1,4870440,0.20532025853926955
1847,lb,ström,217,4870440,44.55449610302149
1847,lb,strömning,0,4870440,0.0
1847,lb,styrka,582,4870440,119.49639046985487
1847,lb,tension,0,4870440,0.0
1848,lb,attraktion,3,3216304,0.9327476507195838
1848,lb,elektricitet,1,3216304,0.31091588357319455
1848,lb,elektriker,0,3216304,0.0
1848,lb,elektrisk,31,3216304,9.638392390769031
1848,lb,emanation,0,3216304,0.0
1848,lb,emanera,0,3216304,0.0
1848,lb,fluidum,4,3216304,1.2436635342927782
1848,lb,induktion,0,3216304,0.0
1848,lb,influens,0,3216304,0.0
1848,lb,influera,0,3216304,0.0
1848,lb,kondensation,0,3216304,0.0
1848,lb,kraft,763,3216304,237.22881916634745
1848,lb,ladda,17,3216304,5.2855700207443075
1848,lb,laddning,7,3216304,2.176411185012362
1848,lb,magnet,9,3216304,2.798242952158751
1848,lb,magnetisera,4,3216304,1.2436635342927782
1848,lb,magnetism,8,3216304,2.4873270685855564
1848,lb,nerv,24,3216304,7.46198120575667
1848,lb,repulsion,0,3216304,0.0
1848,lb,spänning,44,3216304,13.680298877220562
1848,lb,strålning,0,3216304,0.0
1848,lb,ström,146,3216304,45.39371900168641
1848,lb,strömning,2,3216304,0.6218317671463891
1848,lb,styrka,343,3216304,106.64414806560573
1848,lb,tension,0,3216304,0.0
1849,lb,attraktion,0,3613972,0.0
1849,lb,elektricitet,3,3613972,0.8301115780642462
1849,lb,elektriker,0,3613972,0.0
1849,lb,elektrisk,20,3613972,5.534077187094975
1849,lb,emanation,0,3613972,0.0
1849,lb,emanera,2,3613972,0.5534077187094975
1849,lb,fluidum,4,3613972,1.106815437418995
1849,lb,induktion,0,3613972,0.0
1849,lb,influens,4,3613972,1.106815437418995
1849,lb,influera,1,3613972,0.2767038593547487
1849,lb,kondensation,0,3613972,0.0
1849,lb,kraft,827,3613972,228.8340916863772
1849,lb,ladda,32,3613972,8.85452349935196
1849,lb,laddning,6,3613972,1.6602231561284924
1849,lb,magnet,8,3613972,2.21363087483799
1849,lb,magnetisera,4,3613972,1.106815437418995
1849,lb,magnetism,4,3613972,1.106815437418995
1849,lb,nerv,29,3613972,8.024411921287713
1849,lb,repulsion,0,3613972,0.0
1849,lb,spänning,29,3613972,8.024411921287713
1849,lb,strålning,0,3613972,0.0
1849,lb,ström,127,3613972,35.14139013805309
1849,lb,strömning,0,3613972,0.0
1849,lb,styrka,363,3613972,100.44350094577379
1849,lb,tension,0,3613972,0.0
1850,lb,attraktion,0,2713288,0.0
1850,lb,elektricitet,7,2713288,2.57989568376081
1850,lb,elektriker,0,2713288,0.0
1850,lb,elektrisk,18,2713288,6.6340174725277965
1850,lb,emanation,0,2713288,0.0
1850,lb,emanera,1,2713288,0.3685565262515442
1850,lb,fluidum,1,2713288,0.3685565262515442
1850,lb,induktion,0,2713288,0.0
1850,lb,influens,0,2713288,0.0
1850,lb,influera,1,2713288,0.3685565262515442
1850,lb,kondensation,0,2713288,0.0
1850,lb,kraft,647,2713288,238.45607248474914
1850,lb,ladda,22,2713288,8.108243577533974
1850,lb,laddning,12,2713288,4.422678315018531
1850,lb,magnet,5,2713288,1.8427826312577213
1850,lb,magnetisera,2,2713288,0.7371130525030885
1850,lb,magnetism,4,2713288,1.474226105006177
1850,lb,nerv,31,2713288,11.425252313797872
1850,lb,repulsion,0,2713288,0.0
1850,lb,spänning,22,2713288,8.108243577533974
1850,lb,strålning,0,2713288,0.0
1850,lb,ström,191,2713288,70.39429651404495
1850,lb,strömning,0,2713288,0.0
1850,lb,styrka,303,2713288,111.6726274542179
1850,lb,tension,0,2713288,0.0
1851,lb,attraktion,1,3593615,0.2782713228879554
1851,lb,elektricitet,3,3593615,0.8348139686638664
1851,lb,elektriker,0,3593615,0.0
1851,lb,elektrisk,22,3593615,6.12196910353502
1851,lb,emanation,0,3593615,0.0
1851,lb,emanera,2,3593615,0.5565426457759108
1851,lb,fluidum,2,3593615,0.5565426457759108
1851,lb,induktion,0,3593615,0.0
1851,lb,influens,0,3593615,0.0
1851,lb,influera,0,3593615,0.0
1851,lb,kondensation,0,3593615,0.0
1851,lb,kraft,849,3593615,236.25235313187417
1851,lb,ladda,27,3593615,7.513325717974797
1851,lb,laddning,11,3593615,3.06098455176751
1851,lb,magnet,4,3593615,1.1130852915518217
1851,lb,magnetisera,8,3593615,2.2261705831036434
1851,lb,magnetism,2,3593615,0.5565426457759108
1851,lb,nerv,42,3593615,11.687395561294128
1851,lb,repulsion,1,3593615,0.2782713228879554
1851,lb,spänning,27,3593615,7.513325717974797
1851,lb,strålning,0,3593615,0.0
1851,lb,ström,174,3593615,48.419210182504244
1851,lb,strömning,0,3593615,0.0
1851,lb,styrka,424,3593615,117.98704090449311
1851,lb,tension,0,3593615,0.0
1852,lb,attraktion,1,2319661,0.43109747501897905
1852,lb,elektricitet,0,2319661,0.0
1852,lb,elektriker,0,2319661,0.0
1852,lb,elektrisk,18,2319661,7.759754550341623
1852,lb,emanation,0,2319661,0.0
1852,lb,emanera,1,2319661,0.43109747501897905
1852,lb,fluidum,1,2319661,0.43109747501897905
1852,lb,induktion,0,2319661,0.0
1852,lb,influens,0,2319661,0.0
1852,lb,influera,0,2319661,0.0
1852,lb,kondensation,0,2319661,0.0
1852,lb,kraft,730,2319661,314.7011567638547
1852,lb,ladda,11,2319661,4.74207222520877
1852,lb,laddning,3,2319661,1.293292425056937
1852,lb,magnet,6,2319661,2.586584850113874
1852,lb,magnetisera,0,2319661,0.0
1852,lb,magnetism,2,2319661,0.8621949500379581
1852,lb,nerv,13,2319661,5.6042671752467275
1852,lb,repulsion,1,2319661,0.43109747501897905
1852,lb,spänning,18,2319661,7.759754550341623
1852,lb,strålning,0,2319661,0.0
1852,lb,ström,113,2319661,48.71401467714463
1852,lb,strömning,0,2319661,0.0
1852,lb,styrka,248,2319661,106.91217380470681
1852,lb,tension,0,2319661,0.0
1853,lb,attraktion,1,2810543,0.35580313128103713
1853,lb,elektricitet,2,2810543,0.7116062625620743
1853,lb,elektriker,0,2810543,0.0
1853,lb,elektrisk,29,2810543,10.318290807150078
1853,lb,emanation,0,2810543,0.0
1853,lb,emanera,1,2810543,0.35580313128103713
1853,lb,fluidum,1,2810543,0.35580313128103713
1853,lb,induktion,0,2810543,0.0
1853,lb,influens,0,2810543,0.0
1853,lb,influera,0,2810543,0.0
1853,lb,kondensation,0,2810543,0.0
1853,lb,kraft,662,2810543,235.5416729080466
1853,lb,ladda,12,2810543,4.269637575372446
1853,lb,laddning,7,2810543,2.49062191896726
1853,lb,magnet,11,2810543,3.9138344440914086
1853,lb,magnetisera,0,2810543,0.0
1853,lb,magnetism,3,2810543,1.0674093938431115
1853,lb,nerv,18,2810543,6.404456363058669
1853,lb,repulsion,0,2810543,0.0
1853,lb,spänning,12,2810543,4.269637575372446
1853,lb,strålning,1,2810543,0.35580313128103713
1853,lb,ström,200,2810543,71.16062625620744
1853,lb,strömning,0,2810543,0.0
1853,lb,styrka,328,2810543,116.70342706018019
1853,lb,tension,0,2810543,0.0
1854,lb,attraktion,1,2792243,0.3581350190509923
1854,lb,elektricitet,2,2792243,0.7162700381019846
1854,lb,elektriker,0,2792243,0.0
1854,lb,elektrisk,21,2792243,7.5208354000708395
1854,lb,emanation,0,2792243,0.0
1854,lb,emanera,2,2792243,0.7162700381019846
1854,lb,fluidum,2,2792243,0.7162700381019846
1854,lb,induktion,0,2792243,0.0
1854,lb,influens,0,2792243,0.0
1854,lb,influera,0,2792243,0.0
1854,lb,kondensation,0,2792243,0.0
1854,lb,kraft,658,2792243,235.65284253555296
1854,lb,ladda,29,2792243,10.385915552478778
1854,lb,laddning,11,2792243,3.9394852095609156
1854,lb,magnet,5,2792243,1.7906750952549617
1854,lb,magnetisera,7,2792243,2.5069451333569464
1854,lb,magnetism,10,2792243,3.5813501905099234
1854,lb,nerv,41,2792243,14.683535781090686
1854,lb,repulsion,0,2792243,0.0
1854,lb,spänning,20,2792243,7.162700381019847
1854,lb,strålning,0,2792243,0.0
1854,lb,ström,143,2792243,51.2133077242919
1854,lb,strömning,0,2792243,0.0
1854,lb,styrka,297,2792243,106.36610065814473
1854,lb,tension,0,2792243,0.0
1855,lb,attraktion,2,1909263,1.0475246207568052
1855,lb,elektricitet,0,1909263,0.0
1855,lb,elektriker,0,1909263,0.0
1855,lb,elektrisk,11,1909263,5.7613854141624286
1855,lb,emanation,0,1909263,0.0
1855,lb,emanera,0,1909263,0.0
1855,lb,fluidum,6,1909263,3.142573862270415
1855,lb,induktion,0,1909263,0.0
1855,lb,influens,0,1909263,0.0
1855,lb,influera,1,1909263,0.5237623103784026
1855,lb,kondensation,0,1909263,0.0
1855,lb,kraft,589,1909263,308.4960008128791
1855,lb,ladda,12,1909263,6.28514772454083
1855,lb,laddning,5,1909263,2.618811551892013
1855,lb,magnet,6,1909263,3.142573862270415
1855,lb,magnetisera,1,1909263,0.5237623103784026
1855,lb,magnetism,6,1909263,3.142573862270415
1855,lb,nerv,26,1909263,13.617820069838466
1855,lb,repulsion,1,1909263,0.5237623103784026
1855,lb,spänning,6,1909263,3.142573862270415
1855,lb,strålning,0,1909263,0.0
1855,lb,ström,146,1909263,76.46929731524678
1855,lb,strömning,0,1909263,0.0
1855,lb,styrka,234,1909263,122.5603806285462
1855,lb,tension,0,1909263,0.0
1856,lb,attraktion,0,1734852,0.0
1856,lb,elektricitet,0,1734852,0.0
1856,lb,elektriker,0,1734852,0.0
1856,lb,elektrisk,11,1734852,6.340598506385559
1856,lb,emanation,0,1734852,0.0
1856,lb,emanera,0,1734852,0.0
1856,lb,fluidum,2,1734852,1.1528360920701017
1856,lb,induktion,0,1734852,0.0
1856,lb,influens,0,1734852,0.0
1856,lb,influera,0,1734852,0.0
1856,lb,kondensation,0,1734852,0.0
1856,lb,kraft,457,1734852,263.42304703801824
1856,lb,ladda,31,1734852,17.868959427086576
1856,lb,laddning,9,1734852,5.187762414315458
1856,lb,magnet,2,1734852,1.1528360920701017
1856,lb,magnetisera,0,1734852,0.0
1856,lb,magnetism,1,1734852,0.5764180460350509
1856,lb,nerv,10,1734852,5.7641804603505085
1856,lb,repulsion,0,1734852,0.0
1856,lb,spänning,6,1734852,3.458508276210305
1856,lb,strålning,0,1734852,0.0
1856,lb,ström,83,1734852,47.842697820909216
1856,lb,strömning,0,1734852,0.0
1856,lb,styrka,171,1734852,98.5674858719937
1856,lb,tension,0,1734852,0.0
1857,lb,attraktion,2,1965245,1.017684817923465
1857,lb,elektricitet,2,1965245,1.017684817923465
1857,lb,elektriker,0,1965245,0.0
1857,lb,elektrisk,15,1965245,7.632636134425987
1857,lb,emanation,0,1965245,0.0
1857,lb,emanera,1,1965245,0.5088424089617325
1857,lb,fluidum,3,1965245,1.5265272268851975
1857,lb,induktion,0,1965245,0.0
1857,lb,influens,1,1965245,0.5088424089617325
1857,lb,influera,0,1965245,0.0
1857,lb,kondensation,0,1965245,0.0
1857,lb,kraft,553,1965245,281.38985215583807
1857,lb,ladda,20,1965245,10.17684817923465
1857,lb,laddning,9,1965245,4.5795816806555925
1857,lb,magnet,5,1965245,2.5442120448086625
1857,lb,magnetisera,4,1965245,2.03536963584693
1857,lb,magnetism,10,1965245,5.088424089617325
1857,lb,nerv,12,1965245,6.10610890754079
1857,lb,repulsion,0,1965245,0.0
1857,lb,spänning,13,1965245,6.614951316502522
1857,lb,strålning,0,1965245,0.0
1857,lb,ström,132,1965245,67.1671979829487
1857,lb,strömning,0,1965245,0.0
1857,lb,styrka,205,1965245,104.31269383715517
1857,lb,tension,0,1965245,0.0
1858,lb,attraktion,0,1316079,0.0
1858,lb,elektricitet,0,1316079,0.0
1858,lb,elektriker,0,1316079,0.0
1858,lb,elektrisk,10,1316079,7.598328063892821
1858,lb,emanation,0,1316079,0.0
1858,lb,emanera,0,1316079,0.0
1858,lb,fluidum,3,1316079,2.2794984191678465
1858,lb,induktion,0,1316079,0.0
1858,lb,influens,0,1316079,0.0
1858,lb,influera,0,1316079,0.0
1858,lb,kondensation,0,1316079,0.0
1858,lb,kraft,263,1316079,199.8360280803812
1858,lb,ladda,12,1316079,9.117993676671386
1858,lb,laddning,2,1316079,1.5196656127785642
1858,lb,magnet,4,1316079,3.0393312255571283
1858,lb,magnetisera,2,1316079,1.5196656127785642
1858,lb,magnetism,3,1316079,2.2794984191678465
1858,lb,nerv,8,1316079,6.078662451114257
1858,lb,repulsion,0,1316079,0.0
1858,lb,spänning,5,1316079,3.7991640319464106
1858,lb,strålning,0,1316079,0.0
1858,lb,ström,58,1316079,44.070302770578365
1858,lb,strömning,0,1316079,0.0
1858,lb,styrka,130,1316079,98.77826483060667
1858,lb,tension,0,1316079,0.0
1859,lb,attraktion,0,2900974,0.0
1859,lb,elektricitet,6,2900974,2.0682708635099796
1859,lb,elektriker,0,2900974,0.0
1859,lb,elektrisk,27,2900974,9.307218885794908
1859,lb,emanation,0,2900974,0.0
1859,lb,emanera,0,2900974,0.0
1859,lb,fluidum,8,2900974,2.757694484679973
1859,lb,induktion,0,2900974,0.0
1859,lb,influens,0,2900974,0.0
1859,lb,influera,1,2900974,0.3447118105849966
1859,lb,kondensation,0,2900974,0.0
1859,lb,kraft,572,2900974,197.17515565461807
1859,lb,ladda,16,2900974,5.515388969359946
1859,lb,laddning,6,2900974,2.0682708635099796
1859,lb,magnet,11,2900974,3.791829916434963
1859,lb,magnetisera,1,2900974,0.3447118105849966
1859,lb,magnetism,2,2900974,0.6894236211699932
1859,lb,nerv,23,2900974,7.9283716434549225
1859,lb,repulsion,0,2900974,0.0
1859,lb,spänning,22,2900974,7.583659832869926
1859,lb,strålning,1,2900974,0.3447118105849966
1859,lb,ström,138,2900974,47.57022986072953
1859,lb,strömning,0,2900974,0.0
1859,lb,styrka,293,2900974,101.00056050140401
1859,lb,tension,0,2900974,0.0
1860,lb,attraktion,1,3133020,0.3191808542556383
1860,lb,elektricitet,2,3133020,0.6383617085112766
1860,lb,elektriker,0,3133020,0.0
1860,lb,elektrisk,21,3133020,6.702797939368405
1860,lb,emanation,0,3133020,0.0
1860,lb,emanera,0,3133020,0.0
1860,lb,fluidum,7,3133020,2.2342659797894684
1860,lb,induktion,0,3133020,0.0
1860,lb,influens,0,3133020,0.0
1860,lb,influera,0,3133020,0.0
1860,lb,kondensation,0,3133020,0.0
1860,lb,kraft,713,3133020,227.57594908427012
1860,lb,ladda,18,3133020,5.74525537660149
1860,lb,laddning,14,3133020,4.468531959578937
1860,lb,magnet,7,3133020,2.2342659797894684
1860,lb,magnetisera,0,3133020,0.0
1860,lb,magnetism,5,3133020,1.5959042712781917
1860,lb,nerv,46,3133020,14.682319295759363
1860,lb,repulsion,0,3133020,0.0
1860,lb,spänning,34,3133020,10.852149044691703
1860,lb,strålning,0,3133020,0.0
1860,lb,ström,171,3133020,54.579926077714155
1860,lb,strömning,0,3133020,0.0
1860,lb,styrka,325,3133020,103.73377763308245
1860,lb,tension,0,3133020,0.0
1861,lb,attraktion,1,3838278,0.2605334996579195
1861,lb,elektricitet,2,3838278,0.521066999315839
1861,lb,elektriker,0,3838278,0.0
1861,lb,elektrisk,25,3838278,6.513337491447988
1861,lb,emanation,0,3838278,0.0
1861,lb,emanera,1,3838278,0.2605334996579195
1861,lb,fluidum,2,3838278,0.521066999315839
1861,lb,induktion,0,3838278,0.0
1861,lb,influens,0,3838278,0.0
1861,lb,influera,0,3838278,0.0
1861,lb,kondensation,0,3838278,0.0
1861,lb,kraft,803,3838278,209.20840022530936
1861,lb,ladda,20,3838278,5.21066999315839
1861,lb,laddning,7,3838278,1.8237344976054366
1861,lb,magnet,8,3838278,2.084267997263356
1861,lb,magnetisera,11,3838278,2.865868496237115
1861,lb,magnetism,55,3838278,14.329342481185574
1861,lb,nerv,20,3838278,5.21066999315839
1861,lb,repulsion,0,3838278,0.0
1861,lb,spänning,23,3838278,5.992270492132149
1861,lb,strålning,0,3838278,0.0
1861,lb,ström,143,3838278,37.25629045108249
1861,lb,strömning,1,3838278,0.2605334996579195
1861,lb,styrka,435,3838278,113.332072351195
1861,lb,tension,0,3838278,0.0
1862,lb,attraktion,2,2168216,0.9224173237352736
1862,lb,elektricitet,3,2168216,1.3836259856029105
1862,lb,elektriker,0,2168216,0.0
1862,lb,elektrisk,19,2168216,8.7629645754851
1862,lb,emanation,0,2168216,0.0
1862,lb,emanera,1,2168216,0.4612086618676368
1862,lb,fluidum,3,2168216,1.3836259856029105
1862,lb,induktion,0,2168216,0.0
1862,lb,influens,0,2168216,0.0
1862,lb,influera,1,2168216,0.4612086618676368
1862,lb,kondensation,0,2168216,0.0
1862,lb,kraft,646,2168216,297.94079556649336
1862,lb,ladda,37,2168216,17.064720489102562
1862,lb,laddning,4,2168216,1.8448346474705473
1862,lb,magnet,8,2168216,3.6896692949410945
1862,lb,magnetisera,0,2168216,0.0
1862,lb,magnetism,0,2168216,0.0
1862,lb,nerv,24,2168216,11.069007884823284
1862,lb,repulsion,0,2168216,0.0
1862,lb,spänning,26,2168216,11.991425208558557
1862,lb,strålning,0,2168216,0.0
1862,lb,ström,152,2168216,70.1037166038808
1862,lb,strömning,0,2168216,0.0
1862,lb,styrka,267,2168216,123.14271271865903
1862,lb,tension,0,2168216,0.0
1863,lb,attraktion,1,2667460,0.3748884706799727
1863,lb,elektricitet,0,2667460,0.0
1863,lb,elektriker,0,2667460,0.0
1863,lb,elektrisk,9,2667460,3.3739962361197544
1863,lb,emanation,2,2667460,0.7497769413599454
1863,lb,emanera,0,2667460,0.0
1863,lb,fluidum,0,2667460,0.0
1863,lb,induktion,0,2667460,0.0
1863,lb,influens,0,2667460,0.0
1863,lb,influera,1,2667460,0.3748884706799727
1863,lb,kondensation,0,2667460,0.0
1863,lb,kraft,605,2667460,226.8075247613835
1863,lb,ladda,19,2667460,7.1228809429194815
1863,lb,laddning,2,2667460,0.7497769413599454
1863,lb,magnet,5,2667460,1.8744423533998635
1863,lb,magnetisera,2,2667460,0.7497769413599454
1863,lb,magnetism,5,2667460,1.8744423533998635
1863,lb,nerv,12,2667460,4.498661648159673
1863,lb,repulsion,0,2667460,0.0
1863,lb,spänning,13,2667460,4.8735501188396455
1863,lb,strålning,0,2667460,0.0
1863,lb,ström,178,2667460,66.73014778103514
1863,lb,strömning,0,2667460,0.0
1863,lb,styrka,219,2667460,82.10057507891402
1863,lb,tension,0,2667460,0.0
1864,lb,attraktion,2,3880422,0.515407860279114
1864,lb,elektricitet,1,3880422,0.257703930139557
1864,lb,elektriker,0,3880422,0.0
1864,lb,elektrisk,14,3880422,3.6078550219537977
1864,lb,emanation,0,3880422,0.0
1864,lb,emanera,0,3880422,0.0
1864,lb,fluidum,1,3880422,0.257703930139557
1864,lb,induktion,0,3880422,0.0
1864,lb,influens,0,3880422,0.0
1864,lb,influera,1,3880422,0.257703930139557
1864,lb,kondensation,0,3880422,0.0
1864,lb,kraft,765,3880422,197.14350655676108
1864,lb,ladda,13,3880422,3.350151091814241
1864,lb,laddning,5,3880422,1.288519650697785
1864,lb,magnet,11,3880422,2.8347432315351266
1864,lb,magnetisera,0,3880422,0.0
1864,lb,magnetism,2,3880422,0.515407860279114
1864,lb,nerv,26,3880422,6.700302183628482
1864,lb,repulsion,0,3880422,0.0
1864,lb,spänning,35,3880422,9.019637554884495
1864,lb,strålning,0,3880422,0.0
1864,lb,ström,145,3880422,37.36706987023576
1864,lb,strömning,1,3880422,0.257703930139557
1864,lb,styrka,343,3880422,88.39244803786805
1864,lb,tension,0,3880422,0.0
1865,lb,attraktion,3,2720108,1.1028973849567738
1865,lb,elektricitet,0,2720108,0.0
1865,lb,elektriker,0,2720108,0.0
1865,lb,elektrisk,14,2720108,5.146854463131611
1865,lb,emanation,0,2720108,0.0
1865,lb,emanera,0,2720108,0.0
1865,lb,fluidum,2,2720108,0.7352649233045159
1865,lb,induktion,2,2720108,0.7352649233045159
1865,lb,influens,0,2720108,0.0
1865,lb,influera,2,2720108,0.7352649233045159
1865,lb,kondensation,0,2720108,0.0
1865,lb,kraft,657,2720108,241.53452730553346
1865,lb,ladda,25,2720108,9.190811541306449
1865,lb,laddning,7,2720108,2.5734272315658053
1865,lb,magnet,8,2720108,2.9410596932180635
1865,lb,magnetisera,0,2720108,0.0
1865,lb,magnetism,1,2720108,0.36763246165225794
1865,lb,nerv,30,2720108,11.028973849567738
1865,lb,repulsion,0,2720108,0.0
1865,lb,spänning,19,2720108,6.985016771392901
1865,lb,strålning,0,2720108,0.0
1865,lb,ström,223,2720108,81.98203894845352
1865,lb,strömning,2,2720108,0.7352649233045159
1865,lb,styrka,269,2720108,98.89313218445739
1865,lb,tension,0,2720108,0.0
1866,lb,attraktion,2,2051855,0.9747277463563458
1866,lb,elektricitet,4,2051855,1.9494554927126917
1866,lb,elektriker,0,2051855,0.0
1866,lb,elektrisk,7,2051855,3.4115471122472103
1866,lb,emanation,0,2051855,0.0
1866,lb,emanera,0,2051855,0.0
1866,lb,fluidum,0,2051855,0.0
1866,lb,induktion,0,2051855,0.0
1866,lb,influens,0,2051855,0.0
1866,lb,influera,0,2051855,0.0
1866,lb,kondensation,0,2051855,0.0
1866,lb,kraft,661,2051855,322.1475201707723
1866,lb,ladda,8,2051855,3.8989109854253834
1866,lb,laddning,5,2051855,2.4368193658908646
1866,lb,magnet,3,2051855,1.4620916195345188
1866,lb,magnetisera,0,2051855,0.0
1866,lb,magnetism,9,2051855,4.3862748586035565
1866,lb,nerv,38,2051855,18.51982718077057
1866,lb,repulsion,0,2051855,0.0
1866,lb,spänning,20,2051855,9.747277463563458
1866,lb,strålning,0,2051855,0.0
1866,lb,ström,80,2051855,38.98910985425383
1866,lb,strömning,0,2051855,0.0
1866,lb,styrka,304,2051855,148.15861744616456
1866,lb,tension,1,2051855,0.4873638731781729
1867,lb,attraktion,0,4026992,0.0
1867,lb,elektricitet,2,4026992,0.4966486151450015
1867,lb,elektriker,0,4026992,0.0
1867,lb,elektrisk,12,4026992,2.979891690870009
1867,lb,emanation,3,4026992,0.7449729227175023
1867,lb,emanera,0,4026992,0.0
1867,lb,fluidum,1,4026992,0.24832430757250076
1867,lb,induktion,0,4026992,0.0
1867,lb,influens,0,4026992,0.0
1867,lb,influera,0,4026992,0.0
1867,lb,kondensation,0,4026992,0.0
1867,lb,kraft,594,4026992,147.50463869806546
1867,lb,ladda,45,4026992,11.174593840762535
1867,lb,laddning,8,4026992,1.986594460580006
1867,lb,magnet,8,4026992,1.986594460580006
1867,lb,magnetisera,2,4026992,0.4966486151450015
1867,lb,magnetism,0,4026992,0.0
1867,lb,nerv,15,4026992,3.7248646135875116
1867,lb,repulsion,1,4026992,0.24832430757250076
1867,lb,spänning,29,4026992,7.201404919602522
1867,lb,strålning,0,4026992,0.0
1867,lb,ström,158,4026992,39.23524059645512
1867,lb,strömning,1,4026992,0.24832430757250076
1867,lb,styrka,302,4026992,74.99394088689523
1867,lb,tension,0,4026992,0.0
1867,tkr,attraktion,0,4606916,0.0
1867,tkr,elektricitet,2,4606916,0.4341299038228611
1867,tkr,elektriker,0,4606916,0.0
1867,tkr,elektrisk,13,4606916,2.821844374848597
1867,tkr,emanation,0,4606916,0.0
1867,tkr,emanera,2,4606916,0.4341299038228611
1867,tkr,fluidum,0,4606916,0.0
1867,tkr,induktion,0,4606916,0.0
1867,tkr,influens,0,4606916,0.0
1867,tkr,influera,0,4606916,0.0
1867,tkr,kondensation,0,4606916,0.0
1867,tkr,kraft,603,4606916,130.89016600259262
1867,tkr,ladda,4,4606916,0.8682598076457222
1867,tkr,laddning,11,4606916,2.387714471025736
1867,tkr,magnet,6,4606916,1.3023897114685834
1867,tkr,magnetisera,0,4606916,0.0
1867,tkr,magnetism,2,4606916,0.4341299038228611
1867,tkr,nerv,2,4606916,0.4341299038228611
1867,tkr,repulsion,0,4606916,0.0
1867,tkr,spänning,3,4606916,0.6511948557342917
1867,tkr,strålning,0,4606916,0.0
1867,tkr,ström,52,4606916,11.287377499394388
1867,tkr,strömning,2,4606916,0.4341299038228611
1867,tkr,styrka,402,4606916,87.26011066839509
1867,tkr,tension,0,4606916,0.0
1868,lb,attraktion,0,2713940,0.0
1868,lb,elektricitet,18,2713940,6.632423708703951
1868,lb,elektriker,0,2713940,0.0
1868,lb,elektrisk,106,2713940,39.05760628458993
1868,lb,emanation,0,2713940,0.0
1868,lb,emanera,0,2713940,0.0
1868,lb,fluidum,2,2713940,0.7369359676337723
1868,lb,induktion,0,2713940,0.0
1868,lb,influens,0,2713940,0.0
1868,lb,influera,0,2713940,0.0
1868,lb,kondensation,0,2713940,0.0
1868,lb,kraft,936,2713940,344.8860328526054
1868,lb,ladda,18,2713940,6.632423708703951
1868,lb,laddning,6,2713940,2.210807902901317
1868,lb,magnet,41,2713940,15.107187336492332
1868,lb,magnetisera,9,2713940,3.3162118543519754
1868,lb,magnetism,3,2713940,1.1054039514506584
1868,lb,nerv,26,2713940,9.58016757923904
1868,lb,repulsion,0,2713940,0.0
1868,lb,spänning,15,2713940,5.527019757253292
1868,lb,strålning,0,2713940,0.0
1868,lb,ström,272,2713940,100.22329159819303
1868,lb,strömning,1,2713940,0.36846798381688617
1868,lb,styrka,323,2713940,119.01515877285422
1868,lb,tension,0,2713940,0.0
1868,tkr,attraktion,0,4665620,0.0
1868,tkr,elektricitet,0,4665620,0.0
1868,tkr,elektriker,0,4665620,0.0
1868,tkr,elektrisk,32,4665620,6.858681161346188
1868,tkr,emanation,3,4665620,0.6430013588762051
1868,tkr,emanera,1,4665620,0.21433378629206837
1868,tkr,fluidum,0,4665620,0.0
1868,tkr,induktion,0,4665620,0.0
1868,tkr,influens,0,4665620,0.0
1868,tkr,influera,4,4665620,0.8573351451682735
1868,tkr,kondensation,0,4665620,0.0
1868,tkr,kraft,564,4665620,120.88425546872655
1868,tkr,ladda,1,4665620,0.21433378629206837
1868,tkr,laddning,1,4665620,0.21433378629206837
1868,tkr,magnet,4,4665620,0.8573351451682735
1868,tkr,magnetisera,0,4665620,0.0
1868,tkr,magnetism,1,4665620,0.21433378629206837
1868,tkr,nerv,6,4665620,1.2860027177524103
1868,tkr,repulsion,0,4665620,0.0
1868,tkr,spänning,2,4665620,0.42866757258413674
1868,tkr,strålning,0,4665620,0.0
1868,tkr,ström,92,4665620,19.71870833887029
1868,tkr,strömning,0,4665620,0.0
1868,tkr,styrka,330,4665620,70.73014947638256
1868,tkr,tension,0,4665620,0.0
1869,lb,attraktion,5,2866133,1.744510809512329
1869,lb,elektricitet,1,2866133,0.3489021619024658
1869,lb,elektriker,0,2866133,0.0
1869,lb,elektrisk,28,2866133,9.769260533269042
1869,lb,emanation,1,2866133,0.3489021619024658
1869,lb,emanera,0,2866133,0.0
1869,lb,fluidum,12,2866133,4.186825942829589
1869,lb,induktion,0,2866133,0.0
1869,lb,influens,0,2866133,0.0
1869,lb,influera,0,2866133,0.0
1869,lb,kondensation,0,2866133,0.0
1869,lb,kraft,750,2866133,261.67662142684935
1869,lb,ladda,26,2866133,9.071456209464111
1869,lb,laddning,14,2866133,4.884630266634521
1869,lb,magnet,5,2866133,1.744510809512329
1869,lb,magnetisera,0,2866133,0.0
1869,lb,magnetism,1,2866133,0.3489021619024658
1869,lb,nerv,24,2866133,8.373651885659179
1869,lb,repulsion,0,2866133,0.0
1869,lb,spänning,5,2866133,1.744510809512329
1869,lb,strålning,0,2866133,0.0
1869,lb,ström,179,2866133,62.45348698054138
1869,lb,strömning,0,2866133,0.0
1869,lb,styrka,334,2866133,116.53332207542357
1869,lb,tension,0,2866133,0.0
1869,tkr,attraktion,1,5028921,0.19884981291215353
1869,tkr,elektricitet,1,5028921,0.19884981291215353
1869,tkr,elektriker,0,5028921,0.0
1869,tkr,elektrisk,29,5028921,5.766644574452452
1869,tkr,emanation,0,5028921,0.0
1869,tkr,emanera,10,5028921,1.9884981291215351
1869,tkr,fluidum,0,5028921,0.0
1869,tkr,induktion,0,5028921,0.0
1869,tkr,influens,0,5028921,0.0
1869,tkr,influera,4,5028921,0.7953992516486141
1869,tkr,kondensation,0,5028921,0.0
1869,tkr,kraft,612,5028921,121.69608550223795
1869,tkr,ladda,0,5028921,0.0
1869,tkr,laddning,10,5028921,1.9884981291215351
1869,tkr,magnet,4,5028921,0.7953992516486141
1869,tkr,magnetisera,0,5028921,0.0
1869,tkr,magnetism,0,5028921,0.0
1869,tkr,nerv,1,5028921,0.19884981291215353
1869,tkr,repulsion,0,5028921,0.0
1869,tkr,spänning,4,5028921,0.7953992516486141
1869,tkr,strålning,2,5028921,0.39769962582430707
1869,tkr,ström,62,5028921,12.328688400553519
1869,tkr,strömning,2,5028921,0.39769962582430707
1869,tkr,styrka,681,5028921,135.41672259317656
1869,tkr,tension,0,5028921,0.0
1870,lb,attraktion,1,2614456,0.3824887471810579
1870,lb,elektricitet,2,2614456,0.7649774943621158
1870,lb,elektriker,0,2614456,0.0
1870,lb,elektrisk,15,2614456,5.737331207715869
1870,lb,emanation,0,2614456,0.0
1870,lb,emanera,0,2614456,0.0
1870,lb,fluidum,9,2614456,3.4423987246295216
1870,lb,induktion,0,2614456,0.0
1870,lb,influens,0,2614456,0.0
1870,lb,influera,0,2614456,0.0
1870,lb,kondensation,0,2614456,0.0
1870,lb,kraft,687,2614456,262.7697693133868
1870,lb,ladda,22,2614456,8.414752437983275
1870,lb,laddning,3,2614456,1.1474662415431738
1870,lb,magnet,7,2614456,2.6774212302674054
1870,lb,magnetisera,0,2614456,0.0
1870,lb,magnetism,0,2614456,0.0
1870,lb,nerv,12,2614456,4.589864966172695
1870,lb,repulsion,0,2614456,0.0
1870,lb,spänning,29,2614456,11.09217366825068
1870,lb,strålning,0,2614456,0.0
1870,lb,ström,156,2614456,59.668244560245036
1870,lb,strömning,0,2614456,0.0
1870,lb,styrka,391,2614456,149.55310014779366
1870,lb,tension,0,2614456,0.0
1870,tkr,attraktion,0,4238219,0.0
1870,tkr,elektricitet,0,4238219,0.0
1870,tkr,elektriker,0,4238219,0.0
1870,tkr,elektrisk,36,4238219,8.494133974671907
1870,tkr,emanation,0,4238219,0.0
1870,tkr,emanera,1,4238219,0.23594816596310855
1870,tkr,fluidum,0,4238219,0.0
1870,tkr,induktion,0,4238219,0.0
1870,tkr,influens,0,4238219,0.0
1870,tkr,influera,3,4238219,0.7078444978893257
1870,tkr,kondensation,0,4238219,0.0
1870,tkr,kraft,498,4238219,117.50218664962806
1870,tkr,ladda,4,4238219,0.9437926638524342
1870,tkr,laddning,1,4238219,0.23594816596310855
1870,tkr,magnet,0,4238219,0.0
1870,tkr,magnetisera,0,4238219,0.0
1870,tkr,magnetism,0,4238219,0.0
1870,tkr,nerv,4,4238219,0.9437926638524342
1870,tkr,repulsion,0,4238219,0.0
1870,tkr,spänning,4,4238219,0.9437926638524342
1870,tkr,strålning,0,4238219,0.0
1870,tkr,ström,30,4238219,7.078444978893256
1870,tkr,strömning,0,4238219,0.0
1870,tkr,styrka,491,4238219,115.8505494878863
1870,tkr,tension,0,4238219,0.0
1870,kubhist2,attraktion,21,91202236,0.230257512546074
1870,kubhist2,elektricitet,477,91202236,5.2301349278322515
1870,kubhist2,elektriker,0,91202236,0.0
1870,kubhist2,elektrisk,722,91202236,7.916472574203115
1870,kubhist2,emanation,0,91202236,0.0
1870,kubhist2,emanera,16,91202236,0.17543429527319923
1870,kubhist2,fluidum,44,91202236,0.48244431200129784
1870,kubhist2,induktion,9,91202236,0.09868179109117456
1870,kubhist2,influens,0,91202236,0.0
1870,kubhist2,influera,27,91202236,0.2960453732735237
1870,kubhist2,kondensation,0,91202236,0.0
1870,kubhist2,kraft,12106,91202236,132.73797366108437
1870,kubhist2,ladda,642,91202236,7.039301097837119
1870,kubhist2,laddning,893,91202236,9.791426604935431
1870,kubhist2,magnet,165,91202236,1.809166170004867
1870,kubhist2,magnetisera,14,91202236,0.15350500836404932
1870,kubhist2,magnetism,28,91202236,0.30701001672809863
1870,kubhist2,nerv,296,91202236,3.2455344625541858
1870,kubhist2,repulsion,0,91202236,0.0
1870,kubhist2,spänning,506,91202236,5.548109588014926
1870,kubhist2,strålning,2,91202236,0.021929286909149904
1870,kubhist2,ström,2591,91202236,28.4093911908037
1870,kubhist2,strömning,25,91202236,0.2741160863643738
1870,kubhist2,styrka,11668,91202236,127.93545982798054
1870,kubhist2,tension,1,91202236,0.010964643454574952
1871,lb,attraktion,3,3488859,0.8598799779526773
1871,lb,elektricitet,9,3488859,2.579639933858032
1871,lb,elektriker,0,3488859,0.0
1871,lb,elektrisk,24,3488859,6.879039823621419
1871,lb,emanation,0,3488859,0.0
1871,lb,emanera,0,3488859,0.0
1871,lb,fluidum,0,3488859,0.0
1871,lb,induktion,1,3488859,0.2866266593175591
1871,lb,influens,0,3488859,0.0
1871,lb,influera,0,3488859,0.0
1871,lb,kondensation,0,3488859,0.0
1871,lb,kraft,796,3488859,228.15482081677706
1871,lb,ladda,28,3488859,8.025546460891656
1871,lb,laddning,13,3488859,3.7261465711282686
1871,lb,magnet,3,3488859,0.8598799779526773
1871,lb,magnetisera,1,3488859,0.2866266593175591
1871,lb,magnetism,1,3488859,0.2866266593175591
1871,lb,nerv,36,3488859,10.318559735432128
1871,lb,repulsion,0,3488859,0.0
1871,lb,spänning,17,3488859,4.872653208398505
1871,lb,strålning,0,3488859,0.0
1871,lb,ström,189,3488859,54.17243861101868
1871,lb,strömning,1,3488859,0.2866266593175591
1871,lb,styrka,353,3488859,101.17921073909837
1871,lb,tension,0,3488859,0.0
1871,tkr,attraktion,1,5387352,0.18561994835310558
1871,tkr,elektricitet,1,5387352,0.18561994835310558
1871,tkr,elektriker,0,5387352,0.0
1871,tkr,elektrisk,24,5387352,4.454878760474534
1871,tkr,emanation,0,5387352,0.0
1871,tkr,emanera,2,5387352,0.37123989670621116
1871,tkr,fluidum,0,5387352,0.0
1871,tkr,induktion,0,5387352,0.0
1871,tkr,influens,0,5387352,0.0
1871,tkr,influera,4,5387352,0.7424797934124223
1871,tkr,kondensation,0,5387352,0.0
1871,tkr,kraft,742,5387352,137.73000167800433
1871,tkr,ladda,2,5387352,0.37123989670621116
1871,tkr,laddning,4,5387352,0.7424797934124223
1871,tkr,magnet,0,5387352,0.0
1871,tkr,magnetisera,0,5387352,0.0
1871,tkr,magnetism,0,5387352,0.0
1871,tkr,nerv,0,5387352,0.0
1871,tkr,repulsion,0,5387352,0.0
1871,tkr,spänning,8,5387352,1.4849595868248446
1871,tkr,strålning,0,5387352,0.0
1871,tkr,ström,90,5387352,16.7057953517795
1871,tkr,strömning,6,5387352,1.1137196901186335
1871,tkr,styrka,689,5387352,127.89214441528974
1871,tkr,tension,0,5387352,0.0
1871,kubhist2,attraktion,53,91185759,0.5812311108799346
1871,kubhist2,elektricitet,535,91185759,5.867144232467265
1871,kubhist2,elektriker,0,91185759,0.0
1871,kubhist2,elektrisk,785,91185759,8.608800415863183
1871,kubhist2,emanation,3,91185759,0.032899874200751016
1871,kubhist2,emanera,15,91185759,0.16449937100375508
1871,kubhist2,fluidum,38,91185759,0.41673173987617956
1871,kubhist2,induktion,13,91185759,0.14256612153658774
1871,kubhist2,influens,1,91185759,0.010966624733583672
1871,kubhist2,influera,17,91185759,0.18643262047092243
1871,kubhist2,kondensation,0,91185759,0.0
1871,kubhist2,kraft,12143,91185759,133.16772413990654
1871,kubhist2,ladda,503,91185759,5.516212240992587
1871,kubhist2,laddning,963,91185759,10.560859618441077
1871,kubhist2,magnet,89,91185759,0.9760296012889469
1871,kubhist2,magnetisera,9,91185759,0.09869962260225305
1871,kubhist2,magnetism,49,91185759,0.5373646119455999
1871,kubhist2,nerv,285,91185759,3.125488049071347
1871,kubhist2,repulsion,0,91185759,0.0
1871,kubhist2,spänning,589,91185759,6.459341968080784
1871,kubhist2,strålning,1,91185759,0.010966624733583672
1871,kubhist2,ström,2883,91185759,31.61677910692173
1871,kubhist2,strömning,53,91185759,0.5812311108799346
1871,kubhist2,styrka,8882,91185759,97.40556088369019
1871,kubhist2,tension,1,91185759,0.010966624733583672
1872,lb,attraktion,0,4023608,0.0
1872,lb,elektricitet,7,4023608,1.7397321011390772
1872,lb,elektriker,0,4023608,0.0
1872,lb,elektrisk,22,4023608,5.467729460722814
1872,lb,emanation,0,4023608,0.0
1872,lb,emanera,1,4023608,0.24853315730558245
1872,lb,fluidum,3,4023608,0.7455994719167474
1872,lb,induktion,0,4023608,0.0
1872,lb,influens,0,4023608,0.0
1872,lb,influera,0,4023608,0.0
1872,lb,kondensation,0,4023608,0.0
1872,lb,kraft,848,4023608,210.7561173951339
1872,lb,ladda,23,4023608,5.716262618028396
1872,lb,laddning,12,4023608,2.9823978876669894
1872,lb,magnet,4,4023608,0.9941326292223298
1872,lb,magnetisera,3,4023608,0.7455994719167474
1872,lb,magnetism,8,4023608,1.9882652584446596
1872,lb,nerv,32,4023608,7.9530610337786385
1872,lb,repulsion,0,4023608,0.0
1872,lb,spänning,26,4023608,6.461862089945144
1872,lb,strålning,0,4023608,0.0
1872,lb,ström,253,4023608,62.87888879831236
1872,lb,strömning,2,4023608,0.4970663146111649
1872,lb,styrka,357,4023608,88.72633715809293
1872,lb,tension,0,4023608,0.0
1872,tkr,attraktion,1,4193353,0.23847264945259797
1872,tkr,elektricitet,7,4193353,1.6693085461681858
1872,tkr,elektriker,0,4193353,0.0
1872,tkr,elektrisk,23,4193353,5.484870937409753
1872,tkr,emanation,0,4193353,0.0
1872,tkr,emanera,1,4193353,0.23847264945259797
1872,tkr,fluidum,1,4193353,0.23847264945259797
1872,tkr,induktion,0,4193353,0.0
1872,tkr,influens,0,4193353,0.0
1872,tkr,influera,5,4193353,1.1923632472629897
1872,tkr,kondensation,0,4193353,0.0
1872,tkr,kraft,522,4193353,124.48272301425614
1872,tkr,ladda,1,4193353,0.23847264945259797
1872,tkr,laddning,13,4193353,3.1001444428837734
1872,tkr,magnet,1,4193353,0.23847264945259797
1872,tkr,magnetisera,0,4193353,0.0
1872,tkr,magnetism,4,4193353,0.9538905978103919
1872,tkr,nerv,7,4193353,1.6693085461681858
1872,tkr,repulsion,0,4193353,0.0
1872,tkr,spänning,2,4193353,0.47694529890519594
1872,tkr,strålning,0,4193353,0.0
1872,tkr,ström,26,4193353,6.200288885767547
1872,tkr,strömning,3,4193353,0.7154179483577938
1872,tkr,styrka,310,4193353,73.92652133030536
1872,tkr,tension,0,4193353,0.0
1872,kubhist2,attraktion,24,94694148,0.2534475520071209
1872,kubhist2,elektricitet,535,94694148,5.649768346825403
1872,kubhist2,elektriker,0,94694148,0.0
1872,kubhist2,elektrisk,677,94694148,7.149333029534201
1872,kubhist2,emanation,7,94694148,0.07392220266874358
1872,kubhist2,emanera,27,94694148,0.285128496008011
1872,kubhist2,fluidum,42,94694148,0.4435332160124615
1872,kubhist2,induktion,23,94694148,0.2428872373401575
1872,kubhist2,influens,0,94694148,0.0
1872,kubhist2,influera,22,94694148,0.23232692267319413
1872,kubhist2,kondensation,0,94694148,0.0
1872,kubhist2,kraft,11537,94694148,121.83435031275638
1872,kubhist2,ladda,576,94694148,6.082741248170901
1872,kubhist2,laddning,843,94694148,8.90234526425012
1872,kubhist2,magnet,134,94694148,1.4150821653730914
1872,kubhist2,magnetisera,6,94694148,0.06336188800178022
1872,kubhist2,magnetism,83,94694148,0.8765061173579597
1872,kubhist2,nerv,324,94694148,3.4215419520961317
1872,kubhist2,repulsion,0,94694148,0.0
1872,kubhist2,spänning,693,94694148,7.318298064205615
1872,kubhist2,strålning,3,94694148,0.03168094400089011
1872,kubhist2,ström,2926,94694148,30.899480715534818
1872,kubhist2,strömning,49,94694148,0.5174554186812051
1872,kubhist2,styrka,8145,94694148,86.01376296241665
1872,kubhist2,tension,10,94694148,0.10560314666963369
1873,lb,attraktion,1,3163021,0.3161534495028645
1873,lb,elektricitet,4,3163021,1.264613798011458
1873,lb,elektriker,0,3163021,0.0
1873,lb,elektrisk,21,3163021,6.639222439560155
1873,lb,emanation,0,3163021,0.0
1873,lb,emanera,0,3163021,0.0
1873,lb,fluidum,4,3163021,1.264613798011458
1873,lb,induktion,0,3163021,0.0
1873,lb,influens,0,3163021,0.0
1873,lb,influera,0,3163021,0.0
1873,lb,kondensation,0,3163021,0.0
1873,lb,kraft,682,3163021,215.61665256095358
1873,lb,ladda,36,3163021,11.381524182103123
1873,lb,laddning,9,3163021,2.8453810455257806
1873,lb,magnet,3,3163021,0.9484603485085935
1873,lb,magnetisera,2,3163021,0.632306899005729
1873,lb,magnetism,13,3163021,4.109994843537239
1873,lb,nerv,23,3163021,7.271529338565884
1873,lb,repulsion,0,3163021,0.0
1873,lb,spänning,22,3163021,6.955375889063019
1873,lb,strålning,0,3163021,0.0
1873,lb,ström,222,3163021,70.18606578963592
1873,lb,strömning,0,3163021,0.0
1873,lb,styrka,362,3163021,114.44754872003695
1873,lb,tension,0,3163021,0.0
1873,tkr,attraktion,0,5682293,0.0
1873,tkr,elektricitet,7,5682293,1.2318970528270894
1873,tkr,elektriker,0,5682293,0.0
1873,tkr,elektrisk,48,5682293,8.447294076528612
1873,tkr,emanation,1,5682293,0.17598529326101275
1873,tkr,emanera,3,5682293,0.5279558797830383
1873,tkr,fluidum,0,5682293,0.0
1873,tkr,induktion,0,5682293,0.0
1873,tkr,influens,0,5682293,0.0
1873,tkr,influera,1,5682293,0.17598529326101275
1873,tkr,kondensation,0,5682293,0.0
1873,tkr,kraft,913,5682293,160.67457274730467
1873,tkr,ladda,1,5682293,0.17598529326101275
1873,tkr,laddning,1,5682293,0.17598529326101275
1873,tkr,magnet,0,5682293,0.0
1873,tkr,magnetisera,0,5682293,0.0
1873,tkr,magnetism,5,5682293,0.8799264663050638
1873,tkr,nerv,5,5682293,0.8799264663050638
1873,tkr,repulsion,0,5682293,0.0
1873,tkr,spänning,2,5682293,0.3519705865220255
1873,tkr,strålning,0,5682293,0.0
1873,tkr,ström,37,5682293,6.511455850657472
1873,tkr,strömning,1,5682293,0.17598529326101275
1873,tkr,styrka,464,5682293,81.65717607310992
1873,tkr,tension,0,5682293,0.0
1873,kubhist2,attraktion,27,95966214,0.28134901726976536
1873,kubhist2,elektricitet,497,95966214,5.1789059845582734
1873,kubhist2,elektriker,0,95966214,0.0
1873,kubhist2,elektrisk,860,95966214,8.961487216740675
1873,kubhist2,emanation,3,95966214,0.03126100191886282
1873,kubhist2,emanera,12,95966214,0.1250440076754513
1873,kubhist2,fluidum,40,95966214,0.41681335891817095
1873,kubhist2,induktion,2,95966214,0.020840667945908546
1873,kubhist2,influens,1,95966214,0.010420333972954273
1873,kubhist2,influera,19,95966214,0.1979863454861312
1873,kubhist2,kondensation,2,95966214,0.020840667945908546
1873,kubhist2,kraft,10683,95966214,111.3204278330705
1873,kubhist2,ladda,380,95966214,3.9597269097226238
1873,kubhist2,laddning,625,95966214,6.512708733096421
1873,kubhist2,magnet,163,95966214,1.6985144375915466
1873,kubhist2,magnetisera,14,95966214,0.14588467562135982
1873,kubhist2,magnetism,109,95966214,1.1358164030520157
1873,kubhist2,nerv,301,95966214,3.136520525859236
1873,kubhist2,repulsion,3,95966214,0.03126100191886282
1873,kubhist2,spänning,545,95966214,5.679082015260079
1873,kubhist2,strålning,1,95966214,0.010420333972954273
1873,kubhist2,ström,3035,95966214,31.625713607916218
1873,kubhist2,strömning,74,95966214,0.7711047139986162
1873,kubhist2,styrka,7419,95966214,77.30845774534775
1873,kubhist2,tension,1,95966214,0.010420333972954273
1874,lb,attraktion,3,2536196,1.1828738788327084
1874,lb,elektricitet,3,2536196,1.1828738788327084
1874,lb,elektriker,0,2536196,0.0
1874,lb,elektrisk,8,2536196,3.154330343553889
1874,lb,emanation,0,2536196,0.0
1874,lb,emanera,0,2536196,0.0
1874,lb,fluidum,4,2536196,1.5771651717769446
1874,lb,induktion,0,2536196,0.0
1874,lb,influens,0,2536196,0.0
1874,lb,influera,0,2536196,0.0
1874,lb,kondensation,0,2536196,0.0
1874,lb,kraft,445,2536196,175.4596253601851
1874,lb,ladda,28,2536196,11.040156202438613
1874,lb,laddning,10,2536196,3.9429129294423615
1874,lb,magnet,2,2536196,0.7885825858884723
1874,lb,magnetisera,2,2536196,0.7885825858884723
1874,lb,magnetism,6,2536196,2.365747757665417
1874,lb,nerv,11,2536196,4.337204222386598
1874,lb,repulsion,0,2536196,0.0
1874,lb,spänning,18,2536196,7.097243272996251
1874,lb,strålning,0,2536196,0.0
1874,lb,ström,133,2536196,52.44074196158341
1874,lb,strömning,0,2536196,0.0
1874,lb,styrka,320,2536196,126.17321374215557
1874,lb,tension,0,2536196,0.0
1874,tkr,attraktion,0,4784192,0.0
1874,tkr,elektricitet,5,4784192,1.0451085575160863
1874,tkr,elektriker,0,4784192,0.0
1874,tkr,elektrisk,61,4784192,12.750324401696252
1874,tkr,emanation,0,4784192,0.0
1874,tkr,emanera,3,4784192,0.6270651345096517
1874,tkr,fluidum,0,4784192,0.0
1874,tkr,induktion,0,4784192,0.0
1874,tkr,influens,0,4784192,0.0
1874,tkr,influera,2,4784192,0.41804342300643454
1874,tkr,kondensation,0,4784192,0.0
1874,tkr,kraft,503,4784192,105.13792088611828
1874,tkr,ladda,0,4784192,0.0
1874,tkr,laddning,3,4784192,0.6270651345096517
1874,tkr,magnet,1,4784192,0.20902171150321727
1874,tkr,magnetisera,0,4784192,0.0
1874,tkr,magnetism,2,4784192,0.41804342300643454
1874,tkr,nerv,5,4784192,1.0451085575160863
1874,tkr,repulsion,0,4784192,0.0
1874,tkr,spänning,2,4784192,0.41804342300643454
1874,tkr,strålning,0,4784192,0.0
1874,tkr,ström,61,4784192,12.750324401696252
1874,tkr,strömning,2,4784192,0.41804342300643454
1874,tkr,styrka,230,4784192,48.07499364573997
1874,tkr,tension,0,4784192,0.0
1874,kubhist2,attraktion,22,100161923,0.21964434528678128
1874,kubhist2,elektricitet,533,100161923,5.32138345626611
1874,kubhist2,elektriker,0,100161923,0.0
1874,kubhist2,elektrisk,1189,100161923,11.870778479362862
1874,kubhist2,emanation,2,100161923,0.019967667753343753
1874,kubhist2,emanera,19,100161923,0.18969284365676564
1874,kubhist2,fluidum,36,100161923,0.35941801956018754
1874,kubhist2,induktion,1,100161923,0.009983833876671877
1874,kubhist2,influens,0,100161923,0.0
1874,kubhist2,influera,30,100161923,0.2995150163001563
1874,kubhist2,kondensation,21,100161923,0.2096605114101094
1874,kubhist2,kraft,11209,100161923,111.90879392361506
1874,kubhist2,ladda,635,100161923,6.3397345116866415
1874,kubhist2,laddning,378,100161923,3.7738892053819693
1874,kubhist2,magnet,111,100161923,1.1082055603105783
1874,kubhist2,magnetisera,2,100161923,0.019967667753343753
1874,kubhist2,magnetism,72,100161923,0.7188360391203751
1874,kubhist2,nerv,323,100161923,3.224778342165016
1874,kubhist2,repulsion,0,100161923,0.0
1874,kubhist2,spänning,474,100161923,4.732337257542469
1874,kubhist2,strålning,2,100161923,0.019967667753343753
1874,kubhist2,ström,3120,100161923,31.149561695216256
1874,kubhist2,strömning,62,100161923,0.6189977003536563
1874,kubhist2,styrka,7603,100161923,75.90708896433628
1874,kubhist2,tension,0,100161923,0.0
1875,lb,attraktion,0,3840929,0.0
1875,lb,elektricitet,2,3840929,0.5207073601204292
1875,lb,elektriker,0,3840929,0.0
1875,lb,elektrisk,20,3840929,5.207073601204292
1875,lb,emanation,1,3840929,0.2603536800602146
1875,lb,emanera,1,3840929,0.2603536800602146
1875,lb,fluidum,1,3840929,0.2603536800602146
1875,lb,induktion,1,3840929,0.2603536800602146
1875,lb,influens,0,3840929,0.0
1875,lb,influera,0,3840929,0.0
1875,lb,kondensation,0,3840929,0.0
1875,lb,kraft,696,3840929,181.20616132190935
1875,lb,ladda,35,3840929,9.11237880210751
1875,lb,laddning,10,3840929,2.603536800602146
1875,lb,magnet,3,3840929,0.7810610401806438
1875,lb,magnetisera,2,3840929,0.5207073601204292
1875,lb,magnetism,4,3840929,1.0414147202408583
1875,lb,nerv,17,3840929,4.426012561023648
1875,lb,repulsion,0,3840929,0.0
1875,lb,spänning,18,3840929,4.686366241083863
1875,lb,strålning,0,3840929,0.0
1875,lb,ström,257,3840929,66.91089577547515
1875,lb,strömning,3,3840929,0.7810610401806438
1875,lb,styrka,353,3840929,91.90484906125576
1875,lb,tension,0,3840929,0.0
1875,tkr,attraktion,0,4779077,0.0
1875,tkr,elektricitet,3,4779077,0.6277362762725941
1875,tkr,elektriker,0,4779077,0.0
1875,tkr,elektrisk,30,4779077,6.27736276272594
1875,tkr,emanation,0,4779077,0.0
1875,tkr,emanera,1,4779077,0.20924542542419802
1875,tkr,fluidum,1,4779077,0.20924542542419802
1875,tkr,induktion,0,4779077,0.0
1875,tkr,influens,0,4779077,0.0
1875,tkr,influera,0,4779077,0.0
1875,tkr,kondensation,0,4779077,0.0
1875,tkr,kraft,598,4779077,125.12876440367042
1875,tkr,ladda,0,4779077,0.0
1875,tkr,laddning,4,4779077,0.8369817016967921
1875,tkr,magnet,1,4779077,0.20924542542419802
1875,tkr,magnetisera,0,4779077,0.0
1875,tkr,magnetism,3,4779077,0.6277362762725941
1875,tkr,nerv,11,4779077,2.301699679666178
1875,tkr,repulsion,0,4779077,0.0
1875,tkr,spänning,1,4779077,0.20924542542419802
1875,tkr,strålning,0,4779077,0.0
1875,tkr,ström,49,4779077,10.253025845785704
1875,tkr,strömning,7,4779077,1.4647179779693862
1875,tkr,styrka,493,4779077,103.15799473412963
1875,tkr,tension,0,4779077,0.0
1875,kubhist2,attraktion,12,99150827,0.12102773484683088
1875,kubhist2,elektricitet,597,99150827,6.021129808629836
1875,kubhist2,elektriker,1,99150827,0.01008564457056924
1875,kubhist2,elektrisk,1094,99150827,11.033695160202749
1875,kubhist2,emanation,3,99150827,0.03025693371170772
1875,kubhist2,emanera,13,99150827,0.13111337941740012
1875,kubhist2,fluidum,42,99150827,0.42359707196390806
1875,kubhist2,induktion,13,99150827,0.13111337941740012
1875,kubhist2,influens,0,99150827,0.0
1875,kubhist2,influera,9,99150827,0.09077080113512316
1875,kubhist2,kondensation,2,99150827,0.02017128914113848
1875,kubhist2,kraft,11429,99150827,115.26883179703584
1875,kubhist2,ladda,404,99150827,4.074600406509973
1875,kubhist2,laddning,531,99150827,5.355477266972266
1875,kubhist2,magnet,84,99150827,0.8471941439278161
1875,kubhist2,magnetisera,13,99150827,0.13111337941740012
1875,kubhist2,magnetism,54,99150827,0.544624806810739
1875,kubhist2,nerv,420,99150827,4.235970719639081
1875,kubhist2,repulsion,2,99150827,0.02017128914113848
1875,kubhist2,spänning,532,99150827,5.365562911542836
1875,kubhist2,strålning,4,99150827,0.04034257828227696
1875,kubhist2,ström,3365,99150827,33.93819397996549
1875,kubhist2,strömning,109,99150827,1.0993352581920472
1875,kubhist2,styrka,8744,99150827,88.18887612505743
1875,kubhist2,tension,0,99150827,0.0
1876,lb,attraktion,2,3487788,0.57342934834342
1876,lb,elektricitet,3,3487788,0.8601440225151299
1876,lb,elektriker,0,3487788,0.0
1876,lb,elektrisk,19,3487788,5.44757880926249
1876,lb,emanation,0,3487788,0.0
1876,lb,emanera,1,3487788,0.28671467417171
1876,lb,fluidum,2,3487788,0.57342934834342
1876,lb,induktion,0,3487788,0.0
1876,lb,influens,0,3487788,0.0
1876,lb,influera,0,3487788,0.0
1876,lb,kondensation,0,3487788,0.0
1876,lb,kraft,789,3487788,226.2178779214792
1876,lb,ladda,29,3487788,8.31472555097959
1876,lb,laddning,8,3487788,2.29371739337368
1876,lb,magnet,7,3487788,2.00700271920197
1876,lb,magnetisera,1,3487788,0.28671467417171
1876,lb,magnetism,2,3487788,0.57342934834342
1876,lb,nerv,34,3487788,9.748298921838138
1876,lb,repulsion,0,3487788,0.0
1876,lb,spänning,23,3487788,6.59443750594933
1876,lb,strålning,0,3487788,0.0
1876,lb,ström,156,3487788,44.727489170786754
1876,lb,strömning,2,3487788,0.57342934834342
1876,lb,styrka,282,3487788,80.85353811642221
1876,lb,tension,0,3487788,0.0
1876,tkr,attraktion,0,4576667,0.0
1876,tkr,elektricitet,6,4576667,1.3109977195194669
1876,tkr,elektriker,0,4576667,0.0
1876,tkr,elektrisk,16,4576667,3.4959939187185785
1876,tkr,emanation,0,4576667,0.0
1876,tkr,emanera,4,4576667,0.8739984796796446
1876,tkr,fluidum,1,4576667,0.21849961991991115
1876,tkr,induktion,0,4576667,0.0
1876,tkr,influens,0,4576667,0.0
1876,tkr,influera,1,4576667,0.21849961991991115
1876,tkr,kondensation,0,4576667,0.0
1876,tkr,kraft,550,4576667,120.17479095595114
1876,tkr,ladda,2,4576667,0.4369992398398223
1876,tkr,laddning,1,4576667,0.21849961991991115
1876,tkr,magnet,0,4576667,0.0
1876,tkr,magnetisera,0,4576667,0.0
1876,tkr,magnetism,4,4576667,0.8739984796796446
1876,tkr,nerv,3,4576667,0.6554988597597334
1876,tkr,repulsion,0,4576667,0.0
1876,tkr,spänning,0,4576667,0.0
1876,tkr,strålning,0,4576667,0.0
1876,tkr,ström,26,4576667,5.68099011791769
1876,tkr,strömning,6,4576667,1.3109977195194669
1876,tkr,styrka,304,4576667,66.423884455653
1876,tkr,tension,0,4576667,0.0
1876,kubhist2,attraktion,9,109700084,0.08204186972181352
1876,kubhist2,elektricitet,674,109700084,6.14402446583359
1876,kubhist2,elektriker,1,109700084,0.009115763302423724
1876,kubhist2,elektrisk,1444,109700084,13.163162208699859
1876,kubhist2,emanation,3,109700084,0.027347289907271175
1876,kubhist2,emanera,20,109700084,0.1823152660484745
1876,kubhist2,fluidum,59,109700084,0.5378300348429997
1876,kubhist2,induktion,5,109700084,0.045578816512118626
1876,kubhist2,influens,0,109700084,0.0
1876,kubhist2,influera,20,109700084,0.1823152660484745
1876,kubhist2,kondensation,5,109700084,0.045578816512118626
1876,kubhist2,kraft,12636,109700084,115.18678508942618
1876,kubhist2,ladda,671,109700084,6.116677175926319
1876,kubhist2,laddning,744,109700084,6.782127897003251
1876,kubhist2,magnet,124,109700084,1.1303546495005419
1876,kubhist2,magnetisera,14,109700084,0.12762068623393213
1876,kubhist2,magnetism,87,109700084,0.793071407310864
1876,kubhist2,nerv,361,109700084,3.2907905521749647
1876,kubhist2,repulsion,0,109700084,0.0
1876,kubhist2,spänning,850,109700084,7.748398807060166
1876,kubhist2,strålning,17,109700084,0.1549679761412033
1876,kubhist2,ström,3579,109700084,32.62531685937451
1876,kubhist2,strömning,144,109700084,1.3126699155490162
1876,kubhist2,styrka,9982,109700084,90.99354928479362
1876,kubhist2,tension,5,109700084,0.045578816512118626
1877,lb,attraktion,0,3955334,0.0
1877,lb,elektricitet,1,3955334,0.25282314970113773
1877,lb,elektriker,0,3955334,0.0
1877,lb,elektrisk,18,3955334,4.5508166946204796
1877,lb,emanation,0,3955334,0.0
1877,lb,emanera,1,3955334,0.25282314970113773
1877,lb,fluidum,13,3955334,3.2867009461147907
1877,lb,induktion,0,3955334,0.0
1877,lb,influens,0,3955334,0.0
1877,lb,influera,0,3955334,0.0
1877,lb,kondensation,0,3955334,0.0
1877,lb,kraft,968,3955334,244.73280891070135
1877,lb,ladda,30,3955334,7.584694491034132
1877,lb,laddning,6,3955334,1.5169388982068266
1877,lb,magnet,7,3955334,1.7697620479079643
1877,lb,magnetisera,0,3955334,0.0
1877,lb,magnetism,1,3955334,0.25282314970113773
1877,lb,nerv,52,3955334,13.146803784459163
1877,lb,repulsion,0,3955334,0.0
1877,lb,spänning,28,3955334,7.079048191631857
1877,lb,strålning,1,3955334,0.25282314970113773
1877,lb,ström,218,3955334,55.115446634848034
1877,lb,strömning,0,3955334,0.0
1877,lb,styrka,432,3955334,109.21960067089151
1877,lb,tension,0,3955334,0.0
1877,tkr,attraktion,0,5295164,0.0
1877,tkr,elektricitet,5,5295164,0.9442578171327649
1877,tkr,elektriker,0,5295164,0.0
1877,tkr,elektrisk,24,5295164,4.532437522237272
1877,tkr,emanation,0,5295164,0.0
1877,tkr,emanera,4,5295164,0.755406253706212
1877,tkr,fluidum,0,5295164,0.0
1877,tkr,induktion,0,5295164,0.0
1877,tkr,influens,0,5295164,0.0
1877,tkr,influera,0,5295164,0.0
1877,tkr,kondensation,0,5295164,0.0
1877,tkr,kraft,860,5295164,162.41234454683556
1877,tkr,ladda,2,5295164,0.377703126853106
1877,tkr,laddning,4,5295164,0.755406253706212
1877,tkr,magnet,0,5295164,0.0
1877,tkr,magnetisera,0,5295164,0.0
1877,tkr,magnetism,2,5295164,0.377703126853106
1877,tkr,nerv,4,5295164,0.755406253706212
1877,tkr,repulsion,0,5295164,0.0
1877,tkr,spänning,1,5295164,0.188851563426553
1877,tkr,strålning,0,5295164,0.0
1877,tkr,ström,58,5295164,10.953390678740073
1877,tkr,strömning,0,5295164,0.0
1877,tkr,styrka,609,5295164,115.01060212677076
1877,tkr,tension,0,5295164,0.0
1877,kubhist2,attraktion,40,115375055,0.34669539269125377
1877,kubhist2,elektricitet,829,115375055,7.185262013526234
1877,kubhist2,elektriker,0,115375055,0.0
1877,kubhist2,elektrisk,2204,115375055,19.102916137288084
1877,kubhist2,emanation,5,115375055,0.04333692408640672
1877,kubhist2,emanera,22,115375055,0.19068246598018956
1877,kubhist2,fluidum,56,115375055,0.48537354976775526
1877,kubhist2,induktion,29,115375055,0.251354159701159
1877,kubhist2,influens,0,115375055,0.0
1877,kubhist2,influera,2,115375055,0.017334769634562687
1877,kubhist2,kondensation,1,115375055,0.008667384817281343
1877,kubhist2,kraft,13283,115375055,115.12887252794809
1877,kubhist2,ladda,466,115375055,4.039001324853106
1877,kubhist2,laddning,529,115375055,4.585046568341831
1877,kubhist2,magnet,233,115375055,2.019500662426553
1877,kubhist2,magnetisera,8,115375055,0.06933907853825075
1877,kubhist2,magnetism,75,115375055,0.6500538612961008
1877,kubhist2,nerv,438,115375055,3.7963145499692286
1877,kubhist2,repulsion,2,115375055,0.017334769634562687
1877,kubhist2,spänning,785,115375055,6.803897081565855
1877,kubhist2,strålning,7,115375055,0.06067169372096941
1877,kubhist2,ström,3856,115375055,33.42143585543686
1877,kubhist2,strömning,151,115375055,1.3087751074094829
1877,kubhist2,styrka,12484,115375055,108.2036320589403
1877,kubhist2,tension,5,115375055,0.04333692408640672
1878,lb,attraktion,2,4037449,0.4953622943596315
1878,lb,elektricitet,4,4037449,0.990724588719263
1878,lb,elektriker,0,4037449,0.0
1878,lb,elektrisk,38,4037449,9.411883592833
1878,lb,emanation,0,4037449,0.0
1878,lb,emanera,1,4037449,0.24768114717981576
1878,lb,fluidum,4,4037449,0.990724588719263
1878,lb,induktion,0,4037449,0.0
1878,lb,influens,0,4037449,0.0
1878,lb,influera,0,4037449,0.0
1878,lb,kondensation,0,4037449,0.0
1878,lb,kraft,971,4037449,240.4983939116011
1878,lb,ladda,31,4037449,7.6781155625742885
1878,lb,laddning,9,4037449,2.229130324618342
1878,lb,magnet,8,4037449,1.981449177438526
1878,lb,magnetisera,2,4037449,0.4953622943596315
1878,lb,magnetism,6,4037449,1.4860868830788947
1878,lb,nerv,42,4037449,10.402608181552262
1878,lb,repulsion,0,4037449,0.0
1878,lb,spänning,24,4037449,5.944347532315579
1878,lb,strålning,0,4037449,0.0
1878,lb,ström,235,4037449,58.20506958725671
1878,lb,strömning,1,4037449,0.24768114717981576
1878,lb,styrka,410,4037449,101.54927034372446
1878,lb,tension,0,4037449,0.0
1878,tkr,attraktion,0,4983489,0.0
1878,tkr,elektricitet,9,4983489,1.805963653175516
1878,tkr,elektriker,0,4983489,0.0
1878,tkr,elektrisk,45,4983489,9.02981826587758
1878,tkr,emanation,0,4983489,0.0
1878,tkr,emanera,1,4983489,0.20066262813061292
1878,tkr,fluidum,0,4983489,0.0
1878,tkr,induktion,0,4983489,0.0
1878,tkr,influens,0,4983489,0.0
1878,tkr,influera,2,4983489,0.40132525626122584
1878,tkr,kondensation,0,4983489,0.0
1878,tkr,kraft,563,4983489,112.97305963753507
1878,tkr,ladda,2,4983489,0.40132525626122584
1878,tkr,laddning,0,4983489,0.0
1878,tkr,magnet,0,4983489,0.0
1878,tkr,magnetisera,0,4983489,0.0
1878,tkr,magnetism,2,4983489,0.40132525626122584
1878,tkr,nerv,0,4983489,0.0
1878,tkr,repulsion,0,4983489,0.0
1878,tkr,spänning,0,4983489,0.0
1878,tkr,strålning,1,4983489,0.20066262813061292
1878,tkr,ström,65,4983489,13.043070828489839
1878,tkr,strömning,1,4983489,0.20066262813061292
1878,tkr,styrka,461,4983489,92.50547156821256
1878,tkr,tension,0,4983489,0.0
1878,kubhist2,attraktion,23,121258643,0.1896772009892936
1878,kubhist2,elektricitet,958,121258643,7.90046776294536
1878,kubhist2,elektriker,1,121258643,0.008246834825621462
1878,kubhist2,elektrisk,2632,121258643,21.705669261035684
1878,kubhist2,emanation,5,121258643,0.04123417412810731
1878,kubhist2,emanera,30,121258643,0.24740504476864383
1878,kubhist2,fluidum,62,121258643,0.5113037591885305
1878,kubhist2,induktion,11,121258643,0.09071518308183607
1878,kubhist2,influens,0,121258643,0.0
1878,kubhist2,influera,10,121258643,0.08246834825621462
1878,kubhist2,kondensation,10,121258643,0.08246834825621462
1878,kubhist2,kraft,13821,121258643,113.97950412491421
1878,kubhist2,ladda,546,121258643,4.502771814789318
1878,kubhist2,laddning,508,121258643,4.189392091415702
1878,kubhist2,magnet,231,121258643,1.9050188447185574
1878,kubhist2,magnetisera,33,121258643,0.2721455492455082
1878,kubhist2,magnetism,144,121258643,1.1875442148894904
1878,kubhist2,nerv,482,121258643,3.9749743859495443
1878,kubhist2,repulsion,0,121258643,0.0
1878,kubhist2,spänning,868,121258643,7.158252628639429
1878,kubhist2,strålning,3,121258643,0.024740504476864385
1878,kubhist2,ström,3884,121258643,32.03070646271375
1878,kubhist2,strömning,189,121258643,1.5586517820424561
1878,kubhist2,styrka,10458,121258643,86.24539860634924
1878,kubhist2,tension,2,121258643,0.016493669651242923
1879,lb,attraktion,2,3457747,0.5784113181213084
1879,lb,elektricitet,4,3457747,1.1568226362426168
1879,lb,elektriker,0,3457747,0.0
1879,lb,elektrisk,22,3457747,6.362524499334393
1879,lb,emanation,0,3457747,0.0
1879,lb,emanera,0,3457747,0.0
1879,lb,fluidum,2,3457747,0.5784113181213084
1879,lb,induktion,0,3457747,0.0
1879,lb,influens,0,3457747,0.0
1879,lb,influera,1,3457747,0.2892056590606542
1879,lb,kondensation,0,3457747,0.0
1879,lb,kraft,765,3457747,221.2423291814005
1879,lb,ladda,33,3457747,9.54378674900159
1879,lb,laddning,6,3457747,1.7352339543639255
1879,lb,magnet,6,3457747,1.7352339543639255
1879,lb,magnetisera,1,3457747,0.2892056590606542
1879,lb,magnetism,6,3457747,1.7352339543639255
1879,lb,nerv,35,3457747,10.122198067122898
1879,lb,repulsion,0,3457747,0.0
1879,lb,spänning,30,3457747,8.676169771819627
1879,lb,strålning,0,3457747,0.0
1879,lb,ström,163,3457747,47.14052242688664
1879,lb,strömning,0,3457747,0.0
1879,lb,styrka,275,3457747,79.53155624167991
1879,lb,tension,0,3457747,0.0
1879,tkr,attraktion,0,4743273,0.0
1879,tkr,elektricitet,2,4743273,0.4216497764307473
1879,tkr,elektriker,0,4743273,0.0
1879,tkr,elektrisk,3,4743273,0.6324746646461209
1879,tkr,emanation,0,4743273,0.0
1879,tkr,emanera,1,4743273,0.21082488821537365
1879,tkr,fluidum,2,4743273,0.4216497764307473
1879,tkr,induktion,0,4743273,0.0
1879,tkr,influens,0,4743273,0.0
1879,tkr,influera,2,4743273,0.4216497764307473
1879,tkr,kondensation,0,4743273,0.0
1879,tkr,kraft,707,4743273,149.05319596826916
1879,tkr,ladda,1,4743273,0.21082488821537365
1879,tkr,laddning,9,4743273,1.8974239939383628
1879,tkr,magnet,0,4743273,0.0
1879,tkr,magnetisera,0,4743273,0.0
1879,tkr,magnetism,0,4743273,0.0
1879,tkr,nerv,4,4743273,0.8432995528614946
1879,tkr,repulsion,0,4743273,0.0
1879,tkr,spänning,1,4743273,0.21082488821537365
1879,tkr,strålning,0,4743273,0.0
1879,tkr,ström,60,4743273,12.649493292922418
1879,tkr,strömning,25,4743273,5.270622205384341
1879,tkr,styrka,446,4743273,94.02790014405664
1879,tkr,tension,0,4743273,0.0
1879,kubhist2,attraktion,19,121868380,0.15590590438635518
1879,kubhist2,elektricitet,953,121868380,7.819911941062973
1879,kubhist2,elektriker,12,121868380,0.0984668869808559
1879,kubhist2,elektrisk,2590,121868380,21.25243644003473
1879,kubhist2,emanation,0,121868380,0.0
1879,kubhist2,emanera,16,121868380,0.1312891826411412
1879,kubhist2,fluidum,43,121868380,0.352839678348067
1879,kubhist2,induktion,21,121868380,0.17231705221649782
1879,kubhist2,influens,0,121868380,0.0
1879,kubhist2,influera,11,121868380,0.09026131306578458
1879,kubhist2,kondensation,5,121868380,0.041027869575356625
1879,kubhist2,kraft,13930,121868380,114.30364463694356
1879,kubhist2,ladda,867,121868380,7.114232584366839
1879,kubhist2,laddning,553,121868380,4.537682375034443
1879,kubhist2,magnet,146,121868380,1.1980137916004134
1879,kubhist2,magnetisera,17,121868380,0.13949475655621252
1879,kubhist2,magnetism,146,121868380,1.1980137916004134
1879,kubhist2,nerv,640,121868380,5.251567305645648
1879,kubhist2,repulsion,2,121868380,0.01641114783014265
1879,kubhist2,spänning,927,121868380,7.606567019271119
1879,kubhist2,strålning,2,121868380,0.01641114783014265
1879,kubhist2,ström,4482,121868380,36.77738228734968
1879,kubhist2,strömning,350,121868380,2.8719508702749637
1879,kubhist2,styrka,9862,121868380,80.92336995043341
1879,kubhist2,tension,4,121868380,0.0328222956602853
1880,lb,attraktion,2,5048577,0.3961512323175421
1880,lb,elektricitet,3,5048577,0.5942268484763132
1880,lb,elektriker,0,5048577,0.0
1880,lb,elektrisk,23,5048577,4.555739171651735
1880,lb,emanation,0,5048577,0.0
1880,lb,emanera,0,5048577,0.0
1880,lb,fluidum,5,5048577,0.9903780807938554
1880,lb,induktion,18,5048577,3.5653610908578792
1880,lb,influens,0,5048577,0.0
1880,lb,influera,2,5048577,0.3961512323175421
1880,lb,kondensation,0,5048577,0.0
1880,lb,kraft,1173,5048577,232.34269775423846
1880,lb,ladda,47,5048577,9.30955395946224
1880,lb,laddning,12,5048577,2.376907393905253
1880,lb,magnet,9,5048577,1.7826805454289396
1880,lb,magnetisera,0,5048577,0.0
1880,lb,magnetism,2,5048577,0.3961512323175421
1880,lb,nerv,29,5048577,5.744192868604361
1880,lb,repulsion,0,5048577,0.0
1880,lb,spänning,51,5048577,10.101856424097324
1880,lb,strålning,0,5048577,0.0
1880,lb,ström,322,5048577,63.780348403124286
1880,lb,strömning,1,5048577,0.19807561615877106
1880,lb,styrka,461,5048577,91.31285904919346
1880,lb,tension,0,5048577,0.0
1880,tkr,attraktion,0,4552269,0.0
1880,tkr,elektricitet,2,4552269,0.4393413482375492
1880,tkr,elektriker,0,4552269,0.0
1880,tkr,elektrisk,56,4552269,12.301557750651378
1880,tkr,emanation,0,4552269,0.0
1880,tkr,emanera,0,4552269,0.0
1880,tkr,fluidum,0,4552269,0.0
1880,tkr,induktion,1,4552269,0.2196706741187746
1880,tkr,influens,0,4552269,0.0
1880,tkr,influera,0,4552269,0.0
1880,tkr,kondensation,0,4552269,0.0
1880,tkr,kraft,832,4552269,182.7660008668205
1880,tkr,ladda,3,4552269,0.6590120223563238
1880,tkr,laddning,8,4552269,1.757365392950197
1880,tkr,magnet,1,4552269,0.2196706741187746
1880,tkr,magnetisera,0,4552269,0.0
1880,tkr,magnetism,0,4552269,0.0
1880,tkr,nerv,0,4552269,0.0
1880,tkr,repulsion,0,4552269,0.0
1880,tkr,spänning,3,4552269,0.6590120223563238
1880,tkr,strålning,0,4552269,0.0
1880,tkr,ström,112,4552269,24.603115501302756
1880,tkr,strömning,12,4552269,2.6360480894252953
1880,tkr,styrka,553,4552269,121.47788278768236
1880,tkr,tension,0,4552269,0.0
1880,kubhist2,attraktion,54,135485687,0.3985660861726302
1880,kubhist2,elektricitet,1314,135485687,9.698441430200667
1880,kubhist2,elektriker,26,135485687,0.19190218963867378
1880,kubhist2,elektrisk,3662,135485687,27.02868532526244
1880,kubhist2,emanation,2,135485687,0.0147617068952826
1880,kubhist2,emanera,27,135485687,0.1992830430863151
1880,kubhist2,fluidum,58,135485687,0.4280894999631954
1880,kubhist2,induktion,27,135485687,0.1992830430863151
1880,kubhist2,influens,0,135485687,0.0
1880,kubhist2,influera,10,135485687,0.073808534476413
1880,kubhist2,kondensation,61,135485687,0.4502320603061193
1880,kubhist2,kraft,15583,135485687,115.01583927459437
1880,kubhist2,ladda,738,135485687,5.447069844359279
1880,kubhist2,laddning,410,135485687,3.0261499135329326
1880,kubhist2,magnet,379,135485687,2.7973434566560527
1880,kubhist2,magnetisera,54,135485687,0.3985660861726302
1880,kubhist2,magnetism,200,135485687,1.4761706895282598
1880,kubhist2,nerv,752,135485687,5.550401792626257
1880,kubhist2,repulsion,1,135485687,0.0073808534476413
1880,kubhist2,spänning,1159,135485687,8.554409145816265
1880,kubhist2,strålning,9,135485687,0.0664276810287717
1880,kubhist2,ström,5564,135485687,41.06706858267619
1880,kubhist2,strömning,297,135485687,2.192113473949466
1880,kubhist2,styrka,13848,135485687,102.21005854293672
1880,kubhist2,tension,11,135485687,0.0811893879240543
1881,lb,attraktion,2,6257234,0.3196300473979397
1881,lb,elektricitet,8,6257234,1.2785201895917588
1881,lb,elektriker,0,6257234,0.0
1881,lb,elektrisk,61,6257234,9.74871644563716
1881,lb,emanation,2,6257234,0.3196300473979397
1881,lb,emanera,0,6257234,0.0
1881,lb,fluidum,5,6257234,0.7990751184948494
1881,lb,induktion,0,6257234,0.0
1881,lb,influens,0,6257234,0.0
1881,lb,influera,0,6257234,0.0
1881,lb,kondensation,0,6257234,0.0
1881,lb,kraft,1497,6257234,239.2430904773579
1881,lb,ladda,81,6257234,12.94501691961656
1881,lb,laddning,21,6257234,3.3561154976783674
1881,lb,magnet,13,6257234,2.0775953080866083
1881,lb,magnetisera,6,6257234,0.9588901421938192
1881,lb,magnetism,4,6257234,0.6392600947958794
1881,lb,nerv,55,6257234,8.789826303443343
1881,lb,repulsion,0,6257234,0.0
1881,lb,spänning,58,6257234,9.269271374540253
1881,lb,strålning,0,6257234,0.0
1881,lb,ström,430,6257234,68.72046019055705
1881,lb,strömning,4,6257234,0.6392600947958794
1881,lb,styrka,649,6257234,103.71995038063145
1881,lb,tension,0,6257234,0.0
1881,tkr,attraktion,0,3172728,0.0
1881,tkr,elektricitet,3,3172728,0.945558522508075
1881,tkr,elektriker,0,3172728,0.0
1881,tkr,elektrisk,7,3172728,2.2063032191855085
1881,tkr,emanation,0,3172728,0.0
1881,tkr,emanera,0,3172728,0.0
1881,tkr,fluidum,0,3172728,0.0
1881,tkr,induktion,0,3172728,0.0
1881,tkr,influens,0,3172728,0.0
1881,tkr,influera,3,3172728,0.945558522508075
1881,tkr,kondensation,0,3172728,0.0
1881,tkr,kraft,380,3172728,119.77074618435617
1881,tkr,ladda,0,3172728,0.0
1881,tkr,laddning,2,3172728,0.6303723483387167
1881,tkr,magnet,0,3172728,0.0
1881,tkr,magnetisera,0,3172728,0.0
1881,tkr,magnetism,0,3172728,0.0
1881,tkr,nerv,3,3172728,0.945558522508075
1881,tkr,repulsion,0,3172728,0.0
1881,tkr,spänning,2,3172728,0.6303723483387167
1881,tkr,strålning,0,3172728,0.0
1881,tkr,ström,20,3172728,6.303723483387167
1881,tkr,strömning,5,3172728,1.5759308708467918
1881,tkr,styrka,242,3172728,76.27505414898472
1881,tkr,tension,0,3172728,0.0
1881,kubhist2,attraktion,55,135300783,0.4065017125584558
1881,kubhist2,elektricitet,1874,135300783,13.850621987900839
1881,kubhist2,elektriker,12,135300783,0.08869128274002672
1881,kubhist2,elektrisk,5479,135300783,40.49496151105053
1881,kubhist2,emanation,4,135300783,0.02956376091334224
1881,kubhist2,emanera,32,135300783,0.23651008730673792
1881,kubhist2,fluidum,53,135300783,0.3917198321017847
1881,kubhist2,induktion,28,135300783,0.20694632639339566
1881,kubhist2,influens,4,135300783,0.02956376091334224
1881,kubhist2,influera,45,135300783,0.33259231027510017
1881,kubhist2,kondensation,11,135300783,0.08130034251169116
1881,kubhist2,kraft,15352,135300783,113.46571438540751
1881,kubhist2,ladda,760,135300783,5.617114573535026
1881,kubhist2,laddning,540,135300783,3.991107723301202
1881,kubhist2,magnet,412,135300783,3.0450673740742507
1881,kubhist2,magnetisera,26,135300783,0.19216444593672455
1881,kubhist2,magnetism,150,135300783,1.108641034250334
1881,kubhist2,nerv,636,135300783,4.700637985221416
1881,kubhist2,repulsion,5,135300783,0.0369547011416778
1881,kubhist2,spänning,1046,135300783,7.730923478838996
1881,kubhist2,strålning,10,135300783,0.0739094022833556
1881,kubhist2,ström,4947,135300783,36.56298130957601
1881,kubhist2,strömning,354,135300783,2.616392840830788
1881,kubhist2,styrka,13523,135300783,99.94768470778178
1881,kubhist2,tension,34,135300783,0.251291967763409
1882,lb,attraktion,1,6890413,0.14512918166153466
1882,lb,elektricitet,10,6890413,1.4512918166153466
1882,lb,elektriker,0,6890413,0.0
1882,lb,elektrisk,39,6890413,5.660038084799852
1882,lb,emanation,0,6890413,0.0
1882,lb,emanera,0,6890413,0.0
1882,lb,fluidum,6,6890413,0.8707750899692079
1882,lb,induktion,0,6890413,0.0
1882,lb,influens,0,6890413,0.0
1882,lb,influera,0,6890413,0.0
1882,lb,kondensation,0,6890413,0.0
1882,lb,kraft,1394,6890413,202.31007923617932
1882,lb,ladda,88,6890413,12.77136798621505
1882,lb,laddning,26,6890413,3.7733587231999013
1882,lb,magnet,13,6890413,1.8866793615999506
1882,lb,magnetisera,1,6890413,0.14512918166153466
1882,lb,magnetism,5,6890413,0.7256459083076733
1882,lb,nerv,42,6890413,6.095425629784455
1882,lb,repulsion,0,6890413,0.0
1882,lb,spänning,47,6890413,6.821071538092129
1882,lb,strålning,0,6890413,0.0
1882,lb,ström,408,6890413,59.21270611790614
1882,lb,strömning,1,6890413,0.14512918166153466
1882,lb,styrka,649,6890413,94.18883889833599
1882,lb,tension,0,6890413,0.0
1882,tkr,attraktion,0,4677902,0.0
1882,tkr,elektricitet,3,4677902,0.6413131356749243
1882,tkr,elektriker,0,4677902,0.0
1882,tkr,elektrisk,13,4677902,2.779023587924672
1882,tkr,emanation,0,4677902,0.0
1882,tkr,emanera,1,4677902,0.21377104522497478
1882,tkr,fluidum,1,4677902,0.21377104522497478
1882,tkr,induktion,0,4677902,0.0
1882,tkr,influens,0,4677902,0.0
1882,tkr,influera,4,4677902,0.8550841808998991
1882,tkr,kondensation,0,4677902,0.0
1882,tkr,kraft,657,4677902,140.44757671280843
1882,tkr,ladda,6,4677902,1.2826262713498486
1882,tkr,laddning,14,4677902,2.992794633149647
1882,tkr,magnet,3,4677902,0.6413131356749243
1882,tkr,magnetisera,0,4677902,0.0
1882,tkr,magnetism,0,4677902,0.0
1882,tkr,nerv,1,4677902,0.21377104522497478
1882,tkr,repulsion,0,4677902,0.0
1882,tkr,spänning,1,4677902,0.21377104522497478
1882,tkr,strålning,0,4677902,0.0
1882,tkr,ström,81,4677902,17.31545466322296
1882,tkr,strömning,26,4677902,5.558047175849344
1882,tkr,styrka,341,4677902,72.8959264217164
1882,tkr,tension,0,4677902,0.0
1882,kubhist2,attraktion,124,139498993,0.8888953055023129
1882,kubhist2,elektricitet,2213,139498993,15.863913799004987
1882,kubhist2,elektriker,33,139498993,0.23656084743206712
1882,kubhist2,elektrisk,6474,139498993,46.408937159854624
1882,kubhist2,emanation,8,139498993,0.057348084225955664
1882,kubhist2,emanera,35,139498993,0.25089786848855605
1882,kubhist2,fluidum,84,139498993,0.6021548843725345
1882,kubhist2,induktion,73,139498993,0.5233012685618454
1882,kubhist2,influens,0,139498993,0.0
1882,kubhist2,influera,18,139498993,0.12903318950840026
1882,kubhist2,kondensation,11,139498993,0.07885361581068905
1882,kubhist2,kraft,17316,139498993,124.12992830708104
1882,kubhist2,ladda,910,139498993,6.5233445807024575
1882,kubhist2,laddning,480,139498993,3.44088505355734
1882,kubhist2,magnet,490,139498993,3.5125701588397846
1882,kubhist2,magnetisera,40,139498993,0.2867404211297783
1882,kubhist2,magnetism,194,139498993,1.390691042479425
1882,kubhist2,nerv,695,139498993,4.982114817129898
1882,kubhist2,repulsion,2,139498993,0.014337021056488916
1882,kubhist2,spänning,879,139498993,6.301120754326879
1882,kubhist2,strålning,7,139498993,0.050179573697711206
1882,kubhist2,ström,7022,139498993,50.337280929332586
1882,kubhist2,strömning,364,139498993,2.609337832280983
1882,kubhist2,styrka,16358,139498993,117.26249522102285
1882,kubhist2,tension,78,139498993,0.5591438212030677
1883,lb,attraktion,1,5989494,0.16695901189649742
1883,lb,elektricitet,11,5989494,1.8365491308614719
1883,lb,elektriker,0,5989494,0.0
1883,lb,elektrisk,37,5989494,6.177483440170405
1883,lb,emanation,1,5989494,0.16695901189649742
1883,lb,emanera,1,5989494,0.16695901189649742
1883,lb,fluidum,5,5989494,0.8347950594824872
1883,lb,induktion,0,5989494,0.0
1883,lb,influens,0,5989494,0.0
1883,lb,influera,0,5989494,0.0
1883,lb,kondensation,0,5989494,0.0
1883,lb,kraft,1135,5989494,189.4984785025246
1883,lb,ladda,74,5989494,12.35496688034081
1883,lb,laddning,15,5989494,2.5043851784474613
1883,lb,magnet,11,5989494,1.8365491308614719
1883,lb,magnetisera,5,5989494,0.8347950594824872
1883,lb,magnetism,5,5989494,0.8347950594824872
1883,lb,nerv,45,5989494,7.513155535342385
1883,lb,repulsion,0,5989494,0.0
1883,lb,spänning,60,5989494,10.017540713789845
1883,lb,strålning,0,5989494,0.0
1883,lb,ström,334,5989494,55.764309973430144
1883,lb,strömning,4,5989494,0.6678360475859897
1883,lb,styrka,567,5989494,94.66575974531405
1883,lb,tension,0,5989494,0.0
1883,tkr,attraktion,0,5698397,0.0
1883,tkr,elektricitet,3,5698397,0.5264638458850797
1883,tkr,elektriker,0,5698397,0.0
1883,tkr,elektrisk,92,5698397,16.144891273809108
1883,tkr,emanation,0,5698397,0.0
1883,tkr,emanera,4,5698397,0.7019517945134395
1883,tkr,fluidum,0,5698397,0.0
1883,tkr,induktion,0,5698397,0.0
1883,tkr,influens,0,5698397,0.0
1883,tkr,influera,1,5698397,0.17548794862835987
1883,tkr,kondensation,0,5698397,0.0
1883,tkr,kraft,731,5698397,128.28169044733107
1883,tkr,ladda,0,5698397,0.0
1883,tkr,laddning,10,5698397,1.7548794862835988
1883,tkr,magnet,0,5698397,0.0
1883,tkr,magnetisera,0,5698397,0.0
1883,tkr,magnetism,0,5698397,0.0
1883,tkr,nerv,1,5698397,0.17548794862835987
1883,tkr,repulsion,0,5698397,0.0
1883,tkr,spänning,3,5698397,0.5264638458850797
1883,tkr,strålning,0,5698397,0.0
1883,tkr,ström,39,5698397,6.844029996506035
1883,tkr,strömning,17,5698397,2.9832951266821177
1883,tkr,styrka,1079,5698397,189.3514965700003
1883,tkr,tension,0,5698397,0.0
1883,kubhist2,attraktion,59,142283630,0.4146647087932744
1883,kubhist2,elektricitet,2072,142283630,14.562462315587535
1883,kubhist2,elektriker,49,142283630,0.34438255476051605
1883,kubhist2,elektrisk,6609,142283630,46.44947560025001
1883,kubhist2,emanation,1,142283630,0.007028215403275837
1883,kubhist2,emanera,26,142283630,0.18273360048517176
1883,kubhist2,fluidum,89,142283630,0.6255111708915495
1883,kubhist2,induktion,27,142283630,0.1897618158884476
1883,kubhist2,influens,0,142283630,0.0
1883,kubhist2,influera,30,142283630,0.21084646209827512
1883,kubhist2,kondensation,49,142283630,0.34438255476051605
1883,kubhist2,kraft,17763,142283630,124.8421902083887
1883,kubhist2,ladda,967,142283630,6.796284294967735
1883,kubhist2,laddning,470,142283630,3.3032612395396437
1883,kubhist2,magnet,343,142283630,2.410677883323612
1883,kubhist2,magnetisera,41,142283630,0.2881568315343093
1883,kubhist2,magnetism,108,142283630,0.7590472635537904
1883,kubhist2,nerv,712,142283630,5.004089367132396
1883,kubhist2,repulsion,11,142283630,0.07731036943603421
1883,kubhist2,spänning,1185,142283630,8.328435252881867
1883,kubhist2,strålning,7,142283630,0.04919750782293086
1883,kubhist2,ström,9613,142283630,67.56223467169062
1883,kubhist2,strömning,382,142283630,2.6847782840513696
1883,kubhist2,styrka,16325,142283630,114.73561645847803
1883,kubhist2,tension,77,142283630,0.5411725860522395
1884,lb,attraktion,1,4201022,0.23803731568175554
1884,lb,elektricitet,8,4201022,1.9042985254540443
1884,lb,elektriker,0,4201022,0.0
1884,lb,elektrisk,34,4201022,8.093268733179688
1884,lb,emanation,2,4201022,0.4760746313635111
1884,lb,emanera,0,4201022,0.0
1884,lb,fluidum,2,4201022,0.4760746313635111
1884,lb,induktion,0,4201022,0.0
1884,lb,influens,0,4201022,0.0
1884,lb,influera,0,4201022,0.0
1884,lb,kondensation,0,4201022,0.0
1884,lb,kraft,1074,4201022,255.65207704220543
1884,lb,ladda,31,4201022,7.379156786134422
1884,lb,laddning,5,4201022,1.1901865784087777
1884,lb,magnet,9,4201022,2.1423358411358
1884,lb,magnetisera,1,4201022,0.23803731568175554
1884,lb,magnetism,0,4201022,0.0
1884,lb,nerv,45,4201022,10.711679205679
1884,lb,repulsion,0,4201022,0.0
1884,lb,spänning,24,4201022,5.712895576362133
1884,lb,strålning,0,4201022,0.0
1884,lb,ström,207,4201022,49.273724346123394
1884,lb,strömning,3,4201022,0.7141119470452666
1884,lb,styrka,406,4201022,96.64315016679275
1884,lb,tension,0,4201022,0.0
1884,tkr,attraktion,0,3931113,0.0
1884,tkr,elektricitet,5,3931113,1.2719044199441736
1884,tkr,elektriker,0,3931113,0.0
1884,tkr,elektrisk,113,3931113,28.745039890738322
1884,tkr,emanation,0,3931113,0.0
1884,tkr,emanera,0,3931113,0.0
1884,tkr,fluidum,0,3931113,0.0
1884,tkr,induktion,0,3931113,0.0
1884,tkr,influens,0,3931113,0.0
1884,tkr,influera,0,3931113,0.0
1884,tkr,kondensation,0,3931113,0.0
1884,tkr,kraft,509,3931113,129.47986995031687
1884,tkr,ladda,28,3931113,7.122664751687372
1884,tkr,laddning,5,3931113,1.2719044199441736
1884,tkr,magnet,1,3931113,0.25438088398883474
1884,tkr,magnetisera,0,3931113,0.0
1884,tkr,magnetism,0,3931113,0.0
1884,tkr,nerv,7,3931113,1.780666187921843
1884,tkr,repulsion,0,3931113,0.0
1884,tkr,spänning,0,3931113,0.0
1884,tkr,strålning,0,3931113,0.0
1884,tkr,ström,44,3931113,11.192758895508728
1884,tkr,strömning,4,3931113,1.017523535955339
1884,tkr,styrka,355,3931113,90.30521381603633
1884,tkr,tension,0,3931113,0.0
1884,kubhist2,attraktion,41,145641989,0.28151222241272744
1884,kubhist2,elektricitet,1819,145641989,12.489530062652468
1884,kubhist2,elektriker,29,145641989,0.19911840121875843
1884,kubhist2,elektrisk,5503,145641989,37.78443316920095
1884,kubhist2,emanation,7,145641989,0.048063062363148584
1884,kubhist2,emanera,29,145641989,0.19911840121875843
1884,kubhist2,fluidum,42,145641989,0.2883783741788915
1884,kubhist2,induktion,39,145641989,0.26777991888039926
1884,kubhist2,influens,1,145641989,0.006866151766164084
1884,kubhist2,influera,19,145641989,0.13045688355711757
1884,kubhist2,kondensation,24,145641989,0.164787642387938
1884,kubhist2,kraft,17140,145641989,117.68584127205239
1884,kubhist2,ladda,983,145641989,6.749427186139294
1884,kubhist2,laddning,410,145641989,2.815122224127274
1884,kubhist2,magnet,178,145641989,1.2221750143772068
1884,kubhist2,magnetisera,92,145641989,0.6316859624870956
1884,kubhist2,magnetism,257,145641989,1.7646010039041695
1884,kubhist2,nerv,748,145641989,5.1358815210907345
1884,kubhist2,repulsion,5,145641989,0.034330758830820415
1884,kubhist2,spänning,1224,145641989,8.404169761784837
1884,kubhist2,strålning,5,145641989,0.034330758830820415
1884,kubhist2,ström,8893,145641989,61.060687656497194
1884,kubhist2,strömning,467,145641989,3.2064928747986268
1884,kubhist2,styrka,16365,145641989,112.36457365327523
1884,kubhist2,tension,20,145641989,0.13732303532328166
1885,lb,attraktion,0,6099932,0.0
1885,lb,elektricitet,15,6099932,2.4590438057342277
1885,lb,elektriker,0,6099932,0.0
1885,lb,elektrisk,47,6099932,7.705003924633914
1885,lb,emanation,0,6099932,0.0
1885,lb,emanera,0,6099932,0.0
1885,lb,fluidum,3,6099932,0.4918087611468456
1885,lb,induktion,0,6099932,0.0
1885,lb,influens,0,6099932,0.0
1885,lb,influera,0,6099932,0.0
1885,lb,kondensation,0,6099932,0.0
1885,lb,kraft,1180,6099932,193.4447793844259
1885,lb,ladda,64,6099932,10.491920237799372
1885,lb,laddning,11,6099932,1.803298790871767
1885,lb,magnet,10,6099932,1.639362537156152
1885,lb,magnetisera,6,6099932,0.9836175222936911
1885,lb,magnetism,4,6099932,0.6557450148624607
1885,lb,nerv,103,6099932,16.885434132708365
1885,lb,repulsion,0,6099932,0.0
1885,lb,spänning,60,6099932,9.83617522293691
1885,lb,strålning,0,6099932,0.0
1885,lb,ström,303,6099932,49.6726848758314
1885,lb,strömning,6,6099932,0.9836175222936911
1885,lb,styrka,487,6099932,79.8369555595046
1885,lb,tension,2,6099932,0.32787250743123036
1885,tkr,attraktion,0,4544390,0.0
1885,tkr,elektricitet,3,4544390,0.6601546082092427
1885,tkr,elektriker,0,4544390,0.0
1885,tkr,elektrisk,26,4544390,5.721339937813436
1885,tkr,emanation,0,4544390,0.0
1885,tkr,emanera,1,4544390,0.22005153606974753
1885,tkr,fluidum,0,4544390,0.0
1885,tkr,induktion,1,4544390,0.22005153606974753
1885,tkr,influens,0,4544390,0.0
1885,tkr,influera,2,4544390,0.44010307213949507
1885,tkr,kondensation,0,4544390,0.0
1885,tkr,kraft,502,4544390,110.46587110701326
1885,tkr,ladda,0,4544390,0.0
1885,tkr,laddning,6,4544390,1.3203092164184853
1885,tkr,magnet,0,4544390,0.0
1885,tkr,magnetisera,0,4544390,0.0
1885,tkr,magnetism,0,4544390,0.0
1885,tkr,nerv,3,4544390,0.6601546082092427
1885,tkr,repulsion,0,4544390,0.0
1885,tkr,spänning,0,4544390,0.0
1885,tkr,strålning,0,4544390,0.0
1885,tkr,ström,58,4544390,12.762989092045357
1885,tkr,strömning,15,4544390,3.300773041046213
1885,tkr,styrka,434,4544390,95.50236665427043
1885,tkr,tension,0,4544390,0.0
1885,kubhist2,attraktion,31,138819566,0.22331146028795393
1885,kubhist2,elektricitet,1824,138819566,13.139358179523484
1885,kubhist2,elektriker,61,138819566,0.43941932508274806
1885,kubhist2,elektrisk,5474,138819566,39.43248172955677
1885,kubhist2,emanation,3,138819566,0.021610786479479414
1885,kubhist2,emanera,53,138819566,0.3817905611374696
1885,kubhist2,fluidum,65,138819566,0.4682337070553873
1885,kubhist2,induktion,40,138819566,0.2881438197263922
1885,kubhist2,influens,0,138819566,0.0
1885,kubhist2,influera,29,138819566,0.20890426930163433
1885,kubhist2,kondensation,6,138819566,0.04322157295895883
1885,kubhist2,kraft,16468,138819566,118.62881058135565
1885,kubhist2,ladda,1047,138819566,7.5421644813383155
1885,kubhist2,laddning,317,138819566,2.283539771331658
1885,kubhist2,magnet,146,138819566,1.0517249420013315
1885,kubhist2,magnetisera,44,138819566,0.3169582016990314
1885,kubhist2,magnetism,196,138819566,1.4119047166593217
1885,kubhist2,nerv,666,138819566,4.797594598444429
1885,kubhist2,repulsion,5,138819566,0.036017977465799024
1885,kubhist2,spänning,1419,138819566,10.221902004793762
1885,kubhist2,strålning,8,138819566,0.05762876394527843
1885,kubhist2,ström,5879,138819566,42.34993790428649
1885,kubhist2,strömning,545,138819566,3.9259595437720933
1885,kubhist2,styrka,14048,138819566,101.19610948790893
1885,kubhist2,tension,30,138819566,0.21610786479479413
1886,lb,attraktion,0,4360110,0.0
1886,lb,elektricitet,16,4360110,3.669632188178739
1886,lb,elektriker,0,4360110,0.0
1886,lb,elektrisk,40,4360110,9.174080470446846
1886,lb,emanation,0,4360110,0.0
1886,lb,emanera,2,4360110,0.45870402352234235
1886,lb,fluidum,3,4360110,0.6880560352835134
1886,lb,induktion,0,4360110,0.0
1886,lb,influens,0,4360110,0.0
1886,lb,influera,1,4360110,0.22935201176117118
1886,lb,kondensation,0,4360110,0.0
1886,lb,kraft,735,4360110,168.5737286444608
1886,lb,ladda,35,4360110,8.027320411640991
1886,lb,laddning,1,4360110,0.22935201176117118
1886,lb,magnet,8,4360110,1.8348160940893694
1886,lb,magnetisera,0,4360110,0.0
1886,lb,magnetism,9,4360110,2.0641681058505403
1886,lb,nerv,64,4360110,14.678528752714955
1886,lb,repulsion,0,4360110,0.0
1886,lb,spänning,30,4360110,6.8805603528351345
1886,lb,strålning,0,4360110,0.0
1886,lb,ström,258,4360110,59.17281903438216
1886,lb,strömning,7,4360110,1.605464082328198
1886,lb,styrka,331,4360110,75.91551589294765
1886,lb,tension,0,4360110,0.0
1886,tkr,attraktion,0,4727707,0.0
1886,tkr,elektricitet,13,4727707,2.7497473933981103
1886,tkr,elektriker,0,4727707,0.0
1886,tkr,elektrisk,73,4727707,15.440889209081696
1886,tkr,emanation,0,4727707,0.0
1886,tkr,emanera,0,4727707,0.0
1886,tkr,fluidum,0,4727707,0.0
1886,tkr,induktion,0,4727707,0.0
1886,tkr,influens,0,4727707,0.0
1886,tkr,influera,1,4727707,0.2115190302613931
1886,tkr,kondensation,0,4727707,0.0
1886,tkr,kraft,681,4727707,144.0444596080087
1886,tkr,ladda,1,4727707,0.2115190302613931
1886,tkr,laddning,1,4727707,0.2115190302613931
1886,tkr,magnet,0,4727707,0.0
1886,tkr,magnetisera,0,4727707,0.0
1886,tkr,magnetism,0,4727707,0.0
1886,tkr,nerv,4,4727707,0.8460761210455724
1886,tkr,repulsion,0,4727707,0.0
1886,tkr,spänning,3,4727707,0.6345570907841793
1886,tkr,strålning,0,4727707,0.0
1886,tkr,ström,46,4727707,9.729875392024082
1886,tkr,strömning,3,4727707,0.6345570907841793
1886,tkr,styrka,375,4727707,79.31963634802241
1886,tkr,tension,0,4727707,0.0
1886,kubhist2,attraktion,23,153925611,0.14942282736821488
1886,kubhist2,elektricitet,1848,153925611,12.005799346802657
1886,kubhist2,elektriker,107,153925611,0.6951409794956084
1886,kubhist2,elektrisk,6194,153925611,40.24021707472709
1886,kubhist2,emanation,3,153925611,0.01948993400454977
1886,kubhist2,emanera,59,153925611,0.3833020354228121
1886,kubhist2,fluidum,83,153925611,0.5392215074592103
1886,kubhist2,induktion,32,153925611,0.2078926293818642
1886,kubhist2,influens,0,153925611,0.0
1886,kubhist2,influera,26,153925611,0.16891276137276467
1886,kubhist2,kondensation,0,153925611,0.0
1886,kubhist2,kraft,18037,153925611,117.17997988002139
1886,kubhist2,ladda,929,153925611,6.035382896742245
1886,kubhist2,laddning,336,153925611,2.182872608509574
1886,kubhist2,magnet,160,153925611,1.039463146909321
1886,kubhist2,magnetisera,23,153925611,0.14942282736821488
1886,kubhist2,magnetism,167,153925611,1.0849396595866039
1886,kubhist2,nerv,747,153925611,4.852993567132892
1886,kubhist2,repulsion,1,153925611,0.006496644668183256
1886,kubhist2,spänning,1324,153925611,8.601557540674632
1886,kubhist2,strålning,3,153925611,0.01948993400454977
1886,kubhist2,ström,8895,153925611,57.78765432349007
1886,kubhist2,strömning,470,153925611,3.0534229940461306
1886,kubhist2,styrka,13750,153925611,89.32886418751977
1886,kubhist2,tension,49,153925611,0.31833558874097956
1887,lb,attraktion,2,5958814,0.33563725936067146
1887,lb,elektricitet,13,5958814,2.1816421858443644
1887,lb,elektriker,0,5958814,0.0
1887,lb,elektrisk,67,5958814,11.243848188582493
1887,lb,emanation,0,5958814,0.0
1887,lb,emanera,1,5958814,0.16781862968033573
1887,lb,fluidum,10,5958814,1.6781862968033572
1887,lb,induktion,0,5958814,0.0
1887,lb,influens,0,5958814,0.0
1887,lb,influera,1,5958814,0.16781862968033573
1887,lb,kondensation,0,5958814,0.0
1887,lb,kraft,1256,5958814,210.78019887850166
1887,lb,ladda,60,5958814,10.069117780820143
1887,lb,laddning,13,5958814,2.1816421858443644
1887,lb,magnet,23,5958814,3.8598284826477216
1887,lb,magnetisera,12,5958814,2.0138235561640285
1887,lb,magnetism,33,5958814,5.538014779451078
1887,lb,nerv,75,5958814,12.586397226025179
1887,lb,repulsion,1,5958814,0.16781862968033573
1887,lb,spänning,68,5958814,11.411666818262828
1887,lb,strålning,1,5958814,0.16781862968033573
1887,lb,ström,416,5958814,69.81254994701966
1887,lb,strömning,10,5958814,1.6781862968033572
1887,lb,styrka,460,5958814,77.19656965295442
1887,lb,tension,0,5958814,0.0
1887,tkr,attraktion,0,4750344,0.0
1887,tkr,elektricitet,30,4750344,6.315332110685037
1887,tkr,elektriker,0,4750344,0.0
1887,tkr,elektrisk,41,4750344,8.630953884602883
1887,tkr,emanation,0,4750344,0.0
1887,tkr,emanera,0,4750344,0.0
1887,tkr,fluidum,0,4750344,0.0
1887,tkr,induktion,0,4750344,0.0
1887,tkr,influens,0,4750344,0.0
1887,tkr,influera,2,4750344,0.4210221407123358
1887,tkr,kondensation,0,4750344,0.0
1887,tkr,kraft,553,4750344,116.41262190696084
1887,tkr,ladda,1,4750344,0.2105110703561679
1887,tkr,laddning,5,4750344,1.0525553517808395
1887,tkr,magnet,0,4750344,0.0
1887,tkr,magnetisera,0,4750344,0.0
1887,tkr,magnetism,1,4750344,0.2105110703561679
1887,tkr,nerv,3,4750344,0.6315332110685037
1887,tkr,repulsion,0,4750344,0.0
1887,tkr,spänning,1,4750344,0.2105110703561679
1887,tkr,strålning,1,4750344,0.2105110703561679
1887,tkr,ström,51,4750344,10.736064588164563
1887,tkr,strömning,12,4750344,2.5261328442740147
1887,tkr,styrka,488,4750344,102.72940233380993
1887,tkr,tension,0,4750344,0.0
1887,kubhist2,attraktion,62,156009338,0.39741210875466954
1887,kubhist2,elektricitet,1877,156009338,12.031331098911528
1887,kubhist2,elektriker,70,156009338,0.4486910905294656
1887,kubhist2,elektrisk,7092,156009338,45.45881734335671
1887,kubhist2,emanation,9,156009338,0.05768885449664558
1887,kubhist2,emanera,48,156009338,0.3076738906487764
1887,kubhist2,fluidum,56,156009338,0.3589528724235725
1887,kubhist2,induktion,19,156009338,0.12178758171514066
1887,kubhist2,influens,0,156009338,0.0
1887,kubhist2,influera,31,156009338,0.19870605437733477
1887,kubhist2,kondensation,12,156009338,0.0769184726621941
1887,kubhist2,kraft,17370,156009338,111.33948917852597
1887,kubhist2,ladda,1090,156009338,6.986761266815964
1887,kubhist2,laddning,591,156009338,3.78823477861306
1887,kubhist2,magnet,208,156009338,1.3332535261446978
1887,kubhist2,magnetisera,64,156009338,0.41023185419836855
1887,kubhist2,magnetism,282,156009338,1.8075841075615615
1887,kubhist2,nerv,821,156009338,5.262505504638447
1887,kubhist2,repulsion,2,156009338,0.012819745443699017
1887,kubhist2,spänning,1605,156009338,10.287845718568462
1887,kubhist2,strålning,5,156009338,0.032049363609247546
1887,kubhist2,ström,8785,156009338,56.310731861447934
1887,kubhist2,strömning,581,156009338,3.7241360513945647
1887,kubhist2,styrka,14590,156009338,93.52004301178434
1887,kubhist2,tension,2,156009338,0.012819745443699017
1888,lb,attraktion,6,5380689,1.1150988284214158
1888,lb,elektricitet,11,5380689,2.044347852105929
1888,lb,elektriker,0,5380689,0.0
1888,lb,elektrisk,37,5380689,6.8764427752653985
1888,lb,emanation,0,5380689,0.0
1888,lb,emanera,0,5380689,0.0
1888,lb,fluidum,1,5380689,0.18584980473690266
1888,lb,induktion,18,5380689,3.3452964852642477
1888,lb,influens,0,5380689,0.0
1888,lb,influera,0,5380689,0.0
1888,lb,kondensation,0,5380689,0.0
1888,lb,kraft,1366,5380689,253.870833270609
1888,lb,ladda,53,5380689,9.850039651055841
1888,lb,laddning,10,5380689,1.8584980473690265
1888,lb,magnet,9,5380689,1.6726482426321239
1888,lb,magnetisera,2,5380689,0.3716996094738053
1888,lb,magnetism,2,5380689,0.3716996094738053
1888,lb,nerv,90,5380689,16.72648242632124
1888,lb,repulsion,0,5380689,0.0
1888,lb,spänning,77,5380689,14.310434964741503
1888,lb,strålning,0,5380689,0.0
1888,lb,ström,284,5380689,52.781344545280355
1888,lb,strömning,11,5380689,2.044347852105929
1888,lb,styrka,484,5380689,89.95130549266088
1888,lb,tension,0,5380689,0.0
1888,tkr,attraktion,1,4308064,0.2321228282588188
1888,tkr,elektricitet,3,4308064,0.6963684847764564
1888,tkr,elektriker,0,4308064,0.0
1888,tkr,elektrisk,44,4308064,10.213404443388027
1888,tkr,emanation,1,4308064,0.2321228282588188
1888,tkr,emanera,3,4308064,0.6963684847764564
1888,tkr,fluidum,0,4308064,0.0
1888,tkr,induktion,0,4308064,0.0
1888,tkr,influens,0,4308064,0.0
1888,tkr,influera,1,4308064,0.2321228282588188
1888,tkr,kondensation,0,4308064,0.0
1888,tkr,kraft,473,4308064,109.7940977664213
1888,tkr,ladda,2,4308064,0.4642456565176376
1888,tkr,laddning,4,4308064,0.9284913130352752
1888,tkr,magnet,1,4308064,0.2321228282588188
1888,tkr,magnetisera,0,4308064,0.0
1888,tkr,magnetism,0,4308064,0.0
1888,tkr,nerv,4,4308064,0.9284913130352752
1888,tkr,repulsion,0,4308064,0.0
1888,tkr,spänning,4,4308064,0.9284913130352752
1888,tkr,strålning,0,4308064,0.0
1888,tkr,ström,58,4308064,13.463124039011491
1888,tkr,strömning,12,4308064,2.7854739391058256
1888,tkr,styrka,333,4308064,77.29690181018667
1888,tkr,tension,0,4308064,0.0
1888,kubhist2,attraktion,32,154506196,0.20711143519448244
1888,kubhist2,elektricitet,1406,154506196,9.099958683857572
1888,kubhist2,elektriker,69,154506196,0.4465840321381027
1888,kubhist2,elektrisk,6916,154506196,44.76195893140751
1888,kubhist2,emanation,5,154506196,0.032361161749137876
1888,kubhist2,emanera,58,154506196,0.3753894762899994
1888,kubhist2,fluidum,69,154506196,0.4465840321381027
1888,kubhist2,induktion,20,154506196,0.1294446469965515
1888,kubhist2,influens,1,154506196,0.006472232349827576
1888,kubhist2,influera,47,154506196,0.30419492044189606
1888,kubhist2,kondensation,5,154506196,0.032361161749137876
1888,kubhist2,kraft,19330,154506196,125.10825132216704
1888,kubhist2,ladda,842,154506196,5.449619638554819
1888,kubhist2,laddning,362,154506196,2.3429481106375825
1888,kubhist2,magnet,158,154506196,1.022612711272757
1888,kubhist2,magnetisera,34,154506196,0.22005589989413757
1888,kubhist2,magnetism,159,154506196,1.0290849436225846
1888,kubhist2,nerv,1074,154506196,6.951177543714817
1888,kubhist2,repulsion,2,154506196,0.012944464699655153
1888,kubhist2,spänning,1300,154506196,8.413902054775848
1888,kubhist2,strålning,0,154506196,0.0
1888,kubhist2,ström,9469,154506196,61.28556812051732
1888,kubhist2,strömning,426,154506196,2.7571709810265475
1888,kubhist2,styrka,13970,154506196,90.41708592709124
1888,kubhist2,tension,18,154506196,0.11650018229689636
1889,lb,attraktion,2,5325662,0.3755401675885552
1889,lb,elektricitet,9,5325662,1.6899307541484982
1889,lb,elektriker,0,5325662,0.0
1889,lb,elektrisk,42,5325662,7.886343519359659
1889,lb,emanation,1,5325662,0.1877700837942776
1889,lb,emanera,0,5325662,0.0
1889,lb,fluidum,2,5325662,0.3755401675885552
1889,lb,induktion,0,5325662,0.0
1889,lb,influens,0,5325662,0.0
1889,lb,influera,0,5325662,0.0
1889,lb,kondensation,0,5325662,0.0
1889,lb,kraft,1273,5325662,239.0313166701154
1889,lb,ladda,28,5325662,5.257562346239773
1889,lb,laddning,10,5325662,1.877700837942776
1889,lb,magnet,8,5325662,1.5021606703542207
1889,lb,magnetisera,2,5325662,0.3755401675885552
1889,lb,magnetism,9,5325662,1.6899307541484982
1889,lb,nerv,85,5325662,15.960457122513596
1889,lb,repulsion,1,5325662,0.1877700837942776
1889,lb,spänning,42,5325662,7.886343519359659
1889,lb,strålning,0,5325662,0.0
1889,lb,ström,322,5325662,60.461966981757385
1889,lb,strömning,11,5325662,2.0654709217370537
1889,lb,styrka,434,5325662,81.49221636671648
1889,lb,tension,0,5325662,0.0
1889,tkr,attraktion,0,4937944,0.0
1889,tkr,elektricitet,3,4937944,0.6075403042237822
1889,tkr,elektriker,0,4937944,0.0
1889,tkr,elektrisk,18,4937944,3.6452418253426933
1889,tkr,emanation,0,4937944,0.0
1889,tkr,emanera,0,4937944,0.0
1889,tkr,fluidum,0,4937944,0.0
1889,tkr,induktion,2,4937944,0.4050268694825215
1889,tkr,influens,0,4937944,0.0
1889,tkr,influera,3,4937944,0.6075403042237822
1889,tkr,kondensation,0,4937944,0.0
1889,tkr,kraft,672,4937944,136.08902814612722
1889,tkr,ladda,21,4937944,4.252782129566476
1889,tkr,laddning,3,4937944,0.6075403042237822
1889,tkr,magnet,0,4937944,0.0
1889,tkr,magnetisera,0,4937944,0.0
1889,tkr,magnetism,0,4937944,0.0
1889,tkr,nerv,2,4937944,0.4050268694825215
1889,tkr,repulsion,0,4937944,0.0
1889,tkr,spänning,5,4937944,1.0125671737063038
1889,tkr,strålning,0,4937944,0.0
1889,tkr,ström,27,4937944,5.467862738014039
1889,tkr,strömning,13,4937944,2.6326746516363895
1889,tkr,styrka,459,4937944,92.95366654623868
1889,tkr,tension,0,4937944,0.0
1889,kubhist2,attraktion,45,148837906,0.3023423347544274
1889,kubhist2,elektricitet,1642,148837906,11.032135859261551
1889,kubhist2,elektriker,87,148837906,0.5845285138585596
1889,kubhist2,elektrisk,8439,148837906,56.69926584428028
1889,kubhist2,emanation,4,148837906,0.02687487420039355
1889,kubhist2,emanera,47,148837906,0.3157797718546242
1889,kubhist2,fluidum,65,148837906,0.43671670575639515
1889,kubhist2,induktion,9,148837906,0.06046846695088548
1889,kubhist2,influens,5,148837906,0.03359359275049194
1889,kubhist2,influera,46,148837906,0.3090610533045258
1889,kubhist2,kondensation,0,148837906,0.0
1889,kubhist2,kraft,16574,148837906,111.35604124933066
1889,kubhist2,ladda,871,148837906,5.852003857135695
1889,kubhist2,laddning,400,148837906,2.687487420039355
1889,kubhist2,magnet,228,148837906,1.5318678294224322
1889,kubhist2,magnetisera,40,148837906,0.2687487420039355
1889,kubhist2,magnetism,124,148837906,0.8331211002122
1889,kubhist2,nerv,1178,148837906,7.914650452015899
1889,kubhist2,repulsion,2,148837906,0.013437437100196774
1889,kubhist2,spänning,1250,148837906,8.398398187622984
1889,kubhist2,strålning,3,148837906,0.02015615565029516
1889,kubhist2,ström,8667,148837906,58.23113367370272
1889,kubhist2,strömning,412,148837906,2.7681120426405355
1889,kubhist2,styrka,12420,148837906,83.44648439222196
1889,kubhist2,tension,11,148837906,0.07390590405108226
1890,lb,attraktion,0,5448673,0.0
1890,lb,elektricitet,13,5448673,2.3859020352294955
1890,lb,elektriker,0,5448673,0.0
1890,lb,elektrisk,52,5448673,9.543608140917982
1890,lb,emanation,1,5448673,0.18353092578688426
1890,lb,emanera,3,5448673,0.5505927773606528
1890,lb,fluidum,2,5448673,0.3670618515737685
1890,lb,induktion,1,5448673,0.18353092578688426
1890,lb,influens,0,5448673,0.0
1890,lb,influera,2,5448673,0.3670618515737685
1890,lb,kondensation,0,5448673,0.0
1890,lb,kraft,1415,5448673,259.6962599884412
1890,lb,ladda,26,5448673,4.771804070458991
1890,lb,laddning,5,5448673,0.9176546289344213
1890,lb,magnet,14,5448673,2.5694329610163797
1890,lb,magnetisera,4,5448673,0.734123703147537
1890,lb,magnetism,7,5448673,1.2847164805081899
1890,lb,nerv,96,5448673,17.61896887554089
1890,lb,repulsion,1,5448673,0.18353092578688426
1890,lb,spänning,65,5448673,11.929510176147476
1890,lb,strålning,0,5448673,0.0
1890,lb,ström,325,5448673,59.647550880737384
1890,lb,strömning,13,5448673,2.3859020352294955
1890,lb,styrka,533,5448673,97.82198344440931
1890,lb,tension,1,5448673,0.18353092578688426
1890,tkr,attraktion,1,5699409,0.1754567885898345
1890,tkr,elektricitet,11,5699409,1.9300246744881795
1890,tkr,elektriker,0,5699409,0.0
1890,tkr,elektrisk,68,5699409,11.931061624108745
1890,tkr,emanation,0,5699409,0.0
1890,tkr,emanera,0,5699409,0.0
1890,tkr,fluidum,0,5699409,0.0
1890,tkr,induktion,0,5699409,0.0
1890,tkr,influens,0,5699409,0.0
1890,tkr,influera,2,5699409,0.350913577179669
1890,tkr,kondensation,0,5699409,0.0
1890,tkr,kraft,782,5699409,137.20720867725058
1890,tkr,ladda,5,5699409,0.8772839429491724
1890,tkr,laddning,4,5699409,0.701827154359338
1890,tkr,magnet,0,5699409,0.0
1890,tkr,magnetisera,0,5699409,0.0
1890,tkr,magnetism,8,5699409,1.403654308718676
1890,tkr,nerv,6,5699409,1.052740731539007
1890,tkr,repulsion,0,5699409,0.0
1890,tkr,spänning,7,5699409,1.2281975201288415
1890,tkr,strålning,0,5699409,0.0
1890,tkr,ström,43,5699409,7.544641909362883
1890,tkr,strömning,15,5699409,2.6318518288475174
1890,tkr,styrka,485,5699409,85.09654246606972
1890,tkr,tension,0,5699409,0.0
1890,kubhist2,attraktion,62,155697372,0.3982083910831841
1890,kubhist2,elektricitet,1958,155697372,12.575677899046363
1890,kubhist2,elektriker,84,155697372,0.5395081427578623
1890,kubhist2,elektrisk,8790,155697372,56.45567351001917
1890,kubhist2,emanation,2,155697372,0.012845431970425295
1890,kubhist2,emanera,46,155697372,0.2954449353197818
1890,kubhist2,fluidum,69,155697372,0.44316740297967266
1890,kubhist2,induktion,35,155697372,0.22479505948244263
1890,kubhist2,influens,6,155697372,0.03853629591127588
1890,kubhist2,influera,33,155697372,0.21194962751201735
1890,kubhist2,kondensation,3,155697372,0.01926814795563794
1890,kubhist2,kraft,18888,155697372,121.31225952869647
1890,kubhist2,ladda,1098,155697372,7.052142151763486
1890,kubhist2,laddning,375,155697372,2.4085184944547424
1890,kubhist2,magnet,199,155697372,1.2781204810573168
1890,kubhist2,magnetisera,63,155697372,0.4046311070683968
1890,kubhist2,magnetism,143,155697372,0.9184483858854086
1890,kubhist2,nerv,959,155697372,6.159384629818929
1890,kubhist2,repulsion,5,155697372,0.032113579926063236
1890,kubhist2,spänning,1668,155697372,10.713090263334696
1890,kubhist2,strålning,2,155697372,0.012845431970425295
1890,kubhist2,ström,8341,155697372,53.57187403265869
1890,kubhist2,strömning,500,155697372,3.2113579926063234
1890,kubhist2,styrka,13613,155697372,87.43243270669976
1890,kubhist2,tension,34,155697372,0.21837234349723
1891,lb,attraktion,0,5213352,0.0
1891,lb,elektricitet,2,5213352,0.38363033994251683
1891,lb,elektriker,0,5213352,0.0
1891,lb,elektrisk,47,5213352,9.015312988649146
1891,lb,emanation,0,5213352,0.0
1891,lb,emanera,1,5213352,0.19181516997125841
1891,lb,fluidum,6,5213352,1.1508910198275506
1891,lb,induktion,3,5213352,0.5754455099137753
1891,lb,influens,0,5213352,0.0
1891,lb,influera,3,5213352,0.5754455099137753
1891,lb,kondensation,0,5213352,0.0
1891,lb,kraft,1319,5213352,253.00420919208986
1891,lb,ladda,48,5213352,9.207128158620405
1891,lb,laddning,15,5213352,2.877227549568876
1891,lb,magnet,8,5213352,1.5345213597700673
1891,lb,magnetisera,2,5213352,0.38363033994251683
1891,lb,magnetism,3,5213352,0.5754455099137753
1891,lb,nerv,99,5213352,18.989701827154583
1891,lb,repulsion,0,5213352,0.0
1891,lb,spänning,78,5213352,14.961583257758157
1891,lb,strålning,0,5213352,0.0
1891,lb,ström,284,5213352,54.47550827183739
1891,lb,strömning,11,5213352,2.1099668696838427
1891,lb,styrka,447,5213352,85.74138097715252
1891,lb,tension,0,5213352,0.0
1891,tkr,attraktion,0,4881858,0.0
1891,tkr,elektricitet,4,4881858,0.819360169836976
1891,tkr,elektriker,0,4881858,0.0
1891,tkr,elektrisk,81,4881858,16.592043439198765
1891,tkr,emanation,0,4881858,0.0
1891,tkr,emanera,1,4881858,0.204840042459244
1891,tkr,fluidum,0,4881858,0.0
1891,tkr,induktion,0,4881858,0.0
1891,tkr,influens,0,4881858,0.0
1891,tkr,influera,3,4881858,0.614520127377732
1891,tkr,kondensation,0,4881858,0.0
1891,tkr,kraft,683,4881858,139.90574899966364
1891,tkr,ladda,3,4881858,0.614520127377732
1891,tkr,laddning,4,4881858,0.819360169836976
1891,tkr,magnet,0,4881858,0.0
1891,tkr,magnetisera,0,4881858,0.0
1891,tkr,magnetism,0,4881858,0.0
1891,tkr,nerv,3,4881858,0.614520127377732
1891,tkr,repulsion,0,4881858,0.0
1891,tkr,spänning,9,4881858,1.843560382133196
1891,tkr,strålning,0,4881858,0.0
1891,tkr,ström,80,4881858,16.38720339673952
1891,tkr,strömning,18,4881858,3.687120764266392
1891,tkr,styrka,449,4881858,91.97317906420055
1891,tkr,tension,0,4881858,0.0
1891,kubhist2,attraktion,48,157546759,0.3046714531271316
1891,kubhist2,elektricitet,1905,157546759,12.091648295983036
1891,kubhist2,elektriker,126,157546759,0.7997625644587205
1891,kubhist2,elektrisk,8432,157546759,53.520618599332785
1891,kubhist2,emanation,5,157546759,0.03173660970074288
1891,kubhist2,emanera,56,157546759,0.3554500286483202
1891,kubhist2,fluidum,69,157546759,0.43796521387025167
1891,kubhist2,induktion,16,157546759,0.1015571510423772
1891,kubhist2,influens,4,157546759,0.0253892877605943
1891,kubhist2,influera,47,157546759,0.29832413118698303
1891,kubhist2,kondensation,2,157546759,0.01269464388029715
1891,kubhist2,kraft,20501,157546759,130.12644709498593
1891,kubhist2,ladda,986,157546759,6.258459432986495
1891,kubhist2,laddning,549,157546759,3.484679745141568
1891,kubhist2,magnet,188,157546759,1.1932965247479321
1891,kubhist2,magnetisera,17,157546759,0.10790447298252578
1891,kubhist2,magnetism,100,157546759,0.6347321940148575
1891,kubhist2,nerv,1020,157546759,6.474268378951547
1891,kubhist2,repulsion,0,157546759,0.0
1891,kubhist2,spänning,1549,157546759,9.832001685290143
1891,kubhist2,strålning,17,157546759,0.10790447298252578
1891,kubhist2,ström,8156,157546759,51.76875774385178
1891,kubhist2,strömning,460,157546759,2.9197680924683445
1891,kubhist2,styrka,12994,157546759,82.47710129029059
1891,kubhist2,tension,19,157546759,0.12059911686282293
1892,lb,attraktion,1,4970414,0.20119048433390055
1892,lb,elektricitet,7,4970414,1.4083333903373039
1892,lb,elektriker,0,4970414,0.0
1892,lb,elektrisk,37,4970414,7.44404792035432
1892,lb,emanation,0,4970414,0.0
1892,lb,emanera,0,4970414,0.0
1892,lb,fluidum,4,4970414,0.8047619373356022
1892,lb,induktion,2,4970414,0.4023809686678011
1892,lb,influens,0,4970414,0.0
1892,lb,influera,1,4970414,0.20119048433390055
1892,lb,kondensation,0,4970414,0.0
1892,lb,kraft,1300,4970414,261.54762963407074
1892,lb,ladda,94,4970414,18.91190552738665
1892,lb,laddning,13,4970414,2.615476296340707
1892,lb,magnet,6,4970414,1.2071429060034033
1892,lb,magnetisera,3,4970414,0.6035714530017017
1892,lb,magnetism,2,4970414,0.4023809686678011
1892,lb,nerv,83,4970414,16.698810199713748
1892,lb,repulsion,0,4970414,0.0
1892,lb,spänning,67,4970414,13.479762450371338
1892,lb,strålning,0,4970414,0.0
1892,lb,ström,374,4970414,75.2452411408788
1892,lb,strömning,7,4970414,1.4083333903373039
1892,lb,styrka,668,4970414,134.39524353504558
1892,lb,tension,0,4970414,0.0
1892,tkr,attraktion,1,5975314,0.16735522183436718
1892,tkr,elektricitet,12,5975314,2.0082626620124064
1892,tkr,elektriker,3,5975314,0.5020656655031016
1892,tkr,elektrisk,96,5975314,16.06610129609925
1892,tkr,emanation,0,5975314,0.0
1892,tkr,emanera,4,5975314,0.6694208873374687
1892,tkr,fluidum,0,5975314,0.0
1892,tkr,induktion,0,5975314,0.0
1892,tkr,influens,0,5975314,0.0
1892,tkr,influera,1,5975314,0.16735522183436718
1892,tkr,kondensation,0,5975314,0.0
1892,tkr,kraft,696,5975314,116.47923439671958
1892,tkr,ladda,15,5975314,2.510328327515508
1892,tkr,laddning,20,5975314,3.347104436687344
1892,tkr,magnet,0,5975314,0.0
1892,tkr,magnetisera,0,5975314,0.0
1892,tkr,magnetism,0,5975314,0.0
1892,tkr,nerv,0,5975314,0.0
1892,tkr,repulsion,0,5975314,0.0
1892,tkr,spänning,2,5975314,0.33471044366873437
1892,tkr,strålning,0,5975314,0.0
1892,tkr,ström,25,5975314,4.18388054585918
1892,tkr,strömning,19,5975314,3.179749214852977
1892,tkr,styrka,695,5975314,116.3118791748852
1892,tkr,tension,0,5975314,0.0
1892,kubhist2,attraktion,44,166658688,0.26401263881304526
1892,kubhist2,elektricitet,1577,166658688,9.462452986549373
1892,kubhist2,elektriker,230,166658688,1.3800660665227367
1892,kubhist2,elektrisk,10412,166658688,62.47499080275971
1892,kubhist2,emanation,3,166658688,0.018000861737253085
1892,kubhist2,emanera,55,166658688,0.3300157985163066
1892,kubhist2,fluidum,55,166658688,0.3300157985163066
1892,kubhist2,induktion,26,166658688,0.15600746838952675
1892,kubhist2,influens,14,166658688,0.0840040214405144
1892,kubhist2,influera,77,166658688,0.4620221179228292
1892,kubhist2,kondensation,17,166658688,0.10200488317776749
1892,kubhist2,kraft,20573,166658688,123.44390950683591
1892,kubhist2,ladda,1243,166658688,7.458357046468529
1892,kubhist2,laddning,608,166658688,3.6481746454166255
1892,kubhist2,magnet,192,166658688,1.1520551511841974
1892,kubhist2,magnetisera,41,166658688,0.24601177707579217
1892,kubhist2,magnetism,85,166658688,0.5100244158888374
1892,kubhist2,nerv,1321,166658688,7.926379451637109
1892,kubhist2,repulsion,7,166658688,0.0420020107202572
1892,kubhist2,spänning,1632,166658688,9.79246878506568
1892,kubhist2,strålning,22,166658688,0.13200631940652263
1892,kubhist2,ström,9230,166658688,55.38265127828199
1892,kubhist2,strömning,461,166658688,2.7661324202912243
1892,kubhist2,styrka,14410,166658688,86.46413921127233
1892,kubhist2,tension,37,166658688,0.22201062809278807
1893,lb,attraktion,0,5039482,0.0
1893,lb,elektricitet,18,5039482,3.5717956726504827
1893,lb,elektriker,0,5039482,0.0
1893,lb,elektrisk,74,5039482,14.684048876451985
1893,lb,emanation,0,5039482,0.0
1893,lb,emanera,1,5039482,0.1984330929250268
1893,lb,fluidum,3,5039482,0.5952992787750805
1893,lb,induktion,0,5039482,0.0
1893,lb,influens,0,5039482,0.0
1893,lb,influera,10,5039482,1.9843309292502682
1893,lb,kondensation,0,5039482,0.0
1893,lb,kraft,960,5039482,190.49576920802573
1893,lb,ladda,37,5039482,7.342024438225993
1893,lb,laddning,4,5039482,0.7937323717001072
1893,lb,magnet,10,5039482,1.9843309292502682
1893,lb,magnetisera,2,5039482,0.3968661858500536
1893,lb,magnetism,6,5039482,1.190598557550161
1893,lb,nerv,73,5039482,14.485615783526958
1893,lb,repulsion,0,5039482,0.0
1893,lb,spänning,63,5039482,12.50128485427669
1893,lb,strålning,1,5039482,0.1984330929250268
1893,lb,ström,280,5039482,55.56126601900751
1893,lb,strömning,11,5039482,2.182764022175295
1893,lb,styrka,313,5039482,62.10955808553339
1893,lb,tension,0,5039482,0.0
1893,tkr,attraktion,0,4069770,0.0
1893,tkr,elektricitet,3,4069770,0.7371423937962096
1893,tkr,elektriker,0,4069770,0.0
1893,tkr,elektrisk,30,4069770,7.3714239379620965
1893,tkr,emanation,0,4069770,0.0
1893,tkr,emanera,1,4069770,0.2457141312654032
1893,tkr,fluidum,3,4069770,0.7371423937962096
1893,tkr,induktion,1,4069770,0.2457141312654032
1893,tkr,influens,0,4069770,0.0
1893,tkr,influera,2,4069770,0.4914282625308064
1893,tkr,kondensation,0,4069770,0.0
1893,tkr,kraft,561,4069770,137.8456276398912
1893,tkr,ladda,0,4069770,0.0
1893,tkr,laddning,1,4069770,0.2457141312654032
1893,tkr,magnet,0,4069770,0.0
1893,tkr,magnetisera,0,4069770,0.0
1893,tkr,magnetism,0,4069770,0.0
1893,tkr,nerv,3,4069770,0.7371423937962096
1893,tkr,repulsion,0,4069770,0.0
1893,tkr,spänning,0,4069770,0.0
1893,tkr,strålning,0,4069770,0.0
1893,tkr,ström,42,4069770,10.319993513146935
1893,tkr,strömning,11,4069770,2.7028554439194354
1893,tkr,styrka,392,4069770,96.31993945603806
1893,tkr,tension,0,4069770,0.0
1893,kubhist2,attraktion,47,151478588,0.3102748752846838
1893,kubhist2,elektricitet,1926,151478588,12.714668293580873
1893,kubhist2,elektriker,118,151478588,0.7789879847572913
1893,kubhist2,elektrisk,8565,151478588,56.54264482581525
1893,kubhist2,emanation,2,151478588,0.01320318618232697
1893,kubhist2,emanera,82,151478588,0.5413306334754058
1893,kubhist2,fluidum,59,151478588,0.3894939923786456
1893,kubhist2,induktion,35,151478588,0.23105575819072197
1893,kubhist2,influens,3,151478588,0.019804779273490454
1893,kubhist2,influera,71,151478588,0.4687131094726074
1893,kubhist2,kondensation,14,151478588,0.0924223032762888
1893,kubhist2,kraft,19280,151478588,127.27871479763199
1893,kubhist2,ladda,925,151478588,6.1064736093262235
1893,kubhist2,laddning,387,151478588,2.554816526280269
1893,kubhist2,magnet,179,151478588,1.181685163318264
1893,kubhist2,magnetisera,37,151478588,0.24425894437304896
1893,kubhist2,magnetism,109,151478588,0.7195736469368199
1893,kubhist2,nerv,1329,151478588,8.773517218156272
1893,kubhist2,repulsion,6,151478588,0.03960955854698091
1893,kubhist2,spänning,1628,151478588,10.747393552414154
1893,kubhist2,strålning,27,151478588,0.1782430134614141
1893,kubhist2,ström,7770,151478588,51.29437831834028
1893,kubhist2,strömning,429,151478588,2.832083436109135
1893,kubhist2,styrka,11674,151478588,77.06699774624252
1893,kubhist2,tension,15,151478588,0.09902389636745228
1894,lb,attraktion,1,4608489,0.21699086186383432
1894,lb,elektricitet,12,4608489,2.603890342366012
1894,lb,elektriker,0,4608489,0.0
1894,lb,elektrisk,45,4608489,9.764588783872545
1894,lb,emanation,0,4608489,0.0
1894,lb,emanera,0,4608489,0.0
1894,lb,fluidum,4,4608489,0.8679634474553373
1894,lb,induktion,0,4608489,0.0
1894,lb,influens,0,4608489,0.0
1894,lb,influera,2,4608489,0.43398172372766863
1894,lb,kondensation,0,4608489,0.0
1894,lb,kraft,1012,4608489,219.59475220620035
1894,lb,ladda,52,4608489,11.283524816919385
1894,lb,laddning,12,4608489,2.603890342366012
1894,lb,magnet,5,4608489,1.0849543093191716
1894,lb,magnetisera,2,4608489,0.43398172372766863
1894,lb,magnetism,3,4608489,0.650972585591503
1894,lb,nerv,67,4608489,14.5383877448769
1894,lb,repulsion,1,4608489,0.21699086186383432
1894,lb,spänning,77,4608489,16.70829636351524
1894,lb,strålning,0,4608489,0.0
1894,lb,ström,271,4608489,58.8045235650991
1894,lb,strömning,8,4608489,1.7359268949106745
1894,lb,styrka,399,4608489,86.5793538836699
1894,lb,tension,0,4608489,0.0
1894,tkr,attraktion,2,5697294,0.3510438464295506
1894,tkr,elektricitet,14,5697294,2.457306925006854
1894,tkr,elektriker,6,5697294,1.0531315392886518
1894,tkr,elektrisk,108,5697294,18.95636770719573
1894,tkr,emanation,0,5697294,0.0
1894,tkr,emanera,0,5697294,0.0
1894,tkr,fluidum,0,5697294,0.0
1894,tkr,induktion,0,5697294,0.0
1894,tkr,influens,0,5697294,0.0
1894,tkr,influera,1,5697294,0.1755219232147753
1894,tkr,kondensation,0,5697294,0.0
1894,tkr,kraft,711,5697294,124.79608740570524
1894,tkr,ladda,9,5697294,1.5796973089329776
1894,tkr,laddning,4,5697294,0.7020876928591012
1894,tkr,magnet,1,5697294,0.1755219232147753
1894,tkr,magnetisera,0,5697294,0.0
1894,tkr,magnetism,4,5697294,0.7020876928591012
1894,tkr,nerv,1,5697294,0.1755219232147753
1894,tkr,repulsion,0,5697294,0.0
1894,tkr,spänning,2,5697294,0.3510438464295506
1894,tkr,strålning,0,5697294,0.0
1894,tkr,ström,62,5697294,10.882359239316068
1894,tkr,strömning,17,5697294,2.98387269465118
1894,tkr,styrka,555,5697294,97.41466738420029
1894,tkr,tension,0,5697294,0.0
1894,kubhist2,attraktion,56,151706472,0.3691338890274899
1894,kubhist2,elektricitet,1698,151706472,11.192666849440675
1894,kubhist2,elektriker,143,151706472,0.9426097523380546
1894,kubhist2,elektrisk,10196,151706472,67.20873450936226
1894,kubhist2,emanation,1,151706472,0.006591676589776605
1894,kubhist2,emanera,47,151706472,0.3098087997195004
1894,kubhist2,fluidum,51,151706472,0.33617550607860686
1894,kubhist2,induktion,8,151706472,0.05273341271821284
1894,kubhist2,influens,8,151706472,0.05273341271821284
1894,kubhist2,influera,40,151706472,0.2636670635910642
1894,kubhist2,kondensation,6,151706472,0.03955005953865963
1894,kubhist2,kraft,20151,151706472,132.82887496058837
1894,kubhist2,ladda,1138,151706472,7.501327959165776
1894,kubhist2,laddning,504,151706472,3.3222050012474087
1894,kubhist2,magnet,139,151706472,0.9162430459789481
1894,kubhist2,magnetisera,1,151706472,0.006591676589776605
1894,kubhist2,magnetism,72,151706472,0.47460071446391555
1894,kubhist2,nerv,1426,151706472,9.399730817021439
1894,kubhist2,repulsion,0,151706472,0.0
1894,kubhist2,spänning,1536,151706472,10.124815241896865
1894,kubhist2,strålning,17,151706472,0.11205850202620228
1894,kubhist2,ström,7624,151706472,50.254942320456834
1894,kubhist2,strömning,387,151706472,2.550978840243546
1894,kubhist2,styrka,12310,151706472,81.14353882015001
1894,kubhist2,tension,24,151706472,0.15820023815463852
1895,lb,attraktion,7,7570798,0.9246053058079214
1895,lb,elektricitet,18,7570798,2.3775565006489408
1895,lb,elektriker,0,7570798,0.0
1895,lb,elektrisk,87,7570798,11.491523086469881
1895,lb,emanation,0,7570798,0.0
1895,lb,emanera,0,7570798,0.0
1895,lb,fluidum,6,7570798,0.7925188335496469
1895,lb,induktion,0,7570798,0.0
1895,lb,influens,0,7570798,0.0
1895,lb,influera,2,7570798,0.264172944516549
1895,lb,kondensation,0,7570798,0.0
1895,lb,kraft,1775,7570798,234.45348825843723
1895,lb,ladda,93,7570798,12.284041920019527
1895,lb,laddning,18,7570798,2.3775565006489408
1895,lb,magnet,11,7570798,1.4529511948410194
1895,lb,magnetisera,9,7570798,1.1887782503244704
1895,lb,magnetism,11,7570798,1.4529511948410194
1895,lb,nerv,142,7570798,18.756279060674977
1895,lb,repulsion,1,7570798,0.1320864722582745
1895,lb,spänning,113,7570798,14.925771365185017
1895,lb,strålning,1,7570798,0.1320864722582745
1895,lb,ström,510,7570798,67.36410085172
1895,lb,strömning,13,7570798,1.7171241393575685
1895,lb,styrka,633,7570798,83.61073693948775
1895,lb,tension,0,7570798,0.0
1895,tkr,attraktion,0,5257783,0.0
1895,tkr,elektricitet,10,5257783,1.9019423205560215
1895,tkr,elektriker,0,5257783,0.0
1895,tkr,elektrisk,315,5257783,59.91118309751467
1895,tkr,emanation,0,5257783,0.0
1895,tkr,emanera,0,5257783,0.0
1895,tkr,fluidum,1,5257783,0.19019423205560215
1895,tkr,induktion,0,5257783,0.0
1895,tkr,influens,0,5257783,0.0
1895,tkr,influera,3,5257783,0.5705826961668065
1895,tkr,kondensation,0,5257783,0.0
1895,tkr,kraft,752,5257783,143.0260625058128
1895,tkr,ladda,1,5257783,0.19019423205560215
1895,tkr,laddning,1,5257783,0.19019423205560215
1895,tkr,magnet,1,5257783,0.19019423205560215
1895,tkr,magnetisera,0,5257783,0.0
1895,tkr,magnetism,1,5257783,0.19019423205560215
1895,tkr,nerv,6,5257783,1.141165392333613
1895,tkr,repulsion,0,5257783,0.0
1895,tkr,spänning,5,5257783,0.9509711602780108
1895,tkr,strålning,0,5257783,0.0
1895,tkr,ström,38,5257783,7.227380818112882
1895,tkr,strömning,15,5257783,2.852913480834032
1895,tkr,styrka,414,5257783,78.74041207101929
1895,tkr,tension,0,5257783,0.0
1895,kubhist2,attraktion,37,153415763,0.24117469597957805
1895,kubhist2,elektricitet,1611,153415763,10.500876627651358
1895,kubhist2,elektriker,106,153415763,0.6909329128063587
1895,kubhist2,elektrisk,12358,153415763,80.55234845717906
1895,kubhist2,emanation,1,153415763,0.006518235026475082
1895,kubhist2,emanera,101,153415763,0.6583417376739833
1895,kubhist2,fluidum,38,153415763,0.24769293100605314
1895,kubhist2,induktion,13,153415763,0.08473705534417607
1895,kubhist2,influens,2,153415763,0.013036470052950165
1895,kubhist2,influera,73,153415763,0.475831156932681
1895,kubhist2,kondensation,26,153415763,0.16947411068835214
1895,kubhist2,kraft,21003,153415763,136.90249026105616
1895,kubhist2,ladda,1085,153415763,7.072285003725464
1895,kubhist2,laddning,408,153415763,2.6594398908018335
1895,kubhist2,magnet,212,153415763,1.3818658256127174
1895,kubhist2,magnetisera,9,153415763,0.05866411523827574
1895,kubhist2,magnetism,54,153415763,0.35198469142965444
1895,kubhist2,nerv,1771,153415763,11.543794231887372
1895,kubhist2,repulsion,2,153415763,0.013036470052950165
1895,kubhist2,spänning,1621,153415763,10.566058977916109
1895,kubhist2,strålning,25,153415763,0.16295587566187705
1895,kubhist2,ström,7694,153415763,50.151300293699286
1895,kubhist2,strömning,382,153415763,2.4899657801134816
1895,kubhist2,styrka,11910,153415763,77.63217916531823
1895,kubhist2,tension,20,153415763,0.13036470052950166
1896,lb,attraktion,6,6143356,0.976664871773669
1896,lb,elektricitet,17,6143356,2.767217136692062
1896,lb,elektriker,0,6143356,0.0
1896,lb,elektrisk,65,6143356,10.580536110881415
1896,lb,emanation,1,6143356,0.16277747862894484
1896,lb,emanera,0,6143356,0.0
1896,lb,fluidum,2,6143356,0.3255549572578897
1896,lb,induktion,2,6143356,0.3255549572578897
1896,lb,influens,2,6143356,0.3255549572578897
1896,lb,influera,3,6143356,0.4883324358868345
1896,lb,kondensation,0,6143356,0.0
1896,lb,kraft,1466,6143356,238.63178367003312
1896,lb,ladda,75,6143356,12.208310897170863
1896,lb,laddning,15,6143356,2.4416621794341724
1896,lb,magnet,15,6143356,2.4416621794341724
1896,lb,magnetisera,3,6143356,0.4883324358868345
1896,lb,magnetism,5,6143356,0.8138873931447241
1896,lb,nerv,89,6143356,14.48719559797609
1896,lb,repulsion,4,6143356,0.6511099145157794
1896,lb,spänning,76,6143356,12.371088375799808
1896,lb,strålning,0,6143356,0.0
1896,lb,ström,449,6143356,73.08708790439623
1896,lb,strömning,10,6143356,1.6277747862894483
1896,lb,styrka,605,6143356,98.48037457051163
1896,lb,tension,0,6143356,0.0
1896,tkr,attraktion,1,5378192,0.18593609153410662
1896,tkr,elektricitet,11,5378192,2.045297006875173
1896,tkr,elektriker,0,5378192,0.0
1896,tkr,elektrisk,193,5378192,35.88566566608258
1896,tkr,emanation,0,5378192,0.0
1896,tkr,emanera,0,5378192,0.0
1896,tkr,fluidum,0,5378192,0.0
1896,tkr,induktion,0,5378192,0.0
1896,tkr,influens,0,5378192,0.0
1896,tkr,influera,1,5378192,0.18593609153410662
1896,tkr,kondensation,1,5378192,0.18593609153410662
1896,tkr,kraft,722,5378192,134.24585808762498
1896,tkr,ladda,20,5378192,3.718721830682133
1896,tkr,laddning,2,5378192,0.37187218306821324
1896,tkr,magnet,1,5378192,0.18593609153410662
1896,tkr,magnetisera,0,5378192,0.0
1896,tkr,magnetism,0,5378192,0.0
1896,tkr,nerv,3,5378192,0.5578082746023199
1896,tkr,repulsion,0,5378192,0.0
1896,tkr,spänning,6,5378192,1.1156165492046397
1896,tkr,strålning,0,5378192,0.0
1896,tkr,ström,159,5378192,29.563838553922952
1896,tkr,strömning,16,5378192,2.974977464545706
1896,tkr,styrka,409,5378192,76.04786143744961
1896,tkr,tension,0,5378192,0.0
1896,kubhist2,attraktion,16,37377381,0.42806637522302593
1896,kubhist2,elektricitet,415,37377381,11.102971607347236
1896,kubhist2,elektriker,19,37377381,0.5083288205773433
1896,kubhist2,elektrisk,2868,37377381,76.7308977587274
1896,kubhist2,emanation,1,37377381,0.02675414845143912
1896,kubhist2,emanera,18,37377381,0.48157467212590416
1896,kubhist2,fluidum,13,37377381,0.34780392986870856
1896,kubhist2,induktion,0,37377381,0.0
1896,kubhist2,influens,3,37377381,0.08026244535431735
1896,kubhist2,influera,10,37377381,0.2675414845143912
1896,kubhist2,kondensation,0,37377381,0.0
1896,kubhist2,kraft,5303,37377381,141.87724923798166
1896,kubhist2,ladda,287,37377381,7.678440605563027
1896,kubhist2,laddning,84,37377381,2.2473484699208863
1896,kubhist2,magnet,38,37377381,1.0166576411546866
1896,kubhist2,magnetisera,6,37377381,0.1605248907086347
1896,kubhist2,magnetism,23,37377381,0.6153454143830998
1896,kubhist2,nerv,471,37377381,12.601203920627826
1896,kubhist2,repulsion,0,37377381,0.0
1896,kubhist2,spänning,402,37377381,10.755167677478527
1896,kubhist2,strålning,20,37377381,0.5350829690287824
1896,kubhist2,ström,1606,37377381,42.96716241301123
1896,kubhist2,strömning,103,37377381,2.7556772904982294
1896,kubhist2,styrka,2487,37377381,66.53756719872909
1896,kubhist2,tension,1,37377381,0.02675414845143912
1897,lb,attraktion,0,6737891,0.0
1897,lb,elektricitet,20,6737891,2.9682878514953717
1897,lb,elektriker,4,6737891,0.5936575702990743
1897,lb,elektrisk,106,6737891,15.731925612925469
1897,lb,emanation,0,6737891,0.0
1897,lb,emanera,1,6737891,0.14841439257476857
1897,lb,fluidum,8,6737891,1.1873151405981486
1897,lb,induktion,0,6737891,0.0
1897,lb,influens,0,6737891,0.0
1897,lb,influera,2,6737891,0.29682878514953714
1897,lb,kondensation,0,6737891,0.0
1897,lb,kraft,1847,6737891,274.12138308559753
1897,lb,ladda,37,6737891,5.491332525266437
1897,lb,laddning,7,6737891,1.03890074802338
1897,lb,magnet,9,6737891,1.335729533172917
1897,lb,magnetisera,4,6737891,0.5936575702990743
1897,lb,magnetism,3,6737891,0.4452431777243057
1897,lb,nerv,131,6737891,19.44228542729468
1897,lb,repulsion,0,6737891,0.0
1897,lb,spänning,141,6737891,20.92642935304237
1897,lb,strålning,0,6737891,0.0
1897,lb,ström,404,6737891,59.9594146002065
1897,lb,strömning,10,6737891,1.4841439257476858
1897,lb,styrka,760,6737891,112.79493835682412
1897,lb,tension,3,6737891,0.4452431777243057
1897,tkr,attraktion,1,5901420,0.1694507423637023
1897,tkr,elektricitet,18,5901420,3.0501133625466412
1897,tkr,elektriker,0,5901420,0.0
1897,tkr,elektrisk,119,5901420,20.164638341280572
1897,tkr,emanation,0,5901420,0.0
1897,tkr,emanera,2,5901420,0.3389014847274046
1897,tkr,fluidum,0,5901420,0.0
1897,tkr,induktion,2,5901420,0.3389014847274046
1897,tkr,influens,0,5901420,0.0
1897,tkr,influera,7,5901420,1.186155196545916
1897,tkr,kondensation,0,5901420,0.0
1897,tkr,kraft,802,5901420,135.89949537568924
1897,tkr,ladda,1,5901420,0.1694507423637023
1897,tkr,laddning,7,5901420,1.186155196545916
1897,tkr,magnet,1,5901420,0.1694507423637023
1897,tkr,magnetisera,0,5901420,0.0
1897,tkr,magnetism,0,5901420,0.0
1897,tkr,nerv,8,5901420,1.3556059389096184
1897,tkr,repulsion,0,5901420,0.0
1897,tkr,spänning,1,5901420,0.1694507423637023
1897,tkr,strålning,0,5901420,0.0
1897,tkr,ström,71,5901420,12.031002707822863
1897,tkr,strömning,18,5901420,3.0501133625466412
1897,tkr,styrka,507,5901420,85.91152637839707
1897,tkr,tension,2,5901420,0.3389014847274046
1897,kubhist2,attraktion,12,23910593,0.5018696106784135
1897,kubhist2,elektricitet,274,23910593,11.459356110490443
1897,kubhist2,elektriker,24,23910593,1.003739221356827
1897,kubhist2,elektrisk,2228,23910593,93.18045771595878
1897,kubhist2,emanation,4,23910593,0.16728987022613784
1897,kubhist2,emanera,16,23910593,0.6691594809045514
1897,kubhist2,fluidum,7,23910593,0.2927572728957412
1897,kubhist2,induktion,2,23910593,0.08364493511306892
1897,kubhist2,influens,3,23910593,0.12546740266960338
1897,kubhist2,influera,17,23910593,0.7109819484610859
1897,kubhist2,kondensation,0,23910593,0.0
1897,kubhist2,kraft,3383,23910593,141.48540774375607
1897,kubhist2,ladda,187,23910593,7.820801433071944
1897,kubhist2,laddning,84,23910593,3.513087274748895
1897,kubhist2,magnet,34,23910593,1.4219638969221717
1897,kubhist2,magnetisera,10,23910593,0.4182246755653446
1897,kubhist2,magnetism,10,23910593,0.4182246755653446
1897,kubhist2,nerv,224,23910593,9.368232732663719
1897,kubhist2,repulsion,2,23910593,0.08364493511306892
1897,kubhist2,spänning,288,23910593,12.044870656281924
1897,kubhist2,strålning,2,23910593,0.08364493511306892
1897,kubhist2,ström,952,23910593,39.81498911382081
1897,kubhist2,strömning,61,23910593,2.551170520948602
1897,kubhist2,styrka,2041,23910593,85.35965628288683
1897,kubhist2,tension,0,23910593,0.0
1898,lb,attraktion,9,8374259,1.0747219545036761
1898,lb,elektricitet,12,8374259,1.4329626060049014
1898,lb,elektriker,0,8374259,0.0
1898,lb,elektrisk,130,8374259,15.5237615650531
1898,lb,emanation,0,8374259,0.0
1898,lb,emanera,2,8374259,0.23882710100081692
1898,lb,fluidum,10,8374259,1.1941355050040845
1898,lb,induktion,2,8374259,0.23882710100081692
1898,lb,influens,2,8374259,0.23882710100081692
1898,lb,influera,1,8374259,0.11941355050040846
1898,lb,kondensation,1,8374259,0.11941355050040846
1898,lb,kraft,1505,8374259,179.71739350311472
1898,lb,ladda,126,8374259,15.046107363051465
1898,lb,laddning,12,8374259,1.4329626060049014
1898,lb,magnet,12,8374259,1.4329626060049014
1898,lb,magnetisera,4,8374259,0.47765420200163383
1898,lb,magnetism,13,8374259,1.5523761565053098
1898,lb,nerv,183,8374259,21.852679741574747
1898,lb,repulsion,2,8374259,0.23882710100081692
1898,lb,spänning,149,8374259,17.79261902456086
1898,lb,strålning,3,8374259,0.35824065150122536
1898,lb,ström,629,8374259,75.11112326475691
1898,lb,strömning,8,8374259,0.9553084040032677
1898,lb,styrka,756,8374259,90.27664417830879
1898,lb,tension,0,8374259,0.0
1898,tkr,attraktion,0,6357195,0.0
1898,tkr,elektricitet,12,6357195,1.8876249666716216
1898,tkr,elektriker,1,6357195,0.15730208055596848
1898,tkr,elektrisk,87,6357195,13.685281008369257
1898,tkr,emanation,0,6357195,0.0
1898,tkr,emanera,0,6357195,0.0
1898,tkr,fluidum,0,6357195,0.0
1898,tkr,induktion,0,6357195,0.0
1898,tkr,influens,0,6357195,0.0
1898,tkr,influera,5,6357195,0.7865104027798424
1898,tkr,kondensation,0,6357195,0.0
1898,tkr,kraft,1077,6357195,169.41434075877805
1898,tkr,ladda,12,6357195,1.8876249666716216
1898,tkr,laddning,10,6357195,1.5730208055596848
1898,tkr,magnet,0,6357195,0.0
1898,tkr,magnetisera,0,6357195,0.0
1898,tkr,magnetism,0,6357195,0.0
1898,tkr,nerv,6,6357195,0.9438124833358108
1898,tkr,repulsion,0,6357195,0.0
1898,tkr,spänning,7,6357195,1.1011145638917794
1898,tkr,strålning,0,6357195,0.0
1898,tkr,ström,41,6357195,6.449385302794707
1898,tkr,strömning,11,6357195,1.7303228861156532
1898,tkr,styrka,509,6357195,80.06675900298795
1898,tkr,tension,0,6357195,0.0
1898,kubhist2,attraktion,3,20536766,0.14607947522019776
1898,kubhist2,elektricitet,203,20536766,9.884711156566716
1898,kubhist2,elektriker,15,20536766,0.7303973761009889
1898,kubhist2,elektrisk,1888,20536766,91.93268307191113
1898,kubhist2,emanation,0,20536766,0.0
1898,kubhist2,emanera,15,20536766,0.7303973761009889
1898,kubhist2,fluidum,2,20536766,0.09738631681346517
1898,kubhist2,induktion,5,20536766,0.24346579203366295
1898,kubhist2,influens,5,20536766,0.24346579203366295
1898,kubhist2,influera,18,20536766,0.8764768513211866
1898,kubhist2,kondensation,4,20536766,0.19477263362693034
1898,kubhist2,kraft,2937,20536766,143.0118062405736
1898,kubhist2,ladda,146,20536766,7.109201127382958
1898,kubhist2,laddning,57,20536766,2.7755100291837578
1898,kubhist2,magnet,15,20536766,0.7303973761009889
1898,kubhist2,magnetisera,8,20536766,0.3895452672538607
1898,kubhist2,magnetism,6,20536766,0.2921589504403955
1898,kubhist2,nerv,183,20536766,8.910847988432064
1898,kubhist2,repulsion,1,20536766,0.048693158406732585
1898,kubhist2,spänning,280,20536766,13.634084353885125
1898,kubhist2,strålning,1,20536766,0.048693158406732585
1898,kubhist2,ström,887,20536766,43.19083150677181
1898,kubhist2,strömning,56,20536766,2.726816870777025
1898,kubhist2,styrka,1703,20536766,82.9244487666656
1898,kubhist2,tension,2,20536766,0.09738631681346517
1899,lb,attraktion,4,8112591,0.4930607249890941
1899,lb,elektricitet,9,8112591,1.1093866312254617
1899,lb,elektriker,0,8112591,0.0
1899,lb,elektrisk,107,8112591,13.189374393458268
1899,lb,emanation,0,8112591,0.0
1899,lb,emanera,2,8112591,0.24653036249454705
1899,lb,fluidum,4,8112591,0.4930607249890941
1899,lb,induktion,0,8112591,0.0
1899,lb,influens,1,8112591,0.12326518124727352
1899,lb,influera,1,8112591,0.12326518124727352
1899,lb,kondensation,0,8112591,0.0
1899,lb,kraft,1635,8112591,201.53857133929222
1899,lb,ladda,91,8112591,11.21713149350189
1899,lb,laddning,32,8112591,3.9444857999127527
1899,lb,magnet,7,8112591,0.8628562687309147
1899,lb,magnetisera,3,8112591,0.3697955437418206
1899,lb,magnetism,2,8112591,0.24653036249454705
1899,lb,nerv,120,8112591,14.791821749672824
1899,lb,repulsion,0,8112591,0.0
1899,lb,spänning,108,8112591,13.31263957470554
1899,lb,strålning,0,8112591,0.0
1899,lb,ström,552,8112591,68.04238004849499
1899,lb,strömning,5,8112591,0.6163259062363676
1899,lb,styrka,634,8112591,78.15012491077141
1899,lb,tension,0,8112591,0.0
1899,tkr,attraktion,0,5772256,0.0
1899,tkr,elektricitet,7,5772256,1.2126974271411386
1899,tkr,elektriker,1,5772256,0.17324248959159122
1899,tkr,elektrisk,115,5772256,19.922886303032993
1899,tkr,emanation,0,5772256,0.0
1899,tkr,emanera,0,5772256,0.0
1899,tkr,fluidum,0,5772256,0.0
1899,tkr,induktion,0,5772256,0.0
1899,tkr,influens,0,5772256,0.0
1899,tkr,influera,6,5772256,1.0394549375495474
1899,tkr,kondensation,0,5772256,0.0
1899,tkr,kraft,950,5772256,164.58036511201166
1899,tkr,ladda,19,5772256,3.2916073022402332
1899,tkr,laddning,8,5772256,1.3859399167327298
1899,tkr,magnet,0,5772256,0.0
1899,tkr,magnetisera,0,5772256,0.0
1899,tkr,magnetism,8,5772256,1.3859399167327298
1899,tkr,nerv,5,5772256,0.8662124479579562
1899,tkr,repulsion,0,5772256,0.0
1899,tkr,spänning,4,5772256,0.6929699583663649
1899,tkr,strålning,0,5772256,0.0
1899,tkr,ström,61,5772256,10.567791865087065
1899,tkr,strömning,6,5772256,1.0394549375495474
1899,tkr,styrka,418,5772256,72.41536064928513
1899,tkr,tension,0,5772256,0.0
1899,kubhist2,attraktion,6,18794137,0.3192484975500604
1899,kubhist2,elektricitet,213,18794137,11.333321663027146
1899,kubhist2,elektriker,8,18794137,0.4256646634000806
1899,kubhist2,elektrisk,1880,18794137,100.03119589901894
1899,kubhist2,emanation,0,18794137,0.0
1899,kubhist2,emanera,16,18794137,0.8513293268001612
1899,kubhist2,fluidum,9,18794137,0.47887274632509064
1899,kubhist2,induktion,5,18794137,0.26604041462505035
1899,kubhist2,influens,4,18794137,0.2128323317000403
1899,kubhist2,influera,14,18794137,0.744913160950141
1899,kubhist2,kondensation,1,18794137,0.05320808292501007
1899,kubhist2,kraft,2719,18794137,144.67277747310237
1899,kubhist2,ladda,91,18794137,4.841935546175916
1899,kubhist2,laddning,35,18794137,1.8622829023753524
1899,kubhist2,magnet,20,18794137,1.0641616585002014
1899,kubhist2,magnetisera,1,18794137,0.05320808292501007
1899,kubhist2,magnetism,5,18794137,0.26604041462505035
1899,kubhist2,nerv,143,18794137,7.6087558582764405
1899,kubhist2,repulsion,0,18794137,0.0
1899,kubhist2,spänning,213,18794137,11.333321663027146
1899,kubhist2,strålning,0,18794137,0.0
1899,kubhist2,ström,792,18794137,42.14080167660798
1899,kubhist2,strömning,41,18794137,2.181531399925413
1899,kubhist2,styrka,1843,18794137,98.06249683079356
1899,kubhist2,tension,1,18794137,0.05320808292501007
1900,lb,attraktion,2,6952699,0.28765807350497985
1900,lb,elektricitet,29,6952699,4.171042065822208
1900,lb,elektriker,0,6952699,0.0
1900,lb,elektrisk,91,6952699,13.088442344476585
1900,lb,emanation,2,6952699,0.28765807350497985
1900,lb,emanera,0,6952699,0.0
1900,lb,fluidum,6,6952699,0.8629742205149395
1900,lb,induktion,1,6952699,0.14382903675248992
1900,lb,influens,0,6952699,0.0
1900,lb,influera,3,6952699,0.4314871102574698
1900,lb,kondensation,0,6952699,0.0
1900,lb,kraft,1827,6952699,262.7756501467991
1900,lb,ladda,85,6952699,12.225468123961644
1900,lb,laddning,14,6952699,2.013606514534859
1900,lb,magnet,9,6952699,1.2944613307724093
1900,lb,magnetisera,4,6952699,0.5753161470099597
1900,lb,magnetism,3,6952699,0.4314871102574698
1900,lb,nerv,145,6952699,20.85521032911104
1900,lb,repulsion,1,6952699,0.14382903675248992
1900,lb,spänning,146,6952699,20.99903936586353
1900,lb,strålning,0,6952699,0.0
1900,lb,ström,414,6952699,59.54522121553083
1900,lb,strömning,9,6952699,1.2944613307724093
1900,lb,styrka,843,6952699,121.24787798234901
1900,lb,tension,0,6952699,0.0
1900,tkr,attraktion,0,5542696,0.0
1900,tkr,elektricitet,17,5542696,3.067099476500245
1900,tkr,elektriker,1,5542696,0.18041761626472028
1900,tkr,elektrisk,437,5542696,78.84249830768276
1900,tkr,emanation,0,5542696,0.0
1900,tkr,emanera,0,5542696,0.0
1900,tkr,fluidum,0,5542696,0.0
1900,tkr,induktion,0,5542696,0.0
1900,tkr,influens,0,5542696,0.0
1900,tkr,influera,1,5542696,0.18041761626472028
1900,tkr,kondensation,0,5542696,0.0
1900,tkr,kraft,692,5542696,124.84899045518642
1900,tkr,ladda,6,5542696,1.0825056975883216
1900,tkr,laddning,5,5542696,0.9020880813236014
1900,tkr,magnet,5,5542696,0.9020880813236014
1900,tkr,magnetisera,0,5542696,0.0
1900,tkr,magnetism,0,5542696,0.0
1900,tkr,nerv,12,5542696,2.165011395176643
1900,tkr,repulsion,0,5542696,0.0
1900,tkr,spänning,21,5542696,3.7887699415591256
1900,tkr,strålning,0,5542696,0.0
1900,tkr,ström,96,5542696,17.320091161413146
1900,tkr,strömning,10,5542696,1.8041761626472028
1900,tkr,styrka,362,5542696,65.31117708782874
1900,tkr,tension,1,5542696,0.18041761626472028
1900,kubhist2,attraktion,7,18238762,0.38379797927074216
1900,kubhist2,elektricitet,214,18238762,11.733252509134118
1900,kubhist2,elektriker,18,18238762,0.986909089553337
1900,kubhist2,elektrisk,1886,18238762,103.40614127208853
1900,kubhist2,emanation,0,18238762,0.0
1900,kubhist2,emanera,11,18238762,0.6031111102825948
1900,kubhist2,fluidum,3,18238762,0.1644848482588895
1900,kubhist2,induktion,0,18238762,0.0
1900,kubhist2,influens,1,18238762,0.05482828275296317
1900,kubhist2,influera,10,18238762,0.5482828275296316
1900,kubhist2,kondensation,2,18238762,0.10965656550592634
1900,kubhist2,kraft,2465,18238762,135.1517169860542
1900,kubhist2,ladda,133,18238762,7.292161606144101
1900,kubhist2,laddning,95,18238762,5.2086868615315005
1900,kubhist2,magnet,34,18238762,1.8641616136007477
1900,kubhist2,magnetisera,1,18238762,0.05482828275296317
1900,kubhist2,magnetism,2,18238762,0.10965656550592634
1900,kubhist2,nerv,133,18238762,7.292161606144101
1900,kubhist2,repulsion,0,18238762,0.0
1900,kubhist2,spänning,220,18238762,12.062222205651898
1900,kubhist2,strålning,2,18238762,0.10965656550592634
1900,kubhist2,ström,741,18238762,40.62775751994571
1900,kubhist2,strömning,50,18238762,2.7414141376481584
1900,kubhist2,styrka,1733,18238762,95.01741401088516
1900,kubhist2,tension,2,18238762,0.10965656550592634
1901,lb,attraktion,2,1766700,1.1320541121865626
1901,lb,elektricitet,3,1766700,1.6980811682798438
1901,lb,elektriker,1,1766700,0.5660270560932813
1901,lb,elektrisk,32,1766700,18.112865794985
1901,lb,emanation,0,1766700,0.0
1901,lb,emanera,0,1766700,0.0
1901,lb,fluidum,3,1766700,1.6980811682798438
1901,lb,induktion,0,1766700,0.0
1901,lb,influens,0,1766700,0.0
1901,lb,influera,1,1766700,0.5660270560932813
1901,lb,kondensation,0,1766700,0.0
1901,lb,kraft,275,1766700,155.65744042565234
1901,lb,ladda,6,1766700,3.3961623365596876
1901,lb,laddning,3,1766700,1.6980811682798438
1901,lb,magnet,1,1766700,0.5660270560932813
1901,lb,magnetisera,0,1766700,0.0
1901,lb,magnetism,2,1766700,1.1320541121865626
1901,lb,nerv,25,1766700,14.150676402332032
1901,lb,repulsion,0,1766700,0.0
1901,lb,spänning,28,1766700,15.848757570611875
1901,lb,strålning,6,1766700,3.3961623365596876
1901,lb,ström,192,1766700,108.67719476991
1901,lb,strömning,1,1766700,0.5660270560932813
1901,lb,styrka,117,1766700,66.2251655629139
1901,lb,tension,1,1766700,0.5660270560932813
1901,tkr,attraktion,1,6742813,0.1483060556476948
1901,tkr,elektricitet,8,6742813,1.1864484451815585
1901,tkr,elektriker,13,6742813,1.9279787234200325
1901,tkr,elektrisk,266,6742813,39.44941080228682
1901,tkr,emanation,0,6742813,0.0
1901,tkr,emanera,1,6742813,0.1483060556476948
1901,tkr,fluidum,0,6742813,0.0
1901,tkr,induktion,0,6742813,0.0
1901,tkr,influens,0,6742813,0.0
1901,tkr,influera,3,6742813,0.44491816694308445
1901,tkr,kondensation,0,6742813,0.0
1901,tkr,kraft,1002,6742813,148.6026677589902
1901,tkr,ladda,10,6742813,1.4830605564769481
1901,tkr,laddning,9,6742813,1.3347545008292534
1901,tkr,magnet,1,6742813,0.1483060556476948
1901,tkr,magnetisera,0,6742813,0.0
1901,tkr,magnetism,6,6742813,0.8898363338861689
1901,tkr,nerv,7,6742813,1.0381423895338637
1901,tkr,repulsion,0,6742813,0.0
1901,tkr,spänning,15,6742813,2.224590834715422
1901,tkr,strålning,0,6742813,0.0
1901,tkr,ström,41,6742813,6.080548281555488
1901,tkr,strömning,13,6742813,1.9279787234200325
1901,tkr,styrka,953,6742813,141.33567103225315
1901,tkr,tension,0,6742813,0.0
1901,kubhist2,attraktion,3,7564610,0.3965835647839082
1901,kubhist2,elektricitet,89,7564610,11.76531242192261
1901,kubhist2,elektriker,12,7564610,1.5863342591356329
1901,kubhist2,elektrisk,695,7564610,91.87519250827208
1901,kubhist2,emanation,1,7564610,0.13219452159463607
1901,kubhist2,emanera,2,7564610,0.26438904318927214
1901,kubhist2,fluidum,3,7564610,0.3965835647839082
1901,kubhist2,induktion,0,7564610,0.0
1901,kubhist2,influens,0,7564610,0.0
1901,kubhist2,influera,6,7564610,0.7931671295678164
1901,kubhist2,kondensation,0,7564610,0.0
1901,kubhist2,kraft,1265,7564610,167.22606981721464
1901,kubhist2,ladda,87,7564610,11.500923378733338
1901,kubhist2,laddning,23,7564610,3.0404739966766297
1901,kubhist2,magnet,35,7564610,4.6268082558122625
1901,kubhist2,magnetisera,1,7564610,0.13219452159463607
1901,kubhist2,magnetism,1,7564610,0.13219452159463607
1901,kubhist2,nerv,52,7564610,6.874115122921076
1901,kubhist2,repulsion,0,7564610,0.0
1901,kubhist2,spänning,94,7564610,12.42628502989579
1901,kubhist2,strålning,0,7564610,0.0
1901,kubhist2,ström,317,7564610,41.90566334549963
1901,kubhist2,strömning,14,7564610,1.850723302324905
1901,kubhist2,styrka,742,7564610,98.08833502321997
1901,kubhist2,tension,1,7564610,0.13219452159463607
1902,lb,attraktion,1,2158392,0.4633078699328018
1902,lb,elektricitet,2,2158392,0.9266157398656036
1902,lb,elektriker,0,2158392,0.0
1902,lb,elektrisk,7,2158392,3.243155089529613
1902,lb,emanation,0,2158392,0.0
1902,lb,emanera,0,2158392,0.0
1902,lb,fluidum,0,2158392,0.0
1902,lb,induktion,0,2158392,0.0
1902,lb,influens,0,2158392,0.0
1902,lb,influera,3,2158392,1.3899236097984056
1902,lb,kondensation,0,2158392,0.0
1902,lb,kraft,266,2158392,123.23989340212529
1902,lb,ladda,12,2158392,5.559694439193622
1902,lb,laddning,0,2158392,0.0
1902,lb,magnet,0,2158392,0.0
1902,lb,magnetisera,1,2158392,0.4633078699328018
1902,lb,magnetism,4,2158392,1.8532314797312073
1902,lb,nerv,13,2158392,6.023002309126424
1902,lb,repulsion,0,2158392,0.0
1902,lb,spänning,20,2158392,9.266157398656036
1902,lb,strålning,0,2158392,0.0
1902,lb,ström,108,2158392,50.0372499527426
1902,lb,strömning,2,2158392,0.9266157398656036
1902,lb,styrka,68,2158392,31.504935155430523
1902,lb,tension,0,2158392,0.0
1902,tkr,attraktion,0,7452810,0.0
1902,tkr,elektricitet,34,7452810,4.5620376743805355
1902,tkr,elektriker,18,7452810,2.415196415848519
1902,tkr,elektrisk,1448,7452810,194.2891338971475
1902,tkr,emanation,0,7452810,0.0
1902,tkr,emanera,0,7452810,0.0
1902,tkr,fluidum,0,7452810,0.0
1902,tkr,induktion,31,7452810,4.1595049384057825
1902,tkr,influens,0,7452810,0.0
1902,tkr,influera,7,7452810,0.9392430506077574
1902,tkr,kondensation,3,7452810,0.40253273597475314
1902,tkr,kraft,1453,7452810,194.9600217904388
1902,tkr,ladda,4,7452810,0.5367103146330042
1902,tkr,laddning,3,7452810,0.40253273597475314
1902,tkr,magnet,0,7452810,0.0
1902,tkr,magnetisera,0,7452810,0.0
1902,tkr,magnetism,1,7452810,0.13417757865825106
1902,tkr,nerv,4,7452810,0.5367103146330042
1902,tkr,repulsion,0,7452810,0.0
1902,tkr,spänning,69,7452810,9.258252927419322
1902,tkr,strålning,0,7452810,0.0
1902,tkr,ström,248,7452810,33.27603950724626
1902,tkr,strömning,23,7452810,3.0860843091397743
1902,tkr,styrka,550,7452810,73.79766826203807
1902,tkr,tension,2,7452810,0.2683551573165021
1902,kubhist2,attraktion,0,8263946,0.0
1902,kubhist2,elektricitet,63,8263946,7.623476726493615
1902,kubhist2,elektriker,7,8263946,0.8470529696104017
1902,kubhist2,elektrisk,687,8263946,83.13219858890656
1902,kubhist2,emanation,0,8263946,0.0
1902,kubhist2,emanera,5,8263946,0.6050378354360012
1902,kubhist2,fluidum,4,8263946,0.4840302683488009
1902,kubhist2,induktion,0,8263946,0.0
1902,kubhist2,influens,0,8263946,0.0
1902,kubhist2,influera,1,8263946,0.12100756708720023
1902,kubhist2,kondensation,0,8263946,0.0
1902,kubhist2,kraft,1441,8263946,174.37190417265552
1902,kubhist2,ladda,74,8263946,8.954559964452818
1902,kubhist2,laddning,27,8263946,3.2672043113544063
1902,kubhist2,magnet,29,8263946,3.5092194455288066
1902,kubhist2,magnetisera,1,8263946,0.12100756708720023
1902,kubhist2,magnetism,1,8263946,0.12100756708720023
1902,kubhist2,nerv,53,8263946,6.413401055621613
1902,kubhist2,repulsion,0,8263946,0.0
1902,kubhist2,spänning,116,8263946,14.036877782115226
1902,kubhist2,strålning,0,8263946,0.0
1902,kubhist2,ström,350,8263946,42.35264848052008
1902,kubhist2,strömning,17,8263946,2.057128640482404
1902,kubhist2,styrka,737,8263946,89.18257694326657
1902,kubhist2,tension,0,8263946,0.0
1903,lb,attraktion,4,2125279,1.8821058317519723
1903,lb,elektricitet,7,2125279,3.293685205565952
1903,lb,elektriker,0,2125279,0.0
1903,lb,elektrisk,20,2125279,9.410529158759863
1903,lb,emanation,0,2125279,0.0
1903,lb,emanera,0,2125279,0.0
1903,lb,fluidum,0,2125279,0.0
1903,lb,induktion,0,2125279,0.0
1903,lb,influens,0,2125279,0.0
1903,lb,influera,2,2125279,0.9410529158759862
1903,lb,kondensation,0,2125279,0.0
1903,lb,kraft,291,2125279,136.923199259956
1903,lb,ladda,16,2125279,7.528423327007889
1903,lb,laddning,1,2125279,0.4705264579379931
1903,lb,magnet,1,2125279,0.4705264579379931
1903,lb,magnetisera,3,2125279,1.4115793738139792
1903,lb,magnetism,5,2125279,2.3526322896899656
1903,lb,nerv,8,2125279,3.7642116635039446
1903,lb,repulsion,1,2125279,0.4705264579379931
1903,lb,spänning,35,2125279,16.468426027829757
1903,lb,strålning,0,2125279,0.0
1903,lb,ström,459,2125279,215.97164419353882
1903,lb,strömning,2,2125279,0.9410529158759862
1903,lb,styrka,153,2125279,71.99054806451294
1903,lb,tension,0,2125279,0.0
1903,tkr,attraktion,1,8063372,0.12401759462418452
1903,tkr,elektricitet,22,8063372,2.7283870817320595
1903,tkr,elektriker,1,8063372,0.12401759462418452
1903,tkr,elektrisk,697,8063372,86.44026345305662
1903,tkr,emanation,0,8063372,0.0
1903,tkr,emanera,0,8063372,0.0
1903,tkr,fluidum,0,8063372,0.0
1903,tkr,induktion,1,8063372,0.12401759462418452
1903,tkr,influens,0,8063372,0.0
1903,tkr,influera,11,8063372,1.3641935408660297
1903,tkr,kondensation,0,8063372,0.0
1903,tkr,kraft,1369,8063372,169.78008704050862
1903,tkr,ladda,15,8063372,1.860263919362768
1903,tkr,laddning,3,8063372,0.3720527838725536
1903,tkr,magnet,0,8063372,0.0
1903,tkr,magnetisera,0,8063372,0.0
1903,tkr,magnetism,0,8063372,0.0
1903,tkr,nerv,4,8063372,0.4960703784967381
1903,tkr,repulsion,0,8063372,0.0
1903,tkr,spänning,8,8063372,0.9921407569934761
1903,tkr,strålning,0,8063372,0.0
1903,tkr,ström,94,8063372,11.657653894673345
1903,tkr,strömning,14,8063372,1.7362463247385833
1903,tkr,styrka,826,8063372,102.43853315957641
1903,tkr,tension,0,8063372,0.0
1903,kubhist2,attraktion,5,8493995,0.5886511588481038
1903,kubhist2,elektricitet,94,8493995,11.066641786344352
1903,kubhist2,elektriker,11,8493995,1.2950325494658286
1903,kubhist2,elektrisk,809,8493995,95.24375750162321
1903,kubhist2,emanation,0,8493995,0.0
1903,kubhist2,emanera,2,8493995,0.23546046353924155
1903,kubhist2,fluidum,1,8493995,0.11773023176962077
1903,kubhist2,induktion,0,8493995,0.0
1903,kubhist2,influens,0,8493995,0.0
1903,kubhist2,influera,2,8493995,0.23546046353924155
1903,kubhist2,kondensation,0,8493995,0.0
1903,kubhist2,kraft,1487,8493995,175.06485464142608
1903,kubhist2,ladda,64,8493995,7.53473483325573
1903,kubhist2,laddning,30,8493995,3.5319069530886233
1903,kubhist2,magnet,51,8493995,6.00424182025066
1903,kubhist2,magnetisera,0,8493995,0.0
1903,kubhist2,magnetism,3,8493995,0.3531906953088623
1903,kubhist2,nerv,95,8493995,11.184372018113974
1903,kubhist2,repulsion,1,8493995,0.11773023176962077
1903,kubhist2,spänning,113,8493995,13.303516189967148
1903,kubhist2,strålning,3,8493995,0.3531906953088623
1903,kubhist2,ström,366,8493995,43.089264827681205
1903,kubhist2,strömning,23,8493995,2.707795330701278
1903,kubhist2,styrka,790,8493995,93.00688309800042
1903,kubhist2,tension,0,8493995,0.0
1904,lb,attraktion,0,905092,0.0
1904,lb,elektricitet,0,905092,0.0
1904,lb,elektriker,0,905092,0.0
1904,lb,elektrisk,6,905092,6.629160350549999
1904,lb,emanation,0,905092,0.0
1904,lb,emanera,1,905092,1.104860058425
1904,lb,fluidum,0,905092,0.0
1904,lb,induktion,0,905092,0.0
1904,lb,influens,0,905092,0.0
1904,lb,influera,0,905092,0.0
1904,lb,kondensation,0,905092,0.0
1904,lb,kraft,111,905092,122.63946648517499
1904,lb,ladda,4,905092,4.4194402337
1904,lb,laddning,0,905092,0.0
1904,lb,magnet,0,905092,0.0
1904,lb,magnetisera,0,905092,0.0
1904,lb,magnetism,0,905092,0.0
1904,lb,nerv,22,905092,24.306921285349997
1904,lb,repulsion,0,905092,0.0
1904,lb,spänning,13,905092,14.363180759525
1904,lb,strålning,0,905092,0.0
1904,lb,ström,35,905092,38.670102044874994
1904,lb,strömning,3,905092,3.3145801752749997
1904,lb,styrka,42,905092,46.40412245384999
1904,lb,tension,0,905092,0.0
1904,tkr,attraktion,1,8581588,0.11652854926151197
1904,tkr,elektricitet,28,8581588,3.262799379322335
1904,tkr,elektriker,1,8581588,0.11652854926151197
1904,tkr,elektrisk,831,8581588,96.83522443631645
1904,tkr,emanation,0,8581588,0.0
1904,tkr,emanera,1,8581588,0.11652854926151197
1904,tkr,fluidum,0,8581588,0.0
1904,tkr,induktion,3,8581588,0.34958564778453594
1904,tkr,influens,0,8581588,0.0
1904,tkr,influera,5,8581588,0.5826427463075599
1904,tkr,kondensation,2,8581588,0.23305709852302395
1904,tkr,kraft,1287,8581588,149.9722428995659
1904,tkr,ladda,2,8581588,0.23305709852302395
1904,tkr,laddning,0,8581588,0.0
1904,tkr,magnet,2,8581588,0.23305709852302395
1904,tkr,magnetisera,0,8581588,0.0
1904,tkr,magnetism,8,8581588,0.9322283940920958
1904,tkr,nerv,3,8581588,0.34958564778453594
1904,tkr,repulsion,0,8581588,0.0
1904,tkr,spänning,37,8581588,4.311556322675943
1904,tkr,strålning,0,8581588,0.0
1904,tkr,ström,131,8581588,15.26523995325807
1904,tkr,strömning,14,8581588,1.6313996896611676
1904,tkr,styrka,749,8581588,87.27988339687246
1904,tkr,tension,0,8581588,0.0
1904,kubhist2,attraktion,2,8553543,0.2338212364163014
1904,kubhist2,elektricitet,106,8553543,12.392525530063974
1904,kubhist2,elektriker,4,8553543,0.4676424728326028
1904,kubhist2,elektrisk,754,8553543,88.15060612894563
1904,kubhist2,emanation,1,8553543,0.1169106182081507
1904,kubhist2,emanera,7,8553543,0.818374327457055
1904,kubhist2,fluidum,3,8553543,0.3507318546244521
1904,kubhist2,induktion,1,8553543,0.1169106182081507
1904,kubhist2,influens,1,8553543,0.1169106182081507
1904,kubhist2,influera,7,8553543,0.818374327457055
1904,kubhist2,kondensation,3,8553543,0.3507318546244521
1904,kubhist2,kraft,1399,8553543,163.55795487320285
1904,kubhist2,ladda,55,8553543,6.4300840014482885
1904,kubhist2,laddning,27,8553543,3.156586691620069
1904,kubhist2,magnet,45,8553543,5.260977819366782
1904,kubhist2,magnetisera,1,8553543,0.1169106182081507
1904,kubhist2,magnetism,4,8553543,0.4676424728326028
1904,kubhist2,nerv,83,8553543,9.703581311276508
1904,kubhist2,repulsion,0,8553543,0.0
1904,kubhist2,spänning,151,8553543,17.653503349430757
1904,kubhist2,strålning,0,8553543,0.0
1904,kubhist2,ström,406,8553543,47.46571099250919
1904,kubhist2,strömning,15,8553543,1.7536592731222607
1904,kubhist2,styrka,893,8553543,104.40118205987858
1904,kubhist2,tension,0,8553543,0.0
1905,lb,attraktion,0,760818,0.0
1905,lb,elektricitet,0,760818,0.0
1905,lb,elektriker,0,760818,0.0
1905,lb,elektrisk,19,760818,24.973121035517035
1905,lb,emanation,0,760818,0.0
1905,lb,emanera,0,760818,0.0
1905,lb,fluidum,0,760818,0.0
1905,lb,induktion,0,760818,0.0
1905,lb,influens,0,760818,0.0
1905,lb,influera,4,760818,5.257499165372008
1905,lb,kondensation,0,760818,0.0
1905,lb,kraft,136,760818,178.75497162264824
1905,lb,ladda,8,760818,10.514998330744016
1905,lb,laddning,1,760818,1.314374791343002
1905,lb,magnet,1,760818,1.314374791343002
1905,lb,magnetisera,1,760818,1.314374791343002
1905,lb,magnetism,0,760818,0.0
1905,lb,nerv,11,760818,14.45812270477302
1905,lb,repulsion,0,760818,0.0
1905,lb,spänning,18,760818,23.658746244174033
1905,lb,strålning,0,760818,0.0
1905,lb,ström,69,760818,90.69186060266713
1905,lb,strömning,31,760818,40.745618531633056
1905,lb,styrka,71,760818,93.32061018535313
1905,lb,tension,0,760818,0.0
1905,tkr,attraktion,1,8525826,0.11729068831571275
1905,tkr,elektricitet,33,8525826,3.870592714418521
1905,tkr,elektriker,1,8525826,0.11729068831571275
1905,tkr,elektrisk,336,8525826,39.409671274079486
1905,tkr,emanation,0,8525826,0.0
1905,tkr,emanera,1,8525826,0.11729068831571275
1905,tkr,fluidum,4,8525826,0.469162753262851
1905,tkr,induktion,0,8525826,0.0
1905,tkr,influens,0,8525826,0.0
1905,tkr,influera,9,8525826,1.055616194841415
1905,tkr,kondensation,1,8525826,0.11729068831571275
1905,tkr,kraft,1399,8525826,164.08967295368214
1905,tkr,ladda,8,8525826,0.938325506525702
1905,tkr,laddning,11,8525826,1.2901975714728402
1905,tkr,magnet,0,8525826,0.0
1905,tkr,magnetisera,0,8525826,0.0
1905,tkr,magnetism,0,8525826,0.0
1905,tkr,nerv,6,8525826,0.7037441298942765
1905,tkr,repulsion,0,8525826,0.0
1905,tkr,spänning,7,8525826,0.8210348182099892
1905,tkr,strålning,0,8525826,0.0
1905,tkr,ström,70,8525826,8.210348182099892
1905,tkr,strömning,3,8525826,0.35187206494713824
1905,tkr,styrka,627,8525826,73.5412615739519
1905,tkr,tension,0,8525826,0.0
1905,kubhist2,attraktion,2,8699616,0.22989520456994883
1905,kubhist2,elektricitet,202,8699616,23.21941566156483
1905,kubhist2,elektriker,4,8699616,0.45979040913989766
1905,kubhist2,elektrisk,654,8699616,75.17573189437327
1905,kubhist2,emanation,0,8699616,0.0
1905,kubhist2,emanera,3,8699616,0.34484280685492325
1905,kubhist2,fluidum,2,8699616,0.22989520456994883
1905,kubhist2,induktion,1,8699616,0.11494760228497442
1905,kubhist2,influens,1,8699616,0.11494760228497442
1905,kubhist2,influera,3,8699616,0.34484280685492325
1905,kubhist2,kondensation,2,8699616,0.22989520456994883
1905,kubhist2,kraft,1597,8699616,183.57132084910415
1905,kubhist2,ladda,65,8699616,7.471594148523337
1905,kubhist2,laddning,15,8699616,1.7242140342746162
1905,kubhist2,magnet,42,8699616,4.8277992959689255
1905,kubhist2,magnetisera,2,8699616,0.22989520456994883
1905,kubhist2,magnetism,2,8699616,0.22989520456994883
1905,kubhist2,nerv,51,8699616,5.862327716533695
1905,kubhist2,repulsion,0,8699616,0.0
1905,kubhist2,spänning,182,8699616,20.920463615865344
1905,kubhist2,strålning,49,8699616,5.632432511963747
1905,kubhist2,ström,575,8699616,66.0948713138603
1905,kubhist2,strömning,26,8699616,2.988637659409335
1905,kubhist2,styrka,769,8699616,88.39470615714532
1905,kubhist2,tension,0,8699616,0.0
1906,lb,attraktion,3,2966906,1.0111543810285868
1906,lb,elektricitet,11,2966906,3.7075660637714845
1906,lb,elektriker,0,2966906,0.0
1906,lb,elektrisk,39,2966906,13.145006953371627
1906,lb,emanation,0,2966906,0.0
1906,lb,emanera,1,2966906,0.3370514603428622
1906,lb,fluidum,2,2966906,0.6741029206857244
1906,lb,induktion,0,2966906,0.0
1906,lb,influens,3,2966906,1.0111543810285868
1906,lb,influera,4,2966906,1.3482058413714488
1906,lb,kondensation,0,2966906,0.0
1906,lb,kraft,557,2966906,187.73766341097425
1906,lb,ladda,8,2966906,2.6964116827428977
1906,lb,laddning,3,2966906,1.0111543810285868
1906,lb,magnet,2,2966906,0.6741029206857244
1906,lb,magnetisera,0,2966906,0.0
1906,lb,magnetism,6,2966906,2.0223087620571736
1906,lb,nerv,17,2966906,5.729874825828658
1906,lb,repulsion,1,2966906,0.3370514603428622
1906,lb,spänning,27,2966906,9.10038942925728
1906,lb,strålning,0,2966906,0.0
1906,lb,ström,200,2966906,67.41029206857245
1906,lb,strömning,8,2966906,2.6964116827428977
1906,lb,styrka,221,2966906,74.48837273577256
1906,lb,tension,0,2966906,0.0
1906,tkr,attraktion,0,9459073,0.0
1906,tkr,elektricitet,61,9459073,6.448834891114594
1906,tkr,elektriker,2,9459073,0.2114372095447408
1906,tkr,elektrisk,1381,9459073,145.99739319064352
1906,tkr,emanation,0,9459073,0.0
1906,tkr,emanera,2,9459073,0.2114372095447408
1906,tkr,fluidum,0,9459073,0.0
1906,tkr,induktion,0,9459073,0.0
1906,tkr,influens,0,9459073,0.0
1906,tkr,influera,12,9459073,1.2686232572684448
1906,tkr,kondensation,0,9459073,0.0
1906,tkr,kraft,1831,9459073,193.5707653382102
1906,tkr,ladda,8,9459073,0.8457488381789632
1906,tkr,laddning,5,9459073,0.528593023861852
1906,tkr,magnet,2,9459073,0.2114372095447408
1906,tkr,magnetisera,0,9459073,0.0
1906,tkr,magnetism,0,9459073,0.0
1906,tkr,nerv,6,9459073,0.6343116286342224
1906,tkr,repulsion,0,9459073,0.0
1906,tkr,spänning,63,9459073,6.660272100659335
1906,tkr,strålning,4,9459073,0.4228744190894816
1906,tkr,ström,233,9459073,24.632434911962303
1906,tkr,strömning,25,9459073,2.64296511930926
1906,tkr,styrka,669,9459073,70.7257465927158
1906,tkr,tension,0,9459073,0.0
1906,kubhist2,attraktion,7,8982437,0.7792985355755905
1906,kubhist2,elektricitet,134,8982437,14.918000538161303
1906,kubhist2,elektriker,12,8982437,1.3359403467010122
1906,kubhist2,elektrisk,779,8982437,86.72479417334071
1906,kubhist2,emanation,0,8982437,0.0
1906,kubhist2,emanera,2,8982437,0.2226567244501687
1906,kubhist2,fluidum,0,8982437,0.0
1906,kubhist2,induktion,0,8982437,0.0
1906,kubhist2,influens,0,8982437,0.0
1906,kubhist2,influera,0,8982437,0.0
1906,kubhist2,kondensation,0,8982437,0.0
1906,kubhist2,kraft,1682,8982437,187.25430526259188
1906,kubhist2,ladda,70,8982437,7.792985355755905
1906,kubhist2,laddning,18,8982437,2.003910520051518
1906,kubhist2,magnet,31,8982437,3.451179228977615
1906,kubhist2,magnetisera,1,8982437,0.11132836222508435
1906,kubhist2,magnetism,3,8982437,0.33398508667525306
1906,kubhist2,nerv,118,8982437,13.136746742559954
1906,kubhist2,repulsion,0,8982437,0.0
1906,kubhist2,spänning,133,8982437,14.80667217593622
1906,kubhist2,strålning,0,8982437,0.0
1906,kubhist2,ström,481,8982437,53.548942230265574
1906,kubhist2,strömning,17,8982437,1.892582157826434
1906,kubhist2,styrka,663,8982437,73.81070415523092
1906,kubhist2,tension,0,8982437,0.0
1907,lb,attraktion,0,2197187,0.0
1907,lb,elektricitet,9,2197187,4.096146572867944
1907,lb,elektriker,1,2197187,0.45512739698532717
1907,lb,elektrisk,29,2197187,13.198694512574487
1907,lb,emanation,0,2197187,0.0
1907,lb,emanera,0,2197187,0.0
1907,lb,fluidum,0,2197187,0.0
1907,lb,induktion,1,2197187,0.45512739698532717
1907,lb,influens,0,2197187,0.0
1907,lb,influera,0,2197187,0.0
1907,lb,kondensation,0,2197187,0.0
1907,lb,kraft,284,2197187,129.2561807438329
1907,lb,ladda,26,2197187,11.833312321618505
1907,lb,laddning,2,2197187,0.9102547939706543
1907,lb,magnet,1,2197187,0.45512739698532717
1907,lb,magnetisera,0,2197187,0.0
1907,lb,magnetism,0,2197187,0.0
1907,lb,nerv,31,2197187,14.108949306545142
1907,lb,repulsion,0,2197187,0.0
1907,lb,spänning,21,2197187,9.55767533669187
1907,lb,strålning,1,2197187,0.45512739698532717
1907,lb,ström,215,2197187,97.85239035184534
1907,lb,strömning,4,2197187,1.8205095879413087
1907,lb,styrka,106,2197187,48.24350408044468
1907,lb,tension,0,2197187,0.0
1907,tkr,attraktion,7,11318587,0.6184517555062305
1907,tkr,elektricitet,43,11318587,3.799060783823988
1907,tkr,elektriker,34,11318587,3.0039085267445484
1907,tkr,elektrisk,1367,11318587,120.77479282528817
1907,tkr,emanation,0,11318587,0.0
1907,tkr,emanera,3,11318587,0.2650507523598131
1907,tkr,fluidum,1,11318587,0.08835025078660437
1907,tkr,induktion,0,11318587,0.0
1907,tkr,influens,0,11318587,0.0
1907,tkr,influera,10,11318587,0.8835025078660437
1907,tkr,kondensation,0,11318587,0.0
1907,tkr,kraft,3140,11318587,277.4197874699377
1907,tkr,ladda,6,11318587,0.5301015047196262
1907,tkr,laddning,5,11318587,0.44175125393302184
1907,tkr,magnet,10,11318587,0.8835025078660437
1907,tkr,magnetisera,1,11318587,0.08835025078660437
1907,tkr,magnetism,2,11318587,0.17670050157320874
1907,tkr,nerv,14,11318587,1.236903511012461
1907,tkr,repulsion,0,11318587,0.0
1907,tkr,spänning,44,11318587,3.8874110346105923
1907,tkr,strålning,0,11318587,0.0
1907,tkr,ström,235,11318587,20.762308934852026
1907,tkr,strömning,21,11318587,1.8553552665186919
1907,tkr,styrka,892,11318587,78.8084237016511
1907,tkr,tension,0,11318587,0.0
1907,kubhist2,attraktion,4,8955829,0.44663648669486655
1907,kubhist2,elektricitet,157,8955829,17.53048210277351
1907,kubhist2,elektriker,16,8955829,1.7865459467794662
1907,kubhist2,elektrisk,726,8955829,81.06452233511828
1907,kubhist2,emanation,0,8955829,0.0
1907,kubhist2,emanera,2,8955829,0.22331824334743328
1907,kubhist2,fluidum,3,8955829,0.3349773650211499
1907,kubhist2,induktion,1,8955829,0.11165912167371664
1907,kubhist2,influens,1,8955829,0.11165912167371664
1907,kubhist2,influera,5,8955829,0.5582956083685832
1907,kubhist2,kondensation,0,8955829,0.0
1907,kubhist2,kraft,1508,8955829,168.3819554839647
1907,kubhist2,ladda,37,8955829,4.131387501927516
1907,kubhist2,laddning,21,8955829,2.3448415551480495
1907,kubhist2,magnet,15,8955829,1.6748868251057496
1907,kubhist2,magnetisera,0,8955829,0.0
1907,kubhist2,magnetism,0,8955829,0.0
1907,kubhist2,nerv,116,8955829,12.95245811415113
1907,kubhist2,repulsion,0,8955829,0.0
1907,kubhist2,spänning,141,8955829,15.743936155994046
1907,kubhist2,strålning,1,8955829,0.11165912167371664
1907,kubhist2,ström,397,8955829,44.3286713044655
1907,kubhist2,strömning,18,8955829,2.0098641901268994
1907,kubhist2,styrka,698,8955829,77.93806692825422
1907,kubhist2,tension,0,8955829,0.0
1908,lb,attraktion,0,1774834,0.0
1908,lb,elektricitet,7,1774834,3.9440308220374414
1908,lb,elektriker,0,1774834,0.0
1908,lb,elektrisk,36,1774834,20.283587084763983
1908,lb,emanation,0,1774834,0.0
1908,lb,emanera,0,1774834,0.0
1908,lb,fluidum,4,1774834,2.2537318983071093
1908,lb,induktion,2,1774834,1.1268659491535546
1908,lb,influens,0,1774834,0.0
1908,lb,influera,2,1774834,1.1268659491535546
1908,lb,kondensation,0,1774834,0.0
1908,lb,kraft,350,1774834,197.20154110187207
1908,lb,ladda,14,1774834,7.888061644074883
1908,lb,laddning,2,1774834,1.1268659491535546
1908,lb,magnet,1,1774834,0.5634329745767773
1908,lb,magnetisera,2,1774834,1.1268659491535546
1908,lb,magnetism,9,1774834,5.070896771190996
1908,lb,nerv,34,1774834,19.15672113561043
1908,lb,repulsion,0,1774834,0.0
1908,lb,spänning,34,1774834,19.15672113561043
1908,lb,strålning,0,1774834,0.0
1908,lb,ström,144,1774834,81.13434833905593
1908,lb,strömning,13,1774834,7.3246286694981055
1908,lb,styrka,133,1774834,74.93658561871139
1908,lb,tension,0,1774834,0.0
1908,tkr,attraktion,0,15209908,0.0
1908,tkr,elektricitet,29,15209908,1.9066519008530491
1908,tkr,elektriker,5,15209908,0.328733086353974
1908,tkr,elektrisk,850,15209908,55.88462468017558
1908,tkr,emanation,0,15209908,0.0
1908,tkr,emanera,1,15209908,0.0657466172707948
1908,tkr,fluidum,0,15209908,0.0
1908,tkr,induktion,0,15209908,0.0
1908,tkr,influens,0,15209908,0.0
1908,tkr,influera,12,15209908,0.7889594072495376
1908,tkr,kondensation,0,15209908,0.0
1908,tkr,kraft,2515,15209908,165.3527424360489
1908,tkr,ladda,2,15209908,0.1314932345415896
1908,tkr,laddning,20,15209908,1.314932345415896
1908,tkr,magnet,0,15209908,0.0
1908,tkr,magnetisera,0,15209908,0.0
1908,tkr,magnetism,0,15209908,0.0
1908,tkr,nerv,9,15209908,0.5917195554371532
1908,tkr,repulsion,0,15209908,0.0
1908,tkr,spänning,36,15209908,2.3668782217486126
1908,tkr,strålning,4,15209908,0.2629864690831792
1908,tkr,ström,150,15209908,9.86199259061922
1908,tkr,strömning,35,15209908,2.301131604477818
1908,tkr,styrka,1051,15209908,69.09969475160534
1908,tkr,tension,1,15209908,0.0657466172707948
1909,lb,attraktion,1,2450706,0.40804568153013865
1909,lb,elektricitet,6,2450706,2.448274089180832
1909,lb,elektriker,0,2450706,0.0
1909,lb,elektrisk,20,2450706,8.160913630602773
1909,lb,emanation,0,2450706,0.0
1909,lb,emanera,0,2450706,0.0
1909,lb,fluidum,2,2450706,0.8160913630602773
1909,lb,induktion,0,2450706,0.0
1909,lb,influens,0,2450706,0.0
1909,lb,influera,0,2450706,0.0
1909,lb,kondensation,0,2450706,0.0
1909,lb,kraft,491,2450706,200.35042963129808
1909,lb,ladda,10,2450706,4.080456815301386
1909,lb,laddning,1,2450706,0.40804568153013865
1909,lb,magnet,3,2450706,1.224137044590416
1909,lb,magnetisera,0,2450706,0.0
1909,lb,magnetism,0,2450706,0.0
1909,lb,nerv,39,2450706,15.913781579675408
1909,lb,repulsion,0,2450706,0.0
1909,lb,spänning,98,2450706,39.98847678995359
1909,lb,strålning,0,2450706,0.0
1909,lb,ström,157,2450706,64.06317200023177
1909,lb,strömning,6,2450706,2.448274089180832
1909,lb,styrka,168,2450706,68.55167449706329
1909,lb,tension,0,2450706,0.0
1909,tkr,attraktion,2,10716066,0.1866356552861843
1909,tkr,elektricitet,28,10716066,2.6128991740065803
1909,tkr,elektriker,4,10716066,0.3732713105723686
1909,tkr,elektrisk,1043,10716066,97.33049423174512
1909,tkr,emanation,0,10716066,0.0
1909,tkr,emanera,2,10716066,0.1866356552861843
1909,tkr,fluidum,0,10716066,0.0
1909,tkr,induktion,8,10716066,0.7465426211447372
1909,tkr,influens,0,10716066,0.0
1909,tkr,influera,6,10716066,0.5599069658585529
1909,tkr,kondensation,1,10716066,0.09331782764309215
1909,tkr,kraft,2192,10716066,204.552678193658
1909,tkr,ladda,5,10716066,0.4665891382154608
1909,tkr,laddning,38,10716066,3.546077450437502
1909,tkr,magnet,1,10716066,0.09331782764309215
1909,tkr,magnetisera,0,10716066,0.0
1909,tkr,magnetism,3,10716066,0.27995348292927646
1909,tkr,nerv,7,10716066,0.6532247935016451
1909,tkr,repulsion,0,10716066,0.0
1909,tkr,spänning,14,10716066,1.3064495870032902
1909,tkr,strålning,2,10716066,0.1866356552861843
1909,tkr,ström,160,10716066,14.930852422894745
1909,tkr,strömning,41,10716066,3.8260309333667784
1909,tkr,styrka,848,10716066,79.13351784134215
1909,tkr,tension,0,10716066,0.0
1910,lb,attraktion,4,2233871,1.790613692554315
1910,lb,elektricitet,3,2233871,1.342960269415736
1910,lb,elektriker,0,2233871,0.0
1910,lb,elektrisk,54,2233871,24.173284849483252
1910,lb,emanation,0,2233871,0.0
1910,lb,emanera,0,2233871,0.0
1910,lb,fluidum,4,2233871,1.790613692554315
1910,lb,induktion,0,2233871,0.0
1910,lb,influens,0,2233871,0.0
1910,lb,influera,1,2233871,0.44765342313857875
1910,lb,kondensation,0,2233871,0.0
1910,lb,kraft,381,2233871,170.5559542157985
1910,lb,ladda,31,2233871,13.877256117295941
1910,lb,laddning,5,2233871,2.2382671156928935
1910,lb,magnet,1,2233871,0.44765342313857875
1910,lb,magnetisera,1,2233871,0.44765342313857875
1910,lb,magnetism,1,2233871,0.44765342313857875
1910,lb,nerv,20,2233871,8.953068462771574
1910,lb,repulsion,0,2233871,0.0
1910,lb,spänning,51,2233871,22.830324580067515
1910,lb,strålning,0,2233871,0.0
1910,lb,ström,93,2233871,41.63176835188782
1910,lb,strömning,2,2233871,0.8953068462771575
1910,lb,styrka,126,2233871,56.40433131546092
1910,lb,tension,0,2233871,0.0
1910,tkr,attraktion,1,12491740,0.08005289895562988
1910,tkr,elektricitet,92,12491740,7.364866703917949
1910,tkr,elektriker,12,12491740,0.9606347874675586
1910,tkr,elektrisk,1859,12491740,148.81833915851595
1910,tkr,emanation,0,12491740,0.0
1910,tkr,emanera,1,12491740,0.08005289895562988
1910,tkr,fluidum,0,12491740,0.0
1910,tkr,induktion,0,12491740,0.0
1910,tkr,influens,0,12491740,0.0
1910,tkr,influera,14,12491740,1.1207405853788184
1910,tkr,kondensation,1,12491740,0.08005289895562988
1910,tkr,kraft,2196,12491740,175.79616610656322
1910,tkr,ladda,9,12491740,0.720476090600669
1910,tkr,laddning,9,12491740,0.720476090600669
1910,tkr,magnet,1,12491740,0.08005289895562988
1910,tkr,magnetisera,0,12491740,0.0
1910,tkr,magnetism,0,12491740,0.0
1910,tkr,nerv,7,12491740,0.5603702926894092
1910,tkr,repulsion,0,12491740,0.0
1910,tkr,spänning,57,12491740,4.563015240470903
1910,tkr,strålning,0,12491740,0.0
1910,tkr,ström,112,12491740,8.965924683030547
1910,tkr,strömning,19,12491740,1.5210050801569677
1910,tkr,styrka,1134,12491740,90.77998741568429
1910,tkr,tension,0,12491740,0.0
1911,lb,attraktion,0,1633189,0.0
1911,lb,elektricitet,9,1633189,5.510691046780257
1911,lb,elektriker,2,1633189,1.2245980103956124
1911,lb,elektrisk,81,1633189,49.596219421022305
1911,lb,emanation,0,1633189,0.0
1911,lb,emanera,0,1633189,0.0
1911,lb,fluidum,2,1633189,1.2245980103956124
1911,lb,induktion,1,1633189,0.6122990051978062
1911,lb,influens,0,1633189,0.0
1911,lb,influera,4,1633189,2.449196020791225
1911,lb,kondensation,0,1633189,0.0
1911,lb,kraft,279,1633189,170.83142245018794
1911,lb,ladda,15,1633189,9.184485077967095
1911,lb,laddning,2,1633189,1.2245980103956124
1911,lb,magnet,8,1633189,4.89839204158245
1911,lb,magnetisera,0,1633189,0.0
1911,lb,magnetism,9,1633189,5.510691046780257
1911,lb,nerv,25,1633189,15.307475129945157
1911,lb,repulsion,1,1633189,0.6122990051978062
1911,lb,spänning,54,1633189,33.06414628068154
1911,lb,strålning,6,1633189,3.6737940311868376
1911,lb,ström,131,1633189,80.21116968091262
1911,lb,strömning,6,1633189,3.6737940311868376
1911,lb,styrka,117,1633189,71.63898360814333
1911,lb,tension,0,1633189,0.0
1911,tkr,attraktion,2,12076505,0.16561082862964077
1911,tkr,elektricitet,28,12076505,2.318551600814971
1911,tkr,elektriker,2,12076505,0.16561082862964077
1911,tkr,elektrisk,752,12076505,62.26967156474493
1911,tkr,emanation,0,12076505,0.0
1911,tkr,emanera,2,12076505,0.16561082862964077
1911,tkr,fluidum,1,12076505,0.08280541431482039
1911,tkr,induktion,0,12076505,0.0
1911,tkr,influens,0,12076505,0.0
1911,tkr,influera,14,12076505,1.1592758004074855
1911,tkr,kondensation,1,12076505,0.08280541431482039
1911,tkr,kraft,2106,12076505,174.38820254701173
1911,tkr,ladda,4,12076505,0.33122165725928154
1911,tkr,laddning,1,12076505,0.08280541431482039
1911,tkr,magnet,2,12076505,0.16561082862964077
1911,tkr,magnetisera,0,12076505,0.0
1911,tkr,magnetism,2,12076505,0.16561082862964077
1911,tkr,nerv,8,12076505,0.6624433145185631
1911,tkr,repulsion,0,12076505,0.0
1911,tkr,spänning,19,12076505,1.5733028719815874
1911,tkr,strålning,0,12076505,0.0
1911,tkr,ström,119,12076505,9.853844303463626
1911,tkr,strömning,31,12076505,2.566967843759432
1911,tkr,styrka,1388,12076505,114.9339150689707
1911,tkr,tension,0,12076505,0.0
1912,lb,attraktion,1,2320070,0.4310214778002388
1912,lb,elektricitet,20,2320070,8.620429556004776
1912,lb,elektriker,0,2320070,0.0
1912,lb,elektrisk,139,2320070,59.91198541423319
1912,lb,emanation,0,2320070,0.0
1912,lb,emanera,0,2320070,0.0
1912,lb,fluidum,3,2320070,1.2930644334007164
1912,lb,induktion,1,2320070,0.4310214778002388
1912,lb,influens,0,2320070,0.0
1912,lb,influera,4,2320070,1.7240859112009552
1912,lb,kondensation,1,2320070,0.4310214778002388
1912,lb,kraft,656,2320070,282.75008943695667
1912,lb,ladda,34,2320070,14.65473024520812
1912,lb,laddning,12,2320070,5.172257733602866
1912,lb,magnet,33,2320070,14.22370876740788
1912,lb,magnetisera,2,2320070,0.8620429556004776
1912,lb,magnetism,48,2320070,20.689030934411463
1912,lb,nerv,37,2320070,15.947794678608835
1912,lb,repulsion,0,2320070,0.0
1912,lb,spänning,82,2320070,35.343761179619584
1912,lb,strålning,0,2320070,0.0
1912,lb,ström,351,2320070,151.28853870788382
1912,lb,strömning,0,2320070,0.0
1912,lb,styrka,156,2320070,67.23935053683725
1912,lb,tension,0,2320070,0.0
1912,tkr,attraktion,0,12900659,0.0
1912,tkr,elektricitet,34,12900659,2.6355242782558626
1912,tkr,elektriker,1,12900659,0.07751541994870184
1912,tkr,elektrisk,1031,12900659,79.9183979671116
1912,tkr,emanation,0,12900659,0.0
1912,tkr,emanera,1,12900659,0.07751541994870184
1912,tkr,fluidum,2,12900659,0.15503083989740368
1912,tkr,induktion,0,12900659,0.0
1912,tkr,influens,0,12900659,0.0
1912,tkr,influera,24,12900659,1.8603700787688442
1912,tkr,kondensation,0,12900659,0.0
1912,tkr,kraft,2533,12900659,196.3465587300618
1912,tkr,ladda,2,12900659,0.15503083989740368
1912,tkr,laddning,3,12900659,0.23254625984610552
1912,tkr,magnet,0,12900659,0.0
1912,tkr,magnetisera,0,12900659,0.0
1912,tkr,magnetism,0,12900659,0.0
1912,tkr,nerv,15,12900659,1.1627312992305276
1912,tkr,repulsion,0,12900659,0.0
1912,tkr,spänning,28,12900659,2.1704317585636517
1912,tkr,strålning,0,12900659,0.0
1912,tkr,ström,184,12900659,14.262837270561139
1912,tkr,strömning,42,12900659,3.2556476378454775
1912,tkr,styrka,1224,12900659,94.87887401721106
1912,tkr,tension,0,12900659,0.0
1913,lb,attraktion,1,1585125,0.6308650737323555
1913,lb,elektricitet,3,1585125,1.8925952211970665
1913,lb,elektriker,0,1585125,0.0
1913,lb,elektrisk,17,1585125,10.724706253450043
1913,lb,emanation,0,1585125,0.0
1913,lb,emanera,2,1585125,1.261730147464711
1913,lb,fluidum,0,1585125,0.0
1913,lb,induktion,0,1585125,0.0
1913,lb,influens,0,1585125,0.0
1913,lb,influera,2,1585125,1.261730147464711
1913,lb,kondensation,0,1585125,0.0
1913,lb,kraft,289,1585125,182.32000630865073
1913,lb,ladda,10,1585125,6.308650737323555
1913,lb,laddning,2,1585125,1.261730147464711
1913,lb,magnet,4,1585125,2.523460294929422
1913,lb,magnetisera,3,1585125,1.8925952211970665
1913,lb,magnetism,2,1585125,1.261730147464711
1913,lb,nerv,25,1585125,15.771626843308887
1913,lb,repulsion,0,1585125,0.0
1913,lb,spänning,52,1585125,32.804983834082485
1913,lb,strålning,0,1585125,0.0
1913,lb,ström,231,1585125,145.72983203217413
1913,lb,strömning,5,1585125,3.1543253686617776
1913,lb,styrka,101,1585125,63.71737244696791
1913,lb,tension,0,1585125,0.0
1913,tkr,attraktion,1,14843220,0.06737082654572256
1913,tkr,elektricitet,58,14843220,3.9075079396519086
1913,tkr,elektriker,6,14843220,0.4042249592743353
1913,tkr,elektrisk,1541,14843220,103.81844370695846
1913,tkr,emanation,0,14843220,0.0
1913,tkr,emanera,6,14843220,0.4042249592743353
1913,tkr,fluidum,1,14843220,0.06737082654572256
1913,tkr,induktion,1,14843220,0.06737082654572256
1913,tkr,influens,1,14843220,0.06737082654572256
1913,tkr,influera,28,14843220,1.8863831432802316
1913,tkr,kondensation,0,14843220,0.0
1913,tkr,kraft,2383,14843220,160.54467965845686
1913,tkr,ladda,12,14843220,0.8084499185486707
1913,tkr,laddning,4,14843220,0.26948330618289024
1913,tkr,magnet,3,14843220,0.20211247963716766
1913,tkr,magnetisera,0,14843220,0.0
1913,tkr,magnetism,14,14843220,0.9431915716401158
1913,tkr,nerv,20,14843220,1.3474165309144512
1913,tkr,repulsion,1,14843220,0.06737082654572256
1913,tkr,spänning,53,14843220,3.570653806923296
1913,tkr,strålning,19,14843220,1.2800457043687286
1913,tkr,ström,170,14843220,11.453040512772835
1913,tkr,strömning,34,14843220,2.290608102554567
1913,tkr,styrka,939,14843220,63.261206126433486
1913,tkr,tension,0,14843220,0.0
1914,lb,attraktion,2,2487585,0.8039926273876069
1914,lb,elektricitet,7,2487585,2.813974195856624
1914,lb,elektriker,1,2487585,0.40199631369380345
1914,lb,elektrisk,73,2487585,29.34573089964765
1914,lb,emanation,2,2487585,0.8039926273876069
1914,lb,emanera,0,2487585,0.0
1914,lb,fluidum,1,2487585,0.40199631369380345
1914,lb,induktion,0,2487585,0.0
1914,lb,influens,0,2487585,0.0
1914,lb,influera,2,2487585,0.8039926273876069
1914,lb,kondensation,1,2487585,0.40199631369380345
1914,lb,kraft,292,2487585,117.3829235985906
1914,lb,ladda,50,2487585,20.09981568469017
1914,lb,laddning,5,2487585,2.009981568469017
1914,lb,magnet,9,2487585,3.617966823244231
1914,lb,magnetisera,1,2487585,0.40199631369380345
1914,lb,magnetism,1,2487585,0.40199631369380345
1914,lb,nerv,27,2487585,10.853900469732693
1914,lb,repulsion,1,2487585,0.40199631369380345
1914,lb,spänning,39,2487585,15.677856234058334
1914,lb,strålning,0,2487585,0.0
1914,lb,ström,147,2487585,59.093458112989104
1914,lb,strömning,1,2487585,0.40199631369380345
1914,lb,styrka,107,2487585,43.013605565236965
1914,lb,tension,0,2487585,0.0
1914,tkr,attraktion,0,15559808,0.0
1914,tkr,elektricitet,74,15559808,4.755842745617427
1914,tkr,elektriker,3,15559808,0.19280443563313893
1914,tkr,elektrisk,1216,15559808,78.1500645766323
1914,tkr,emanation,0,15559808,0.0
1914,tkr,emanera,2,15559808,0.1285362904220926
1914,tkr,fluidum,0,15559808,0.0
1914,tkr,induktion,0,15559808,0.0
1914,tkr,influens,0,15559808,0.0
1914,tkr,influera,15,15559808,0.9640221781656946
1914,tkr,kondensation,1,15559808,0.0642681452110463
1914,tkr,kraft,2704,15559808,173.7810646506692
1914,tkr,ladda,13,15559808,0.835485887743602
1914,tkr,laddning,14,15559808,0.8997540329546483
1914,tkr,magnet,0,15559808,0.0
1914,tkr,magnetisera,0,15559808,0.0
1914,tkr,magnetism,0,15559808,0.0
1914,tkr,nerv,6,15559808,0.38560887126627785
1914,tkr,repulsion,0,15559808,0.0
1914,tkr,spänning,33,15559808,2.1208487919645282
1914,tkr,strålning,0,15559808,0.0
1914,tkr,ström,228,15559808,14.653137108118559
1914,tkr,strömning,20,15559808,1.285362904220926
1914,tkr,styrka,1589,15559808,102.12208274035258
1914,tkr,tension,0,15559808,0.0
1915,lb,attraktion,2,2162960,0.924658800902467
1915,lb,elektricitet,16,2162960,7.397270407219736
1915,lb,elektriker,0,2162960,0.0
1915,lb,elektrisk,77,2162960,35.59936383474498
1915,lb,emanation,0,2162960,0.0
1915,lb,emanera,1,2162960,0.4623294004512335
1915,lb,fluidum,4,2162960,1.849317601804934
1915,lb,induktion,0,2162960,0.0
1915,lb,influens,1,2162960,0.4623294004512335
1915,lb,influera,2,2162960,0.924658800902467
1915,lb,kondensation,0,2162960,0.0
1915,lb,kraft,593,2162960,274.16133446758147
1915,lb,ladda,14,2162960,6.472611606317269
1915,lb,laddning,6,2162960,2.773976402707401
1915,lb,magnet,4,2162960,1.849317601804934
1915,lb,magnetisera,1,2162960,0.4623294004512335
1915,lb,magnetism,6,2162960,2.773976402707401
1915,lb,nerv,43,2162960,19.88016421940304
1915,lb,repulsion,1,2162960,0.4623294004512335
1915,lb,spänning,63,2162960,29.12675222842771
1915,lb,strålning,1,2162960,0.4623294004512335
1915,lb,ström,96,2162960,44.383622443318416
1915,lb,strömning,3,2162960,1.3869882013537005
1915,lb,styrka,149,2162960,68.88708066723379
1915,lb,tension,0,2162960,0.0
1915,tkr,attraktion,0,9872316,0.0
1915,tkr,elektricitet,35,9872316,3.5452673921701856
1915,tkr,elektriker,1,9872316,0.1012933540620053
1915,tkr,elektrisk,843,9872316,85.39029747427047
1915,tkr,emanation,2,9872316,0.2025867081240106
1915,tkr,emanera,1,9872316,0.1012933540620053
1915,tkr,fluidum,0,9872316,0.0
1915,tkr,induktion,0,9872316,0.0
1915,tkr,influens,0,9872316,0.0
1915,tkr,influera,21,9872316,2.1271604353021116
1915,tkr,kondensation,0,9872316,0.0
1915,tkr,kraft,1962,9872316,198.7375606696544
1915,tkr,ladda,1,9872316,0.1012933540620053
1915,tkr,laddning,2,9872316,0.2025867081240106
1915,tkr,magnet,0,9872316,0.0
1915,tkr,magnetisera,0,9872316,0.0
1915,tkr,magnetism,4,9872316,0.4051734162480212
1915,tkr,nerv,7,9872316,0.7090534784340372
1915,tkr,repulsion,0,9872316,0.0
1915,tkr,spänning,22,9872316,2.2284537893641168
1915,tkr,strålning,0,9872316,0.0
1915,tkr,ström,103,9872316,10.433215468386546
1915,tkr,strömning,14,9872316,1.4181069568680744
1915,tkr,styrka,897,9872316,90.86013859361876
1915,tkr,tension,0,9872316,0.0
1916,lb,attraktion,2,2126894,0.9403383525460131
1916,lb,elektricitet,4,2126894,1.8806767050920261
1916,lb,elektriker,0,2126894,0.0
1916,lb,elektrisk,43,2126894,20.217274579739282
1916,lb,emanation,0,2126894,0.0
1916,lb,emanera,3,2126894,1.4105075288190196
1916,lb,fluidum,3,2126894,1.4105075288190196
1916,lb,induktion,0,2126894,0.0
1916,lb,influens,0,2126894,0.0
1916,lb,influera,1,2126894,0.47016917627300653
1916,lb,kondensation,0,2126894,0.0
1916,lb,kraft,536,2126894,252.0106784823315
1916,lb,ladda,15,2126894,7.052537644095098
1916,lb,laddning,0,2126894,0.0
1916,lb,magnet,3,2126894,1.4105075288190196
1916,lb,magnetisera,0,2126894,0.0
1916,lb,magnetism,2,2126894,0.9403383525460131
1916,lb,nerv,21,2126894,9.873552701733137
1916,lb,repulsion,0,2126894,0.0
1916,lb,spänning,47,2126894,22.097951284831307
1916,lb,strålning,1,2126894,0.47016917627300653
1916,lb,ström,125,2126894,58.77114703412582
1916,lb,strömning,12,2126894,5.642030115276079
1916,lb,styrka,124,2126894,58.300977857852814
1916,lb,tension,0,2126894,0.0
1916,tkr,attraktion,0,11299029,0.0
1916,tkr,elektricitet,32,11299029,2.832101767328856
1916,tkr,elektriker,5,11299029,0.4425159011451338
1916,tkr,elektrisk,1233,11299029,109.12442122239
1916,tkr,emanation,0,11299029,0.0
1916,tkr,emanera,0,11299029,0.0
1916,tkr,fluidum,0,11299029,0.0
1916,tkr,induktion,0,11299029,0.0
1916,tkr,influens,0,11299029,0.0
1916,tkr,influera,29,11299029,2.566592226641776
1916,tkr,kondensation,0,11299029,0.0
1916,tkr,kraft,2310,11299029,204.44234632905182
1916,tkr,ladda,4,11299029,0.354012720916107
1916,tkr,laddning,4,11299029,0.354012720916107
1916,tkr,magnet,0,11299029,0.0
1916,tkr,magnetisera,0,11299029,0.0
1916,tkr,magnetism,4,11299029,0.354012720916107
1916,tkr,nerv,9,11299029,0.7965286220612409
1916,tkr,repulsion,0,11299029,0.0
1916,tkr,spänning,18,11299029,1.5930572441224817
1916,tkr,strålning,0,11299029,0.0
1916,tkr,ström,209,11299029,18.497164667866592
1916,tkr,strömning,6,11299029,0.5310190813741605
1916,tkr,styrka,899,11299029,79.56435902589506
1916,tkr,tension,0,11299029,0.0
1917,lb,attraktion,1,1605853,0.6227220050652208
1917,lb,elektricitet,1,1605853,0.6227220050652208
1917,lb,elektriker,0,1605853,0.0
1917,lb,elektrisk,30,1605853,18.681660151956624
1917,lb,emanation,0,1605853,0.0
1917,lb,emanera,0,1605853,0.0
1917,lb,fluidum,1,1605853,0.6227220050652208
1917,lb,induktion,0,1605853,0.0
1917,lb,influens,0,1605853,0.0
1917,lb,influera,1,1605853,0.6227220050652208
1917,lb,kondensation,0,1605853,0.0
1917,lb,kraft,277,1605853,172.49399540306615
1917,lb,ladda,21,1605853,13.077162106369636
1917,lb,laddning,0,1605853,0.0
1917,lb,magnet,12,1605853,7.472664060782649
1917,lb,magnetisera,4,1605853,2.490888020260883
1917,lb,magnetism,2,1605853,1.2454440101304416
1917,lb,nerv,24,1605853,14.945328121565298
1917,lb,repulsion,0,1605853,0.0
1917,lb,spänning,36,1605853,22.417992182347948
1917,lb,strålning,0,1605853,0.0
1917,lb,ström,70,1605853,43.590540354565455
1917,lb,strömning,2,1605853,1.2454440101304416
1917,lb,styrka,112,1605853,69.74486456730473
1917,lb,tension,0,1605853,0.0
1917,tkr,attraktion,1,15804581,0.06327279413481446
1917,tkr,elektricitet,56,15804581,3.5432764715496097
1917,tkr,elektriker,6,15804581,0.37963676480888675
1917,tkr,elektrisk,1683,15804581,106.48811252889273
1917,tkr,emanation,0,15804581,0.0
1917,tkr,emanera,3,15804581,0.18981838240444338
1917,tkr,fluidum,0,15804581,0.0
1917,tkr,induktion,2,15804581,0.12654558826962892
1917,tkr,influens,3,15804581,0.18981838240444338
1917,tkr,influera,25,15804581,1.5818198533703614
1917,tkr,kondensation,0,15804581,0.0
1917,tkr,kraft,3972,15804581,251.31953830348303
1917,tkr,ladda,9,15804581,0.5694551472133301
1917,tkr,laddning,7,15804581,0.4429095589437012
1917,tkr,magnet,3,15804581,0.18981838240444338
1917,tkr,magnetisera,0,15804581,0.0
1917,tkr,magnetism,0,15804581,0.0
1917,tkr,nerv,10,15804581,0.6327279413481446
1917,tkr,repulsion,0,15804581,0.0
1917,tkr,spänning,50,15804581,3.1636397067407227
1917,tkr,strålning,0,15804581,0.0
1917,tkr,ström,315,15804581,19.930930152466555
1917,tkr,strömning,48,15804581,3.037094118471094
1917,tkr,styrka,1320,15804581,83.52008825795508
1917,tkr,tension,0,15804581,0.0
1918,lb,attraktion,1,2247818,0.44487587518206545
1918,lb,elektricitet,2,2247818,0.8897517503641309
1918,lb,elektriker,0,2247818,0.0
1918,lb,elektrisk,23,2247818,10.232145129187506
1918,lb,emanation,0,2247818,0.0
1918,lb,emanera,0,2247818,0.0
1918,lb,fluidum,2,2247818,0.8897517503641309
1918,lb,induktion,0,2247818,0.0
1918,lb,influens,0,2247818,0.0
1918,lb,influera,5,2247818,2.224379375910327
1918,lb,kondensation,0,2247818,0.0
1918,lb,kraft,396,2247818,176.17084657209793
1918,lb,ladda,23,2247818,10.232145129187506
1918,lb,laddning,4,2247818,1.7795035007282618
1918,lb,magnet,0,2247818,0.0
1918,lb,magnetisera,0,2247818,0.0
1918,lb,magnetism,1,2247818,0.44487587518206545
1918,lb,nerv,24,2247818,10.677021004369571
1918,lb,repulsion,0,2247818,0.0
1918,lb,spänning,31,2247818,13.79115213064403
1918,lb,strålning,0,2247818,0.0
1918,lb,ström,183,2247818,81.41228515831797
1918,lb,strömning,5,2247818,2.224379375910327
1918,lb,styrka,163,2247818,72.51476765467667
1918,lb,tension,0,2247818,0.0
1918,tkr,attraktion,1,22552443,0.04434109422203173
1918,tkr,elektricitet,137,22552443,6.074729908418347
1918,tkr,elektriker,31,22552443,1.3745739208829837
1918,tkr,elektrisk,2511,22552443,111.34048759152168
1918,tkr,emanation,0,22552443,0.0
1918,tkr,emanera,2,22552443,0.08868218844406346
1918,tkr,fluidum,0,22552443,0.0
1918,tkr,induktion,4,22552443,0.17736437688812692
1918,tkr,influens,2,22552443,0.08868218844406346
1918,tkr,influera,30,22552443,1.330232826660952
1918,tkr,kondensation,1,22552443,0.04434109422203173
1918,tkr,kraft,6556,22552443,290.70021371964003
1918,tkr,ladda,3,22552443,0.1330232826660952
1918,tkr,laddning,4,22552443,0.17736437688812692
1918,tkr,magnet,4,22552443,0.17736437688812692
1918,tkr,magnetisera,1,22552443,0.04434109422203173
1918,tkr,magnetism,39,22552443,1.7293026746592375
1918,tkr,nerv,42,22552443,1.8623259573253328
1918,tkr,repulsion,0,22552443,0.0
1918,tkr,spänning,110,22552443,4.877520364423491
1918,tkr,strålning,5,22552443,0.22170547111015868
1918,tkr,ström,394,22552443,17.470391123480503
1918,tkr,strömning,43,22552443,1.9066670515473645
1918,tkr,styrka,1826,22552443,80.96683804942994
1918,tkr,tension,0,22552443,0.0
1919,lb,attraktion,0,2250025,0.0
1919,lb,elektricitet,1,2250025,0.44443950622770856
1919,lb,elektriker,0,2250025,0.0
1919,lb,elektrisk,19,2250025,8.444350618326464
1919,lb,emanation,1,2250025,0.44443950622770856
1919,lb,emanera,0,2250025,0.0
1919,lb,fluidum,2,2250025,0.8888790124554171
1919,lb,induktion,0,2250025,0.0
1919,lb,influens,0,2250025,0.0
1919,lb,influera,2,2250025,0.8888790124554171
1919,lb,kondensation,0,2250025,0.0
1919,lb,kraft,472,2250025,209.77544693947846
1919,lb,ladda,7,2250025,3.1110765435939602
1919,lb,laddning,1,2250025,0.44443950622770856
1919,lb,magnet,4,2250025,1.7777580249108342
1919,lb,magnetisera,0,2250025,0.0
1919,lb,magnetism,0,2250025,0.0
1919,lb,nerv,37,2250025,16.444261730425218
1919,lb,repulsion,1,2250025,0.44443950622770856
1919,lb,spänning,37,2250025,16.444261730425218
1919,lb,strålning,0,2250025,0.0
1919,lb,ström,110,2250025,48.888345685047945
1919,lb,strömning,0,2250025,0.0
1919,lb,styrka,190,2250025,84.44350618326463
1919,lb,tension,0,2250025,0.0
1919,tkr,attraktion,0,19052672,0.0
1919,tkr,elektricitet,25,19052672,1.3121519123406942
1919,tkr,elektriker,2,19052672,0.10497215298725554
1919,tkr,elektrisk,1810,19052672,94.99979845346627
1919,tkr,emanation,0,19052672,0.0
1919,tkr,emanera,2,19052672,0.10497215298725554
1919,tkr,fluidum,1,19052672,0.05248607649362777
1919,tkr,induktion,0,19052672,0.0
1919,tkr,influens,0,19052672,0.0
1919,tkr,influera,25,19052672,1.3121519123406942
1919,tkr,kondensation,2,19052672,0.10497215298725554
1919,tkr,kraft,3897,19052672,204.53824009566742
1919,tkr,ladda,4,19052672,0.20994430597451108
1919,tkr,laddning,2,19052672,0.10497215298725554
1919,tkr,magnet,1,19052672,0.05248607649362777
1919,tkr,magnetisera,0,19052672,0.0
1919,tkr,magnetism,1,19052672,0.05248607649362777
1919,tkr,nerv,14,19052672,0.7348050709107888
1919,tkr,repulsion,0,19052672,0.0
1919,tkr,spänning,49,19052672,2.571817748187761
1919,tkr,strålning,1,19052672,0.05248607649362777
1919,tkr,ström,283,19052672,14.85355964769666
1919,tkr,strömning,52,19052672,2.729275977668644
1919,tkr,styrka,1319,19052672,69.22913489509503
1919,tkr,tension,0,19052672,0.0
1920,lb,attraktion,1,3352674,0.2982693813952684
1920,lb,elektricitet,3,3352674,0.8948081441858051
1920,lb,elektriker,0,3352674,0.0
1920,lb,elektrisk,25,3352674,7.45673453488171
1920,lb,emanation,0,3352674,0.0
1920,lb,emanera,1,3352674,0.2982693813952684
1920,lb,fluidum,2,3352674,0.5965387627905367
1920,lb,induktion,0,3352674,0.0
1920,lb,influens,2,3352674,0.5965387627905367
1920,lb,influera,1,3352674,0.2982693813952684
1920,lb,kondensation,0,3352674,0.0
1920,lb,kraft,739,3352674,220.42107285110333
1920,lb,ladda,29,3352674,8.649812060462782
1920,lb,laddning,4,3352674,1.1930775255810735
1920,lb,magnet,1,3352674,0.2982693813952684
1920,lb,magnetisera,2,3352674,0.5965387627905367
1920,lb,magnetism,2,3352674,0.5965387627905367
1920,lb,nerv,26,3352674,7.755003916276978
1920,lb,repulsion,0,3352674,0.0
1920,lb,spänning,37,3352674,11.03596711162493
1920,lb,strålning,0,3352674,0.0
1920,lb,ström,112,3352674,33.40617071627006
1920,lb,strömning,3,3352674,0.8948081441858051
1920,lb,styrka,89,3352674,26.545974944178884
1920,lb,tension,0,3352674,0.0
1920,tkr,attraktion,0,17389263,0.0
1920,tkr,elektricitet,92,17389263,5.2906209998664115
1920,tkr,elektriker,5,17389263,0.2875337499927398
1920,tkr,elektrisk,3592,17389263,206.56424599478424
1920,tkr,emanation,0,17389263,0.0
1920,tkr,emanera,3,17389263,0.17252024999564386
1920,tkr,fluidum,2,17389263,0.11501349999709591
1920,tkr,induktion,3,17389263,0.17252024999564386
1920,tkr,influens,0,17389263,0.0
1920,tkr,influera,32,17389263,1.8402159999535346
1920,tkr,kondensation,1,17389263,0.057506749998547955
1920,tkr,kraft,5392,17389263,310.07639599217055
1920,tkr,ladda,1,17389263,0.057506749998547955
1920,tkr,laddning,17,17389263,0.9776147499753153
1920,tkr,magnet,0,17389263,0.0
1920,tkr,magnetisera,1,17389263,0.057506749998547955
1920,tkr,magnetism,0,17389263,0.0
1920,tkr,nerv,12,17389263,0.6900809999825754
1920,tkr,repulsion,0,17389263,0.0
1920,tkr,spänning,128,17389263,7.360863999814138
1920,tkr,strålning,3,17389263,0.17252024999564386
1920,tkr,ström,433,17389263,24.900422749371263
1920,tkr,strömning,20,17389263,1.1501349999709591
1920,tkr,styrka,1445,17389263,83.09725374790179
1920,tkr,tension,1,17389263,0.057506749998547955
1921,lb,attraktion,1,863762,1.1577263181292996
1921,lb,elektricitet,2,863762,2.315452636258599
1921,lb,elektriker,0,863762,0.0
1921,lb,elektrisk,11,863762,12.734989499422294
1921,lb,emanation,0,863762,0.0
1921,lb,emanera,0,863762,0.0
1921,lb,fluidum,1,863762,1.1577263181292996
1921,lb,induktion,0,863762,0.0
1921,lb,influens,0,863762,0.0
1921,lb,influera,0,863762,0.0
1921,lb,kondensation,0,863762,0.0
1921,lb,kraft,120,863762,138.92715817551593
1921,lb,ladda,5,863762,5.788631590646498
1921,lb,laddning,3,863762,3.4731789543878984
1921,lb,magnet,1,863762,1.1577263181292996
1921,lb,magnetisera,0,863762,0.0
1921,lb,magnetism,2,863762,2.315452636258599
1921,lb,nerv,18,863762,20.839073726327392
1921,lb,repulsion,0,863762,0.0
1921,lb,spänning,17,863762,19.681347408198093
1921,lb,strålning,0,863762,0.0
1921,lb,ström,52,863762,60.20176854272358
1921,lb,strömning,4,863762,4.630905272517198
1921,lb,styrka,51,863762,59.04404222459427
1921,lb,tension,0,863762,0.0
1921,tkr,attraktion,2,16013526,0.12489441738190576
1921,tkr,elektricitet,39,16013526,2.4354411389471626
1921,tkr,elektriker,7,16013526,0.4371304608366702
1921,tkr,elektrisk,974,16013526,60.823581264988114
1921,tkr,emanation,0,16013526,0.0
1921,tkr,emanera,5,16013526,0.3122360434547644
1921,tkr,fluidum,0,16013526,0.0
1921,tkr,induktion,0,16013526,0.0
1921,tkr,influens,0,16013526,0.0
1921,tkr,influera,25,16013526,1.561180217273822
1921,tkr,kondensation,0,16013526,0.0
1921,tkr,kraft,3072,16013526,191.83782509860725
1921,tkr,ladda,4,16013526,0.24978883476381153
1921,tkr,laddning,7,16013526,0.4371304608366702
1921,tkr,magnet,1,16013526,0.06244720869095288
1921,tkr,magnetisera,0,16013526,0.0
1921,tkr,magnetism,1,16013526,0.06244720869095288
1921,tkr,nerv,9,16013526,0.5620248782185759
1921,tkr,repulsion,0,16013526,0.0
1921,tkr,spänning,47,16013526,2.9350188084747857
1921,tkr,strålning,0,16013526,0.0
1921,tkr,ström,122,16013526,7.618559460296252
1921,tkr,strömning,38,16013526,2.3729939302562095
1921,tkr,styrka,1159,16013526,72.37631487281439
1921,tkr,tension,0,16013526,0.0
1922,lb,attraktion,1,902610,1.107898206312804
1922,lb,elektricitet,2,902610,2.215796412625608
1922,lb,elektriker,0,902610,0.0
1922,lb,elektrisk,21,902610,23.265862332568883
1922,lb,emanation,0,902610,0.0
1922,lb,emanera,0,902610,0.0
1922,lb,fluidum,0,902610,0.0
1922,lb,induktion,0,902610,0.0
1922,lb,influens,0,902610,0.0
1922,lb,influera,4,902610,4.431592825251216
1922,lb,kondensation,0,902610,0.0
1922,lb,kraft,213,902610,235.98231794462725
1922,lb,ladda,14,902610,15.510574888379256
1922,lb,laddning,0,902610,0.0
1922,lb,magnet,2,902610,2.215796412625608
1922,lb,magnetisera,0,902610,0.0
1922,lb,magnetism,0,902610,0.0
1922,lb,nerv,23,902610,25.48165874519449
1922,lb,repulsion,2,902610,2.215796412625608
1922,lb,spänning,46,902610,50.96331749038898
1922,lb,strålning,0,902610,0.0
1922,lb,ström,39,902610,43.208030046199355
1922,lb,strömning,2,902610,2.215796412625608
1922,lb,styrka,77,902610,85.30816188608591
1922,lb,tension,0,902610,0.0
1922,tkr,attraktion,1,12303037,0.08128074393338816
1922,tkr,elektricitet,23,12303037,1.8694571104679276
1922,tkr,elektriker,6,12303037,0.4876844636003289
1922,tkr,elektrisk,803,12303037,65.26843737851068
1922,tkr,emanation,0,12303037,0.0
1922,tkr,emanera,6,12303037,0.4876844636003289
1922,tkr,fluidum,0,12303037,0.0
1922,tkr,induktion,2,12303037,0.16256148786677632
1922,tkr,influens,0,12303037,0.0
1922,tkr,influera,21,12303037,1.7068956226011514
1922,tkr,kondensation,1,12303037,0.08128074393338816
1922,tkr,kraft,2343,12303037,190.44078303592843
1922,tkr,ladda,3,12303037,0.24384223180016446
1922,tkr,laddning,18,12303037,1.4630533908009868
1922,tkr,magnet,1,12303037,0.08128074393338816
1922,tkr,magnetisera,0,12303037,0.0
1922,tkr,magnetism,0,12303037,0.0
1922,tkr,nerv,20,12303037,1.625614878667763
1922,tkr,repulsion,0,12303037,0.0
1922,tkr,spänning,18,12303037,1.4630533908009868
1922,tkr,strålning,2,12303037,0.16256148786677632
1922,tkr,ström,98,12303037,7.965512905472039
1922,tkr,strömning,13,12303037,1.056649671134046
1922,tkr,styrka,836,12303037,67.9507019283125
1922,tkr,tension,0,12303037,0.0
1923,lb,attraktion,0,1451163,0.0
1923,lb,elektricitet,1,1451163,0.6891024647127856
1923,lb,elektriker,1,1451163,0.6891024647127856
1923,lb,elektrisk,14,1451163,9.647434505978998
1923,lb,emanation,0,1451163,0.0
1923,lb,emanera,2,1451163,1.3782049294255712
1923,lb,fluidum,2,1451163,1.3782049294255712
1923,lb,induktion,1,1451163,0.6891024647127856
1923,lb,influens,0,1451163,0.0
1923,lb,influera,2,1451163,1.3782049294255712
1923,lb,kondensation,0,1451163,0.0
1923,lb,kraft,207,1451163,142.6442101955466
1923,lb,ladda,5,1451163,3.4455123235639276
1923,lb,laddning,1,1451163,0.6891024647127856
1923,lb,magnet,0,1451163,0.0
1923,lb,magnetisera,0,1451163,0.0
1923,lb,magnetism,0,1451163,0.0
1923,lb,nerv,8,1451163,5.512819717702285
1923,lb,repulsion,0,1451163,0.0
1923,lb,spänning,30,1451163,20.673073941383567
1923,lb,strålning,0,1451163,0.0
1923,lb,ström,171,1451163,117.83652146588632
1923,lb,strömning,1,1451163,0.6891024647127856
1923,lb,styrka,64,1451163,44.10255774161828
1923,lb,tension,0,1451163,0.0
1923,tkr,attraktion,1,9691794,0.10318007171840425
1923,tkr,elektricitet,40,9691794,4.12720286873617
1923,tkr,elektriker,6,9691794,0.6190804303104255
1923,tkr,elektrisk,627,9691794,64.69390496743947
1923,tkr,emanation,0,9691794,0.0
1923,tkr,emanera,0,9691794,0.0
1923,tkr,fluidum,0,9691794,0.0
1923,tkr,induktion,1,9691794,0.10318007171840425
1923,tkr,influens,0,9691794,0.0
1923,tkr,influera,14,9691794,1.4445210040576595
1923,tkr,kondensation,0,9691794,0.0
1923,tkr,kraft,1813,9691794,187.0654700254669
1923,tkr,ladda,1,9691794,0.10318007171840425
1923,tkr,laddning,15,9691794,1.5477010757760636
1923,tkr,magnet,3,9691794,0.30954021515521274
1923,tkr,magnetisera,0,9691794,0.0
1923,tkr,magnetism,0,9691794,0.0
1923,tkr,nerv,4,9691794,0.412720286873617
1923,tkr,repulsion,0,9691794,0.0
1923,tkr,spänning,32,9691794,3.301762294988936
1923,tkr,strålning,1,9691794,0.10318007171840425
1923,tkr,ström,112,9691794,11.556168032461276
1923,tkr,strömning,16,9691794,1.650881147494468
1923,tkr,styrka,701,9691794,72.32923027460139
1923,tkr,tension,0,9691794,0.0
1924,lb,attraktion,5,1096608,4.5595144299512675
1924,lb,elektricitet,1,1096608,0.9119028859902536
1924,lb,elektriker,0,1096608,0.0
1924,lb,elektrisk,36,1096608,32.82850389564913
1924,lb,emanation,0,1096608,0.0
1924,lb,emanera,0,1096608,0.0
1924,lb,fluidum,0,1096608,0.0
1924,lb,induktion,0,1096608,0.0
1924,lb,influens,0,1096608,0.0
1924,lb,influera,0,1096608,0.0
1924,lb,kondensation,0,1096608,0.0
1924,lb,kraft,234,1096608,213.38527532171935
1924,lb,ladda,23,1096608,20.97376637777583
1924,lb,laddning,1,1096608,0.9119028859902536
1924,lb,magnet,1,1096608,0.9119028859902536
1924,lb,magnetisera,0,1096608,0.0
1924,lb,magnetism,0,1096608,0.0
1924,lb,nerv,37,1096608,33.74040678163938
1924,lb,repulsion,0,1096608,0.0
1924,lb,spänning,69,1096608,62.921299133327494
1924,lb,strålning,0,1096608,0.0
1924,lb,ström,58,1096608,52.89036738743471
1924,lb,strömning,0,1096608,0.0
1924,lb,styrka,76,1096608,69.30461933525928
1924,lb,tension,0,1096608,0.0
1924,tkr,attraktion,0,11418223,0.0
1924,tkr,elektricitet,31,11418223,2.714958360858778
1924,tkr,elektriker,1,11418223,0.08757930196318639
1924,tkr,elektrisk,889,11418223,77.8579994452727
1924,tkr,emanation,0,11418223,0.0
1924,tkr,emanera,3,11418223,0.2627379058895592
1924,tkr,fluidum,0,11418223,0.0
1924,tkr,induktion,0,11418223,0.0
1924,tkr,influens,0,11418223,0.0
1924,tkr,influera,13,11418223,1.138530925521423
1924,tkr,kondensation,0,11418223,0.0
1924,tkr,kraft,2286,11418223,200.20628428784408
1924,tkr,ladda,2,11418223,0.17515860392637278
1924,tkr,laddning,9,11418223,0.7882137176686775
1924,tkr,magnet,0,11418223,0.0
1924,tkr,magnetisera,0,11418223,0.0
1924,tkr,magnetism,0,11418223,0.0
1924,tkr,nerv,2,11418223,0.17515860392637278
1924,tkr,repulsion,0,11418223,0.0
1924,tkr,spänning,31,11418223,2.714958360858778
1924,tkr,strålning,2,11418223,0.17515860392637278
1924,tkr,ström,105,11418223,9.195826706134572
1924,tkr,strömning,21,11418223,1.8391653412269142
1924,tkr,styrka,1036,11418223,90.7321568338611
1924,tkr,tension,0,11418223,0.0
1925,lb,attraktion,1,2602001,0.38431960633374085
1925,lb,elektricitet,2,2602001,0.7686392126674817
1925,lb,elektriker,1,2602001,0.38431960633374085
1925,lb,elektrisk,6,2602001,2.305917638002445
1925,lb,emanation,0,2602001,0.0
1925,lb,emanera,2,2602001,0.7686392126674817
1925,lb,fluidum,0,2602001,0.0
1925,lb,induktion,0,2602001,0.0
1925,lb,influens,0,2602001,0.0
1925,lb,influera,1,2602001,0.38431960633374085
1925,lb,kondensation,0,2602001,0.0
1925,lb,kraft,442,2602001,169.86926599951346
1925,lb,ladda,6,2602001,2.305917638002445
1925,lb,laddning,1,2602001,0.38431960633374085
1925,lb,magnet,1,2602001,0.38431960633374085
1925,lb,magnetisera,0,2602001,0.0
1925,lb,magnetism,4,2602001,1.5372784253349634
1925,lb,nerv,13,2602001,4.996154882338631
1925,lb,repulsion,0,2602001,0.0
1925,lb,spänning,17,2602001,6.533433307673595
1925,lb,strålning,0,2602001,0.0
1925,lb,ström,114,2602001,43.81243512204646
1925,lb,strömning,0,2602001,0.0
1925,lb,styrka,149,2602001,57.26362134372739
1925,lb,tension,0,2602001,0.0
1925,tkr,attraktion,0,11606618,0.0
1925,tkr,elektricitet,30,11606618,2.5847322622317717
1925,tkr,elektriker,17,11606618,1.4646816152646704
1925,tkr,elektrisk,921,11606618,79.35128045051539
1925,tkr,emanation,0,11606618,0.0
1925,tkr,emanera,5,11606618,0.4307887103719619
1925,tkr,fluidum,0,11606618,0.0
1925,tkr,induktion,1,11606618,0.08615774207439239
1925,tkr,influens,0,11606618,0.0
1925,tkr,influera,18,11606618,1.5508393573390629
1925,tkr,kondensation,2,11606618,0.17231548414878478
1925,tkr,kraft,2003,11606618,172.57395737500795
1925,tkr,ladda,1,11606618,0.08615774207439239
1925,tkr,laddning,4,11606618,0.34463096829756956
1925,tkr,magnet,0,11606618,0.0
1925,tkr,magnetisera,0,11606618,0.0
1925,tkr,magnetism,0,11606618,0.0
1925,tkr,nerv,0,11606618,0.0
1925,tkr,repulsion,0,11606618,0.0
1925,tkr,spänning,30,11606618,2.5847322622317717
1925,tkr,strålning,2,11606618,0.17231548414878478
1925,tkr,ström,88,11606618,7.58188130254653
1925,tkr,strömning,18,11606618,1.5508393573390629
1925,tkr,styrka,943,11606618,81.24675077615201
1925,tkr,tension,0,11606618,0.0
1926,lb,attraktion,2,3191166,0.6267301669671838
1926,lb,elektricitet,5,3191166,1.5668254174179594
1926,lb,elektriker,0,3191166,0.0
1926,lb,elektrisk,33,3191166,10.341047754958533
1926,lb,emanation,0,3191166,0.0
1926,lb,emanera,0,3191166,0.0
1926,lb,fluidum,2,3191166,0.6267301669671838
1926,lb,induktion,6,3191166,1.8801905009015514
1926,lb,influens,0,3191166,0.0
1926,lb,influera,0,3191166,0.0
1926,lb,kondensation,0,3191166,0.0
1926,lb,kraft,261,3191166,81.78828678921748
1926,lb,ladda,21,3191166,6.5806667531554295
1926,lb,laddning,1,3191166,0.3133650834835919
1926,lb,magnet,1,3191166,0.3133650834835919
1926,lb,magnetisera,0,3191166,0.0
1926,lb,magnetism,2,3191166,0.6267301669671838
1926,lb,nerv,30,3191166,9.400952504507757
1926,lb,repulsion,0,3191166,0.0
1926,lb,spänning,39,3191166,12.221238255860083
1926,lb,strålning,0,3191166,0.0
1926,lb,ström,164,3191166,51.39187369130907
1926,lb,strömning,3,3191166,0.9400952504507757
1926,lb,styrka,206,3191166,64.55320719761993
1926,lb,tension,0,3191166,0.0
1926,tkr,attraktion,0,12387589,0.0
1926,tkr,elektricitet,22,12387589,1.7759710949402665
1926,tkr,elektriker,14,12387589,1.1301634240528968
1926,tkr,elektrisk,731,12387589,59.010675927333395
1926,tkr,emanation,0,12387589,0.0
1926,tkr,emanera,8,12387589,0.6458076708873696
1926,tkr,fluidum,0,12387589,0.0
1926,tkr,induktion,0,12387589,0.0
1926,tkr,influens,0,12387589,0.0
1926,tkr,influera,15,12387589,1.210889382913818
1926,tkr,kondensation,0,12387589,0.0
1926,tkr,kraft,2299,12387589,185.58897942125785
1926,tkr,ladda,0,12387589,0.0
1926,tkr,laddning,1,12387589,0.0807259588609212
1926,tkr,magnet,3,12387589,0.2421778765827636
1926,tkr,magnetisera,0,12387589,0.0
1926,tkr,magnetism,1,12387589,0.0807259588609212
1926,tkr,nerv,4,12387589,0.3229038354436848
1926,tkr,repulsion,0,12387589,0.0
1926,tkr,spänning,23,12387589,1.8566970538011875
1926,tkr,strålning,0,12387589,0.0
1926,tkr,ström,108,12387589,8.71840355697949
1926,tkr,strömning,12,12387589,0.9687115063310544
1926,tkr,styrka,777,12387589,62.72407003493577
1926,tkr,tension,0,12387589,0.0
1927,lb,attraktion,1,2502389,0.3996181249198266
1927,lb,elektricitet,3,2502389,1.1988543747594798
1927,lb,elektriker,2,2502389,0.7992362498396532
1927,lb,elektrisk,35,2502389,13.986634372193931
1927,lb,emanation,0,2502389,0.0
1927,lb,emanera,1,2502389,0.3996181249198266
1927,lb,fluidum,2,2502389,0.7992362498396532
1927,lb,induktion,0,2502389,0.0
1927,lb,influens,0,2502389,0.0
1927,lb,influera,1,2502389,0.3996181249198266
1927,lb,kondensation,0,2502389,0.0
1927,lb,kraft,391,2502389,156.2506868436522
1927,lb,ladda,22,2502389,8.791598748236186
1927,lb,laddning,2,2502389,0.7992362498396532
1927,lb,magnet,4,2502389,1.5984724996793065
1927,lb,magnetisera,1,2502389,0.3996181249198266
1927,lb,magnetism,0,2502389,0.0
1927,lb,nerv,37,2502389,14.785870622033585
1927,lb,repulsion,0,2502389,0.0
1927,lb,spänning,68,2502389,27.17403249454821
1927,lb,strålning,0,2502389,0.0
1927,lb,ström,130,2502389,51.95035623957746
1927,lb,strömning,3,2502389,1.1988543747594798
1927,lb,styrka,147,2502389,58.74386436321451
1927,lb,tension,0,2502389,0.0
1927,tkr,attraktion,3,12831512,0.23379941506503676
1927,tkr,elektricitet,40,12831512,3.11732553420049
1927,tkr,elektriker,0,12831512,0.0
1927,tkr,elektrisk,907,12831512,70.68535648799612
1927,tkr,emanation,0,12831512,0.0
1927,tkr,emanera,7,12831512,0.5455319684850858
1927,tkr,fluidum,0,12831512,0.0
1927,tkr,induktion,0,12831512,0.0
1927,tkr,influens,0,12831512,0.0
1927,tkr,influera,32,12831512,2.493860427360392
1927,tkr,kondensation,0,12831512,0.0
1927,tkr,kraft,2494,12831512,194.36524705740055
1927,tkr,ladda,4,12831512,0.311732553420049
1927,tkr,laddning,3,12831512,0.23379941506503676
1927,tkr,magnet,1,12831512,0.07793313835501225
1927,tkr,magnetisera,0,12831512,0.0
1927,tkr,magnetism,4,12831512,0.311732553420049
1927,tkr,nerv,9,12831512,0.7013982451951103
1927,tkr,repulsion,0,12831512,0.0
1927,tkr,spänning,35,12831512,2.727659842425429
1927,tkr,strålning,0,12831512,0.0
1927,tkr,ström,160,12831512,12.46930213680196
1927,tkr,strömning,23,12831512,1.7924621821652817
1927,tkr,styrka,803,12831512,62.58031009907484
1927,tkr,tension,0,12831512,0.0
1928,lb,attraktion,1,2656737,0.37640157832709825
1928,lb,elektricitet,2,2656737,0.7528031566541965
1928,lb,elektriker,2,2656737,0.7528031566541965
1928,lb,elektrisk,23,2656737,8.657236301523259
1928,lb,emanation,0,2656737,0.0
1928,lb,emanera,0,2656737,0.0
1928,lb,fluidum,0,2656737,0.0
1928,lb,induktion,0,2656737,0.0
1928,lb,influens,0,2656737,0.0
1928,lb,influera,5,2656737,1.8820078916354912
1928,lb,kondensation,0,2656737,0.0
1928,lb,kraft,379,2656737,142.65619818597023
1928,lb,ladda,11,2656737,4.140417361598081
1928,lb,laddning,0,2656737,0.0
1928,lb,magnet,1,2656737,0.37640157832709825
1928,lb,magnetisera,0,2656737,0.0
1928,lb,magnetism,0,2656737,0.0
1928,lb,nerv,19,2656737,7.151629988214866
1928,lb,repulsion,0,2656737,0.0
1928,lb,spänning,44,2656737,16.561669446392322
1928,lb,strålning,0,2656737,0.0
1928,lb,ström,126,2656737,47.42659886921438
1928,lb,strömning,5,2656737,1.8820078916354912
1928,lb,styrka,134,2656737,50.43781149583116
1928,lb,tension,0,2656737,0.0
1928,tkr,attraktion,5,13148776,0.38026353175383015
1928,tkr,elektricitet,39,13148776,2.966055547679875
1928,tkr,elektriker,2,13148776,0.15210541270153208
1928,tkr,elektrisk,946,13148776,71.94586020782467
1928,tkr,emanation,0,13148776,0.0
1928,tkr,emanera,5,13148776,0.38026353175383015
1928,tkr,fluidum,0,13148776,0.0
1928,tkr,induktion,0,13148776,0.0
1928,tkr,influens,0,13148776,0.0
1928,tkr,influera,33,13148776,2.509739309575279
1928,tkr,kondensation,0,13148776,0.0
1928,tkr,kraft,2018,13148776,153.47436141584586
1928,tkr,ladda,17,13148776,1.2928960079630225
1928,tkr,laddning,5,13148776,0.38026353175383015
1928,tkr,magnet,3,13148776,0.2281581190522981
1928,tkr,magnetisera,0,13148776,0.0
1928,tkr,magnetism,4,13148776,0.30421082540306416
1928,tkr,nerv,8,13148776,0.6084216508061283
1928,tkr,repulsion,0,13148776,0.0
1928,tkr,spänning,41,13148776,3.1181609603814073
1928,tkr,strålning,2,13148776,0.15210541270153208
1928,tkr,ström,189,13148776,14.373961500294781
1928,tkr,strömning,19,13148776,1.4450014206645547
1928,tkr,styrka,767,13148776,58.33242577103755
1928,tkr,tension,0,13148776,0.0
1929,lb,attraktion,0,1045461,0.0
1929,lb,elektricitet,2,1045461,1.9130316673697059
1929,lb,elektriker,1,1045461,0.9565158336848529
1929,lb,elektrisk,20,1045461,19.13031667369706
1929,lb,emanation,0,1045461,0.0
1929,lb,emanera,1,1045461,0.9565158336848529
1929,lb,fluidum,1,1045461,0.9565158336848529
1929,lb,induktion,0,1045461,0.0
1929,lb,influens,0,1045461,0.0
1929,lb,influera,2,1045461,1.9130316673697059
1929,lb,kondensation,0,1045461,0.0
1929,lb,kraft,199,1045461,190.34665090328573
1929,lb,ladda,3,1045461,2.8695475010545586
1929,lb,laddning,1,1045461,0.9565158336848529
1929,lb,magnet,2,1045461,1.9130316673697059
1929,lb,magnetisera,0,1045461,0.0
1929,lb,magnetism,0,1045461,0.0
1929,lb,nerv,17,1045461,16.2607691726425
1929,lb,repulsion,1,1045461,0.9565158336848529
1929,lb,spänning,13,1045461,12.434705837903088
1929,lb,strålning,0,1045461,0.0
1929,lb,ström,46,1045461,43.999728349503236
1929,lb,strömning,2,1045461,1.9130316673697059
1929,lb,styrka,54,1045461,51.651855018982054
1929,lb,tension,0,1045461,0.0
1929,tkr,attraktion,1,12302308,0.08128556040053622
1929,tkr,elektricitet,35,12302308,2.844994614018768
1929,tkr,elektriker,3,12302308,0.24385668120160867
1929,tkr,elektrisk,1016,12302308,82.5861293669448
1929,tkr,emanation,0,12302308,0.0
1929,tkr,emanera,3,12302308,0.24385668120160867
1929,tkr,fluidum,0,12302308,0.0
1929,tkr,induktion,0,12302308,0.0
1929,tkr,influens,0,12302308,0.0
1929,tkr,influera,36,12302308,2.926280174419304
1929,tkr,kondensation,0,12302308,0.0
1929,tkr,kraft,1911,12302308,155.33670592542472
1929,tkr,ladda,9,12302308,0.731570043604826
1929,tkr,laddning,5,12302308,0.40642780200268114
1929,tkr,magnet,0,12302308,0.0
1929,tkr,magnetisera,0,12302308,0.0
1929,tkr,magnetism,2,12302308,0.16257112080107244
1929,tkr,nerv,17,12302308,1.3818545268091158
1929,tkr,repulsion,0,12302308,0.0
1929,tkr,spänning,25,12302308,2.0321390100134056
1929,tkr,strålning,0,12302308,0.0
1929,tkr,ström,145,12302308,11.786406258077752
1929,tkr,strömning,16,12302308,1.3005689664085796
1929,tkr,styrka,768,12302308,62.42731038761182
1929,tkr,tension,0,12302308,0.0
1930,lb,attraktion,2,2680451,0.7461430930839623
1930,lb,elektricitet,1,2680451,0.37307154654198116
1930,lb,elektriker,3,2680451,1.1192146396259435
1930,lb,elektrisk,17,2680451,6.34221629121368
1930,lb,emanation,0,2680451,0.0
1930,lb,emanera,1,2680451,0.37307154654198116
1930,lb,fluidum,2,2680451,0.7461430930839623
1930,lb,induktion,0,2680451,0.0
1930,lb,influens,0,2680451,0.0
1930,lb,influera,8,2680451,2.9845723723358493
1930,lb,kondensation,0,2680451,0.0
1930,lb,kraft,399,2680451,148.85554707025048
1930,lb,ladda,10,2680451,3.730715465419812
1930,lb,laddning,1,2680451,0.37307154654198116
1930,lb,magnet,3,2680451,1.1192146396259435
1930,lb,magnetisera,0,2680451,0.0
1930,lb,magnetism,2,2680451,0.7461430930839623
1930,lb,nerv,53,2680451,19.772791966725002
1930,lb,repulsion,1,2680451,0.37307154654198116
1930,lb,spänning,38,2680451,14.176718768595284
1930,lb,strålning,1,2680451,0.37307154654198116
1930,lb,ström,99,2680451,36.934083107656136
1930,lb,strömning,16,2680451,5.9691447446716985
1930,lb,styrka,163,2680451,60.81066208634293
1930,lb,tension,0,2680451,0.0
1930,tkr,attraktion,1,14702246,0.0680168186547824
1930,tkr,elektricitet,34,14702246,2.312571834262602
1930,tkr,elektriker,1,14702246,0.0680168186547824
1930,tkr,elektrisk,1197,14702246,81.41613192977454
1930,tkr,emanation,2,14702246,0.1360336373095648
1930,tkr,emanera,9,14702246,0.6121513678930417
1930,tkr,fluidum,0,14702246,0.0
1930,tkr,induktion,0,14702246,0.0
1930,tkr,influens,0,14702246,0.0
1930,tkr,influera,39,14702246,2.652655927536514
1930,tkr,kondensation,0,14702246,0.0
1930,tkr,kraft,2598,14702246,176.7076948651247
1930,tkr,ladda,3,14702246,0.2040504559643472
1930,tkr,laddning,6,14702246,0.4081009119286944
1930,tkr,magnet,0,14702246,0.0
1930,tkr,magnetisera,0,14702246,0.0
1930,tkr,magnetism,1,14702246,0.0680168186547824
1930,tkr,nerv,17,14702246,1.156285917131301
1930,tkr,repulsion,0,14702246,0.0
1930,tkr,spänning,70,14702246,4.761177305834768
1930,tkr,strålning,4,14702246,0.2720672746191296
1930,tkr,ström,303,14702246,20.609096052399067
1930,tkr,strömning,29,14702246,1.9724877409886898
1930,tkr,styrka,864,14702246,58.766531317731996
1930,tkr,tension,0,14702246,0.0
1931,lb,attraktion,2,2312932,0.8647033289348758
1931,lb,elektricitet,3,2312932,1.2970549934023137
1931,lb,elektriker,1,2312932,0.4323516644674379
1931,lb,elektrisk,22,2312932,9.511736618283633
1931,lb,emanation,1,2312932,0.4323516644674379
1931,lb,emanera,0,2312932,0.0
1931,lb,fluidum,1,2312932,0.4323516644674379
1931,lb,induktion,0,2312932,0.0
1931,lb,influens,0,2312932,0.0
1931,lb,influera,1,2312932,0.4323516644674379
1931,lb,kondensation,0,2312932,0.0
1931,lb,kraft,181,2312932,78.25565126860626
1931,lb,ladda,10,2312932,4.3235166446743785
1931,lb,laddning,1,2312932,0.4323516644674379
1931,lb,magnet,1,2312932,0.4323516644674379
1931,lb,magnetisera,0,2312932,0.0
1931,lb,magnetism,0,2312932,0.0
1931,lb,nerv,13,2312932,5.620571638076692
1931,lb,repulsion,0,2312932,0.0
1931,lb,spänning,23,2312932,9.944088282751071
1931,lb,strålning,0,2312932,0.0
1931,lb,ström,112,2312932,48.42338642035304
1931,lb,strömning,1,2312932,0.4323516644674379
1931,lb,styrka,50,2312932,21.617583223371895
1931,lb,tension,0,2312932,0.0
1931,tkr,attraktion,0,12564819,0.0
1931,tkr,elektricitet,45,12564819,3.58142843124123
1931,tkr,elektriker,1,12564819,0.07958729847202733
1931,tkr,elektrisk,889,12564819,70.7531083416323
1931,tkr,emanation,0,12564819,0.0
1931,tkr,emanera,5,12564819,0.3979364923601367
1931,tkr,fluidum,0,12564819,0.0
1931,tkr,induktion,0,12564819,0.0
1931,tkr,influens,0,12564819,0.0
1931,tkr,influera,19,12564819,1.5121586709685193
1931,tkr,kondensation,2,12564819,0.15917459694405467
1931,tkr,kraft,2021,12564819,160.84593021196724
1931,tkr,ladda,5,12564819,0.3979364923601367
1931,tkr,laddning,3,12564819,0.238761895416082
1931,tkr,magnet,0,12564819,0.0
1931,tkr,magnetisera,0,12564819,0.0
1931,tkr,magnetism,3,12564819,0.238761895416082
1931,tkr,nerv,10,12564819,0.7958729847202733
1931,tkr,repulsion,0,12564819,0.0
1931,tkr,spänning,94,12564819,7.481206056370569
1931,tkr,strålning,3,12564819,0.238761895416082
1931,tkr,ström,157,12564819,12.49520586010829
1931,tkr,strömning,38,12564819,3.0243173419370386
1931,tkr,styrka,785,12564819,62.476029300541455
1931,tkr,tension,0,12564819,0.0
1932,lb,attraktion,1,1901594,0.5258746083548854
1932,lb,elektricitet,1,1901594,0.5258746083548854
1932,lb,elektriker,3,1901594,1.5776238250646564
1932,lb,elektrisk,30,1901594,15.776238250646562
1932,lb,emanation,0,1901594,0.0
1932,lb,emanera,0,1901594,0.0
1932,lb,fluidum,0,1901594,0.0
1932,lb,induktion,0,1901594,0.0
1932,lb,influens,0,1901594,0.0
1932,lb,influera,2,1901594,1.0517492167097708
1932,lb,kondensation,0,1901594,0.0
1932,lb,kraft,204,1901594,107.27842010439663
1932,lb,ladda,10,1901594,5.258746083548854
1932,lb,laddning,1,1901594,0.5258746083548854
1932,lb,magnet,0,1901594,0.0
1932,lb,magnetisera,0,1901594,0.0
1932,lb,magnetism,1,1901594,0.5258746083548854
1932,lb,nerv,13,1901594,6.83636990861351
1932,lb,repulsion,0,1901594,0.0
1932,lb,spänning,35,1901594,18.40561129242099
1932,lb,strålning,1,1901594,0.5258746083548854
1932,lb,ström,99,1901594,52.06158622713366
1932,lb,strömning,3,1901594,1.5776238250646564
1932,lb,styrka,69,1901594,36.285347976487095
1932,lb,tension,0,1901594,0.0
1932,tkr,attraktion,4,15016129,0.26638023687729373
1932,tkr,elektricitet,20,15016129,1.3319011843864688
1932,tkr,elektriker,5,15016129,0.3329752960966172
1932,tkr,elektrisk,857,15016129,57.07196575096018
1932,tkr,emanation,0,15016129,0.0
1932,tkr,emanera,9,15016129,0.5993555329739109
1932,tkr,fluidum,0,15016129,0.0
1932,tkr,induktion,1,15016129,0.06659505921932343
1932,tkr,influens,0,15016129,0.0
1932,tkr,influera,36,15016129,2.3974221318956435
1932,tkr,kondensation,0,15016129,0.0
1932,tkr,kraft,2420,15016129,161.16004331076272
1932,tkr,ladda,4,15016129,0.26638023687729373
1932,tkr,laddning,48,15016129,3.1965628425275248
1932,tkr,magnet,0,15016129,0.0
1932,tkr,magnetisera,0,15016129,0.0
1932,tkr,magnetism,1,15016129,0.06659505921932343
1932,tkr,nerv,20,15016129,1.3319011843864688
1932,tkr,repulsion,0,15016129,0.0
1932,tkr,spänning,68,15016129,4.528464026913993
1932,tkr,strålning,2,15016129,0.13319011843864687
1932,tkr,ström,118,15016129,7.858216987880166
1932,tkr,strömning,22,15016129,1.4650913028251156
1932,tkr,styrka,1379,15016129,91.83458666344701
1932,tkr,tension,0,15016129,0.0
1933,lb,attraktion,1,1607658,0.6220228431668925
1933,lb,elektricitet,0,1607658,0.0
1933,lb,elektriker,1,1607658,0.6220228431668925
1933,lb,elektrisk,26,1607658,16.172593922339203
1933,lb,emanation,0,1607658,0.0
1933,lb,emanera,0,1607658,0.0
1933,lb,fluidum,1,1607658,0.6220228431668925
1933,lb,induktion,0,1607658,0.0
1933,lb,influens,0,1607658,0.0
1933,lb,influera,0,1607658,0.0
1933,lb,kondensation,0,1607658,0.0
1933,lb,kraft,358,1607658,222.6841778537475
1933,lb,ladda,10,1607658,6.220228431668924
1933,lb,laddning,2,1607658,1.244045686333785
1933,lb,magnet,2,1607658,1.244045686333785
1933,lb,magnetisera,0,1607658,0.0
1933,lb,magnetism,0,1607658,0.0
1933,lb,nerv,46,1607658,28.613050785677054
1933,lb,repulsion,0,1607658,0.0
1933,lb,spänning,47,1607658,29.235073628843946
1933,lb,strålning,0,1607658,0.0
1933,lb,ström,83,1607658,51.627895982852074
1933,lb,strömning,6,1607658,3.7321370590013547
1933,lb,styrka,109,1607658,67.80048990519128
1933,lb,tension,0,1607658,0.0
1933,tkr,attraktion,0,11282216,0.0
1933,tkr,elektricitet,14,11282216,1.240890973900872
1933,tkr,elektriker,1,11282216,0.088635069564348
1933,tkr,elektrisk,557,11282216,49.36973374734183
1933,tkr,emanation,0,11282216,0.0
1933,tkr,emanera,3,11282216,0.265905208693044
1933,tkr,fluidum,0,11282216,0.0
1933,tkr,induktion,2,11282216,0.177270139128696
1933,tkr,influens,1,11282216,0.088635069564348
1933,tkr,influera,31,11282216,2.747687156494788
1933,tkr,kondensation,0,11282216,0.0
1933,tkr,kraft,1925,11282216,170.6225089113699
1933,tkr,ladda,3,11282216,0.265905208693044
1933,tkr,laddning,3,11282216,0.265905208693044
1933,tkr,magnet,0,11282216,0.0
1933,tkr,magnetisera,0,11282216,0.0
1933,tkr,magnetism,0,11282216,0.0
1933,tkr,nerv,5,11282216,0.44317534782174
1933,tkr,repulsion,0,11282216,0.0
1933,tkr,spänning,136,11282216,12.054369460751328
1933,tkr,strålning,0,11282216,0.0
1933,tkr,ström,92,11282216,8.154426399920016
1933,tkr,strömning,19,11282216,1.684066321722612
1933,tkr,styrka,765,11282216,67.80582821672621
1933,tkr,tension,0,11282216,0.0
1934,lb,attraktion,0,1616715,0.0
1934,lb,elektricitet,2,1616715,1.2370764173029878
1934,lb,elektriker,2,1616715,1.2370764173029878
1934,lb,elektrisk,19,1616715,11.752225964378384
1934,lb,emanation,0,1616715,0.0
1934,lb,emanera,1,1616715,0.6185382086514939
1934,lb,fluidum,1,1616715,0.6185382086514939
1934,lb,induktion,0,1616715,0.0
1934,lb,influens,0,1616715,0.0
1934,lb,influera,1,1616715,0.6185382086514939
1934,lb,kondensation,0,1616715,0.0
1934,lb,kraft,69,1616715,42.67913639695308
1934,lb,ladda,7,1616715,4.329767460560458
1934,lb,laddning,2,1616715,1.2370764173029878
1934,lb,magnet,0,1616715,0.0
1934,lb,magnetisera,0,1616715,0.0
1934,lb,magnetism,0,1616715,0.0
1934,lb,nerv,15,1616715,9.278073129772409
1934,lb,repulsion,0,1616715,0.0
1934,lb,spänning,19,1616715,11.752225964378384
1934,lb,strålning,0,1616715,0.0
1934,lb,ström,59,1616715,36.49375431043814
1934,lb,strömning,1,1616715,0.6185382086514939
1934,lb,styrka,52,1616715,32.16398684987768
1934,lb,tension,0,1616715,0.0
1934,tkr,attraktion,1,11432413,0.08747059785191455
1934,tkr,elektricitet,22,11432413,1.92435315274212
1934,tkr,elektriker,8,11432413,0.6997647828153164
1934,tkr,elektrisk,758,11432413,66.30271317175124
1934,tkr,emanation,0,11432413,0.0
1934,tkr,emanera,4,11432413,0.3498823914076582
1934,tkr,fluidum,0,11432413,0.0
1934,tkr,induktion,0,11432413,0.0
1934,tkr,influens,0,11432413,0.0
1934,tkr,influera,26,11432413,2.274235544149778
1934,tkr,kondensation,0,11432413,0.0
1934,tkr,kraft,1963,11432413,171.70478358330826
1934,tkr,ladda,2,11432413,0.1749411957038291
1934,tkr,laddning,3,11432413,0.2624117935557437
1934,tkr,magnet,0,11432413,0.0
1934,tkr,magnetisera,0,11432413,0.0
1934,tkr,magnetism,0,11432413,0.0
1934,tkr,nerv,11,11432413,0.96217657637106
1934,tkr,repulsion,0,11432413,0.0
1934,tkr,spänning,55,11432413,4.8108828818553
1934,tkr,strålning,0,11432413,0.0
1934,tkr,ström,81,11432413,7.085118426005079
1934,tkr,strömning,25,11432413,2.1867649462978638
1934,tkr,styrka,800,11432413,69.97647828153164
1934,tkr,tension,0,11432413,0.0
1935,lb,attraktion,0,861838,0.0
1935,lb,elektricitet,1,861838,1.1603108704884213
1935,lb,elektriker,0,861838,0.0
1935,lb,elektrisk,29,861838,33.64901524416422
1935,lb,emanation,2,861838,2.3206217409768426
1935,lb,emanera,0,861838,0.0
1935,lb,fluidum,3,861838,3.480932611465264
1935,lb,induktion,1,861838,1.1603108704884213
1935,lb,influens,0,861838,0.0
1935,lb,influera,2,861838,2.3206217409768426
1935,lb,kondensation,0,861838,0.0
1935,lb,kraft,364,861838,422.35315685778534
1935,lb,ladda,8,861838,9.28248696390737
1935,lb,laddning,0,861838,0.0
1935,lb,magnet,1,861838,1.1603108704884213
1935,lb,magnetisera,0,861838,0.0
1935,lb,magnetism,0,861838,0.0
1935,lb,nerv,31,861838,35.96963698514106
1935,lb,repulsion,0,861838,0.0
1935,lb,spänning,51,861838,59.175854394909486
1935,lb,strålning,1,861838,1.1603108704884213
1935,lb,ström,48,861838,55.69492178344422
1935,lb,strömning,3,861838,3.480932611465264
1935,lb,styrka,89,861838,103.26766747346949
1935,lb,tension,0,861838,0.0
1935,tkr,attraktion,0,10903819,0.0
1935,tkr,elektricitet,17,10903819,1.5590867750097466
1935,tkr,elektriker,2,10903819,0.18342197353055842
1935,tkr,elektrisk,572,10903819,52.45868442973971
1935,tkr,emanation,0,10903819,0.0
1935,tkr,emanera,0,10903819,0.0
1935,tkr,fluidum,0,10903819,0.0
1935,tkr,induktion,0,10903819,0.0
1935,tkr,influens,0,10903819,0.0
1935,tkr,influera,23,10903819,2.1093526956014217
1935,tkr,kondensation,0,10903819,0.0
1935,tkr,kraft,1906,10903819,174.80114077462218
1935,tkr,ladda,3,10903819,0.2751329602958376
1935,tkr,laddning,1,10903819,0.09171098676527921
1935,tkr,magnet,0,10903819,0.0
1935,tkr,magnetisera,0,10903819,0.0
1935,tkr,magnetism,0,10903819,0.0
1935,tkr,nerv,11,10903819,1.0088208544180712
1935,tkr,repulsion,0,10903819,0.0
1935,tkr,spänning,57,10903819,5.227526245620915
1935,tkr,strålning,0,10903819,0.0
1935,tkr,ström,85,10903819,7.795433875048733
1935,tkr,strömning,8,10903819,0.7336878941222337
1935,tkr,styrka,637,10903819,58.41989856948286
1935,tkr,tension,1,10903819,0.09171098676527921
1936,lb,attraktion,0,1349133,0.0
1936,lb,elektricitet,2,1349133,1.4824335332394953
1936,lb,elektriker,0,1349133,0.0
1936,lb,elektrisk,6,1349133,4.447300599718486
1936,lb,emanation,0,1349133,0.0
1936,lb,emanera,0,1349133,0.0
1936,lb,fluidum,0,1349133,0.0
1936,lb,induktion,0,1349133,0.0
1936,lb,influens,0,1349133,0.0
1936,lb,influera,1,1349133,0.7412167666197477
1936,lb,kondensation,0,1349133,0.0
1936,lb,kraft,58,1349133,42.99057246394536
1936,lb,ladda,5,1349133,3.706083833098738
1936,lb,laddning,1,1349133,0.7412167666197477
1936,lb,magnet,2,1349133,1.4824335332394953
1936,lb,magnetisera,0,1349133,0.0
1936,lb,magnetism,0,1349133,0.0
1936,lb,nerv,11,1349133,8.153384432817225
1936,lb,repulsion,0,1349133,0.0
1936,lb,spänning,16,1349133,11.859468265915963
1936,lb,strålning,0,1349133,0.0
1936,lb,ström,67,1349133,49.661523363523095
1936,lb,strömning,1,1349133,0.7412167666197477
1936,lb,styrka,28,1349133,20.754069465352934
1936,lb,tension,0,1349133,0.0
1936,tkr,attraktion,3,14246459,0.21057864273501226
1936,tkr,elektricitet,30,14246459,2.1057864273501226
1936,tkr,elektriker,1,14246459,0.07019288091167075
1936,tkr,elektrisk,766,14246459,53.7677467783398
1936,tkr,emanation,0,14246459,0.0
1936,tkr,emanera,5,14246459,0.35096440455835376
1936,tkr,fluidum,0,14246459,0.0
1936,tkr,induktion,0,14246459,0.0
1936,tkr,influens,1,14246459,0.07019288091167075
1936,tkr,influera,29,14246459,2.035593546438452
1936,tkr,kondensation,0,14246459,0.0
1936,tkr,kraft,2603,14246459,182.71206901307897
1936,tkr,ladda,2,14246459,0.1403857618233415
1936,tkr,laddning,1,14246459,0.07019288091167075
1936,tkr,magnet,0,14246459,0.0
1936,tkr,magnetisera,0,14246459,0.0
1936,tkr,magnetism,0,14246459,0.0
1936,tkr,nerv,14,14246459,0.9827003327633905
1936,tkr,repulsion,0,14246459,0.0
1936,tkr,spänning,71,14246459,4.983694544728624
1936,tkr,strålning,0,14246459,0.0
1936,tkr,ström,73,14246459,5.124080306551965
1936,tkr,strömning,22,14246459,1.5442433800567565
1936,tkr,styrka,1073,14246459,75.31696121822272
1936,tkr,tension,0,14246459,0.0
1937,lb,attraktion,2,615552,3.249116240382616
1937,lb,elektricitet,0,615552,0.0
1937,lb,elektriker,0,615552,0.0
1937,lb,elektrisk,4,615552,6.498232480765232
1937,lb,emanation,0,615552,0.0
1937,lb,emanera,0,615552,0.0
1937,lb,fluidum,0,615552,0.0
1937,lb,induktion,0,615552,0.0
1937,lb,influens,0,615552,0.0
1937,lb,influera,0,615552,0.0
1937,lb,kondensation,0,615552,0.0
1937,lb,kraft,70,615552,113.71906841339155
1937,lb,ladda,1,615552,1.624558120191308
1937,lb,laddning,1,615552,1.624558120191308
1937,lb,magnet,1,615552,1.624558120191308
1937,lb,magnetisera,0,615552,0.0
1937,lb,magnetism,0,615552,0.0
1937,lb,nerv,6,615552,9.747348721147848
1937,lb,repulsion,0,615552,0.0
1937,lb,spänning,9,615552,14.621023081721772
1937,lb,strålning,0,615552,0.0
1937,lb,ström,22,615552,35.74027864420878
1937,lb,strömning,0,615552,0.0
1937,lb,styrka,17,615552,27.617488043252237
1937,lb,tension,0,615552,0.0
1937,tkr,attraktion,3,13052232,0.22984574592299617
1937,tkr,elektricitet,35,13052232,2.681533702434955
1937,tkr,elektriker,6,13052232,0.45969149184599234
1937,tkr,elektrisk,931,13052232,71.32879648476981
1937,tkr,emanation,0,13052232,0.0
1937,tkr,emanera,6,13052232,0.45969149184599234
1937,tkr,fluidum,0,13052232,0.0
1937,tkr,induktion,0,13052232,0.0
1937,tkr,influens,0,13052232,0.0
1937,tkr,influera,38,13052232,2.9113794483579514
1937,tkr,kondensation,1,13052232,0.07661524864099872
1937,tkr,kraft,2651,13052232,203.1070241472876
1937,tkr,ladda,3,13052232,0.22984574592299617
1937,tkr,laddning,4,13052232,0.3064609945639949
1937,tkr,magnet,4,13052232,0.3064609945639949
1937,tkr,magnetisera,4,13052232,0.3064609945639949
1937,tkr,magnetism,14,13052232,1.072613480973982
1937,tkr,nerv,8,13052232,0.6129219891279898
1937,tkr,repulsion,0,13052232,0.0
1937,tkr,spänning,74,13052232,5.669528399433905
1937,tkr,strålning,5,13052232,0.3830762432049936
1937,tkr,ström,157,13052232,12.028594036636798
1937,tkr,strömning,27,13052232,2.0686117133069652
1937,tkr,styrka,785,13052232,60.142970183184
1937,tkr,tension,0,13052232,0.0
1938,lb,attraktion,0,2067904,0.0
1938,lb,elektricitet,1,2067904,0.4835814428522794
1938,lb,elektriker,3,2067904,1.4507443285568382
1938,lb,elektrisk,23,2067904,11.122373185602427
1938,lb,emanation,0,2067904,0.0
1938,lb,emanera,2,2067904,0.9671628857045588
1938,lb,fluidum,0,2067904,0.0
1938,lb,induktion,0,2067904,0.0
1938,lb,influens,0,2067904,0.0
1938,lb,influera,3,2067904,1.4507443285568382
1938,lb,kondensation,0,2067904,0.0
1938,lb,kraft,172,2067904,83.17600817059206
1938,lb,ladda,7,2067904,3.3850700999659558
1938,lb,laddning,2,2067904,0.9671628857045588
1938,lb,magnet,0,2067904,0.0
1938,lb,magnetisera,1,2067904,0.4835814428522794
1938,lb,magnetism,0,2067904,0.0
1938,lb,nerv,16,2067904,7.73730308563647
1938,lb,repulsion,0,2067904,0.0
1938,lb,spänning,24,2067904,11.605954628454706
1938,lb,strålning,2,2067904,0.9671628857045588
1938,lb,ström,156,2067904,75.43870508495559
1938,lb,strömning,2,2067904,0.9671628857045588
1938,lb,styrka,43,2067904,20.794002042648014
1938,lb,tension,0,2067904,0.0
1938,tkr,attraktion,1,12591560,0.07941827700459674
1938,tkr,elektricitet,26,12591560,2.064875202119515
1938,tkr,elektriker,3,12591560,0.2382548310137902
1938,tkr,elektrisk,1651,12591560,131.1195753345892
1938,tkr,emanation,0,12591560,0.0
1938,tkr,emanera,4,12591560,0.31767310801838694
1938,tkr,fluidum,0,12591560,0.0
1938,tkr,induktion,1,12591560,0.07941827700459674
1938,tkr,influens,0,12591560,0.0
1938,tkr,influera,22,12591560,1.7472020941011281
1938,tkr,kondensation,0,12591560,0.0
1938,tkr,kraft,2318,12591560,184.0915660966552
1938,tkr,ladda,1,12591560,0.07941827700459674
1938,tkr,laddning,2,12591560,0.15883655400919347
1938,tkr,magnet,0,12591560,0.0
1938,tkr,magnetisera,0,12591560,0.0
1938,tkr,magnetism,0,12591560,0.0
1938,tkr,nerv,27,12591560,2.1442934791241117
1938,tkr,repulsion,0,12591560,0.0
1938,tkr,spänning,126,12591560,10.006702902579187
1938,tkr,strålning,0,12591560,0.0
1938,tkr,ström,188,12591560,14.930636076864186
1938,tkr,strömning,22,12591560,1.7472020941011281
1938,tkr,styrka,703,12591560,55.8310487342315
1938,tkr,tension,0,12591560,0.0
1939,lb,attraktion,4,1220340,3.2777750462985726
1939,lb,elektricitet,0,1220340,0.0
1939,lb,elektriker,0,1220340,0.0
1939,lb,elektrisk,8,1220340,6.555550092597145
1939,lb,emanation,0,1220340,0.0
1939,lb,emanera,0,1220340,0.0
1939,lb,fluidum,1,1220340,0.8194437615746432
1939,lb,induktion,0,1220340,0.0
1939,lb,influens,0,1220340,0.0
1939,lb,influera,0,1220340,0.0
1939,lb,kondensation,0,1220340,0.0
1939,lb,kraft,401,1220340,328.5969483914319
1939,lb,ladda,6,1220340,4.916662569447859
1939,lb,laddning,3,1220340,2.4583312847239296
1939,lb,magnet,0,1220340,0.0
1939,lb,magnetisera,0,1220340,0.0
1939,lb,magnetism,0,1220340,0.0
1939,lb,nerv,14,1220340,11.472212662045004
1939,lb,repulsion,1,1220340,0.8194437615746432
1939,lb,spänning,21,1220340,17.208318993067504
1939,lb,strålning,5,1220340,4.097218807873215
1939,lb,ström,93,1220340,76.2082698264418
1939,lb,strömning,26,1220340,21.305537800940723
1939,lb,styrka,69,1220340,56.541619548650374
1939,lb,tension,0,1220340,0.0
1939,tkr,attraktion,1,14301228,0.06992406526208798
1939,tkr,elektricitet,38,14301228,2.6571144799593434
1939,tkr,elektriker,2,14301228,0.13984813052417597
1939,tkr,elektrisk,1232,14301228,86.14644840289239
1939,tkr,emanation,0,14301228,0.0
1939,tkr,emanera,7,14301228,0.4894684568346159
1939,tkr,fluidum,0,14301228,0.0
1939,tkr,induktion,1,14301228,0.06992406526208798
1939,tkr,influens,1,14301228,0.06992406526208798
1939,tkr,influera,25,14301228,1.7481016315521996
1939,tkr,kondensation,0,14301228,0.0
1939,tkr,kraft,2646,14301228,185.0190766834848
1939,tkr,ladda,8,14301228,0.5593925220967039
1939,tkr,laddning,0,14301228,0.0
1939,tkr,magnet,1,14301228,0.06992406526208798
1939,tkr,magnetisera,0,14301228,0.0
1939,tkr,magnetism,0,14301228,0.0
1939,tkr,nerv,3,14301228,0.20977219578626394
1939,tkr,repulsion,0,14301228,0.0
1939,tkr,spänning,95,14301228,6.642786199898358
1939,tkr,strålning,1,14301228,0.06992406526208798
1939,tkr,ström,116,14301228,8.111191570402205
1939,tkr,strömning,12,14301228,0.8390887831450557
1939,tkr,styrka,931,14301228,65.09930475900391
1939,tkr,tension,0,14301228,0.0
1940,lb,attraktion,0,512654,0.0
1940,lb,elektricitet,1,512654,1.9506333706554517
1940,lb,elektriker,1,512654,1.9506333706554517
1940,lb,elektrisk,6,512654,11.703800223932712
1940,lb,emanation,0,512654,0.0
1940,lb,emanera,1,512654,1.9506333706554517
1940,lb,fluidum,0,512654,0.0
1940,lb,induktion,0,512654,0.0
1940,lb,influens,0,512654,0.0
1940,lb,influera,5,512654,9.753166853277259
1940,lb,kondensation,0,512654,0.0
1940,lb,kraft,175,512654,341.3608398647041
1940,lb,ladda,12,512654,23.407600447865423
1940,lb,laddning,0,512654,0.0
1940,lb,magnet,0,512654,0.0
1940,lb,magnetisera,0,512654,0.0
1940,lb,magnetism,0,512654,0.0
1940,lb,nerv,21,512654,40.96330078376449
1940,lb,repulsion,0,512654,0.0
1940,lb,spänning,19,512654,37.06203404245358
1940,lb,strålning,0,512654,0.0
1940,lb,ström,30,512654,58.51900111966356
1940,lb,strömning,4,512654,7.802533482621807
1940,lb,styrka,55,512654,107.28483538604985
1940,lb,tension,0,512654,0.0
1940,tkr,attraktion,3,10851494,0.27645962850829575
1940,tkr,elektricitet,24,10851494,2.211677028066366
1940,tkr,elektriker,6,10851494,0.5529192570165915
1940,tkr,elektrisk,850,10851494,78.33022807735045
1940,tkr,emanation,0,10851494,0.0
1940,tkr,emanera,7,10851494,0.6450724665193567
1940,tkr,fluidum,0,10851494,0.0
1940,tkr,induktion,0,10851494,0.0
1940,tkr,influens,0,10851494,0.0
1940,tkr,influera,25,10851494,2.303830237569131
1940,tkr,kondensation,0,10851494,0.0
1940,tkr,kraft,2022,10851494,186.33378961459132
1940,tkr,ladda,3,10851494,0.27645962850829575
1940,tkr,laddning,2,10851494,0.1843064190055305
1940,tkr,magnet,0,10851494,0.0
1940,tkr,magnetisera,0,10851494,0.0
1940,tkr,magnetism,0,10851494,0.0
1940,tkr,nerv,17,10851494,1.566604561547009
1940,tkr,repulsion,0,10851494,0.0
1940,tkr,spänning,35,10851494,3.2253623325967835
1940,tkr,strålning,0,10851494,0.0
1940,tkr,ström,154,10851494,14.191594263425847
1940,tkr,strömning,11,10851494,1.0136853045304177
1940,tkr,styrka,624,10851494,57.50360272972551
1940,tkr,tension,0,10851494,0.0
1941,lb,attraktion,0,254075,0.0
1941,lb,elektricitet,0,254075,0.0
1941,lb,elektriker,0,254075,0.0
1941,lb,elektrisk,6,254075,23.615074289087868
1941,lb,emanation,0,254075,0.0
1941,lb,emanera,0,254075,0.0
1941,lb,fluidum,0,254075,0.0
1941,lb,induktion,0,254075,0.0
1941,lb,influens,0,254075,0.0
1941,lb,influera,0,254075,0.0
1941,lb,kondensation,0,254075,0.0
1941,lb,kraft,90,254075,354.226114336318
1941,lb,ladda,5,254075,19.67922857423989
1941,lb,laddning,0,254075,0.0
1941,lb,magnet,0,254075,0.0
1941,lb,magnetisera,0,254075,0.0
1941,lb,magnetism,0,254075,0.0
1941,lb,nerv,6,254075,23.615074289087868
1941,lb,repulsion,0,254075,0.0
1941,lb,spänning,13,254075,51.165994293023715
1941,lb,strålning,0,254075,0.0
1941,lb,ström,12,254075,47.230148578175736
1941,lb,strömning,0,254075,0.0
1941,lb,styrka,20,254075,78.71691429695956
1941,lb,tension,0,254075,0.0
1941,tkr,attraktion,1,10878852,0.09192146377209653
1941,tkr,elektricitet,18,10878852,1.6545863478977378
1941,tkr,elektriker,13,10878852,1.194979029037255
1941,tkr,elektrisk,1235,10878852,113.52300775853922
1941,tkr,emanation,0,10878852,0.0
1941,tkr,emanera,3,10878852,0.2757643913162896
1941,tkr,fluidum,0,10878852,0.0
1941,tkr,induktion,0,10878852,0.0
1941,tkr,influens,0,10878852,0.0
1941,tkr,influera,18,10878852,1.6545863478977378
1941,tkr,kondensation,0,10878852,0.0
1941,tkr,kraft,2282,10878852,209.7647803279243
1941,tkr,ladda,5,10878852,0.4596073188604827
1941,tkr,laddning,11,10878852,1.011136101493062
1941,tkr,magnet,0,10878852,0.0
1941,tkr,magnetisera,0,10878852,0.0
1941,tkr,magnetism,0,10878852,0.0
1941,tkr,nerv,15,10878852,1.3788219565814481
1941,tkr,repulsion,0,10878852,0.0
1941,tkr,spänning,87,10878852,7.9971673481723995
1941,tkr,strålning,23,10878852,2.1141936667582204
1941,tkr,ström,86,10878852,7.905245884400302
1941,tkr,strömning,8,10878852,0.7353717101767723
1941,tkr,styrka,642,10878852,59.01357974168598
1941,tkr,tension,0,10878852,0.0
1942,lb,attraktion,1,781417,1.2797264456749726
1942,lb,elektricitet,1,781417,1.2797264456749726
1942,lb,elektriker,0,781417,0.0
1942,lb,elektrisk,6,781417,7.678358674049835
1942,lb,emanation,0,781417,0.0
1942,lb,emanera,1,781417,1.2797264456749726
1942,lb,fluidum,0,781417,0.0
1942,lb,induktion,0,781417,0.0
1942,lb,influens,4,781417,5.1189057826998905
1942,lb,influera,4,781417,5.1189057826998905
1942,lb,kondensation,0,781417,0.0
1942,lb,kraft,393,781417,502.9324931502642
1942,lb,ladda,7,781417,8.958085119724808
1942,lb,laddning,0,781417,0.0
1942,lb,magnet,0,781417,0.0
1942,lb,magnetisera,0,781417,0.0
1942,lb,magnetism,0,781417,0.0
1942,lb,nerv,21,781417,26.874255359174423
1942,lb,repulsion,0,781417,0.0
1942,lb,spänning,45,781417,57.58769005537376
1942,lb,strålning,1,781417,1.2797264456749726
1942,lb,ström,55,781417,70.38495451212349
1942,lb,strömning,2,781417,2.5594528913499452
1942,lb,styrka,83,781417,106.21729499102273
1942,lb,tension,0,781417,0.0
1942,tkr,attraktion,5,13007835,0.3843837195044371
1942,tkr,elektricitet,22,13007835,1.6912883658195235
1942,tkr,elektriker,12,13007835,0.9225209268106491
1942,tkr,elektrisk,1213,13007835,93.25149035177645
1942,tkr,emanation,0,13007835,0.0
1942,tkr,emanera,4,13007835,0.3075069756035497
1942,tkr,fluidum,0,13007835,0.0
1942,tkr,induktion,0,13007835,0.0
1942,tkr,influens,0,13007835,0.0
1942,tkr,influera,16,13007835,1.230027902414199
1942,tkr,kondensation,0,13007835,0.0
1942,tkr,kraft,2717,13007835,208.87411317871113
1942,tkr,ladda,3,13007835,0.23063023170266228
1942,tkr,laddning,11,13007835,0.8456441829097617
1942,tkr,magnet,1,13007835,0.07687674390088743
1942,tkr,magnetisera,0,13007835,0.0
1942,tkr,magnetism,0,13007835,0.0
1942,tkr,nerv,9,13007835,0.6918906951079868
1942,tkr,repulsion,0,13007835,0.0
1942,tkr,spänning,83,13007835,6.380769743773657
1942,tkr,strålning,0,13007835,0.0
1942,tkr,ström,125,13007835,9.60959298761093
1942,tkr,strömning,13,13007835,0.9993976707115365
1942,tkr,styrka,765,13007835,58.81070908417888
1942,tkr,tension,0,13007835,0.0
1943,lb,attraktion,0,435999,0.0
1943,lb,elektricitet,0,435999,0.0
1943,lb,elektriker,0,435999,0.0
1943,lb,elektrisk,4,435999,9.174332968653598
1943,lb,emanation,0,435999,0.0
1943,lb,emanera,0,435999,0.0
1943,lb,fluidum,0,435999,0.0
1943,lb,induktion,0,435999,0.0
1943,lb,influens,0,435999,0.0
1943,lb,influera,0,435999,0.0
1943,lb,kondensation,0,435999,0.0
1943,lb,kraft,199,435999,456.42306519051647
1943,lb,ladda,2,435999,4.587166484326799
1943,lb,laddning,0,435999,0.0
1943,lb,magnet,0,435999,0.0
1943,lb,magnetisera,0,435999,0.0
1943,lb,magnetism,1,435999,2.2935832421633995
1943,lb,nerv,14,435999,32.11016539028759
1943,lb,repulsion,0,435999,0.0
1943,lb,spänning,27,435999,61.92674753841179
1943,lb,strålning,1,435999,2.2935832421633995
1943,lb,ström,28,435999,64.22033078057518
1943,lb,strömning,2,435999,4.587166484326799
1943,lb,styrka,34,435999,77.98183023355558
1943,lb,tension,0,435999,0.0
1943,tkr,attraktion,0,13620503,0.0
1943,tkr,elektricitet,20,13620503,1.4683745526872245
1943,tkr,elektriker,28,13620503,2.0557243737621143
1943,tkr,elektrisk,934,13620503,68.57309161049339
1943,tkr,emanation,0,13620503,0.0
1943,tkr,emanera,4,13620503,0.29367491053744493
1943,tkr,fluidum,0,13620503,0.0
1943,tkr,induktion,0,13620503,0.0
1943,tkr,influens,0,13620503,0.0
1943,tkr,influera,17,13620503,1.248118369784141
1943,tkr,kondensation,2,13620503,0.14683745526872247
1943,tkr,kraft,2342,13620503,171.946660119674
1943,tkr,ladda,11,13620503,0.8076060039779736
1943,tkr,laddning,22,13620503,1.615212007955947
1943,tkr,magnet,3,13620503,0.22025618290308369
1943,tkr,magnetisera,0,13620503,0.0
1943,tkr,magnetism,0,13620503,0.0
1943,tkr,nerv,11,13620503,0.8076060039779736
1943,tkr,repulsion,0,13620503,0.0
1943,tkr,spänning,65,13620503,4.77221729623348
1943,tkr,strålning,4,13620503,0.29367491053744493
1943,tkr,ström,136,13620503,9.984946958273127
1943,tkr,strömning,1,13620503,0.07341872763436123
1943,tkr,styrka,668,13620503,49.0437100597533
1943,tkr,tension,0,13620503,0.0
1944,lb,attraktion,1,598633,1.6704725599824934
1944,lb,elektricitet,1,598633,1.6704725599824934
1944,lb,elektriker,0,598633,0.0
1944,lb,elektrisk,4,598633,6.681890239929974
1944,lb,emanation,0,598633,0.0
1944,lb,emanera,0,598633,0.0
1944,lb,fluidum,0,598633,0.0
1944,lb,induktion,0,598633,0.0
1944,lb,influens,0,598633,0.0
1944,lb,influera,1,598633,1.6704725599824934
1944,lb,kondensation,0,598633,0.0
1944,lb,kraft,67,598633,111.92166151882707
1944,lb,ladda,3,598633,5.01141767994748
1944,lb,laddning,2,598633,3.340945119964987
1944,lb,magnet,0,598633,0.0
1944,lb,magnetisera,0,598633,0.0
1944,lb,magnetism,1,598633,1.6704725599824934
1944,lb,nerv,11,598633,18.37519815980743
1944,lb,repulsion,0,598633,0.0
1944,lb,spänning,10,598633,16.704725599824936
1944,lb,strålning,0,598633,0.0
1944,lb,ström,18,598633,30.068506079684884
1944,lb,strömning,2,598633,3.340945119964987
1944,lb,styrka,10,598633,16.704725599824936
1944,lb,tension,0,598633,0.0
1944,tkr,attraktion,0,13154160,0.0
1944,tkr,elektricitet,22,13154160,1.672474715223169
1944,tkr,elektriker,23,13154160,1.7484962931878585
1944,tkr,elektrisk,1197,13154160,90.99782882373333
1944,tkr,emanation,0,13154160,0.0
1944,tkr,emanera,11,13154160,0.8362373576115845
1944,tkr,fluidum,0,13154160,0.0
1944,tkr,induktion,0,13154160,0.0
1944,tkr,influens,0,13154160,0.0
1944,tkr,influera,18,13154160,1.368388403364411
1944,tkr,kondensation,3,13154160,0.2280647338940685
1944,tkr,kraft,2569,13154160,195.29943379128733
1944,tkr,ladda,7,13154160,0.5321510457528265
1944,tkr,laddning,11,13154160,0.8362373576115845
1944,tkr,magnet,1,13154160,0.0760215779646895
1944,tkr,magnetisera,0,13154160,0.0
1944,tkr,magnetism,0,13154160,0.0
1944,tkr,nerv,21,13154160,1.5964531372584794
1944,tkr,repulsion,0,13154160,0.0
1944,tkr,spänning,50,13154160,3.8010788982344748
1944,tkr,strålning,7,13154160,0.5321510457528265
1944,tkr,ström,176,13154160,13.379797721785351
1944,tkr,strömning,12,13154160,0.912258935576274
1944,tkr,styrka,685,13154160,52.074780905812304
1944,tkr,tension,0,13154160,0.0
1945,lb,attraktion,0,536545,0.0
1945,lb,elektricitet,1,536545,1.8637765704647327
1945,lb,elektriker,0,536545,0.0
1945,lb,elektrisk,7,536545,13.046435993253128
1945,lb,emanation,0,536545,0.0
1945,lb,emanera,0,536545,0.0
1945,lb,fluidum,0,536545,0.0
1945,lb,induktion,0,536545,0.0
1945,lb,influens,0,536545,0.0
1945,lb,influera,0,536545,0.0
1945,lb,kondensation,0,536545,0.0
1945,lb,kraft,269,536545,501.3558974550131
1945,lb,ladda,2,536545,3.7275531409294653
1945,lb,laddning,0,536545,0.0
1945,lb,magnet,4,536545,7.455106281858931
1945,lb,magnetisera,0,536545,0.0
1945,lb,magnetism,0,536545,0.0
1945,lb,nerv,26,536545,48.45819083208305
1945,lb,repulsion,0,536545,0.0
1945,lb,spänning,13,536545,24.229095416041524
1945,lb,strålning,1,536545,1.8637765704647327
1945,lb,ström,33,536545,61.50462682533618
1945,lb,strömning,1,536545,1.8637765704647327
1945,lb,styrka,56,536545,104.37148794602503
1945,lb,tension,0,536545,0.0
1945,tkr,attraktion,2,16235607,0.12318603178803232
1945,tkr,elektricitet,23,16235607,1.4166393655623717
1945,tkr,elektriker,9,16235607,0.5543371430461455
1945,tkr,elektrisk,1247,16235607,76.80649081983815
1945,tkr,emanation,0,16235607,0.0
1945,tkr,emanera,11,16235607,0.6775231748341778
1945,tkr,fluidum,0,16235607,0.0
1945,tkr,induktion,0,16235607,0.0
1945,tkr,influens,1,16235607,0.06159301589401616
1945,tkr,influera,49,16235607,3.0180577788067917
1945,tkr,kondensation,0,16235607,0.0
1945,tkr,kraft,3154,16235607,194.26437212972695
1945,tkr,ladda,16,16235607,0.9854882543042586
1945,tkr,laddning,21,16235607,1.2934533337743392
1945,tkr,magnet,0,16235607,0.0
1945,tkr,magnetisera,0,16235607,0.0
1945,tkr,magnetism,0,16235607,0.0
1945,tkr,nerv,6,16235607,0.36955809536409695
1945,tkr,repulsion,0,16235607,0.0
1945,tkr,spänning,88,16235607,5.420185398673422
1945,tkr,strålning,8,16235607,0.4927441271521293
1945,tkr,ström,133,16235607,8.19187111390415
1945,tkr,strömning,15,16235607,0.9238952384102423
1945,tkr,styrka,857,16235607,52.785214621171846
1945,tkr,tension,0,16235607,0.0
1946,lb,attraktion,1,487761,2.050184414088047
1946,lb,elektricitet,1,487761,2.050184414088047
1946,lb,elektriker,0,487761,0.0
1946,lb,elektrisk,5,487761,10.250922070440236
1946,lb,emanation,0,487761,0.0
1946,lb,emanera,1,487761,2.050184414088047
1946,lb,fluidum,0,487761,0.0
1946,lb,induktion,0,487761,0.0
1946,lb,influens,0,487761,0.0
1946,lb,influera,2,487761,4.100368828176094
1946,lb,kondensation,0,487761,0.0
1946,lb,kraft,195,487761,399.7859607471692
1946,lb,ladda,2,487761,4.100368828176094
1946,lb,laddning,2,487761,4.100368828176094
1946,lb,magnet,0,487761,0.0
1946,lb,magnetisera,0,487761,0.0
1946,lb,magnetism,0,487761,0.0
1946,lb,nerv,14,487761,28.70258179723266
1946,lb,repulsion,0,487761,0.0
1946,lb,spänning,19,487761,38.9535038676729
1946,lb,strålning,0,487761,0.0
1946,lb,ström,30,487761,61.505532422641416
1946,lb,strömning,2,487761,4.100368828176094
1946,lb,styrka,38,487761,77.9070077353458
1946,lb,tension,0,487761,0.0
1946,tkr,attraktion,3,15750554,0.19046949078743516
1946,tkr,elektricitet,26,15750554,1.650735586824438
1946,tkr,elektriker,17,15750554,1.0793271144621326
1946,tkr,elektrisk,1236,15750554,78.47343020442328
1946,tkr,emanation,1,15750554,0.06348983026247838
1946,tkr,emanera,11,15750554,0.6983881328872622
1946,tkr,fluidum,0,15750554,0.0
1946,tkr,induktion,0,15750554,0.0
1946,tkr,influens,2,15750554,0.12697966052495677
1946,tkr,influera,31,15750554,1.96818473813683
1946,tkr,kondensation,0,15750554,0.0
1946,tkr,kraft,3156,15750554,200.37390430838178
1946,tkr,ladda,6,15750554,0.38093898157487033
1946,tkr,laddning,8,15750554,0.5079186420998271
1946,tkr,magnet,5,15750554,0.31744915131239193
1946,tkr,magnetisera,0,15750554,0.0
1946,tkr,magnetism,0,15750554,0.0
1946,tkr,nerv,8,15750554,0.5079186420998271
1946,tkr,repulsion,0,15750554,0.0
1946,tkr,spänning,178,15750554,11.301189786721153
1946,tkr,strålning,47,15750554,2.984022022336484
1946,tkr,ström,120,15750554,7.618779631497406
1946,tkr,strömning,17,15750554,1.0793271144621326
1946,tkr,styrka,865,15750554,54.9187031770438
1946,tkr,tension,0,15750554,0.0
1947,lb,attraktion,0,248237,0.0
1947,lb,elektricitet,0,248237,0.0
1947,lb,elektriker,0,248237,0.0
1947,lb,elektrisk,6,248237,24.170450013495167
1947,lb,emanation,0,248237,0.0
1947,lb,emanera,0,248237,0.0
1947,lb,fluidum,0,248237,0.0
1947,lb,induktion,0,248237,0.0
1947,lb,influens,0,248237,0.0
1947,lb,influera,0,248237,0.0
1947,lb,kondensation,0,248237,0.0
1947,lb,kraft,36,248237,145.02270008097102
1947,lb,ladda,1,248237,4.028408335582528
1947,lb,laddning,0,248237,0.0
1947,lb,magnet,2,248237,8.056816671165056
1947,lb,magnetisera,0,248237,0.0
1947,lb,magnetism,1,248237,4.028408335582528
1947,lb,nerv,1,248237,4.028408335582528
1947,lb,repulsion,0,248237,0.0
1947,lb,spänning,1,248237,4.028408335582528
1947,lb,strålning,0,248237,0.0
1947,lb,ström,6,248237,24.170450013495167
1947,lb,strömning,0,248237,0.0
1947,lb,styrka,16,248237,64.45453336932044
1947,lb,tension,0,248237,0.0
1947,tkr,attraktion,2,14396232,0.13892524099361556
1947,tkr,elektricitet,23,14396232,1.597640271426579
1947,tkr,elektriker,9,14396232,0.62516358447127
1947,tkr,elektrisk,1143,14396232,79.39577522785129
1947,tkr,emanation,0,14396232,0.0
1947,tkr,emanera,7,14396232,0.48623834347765443
1947,tkr,fluidum,0,14396232,0.0
1947,tkr,induktion,0,14396232,0.0
1947,tkr,influens,0,14396232,0.0
1947,tkr,influera,53,14396232,3.681518886330812
1947,tkr,kondensation,0,14396232,0.0
1947,tkr,kraft,2807,14396232,194.98157573453943
1947,tkr,ladda,6,14396232,0.41677572298084664
1947,tkr,laddning,6,14396232,0.41677572298084664
1947,tkr,magnet,0,14396232,0.0
1947,tkr,magnetisera,0,14396232,0.0
1947,tkr,magnetism,0,14396232,0.0
1947,tkr,nerv,21,14396232,1.4587150304329632
1947,tkr,repulsion,0,14396232,0.0
1947,tkr,spänning,160,14396232,11.114019279489245
1947,tkr,strålning,13,14396232,0.9030140664585011
1947,tkr,ström,92,14396232,6.390561085706316
1947,tkr,strömning,5,14396232,0.3473131024840389
1947,tkr,styrka,682,14396232,47.373507178822905
1947,tkr,tension,0,14396232,0.0
1948,lb,attraktion,1,251780,3.971721344030503
1948,lb,elektricitet,0,251780,0.0
1948,lb,elektriker,0,251780,0.0
1948,lb,elektrisk,2,251780,7.943442688061006
1948,lb,emanation,0,251780,0.0
1948,lb,emanera,0,251780,0.0
1948,lb,fluidum,0,251780,0.0
1948,lb,induktion,0,251780,0.0
1948,lb,influens,0,251780,0.0
1948,lb,influera,0,251780,0.0
1948,lb,kondensation,0,251780,0.0
1948,lb,kraft,37,251780,146.9536897291286
1948,lb,ladda,0,251780,0.0
1948,lb,laddning,0,251780,0.0
1948,lb,magnet,2,251780,7.943442688061006
1948,lb,magnetisera,0,251780,0.0
1948,lb,magnetism,1,251780,3.971721344030503
1948,lb,nerv,7,251780,27.80204940821352
1948,lb,repulsion,0,251780,0.0
1948,lb,spänning,11,251780,43.68893478433553
1948,lb,strålning,0,251780,0.0
1948,lb,ström,7,251780,27.80204940821352
1948,lb,strömning,2,251780,7.943442688061006
1948,lb,styrka,8,251780,31.773770752244022
1948,lb,tension,0,251780,0.0
1948,tkr,attraktion,1,14436955,0.06926668400642656
1948,tkr,elektricitet,28,14436955,1.9394671521799438
1948,tkr,elektriker,6,14436955,0.4156001040385594
1948,tkr,elektrisk,811,14436955,56.17528072921194
1948,tkr,emanation,0,14436955,0.0
1948,tkr,emanera,10,14436955,0.6926668400642656
1948,tkr,fluidum,0,14436955,0.0
1948,tkr,induktion,0,14436955,0.0
1948,tkr,influens,1,14436955,0.06926668400642656
1948,tkr,influera,20,14436955,1.3853336801285312
1948,tkr,kondensation,0,14436955,0.0
1948,tkr,kraft,3341,14436955,231.41999126547114
1948,tkr,ladda,5,14436955,0.3463334200321328
1948,tkr,laddning,5,14436955,0.3463334200321328
1948,tkr,magnet,2,14436955,0.13853336801285313
1948,tkr,magnetisera,0,14436955,0.0
1948,tkr,magnetism,0,14436955,0.0
1948,tkr,nerv,7,14436955,0.48486678804498595
1948,tkr,repulsion,0,14436955,0.0
1948,tkr,spänning,183,14436955,12.67580317317606
1948,tkr,strålning,30,14436955,2.0780005201927967
1948,tkr,ström,112,14436955,7.757868608719775
1948,tkr,strömning,6,14436955,0.4156001040385594
1948,tkr,styrka,808,14436955,55.96748067719266
1948,tkr,tension,0,14436955,0.0
1949,lb,attraktion,0,396053,0.0
1949,lb,elektricitet,2,396053,5.049829189527665
1949,lb,elektriker,0,396053,0.0
1949,lb,elektrisk,5,396053,12.624572973819161
1949,lb,emanation,0,396053,0.0
1949,lb,emanera,0,396053,0.0
1949,lb,fluidum,2,396053,5.049829189527665
1949,lb,induktion,1,396053,2.5249145947638323
1949,lb,influens,0,396053,0.0
1949,lb,influera,0,396053,0.0
1949,lb,kondensation,0,396053,0.0
1949,lb,kraft,98,396053,247.44163028685554
1949,lb,ladda,12,396053,30.298975137165986
1949,lb,laddning,0,396053,0.0
1949,lb,magnet,0,396053,0.0
1949,lb,magnetisera,0,396053,0.0
1949,lb,magnetism,1,396053,2.5249145947638323
1949,lb,nerv,11,396053,27.774060542402154
1949,lb,repulsion,0,396053,0.0
1949,lb,spänning,27,396053,68.17269405862346
1949,lb,strålning,1,396053,2.5249145947638323
1949,lb,ström,54,396053,136.34538811724693
1949,lb,strömning,8,396053,20.19931675811066
1949,lb,styrka,19,396053,47.97337730051281
1949,lb,tension,0,396053,0.0
1949,tkr,attraktion,1,10897553,0.0917637198002157
1949,tkr,elektricitet,12,10897553,1.1011646376025883
1949,tkr,elektriker,7,10897553,0.6423460386015098
1949,tkr,elektrisk,726,10897553,66.6204605749566
1949,tkr,emanation,0,10897553,0.0
1949,tkr,emanera,11,10897553,1.0094009178023726
1949,tkr,fluidum,0,10897553,0.0
1949,tkr,induktion,1,10897553,0.0917637198002157
1949,tkr,influens,1,10897553,0.0917637198002157
1949,tkr,influera,27,10897553,2.4776204346058237
1949,tkr,kondensation,0,10897553,0.0
1949,tkr,kraft,2324,10897553,213.2588848157013
1949,tkr,ladda,20,10897553,1.835274396004314
1949,tkr,laddning,7,10897553,0.6423460386015098
1949,tkr,magnet,0,10897553,0.0
1949,tkr,magnetisera,0,10897553,0.0
1949,tkr,magnetism,0,10897553,0.0
1949,tkr,nerv,25,10897553,2.2940929950053923
1949,tkr,repulsion,0,10897553,0.0
1949,tkr,spänning,147,10897553,13.489266810631708
1949,tkr,strålning,10,10897553,0.917637198002157
1949,tkr,ström,71,10897553,6.515224105815315
1949,tkr,strömning,6,10897553,0.5505823188012942
1949,tkr,styrka,589,10897553,54.048830962327045
1949,tkr,tension,0,10897553,0.0
1950,lb,attraktion,0,192189,0.0
1950,lb,elektricitet,0,192189,0.0
1950,lb,elektriker,0,192189,0.0
1950,lb,elektrisk,0,192189,0.0
1950,lb,emanation,0,192189,0.0
1950,lb,emanera,0,192189,0.0
1950,lb,fluidum,0,192189,0.0
1950,lb,induktion,0,192189,0.0
1950,lb,influens,0,192189,0.0
1950,lb,influera,0,192189,0.0
1950,lb,kondensation,0,192189,0.0
1950,lb,kraft,25,192189,130.08028555224286
1950,lb,ladda,6,192189,31.219268532538283
1950,lb,laddning,2,192189,10.406422844179428
1950,lb,magnet,0,192189,0.0
1950,lb,magnetisera,0,192189,0.0
1950,lb,magnetism,0,192189,0.0
1950,lb,nerv,1,192189,5.203211422089714
1950,lb,repulsion,0,192189,0.0
1950,lb,spänning,1,192189,5.203211422089714
1950,lb,strålning,1,192189,5.203211422089714
1950,lb,ström,12,192189,62.43853706507657
1950,lb,strömning,0,192189,0.0
1950,lb,styrka,8,192189,41.62569137671771
1950,lb,tension,0,192189,0.0
1950,tkr,attraktion,2,13403783,0.14921160690232005
1950,tkr,elektricitet,21,13403783,1.5667218724743603
1950,tkr,elektriker,29,13403783,2.1635683000836408
1950,tkr,elektrisk,670,13403783,49.98588831227721
1950,tkr,emanation,4,13403783,0.2984232138046401
1950,tkr,emanera,2,13403783,0.14921160690232005
1950,tkr,fluidum,0,13403783,0.0
1950,tkr,induktion,0,13403783,0.0
1950,tkr,influens,0,13403783,0.0
1950,tkr,influera,22,13403783,1.6413276759255204
1950,tkr,kondensation,0,13403783,0.0
1950,tkr,kraft,2768,13403783,206.50886395281094
1950,tkr,ladda,17,13403783,1.2682986586697202
1950,tkr,laddning,13,13403783,0.9698754448650803
1950,tkr,magnet,2,13403783,0.14921160690232005
1950,tkr,magnetisera,0,13403783,0.0
1950,tkr,magnetism,0,13403783,0.0
1950,tkr,nerv,17,13403783,1.2682986586697202
1950,tkr,repulsion,0,13403783,0.0
1950,tkr,spänning,133,13403783,9.922571859004282
1950,tkr,strålning,15,13403783,1.1190870517674003
1950,tkr,ström,89,13403783,6.6399165071532416
1950,tkr,strömning,22,13403783,1.6413276759255204
1950,tkr,styrka,660,13403783,49.23983027776561
1950,tkr,tension,0,13403783,0.0
1951,lb,attraktion,1,44767,22.33788281546675
1951,lb,elektricitet,1,44767,22.33788281546675
1951,lb,elektriker,0,44767,0.0
1951,lb,elektrisk,0,44767,0.0
1951,lb,emanation,0,44767,0.0
1951,lb,emanera,0,44767,0.0
1951,lb,fluidum,0,44767,0.0
1951,lb,induktion,0,44767,0.0
1951,lb,influens,0,44767,0.0
1951,lb,influera,0,44767,0.0
1951,lb,kondensation,0,44767,0.0
1951,lb,kraft,12,44767,268.054593785601
1951,lb,ladda,0,44767,0.0
1951,lb,laddning,0,44767,0.0
1951,lb,magnet,0,44767,0.0
1951,lb,magnetisera,0,44767,0.0
1951,lb,magnetism,0,44767,0.0
1951,lb,nerv,1,44767,22.33788281546675
1951,lb,repulsion,0,44767,0.0
1951,lb,spänning,7,44767,156.36517970826725
1951,lb,strålning,0,44767,0.0
1951,lb,ström,6,44767,134.0272968928005
1951,lb,strömning,2,44767,44.6757656309335
1951,lb,styrka,8,44767,178.703062523734
1951,lb,tension,0,44767,0.0
1951,tkr,attraktion,0,13155709,0.0
1951,tkr,elektricitet,47,13155709,3.572593464936021
1951,tkr,elektriker,8,13155709,0.608101015308259
1951,tkr,elektrisk,1095,13155709,83.23382647031794
1951,tkr,emanation,0,13155709,0.0
1951,tkr,emanera,12,13155709,0.9121515229623884
1951,tkr,fluidum,0,13155709,0.0
1951,tkr,induktion,0,13155709,0.0
1951,tkr,influens,1,13155709,0.07601262691353237
1951,tkr,influera,32,13155709,2.432404061233036
1951,tkr,kondensation,0,13155709,0.0
1951,tkr,kraft,2977,13155709,226.28959032158585
1951,tkr,ladda,16,13155709,1.216202030616518
1951,tkr,laddning,176,13155709,13.378222336781697
1951,tkr,magnet,0,13155709,0.0
1951,tkr,magnetisera,0,13155709,0.0
1951,tkr,magnetism,0,13155709,0.0
1951,tkr,nerv,18,13155709,1.3682272844435825
1951,tkr,repulsion,0,13155709,0.0
1951,tkr,spänning,160,13155709,12.162020306165179
1951,tkr,strålning,56,13155709,4.256707107157813
1951,tkr,ström,71,13155709,5.396896510860798
1951,tkr,strömning,10,13155709,0.7601262691353237
1951,tkr,styrka,731,13155709,55.56523027379216
1951,tkr,tension,0,13155709,0.0
1952,lb,attraktion,0,41531,0.0
1952,lb,elektricitet,0,41531,0.0
1952,lb,elektriker,0,41531,0.0
1952,lb,elektrisk,0,41531,0.0
1952,lb,emanation,0,41531,0.0
1952,lb,emanera,0,41531,0.0
1952,lb,fluidum,0,41531,0.0
1952,lb,induktion,0,41531,0.0
1952,lb,influens,0,41531,0.0
1952,lb,influera,0,41531,0.0
1952,lb,kondensation,0,41531,0.0
1952,lb,kraft,0,41531,0.0
1952,lb,ladda,0,41531,0.0
1952,lb,laddning,0,41531,0.0
1952,lb,magnet,0,41531,0.0
1952,lb,magnetisera,0,41531,0.0
1952,lb,magnetism,0,41531,0.0
1952,lb,nerv,0,41531,0.0
1952,lb,repulsion,0,41531,0.0
1952,lb,spänning,0,41531,0.0
1952,lb,strålning,0,41531,0.0
1952,lb,ström,0,41531,0.0
1952,lb,strömning,0,41531,0.0
1952,lb,styrka,0,41531,0.0
1952,lb,tension,0,41531,0.0
1952,tkr,attraktion,3,12737053,0.23553329015746421
1952,tkr,elektricitet,29,12737053,2.2768218048554876
1952,tkr,elektriker,13,12737053,1.0206442573490115
1952,tkr,elektrisk,897,12737053,70.42445375708179
1952,tkr,emanation,0,12737053,0.0
1952,tkr,emanera,9,12737053,0.7065998704723926
1952,tkr,fluidum,0,12737053,0.0
1952,tkr,induktion,0,12737053,0.0
1952,tkr,influens,2,12737053,0.15702219343830948
1952,tkr,influera,19,12737053,1.49171083766394
1952,tkr,kondensation,0,12737053,0.0
1952,tkr,kraft,2746,12737053,215.5914715907989
1952,tkr,ladda,2,12737053,0.15702219343830948
1952,tkr,laddning,2,12737053,0.15702219343830948
1952,tkr,magnet,0,12737053,0.0
1952,tkr,magnetisera,0,12737053,0.0
1952,tkr,magnetism,0,12737053,0.0
1952,tkr,nerv,16,12737053,1.2561775475064758
1952,tkr,repulsion,0,12737053,0.0
1952,tkr,spänning,93,12737053,7.30153199488139
1952,tkr,strålning,5,12737053,0.3925554835957737
1952,tkr,ström,90,12737053,7.065998704723927
1952,tkr,strömning,9,12737053,0.7065998704723926
1952,tkr,styrka,593,12737053,46.55708035445876
1952,tkr,tension,0,12737053,0.0
1953,lb,attraktion,0,210559,0.0
1953,lb,elektricitet,0,210559,0.0
1953,lb,elektriker,0,210559,0.0
1953,lb,elektrisk,0,210559,0.0
1953,lb,emanation,0,210559,0.0
1953,lb,emanera,0,210559,0.0
1953,lb,fluidum,0,210559,0.0
1953,lb,induktion,0,210559,0.0
1953,lb,influens,0,210559,0.0
1953,lb,influera,0,210559,0.0
1953,lb,kondensation,0,210559,0.0
1953,lb,kraft,30,210559,142.47788030908202
1953,lb,ladda,0,210559,0.0
1953,lb,laddning,1,210559,4.7492626769694
1953,lb,magnet,1,210559,4.7492626769694
1953,lb,magnetisera,0,210559,0.0
1953,lb,magnetism,0,210559,0.0
1953,lb,nerv,0,210559,0.0
1953,lb,repulsion,0,210559,0.0
1953,lb,spänning,0,210559,0.0
1953,lb,strålning,0,210559,0.0
1953,lb,ström,36,210559,170.97345637089842
1953,lb,strömning,0,210559,0.0
1953,lb,styrka,0,210559,0.0
1953,lb,tension,0,210559,0.0
1953,tkr,attraktion,0,12545635,0.0
1953,tkr,elektricitet,43,12545635,3.4274869307133518
1953,tkr,elektriker,5,12545635,0.398544991943413
1953,tkr,elektrisk,690,12545635,54.99920888819099
1953,tkr,emanation,0,12545635,0.0
1953,tkr,emanera,7,12545635,0.5579629887207782
1953,tkr,fluidum,0,12545635,0.0
1953,tkr,induktion,0,12545635,0.0
1953,tkr,influens,0,12545635,0.0
1953,tkr,influera,23,12545635,1.8333069629396996
1953,tkr,kondensation,0,12545635,0.0
1953,tkr,kraft,2524,12545635,201.1855119330349
1953,tkr,ladda,9,12545635,0.7173809854981433
1953,tkr,laddning,2,12545635,0.1594179967773652
1953,tkr,magnet,0,12545635,0.0
1953,tkr,magnetisera,0,12545635,0.0
1953,tkr,magnetism,0,12545635,0.0
1953,tkr,nerv,11,12545635,0.8767989822755086
1953,tkr,repulsion,0,12545635,0.0
1953,tkr,spänning,93,12545635,7.4129368501474815
1953,tkr,strålning,6,12545635,0.4782539903320956
1953,tkr,ström,51,12545635,4.065158917822813
1953,tkr,strömning,20,12545635,1.594179967773652
1953,tkr,styrka,580,12545635,46.23121906543591
1953,tkr,tension,0,12545635,0.0
1954,lb,attraktion,1,94796,10.548968310899195
1954,lb,elektricitet,0,94796,0.0
1954,lb,elektriker,2,94796,21.09793662179839
1954,lb,elektrisk,5,94796,52.74484155449597
1954,lb,emanation,0,94796,0.0
1954,lb,emanera,0,94796,0.0
1954,lb,fluidum,0,94796,0.0
1954,lb,induktion,0,94796,0.0
1954,lb,influens,0,94796,0.0
1954,lb,influera,0,94796,0.0
1954,lb,kondensation,0,94796,0.0
1954,lb,kraft,1,94796,10.548968310899195
1954,lb,ladda,1,94796,10.548968310899195
1954,lb,laddning,1,94796,10.548968310899195
1954,lb,magnet,0,94796,0.0
1954,lb,magnetisera,0,94796,0.0
1954,lb,magnetism,0,94796,0.0
1954,lb,nerv,0,94796,0.0
1954,lb,repulsion,0,94796,0.0
1954,lb,spänning,0,94796,0.0
1954,lb,strålning,0,94796,0.0
1954,lb,ström,3,94796,31.64690493269758
1954,lb,strömning,1,94796,10.548968310899195
1954,lb,styrka,6,94796,63.29380986539516
1954,lb,tension,0,94796,0.0
1954,tkr,attraktion,3,14332450,0.2093152252406253
1954,tkr,elektricitet,38,14332450,2.6513261863812536
1954,tkr,elektriker,24,14332450,1.6745218019250023
1954,tkr,elektrisk,730,14332450,50.93337147521882
1954,tkr,emanation,0,14332450,0.0
1954,tkr,emanera,9,14332450,0.6279456757218759
1954,tkr,fluidum,0,14332450,0.0
1954,tkr,induktion,0,14332450,0.0
1954,tkr,influens,1,14332450,0.0697717417468751
1954,tkr,influera,36,14332450,2.5117827028875035
1954,tkr,kondensation,0,14332450,0.0
1954,tkr,kraft,2699,14332450,188.3139309748159
1954,tkr,ladda,14,14332450,0.9768043844562514
1954,tkr,laddning,10,14332450,0.6977174174687509
1954,tkr,magnet,2,14332450,0.1395434834937502
1954,tkr,magnetisera,0,14332450,0.0
1954,tkr,magnetism,0,14332450,0.0
1954,tkr,nerv,26,14332450,1.8140652854187524
1954,tkr,repulsion,0,14332450,0.0
1954,tkr,spänning,81,14332450,5.651511081496883
1954,tkr,strålning,18,14332450,1.2558913514437517
1954,tkr,ström,92,14332450,6.419000240712509
1954,tkr,strömning,14,14332450,0.9768043844562514
1954,tkr,styrka,678,14332450,47.305240904381314
1954,tkr,tension,0,14332450,0.0
1955,lb,attraktion,0,19875,0.0
1955,lb,elektricitet,0,19875,0.0
1955,lb,elektriker,0,19875,0.0
1955,lb,elektrisk,0,19875,0.0
1955,lb,emanation,0,19875,0.0
1955,lb,emanera,0,19875,0.0
1955,lb,fluidum,0,19875,0.0
1955,lb,induktion,0,19875,0.0
1955,lb,influens,0,19875,0.0
1955,lb,influera,1,19875,50.314465408805034
1955,lb,kondensation,0,19875,0.0
1955,lb,kraft,3,19875,150.9433962264151
1955,lb,ladda,0,19875,0.0
1955,lb,laddning,0,19875,0.0
1955,lb,magnet,0,19875,0.0
1955,lb,magnetisera,0,19875,0.0
1955,lb,magnetism,0,19875,0.0
1955,lb,nerv,0,19875,0.0
1955,lb,repulsion,0,19875,0.0
1955,lb,spänning,2,19875,100.62893081761007
1955,lb,strålning,0,19875,0.0
1955,lb,ström,1,19875,50.314465408805034
1955,lb,strömning,0,19875,0.0
1955,lb,styrka,0,19875,0.0
1955,lb,tension,0,19875,0.0
1955,tkr,attraktion,4,13538986,0.29544310039171323
1955,tkr,elektricitet,22,13538986,1.6249370521544229
1955,tkr,elektriker,53,13538986,3.9146210801902
1955,tkr,elektrisk,659,13538986,48.67425078953475
1955,tkr,emanation,0,13538986,0.0
1955,tkr,emanera,11,13538986,0.8124685260772114
1955,tkr,fluidum,0,13538986,0.0
1955,tkr,induktion,0,13538986,0.0
1955,tkr,influens,1,13538986,0.07386077509792831
1955,tkr,influera,26,13538986,1.920380152546136
1955,tkr,kondensation,0,13538986,0.0
1955,tkr,kraft,2781,13538986,205.40681554733862
1955,tkr,ladda,14,13538986,1.0340508513709963
1955,tkr,laddning,21,13538986,1.5510762770564945
1955,tkr,magnet,2,13538986,0.14772155019585662
1955,tkr,magnetisera,0,13538986,0.0
1955,tkr,magnetism,0,13538986,0.0
1955,tkr,nerv,10,13538986,0.7386077509792831
1955,tkr,repulsion,0,13538986,0.0
1955,tkr,spänning,128,13538986,9.454179212534823
1955,tkr,strålning,77,13538986,5.687279682540479
1955,tkr,ström,52,13538986,3.840760305092272
1955,tkr,strömning,6,13538986,0.4431646505875699
1955,tkr,styrka,748,13538986,55.247859773250376
1955,tkr,tension,0,13538986,0.0
1956,lb,attraktion,0,74376,0.0
1956,lb,elektricitet,0,74376,0.0
1956,lb,elektriker,0,74376,0.0
1956,lb,elektrisk,2,74376,26.890394750994943
1956,lb,emanation,0,74376,0.0
1956,lb,emanera,0,74376,0.0
1956,lb,fluidum,0,74376,0.0
1956,lb,induktion,0,74376,0.0
1956,lb,influens,0,74376,0.0
1956,lb,influera,0,74376,0.0
1956,lb,kondensation,0,74376,0.0
1956,lb,kraft,5,74376,67.22598687748736
1956,lb,ladda,2,74376,26.890394750994943
1956,lb,laddning,0,74376,0.0
1956,lb,magnet,0,74376,0.0
1956,lb,magnetisera,0,74376,0.0
1956,lb,magnetism,0,74376,0.0
1956,lb,nerv,2,74376,26.890394750994943
1956,lb,repulsion,0,74376,0.0
1956,lb,spänning,3,74376,40.335592126492415
1956,lb,strålning,0,74376,0.0
1956,lb,ström,1,74376,13.445197375497472
1956,lb,strömning,0,74376,0.0
1956,lb,styrka,6,74376,80.67118425298483
1956,lb,tension,0,74376,0.0
1956,tkr,attraktion,3,13935183,0.21528242578515117
1956,tkr,elektricitet,23,13935183,1.6504985976861588
1956,tkr,elektriker,3,13935183,0.21528242578515117
1956,tkr,elektrisk,640,13935183,45.926917500832246
1956,tkr,emanation,0,13935183,0.0
1956,tkr,emanera,5,13935183,0.3588040429752519
1956,tkr,fluidum,0,13935183,0.0
1956,tkr,induktion,4,13935183,0.2870432343802015
1956,tkr,influens,3,13935183,0.21528242578515117
1956,tkr,influera,19,13935183,1.3634553633059574
1956,tkr,kondensation,0,13935183,0.0
1956,tkr,kraft,2588,13935183,185.7169726439904
1956,tkr,ladda,3,13935183,0.21528242578515117
1956,tkr,laddning,5,13935183,0.3588040429752519
1956,tkr,magnet,0,13935183,0.0
1956,tkr,magnetisera,0,13935183,0.0
1956,tkr,magnetism,1,13935183,0.07176080859505038
1956,tkr,nerv,9,13935183,0.6458472773554534
1956,tkr,repulsion,0,13935183,0.0
1956,tkr,spänning,157,13935183,11.26644694942291
1956,tkr,strålning,66,13935183,4.736213367273326
1956,tkr,ström,77,13935183,5.5255822618188795
1956,tkr,strömning,10,13935183,0.7176080859505038
1956,tkr,styrka,604,13935183,43.34352839141043
1956,tkr,tension,0,13935183,0.0
1957,tkr,attraktion,6,13426057,0.44689218882356896
1957,tkr,elektricitet,9,13426057,0.6703382832353535
1957,tkr,elektriker,10,13426057,0.7448203147059483
1957,tkr,elektrisk,1250,13426057,93.10253933824353
1957,tkr,emanation,0,13426057,0.0
1957,tkr,emanera,8,13426057,0.5958562517647586
1957,tkr,fluidum,0,13426057,0.0
1957,tkr,induktion,3,13426057,0.22344609441178448
1957,tkr,influens,0,13426057,0.0
1957,tkr,influera,35,13426057,2.6068711014708192
1957,tkr,kondensation,0,13426057,0.0
1957,tkr,kraft,3004,13426057,223.74402253766686
1957,tkr,ladda,7,13426057,0.5213742202941638
1957,tkr,laddning,7,13426057,0.5213742202941638
1957,tkr,magnet,2,13426057,0.14896406294118966
1957,tkr,magnetisera,0,13426057,0.0
1957,tkr,magnetism,0,13426057,0.0
1957,tkr,nerv,6,13426057,0.44689218882356896
1957,tkr,repulsion,0,13426057,0.0
1957,tkr,spänning,186,13426057,13.853657853530638
1957,tkr,strålning,32,13426057,2.3834250070590346
1957,tkr,ström,210,13426057,15.641226608824914
1957,tkr,strömning,7,13426057,0.5213742202941638
1957,tkr,styrka,628,13426057,46.77471576353355
1957,tkr,tension,0,13426057,0.0
1958,tkr,attraktion,2,14075841,0.14208742482953593
1958,tkr,elektricitet,19,14075841,1.3498305358805915
1958,tkr,elektriker,11,14075841,0.7814808365624477
1958,tkr,elektrisk,1477,14075841,104.93156323661229
1958,tkr,emanation,0,14075841,0.0
1958,tkr,emanera,6,14075841,0.4262622744886078
1958,tkr,fluidum,0,14075841,0.0
1958,tkr,induktion,174,14075841,12.361605960169626
1958,tkr,influens,31,14075841,2.2023550848578073
1958,tkr,influera,40,14075841,2.8417484965907187
1958,tkr,kondensation,6,14075841,0.4262622744886078
1958,tkr,kraft,2258,14075841,160.41670263254608
1958,tkr,ladda,10,14075841,0.7104371241476797
1958,tkr,laddning,21,14075841,1.4919179607101274
1958,tkr,magnet,9,14075841,0.6393934117329118
1958,tkr,magnetisera,0,14075841,0.0
1958,tkr,magnetism,0,14075841,0.0
1958,tkr,nerv,11,14075841,0.7814808365624477
1958,tkr,repulsion,0,14075841,0.0
1958,tkr,spänning,268,14075841,19.039714927157817
1958,tkr,strålning,471,14075841,33.46158854735572
1958,tkr,ström,421,14075841,29.909402926617314
1958,tkr,strömning,20,14075841,1.4208742482953594
1958,tkr,styrka,730,14075841,51.861910062780616
1958,tkr,tension,0,14075841,0.0
1959,lb,attraktion,0,59556,0.0
1959,lb,elektricitet,0,59556,0.0
1959,lb,elektriker,0,59556,0.0
1959,lb,elektrisk,0,59556,0.0
1959,lb,emanation,0,59556,0.0
1959,lb,emanera,0,59556,0.0
1959,lb,fluidum,0,59556,0.0
1959,lb,induktion,0,59556,0.0
1959,lb,influens,0,59556,0.0
1959,lb,influera,0,59556,0.0
1959,lb,kondensation,0,59556,0.0
1959,lb,kraft,6,59556,100.74551682450131
1959,lb,ladda,0,59556,0.0
1959,lb,laddning,0,59556,0.0
1959,lb,magnet,0,59556,0.0
1959,lb,magnetisera,0,59556,0.0
1959,lb,magnetism,0,59556,0.0
1959,lb,nerv,0,59556,0.0
1959,lb,repulsion,0,59556,0.0
1959,lb,spänning,0,59556,0.0
1959,lb,strålning,0,59556,0.0
1959,lb,ström,7,59556,117.53643629525153
1959,lb,strömning,0,59556,0.0
1959,lb,styrka,6,59556,100.74551682450131
1959,lb,tension,0,59556,0.0
1959,tkr,attraktion,0,13789919,0.0
1959,tkr,elektricitet,29,13789919,2.1029855215248183
1959,tkr,elektriker,6,13789919,0.4351004527292727
1959,tkr,elektrisk,611,13789919,44.307729436264275
1959,tkr,emanation,0,13789919,0.0
1959,tkr,emanera,7,13789919,0.5076171948508182
1959,tkr,fluidum,0,13789919,0.0
1959,tkr,induktion,1,13789919,0.07251674212154546
1959,tkr,influens,0,13789919,0.0
1959,tkr,influera,25,13789919,1.8129185530386365
1959,tkr,kondensation,0,13789919,0.0
1959,tkr,kraft,2459,13789919,178.31866887688028
1959,tkr,ladda,15,13789919,1.0877511318231818
1959,tkr,laddning,33,13789919,2.393052490011
1959,tkr,magnet,2,13789919,0.14503348424309093
1959,tkr,magnetisera,0,13789919,0.0
1959,tkr,magnetism,0,13789919,0.0
1959,tkr,nerv,7,13789919,0.5076171948508182
1959,tkr,repulsion,0,13789919,0.0
1959,tkr,spänning,63,13789919,4.568554753657364
1959,tkr,strålning,84,13789919,6.0914063382098185
1959,tkr,ström,85,13789919,6.163923080331363
1959,tkr,strömning,7,13789919,0.5076171948508182
1959,tkr,styrka,566,13789919,41.04447604079473
1959,tkr,tension,0,13789919,0.0
1960,tkr,attraktion,0,15048215,0.0
1960,tkr,elektricitet,25,15048215,1.6613266091692602
1960,tkr,elektriker,8,15048215,0.5316245149341633
1960,tkr,elektrisk,594,15048215,39.47312023386162
1960,tkr,emanation,0,15048215,0.0
1960,tkr,emanera,16,15048215,1.0632490298683266
1960,tkr,fluidum,0,15048215,0.0
1960,tkr,induktion,0,15048215,0.0
1960,tkr,influens,2,15048215,0.13290612873354082
1960,tkr,influera,22,15048215,1.461967416068949
1960,tkr,kondensation,2,15048215,0.13290612873354082
1960,tkr,kraft,2638,15048215,175.30318379954034
1960,tkr,ladda,15,15048215,0.9967959655015561
1960,tkr,laddning,8,15048215,0.5316245149341633
1960,tkr,magnet,3,15048215,0.19935919310031122
1960,tkr,magnetisera,2,15048215,0.13290612873354082
1960,tkr,magnetism,7,15048215,0.4651714505673929
1960,tkr,nerv,11,15048215,0.7309837080344745
1960,tkr,repulsion,0,15048215,0.0
1960,tkr,spänning,60,15048215,3.9871838620062245
1960,tkr,strålning,200,15048215,13.290612873354082
1960,tkr,ström,87,15048215,5.781416599909026
1960,tkr,strömning,12,15048215,0.7974367724012449
1960,tkr,styrka,722,15048215,47.97911247280824
1960,tkr,tension,0,15048215,0.0
1961,lb,attraktion,0,72719,0.0
1961,lb,elektricitet,0,72719,0.0
1961,lb,elektriker,0,72719,0.0
1961,lb,elektrisk,1,72719,13.75156424043235
1961,lb,emanation,0,72719,0.0
1961,lb,emanera,0,72719,0.0
1961,lb,fluidum,0,72719,0.0
1961,lb,induktion,0,72719,0.0
1961,lb,influens,0,72719,0.0
1961,lb,influera,0,72719,0.0
1961,lb,kondensation,0,72719,0.0
1961,lb,kraft,15,72719,206.27346360648525
1961,lb,ladda,4,72719,55.0062569617294
1961,lb,laddning,0,72719,0.0
1961,lb,magnet,0,72719,0.0
1961,lb,magnetisera,0,72719,0.0
1961,lb,magnetism,0,72719,0.0
1961,lb,nerv,0,72719,0.0
1961,lb,repulsion,0,72719,0.0
1961,lb,spänning,0,72719,0.0
1961,lb,strålning,0,72719,0.0
1961,lb,ström,10,72719,137.5156424043235
1961,lb,strömning,0,72719,0.0
1961,lb,styrka,6,72719,82.5093854425941
1961,lb,tension,0,72719,0.0
1961,tkr,attraktion,5,13483498,0.3708236542179188
1961,tkr,elektricitet,27,13483498,2.0024477327767616
1961,tkr,elektriker,9,13483498,0.6674825775922539
1961,tkr,elektrisk,535,13483498,39.67813100131731
1961,tkr,emanation,0,13483498,0.0
1961,tkr,emanera,13,13483498,0.9641415009665889
1961,tkr,fluidum,0,13483498,0.0
1961,tkr,induktion,0,13483498,0.0
1961,tkr,influens,8,13483498,0.5933178467486702
1961,tkr,influera,30,13483498,2.224941925307513
1961,tkr,kondensation,0,13483498,0.0
1961,tkr,kraft,2218,13483498,164.4973730110688
1961,tkr,ladda,11,13483498,0.8158120392794214
1961,tkr,laddning,22,13483498,1.6316240785588427
1961,tkr,magnet,2,13483498,0.14832946168716754
1961,tkr,magnetisera,0,13483498,0.0
1961,tkr,magnetism,0,13483498,0.0
1961,tkr,nerv,5,13483498,0.3708236542179188
1961,tkr,repulsion,0,13483498,0.0
1961,tkr,spänning,68,13483498,5.043201697363696
1961,tkr,strålning,102,13483498,7.564802546045544
1961,tkr,ström,80,13483498,5.933178467486701
1961,tkr,strömning,10,13483498,0.7416473084358376
1961,tkr,styrka,647,13483498,47.9845808557987
1961,tkr,tension,0,13483498,0.0
1962,lb,attraktion,0,82352,0.0
1962,lb,elektricitet,0,82352,0.0
1962,lb,elektriker,0,82352,0.0
1962,lb,elektrisk,0,82352,0.0
1962,lb,emanation,0,82352,0.0
1962,lb,emanera,0,82352,0.0
1962,lb,fluidum,0,82352,0.0
1962,lb,induktion,0,82352,0.0
1962,lb,influens,0,82352,0.0
1962,lb,influera,0,82352,0.0
1962,lb,kondensation,0,82352,0.0
1962,lb,kraft,22,82352,267.1459102389742
1962,lb,ladda,2,82352,24.285991839906742
1962,lb,laddning,0,82352,0.0
1962,lb,magnet,0,82352,0.0
1962,lb,magnetisera,0,82352,0.0
1962,lb,magnetism,0,82352,0.0
1962,lb,nerv,0,82352,0.0
1962,lb,repulsion,0,82352,0.0
1962,lb,spänning,7,82352,85.00097143967359
1962,lb,strålning,0,82352,0.0
1962,lb,ström,8,82352,97.14396735962697
1962,lb,strömning,1,82352,12.142995919953371
1962,lb,styrka,2,82352,24.285991839906742
1962,lb,tension,0,82352,0.0
1962,tkr,attraktion,5,14943548,0.3345925612846427
1962,tkr,elektricitet,21,14943548,1.4052887573954993
1962,tkr,elektriker,14,14943548,0.9368591715969996
1962,tkr,elektrisk,781,14943548,52.26335807266119
1962,tkr,emanation,0,14943548,0.0
1962,tkr,emanera,8,14943548,0.5353480980554284
1962,tkr,fluidum,0,14943548,0.0
1962,tkr,induktion,2,14943548,0.1338370245138571
1962,tkr,influens,1,14943548,0.06691851225692855
1962,tkr,influera,29,14943548,1.9406368554509277
1962,tkr,kondensation,0,14943548,0.0
1962,tkr,kraft,2993,14943548,200.28710718498712
1962,tkr,ladda,5,14943548,0.3345925612846427
1962,tkr,laddning,6,14943548,0.40151107354157123
1962,tkr,magnet,0,14943548,0.0
1962,tkr,magnetisera,0,14943548,0.0
1962,tkr,magnetism,0,14943548,0.0
1962,tkr,nerv,9,14943548,0.6022666103123568
1962,tkr,repulsion,0,14943548,0.0
1962,tkr,spänning,160,14943548,10.706961961108567
1962,tkr,strålning,76,14943548,5.0858069315265695
1962,tkr,ström,175,14943548,11.710739644962494
1962,tkr,strömning,21,14943548,1.4052887573954993
1962,tkr,styrka,676,14943548,45.236914285683696
1962,tkr,tension,0,14943548,0.0
1963,tkr,attraktion,7,14501127,0.48272110160817155
1963,tkr,elektricitet,22,14501127,1.5171234621971106
1963,tkr,elektriker,8,14501127,0.5516812589807675
1963,tkr,elektrisk,622,14501127,42.89321788575467
1963,tkr,emanation,0,14501127,0.0
1963,tkr,emanera,11,14501127,0.7585617310985553
1963,tkr,fluidum,0,14501127,0.0
1963,tkr,induktion,0,14501127,0.0
1963,tkr,influens,1,14501127,0.06896015737259593
1963,tkr,influera,38,14501127,2.6204859801586458
1963,tkr,kondensation,0,14501127,0.0
1963,tkr,kraft,2746,14501127,189.36459214514844
1963,tkr,ladda,12,14501127,0.8275218884711513
1963,tkr,laddning,26,14501127,1.7929640916874943
1963,tkr,magnet,1,14501127,0.06896015737259593
1963,tkr,magnetisera,0,14501127,0.0
1963,tkr,magnetism,0,14501127,0.0
1963,tkr,nerv,11,14501127,0.7585617310985553
1963,tkr,repulsion,0,14501127,0.0
1963,tkr,spänning,74,14501127,5.1030516455721
1963,tkr,strålning,43,14501127,2.965286767021625
1963,tkr,ström,103,14501127,7.1028962093773815
1963,tkr,strömning,18,14501127,1.241282832706727
1963,tkr,styrka,904,14501127,62.33998226482673
1963,tkr,tension,0,14501127,0.0
1964,lb,attraktion,0,647980,0.0
1964,lb,elektricitet,0,647980,0.0
1964,lb,elektriker,0,647980,0.0
1964,lb,elektrisk,0,647980,0.0
1964,lb,emanation,0,647980,0.0
1964,lb,emanera,0,647980,0.0
1964,lb,fluidum,0,647980,0.0
1964,lb,induktion,0,647980,0.0
1964,lb,influens,2,647980,3.0865150158955523
1964,lb,influera,0,647980,0.0
1964,lb,kondensation,0,647980,0.0
1964,lb,kraft,2,647980,3.0865150158955523
1964,lb,ladda,0,647980,0.0
1964,lb,laddning,0,647980,0.0
1964,lb,magnet,0,647980,0.0
1964,lb,magnetisera,0,647980,0.0
1964,lb,magnetism,8,647980,12.34606006358221
1964,lb,nerv,0,647980,0.0
1964,lb,repulsion,0,647980,0.0
1964,lb,spänning,0,647980,0.0
1964,lb,strålning,0,647980,0.0
1964,lb,ström,40,647980,61.730300317911045
1964,lb,strömning,2,647980,3.0865150158955523
1964,lb,styrka,1,647980,1.5432575079477762
1964,lb,tension,0,647980,0.0
1964,tkr,attraktion,13,15581315,0.8343326606258843
1964,tkr,elektricitet,33,15581315,2.117921369281091
1964,tkr,elektriker,5,15581315,0.3208971771638016
1964,tkr,elektrisk,394,15581315,25.28669756050757
1964,tkr,emanation,0,15581315,0.0
1964,tkr,emanera,9,15581315,0.577614918894843
1964,tkr,fluidum,0,15581315,0.0
1964,tkr,induktion,0,15581315,0.0
1964,tkr,influens,4,15581315,0.25671774173104134
1964,tkr,influera,25,15581315,1.6044858858190083
1964,tkr,kondensation,0,15581315,0.0
1964,tkr,kraft,2870,15581315,184.19497969202214
1964,tkr,ladda,8,15581315,0.5134354834620827
1964,tkr,laddning,7,15581315,0.4492560480293223
1964,tkr,magnet,2,15581315,0.12835887086552067
1964,tkr,magnetisera,0,15581315,0.0
1964,tkr,magnetism,0,15581315,0.0
1964,tkr,nerv,16,15581315,1.0268709669241654
1964,tkr,repulsion,0,15581315,0.0
1964,tkr,spänning,78,15581315,5.005995963755305
1964,tkr,strålning,19,15581315,1.2194092732224462
1964,tkr,ström,79,15581315,5.070175399188066
1964,tkr,strömning,26,15581315,1.6686653212517686
1964,tkr,styrka,891,15581315,57.18387697058945
1964,tkr,tension,0,15581315,0.0
1965,tkr,attraktion,7,13284440,0.5269322605996188
1965,tkr,elektricitet,6,13284440,0.45165622337110184
1965,tkr,elektriker,11,13284440,0.8280364095136867
1965,tkr,elektrisk,382,13284440,28.755446221293482
1965,tkr,emanation,0,13284440,0.0
1965,tkr,emanera,11,13284440,0.8280364095136867
1965,tkr,fluidum,0,13284440,0.0
1965,tkr,induktion,0,13284440,0.0
1965,tkr,influens,4,13284440,0.3011041489140679
1965,tkr,influera,21,13284440,1.5807967817988564
1965,tkr,kondensation,0,13284440,0.0
1965,tkr,kraft,2335,13284440,175.76954692858712
1965,tkr,ladda,15,13284440,1.1291405584277545
1965,tkr,laddning,12,13284440,0.9033124467422037
1965,tkr,magnet,1,13284440,0.07527603722851697
1965,tkr,magnetisera,0,13284440,0.0
1965,tkr,magnetism,0,13284440,0.0
1965,tkr,nerv,7,13284440,0.5269322605996188
1965,tkr,repulsion,0,13284440,0.0
1965,tkr,spänning,87,13284440,6.549015238880976
1965,tkr,strålning,22,13284440,1.6560728190273735
1965,tkr,ström,103,13284440,7.753431834537248
1965,tkr,strömning,20,13284440,1.5055207445703394
1965,tkr,styrka,822,13284440,61.87690260184095
1965,tkr,tension,0,13284440,0.0
1966,tkr,attraktion,4,13708000,0.29180040852057193
1966,tkr,elektricitet,27,13708000,1.9696527575138605
1966,tkr,elektriker,4,13708000,0.29180040852057193
1966,tkr,elektrisk,356,13708000,25.9702363583309
1966,tkr,emanation,0,13708000,0.0
1966,tkr,emanera,9,13708000,0.6565509191712868
1966,tkr,fluidum,0,13708000,0.0
1966,tkr,induktion,2,13708000,0.14590020426028597
1966,tkr,influens,3,13708000,0.21885030639042893
1966,tkr,influera,24,13708000,1.7508024511234315
1966,tkr,kondensation,0,13708000,0.0
1966,tkr,kraft,2908,13708000,212.1388969944558
1966,tkr,ladda,6,13708000,0.43770061278085787
1966,tkr,laddning,5,13708000,0.3647505106507149
1966,tkr,magnet,2,13708000,0.14590020426028597
1966,tkr,magnetisera,0,13708000,0.0
1966,tkr,magnetism,0,13708000,0.0
1966,tkr,nerv,4,13708000,0.29180040852057193
1966,tkr,repulsion,0,13708000,0.0
1966,tkr,spänning,103,13708000,7.513860519404727
1966,tkr,strålning,11,13708000,0.8024511234315728
1966,tkr,ström,102,13708000,7.440910417274584
1966,tkr,strömning,15,13708000,1.0942515319521446
1966,tkr,styrka,742,13708000,54.128975780566094
1966,tkr,tension,0,13708000,0.0
1967,tkr,attraktion,4,15402269,0.25970199585528597
1967,tkr,elektricitet,17,15402269,1.1037334823849654
1967,tkr,elektriker,11,15402269,0.7141804886020365
1967,tkr,elektrisk,548,15402269,35.57917343217418
1967,tkr,emanation,0,15402269,0.0
1967,tkr,emanera,10,15402269,0.649254989638215
1967,tkr,fluidum,1,15402269,0.06492549896382149
1967,tkr,induktion,0,15402269,0.0
1967,tkr,influens,2,15402269,0.12985099792764299
1967,tkr,influera,29,15402269,1.8828394699508235
1967,tkr,kondensation,3,15402269,0.1947764968914645
1967,tkr,kraft,2959,15402269,192.1145514339478
1967,tkr,ladda,22,15402269,1.428360977204073
1967,tkr,laddning,9,15402269,0.5843294906743935
1967,tkr,magnet,5,15402269,0.3246274948191075
1967,tkr,magnetisera,0,15402269,0.0
1967,tkr,magnetism,0,15402269,0.0
1967,tkr,nerv,3,15402269,0.1947764968914645
1967,tkr,repulsion,0,15402269,0.0
1967,tkr,spänning,109,15402269,7.076879387056543
1967,tkr,strålning,12,15402269,0.779105987565858
1967,tkr,ström,109,15402269,7.076879387056543
1967,tkr,strömning,11,15402269,0.7141804886020365
1967,tkr,styrka,943,15402269,61.22474552288367
1967,tkr,tension,0,15402269,0.0
1968,tkr,attraktion,5,15210683,0.3287163370638912
1968,tkr,elektricitet,9,15210683,0.5916894067150041
1968,tkr,elektriker,16,15210683,1.0518922786044518
1968,tkr,elektrisk,361,15210683,23.733319536012946
1968,tkr,emanation,0,15210683,0.0
1968,tkr,emanera,14,15210683,0.9204057437788954
1968,tkr,fluidum,0,15210683,0.0
1968,tkr,induktion,0,15210683,0.0
1968,tkr,influens,3,15210683,0.19722980223833472
1968,tkr,influera,20,15210683,1.3148653482555648
1968,tkr,kondensation,0,15210683,0.0
1968,tkr,kraft,3046,15210683,200.25399253932252
1968,tkr,ladda,9,15210683,0.5916894067150041
1968,tkr,laddning,10,15210683,0.6574326741277824
1968,tkr,magnet,1,15210683,0.06574326741277824
1968,tkr,magnetisera,0,15210683,0.0
1968,tkr,magnetism,0,15210683,0.0
1968,tkr,nerv,17,15210683,1.11763554601723
1968,tkr,repulsion,0,15210683,0.0
1968,tkr,spänning,108,15210683,7.10027288058005
1968,tkr,strålning,41,15210683,2.695473963923908
1968,tkr,ström,104,15210683,6.837299810928937
1968,tkr,strömning,24,15210683,1.5778384179066778
1968,tkr,styrka,1053,15210683,69.22766058565549
1968,tkr,tension,0,15210683,0.0
1969,tkr,attraktion,6,14772011,0.4061735399465922
1969,tkr,elektricitet,21,14772011,1.4216073898130728
1969,tkr,elektriker,12,14772011,0.8123470798931844
1969,tkr,elektrisk,428,14772011,28.973712516190247
1969,tkr,emanation,0,14772011,0.0
1969,tkr,emanera,11,14772011,0.7446514899020857
1969,tkr,fluidum,1,14772011,0.0676955899910987
1969,tkr,induktion,0,14772011,0.0
1969,tkr,influens,1,14772011,0.0676955899910987
1969,tkr,influera,13,14772011,0.8800426698842831
1969,tkr,kondensation,0,14772011,0.0
1969,tkr,kraft,3280,14772011,222.04153517080377
1969,tkr,ladda,11,14772011,0.7446514899020857
1969,tkr,laddning,17,14772011,1.150825029848678
1969,tkr,magnet,1,14772011,0.0676955899910987
1969,tkr,magnetisera,0,14772011,0.0
1969,tkr,magnetism,0,14772011,0.0
1969,tkr,nerv,7,14772011,0.4738691299376909
1969,tkr,repulsion,1,14772011,0.0676955899910987
1969,tkr,spänning,99,14772011,6.701863409118772
1969,tkr,strålning,55,14772011,3.7232574495104287
1969,tkr,ström,127,14772011,8.597339928869536
1969,tkr,strömning,22,14772011,1.4893029798041715
1969,tkr,styrka,916,14772011,62.00916043184642
1969,tkr,tension,0,14772011,0.0
1970,tkr,attraktion,2,17225518,0.11610681315940688
1970,tkr,elektricitet,22,17225518,1.2771749447534757
1970,tkr,elektriker,9,17225518,0.5224806592173309
1970,tkr,elektrisk,1407,17225518,81.68114305764274
1970,tkr,emanation,0,17225518,0.0
1970,tkr,emanera,11,17225518,0.6385874723767379
1970,tkr,fluidum,0,17225518,0.0
1970,tkr,induktion,31,17225518,1.7996556039708065
1970,tkr,influens,11,17225518,0.6385874723767379
1970,tkr,influera,27,17225518,1.5674419776519928
1970,tkr,kondensation,0,17225518,0.0
1970,tkr,kraft,4410,17225518,256.0155230164922
1970,tkr,ladda,24,17225518,1.3932817579128824
1970,tkr,laddning,9,17225518,0.5224806592173309
1970,tkr,magnet,1,17225518,0.05805340657970344
1970,tkr,magnetisera,0,17225518,0.0
1970,tkr,magnetism,0,17225518,0.0
1970,tkr,nerv,5,17225518,0.2902670328985172
1970,tkr,repulsion,0,17225518,0.0
1970,tkr,spänning,187,17225518,10.855987030404544
1970,tkr,strålning,17,17225518,0.9869079118549584
1970,tkr,ström,293,17225518,17.009648127853108
1970,tkr,strömning,15,17225518,0.8708010986955516
1970,tkr,styrka,1144,17225518,66.41309712718073
1970,tkr,tension,0,17225518,0.0
1975,lb,attraktion,0,88498,0.0
1975,lb,elektricitet,0,88498,0.0
1975,lb,elektriker,0,88498,0.0
1975,lb,elektrisk,0,88498,0.0
1975,lb,emanation,0,88498,0.0
1975,lb,emanera,0,88498,0.0
1975,lb,fluidum,0,88498,0.0
1975,lb,induktion,0,88498,0.0
1975,lb,influens,0,88498,0.0
1975,lb,influera,0,88498,0.0
1975,lb,kondensation,0,88498,0.0
1975,lb,kraft,7,88498,79.09783271938349
1975,lb,ladda,0,88498,0.0
1975,lb,laddning,0,88498,0.0
1975,lb,magnet,2,88498,22.59938077696671
1975,lb,magnetisera,0,88498,0.0
1975,lb,magnetism,0,88498,0.0
1975,lb,nerv,0,88498,0.0
1975,lb,repulsion,0,88498,0.0
1975,lb,spänning,0,88498,0.0
1975,lb,strålning,0,88498,0.0
1975,lb,ström,1,88498,11.299690388483356
1975,lb,strömning,0,88498,0.0
1975,lb,styrka,3,88498,33.89907116545007
1975,lb,tension,0,88498,0.0
1981,lb,attraktion,1,48769,20.504828887202937
1981,lb,elektricitet,0,48769,0.0
1981,lb,elektriker,0,48769,0.0
1981,lb,elektrisk,0,48769,0.0
1981,lb,emanation,0,48769,0.0
1981,lb,emanera,0,48769,0.0
1981,lb,fluidum,0,48769,0.0
1981,lb,induktion,0,48769,0.0
1981,lb,influens,0,48769,0.0
1981,lb,influera,0,48769,0.0
1981,lb,kondensation,0,48769,0.0
1981,lb,kraft,7,48769,143.53380221042056
1981,lb,ladda,10,48769,205.04828887202936
1981,lb,laddning,2,48769,41.00965777440587
1981,lb,magnet,0,48769,0.0
1981,lb,magnetisera,0,48769,0.0
1981,lb,magnetism,0,48769,0.0
1981,lb,nerv,0,48769,0.0
1981,lb,repulsion,0,48769,0.0
1981,lb,spänning,9,48769,184.54345998482643
1981,lb,strålning,0,48769,0.0
1981,lb,ström,9,48769,184.54345998482643
1981,lb,strömning,1,48769,20.504828887202937
1981,lb,styrka,1,48769,20.504828887202937
1981,lb,tension,0,48769,0.0
1984,lb,attraktion,1,392946,2.544878940108819
1984,lb,elektricitet,0,392946,0.0
1984,lb,elektriker,0,392946,0.0
1984,lb,elektrisk,2,392946,5.089757880217638
1984,lb,emanation,0,392946,0.0
1984,lb,emanera,0,392946,0.0
1984,lb,fluidum,0,392946,0.0
1984,lb,induktion,1,392946,2.544878940108819
1984,lb,influens,0,392946,0.0
1984,lb,influera,0,392946,0.0
1984,lb,kondensation,0,392946,0.0
1984,lb,kraft,4,392946,10.179515760435276
1984,lb,ladda,1,392946,2.544878940108819
1984,lb,laddning,0,392946,0.0
1984,lb,magnet,0,392946,0.0
1984,lb,magnetisera,0,392946,0.0
1984,lb,magnetism,0,392946,0.0
1984,lb,nerv,1,392946,2.544878940108819
1984,lb,repulsion,0,392946,0.0
1984,lb,spänning,2,392946,5.089757880217638
1984,lb,strålning,0,392946,0.0
1984,lb,ström,79,392946,201.04543626859672
1984,lb,strömning,2,392946,5.089757880217638
1984,lb,styrka,1,392946,2.544878940108819
1984,lb,tension,0,392946,0.0
1998,lb,attraktion,0,289511,0.0
1998,lb,elektricitet,3,289511,10.362300568890301
1998,lb,elektriker,0,289511,0.0
1998,lb,elektrisk,7,289511,24.178701327410703
1998,lb,emanation,0,289511,0.0
1998,lb,emanera,2,289511,6.908200379260201
1998,lb,fluidum,0,289511,0.0
1998,lb,induktion,3,289511,10.362300568890301
1998,lb,influens,5,289511,17.270500948150502
1998,lb,influera,4,289511,13.816400758520402
1998,lb,kondensation,0,289511,0.0
1998,lb,kraft,30,289511,103.623005688903
1998,lb,ladda,4,289511,13.816400758520402
1998,lb,laddning,3,289511,10.362300568890301
1998,lb,magnet,0,289511,0.0
1998,lb,magnetisera,0,289511,0.0
1998,lb,magnetism,0,289511,0.0
1998,lb,nerv,8,289511,27.632801517040804
1998,lb,repulsion,0,289511,0.0
1998,lb,spänning,18,289511,62.17380341334181
1998,lb,strålning,0,289511,0.0
1998,lb,ström,9,289511,31.086901706670904
1998,lb,strömning,5,289511,17.270500948150502
1998,lb,styrka,14,289511,48.357402654821406
1998,lb,tension,0,289511,0.0
2003,lb,attraktion,0,104933,0.0
2003,lb,elektricitet,0,104933,0.0
2003,lb,elektriker,0,104933,0.0
2003,lb,elektrisk,0,104933,0.0
2003,lb,emanation,0,104933,0.0
2003,lb,emanera,0,104933,0.0
2003,lb,fluidum,6,104933,57.17934300934882
2003,lb,induktion,0,104933,0.0
2003,lb,influens,0,104933,0.0
2003,lb,influera,0,104933,0.0
2003,lb,kondensation,0,104933,0.0
2003,lb,kraft,4,104933,38.11956200623255
2003,lb,ladda,1,104933,9.529890501558137
2003,lb,laddning,0,104933,0.0
2003,lb,magnet,0,104933,0.0
2003,lb,magnetisera,0,104933,0.0
2003,lb,magnetism,0,104933,0.0
2003,lb,nerv,0,104933,0.0
2003,lb,repulsion,0,104933,0.0
2003,lb,spänning,0,104933,0.0
2003,lb,strålning,0,104933,0.0
2003,lb,ström,1,104933,9.529890501558137
2003,lb,strömning,0,104933,0.0
2003,lb,styrka,5,104933,47.649452507790684
2003,lb,tension,0,104933,0.0
2013,lb,attraktion,0,303632,0.0
2013,lb,elektricitet,0,303632,0.0
2013,lb,elektriker,0,303632,0.0
2013,lb,elektrisk,0,303632,0.0
2013,lb,emanation,0,303632,0.0
2013,lb,emanera,0,303632,0.0
2013,lb,fluidum,0,303632,0.0
2013,lb,induktion,0,303632,0.0
2013,lb,influens,0,303632,0.0
2013,lb,influera,0,303632,0.0
2013,lb,kondensation,0,303632,0.0
2013,lb,kraft,71,303632,233.83569584233547
2013,lb,ladda,4,303632,13.173842019286505
2013,lb,laddning,0,303632,0.0
2013,lb,magnet,0,303632,0.0
2013,lb,magnetisera,0,303632,0.0
2013,lb,magnetism,0,303632,0.0
2013,lb,nerv,5,303632,16.46730252410813
2013,lb,repulsion,0,303632,0.0
2013,lb,spänning,5,303632,16.46730252410813
2013,lb,strålning,0,303632,0.0
2013,lb,ström,20,303632,65.86921009643252
2013,lb,strömning,0,303632,0.0
2013,lb,styrka,18,303632,59.28228908678927
2013,lb,tension,0,303632,0.0
2015,lb,attraktion,0,10586,0.0
2015,lb,elektricitet,0,10586,0.0
2015,lb,elektriker,0,10586,0.0
2015,lb,elektrisk,0,10586,0.0
2015,lb,emanation,0,10586,0.0
2015,lb,emanera,0,10586,0.0
2015,lb,fluidum,0,10586,0.0
2015,lb,induktion,0,10586,0.0
2015,lb,influens,0,10586,0.0
2015,lb,influera,0,10586,0.0
2015,lb,kondensation,0,10586,0.0
2015,lb,kraft,6,10586,566.7863215567731
2015,lb,ladda,0,10586,0.0
2015,lb,laddning,0,10586,0.0
2015,lb,magnet,0,10586,0.0
2015,lb,magnetisera,0,10586,0.0
2015,lb,magnetism,0,10586,0.0
2015,lb,nerv,0,10586,0.0
2015,lb,repulsion,0,10586,0.0
2015,lb,spänning,0,10586,0.0
2015,lb,strålning,0,10586,0.0
2015,lb,ström,0,10586,0.0
2015,lb,strömning,2,10586,188.9287738522577
2015,lb,styrka,1,10586,94.46438692612885
2015,lb,tension,0,10586,0.0
2017,lb,attraktion,0,17088,0.0
2017,lb,elektricitet,0,17088,0.0
2017,lb,elektriker,0,17088,0.0
2017,lb,elektrisk,0,17088,0.0
2017,lb,emanation,0,17088,0.0
2017,lb,emanera,0,17088,0.0
2017,lb,fluidum,0,17088,0.0
2017,lb,induktion,0,17088,0.0
2017,lb,influens,0,17088,0.0
2017,lb,influera,0,17088,0.0
2017,lb,kondensation,0,17088,0.0
2017,lb,kraft,2,17088,117.04119850187266
2017,lb,ladda,0,17088,0.0
2017,lb,laddning,0,17088,0.0
2017,lb,magnet,0,17088,0.0
2017,lb,magnetisera,0,17088,0.0
2017,lb,magnetism,0,17088,0.0
2017,lb,nerv,0,17088,0.0
2017,lb,repulsion,0,17088,0.0
2017,lb,spänning,0,17088,0.0
2017,lb,strålning,0,17088,0.0
2017,lb,ström,0,17088,0.0
2017,lb,strömning,0,17088,0.0
2017,lb,styrka,0,17088,0.0
2017,lb,tension,0,17088,0.0
2019,lb,attraktion,0,24371,0.0
2019,lb,elektricitet,0,24371,0.0
2019,lb,elektriker,0,24371,0.0
2019,lb,elektrisk,3,24371,123.0971236305445
2019,lb,emanation,0,24371,0.0
2019,lb,emanera,0,24371,0.0
2019,lb,fluidum,1,24371,41.032374543514834
2019,lb,induktion,0,24371,0.0
2019,lb,influens,0,24371,0.0
2019,lb,influera,0,24371,0.0
2019,lb,kondensation,0,24371,0.0
2019,lb,kraft,2,24371,82.06474908702967
2019,lb,ladda,0,24371,0.0
2019,lb,laddning,0,24371,0.0
2019,lb,magnet,0,24371,0.0
2019,lb,magnetisera,0,24371,0.0
2019,lb,magnetism,0,24371,0.0
2019,lb,nerv,1,24371,41.032374543514834
2019,lb,repulsion,0,24371,0.0
2019,lb,spänning,0,24371,0.0
2019,lb,strålning,0,24371,0.0
2019,lb,ström,2,24371,82.06474908702967
2019,lb,strömning,0,24371,0.0
2019,lb,styrka,0,24371,0.0
2019,lb,tension,0,24371,0.0
2022,lb,attraktion,0,475824,0.0
2022,lb,elektricitet,0,475824,0.0
2022,lb,elektriker,0,475824,0.0
2022,lb,elektrisk,1,475824,2.101617404754699
2022,lb,emanation,0,475824,0.0
2022,lb,emanera,1,475824,2.101617404754699
2022,lb,fluidum,0,475824,0.0
2022,lb,induktion,0,475824,0.0
2022,lb,influens,9,475824,18.91455664279229
2022,lb,influera,4,475824,8.406469619018797
2022,lb,kondensation,0,475824,0.0
2022,lb,kraft,7,475824,14.711321833282895
2022,lb,ladda,2,475824,4.203234809509398
2022,lb,laddning,0,475824,0.0
2022,lb,magnet,1,475824,2.101617404754699
2022,lb,magnetisera,0,475824,0.0
2022,lb,magnetism,0,475824,0.0
2022,lb,nerv,0,475824,0.0
2022,lb,repulsion,0,475824,0.0
2022,lb,spänning,0,475824,0.0
2022,lb,strålning,0,475824,0.0
2022,lb,ström,1,475824,2.101617404754699
2022,lb,strömning,2,475824,4.203234809509398
2022,lb,styrka,2,475824,4.203234809509398
2022,lb,tension,0,475824,0.0
